#   omega (eV)      epsilon_1       epsilon_2       n               kappa           mu (cm^(-1))    R               epsinv
  0.2500000000000000E-01   0.1588024330950938E+01   0.7358412094567168E-04   0.2601683743862775E+00   0.2919614649967245E-04   0.2013073978739780E-10   0.1325035227625049E-01   0.2917895946749107E-04
  0.7500000000000000E-01   0.1588042638549543E+01   0.2207690254211435E-03   0.2601756410208647E+00   0.8759454564694614E-04   0.1811892886515479E-09   0.1325100857575262E-01   0.8754146579791255E-04
  0.1250000000000000E+00   0.1588079257853511E+01   0.3680039287060604E-03   0.2601901757960190E+00   0.1460112670984778E-03   0.5033737627019835E-09   0.1325232134747973E-01   0.1459177367671537E-03
  0.1750000000000000E+00   0.1588134197079041E+01   0.5153222002129577E-03   0.2602119817246362E+00   0.2044585385975003E-03   0.9868189784925410E-09   0.1325429093699659E-01   0.2043169569794326E-03
  0.2250000000000000E+00   0.1588207468557129E+01   0.6627572647195448E-03   0.2602410633284009E+00   0.2629486072169193E-03   0.1631727320748193E-08   0.1325691786294796E-01   0.2627483233180051E-03
  0.2750000000000000E+00   0.1588299088741622E+01   0.8103426246267344E-03   0.2602774266405994E+00   0.3214937471294662E-03   0.2438368934575833E-08   0.1326020281741639E-01   0.3212210498799395E-03
  0.3250000000000000E+00   0.1588409078219973E+01   0.9581118823289402E-03   0.2603210792098767E+00   0.3801062674162372E-03   0.3407081982309380E-08   0.1326414666639989E-01   0.3797443729341081E-03
  0.3749999999999999E+00   0.1588537461726707E+01   0.1106098762729178E-02   0.2603720301049399E+00   0.4387985199247413E-03   0.4538272965474752E-08   0.1326875045041018E-01   0.4383275559091151E-03
  0.4250000000000000E+00   0.1588684268159625E+01   0.1254337135932157E-02   0.2604302899202220E+00   0.4975829071878103E-03   0.5832417112485739E-08   0.1327401538519302E-01   0.4969798944180629E-03
  0.4749999999999999E+00   0.1588849530598772E+01   0.1402861040148716E-02   0.2604958707825016E+00   0.5564718904147761E-03   0.7290058832807631E-08   0.1327994286257035E-01   0.5557107213270460E-03
  0.5250000000000000E+00   0.1589033286328181E+01   0.1551704704845738E-02   0.2605687863585018E+00   0.6154779975665836E-03   0.8911812238455222E-08   0.1328653445140694E-01   0.6145294118744520E-03
  0.5750000000000001E+00   0.1589235576860436E+01   0.1700902574176259E-02   0.2606490518634668E+00   0.6746138315267118E-03   0.1069836173382361E-07   0.1329379189870177E-01   0.6734453888482686E-03
  0.6249999999999999E+00   0.1589456447964093E+01   0.1850489330725376E-02   0.2607366840707364E+00   0.7338920783800841E-03   0.1265046267498672E-07   0.1330171713080634E-01   0.7324681278287956E-03
  0.6749999999999999E+00   0.1589695949693980E+01   0.2000499919608415E-02   0.2608317013223269E+00   0.7933255158124369E-03   0.1476894209973795E-07   0.1331031225477159E-01   0.7916071625043508E-03
  0.7250000000000001E+00   0.1589954136424437E+01   0.2150969572958647E-02   0.2609341235405365E+00   0.8529270216428945E-03   0.1705469952979077E-07   0.1331957955982516E-01   0.8508720900676980E-03
  0.7749999999999999E+00   0.1590231066885537E+01   0.2301933834843265E-02   0.2610439722405873E+00   0.9127095825030010E-03   0.1950870784670827E-07   0.1332952151898129E-01   0.9102725767012966E-03
  0.8250000000000000E+00   0.1590526804202342E+01   0.2453428586647302E-02   0.2611612705443287E+00   0.9726863026757792E-03   0.2213201424328415E-07   0.1334014079078594E-01   0.9698183631596273E-03
  0.8749999999999999E+00   0.1590841415937243E+01   0.2605490072966699E-02   0.2612860431950137E+00   0.1032870413108921E-02   0.2492574125226031E-07   0.1335144022119921E-01   0.1029519270457227E-02
  0.9249999999999999E+00   0.1591174974135466E+01   0.2758154928053027E-02   0.2614183165731758E+00   0.1093275280616644E-02   0.2789108785443279E-07   0.1336342284561843E-01   0.1089385205671294E-02
  0.9750000000000001E+00   0.1591527555373782E+01   0.2911460202854261E-02   0.2615581187136264E+00   0.1153914417285424E-02   0.3102933066837602E-07   0.1337609189104445E-01   0.1149426167868198E-02
  0.1025000000000000E+01   0.1591899240812526E+01   0.3065443392697618E-02   0.2617054793235967E+00   0.1214801490099341E-02   0.3434182522419865E-07   0.1338945077839472E-01   0.1209652254163553E-02
  0.1075000000000000E+01   0.1592290116250976E+01   0.3220142465662377E-02   0.2618604298020533E+00   0.1275950330801449E-02   0.3783000732393708E-07   0.1340350312496648E-01   0.1270073665925914E-02
  0.1125000000000000E+01   0.1592700272186184E+01   0.3375595891692842E-02   0.2620230032602140E+00   0.1337374946008348E-02   0.4149539449139826E-07   0.1341825274705391E-01   0.1330700715134693E-02
  0.1175000000000000E+01   0.1593129803875359E+01   0.3531842672503912E-02   0.2621932345432947E+00   0.1399089527595929E-02   0.4533958751447825E-07   0.1343370366272318E-01   0.1391543830903374E-02
  0.1225000000000000E+01   0.1593578811401879E+01   0.3688922372334041E-02   0.2623711602535208E+00   0.1461108463375066E-02   0.4936427208320816E-07   0.1344986009474994E-01   0.1452613566179617E-02
  0.1275000000000000E+01   0.1594047399745047E+01   0.3846875149603211E-02   0.2625568187744354E+00   0.1523446348076982E-02   0.5357122052702075E-07   0.1346672647372324E-01   0.1513920604634493E-02
  0.1325000000000000E+01   0.1594535678853698E+01   0.4005741789536542E-02   0.2627502502965464E+00   0.1586117994669107E-02   0.5796229365498677E-07   0.1348430744132169E-01   0.1575475767753738E-02
  0.1375000000000000E+01   0.1595043763723761E+01   0.4165563737817174E-02   0.2629514968443463E+00   0.1649138446023222E-02   0.6253944270303865E-07   0.1350260785376618E-01   0.1637290022144632E-02
  0.1425000000000000E+01   0.1595571774479918E+01   0.4326383135335535E-02   0.2631606023047501E+00   0.1712522986958927E-02   0.6730471139248688E-07   0.1352163278545530E-01   0.1699374487072810E-02
  0.1475000000000000E+01   0.1596119836461477E+01   0.4488242854105972E-02   0.2633776124569960E+00   0.1776287156686793E-02   0.7226023810444373E-07   0.1354138753278897E-01   0.1761740442244303E-02
  0.1525000000000000E+01   0.1596688080312595E+01   0.4651186534425574E-02   0.2636025750040547E+00   0.1840446761676886E-02   0.7740825817509207E-07   0.1356187761818696E-01   0.1824399335848851E-02
  0.1575000000000000E+01   0.1597276642077020E+01   0.4815258623354564E-02   0.2638355396055996E+00   0.1905017888979940E-02   0.8275110631709104E-07   0.1358310879430841E-01   0.1887362792881689E-02
  0.1625000000000000E+01   0.1597885663297477E+01   0.4980504414602201E-02   0.2640765579125903E+00   0.1970016920030012E-02   0.8829121917278008E-07   0.1360508704848007E-01   0.1950642623761943E-02
  0.1675000000000000E+01   0.1598515291119898E+01   0.5146970089907455E-02   0.2643256836035279E+00   0.2035460544959340E-02   0.9403113800524746E-07   0.1362781860734013E-01   0.2014250833267081E-02
  0.1725000000000000E+01   0.1599165678402642E+01   0.5314702762009217E-02   0.2645829724224398E+00   0.2101365777457984E-02   0.9997351153375890E-07   0.1365130994170607E-01   0.2078199629804093E-02
  0.1775000000000000E+01   0.1599836983830917E+01   0.5483750519306867E-02   0.2648484822186608E+00   0.2167749970212979E-02   0.1061210989205042E-06   0.1367556777167469E-01   0.2142501435039470E-02
  0.1825000000000000E+01   0.1600529372036584E+01   0.5654162472318622E-02   0.2651222729884786E+00   0.2234630830964002E-02   0.1124767729161189E-06   0.1370059907196360E-01   0.2207168893911650E-02
  0.1875000000000000E+01   0.1601243013723573E+01   0.5825988802052296E-02   0.2654044069187131E+00   0.2302026439215074E-02   0.1190435231719753E-06   0.1372641107750323E-01   0.2272214885051199E-02
  0.1925000000000000E+01   0.1601978085799116E+01   0.5999280810410916E-02   0.2656949484323099E+00   0.2369955263644540E-02   0.1258244597278194E-06   0.1375301128928994E-01   0.2337652531635957E-02
  0.1975000000000000E+01   0.1602734771511044E+01   0.6174090972763999E-02   0.2659939642360263E+00   0.2438436180258490E-02   0.1328228166839531E-06   0.1378040748051067E-01   0.2403495212710219E-02
  0.2025000000000000E+01   0.1603513260591406E+01   0.6350472992824867E-02   0.2663015233702992E+00   0.2507488491336129E-02   0.1400419560678474E-06   0.1380860770295058E-01   0.2469756574999455E-02
  0.2075000000000000E+01   0.1604313749406667E+01   0.6528481859984227E-02   0.2666176972613838E+00   0.2577131945219057E-02   0.1474853719058064E-06   0.1383762029369577E-01   0.2536450545254319E-02
  0.2125000000000000E+01   0.1605136441114774E+01   0.6708173909261483E-02   0.2669425597758626E+00   0.2647386757000349E-02   0.1551566945111013E-06   0.1386745388214386E-01   0.2603591343160458E-02
  0.2175000000000000E+01   0.1605981545829395E+01   0.6889606884047378E-02   0.2672761872776286E+00   0.2718273630173577E-02   0.1630596950008712E-06   0.1389811739733626E-01   0.2671193494853605E-02
  0.2225000000000000E+01   0.1606849280791651E+01   0.7072840001824978E-02   0.2676186586874516E+00   0.2789813779306668E-02   0.1711982900550352E-06   0.1392962007562645E-01   0.2739271847082665E-02
  0.2275000000000000E+01   0.1607739870549680E+01   0.7257934023070248E-02   0.2679700555452453E+00   0.2862028953810440E-02   0.1795765469314947E-06   0.1396197146869956E-01   0.2807841582067038E-02
  0.2325000000000000E+01   0.1608653547146400E+01   0.7444951323550193E-02   0.2683304620751605E+00   0.2934941462877602E-02   0.1881986887530507E-06   0.1399518145196006E-01   0.2876918233098573E-02
  0.2375000000000000E+01   0.1609590550315853E+01   0.7633955970253637E-02   0.2686999652536373E+00   0.3008574201674020E-02   0.1970691000826920E-06   0.1402926023330463E-01   0.2946517700942788E-02
  0.2425000000000000E+01   0.1610551127688552E+01   0.7825013801209682E-02   0.2690786548805555E+00   0.3082950678871108E-02   0.2061923328052864E-06   0.1406421836229890E-01   0.3016656271099021E-02
  0.2475000000000000E+01   0.1611535535006253E+01   0.8018192509470272E-02   0.2694666236536392E+00   0.3158095045615769E-02   0.2155731123352040E-06   0.1410006673977803E-01   0.3087350631984573E-02
  0.2525000000000000E+01   0.1612544036346639E+01   0.8213561731557382E-02   0.2698639672462684E+00   0.3234032126042877E-02   0.2252163441710579E-06   0.1413681662789193E-01   0.3158617894114059E-02
  0.2575000000000000E+01   0.1613576904358399E+01   0.8411193140701797E-02   0.2702707843888779E+00   0.3310787449444642E-02   0.2351271208205756E-06   0.1417447966061785E-01   0.3230475610351928E-02
  0.2625000000000000E+01   0.1614634420507240E+01   0.8611160545230088E-02   0.2706871769541186E+00   0.3388387284221810E-02   0.2453107291206396E-06   0.1421306785476434E-01   0.3302941797323832E-02
  0.2675000000000000E+01   0.1615716875333399E+01   0.8813539992489114E-02   0.2711132500459834E+00   0.3466858673753215E-02   0.2557726579797694E-06   0.1425259362149217E-01   0.3376034958080938E-02
  0.2725000000000000E+01   0.1616824568721270E+01   0.9018409878734365E-02   0.2715491120931015E+00   0.3546229474333527E-02   0.2665186065728245E-06   0.1429306977837966E-01   0.3449774106121111E-02
  0.2775000000000000E+01   0.1617957810181778E+01   0.9225851065449372E-02   0.2719948749464283E+00   0.3626528395343547E-02   0.2775544930204713E-06   0.1433450956206180E-01   0.3524178790881554E-02
  0.2825000000000000E+01   0.1619116919148204E+01   0.9435947002609555E-02   0.2724506539815681E+00   0.3707785041834022E-02   0.2888864635890646E-06   0.1437692664147448E-01   0.3599269124829889E-02
  0.2875000000000000E+01   0.1620302225286212E+01   0.9648783859455796E-02   0.2729165682059873E+00   0.3790029959722545E-02   0.3005209024500651E-06   0.1442033513173747E-01   0.3675065812294489E-02
  0.2925000000000000E+01   0.1621514068818857E+01   0.9864450663401393E-02   0.2733927403713925E+00   0.3873294683824084E-02   0.3124644420420101E-06   0.1446474960871228E-01   0.3751590180190713E-02
  0.2975000000000000E+01   0.1622752800867431E+01   0.1008303944776218E-01   0.2738792970915664E+00   0.3957611788959553E-02   0.3247239740824426E-06   0.1451018512427337E-01   0.3828864210817610E-02
  0.3024999999999999E+01   0.1624018783809081E+01   0.1030464540907433E-01   0.2743763689659824E+00   0.4043014944413723E-02   0.3373066612821463E-06   0.1455665722233445E-01   0.3906910576920229E-02
  0.3075000000000000E+01   0.1625312391652145E+01   0.1052936707484938E-01   0.2748840907095305E+00   0.4129538972044632E-02   0.3502199498196448E-06   0.1460418195567418E-01   0.3985752679236085E-02
  0.3125000000000000E+01   0.1626634010430294E+01   0.1075730648271346E-01   0.2754026012887263E+00   0.4217219908381783E-02   0.3634715826402797E-06   0.1465277590360938E-01   0.4065414686771477E-02
  0.3175000000000000E+01   0.1627984038616592E+01   0.1098856937198755E-01   0.2759320440647899E+00   0.4306095071090465E-02   0.3770696136514160E-06   0.1470245619056713E-01   0.4145921580084148E-02
  0.3225000000000000E+01   0.1629362887558691E+01   0.1122326538889369E-01   0.2764725669440191E+00   0.4396203130225946E-02   0.3910224228936117E-06   0.1475324050561155E-01   0.4227299197884915E-02
  0.3275000000000000E+01   0.1630770981936483E+01   0.1146150830671756E-01   0.2770243225359093E+00   0.4487584184754346E-02   0.4053387327770527E-06   0.1480514712298445E-01   0.4309574287312283E-02
  0.3325000000000000E+01   0.1632208760243588E+01   0.1170341626242676E-01   0.2775874683195061E+00   0.4580279844878654E-02   0.4200276254834749E-06   0.1485819492372474E-01   0.4392774558282449E-02
  0.3375000000000000E+01   0.1633676675294213E+01   0.1194911201143941E-01   0.2781621668185170E+00   0.4674333320779644E-02   0.4350985616463650E-06   0.1491240341843560E-01   0.4476928742373336E-02
  0.3425000000000000E+01   0.1635175194756987E+01   0.1219872320246459E-01   0.2787485857857430E+00   0.4769789518464621E-02   0.4505614004368212E-06   0.1496779277127429E-01   0.4562066656767247E-02
  0.3475000000000000E+01   0.1636704801717515E+01   0.1245238267460089E-01   0.2793468983974343E+00   0.4866695143513964E-02   0.4664264211993940E-06   0.1502438382524492E-01   0.4648219273854044E-02
  0.3525000000000000E+01   0.1638265995271519E+01   0.1271022877918857E-01   0.2799572834582207E+00   0.4965098813629058E-02   0.4827043468019920E-06   0.1508219812888128E-01   0.4735418797187647E-02
  0.3574999999999999E+01   0.1639859291150557E+01   0.1297240572927495E-01   0.2805799256173054E+00   0.5065051181019248E-02   0.4994063688871229E-06   0.1514125796441250E-01   0.4823698744596536E-02
  0.3625000000000000E+01   0.1641485222382452E+01   0.1323906397998102E-01   0.2812150155966635E+00   0.5166605065823231E-02   0.5165441752389587E-06   0.1520158637751202E-01   0.4913094039376220E-02
  0.3675000000000000E+01   0.1643144339988688E+01   0.1351036064356443E-01   0.2818627504320290E+00   0.5269815601947635E-02   0.5341299795128908E-06   0.1526320720873732E-01   0.5003641110643746E-02
  0.3725000000000000E+01   0.1644837213721167E+01   0.1378645994357657E-01   0.2825233337275006E+00   0.5374740396928245E-02   0.5521765536123795E-06   0.1532614512677509E-01   0.5095378004115554E-02
  0.3775000000000000E+01   0.1646564432840847E+01   0.1406753371322949E-01   0.2831969759246302E+00   0.5481439707685127E-02   0.5706972630432760E-06   0.1539042566361392E-01   0.5188344504787328E-02
  0.3825000000000000E+01   0.1648326606940844E+01   0.1435376194394796E-01   0.2838838945868962E+00   0.5589976634361645E-02   0.5897061056300790E-06   0.1545607525177346E-01   0.5282582273256141E-02
  0.3874999999999999E+01   0.1650124366816695E+01   0.1464533339111405E-01   0.2845843147004739E+00   0.5700417334820447E-02   0.6092177540436737E-06   0.1552312126372522E-01   0.5378134997740429E-02
  0.3925000000000000E+01   0.1651958365386438E+01   0.1494244624525613E-01   0.2852984689922136E+00   0.5812831262832015E-02   0.6292476026685678E-06   0.1559159205364449E-01   0.5475048564235710E-02
  0.3975000000000000E+01   0.1653829278663104E+01   0.1524530887843952E-01   0.2860265982656978E+00   0.5927291433551586E-02   0.6498118194325335E-06   0.1566151700163507E-01   0.5573371247708064E-02
  0.4025000000000000E+01   0.1655737806782007E+01   0.1555414067744254E-01   0.2867689517561591E+00   0.6043874720560566E-02   0.6709274033367660E-06   0.1573292656056637E-01   0.5673153927792927E-02
  0.4074999999999999E+01   0.1657684675084788E+01   0.1586917297752532E-01   0.2875257875048758E+00   0.6162662189577786E-02   0.6926122485650299E-06   0.1580585230565343E-01   0.5774450333157856E-02
  0.4125000000000000E+01   0.1659670635261524E+01   0.1619065011331153E-01   0.2882973727534002E+00   0.6283739474958421E-02   0.7148852162217749E-06   0.1588032698689402E-01   0.5877317319533735E-02
  0.4175000000000000E+01   0.1661696466551074E+01   0.1651883060662016E-01   0.2890839843575419E+00   0.6407197206337518E-02   0.7377662149593797E-06   0.1595638458444348E-01   0.5981815187456577E-02
  0.4225000000000000E+01   0.1663762976998174E+01   0.1685398851514292E-01   0.2898859092203836E+00   0.6533131494292233E-02   0.7612762920126275E-06   0.1603406036695677E-01   0.6088008047034966E-02
  0.4275000000000000E+01   0.1665871004763255E+01   0.1719641497083012E-01   0.2907034447426373E+00   0.6661644485755221E-02   0.7854377364755230E-06   0.1611339095284396E-01   0.6195964238620151E-02
  0.4325000000000000E+01   0.1668021419477193E+01   0.1754641994291510E-01   0.2915368992872083E+00   0.6792845002182621E-02   0.8102741970448556E-06   0.1619441437425854E-01   0.6305756820167479E-02
  0.4375000000000000E+01   0.1670215123627643E+01   0.1790433426789005E-01   0.2923865926527318E+00   0.6926849276244773E-02   0.8358108169319612E-06   0.1627717014344658E-01   0.6417464134407727E-02
  0.4425000000000000E+01   0.1672453053955571E+01   0.1827051199765996E-01   0.2932528565477734E+00   0.7063781806147141E-02   0.8620743892256258E-06   0.1636169932079956E-01   0.6531170471763231E-02
  0.4475000000000000E+01   0.1674736182828797E+01   0.1864533312773331E-01   0.2941360350529258E+00   0.7203776350671967E-02   0.8890935366914596E-06   0.1644804458353158E-01   0.6646966848303877E-02
  0.4525000000000000E+01   0.1677065519542317E+01   0.1902920677971876E-01   0.2950364850515668E+00   0.7346977092680535E-02   0.9168989208280420E-06   0.1653625029328127E-01   0.6764951921958222E-02
  0.4575000000000000E+01   0.1679442111470510E+01   0.1942257492638486E-01   0.2959545766007012E+00   0.7493540004052618E-02   0.9455234859669191E-06   0.1662636256002926E-01   0.6885233074602929E-02
  0.4625000000000000E+01   0.1681867044960708E+01   0.1982591676232756E-01   0.2968906931998248E+00   0.7643634450568451E-02   0.9750027452725717E-06   0.1671842929839510E-01   0.7007927692288036E-02
  0.4675000000000000E+01   0.1684341445806388E+01   0.2023975383700978E-01   0.2978452318963802E+00   0.7797445080349042E-02   0.1005375116582191E-05   0.1681250027045001E-01   0.7133164680093772E-02
  0.4725000000000000E+01   0.1686866479065155E+01   0.2066465607568235E-01   0.2988186031387154E+00   0.7955174042681670E-02   0.1036682316924709E-05   0.1690862710639999E-01   0.7261086250663696E-02
  0.4774999999999999E+01   0.1689443347883076E+01   0.2110124880989762E-01   0.2998112302482989E+00   0.8117043582500327E-02   0.1068969824870068E-05   0.1700686329051344E-01   0.7391850023821037E-02
  0.4825000000000000E+01   0.1692073290842857E+01   0.2155022090906623E-01   0.3008235483284858E+00   0.8283299044193016E-02   0.1102287418815774E-05   0.1710726409406593E-01   0.7525631464265225E-02
  0.4875000000000000E+01   0.1694757577157820E+01   0.2201233402323073E-01   0.3018560023532639E+00   0.8454212287472942E-02   0.1136689795529948E-05   0.1720988642937624E-01   0.7662626657090979E-02
  0.4925000000000000E+01   0.1697497498780102E+01   0.2248843277358570E-01   0.3029090440836661E+00   0.8630085452128311E-02   0.1172237264345999E-05   0.1731478858885219E-01   0.7803055363198068E-02
  0.4975000000000000E+01   0.1700294358187458E+01   0.2297945539560104E-01   0.3039831273448541E+00   0.8811254882718989E-02   0.1208996494453212E-05   0.1742202982048566E-01   0.7947164187059822E-02
  0.5025000000000000E+01   0.1703149450301961E+01   0.2348644375457137E-01   0.3050787010797622E+00   0.8998094802688822E-02   0.1247041259931915E-05   0.1753166967785240E-01   0.8095229496675915E-02
  0.5074999999999999E+01   0.1706064036791703E+01   0.2401055069675747E-01   0.3061961995196989E+00   0.9191019965295560E-02   0.1286453071974973E-05   0.1764376707253459E-01   0.8247559421527485E-02
  0.5124999999999999E+01   0.1709039311151040E+01   0.2455304126899457E-01   0.3073360288685363E+00   0.9390485967959042E-02   0.1327321502773131E-05   0.1775837895882389E-01   0.8404493786678733E-02
  0.5175000000000000E+01   0.1712076353838051E+01   0.2511528244641180E-01   0.3084985502334401E+00   0.9596985201829668E-02   0.1369743889031640E-05   0.1787555860958901E-01   0.8566400225736560E-02
  0.5225000000000000E+01   0.1715176078861446E+01   0.2569871391764562E-01   0.3096840593369872E+00   0.9811035621314388E-02   0.1413823967290182E-05   0.1799535351776391E-01   0.8733664043283461E-02
  0.5274999999999999E+01   0.1718339176956208E+01   0.2630479076785642E-01   0.3108927649633644E+00   0.1003315887878577E-01   0.1459668869121080E-05   0.1811780309696638E-01   0.8906668861862822E-02
  0.5325000000000000E+01   0.1721566066109459E+01   0.2693488823515379E-01   0.3121247702127021E+00   0.1026384412771489E-01   0.1507383830629030E-05   0.1824293656864938E-01   0.9085764903751337E-02
  0.5375000000000000E+01   0.1724856868527591E+01   0.2759015981841067E-01   0.3133800637737851E+00   0.1050349422052852E-01   0.1557063992608330E-05   0.1837077174658458E-01   0.9271222139888494E-02
  0.5424999999999999E+01   0.1728211446538410E+01   0.2827134615849773E-01   0.3146585334758429E+00   0.1075235334446533E-01   0.1608782978267270E-05   0.1850131596181945E-01   0.9463167525931277E-02
  0.5475000000000001E+01   0.1731629547068284E+01   0.2897855465403511E-01   0.3159600208581888E+00   0.1101042364308950E-01   0.1662579209040718E-05   0.1863457108734162E-01   0.9661512853733538E-02
  0.5525000000000000E+01   0.1735111102526067E+01   0.2971108235731870E-01   0.3172844348269406E+00   0.1127739824892944E-01   0.1718444031247851E-05   0.1877054467901410E-01   0.9865896925711522E-02
  0.5574999999999999E+01   0.1738656667421854E+01   0.3046741314484683E-01   0.3186319165640974E+00   0.1155266028454493E-01   0.1776319431867022E-05   0.1890926675558697E-01   0.1007568498490733E-01
  0.5625000000000000E+01   0.1742267832828417E+01   0.3124548707203838E-01   0.3200029958921822E+00   0.1183538490794096E-01   0.1836111732085215E-05   0.1905080639202828E-01   0.1029005761440561E-01
  0.5675000000000000E+01   0.1745947401735638E+01   0.3204314382295285E-01   0.3213986568262488E+00   0.1212470727793627E-01   0.1897716442730065E-05   0.1919527957993193E-01   0.1050815691065406E-01
  0.5725000000000000E+01   0.1749699316535102E+01   0.3285845496813015E-01   0.3228203087212658E+00   0.1241984824072346E-01   0.1961037833814591E-05   0.1934284739425125E-01   0.1072919550757827E-01
  0.5775000000000000E+01   0.1753528660566549E+01   0.3368982829942876E-01   0.3242697847706393E+00   0.1272015290497010E-01   0.2025995669380496E-05   0.1949371664027232E-01   0.1095248788876106E-01
  0.5825000000000000E+01   0.1757441987157262E+01   0.3453624964984507E-01   0.3257494644388181E+00   0.1302517955927067E-01   0.2092540349185372E-05   0.1964815362334184E-01   0.1117752104438584E-01
  0.5875000000000000E+01   0.1761447609161522E+01   0.3539815151284453E-01   0.3272623825104186E+00   0.1333502402361903E-01   0.2160706934049615E-05   0.1980649795907556E-01   0.1140422475484585E-01
  0.5925000000000000E+01   0.1765555050933761E+01   0.3627872542317887E-01   0.3288120241755486E+00   0.1365081168861628E-01   0.2230699256986958E-05   0.1996914496690904E-01   0.1163338666184910E-01
  0.5975000000000000E+01   0.1769773396638163E+01   0.3718469910549449E-01   0.3304017051113692E+00   0.1397498926926801E-01   0.2302945100339101E-05   0.2013648377162606E-01   0.1186689950303940E-01
  0.6024999999999999E+01   0.1774109326483990E+01   0.3812575554810201E-01   0.3320338337471680E+00   0.1431110628806243E-01   0.2378068995464187E-05   0.2030881963394697E-01   0.1210757533155085E-01
  0.6075000000000000E+01   0.1778565977684901E+01   0.3911281068625282E-01   0.3337094834188770E+00   0.1466316734360683E-01   0.2456791300192192E-05   0.2048632514956364E-01   0.1235859457374004E-01
  0.6125000000000000E+01   0.1783143066430123E+01   0.4015610382435745E-01   0.3354284387690758E+00   0.1503491413638425E-01   0.2539810050999703E-05   0.2066903977254877E-01   0.1262289577363498E-01
  0.6175000000000000E+01   0.1787837883878924E+01   0.4126384814866407E-01   0.3371895706125940E+00   0.1542931872021716E-01   0.2627712847771860E-05   0.2085690468381861E-01   0.1290274659490094E-01
  0.6225000000000001E+01   0.1792646604406607E+01   0.4244158046920141E-01   0.3389913271927507E+00   0.1584834031680470E-01   0.2720929795678405E-05   0.2104981167565465E-01   0.1319954066855888E-01
  0.6274999999999999E+01   0.1797565648087302E+01   0.4369205873890268E-01   0.3408322438999021E+00   0.1629288784547027E-01   0.2819720036927839E-05   0.2124765579474166E-01   0.1351376885597184E-01
  0.6324999999999999E+01   0.1802593067176538E+01   0.4501569623661332E-01   0.3427114599734959E+00   0.1676298206224511E-01   0.2924192793038415E-05   0.2145039074699141E-01   0.1384515495075372E-01
  0.6375000000000000E+01   0.1807729775775258E+01   0.4641174159712634E-01   0.3446291760279712E+00   0.1725819371784957E-01   0.3034378278972528E-05   0.2165808074141317E-01   0.1419301522853023E-01
  0.6425000000000000E+01   0.1812980038526758E+01   0.4788028067308836E-01   0.3465868369805749E+00   0.1777838582636429E-01   0.3150356131451477E-05   0.2187092611791371E-01   0.1455686450828117E-01
  0.6475000000000000E+01   0.1818350488315716E+01   0.4942449334862474E-01   0.3485867704655743E+00   0.1832455071895813E-01   0.3272406905560314E-05   0.2208923221206412E-01   0.1493710008509204E-01
  0.6525000000000000E+01   0.1823847563336104E+01   0.5105191572322246E-01   0.3506312398716884E+00   0.1889927991302513E-01   0.3401104418789347E-05   0.2231331291713830E-01   0.1533539003885572E-01
  0.6574999999999999E+01   0.1829474404816811E+01   0.5277358960052309E-01   0.3527212966968132E+00   0.1950645329876524E-01   0.3537270414991182E-05   0.2254336593034465E-01   0.1575443124623750E-01
  0.6624999999999999E+01   0.1835228906572970E+01   0.5460110477380296E-01   0.3548560569693036E+00   0.2015014971256095E-01   0.3681784390432632E-05   0.2277938594345089E-01   0.1619707887948754E-01
  0.6675000000000000E+01   0.1841104147155306E+01   0.5654274100388240E-01   0.3570328553170088E+00   0.2083322477504562E-01   0.3835323150536292E-05   0.2302116818378615E-01   0.1666520722014782E-01
  0.6725000000000001E+01   0.1847091411605055E+01   0.5860037303581880E-01   0.3592483511140789E+00   0.2155616852056074E-01   0.3998140494095650E-05   0.2326841644315291E-01   0.1715879141232226E-01
  0.6774999999999999E+01   0.1853185113962865E+01   0.6076869163061572E-01   0.3615003319954078E+00   0.2231681116873231E-01   0.4169995924664021E-05   0.2352093466408945E-01   0.1767565604923963E-01
  0.6824999999999999E+01   0.1859388052319556E+01   0.6303796868376846E-01   0.3637896412640489E+00   0.2311132405483765E-01   0.4350324719731069E-05   0.2377884571032263E-01   0.1821223537570551E-01
  0.6875000000000000E+01   0.1865714382721738E+01   0.6540060286049534E-01   0.3661212770621292E+00   0.2393660210063511E-01   0.4538678238894881E-05   0.2404273574451080E-01   0.1876541222137466E-01
  0.6924999999999999E+01   0.1872187433971760E+01   0.6785947285476292E-01   0.3685036142692428E+00   0.2479331152186934E-01   0.4735310999124739E-05   0.2431360269784316E-01   0.1933488695528925E-01
  0.6975000000000001E+01   0.1878831501493798E+01   0.7043378937250847E-01   0.3709454316831784E+00   0.2568803533122152E-01   0.4941619409238158E-05   0.2459255651474387E-01   0.1992486914549567E-01
  0.7024999999999999E+01   0.1885660574352672E+01   0.7315828618135527E-01   0.3734518160734788E+00   0.2663300063576506E-01   0.5160129730236098E-05   0.2488036964855285E-01   0.2054391757916177E-01
  0.7075000000000000E+01   0.1892669328678488E+01   0.7607505210514952E-01   0.3760208833410519E+00   0.2764313137473439E-01   0.5393961896561385E-05   0.2517708475212079E-01   0.2120272536235434E-01
  0.7125000000000000E+01   0.1899830389866979E+01   0.7922113674727926E-01   0.3786427720259069E+00   0.2873156787050220E-01   0.5645967669058154E-05   0.2548185025662535E-01   0.2191073309717463E-01
  0.7174999999999999E+01   0.1907098691757815E+01   0.8261609217083851E-01   0.3813012020914417E+00   0.2990516914259854E-01   0.5917828305741244E-05   0.2579303370243194E-01   0.2267274260827693E-01
  0.7225000000000000E+01   0.1914421975568131E+01   0.8625244941051556E-01   0.3839772355229221E+00   0.3116107953102492E-01   0.6209327098807605E-05   0.2610858821488794E-01   0.2348634461003898E-01
  0.7274999999999999E+01   0.1921756364465282E+01   0.9009156279627642E-01   0.3866548430273782E+00   0.3248521549875611E-01   0.6517978777224874E-05   0.2642664369872146E-01   0.2434075560519092E-01
  0.7325000000000000E+01   0.1929085069076796E+01   0.9406814870676690E-01   0.3893275897282695E+00   0.3385384030456242E-01   0.6839270211395641E-05   0.2674626754567002E-01   0.2521786881998119E-01
  0.7374999999999999E+01   0.1936434912051143E+01   0.9810677760454285E-01   0.3920045712921896E+00   0.3523938772466491E-01   0.7167778413679365E-05   0.2706820825414196E-01   0.2609635694348214E-01
  0.7424999999999999E+01   0.1943881610267303E+01   0.1021491583154031E+00   0.3947123881911485E+00   0.3662015164570379E-01   0.7499128383179103E-05   0.2739526169865149E-01   0.2695861399106514E-01
  0.7475000000000001E+01   0.1951536252143061E+01   0.1061827561572660E+00   0.3974904404627573E+00   0.3799051252261348E-01   0.7832141802527456E-05   0.2773190714480156E-01   0.2779821750186845E-01
  0.7525000000000000E+01   0.1959515143636028E+01   0.1102563062329739E+00   0.4003802589516319E+00   0.3936655973553754E-01   0.8170114815713252E-05   0.2808321072177541E-01   0.2862420214237684E-01
  0.7575000000000000E+01   0.1967906565166851E+01   0.1144736561030287E+00   0.4034136596649374E+00   0.4078400381622303E-01   0.8520531536636730E-05   0.2845347746406949E-01   0.2945978195780229E-01
  0.7625000000000001E+01   0.1976749692274108E+01   0.1189708036736001E+00   0.4066051828790644E+00   0.4229004880747294E-01   0.8893490114713875E-05   0.2884528471727161E-01   0.3033658973271257E-01
  0.7675000000000000E+01   0.1986031241273165E+01   0.1238896469293486E+00   0.4099508644836163E+00   0.4393402991909304E-01   0.9299800194718870E-05   0.2925920071545718E-01   0.3128788168696959E-01
  0.7725000000000000E+01   0.1995694314018335E+01   0.1293594401166812E+00   0.4134314142362325E+00   0.4576077721697674E-01   0.9749583708864522E-05   0.2969403601559297E-01   0.3234366316080504E-01
  0.7775000000000000E+01   0.2005650090870689E+01   0.1354886071325679E+00   0.4170164668823972E+00   0.4780770382670948E-01   0.1025161942433575E-04   0.3014727026551391E-01   0.3352857235090140E-01
  0.7824999999999999E+01   0.2015785930972329E+01   0.1423632554887055E+00   0.4206675814570366E+00   0.5010435141438851E-01   0.1081319371213497E-04   0.3061537242697038E-01   0.3486167995325495E-01
  0.7874999999999999E+01   0.2025968164542916E+01   0.1500469820406082E+00   0.4243393398725215E+00   0.5267248395106373E-01   0.1144006663830768E-04   0.3109390870239808E-01   0.3635685985366589E-01
  0.7925000000000000E+01   0.2036041297851440E+01   0.1585777017016522E+00   0.4279791131632162E+00   0.5552521750488902E-01   0.1213622813413935E-04   0.3157747390704350E-01   0.3802265414999219E-01
  0.7974999999999999E+01   0.2045827130356629E+01   0.1679592807227216E+00   0.4315266819294858E+00   0.5866439055691838E-01   0.1290325996861164E-04   0.3205956212323433E-01   0.3986105104111465E-01
  0.8024999999999999E+01   0.2055128008573124E+01   0.1781479558176156E+00   0.4349151384047041E+00   0.6207612946911802E-01   0.1373927649686145E-04   0.3253253263120622E-01   0.4186507778349981E-01
  0.8074999999999999E+01   0.2063738383438066E+01   0.1890359272721329E+00   0.4380744787595285E+00   0.6572536056518916E-01   0.1463759411908475E-04   0.3298784260216011E-01   0.4401557636415774E-01
  0.8125000000000000E+01   0.2071467635030544E+01   0.2004371849310396E+00   0.4409389168655122E+00   0.6955089580308249E-01   0.1558548386711216E-04   0.3341670016268668E-01   0.4627801751077632E-01
  0.8174999999999999E+01   0.2078174110572903E+01   0.2120829602946346E+00   0.4434579996488386E+00   0.7346350234860649E-01   0.1656355609947358E-04   0.3381121313800283E-01   0.4860066938232347E-01
  0.8225000000000000E+01   0.2083805322723946E+01   0.2236346639425942E+00   0.4456100030185708E+00   0.7734958373130506E-01   0.1754640218609925E-04   0.3416594822408391E-01   0.5091565898066620E-01
  0.8275000000000000E+01   0.2088433664472416E+01   0.2347188871850626E+00   0.4474142385171211E+00   0.8108213976999859E-01   0.1850492784420068E-04   0.3447959491218016E-01   0.5314412206743889E-01
  0.8325000000000001E+01   0.2092274058875188E+01   0.2449815226617122E+00   0.4489378128783750E+00   0.8453831506234427E-01   0.1941028991367740E-04   0.3475624329303872E-01   0.5520552766441573E-01
  0.8375000000000000E+01   0.2095673064303993E+01   0.2541489619844960E+00   0.4502931785175910E+00   0.8761985705685832E-01   0.2023865039122652E-04   0.3500577207207560E-01   0.5702962828787644E-01
  0.8424999999999999E+01   0.2099068368288577E+01   0.2620789544584288E+00   0.4516257070953518E+00   0.9027084364014155E-01   0.2097546527507170E-04   0.3524307814636988E-01   0.5856809528308075E-01
  0.8475000000000000E+01   0.2102928865740128E+01   0.2687861807049510E+00   0.4530942186712847E+00   0.9248752670378463E-01   0.2161807727316860E-04   0.3548627986973140E-01   0.5980261257227780E-01
  0.8524999999999999E+01   0.2107692234157341E+01   0.2744369918492786E+00   0.4548498599446895E+00   0.9431797720340440E-01   0.2217599208938318E-04   0.3575438397248935E-01   0.6074729888075340E-01
  0.8574999999999999E+01   0.2113715814208103E+01   0.2793186201716636E+00   0.4570187272504231E+00   0.9585278999768687E-01   0.2266903742460947E-04   0.3606503966740995E-01   0.6144524498803142E-01
  0.8625000000000000E+01   0.2121249602032677E+01   0.2837949786103540E+00   0.4596915777478547E+00   0.9721059672352798E-01   0.2312421001854240E-04   0.3643288399943836E-01   0.6196072952963039E-01
  0.8674999999999999E+01   0.2130431846859914E+01   0.2882620689648432E+00   0.4629212488973680E+00   0.9852275684084563E-01   0.2357220619678237E-04   0.3686871729288148E-01   0.6236961656810665E-01
  0.8725000000000000E+01   0.2141301717910078E+01   0.2931126132969377E+00   0.4667262400956493E+00   0.9992069592953590E-01   0.2404446277440612E-04   0.3737947528835234E-01   0.6275039350237402E-01
  0.8775000000000000E+01   0.2153820922201660E+01   0.2987145324068843E+00   0.4710978241321961E+00   0.1015277595774763E+00   0.2457118603495777E-04   0.3796877642247659E-01   0.6317755506102755E-01
  0.8824999999999999E+01   0.2167896432095638E+01   0.3054033934340382E+00   0.4760079776718118E+00   0.1034558749187005E+00   0.2518048345913467E-04   0.3863774661560409E-01   0.6371801614462448E-01
  0.8875000000000000E+01   0.2183398403827770E+01   0.3134859146662428E+00   0.4814159949566823E+00   0.1058061731929016E+00   0.2589843737998241E-04   0.3938584241032778E-01   0.6443033300911950E-01
  0.8925000000000001E+01   0.2200169795277660E+01   0.3232501708057482E+00   0.4872724799503636E+00   0.1086721415085070E+00   0.2674980635629946E-04   0.4021146700026783E-01   0.6536595080257107E-01
  0.8975000000000000E+01   0.2218026344511166E+01   0.3349779102672826E+00   0.4935201924257278E+00   0.1121437500363561E+00   0.2775899407251158E-04   0.4111226170155349E-01   0.6657150736763155E-01
  0.9024999999999999E+01   0.2236747090911276E+01   0.3489548100146763E+00   0.5000917889035046E+00   0.1163111526227824E+00   0.2895094620699549E-04   0.4208502852447818E-01   0.6809130752844510E-01
  0.9074999999999999E+01   0.2256056506833333E+01   0.3654749980251613E+00   0.5069048209313709E+00   0.1212667823968048E+00   0.3035167620481770E-04   0.4312528440239538E-01   0.6996929037647708E-01
  0.9125000000000000E+01   0.2275599838003624E+01   0.3848363302041123E+00   0.5138545064329296E+00   0.1271047939444643E+00   0.3198814060681840E-04   0.4422646523019071E-01   0.7225001049233580E-01
  0.9175000000000001E+01   0.2294913953511813E+01   0.4073224686441196E+00   0.5208049335669152E+00   0.1339167370034697E+00   0.3388715616280333E-04   0.4537880082215790E-01   0.7497825052710787E-01
  0.9225000000000000E+01   0.2313397661065478E+01   0.4331668571539138E+00   0.5275797258551935E+00   0.1417820784808503E+00   0.3607297043110580E-04   0.4656789431923666E-01   0.7819683579714563E-01
  0.9274999999999999E+01   0.2330289004633710E+01   0.4624929416738076E+00   0.5339540852508449E+00   0.1507518856401028E+00   0.3856300455399761E-04   0.4777309802171148E-01   0.8194205027244179E-01
  0.9325000000000001E+01   0.2344663283669888E+01   0.4952262289716197E+00   0.5396518030357311E+00   0.1608240993175153E+00   0.4136129812242724E-04   0.4896592976603652E-01   0.8623585875024614E-01
  0.9375000000000000E+01   0.2355473919487321E+01   0.5309802771240786E+00   0.5443532786144005E+00   0.1719102372743612E+00   0.4444953360624326E-04   0.5010906559144332E-01   0.9107415016065348E-01
  0.9424999999999999E+01   0.2361665000500543E+01   0.5689346823377386E+00   0.5477229907637617E+00   0.1837973221735835E+00   0.4777654396992395E-04   0.5115687553241620E-01   0.9641084387138582E-01
  0.9475000000000001E+01   0.2362379633347071E+01   0.6077504423861211E+00   0.5494648156211164E+00   0.1961162448669411E+00   0.5124918695871461E-04   0.5205889647940853E-01   0.1021395302939097E+00
  0.9525000000000000E+01   0.2357257278188895E+01   0.6455983826283164E+00   0.5494068845224658E+00   0.2083372641097089E+00   0.5473008634745299E-04   0.5276764158755724E-01   0.1080778099785007E+00
  0.9574999999999999E+01   0.2346747941887354E+01   0.6803822657993960E+00   0.5476007477609648E+00   0.2198184081985481E+00   0.5804930621232066E-04   0.5325104148898970E-01   0.1139640929610556E+00
  0.9625000000000000E+01   0.2332295459891024E+01   0.7101804897355406E+00   0.5443961489660778E+00   0.2299217367936922E+00   0.6103443966967487E-04   0.5350712881703174E-01   0.1194793834574901E+00
  0.9674999999999999E+01   0.2316226145259483E+01   0.7338004593189155E+00   0.5404399736425640E+00   0.2381788553512254E+00   0.6355480195703098E-04   0.5357516021352097E-01   0.1243020297278840E+00
  0.9725000000000000E+01   0.2301290350894636E+01   0.7512133012301935E+00   0.5365688192060725E+00   0.2444450557113143E+00   0.6556394233945910E-04   0.5353602952041314E-01   0.1281877369743386E+00
  0.9775000000000000E+01   0.2290005511774479E+01   0.7636430619296622E+00   0.5336200067843360E+00   0.2489674947351704E+00   0.6712025650944371E-04   0.5349847473538245E-01   0.1310463183590853E+00
  0.9824999999999999E+01   0.2284079999802914E+01   0.7732629096752334E+00   0.5322372839534104E+00   0.2523313189717244E+00   0.6837508971047410E-04   0.5357522424998416E-01   0.1329782685011132E+00
  0.9874999999999998E+01   0.2284134528067231E+01   0.7826650215918793E+00   0.5327491101885735E+00   0.2553141334055605E+00   0.6953543138158787E-04   0.5385906482342026E-01   0.1342516573926422E+00
  0.9924999999999999E+01   0.2289745498973997E+01   0.7943460699708580E+00   0.5351486340182292E+00   0.2587195963858134E+00   0.7081969185564688E-04   0.5440784507793354E-01   0.1352326985271548E+00
  0.9975000000000000E+01   0.2299682038006991E+01   0.8103620348792344E+00   0.5391499377374818E+00   0.2632498676738569E+00   0.7242279112150090E-04   0.5524109088522448E-01   0.1363047079085555E+00
  0.1002500000000000E+02   0.2312183504010411E+01   0.8321680723575740E+00   0.5442731935130907E+00   0.2694368055643258E+00   0.7449643572077634E-04   0.5634492526049256E-01   0.1378059165355369E+00
  0.1007500000000000E+02   0.2325188411652898E+01   0.8605749977483239E+00   0.5499227527870154E+00   0.2776186736406279E+00   0.7714147206158218E-04   0.5768002507310264E-01   0.1399971256397531E+00
  0.1012500000000000E+02   0.2336502979109869E+01   0.8957434935188454E+00   0.5554456626099200E+00   0.2879378929945569E+00   0.8040592389623637E-04   0.5918881588037437E-01   0.1430533928690144E+00
  0.1017500000000000E+02   0.2343945929782442E+01   0.9371703955358834E+00   0.5601765069629812E+00   0.3003411445286299E+00   0.8428367069624499E-04   0.6080063843522176E-01   0.1470677734172589E+00
  0.1022500000000000E+02   0.2345519467266703E+01   0.9836677076039526E+00   0.5634824729118348E+00   0.3145758665819792E+00   0.8871211033530971E-04   0.6243560361305252E-01   0.1520571984775966E+00
  0.1027500000000000E+02   0.2339639345309378E+01   0.1033377300105551E+01   0.5648210580881727E+00   0.3301902459595233E+00   0.9357078276988004E-04   0.6400884299363513E-01   0.1579657457570911E+00
  0.1032500000000000E+02   0.2325413435447177E+01   0.1083889294663161E+01   0.5638134775098815E+00   0.3465532527539915E+00   0.9868570138517267E-04   0.6543690039391414E-01   0.1646656660869188E+00
  0.1037500000000000E+02   0.2302897887035229E+01   0.1132521542420023E+01   0.5603216407633254E+00   0.3629128484900017E+00   0.1038447731173381E-03   0.6664711128009701E-01   0.1719604038840993E+00
  0.1042500000000000E+02   0.2273212135933662E+01   0.1176756523562801E+01   0.5545012575972998E+00   0.3784997013709862E+00   0.1088267844581101E-03   0.6758904328973393E-01   0.1795958096479246E+00
  0.1047500000000000E+02   0.2238403926585477E+01   0.1214735089419830E+01   0.5467988152540633E+00   0.3926609839109260E+00   0.1134399364138911E-03   0.6824496336358267E-01   0.1872847394190479E+00
  0.1052500000000000E+02   0.2201047467848019E+01   0.1245632967255347E+01   0.5378752722794746E+00   0.4049850432307950E+00   0.1175588370283657E-03   0.6863509287633583E-01   0.1947454329799388E+00
  0.1057500000000000E+02   0.2163691135765001E+01   0.1269764887440259E+01   0.5284711705603566E+00   0.4153708986786933E+00   0.1211464338495446E-03   0.6881441428263613E-01   0.2017465344835132E+00
  0.1062500000000000E+02   0.2128352935039241E+01   0.1288380122789700E+01   0.5192573387835595E+00   0.4240164223334547E+00   0.1242526924593083E-03   0.6886106303161654E-01   0.2081453574537894E+00
  0.1067500000000000E+02   0.2096229606426460E+01   0.1303254037991533E+01   0.5107215048048119E+00   0.4313349726758263E+00   0.1269921126438372E-03   0.6886009110479471E-01   0.2139059543504125E+00
  0.1072500000000000E+02   0.2067668666495018E+01   0.1316248231832630E+01   0.5031205104250993E+00   0.4378385574222456E+00   0.1295106542696486E-03   0.6888820784035912E-01   0.2190912333023074E+00
  0.1077500000000000E+02   0.2042338691127698E+01   0.1328980796799752E+01   0.4964965568301214E+00   0.4440306897914948E+00   0.1319545770896823E-03   0.6900399102245854E-01   0.2238344787298502E+00
  0.1082500000000000E+02   0.2019482390807397E+01   0.1342664905342690E+01   0.4907333268493379E+00   0.4503370526304695E+00   0.1344496817091362E-03   0.6924510788256588E-01   0.2283032858085565E+00
  0.1087500000000000E+02   0.1998149301746349E+01   0.1358098005356613E+01   0.4856217707616544E+00   0.4570806756084149E+00   0.1370933277801415E-03   0.6963122795542884E-01   0.2326693221698705E+00
  0.1092500000000000E+02   0.1977347328903174E+01   0.1375743020130893E+01   0.4809118856386476E+00   0.4644918558194971E+00   0.1399567153993787E-03   0.7016977366323940E-01   0.2370919623520688E+00
  0.1097500000000000E+02   0.1956096534002726E+01   0.1395834015295733E+01   0.4763383860002262E+00   0.4727351224258960E+00   0.1430924076570675E-03   0.7086152697469943E-01   0.2417168291995344E+00
  0.1102500000000000E+02   0.1933402763222476E+01   0.1418449056974119E+01   0.4716194640040454E+00   0.4819347296191440E+00   0.1465416287979151E-03   0.7170387212659092E-01   0.2466849060398059E+00
  0.1107500000000000E+02   0.1908191392869306E+01   0.1443513170532798E+01   0.4664366459196259E+00   0.4921839530365622E+00   0.1503368261012388E-03   0.7269057100280737E-01   0.2521453564754583E+00
  0.1112500000000000E+02   0.1879253167651219E+01   0.1470719723659397E+01   0.4604093863726575E+00   0.5035299476239151E+00   0.1544968102604669E-03   0.7380809280177154E-01   0.2582652699166694E+00
  0.1117500000000000E+02   0.1845254854054658E+01   0.1499386184187775E+01   0.4530803232631240E+00   0.5159336893437054E+00   0.1590140911571160E-03   0.7502944923294930E-01   0.2652314148020342E+00
  0.1122500000000000E+02   0.1804856954762613E+01   0.1528287471956844E+01   0.4439261729088200E+00   0.5292124696645940E+00   0.1638364807874026E-03   0.7630711972712280E-01   0.2732416746644600E+00
  0.1127500000000000E+02   0.1756957659266880E+01   0.1555534442472761E+01   0.4324052505819305E+00   0.5429798731332519E+00   0.1688474377164479E-03   0.7756700620052363E-01   0.2824860967141261E+00
  0.1132500000000000E+02   0.1701043388292413E+01   0.1578580821471153E+01   0.4180451463414685E+00   0.5566045712803517E+00   0.1738517920657132E-03   0.7870553719661162E-01   0.2931187042995634E+00
  0.1137500000000000E+02   0.1637571154075124E+01   0.1594435944065726E+01   0.4005621763124405E+00   0.5692128386130411E+00   0.1785748461613471E-03   0.7959208637168429E-01   0.3052214908633588E+00
  0.1142500000000000E+02   0.1568249989336163E+01   0.1600113768806462E+01   0.3799881849334021E+00   0.5797563291759934E+00   0.1826820596996079E-03   0.8007858212302772E-01   0.3187622338696512E+00
  0.1147500000000000E+02   0.1496064468011948E+01   0.1593253061440557E+01   0.3567650069955079E+00   0.5871514423005133E+00   0.1858219522738630E-03   0.8001712760660458E-01   0.3335493120964667E+00
  0.1152500000000000E+02   0.1424938163553572E+01   0.1572730511426593E+01   0.3317628584450472E+00   0.5904694298438753E+00   0.1876862876757440E-03   0.7928427319658408E-01   0.3491907068757402E+00
  0.1157500000000000E+02   0.1359076811871785E+01   0.1539032559953614E+01   0.3061960953323142E+00   0.5891276836048355E+00   0.1880722079009582E-03   0.7780756738321594E-01   0.3650706985199710E+00
  0.1162500000000000E+02   0.1302191833371939E+01   0.1494219797547580E+01   0.2814464661428113E+00   0.5830207648257137E+00   0.1869266301284592E-03   0.7558738294511273E-01   0.3803638062923408E+00
  0.1167500000000000E+02   0.1256873444626557E+01   0.1441492471311633E+01   0.2588421164019896E+00   0.5725469669825208E+00   0.1843580899273139E-03   0.7270650976855150E-01   0.3941054506075377E+00
  0.1172500000000000E+02   0.1224303866686695E+01   0.1384536916273684E+01   0.2394573527061588E+00   0.5585254358493124E+00   0.1806134131535610E-03   0.6932272848938593E-01   0.4053257250373286E+00
  0.1177500000000000E+02   0.1204334217612567E+01   0.1326891425264149E+01   0.2239848423802338E+00   0.5420375233911383E+00   0.1760290966974203E-03   0.6564495814748919E-01   0.4132251334757538E+00
  0.1182500000000000E+02   0.1195808630902523E+01   0.1271502506630906E+01   0.2126998582210642E+00   0.5242445185472769E+00   0.1709736723066047E-03   0.6189932459922958E-01   0.4173407767922822E+00
  0.1187500000000000E+02   0.1196974188673588E+01   0.1220522158957641E+01   0.2055047372446310E+00   0.5062286863124797E+00   0.1657961960721037E-03   0.5829481377015124E-01   0.4176406923343522E+00
  0.1192500000000000E+02   0.1205851927264948E+01   0.1175303428112333E+01   0.2020236235888528E+00   0.4888853284776790E+00   0.1607902032589609E-03   0.5499744084072615E-01   0.4145081377425957E+00
  0.1197500000000000E+02   0.1220509517474492E+01   0.1136515611444930E+01   0.2017145832336713E+00   0.4728725220204542E+00   0.1561758192709375E-03   0.5211774588775823E-01   0.4086258324397953E+00
  0.1202500000000000E+02   0.1239228715400868E+01   0.1104308476496659E+01   0.2039733628324358E+00   0.4586100118937399E+00   0.1520977567796738E-03   0.4971135318512922E-01   0.4008110048311033E+00
  0.1207500000000000E+02   0.1260586958789188E+01   0.1078480081127640E+01   0.2082140072053296E+00   0.4463116942429051E+00   0.1486344902609688E-03   0.4778875494642482E-01   0.3918612617765901E+00
  0.1212500000000000E+02   0.1283477938668887E+01   0.1058626240274060E+01   0.2139213791526542E+00   0.4360357509367725E+00   0.1458136020279759E-03   0.4632938339822597E-01   0.3824509668139743E+00
  0.1217500000000000E+02   0.1307091169480441E+01   0.1044264136625814E+01   0.2206770438971937E+00   0.4277397292947546E+00   0.1436292036072721E-03   0.4529584933228483E-01   0.3730880659230816E+00
  0.1222500000000000E+02   0.1330863815961348E+01   0.1034928448744224E+01   0.2281630049393706E+00   0.4213318771946375E+00   0.1420585502882624E-03   0.4464577939189037E-01   0.3641196951381995E+00
  0.1227500000000000E+02   0.1354413573712962E+01   0.1030239147378715E+01   0.2361486706226175E+00   0.4167132853282968E+00   0.1410759682301891E-03   0.4434009976622501E-01   0.3557665898279460E+00
  0.1232500000000000E+02   0.1377460145190708E+01   0.1029939441553378E+01   0.2444665079950776E+00   0.4138076175359201E+00   0.1406629111509898E-03   0.4434757758082598E-01   0.3481675657510496E+00
  0.1237500000000000E+02   0.1399743636005458E+01   0.1033902645176648E+01   0.2529817738424007E+00   0.4125768892894893E+00   0.1408135012041260E-03   0.4464600153019022E-01   0.3414206584093245E+00
  0.1242500000000000E+02   0.1420949163468071E+01   0.1042108644782424E+01   0.2615615036495982E+00   0.4130233214027558E+00   0.1415354286450551E-03   0.4522070726164829E-01   0.3356133533971832E+00
  0.1247500000000000E+02   0.1440646821678301E+01   0.1054593419767525E+01   0.2700473393902483E+00   0.4151787839159746E+00   0.1428465971053029E-03   0.4606131348017615E-01   0.3308392878677666E+00
  0.1252500000000000E+02   0.1458254803457968E+01   0.1071377498006236E+01   0.2782357365874903E+00   0.4190844721907462E+00   0.1447683073453361E-03   0.4715754711636521E-01   0.3272024273849283E+00
  0.1257500000000000E+02   0.1473031821198344E+01   0.1092380770391125E+01   0.2858679055049576E+00   0.4247639923644217E+00   0.1473159870918063E-03   0.4849491396992386E-01   0.3248118591154042E+00
  0.1262500000000000E+02   0.1484103873942935E+01   0.1117332334445605E+01   0.2926309395287350E+00   0.4321930955996457E+00   0.1504885313029111E-03   0.5005077466119561E-01   0.3237709871686887E+00
  0.1267500000000000E+02   0.1490529712680758E+01   0.1145686321369689E+01   0.2981711609126034E+00   0.4412693625716817E+00   0.1542573746192774E-03   0.5179121086561100E-01   0.3241643636927256E+00
  0.1272500000000000E+02   0.1491407386585106E+01   0.1176558918176485E+01   0.3021204776606172E+00   0.4517857365588339E+00   0.1585566636725404E-03   0.5366899763459399E-01   0.3260442264723445E+00
  0.1277500000000000E+02   0.1486018311313028E+01   0.1208707189395731E+01   0.3041357367094921E+00   0.4634131077664738E+00   0.1632763994681034E-03   0.5562305531330421E-01   0.3294177071188595E+00
  0.1282500000000000E+02   0.1473993299393403E+01   0.1240573234862763E+01   0.3039487944291177E+00   0.4756986011118247E+00   0.1682609901957953E-03   0.5757987204323146E-01   0.3342351272873424E+00
  0.1287500000000000E+02   0.1455468117236596E+01   0.1270411765719509E+01   0.3014209413677358E+00   0.4880864159079701E+00   0.1733157978826540E-03   0.5945741730408191E-01   0.3403800243197517E+00
  0.1292500000000000E+02   0.1431181265264121E+01   0.1296500186418363E+01   0.2965903369964380E+00   0.4999652355198466E+00   0.1782233289094791E-03   0.6117182789787669E-01   0.3476624416492773E+00
  0.1297500000000000E+02   0.1402465607135784E+01   0.1317399038957046E+01   0.2896977857077820E+00   0.5107394358415764E+00   0.1827683332135671E-03   0.6264652456263112E-01   0.3558181842970931E+00
  0.1302500000000000E+02   0.1371108089563696E+01   0.1332199423424923E+01   0.2811778072292741E+00   0.5199119965658749E+00   0.1867676966577666E-03   0.6382248716481106E-01   0.3645174940436544E+00
  0.1307500000000000E+02   0.1339095549819145E+01   0.1340682462524901E+01   0.2716102167468832E+00   0.5271593625422116E+00   0.1900981165413108E-03   0.6466752332610640E-01   0.3733860883860906E+00
  0.1312500000000000E+02   0.1308310009913013E+01   0.1343337637320775E+01   0.2616401283480112E+00   0.5323775009755510E+00   0.1927139697694416E-03   0.6518202261680175E-01   0.3820390648346665E+00
  0.1317500000000000E+02   0.1280257881880559E+01   0.1341235472700030E+01   0.2518855806381184E+00   0.5356861255708238E+00   0.1946503613721539E-03   0.6539928190295147E-01   0.3901239294651768E+00
  0.1322500000000000E+02   0.1255901388166918E+01   0.1335800262085965E+01   0.2428559568624533E+00   0.5373914228395972E+00   0.1960110718263329E-03   0.6537995469643720E-01   0.3973643921792594E+00
  0.1327500000000000E+02   0.1235618147846058E+01   0.1328554350646489E+01   0.2348992722444658E+00   0.5379201285914609E+00   0.1969457065777864E-03   0.6520194409609677E-01   0.4035940126388700E+00
  0.1332500000000000E+02   0.1219271187953190E+01   0.1320898891360587E+01   0.2281855784071458E+00   0.5377440162885168E+00   0.1976227764389499E-03   0.6494834607278073E-01   0.4087703413630436E+00
  0.1337500000000000E+02   0.1206346264711867E+01   0.1313968558316452E+01   0.2227227904755178E+00   0.5373125325509999E+00   0.1982051585443333E-03   0.6469634188518571E-01   0.4129658947352073E+00
  0.1342500000000000E+02   0.1196110247708276E+01   0.1308567769020233E+01   0.2183942981329965E+00   0.5370050446827491E+00   0.1988322615069544E-03   0.6450925439001783E-01   0.4163396619307926E+00
  0.1347500000000000E+02   0.1187755353958663E+01   0.1305175597552319E+01   0.2150057673576211E+00   0.5371067498678621E+00   0.1996105891047634E-03   0.6443277503874183E-01   0.4190984099246513E+00
  0.1352500000000000E+02   0.1180508794748950E+01   0.1303997943288085E+01   0.2123302111838308E+00   0.5378064207501443E+00   0.2006122500350793E-03   0.6449518466194334E-01   0.4214586402879208E+00
  0.1357500000000000E+02   0.1173699574339232E+01   0.1305044835721233E+01   0.2101436884377406E+00   0.5392106938168667E+00   0.2018796426160802E-03   0.6471058314188589E-01   0.4236178303062070E+00
  0.1362500000000000E+02   0.1166782354659199E+01   0.1308213360377845E+01   0.2082474231818499E+00   0.5413681565869766E+00   0.2034339398800134E-03   0.6508378469575608E-01   0.4257393819045984E+00
  0.1367500000000000E+02   0.1159323771866620E+01   0.1313359941172743E+01   0.2064751348061580E+00   0.5442963154743169E+00   0.2052848604288978E-03   0.6561552255671543E-01   0.4279514743910352E+00
  0.1372500000000000E+02   0.1150960891726190E+01   0.1320349179124405E+01   0.2046868919438289E+00   0.5480051239679170E+00   0.2074393603804027E-03   0.6630680020950762E-01   0.4303569126009163E+00
  0.1377500000000000E+02   0.1141345102779617E+01   0.1329070743769319E+01   0.2027529134512809E+00   0.5525119618939734E+00   0.2099072721283540E-03   0.6716153344328722E-01   0.4330493454192705E+00
  0.1382500000000000E+02   0.1130087121446000E+01   0.1339421347391318E+01   0.2005323389838976E+00   0.5578447593194255E+00   0.2127025466712580E-03   0.6818700308794254E-01   0.4361307316701601E+00
  0.1387500000000000E+02   0.1116719116690236E+01   0.1351255221159523E+01   0.1978528566654867E+00   0.5640322238413612E+00   0.2158395866092037E-03   0.6939204634575881E-01   0.4397254195906205E+00
  0.1392500000000000E+02   0.1100687916576138E+01   0.1364312850612253E+01   0.1944970489370779E+00   0.5710825538775023E+00   0.2193250763135222E-03   0.7078330257725098E-01   0.4439874649351342E+00
  0.1397500000000000E+02   0.1081389055345857E+01   0.1378143231637085E+01   0.1902004413405309E+00   0.5789542600424820E+00   0.2231465941862886E-03   0.7236013848628620E-01   0.4490995338125521E+00
  0.1402500000000000E+02   0.1058245303569734E+01   0.1392039216973434E+01   0.1846646873321172E+00   0.5875245678624587E+00   0.2272600479347704E-03   0.7410907521845228E-01   0.4552634693107976E+00
  0.1407500000000000E+02   0.1030825036420447E+01   0.1405008235585758E+01   0.1775871965425062E+00   0.5965622926739436E+00   0.2315785844601818E-03   0.7599863985294675E-01   0.4626838710122712E+00
  0.1412500000000000E+02   0.9989848416191698E+00   0.1415800390812096E+01   0.1687057084464807E+00   0.6057129611756881E+00   0.2359660462106394E-03   0.7797561057137530E-01   0.4715465658698048E+00
  0.1417500000000000E+02   0.9630078310641694E+00   0.1423009837826850E+01   0.1578526708389068E+00   0.6145038456385935E+00   0.2402380892125702E-03   0.7996364519265632E-01   0.4819937123348138E+00
  0.1422500000000000E+02   0.9236979384521132E+00   0.1425250346589354E+01   0.1450100729658823E+00   0.6223745887656581E+00   0.2441733826181291E-03   0.8186523703824038E-01   0.4940968846374790E+00
  0.1427500000000000E+02   0.8823883092800026E+00   0.1421382105836372E+01   0.1303518184228525E+00   0.6287343828134794E+00   0.2475355161732602E-03   0.8356771519835174E-01   0.5078294017968472E+00
  0.1432500000000000E+02   0.8408362857972046E+00   0.1410740878942374E+01   0.1142599226556442E+00   0.6330394059135320E+00   0.2501033840698416E-03   0.8495346526108878E-01   0.5230399078320341E+00
  0.1437500000000000E+02   0.8010095928504432E+00   0.1393305916642226E+01   0.9730475052133047E-01   0.6348764625234080E+00   0.2517046692103284E-03   0.8591365198685613E-01   0.5394310055895540E+00
  0.1442500000000000E+02   0.7648074096063064E+00   0.1369752309260516E+01   0.8018823573814338E-01   0.6340340803306840E+00   0.2522450291704779E-03   0.8636363356321675E-01   0.5565493075736957E+00
  0.1447500000000000E+02   0.7337865321338446E+00   0.1341367951704959E+01   0.6365969835267871E-01   0.6305437508736936E+00   0.2517259511794047E-03   0.8625732502488467E-01   0.5737955413415526E+00
  0.1452500000000000E+02   0.7089611222353001E+00   0.1309860038629098E+01   0.4842187226076722E-01   0.6246817589776992E+00   0.2502471602261624E-03   0.8559741997990519E-01   0.5904634571287181E+00
  0.1457500000000000E+02   0.6907151859255019E+00   0.1277108444681930E+01   0.3504653997456231E-01   0.6169328601945362E+00   0.2479937060231967E-03   0.8443889356896245E-01   0.6058120650052745E+00
  0.1462500000000000E+02   0.6788267294835932E+00   0.1244929078442903E+01   0.2391457056623136E-01   0.6079262441565068E+00   0.2452115707544304E-03   0.8288455628002277E-01   0.6191661978490975E+00
  0.1467500000000000E+02   0.6725717908915201E+00   0.1214891793792853E+01   0.1518706923062219E-01   0.5983585836616203E+00   0.2421775201091653E-03   0.8107324630705057E-01   0.6300277011501020E+00
  0.1472500000000000E+02   0.6708658286529079E+00   0.1188209055692748E+01   0.8806479123158351E-02   0.5889182317333667E+00   0.2391687838343932E-03   0.7916296044588200E-01   0.6381695891225041E+00
  0.1477500000000000E+02   0.6724069815558514E+00   0.1165687882527905E+01   0.4521252360588646E-02   0.5802206174277450E+00   0.2364366725208646E-03   0.7731225076304062E-01   0.6436852698342080E+00
  0.1482500000000000E+02   0.6758012511236151E+00   0.1147725744794046E+01   0.1925720968727562E-02   0.5727598966539901E+00   0.2341863060974268E-03   0.7566322177162195E-01   0.6469772119177598E+00
  0.1487500000000000E+02   0.6796648771379523E+00   0.1134330557639036E+01   0.5074318530549071E-03   0.5668776270547663E+00   0.2325629264461566E-03   0.7432853103925006E-01   0.6486892484843203E+00
  0.1492500000000000E+02   0.6827092062959261E+00   0.1125151382454046E+01  -0.3036062223018554E-03   0.5627465445795364E+00   0.2316441671651103E-03   0.7338338906141692E-01   0.6496039458747405E+00
  0.1497500000000000E+02   0.6838169628481332E+00   0.1119515456778536E+01  -0.1086701253776967E-02   0.5603666795625235E+00   0.2314372854426106E-03   0.7286227178509647E-01   0.6505329322075828E+00
  0.1502500000000000E+02   0.6821166907885375E+00   0.1116475372101036E+01  -0.2384190484943427E-02   0.5595718118399495E+00   0.2318806461845953E-03   0.7275933134917452E-01   0.6522228575165177E+00
  0.1507500000000000E+02   0.6770556390258313E+00   0.1114875236116823E+01  -0.4657307248211451E-02   0.5600459239995859E+00   0.2328494164594088E-03   0.7303141362732660E-01   0.6552881507924747E+00
  0.1512500000000000E+02   0.6684625254772206E+00   0.1113444574811815E+01  -0.8245355968609092E-02   0.5613508247794867E+00   0.2341660556758158E-03   0.7360296994976344E-01   0.6601707192046128E+00
  0.1517500000000000E+02   0.6565835914152510E+00   0.1110922357598908E+01  -0.1333150362270186E-01   0.5629663669600409E+00   0.2356163054453454E-03   0.7437265706479802E-01   0.6671202678001300E+00
  0.1522500000000000E+02   0.6420723859766563E+00   0.1106201613427321E+01  -0.1992074802222787E-01   0.5643429402239856E+00   0.2369706665331530E-03   0.7522174731561966E-01   0.6761875849700042E+00
  0.1527500000000000E+02   0.6259195754294192E+00   0.1098471616004564E+01  -0.2783642335938363E-01   0.5649623388485787E+00   0.2380098383211511E-03   0.7602443272837126E-01   0.6872254542066124E+00
  0.1532500000000000E+02   0.6093241515020852E+00   0.1087326306190721E+01  -0.3673970745607213E-01   0.5643990075201482E+00   0.2385508217088457E-03   0.7665968339266575E-01   0.6998958605993474E+00
  0.1537500000000000E+02   0.5935266220432335E+00   0.1072810720084779E+01  -0.4617196439881632E-01   0.5623711403117868E+00   0.2384692260725827E-03   0.7702366938352864E-01   0.7136861900039302E+00
  0.1542500000000000E+02   0.5796389984155108E+00   0.1055392722779176E+01  -0.5561395301094063E-01   0.5587718741419536E+00   0.2377135307832347E-03   0.7704115941670980E-01   0.7279398004917031E+00
  0.1547500000000000E+02   0.5685079218477793E+00   0.1035869056038787E+01  -0.6455145021867048E-01   0.5536750558226486E+00   0.2363087528155762E-03   0.7667406334929402E-01   0.7419064584500106E+00
  0.1552500000000000E+02   0.5606351867034487E+00   0.1015232394239048E+01  -0.7253564583729422E-01   0.5473161257801530E+00   0.2343495075452164E-03   0.7592556165292408E-01   0.7548147825581524E+00
  0.1557500000000000E+02   0.5561607681690640E+00   0.9945322032897966E+00  -0.7922903895727962E-01   0.5400540663030607E+00   0.2319847774855103E-03   0.7483902972406359E-01   0.7659621306273094E+00
  0.1562500000000000E+02   0.5548964933472148E+00   0.9747561363213215E+00  -0.8443212350218832E-01   0.5323232505982594E+00   0.2293980140644487E-03   0.7349199400605046E-01   0.7748091604882547E+00
  0.1567500000000000E+02   0.5563898440941022E+00   0.9567458428997467E+00  -0.8809089656329727E-01   0.5245839959783647E+00   0.2267862807754356E-03   0.7198633030679405E-01   0.7810602014919360E+00
  0.1572500000000000E+02   0.5599976837409992E+00   0.9411482115688447E+00  -0.9028866208397823E-01   0.5172784884295489E+00   0.2243413167483362E-03   0.7043653968291752E-01   0.7847104136258501E+00
  0.1577500000000000E+02   0.5649557113676376E+00   0.9283945982326223E+00  -0.9122718971102928E-01   0.5107957608994773E+00   0.2222341746825769E-03   0.6895805137645679E-01   0.7860479982858599E+00
  0.1582500000000000E+02   0.5704371011177521E+00   0.9186975083830325E+00  -0.9120223322105780E-01   0.5054466141786297E+00   0.2206039084896322E-03   0.6765712460732630E-01   0.7856120074925953E+00
  0.1587500000000000E+02   0.5756002558259901E+00   0.9120552709266595E+00  -0.9057726237781727E-01   0.5014473650127552E+00   0.2195499182789732E-03   0.6662323289345465E-01   0.7841181789547313E+00
  0.1592500000000000E+02   0.5796297228496941E+00   0.9082586342980578E+00  -0.8975760311389613E-01   0.4989103108167492E+00   0.2191271108840332E-03   0.6592407515317603E-01   0.7823716265738907E+00
  0.1597500000000000E+02   0.5817759887395850E+00   0.9068974729327508E+00  -0.8916551967777286E-01   0.4978387909798477E+00   0.2193430067073715E-03   0.6560279570830758E-01   0.7811843451744764E+00
  0.1602500000000000E+02   0.5813993364908925E+00   0.9073700056354950E+00  -0.8921551483789536E-01   0.4981255282768667E+00   0.2201562554096781E-03   0.6567673285718807E-01   0.7813092602053785E+00
  0.1607500000000000E+02   0.5780204007858439E+00   0.9089004399955335E+00  -0.9028858125585160E-01   0.4995542659287852E+00   0.2214765989965781E-03   0.6613705692509261E-01   0.7833946657903689E+00
  0.1612500000000000E+02   0.5713756548745588E+00   0.9105729690396819E+00  -0.9270451354619602E-01   0.5018061825694119E+00   0.2231669733163589E-03   0.6694892566941060E-01   0.7879564833204220E+00
  0.1617500000000000E+02   0.5614703524267453E+00   0.9113894489476299E+00  -0.9669272920548810E-01   0.5044736594149238E+00   0.2250489425000896E-03   0.6805216425828034E-01   0.7953622543701826E+00
  0.1622500000000000E+02   0.5486158852960141E+00   0.9103537877619726E+00  -0.1023641158839731E+00   0.5070841105346797E+00   0.2269127504024660E-03   0.6936284858982100E-01   0.8058200626092992E+00
  0.1627500000000000E+02   0.5334356460433765E+00   0.9065779028129318E+00  -0.1096886004361257E+00   0.5091352886512662E+00   0.2285327201711526E-03   0.7077641730282930E-01   0.8193668824773278E+00
  0.1632500000000000E+02   0.5168261693632322E+00   0.8993939065223094E+00  -0.1184844369250294E+00   0.5101406850861341E+00   0.2296874907589777E-03   0.7217295496501472E-01   0.8358534254048690E+00
  0.1637500000000000E+02   0.4998699160230886E+00   0.8884491226440091E+00  -0.1284246196945834E+00   0.5096800246541381E+00   0.2301829300684132E-03   0.7342501206763613E-01   0.8549259571136938E+00
  0.1642500000000000E+02   0.4837104177370636E+00   0.8737595610981957E+00  -0.1390629054712538E+00   0.5074468080484256E+00   0.2298741283996560E-03   0.7440777382180971E-01   0.8760095576246038E+00
  0.1647500000000000E+02   0.4694138249617379E+00   0.8557061382026117E+00  -0.1498773412486020E+00   0.5032839257921994E+00   0.2286823652178017E-03   0.7501068622018615E-01   0.8983014986105105E+00
  0.1652500000000000E+02   0.4578465370117111E+00   0.8349737631738979E+00  -0.1603246341224366E+00   0.4972003449816872E+00   0.2266037443359711E-03   0.7514901054897669E-01   0.9207868259976424E+00
  0.1657500000000000E+02   0.4495933503997919E+00   0.8124495750796582E+00  -0.1698960378450867E+00   0.4893661590113212E+00   0.2237080760522550E-03   0.7477343705436965E-01   0.9422889960973804E+00
  0.1662500000000000E+02   0.4449270493353480E+00   0.7891059310653189E+00  -0.1781656406432049E+00   0.4800881844870231E+00   0.2201287988748415E-03   0.7387599696399953E-01   0.9615641432002283E+00
  0.1667500000000000E+02   0.4438252148278893E+00   0.7658931110082924E+00  -0.1848246054753730E+00   0.4697719755482354E+00   0.2160464527508579E-03   0.7249108409467050E-01   0.9774367340113208E+00
  0.1672500000000000E+02   0.4460195410663015E+00   0.7436583199025794E+00  -0.1896986784851559E+00   0.4588776422777660E+00   0.2116689799797297E-03   0.7069130614884578E-01   0.9889584613298724E+00
  0.1677500000000000E+02   0.4510597632959095E+00   0.7230965760958905E+00  -0.1927497434719693E+00   0.4478763371385698E+00   0.2072119696337404E-03   0.6857890043287886E-01   0.9955570871295506E+00
  0.1682500000000000E+02   0.4583771844728753E+00   0.7047300852480450E+00  -0.1940645529348333E+00   0.4372124888006456E+00   0.2028812089285503E-03   0.6627429216922372E-01   0.9971361312980050E+00
  0.1687500000000000E+02   0.4673386193613473E+00   0.6889078506266427E+00  -0.1938348551303790E+00   0.4272746440421075E+00   0.1988589284211291E-03   0.6390380237100247E-01   0.9940958663091627E+00
  0.1692500000000000E+02   0.4772874921812466E+00   0.6758163416994276E+00  -0.1923331672820529E+00   0.4183756929978055E+00   0.1952941860197937E-03   0.6158840898903473E-01   0.9872690422939452E+00
  0.1697500000000000E+02   0.4875732437267075E+00   0.6654936616059096E+00  -0.1898877119176934E+00   0.4107416165611205E+00   0.1922970771980517E-03   0.5943489986741812E-01   0.9777907589627106E+00
  0.1702500000000000E+02   0.4975727451282127E+00   0.6578424026862447E+00  -0.1868588288195416E+00   0.4045068839222823E+00   0.1899359746722419E-03   0.5752996265394206E-01   0.9669385639874279E+00
  0.1707500000000000E+02   0.5067083414981320E+00   0.6526393215108467E+00  -0.1836178062462244E+00   0.3997143289651939E+00   0.1882368392201940E-03   0.5593702188704993E-01   0.9559799572512693E+00
  0.1712500000000000E+02   0.5144668449884976E+00   0.6495426558496367E+00  -0.1805278650403548E+00   0.3963177197487156E+00   0.1871838014409790E-03   0.5469516858685121E-01   0.9460528363738800E+00
  0.1717500000000000E+02   0.5204224987814361E+00   0.6481001489158784E+00  -0.1779262709584291E+00   0.3941861453664730E+00   0.1867206256420803E-03   0.5381940274492829E-01   0.9380881756790873E+00
  0.1722500000000000E+02   0.5242647170174713E+00   0.6477624123362892E+00  -0.1761064493863911E+00   0.3931105006550039E+00   0.1867532066386461E-03   0.5330156904570613E-01   0.9327709000546650E+00
  0.1727500000000000E+02   0.5258283811337596E+00   0.6479067130612878E+00  -0.1752996061440688E+00   0.3928133888914282E+00   0.1871537486892578E-03   0.5311169144981558E-01   0.9305279775863644E+00
  0.1732500000000000E+02   0.5251210899356588E+00   0.6478750109173971E+00  -0.1756566152149236E+00   0.3929642809508999E+00   0.1877675380262140E-03   0.5319977256079713E-01   0.9315318823487974E+00
  0.1737500000000000E+02   0.5223390444171597E+00   0.6470266782832027E+00  -0.1772324840142209E+00   0.3932013999774792E+00   0.1884230636949911E-03   0.5349840261951402E-01   0.9357106227167862E+00
  0.1742500000000000E+02   0.5178626949753538E+00   0.6448011250499726E+00  -0.1799769669091431E+00   0.3931603741784958E+00   0.1889455721018613E-03   0.5392662562497096E-01   0.9427602577929700E+00
  0.1747500000000000E+02   0.5122261862695374E+00   0.6407800585708633E+00  -0.1837351629711446E+00   0.3925074494837092E+00   0.1891730563090580E-03   0.5439537573247676E-01   0.9521606259046761E+00
  0.1752500000000000E+02   0.5060610368952936E+00   0.6347358383575429E+00  -0.1882606946266059E+00   0.3909727138724477E+00   0.1889725257710335E-03   0.5481442697032858E-01   0.9631988096231745E+00
  0.1757500000000000E+02   0.5000224372553171E+00   0.6266536202232484E+00  -0.1932413970158697E+00   0.3883774018060117E+00   0.1882536814867186E-03   0.5510028441139285E-01   0.9750067722834488E+00
  0.1762500000000000E+02   0.4947126375084936E+00   0.6167211359349404E+00  -0.1983341845550601E+00   0.3846497655588871E+00   0.1869772594676033E-03   0.5518396162640123E-01   0.9866187640372229E+00
  0.1767500000000000E+02   0.4906171352217994E+00   0.6052888005951877E+00  -0.2032031837004533E+00   0.3798263172073446E+00   0.1851563740656001E-03   0.5501734178262581E-01   0.9970499674296542E+00
  0.1772500000000000E+02   0.4880651278455287E+00   0.5928105764805091E+00  -0.2075543917068251E+00   0.3740386534271710E+00   0.1828508236551959E-03   0.5457694641841300E-01   0.1005390867781161E+01
  0.1777500000000000E+02   0.4872181262913576E+00   0.5797795302444372E+00  -0.2111612990288325E+00   0.3674892785626833E+00   0.1801558938778854E-03   0.5386443194857777E-01   0.1010903997516185E+01
  0.1782500000000000E+02   0.4880832077735575E+00   0.5666705943872495E+00  -0.2138784776808039E+00   0.3604217530614555E+00   0.1771881711203342E-03   0.5290384269495306E-01   0.1013104379999256E+01
  0.1787500000000000E+02   0.4905428040355663E+00   0.5538983440311052E+00  -0.2156430255121753E+00   0.3530907240244748E+00   0.1740710508845281E-03   0.5173633115759264E-01   0.1011805453839346E+01
  0.1792500000000000E+02   0.4943919155138646E+00   0.5417922058745942E+00  -0.2164660334271989E+00   0.3457362596827857E+00   0.1709221259289904E-03   0.5041349649318060E-01   0.1007119544243237E+01
  0.1797500000000000E+02   0.4993752886042966E+00   0.5305874087263733E+00  -0.2164174484692165E+00   0.3385650992928783E+00   0.1678437903752404E-03   0.4899058778173071E-01   0.9994136952028597E+00
  0.1802500000000000E+02   0.5052198434124342E+00   0.5204278997755181E+00  -0.2156078658846823E+00   0.3317396217661504E+00   0.1649175258857104E-03   0.4752060388662756E-01   0.9892330882149345E+00
  0.1807500000000000E+02   0.5116602224657857E+00   0.5113771040099950E+00  -0.2141702216366929E+00   0.3253739665319565E+00   0.1622016620167818E-03   0.4604992813904975E-01   0.9772108548984038E+00
  0.1812500000000000E+02   0.5184571136204716E+00   0.5034330687441845E+00  -0.2122434759992161E+00   0.3195359564827187E+00   0.1597320048636797E-03   0.4461571883363093E-01   0.9639830924883762E+00
  0.1817500000000000E+02   0.5254089067602161E+00   0.4965455129513918E+00  -0.2099595055726314E+00   0.3142532037622289E+00   0.1575245783346440E-03   0.4324494943673962E-01   0.9501227402111462E+00
  0.1822500000000000E+02   0.5323575075123727E+00   0.4906331408645202E+00  -0.2074337383314235E+00   0.3095218435311632E+00   0.1555797368850926E-03   0.4195480015696796E-01   0.9360987767578359E+00
  0.1827500000000000E+02   0.5391890732354665E+00   0.4856000981714155E+00  -0.2047596162537600E+00   0.3053165483648085E+00   0.1538869959848560E-03   0.4075403071394762E-01   0.9222607750119670E+00
  0.1832500000000000E+02   0.5458303303815789E+00   0.4813506642044419E+00  -0.2020066992251426E+00   0.3016006924726353E+00   0.1524300211649992E-03   0.3964496915031032E-01   0.9088446289549524E+00
  0.1837500000000000E+02   0.5522411426141323E+00   0.4778013148489376E+00  -0.1992220430682912E+00   0.2983357063671552E+00   0.1511912908973128E-03   0.3862578962252229E-01   0.8959933126843339E+00
  0.1842500000000000E+02   0.5584041678283889E+00   0.4748893214058601E+00  -0.1964343209335027E+00   0.2954888030792575E+00   0.1501560093570700E-03   0.3769279614395555E-01   0.8837861831615055E+00
  0.1847500000000000E+02   0.5643127079998794E+00   0.4725771995687011E+00  -0.1936599845851348E+00   0.2930384146479189E+00   0.1493149164047267E-03   0.3684247154537570E-01   0.8722708618034751E+00
  0.1852500000000000E+02   0.5699580993946489E+00   0.4708526401788434E+00  -0.1909106029050630E+00   0.2909768944380286E+00   0.1486657456076200E-03   0.3607309648639753E-01   0.8614926573100988E+00
  0.1857500000000000E+02   0.5753180968089182E+00   0.4697239989804651E+00  -0.1882004187552820E+00   0.2893103235285275E+00   0.1482132210404450E-03   0.3538579966054011E-01   0.8515176496158959E+00
  0.1862500000000000E+02   0.5803476175798579E+00   0.4692118931621797E+00  -0.1855531751249505E+00   0.2880555727098359E+00   0.1479676427522541E-03   0.3478496890898151E-01   0.8424469132182806E+00
  0.1867500000000000E+02   0.5849729542103508E+00   0.4693378386841166E+00  -0.1830073858087158E+00   0.2872350560651639E+00   0.1479422589598899E-03   0.3427802642860304E-01   0.8344208589830617E+00
  0.1872500000000000E+02   0.5890902249190045E+00   0.4701111046892166E+00  -0.1806194316017051E+00   0.2868698153339042E+00   0.1481497327893064E-03   0.3387463652469971E-01   0.8276141426624986E+00
  0.1877500000000000E+02   0.5925685043874339E+00   0.4715150769493218E+00  -0.1784640917175777E+00   0.2869716784109377E+00   0.1485980723711487E-03   0.3358545943409609E-01   0.8222227707782100E+00
  0.1882500000000000E+02   0.5952578092823988E+00   0.4734944900518708E+00  -0.1766323188600001E+00   0.2875352657735427E+00   0.1492864171007791E-03   0.3342058524522340E-01   0.8184457110258363E+00
  0.1887500000000000E+02   0.5970018692609275E+00   0.4759449979651166E+00  -0.1752262167724276E+00   0.2885306296367772E+00   0.1502010871404816E-03   0.3338778370729212E-01   0.8164634164442101E+00
  0.1892500000000000E+02   0.5976552810161437E+00   0.4787067414517545E+00  -0.1743513112470370E+00   0.2898973546332278E+00   0.1513123348627588E-03   0.3349070245886761E-01   0.8164153245871045E+00
  0.1897500000000000E+02   0.5971040772092873E+00   0.4815637659090646E+00  -0.1741063895388835E+00   0.2915410410065988E+00   0.1525722943246231E-03   0.3372715339121078E-01   0.8183778642282349E+00
  0.1902500000000000E+02   0.5952878560271363E+00   0.4842511393011016E+00  -0.1745714978740800E+00   0.2933331827371455E+00   0.1539146829965395E-03   0.3408765419168302E-01   0.8223441046428305E+00
  0.1907500000000000E+02   0.5922204858953021E+00   0.4864711166667051E+00  -0.1757951711207385E+00   0.2951154249655389E+00   0.1552568063811525E-03   0.3455443672398083E-01   0.8282061642780347E+00
  0.1912500000000000E+02   0.5880053490745029E+00   0.4879184254553023E+00  -0.1777825666007862E+00   0.2967088787196767E+00   0.1565042654204484E-03   0.3510117640159845E-01   0.8357419602542433E+00
  0.1917500000000000E+02   0.5828406817599197E+00   0.4883126725259655E+00  -0.1804866995823557E+00   0.2979284608786150E+00   0.1575583985515905E-03   0.3569370265785052E-01   0.8446087324268131E+00
  0.1922500000000000E+02   0.5770114178811149E+00   0.4874334089201836E+00  -0.1838051394562104E+00   0.2986011260812346E+00   0.1583259060196102E-03   0.3629188049061046E-01   0.8543466861777986E+00
  0.1927500000000000E+02   0.5708663363518570E+00   0.4851514148685974E+00  -0.1875840371620280E+00   0.2985855996562661E+00   0.1587294229904671E-03   0.3685268159314550E-01   0.8643965044038945E+00
  0.1932500000000000E+02   0.5647828399559802E+00   0.4814493380932349E+00  -0.1916301143651457E+00   0.2977902484053621E+00   0.1587172634409043E-03   0.3733420293804146E-01   0.8741336846971347E+00
  0.1937500000000000E+02   0.5591252004447868E+00   0.4764265677421168E+00  -0.1957294829551545E+00   0.2961855231823397E+00   0.1582704112830356E-03   0.3770010392764347E-01   0.8829200995071517E+00
  0.1942500000000000E+02   0.5542041430808803E+00   0.4702868405296146E+00  -0.1996704284572798E+00   0.2938082367886812E+00   0.1574052402796010E-03   0.3792372249482753E-01   0.8901688582879049E+00
  0.1947500000000000E+02   0.5502452785905184E+00   0.4633112762601172E+00  -0.2032662271785768E+00   0.2907566442297420E+00   0.1561713291147013E-03   0.3799109559639161E-01   0.8954134446269536E+00
  0.1952500000000000E+02   0.5473712808401789E+00   0.4558227135186944E+00  -0.2063740870992717E+00   0.2871773124523163E+00   0.1546448143991019E-03   0.3790229411035326E-01   0.8983681472813444E+00
  0.1957500000000000E+02   0.5455990230989268E+00   0.4481482934812076E+00  -0.2089073687975230E+00   0.2832464087043846E+00   0.1529186217703618E-03   0.3767084101006811E-01   0.8989661803827915E+00
  0.1962500000000000E+02   0.5448496044345427E+00   0.4405861988173300E+00  -0.2108399018484690E+00   0.2791488063381092E+00   0.1510913608478538E-03   0.3732139425347672E-01   0.8973657392192907E+00
  0.1967500000000000E+02   0.5449673331301575E+00   0.4333801521636228E+00  -0.2122028477492599E+00   0.2750582119556118E+00   0.1492566015270099E-03   0.3688620242658895E-01   0.8939216663614490E+00
  0.1972500000000000E+02   0.5457434753079654E+00   0.4267028438972504E+00  -0.2130756862215605E+00   0.2711206379228674E+00   0.1474938057774144E-03   0.3640098875741198E-01   0.8891286397939014E+00
  0.1977500000000000E+02   0.5469414495806115E+00   0.4206477255976779E+00  -0.2135733312508853E+00   0.2674424344400461E+00   0.1458616094491100E-03   0.3590087744958754E-01   0.8835476573713256E+00
  0.1982500000000000E+02   0.5483214241311813E+00   0.4152278753532825E+00  -0.2138312256022401E+00   0.2640831643761007E+00   0.1443936529510011E-03   0.3541680815984190E-01   0.8777292424751937E+00
  0.1987500000000000E+02   0.5496633237286056E+00   0.4103807598162086E+00  -0.2139898015265684E+00   0.2610530757827566E+00   0.1430968732047042E-03   0.3497268361197803E-01   0.8721445480191610E+00
  0.1992500000000000E+02   0.5507877223410448E+00   0.4059782810425809E+00  -0.2141792418972258E+00   0.2583148108881368E+00   0.1419521027646165E-03   0.3458334118436010E-01   0.8671312943125825E+00
  0.1997500000000000E+02   0.5515739135849398E+00   0.4018420328300327E+00  -0.2145052564279079E+00   0.2557891291561214E+00   0.1409168944688041E-03   0.3425336992225015E-01   0.8628574461637358E+00
  0.2002500000000000E+02   0.5519738031902082E+00   0.3977637889894640E+00  -0.2150366828432969E+00   0.2533645715001342E+00   0.1399305701003331E-03   0.3397680235173854E-01   0.8593031478274505E+00
  0.2007500000000000E+02   0.5520195526912260E+00   0.3935306536045931E+00  -0.2157960486666888E+00   0.2509109096782211E+00   0.1389214447456067E-03   0.3373775340459772E-01   0.8562609580788263E+00
  0.2012500000000000E+02   0.5518226461705369E+00   0.3889530457178023E+00  -0.2167545530387643E+00   0.2482957591562306E+00   0.1378159183077589E-03   0.3351209710424486E-01   0.8533551366499116E+00
  0.2017500000000000E+02   0.5515627235293212E+00   0.3838921582725077E+00  -0.2178329364504372E+00   0.2454029172043896E+00   0.1365486644402819E-03   0.3327021026767009E-01   0.8500813233276540E+00
  0.2022500000000000E+02   0.5514662721590264E+00   0.3782824319708255E+00  -0.2189091382993762E+00   0.2421500817121411E+00   0.1350726257713367E-03   0.3298064618727586E-01   0.8458670253277873E+00
  0.2027500000000000E+02   0.5517776930174897E+00   0.3721446674472444E+00  -0.2198324571197459E+00   0.2385030438932038E+00   0.1333671839878967E-03   0.3261435800213975E-01   0.8401499843054568E+00
  0.2032500000000000E+02   0.5527274469813093E+00   0.3655870101351311E+00  -0.2204424155563874E+00   0.2344836465134635E+00   0.1314429525305310E-03   0.3214885748410484E-01   0.8324659977564478E+00
  0.2037500000000000E+02   0.5545029337446323E+00   0.3587937967459831E+00  -0.2205892489676169E+00   0.2301699048099709E+00   0.1293422310183084E-03   0.3157158631575423E-01   0.8225319962719739E+00
  0.2042500000000000E+02   0.5572269354322922E+00   0.3520051244936412E+00  -0.2201524514178866E+00   0.2256884214957413E+00   0.1271351197677341E-03   0.3088187996464075E-01   0.8103072162534913E+00
  0.2047500000000000E+02   0.5609461791642278E+00   0.3454918597292974E+00  -0.2190543873626677E+00   0.2212009736264069E+00   0.1249122804014482E-03   0.3009121658002352E-01   0.7960178972241049E+00
  0.2052500000000000E+02   0.5656298016106411E+00   0.3395310211081274E+00  -0.2172674028349596E+00   0.2168882593735500E+00   0.1227759777583277E-03   0.2922185967855777E-01   0.7801394229504368E+00
  0.2057500000000000E+02   0.5711752900041935E+00   0.3343852160842767E+00  -0.2148145801366247E+00   0.2129339182982160E+00   0.1208311425243900E-03   0.2830436529193871E-01   0.7633412626408905E+00
  0.2062500000000000E+02   0.5774184470347992E+00   0.3302877991459870E+00  -0.2117656581981603E+00   0.2095111704921254E+00   0.1191777913573759E-03   0.2737460418747309E-01   0.7464095745333960E+00
  0.2067500000000000E+02   0.5841440992411233E+00   0.3274334616181223E+00  -0.2082303087195126E+00   0.2067731723151599E+00   0.1179054557277853E-03   0.2647091206686755E-01   0.7301660239415274E+00
  0.2072500000000000E+02   0.5910952517565511E+00   0.3259725785069590E+00  -0.2043508804087100E+00   0.2048469422516329E+00   0.1170895716268026E-03   0.2563178211474128E-01   0.7153985493950873E+00
  0.2077500000000000E+02   0.5979797132423434E+00   0.3260069753860654E+00  -0.2002961153817051E+00   0.2038298060423148E+00   0.1167892624972990E-03   0.2489425547015409E-01   0.7028128632956023E+00
  0.2082500000000000E+02   0.6044745407905577E+00   0.3275847381059360E+00  -0.1962564919259417E+00   0.2037868641022677E+00   0.1170456799052009E-03   0.2429293393956002E-01   0.6930058915669280E+00
  0.2087500000000000E+02   0.6102298480730282E+00   0.3306921168836891E+00  -0.1924409784596339E+00   0.2047479552967630E+00   0.1178800332933032E-03   0.2385938050705778E-01   0.6864567313728124E+00
  0.2092500000000000E+02   0.6148745611629763E+00   0.3352414115176591E+00  -0.1890742043730809E+00   0.2067028902801687E+00   0.1192905959584183E-03   0.2362159161868174E-01   0.6835279122818807E+00
  0.2097500000000000E+02   0.6180275498626180E+00   0.3410550435292446E+00  -0.1863924017529637E+00   0.2095943082783808E+00   0.1212482967740653E-03   0.2360320642548890E-01   0.6844693226193811E+00
  0.2102500000000000E+02   0.6193179799358532E+00   0.3478479815460847E+00  -0.1846359992997307E+00   0.2133084004489639E+00   0.1236910157038668E-03   0.2382215145044603E-01   0.6894181510024002E+00
  0.2107500000000000E+02   0.6184181947391209E+00   0.3552133353006146E+00  -0.1840366150313034E+00   0.2176649968884584E+00   0.1265174326809703E-03   0.2428851174581949E-01   0.6983898143752626E+00
  0.2112500000000000E+02   0.6150901452411651E+00   0.3626188727746051E+00  -0.1847967163017601E+00   0.2224100908484773E+00   0.1295822144520170E-03   0.2500159806810178E-01   0.7112568071055635E+00
  0.2117500000000000E+02   0.6092416464139716E+00   0.3694242147571482E+00  -0.1870618093255696E+00   0.2272154383906273E+00   0.1326952716680864E-03   0.2594647412940789E-01   0.7277149236168310E+00
  0.2122500000000000E+02   0.6009817970447200E+00   0.3749273782721338E+00  -0.1908879268663509E+00   0.2316906339192663E+00   0.1356283158600026E-03   0.2709061603275816E-01   0.7472399258875868E+00
  0.2127500000000000E+02   0.5906580297477682E+00   0.3784429485090819E+00  -0.1962109866322853E+00   0.2354118694179969E+00   0.1381313057300950E-03   0.2838181081006537E-01   0.7690429692166771E+00
  0.2132500000000000E+02   0.5788549664708833E+00   0.3794022182317670E+00  -0.2028277993424014E+00   0.2379675419682176E+00   0.1399590406038343E-03   0.2974865728893472E-01   0.7920398289518240E+00
  0.2137500000000000E+02   0.5663421961786288E+00   0.3774521514803512E+00  -0.2103987792011073E+00   0.2390144173652983E+00   0.1409043542940832E-03   0.3110483001921635E-01   0.8148554866926733E+00
  0.2142500000000000E+02   0.5539747319007886E+00   0.3725229496940576E+00  -0.2184779417464269E+00   0.2383316924710451E+00   0.1408305320233517E-03   0.3235741584623264E-01   0.8358879412109482E+00
  0.2147500000000000E+02   0.5425694160154888E+00   0.3648403066218535E+00  -0.2265671890811672E+00   0.2358577897596727E+00   0.1396939472744609E-03   0.3341826091358391E-01   0.8534475405259815E+00
  0.2152500000000000E+02   0.5327916521263433E+00   0.3548774525498308E+00  -0.2341828710470615E+00   0.2316985603567238E+00   0.1375500294621681E-03   0.3421591307318739E-01   0.8659667282378873E+00
  0.2157500000000000E+02   0.5250822520758620E+00   0.3432639561090562E+00  -0.2409179473986568E+00   0.2261046450332376E+00   0.1345409472756185E-03   0.3470513799835039E-01   0.8722433161885562E+00
  0.2162500000000000E+02   0.5196368914241614E+00   0.3306808702734227E+00  -0.2464852425747883E+00   0.2194256097938756E+00   0.1308692526693034E-03   0.3487156964881317E-01   0.8716525642881346E+00
  0.2167500000000000E+02   0.5164313530725206E+00   0.3177700083274546E+00  -0.2507347419208441E+00   0.2120544125735267E+00   0.1267653653433507E-03   0.3473062676079543E-01   0.8642590522520179E+00
  0.2172500000000000E+02   0.5152741026896014E+00   0.3050731960225456E+00  -0.2536464839564401E+00   0.2043758014564913E+00   0.1224569534129669E-03   0.3432162968381455E-01   0.8507883899961234E+00
  0.2177500000000000E+02   0.5158664867220550E+00   0.2930037454457191E+00  -0.2553065732420807E+00   0.1967277640151422E+00   0.1181457250320883E-03   0.3369926028218879E-01   0.8324693083987992E+00
  0.2182500000000000E+02   0.5178565334679139E+00   0.2818432968594766E+00  -0.2558756793254117E+00   0.1893791729612940E+00   0.1139936501505473E-03   0.3292472256970255E-01   0.8108007799190458E+00
  0.2187500000000000E+02   0.5208798570818500E+00   0.2717540378829950E+00  -0.2555578514051915E+00   0.1825219316208463E+00   0.1101177452346144E-03   0.3205834939386409E-01   0.7873138514096387E+00
  0.2192500000000000E+02   0.5245870902796668E+00   0.2627974196609791E+00  -0.2545743498190576E+00   0.1762733946686624E+00   0.1065910063607383E-03   0.3115445105557313E-01   0.7633821074956747E+00
  0.2197500000000000E+02   0.5286605509902401E+00   0.2549534150310097E+00  -0.2531440963229934E+00   0.1706844745926181E+00   0.1034468082906109E-03   0.3025837538753231E-01   0.7401040130312722E+00
  0.2202500000000000E+02   0.5328239016708844E+00   0.2481373840766226E+00  -0.2514701691079234E+00   0.1657498297568846E+00   0.1006846350853182E-03   0.2940527176397867E-01   0.7182530772920916E+00
  0.2207500000000000E+02   0.5368482318448906E+00   0.2422139587883608E+00  -0.2497307100982998E+00   0.1614180148704311E+00   0.9827587212674168E-04   0.2861992230146497E-01   0.6982772419869445E+00
  0.2212500000000000E+02   0.5405569733597351E+00   0.2370088778453789E+00  -0.2480724701686858E+00   0.1576008780384387E+00   0.9616922238323966E-04   0.2791710650757520E-01   0.6803267860320491E+00
  0.2217500000000000E+02   0.5438307477740830E+00   0.2323204664668908E+00  -0.2466056830616308E+00   0.1541825185322546E+00   0.9429593176795082E-04   0.2730217484416348E-01   0.6642953124179009E+00
  0.2222500000000000E+02   0.5466118735090800E+00   0.2279325275190411E+00  -0.2453997550860109E+00   0.1510286599131844E+00   0.9257534321120753E-04   0.2677173144440013E-01   0.6498659175899905E+00
  0.2227500000000000E+02   0.5489070452703745E+00   0.2236297951645901E+00  -0.2444801485911084E+00   0.1479972993082616E+00   0.9092131228298534E-04   0.2631451012019683E-01   0.6365611156824126E+00
  0.2232500000000000E+02   0.5507859563247297E+00   0.2192158527260688E+00  -0.2438275726725609E+00   0.1449509693846213E+00   0.8924970390371659E-04   0.2591263130602448E-01   0.6237988127649056E+00
  0.2237500000000000E+02   0.5523737410999654E+00   0.2145317950226785E+00  -0.2433808908052612E+00   0.1417700084597402E+00   0.8748661263372715E-04   0.2554341954767660E-01   0.6109568930927720E+00
  0.2242500000000000E+02   0.5538362930007935E+00   0.2094724876302042E+00  -0.2430447733389985E+00   0.1383651768640310E+00   0.8557628842878775E-04   0.2518182955449314E-01   0.5974458193074266E+00
  0.2247500000000000E+02   0.5553595469028830E+00   0.2039967683238365E+00  -0.2427020376988441E+00   0.1346872555314713E+00   0.8348729618609379E-04   0.2480330420239771E-01   0.5827831242895375E+00
  0.2252500000000000E+02   0.5571259556985925E+00   0.1981288415970842E+00  -0.2422291592942359E+00   0.1307313708538542E+00   0.8121547845614406E-04   0.2438665556511471E-01   0.5666581804587790E+00
  0.2257500000000000E+02   0.5592926321189767E+00   0.1919502766780385E+00  -0.2415122275267040E+00   0.1265348524025128E+00   0.7878292738275088E-04   0.2391643552830921E-01   0.5489733834877335E+00
  0.2262500000000000E+02   0.5619753021833642E+00   0.1855845660186339E+00  -0.2404602770484351E+00   0.1221690982121737E+00   0.7623319965219053E-04   0.2338432893050252E-01   0.5298512358120234E+00
  0.2267500000000000E+02   0.5652404486258983E+00   0.1791780180642440E+00  -0.2390136599836439E+00   0.1177274864489637E+00   0.7362399163767909E-04   0.2278935010243930E-01   0.5096053468075283E+00
  0.2272500000000000E+02   0.5691056571607790E+00   0.1728811457799266E+00  -0.2371466033563400E+00   0.1133121688522034E+00   0.7101901367068754E-04   0.2213694658520888E-01   0.4886835126033505E+00
  0.2277500000000000E+02   0.5735462330156741E+00   0.1668337455225772E+00  -0.2348646452839007E+00   0.1090223739461630E+00   0.6848070337966061E-04   0.2143737111518813E-01   0.4675980716054663E+00
  0.2282500000000000E+02   0.5785052429049128E+00   0.1611552036114811E+00  -0.2321986683770731E+00   0.1049459000486767E+00   0.6606485026938864E-04   0.2070378335080604E-01   0.4468597753685065E+00
  0.2287500000000000E+02   0.5839042671626000E+00   0.1559399851559003E+00  -0.2291975210799657E+00   0.1011543095803134E+00   0.6381748503593045E-04   0.1995048456307110E-01   0.4269270017029808E+00
  0.2292500000000000E+02   0.5896529188332048E+00   0.1512572256225575E+00  -0.2259208811812712E+00   0.9770139895607906E-01   0.6177380017640637E-04   0.1919153729729670E-01   0.4081752598494470E+00
  0.2297500000000000E+02   0.5956561263039452E+00   0.1471529501394598E+00  -0.2224333914866313E+00   0.9462401582598937E-01   0.5995854533722394E-04   0.1843985795771108E-01   0.3908857978329551E+00
  0.2302500000000000E+02   0.6018189587681796E+00   0.1436535247977776E+00  -0.2188004774475110E+00   0.9194419648926849E-01   0.5838726777321460E-04   0.1770674707817862E-01   0.3752484884095693E+00
  0.2307500000000000E+02   0.6080492767345256E+00   0.1407692626110596E+00  -0.2150858009816090E+00   0.8967175188517724E-01   0.5706785596966665E-04   0.1700175631958623E-01   0.3613731472327098E+00
  0.2312500000000000E+02   0.6142587344297021E+00   0.1384974764738224E+00  -0.2113500469708087E+00   0.8780668529926104E-01   0.5600199733105851E-04   0.1633277353947841E-01   0.3493041687249004E+00
  0.2317500000000000E+02   0.6203627304935025E+00   0.1368245902337802E+00  -0.2076506379134346E+00   0.8634107426644960E-01   0.5518631340652214E-04   0.1570621855484338E-01   0.3390348387894954E+00
  0.2322500000000000E+02   0.6262798834104387E+00   0.1357271574757049E+00  -0.2040419652090891E+00   0.8526024711300190E-01   0.5461305887032891E-04   0.1512726523255085E-01   0.3305191808813439E+00
  0.2327500000000000E+02   0.6319315587045232E+00   0.1351718104264932E+00  -0.2005757597010046E+00   0.8454322724560939E-01   0.5427036018611814E-04   0.1460002940041203E-01   0.3236803768962078E+00
  0.2332500000000000E+02   0.6372419238299594E+00   0.1351143014940843E+00  -0.1973012681193217E+00   0.8416252332772413E-01   0.5414203715420267E-04   0.1412768216854835E-01   0.3184156208841776E+00
  0.2337500000000000E+02   0.6421389520208890E+00   0.1354979406957695E+00  -0.1942649468143524E+00   0.8408343422571048E-01   0.5420710990344068E-04   0.1371246445657518E-01   0.3145977988752943E+00
  0.2342500000000000E+02   0.6465567119291831E+00   0.1362518941516793E+00  -0.1915094389008595E+00   0.8426313225379235E-01   0.5443915689964306E-04   0.1335559324841677E-01   0.3120747688838755E+00
  0.2347500000000000E+02   0.6504391233443326E+00   0.1372899872755549E+00  -0.1890716878324054E+00   0.8464989149816557E-01   0.5480575929886285E-04   0.1305706666613806E-01   0.3106673458406309E+00
  0.2352500000000000E+02   0.6537450873943409E+00   0.1385108094953996E+00  -0.1869801860483465E+00   0.8518292366220005E-01   0.5526833308730607E-04   0.1281539605035273E-01   0.3101674226247657E+00
  0.2357500000000000E+02   0.6564544952551522E+00   0.1397999610419537E+00  -0.1852515782207826E+00   0.8579333037348123E-01   0.5578268578472279E-04   0.1262731910480017E-01   0.3103379436258302E+00
  0.2362500000000000E+02   0.6585741286333514E+00   0.1410351046766945E+00  -0.1838871205804515E+00   0.8640661618831713E-01   0.5630059794237560E-04   0.1248757469184453E-01   0.3109165605364946E+00
  0.2367500000000000E+02   0.6601420274612223E+00   0.1420939954924565E+00  -0.1828697758653474E+00   0.8694697081051871E-01   0.5677258065337840E-04   0.1238883751829753E-01   0.3116245370942138E+00
  0.2372500000000000E+02   0.6612287370386691E+00   0.1428648706639726E+00  -0.1821628796476792E+00   0.8734310726959117E-01   0.5715168661342413E-04   0.1232190641062173E-01   0.3121816314863427E+00
  0.2377500000000000E+02   0.6619341781129051E+00   0.1432576723744788E+00  -0.1817112130988596E+00   0.8753491106544158E-01   0.5739790124900948E-04   0.1227620190367907E-01   0.3123262231683214E+00
  0.2382500000000000E+02   0.6623797798066545E+00   0.1432139013675991E+00  -0.1814448848112611E+00   0.8747969361511927E-01   0.5748232885015348E-04   0.1224055728234979E-01   0.3118381228716177E+00
  0.2387500000000000E+02   0.6626967725627055E+00   0.1427128317295505E+00  -0.1812857280969988E+00   0.8715667762687948E-01   0.5739026621707721E-04   0.1220419972318813E-01   0.3105599208995892E+00
  0.2392500000000000E+02   0.6630126962116187E+00   0.1417725314456297E+00  -0.1811551903455288E+00   0.8656862068006120E-01   0.5712242505997849E-04   0.1215774761021065E-01   0.3084121588404557E+00
  0.2397500000000000E+02   0.6634387349265074E+00   0.1404454319429553E+00  -0.1809822283902156E+00   0.8574016145395050E-01   0.5669400074820166E-04   0.1209402933918087E-01   0.3053985646454744E+00
  0.2402500000000000E+02   0.6640601957979253E+00   0.1388095676443626E+00  -0.1807097343680206E+00   0.8471330215139840E-01   0.5613182979184921E-04   0.1200857122188336E-01   0.3015999245334802E+00
  0.2407500000000000E+02   0.6649314576877682E+00   0.1369575224731245E+00  -0.1802984859871316E+00   0.8354109400301440E-01   0.5547031681133021E-04   0.1189969114661594E-01   0.2971580290008636E+00
  0.2412500000000000E+02   0.6660754891511506E+00   0.1349852939094309E+00  -0.1797283214519847E+00   0.8228084513924214E-01   0.5474699145994169E-04   0.1176823326306245E-01   0.2922533973533266E+00
  0.2417500000000000E+02   0.6674870484035521E+00   0.1329828041508382E+00  -0.1789968909937010E+00   0.8098800278100893E-01   0.5399845874786949E-04   0.1161705031674682E-01   0.2870813697535761E+00
  0.2422500000000000E+02   0.6691381995454370E+00   0.1310269840237881E+00  -0.1781167285788724E+00   0.7971143140389500E-01   0.5325723143279906E-04   0.1145036606915120E-01   0.2818305833881334E+00
  0.2427500000000000E+02   0.6709847991513314E+00   0.1291775836154201E+00  -0.1771114711076118E+00   0.7849032954031683E-01   0.5254962041741159E-04   0.1127313479871076E-01   0.2766663584981964E+00
  0.2432500000000000E+02   0.6729729417980106E+00   0.1274753439042671E+00  -0.1760119078317163E+00   0.7735266147404025E-01   0.5189461595261091E-04   0.1109047632627672E-01   0.2717198549081700E+00
  0.2437500000000000E+02   0.6750447833771843E+00   0.1259419467322053E+00  -0.1748522977648915E+00   0.7631478969829378E-01   0.5130356309280349E-04   0.1090722300016226E-01   0.2670825839171877E+00
  0.2442500000000000E+02   0.6771435276431221E+00   0.1245811816972929E+00  -0.1736671567627133E+00   0.7538196183103821E-01   0.5078040970784550E-04   0.1072758272818147E-01   0.2628051972729044E+00
  0.2447500000000000E+02   0.6792175897097341E+00   0.1233809212870626E+00  -0.1724885505965330E+00   0.7454937413615538E-01   0.5032234774447977E-04   0.1055490428067671E-01   0.2588993626718505E+00
  0.2452500000000000E+02   0.6812240324101951E+00   0.1223156812813089E+00  -0.1713438530907883E+00   0.7380364083313191E-01   0.4992073776243670E-04   0.1039152646029400E-01   0.2553417710895965E+00
  0.2457500000000000E+02   0.6831313381538722E+00   0.1213496914915498E+00  -0.1702539276428175E+00   0.7312459530348472E-01   0.4956227058004148E-04   0.1023869713028745E-01   0.2520796851102137E+00
  0.2462500000000000E+02   0.6849214780951761E+00   0.1204404707008312E+00  -0.1692317399044113E+00   0.7248740502373868E-01   0.4923035689270745E-04   0.1009655657395759E-01   0.2490377556309846E+00
  0.2467500000000000E+02   0.6865911267514856E+00   0.1195428734100038E+00  -0.1682814764679770E+00   0.7186498197872658E-01   0.4890673547549432E-04   0.9964187649656177E-02   0.2461259968999444E+00
  0.2472500000000000E+02   0.6881517987576090E+00   0.1186134642776363E+00  -0.1673982948737541E+00   0.7123061575981951E-01   0.4857325318170416E-04   0.9839738990933825E-02   0.2432487697820448E+00
  0.2477500000000000E+02   0.6896287013064519E+00   0.1176149156447170E+00  -0.1665688337741079E+00   0.7056066560201017E-01   0.4821370700031639E-04   0.9720624708340260E-02   0.2403143965396734E+00
  0.2482500000000000E+02   0.6910582230644526E+00   0.1165199749596203E+00  -0.1657725506884317E+00   0.6983705406467768E-01   0.4781557257804069E-04   0.9603794356689918E-02   0.2372446983335105E+00
  0.2487500000000000E+02   0.6924842007297458E+00   0.1153144820367314E+00  -0.1649838326069413E+00   0.6904925110417089E-01   0.4737140375617059E-04   0.9486052656276606E-02   0.2339834452610679E+00
  0.2492500000000000E+02   0.6939533573542616E+00   0.1139989827657461E+00  -0.1641746726097381E+00   0.6819545844685677E-01   0.4687969878508796E-04   0.9364394348240690E-02   0.2305025927567320E+00
  0.2497500000000000E+02   0.6955105051329518E+00   0.1125886920716494E+00  -0.1633175740639932E+00   0.6728281160303749E-01   0.4634509967909265E-04   0.9236311322018157E-02   0.2268053583804235E+00
  0.2502500000000000E+02   0.6971941719692890E+00   0.1111118533119896E+00  -0.1623882831814809E+00   0.6632658729633290E-01   0.4577790679100219E-04   0.9100030980413223E-02   0.2229256739909374E+00
  0.2507500000000000E+02   0.6990332146513089E+00   0.1096068325901561E+00  -0.1613679875178402E+00   0.6534858612524513E-01   0.4519301644567209E-04   0.8954657231467926E-02   0.2189242066871089E+00
  0.2512500000000000E+02   0.7010447533923045E+00   0.1081184831265089E+00  -0.1602447418860159E+00   0.6437499621576256E-01   0.4460848554575573E-04   0.8800204848881858E-02   0.2148817702526374E+00
  0.2517500000000000E+02   0.7032334811334078E+00   0.1066943651708450E+00  -0.1590140515161669E+00   0.6343409504237162E-01   0.4404396613738390E-04   0.8637537998000157E-02   0.2108913480195332E+00
  0.2522500000000000E+02   0.7055921540416443E+00   0.1053813167016605E+00  -0.1576787010912639E+00   0.6255410900697070E-01   0.4351923071373701E-04   0.8468238549113657E-02   0.2070500155352526E+00
  0.2527500000000000E+02   0.7081029177056287E+00   0.1042226906774093E+00  -0.1562480255399433E+00   0.6176144994748289E-01   0.4305294256058450E-04   0.8294436141818427E-02   0.2034518147197523E+00
  0.2532500000000000E+02   0.7107390836063551E+00   0.1032563732647557E+00  -0.1547368576863091E+00   0.6107942491264786E-01   0.4266174206979801E-04   0.8118629980772540E-02   0.2001822147635209E+00
  0.2537500000000000E+02   0.7134670220584097E+00   0.1025135294646559E+00  -0.1531643671780971E+00   0.6052740667220805E-01   0.4235964481970125E-04   0.7943524675868036E-02   0.1973143506328729E+00
  0.2542500000000000E+02   0.7162479421072336E+00   0.1020179167047121E+00  -0.1515529468071258E+00   0.6012037894456615E-01   0.4215769555212764E-04   0.7771892550774072E-02   0.1949068748984446E+00
  0.2547500000000000E+02   0.7190394473523370E+00   0.1017855667101603E+00  -0.1499272307239635E+00   0.5986873735341849E-01   0.4206379806196961E-04   0.7606465618050440E-02   0.1930030475698567E+00
  0.2552500000000000E+02   0.7217968620225897E+00   0.1018246490110589E+00  -0.1483132626133632E+00   0.5977822862635111E-01   0.4208264075933561E-04   0.7449853530435134E-02   0.1916306205760514E+00
  0.2557500000000000E+02   0.7244743996023794E+00   0.1021353783416020E+00  -0.1467377809621485E+00   0.5984993596503724E-01   0.4221565429616263E-04   0.7304479795072980E-02   0.1908021150642788E+00
  0.2562500000000000E+02   0.7270262920924143E+00   0.1027098972590591E+00  -0.1452275569169932E+00   0.6008025766986792E-01   0.4246096430443750E-04   0.7172527186829644E-02   0.1905151989935987E+00
  0.2567500000000000E+02   0.7294080111080748E+00   0.1035321428470377E+00  -0.1438087082573904E+00   0.6046087121273935E-01   0.4281333365315971E-04   0.7055884151817480E-02   0.1907530140527774E+00
  0.2572500000000000E+02   0.7315776925179319E+00   0.1045777832485507E+00  -0.1425059202281357E+00   0.6097872027079976E-01   0.4326412069873741E-04   0.6956086600399382E-02   0.1914844497355200E+00
  0.2577500000000000E+02   0.7334978236819714E+00   0.1058143763726056E+00  -0.1413415302026454E+00   0.6161610238211362E-01   0.4380130895764431E-04   0.6874253487196952E-02   0.1926645009317468E+00
  0.2582500000000000E+02   0.7351371673897662E+00   0.1072019464934319E+00  -0.1403344778411089E+00   0.6235096309563169E-01   0.4440968458060793E-04   0.6811019586278813E-02   0.1942349575668747E+00
  0.2587500000000000E+02   0.7364727858399073E+00   0.1086941777860317E+00  -0.1394991825130321E+00   0.6315750989259103E-01   0.4507124445984290E-04   0.6766474294033128E-02   0.1961257408848319E+00
  0.2592500000000000E+02   0.7374919086681961E+00   0.1102403697859937E+00  -0.1388444769134075E+00   0.6400723610926005E-01   0.4576590257149863E-04   0.6740120115997320E-02   0.1982571964837197E+00
  0.2597500000000000E+02   0.7381932916012041E+00   0.1117881784808475E+00  -0.1383727845186590E+00   0.6487038505300574E-01   0.4647252014030633E-04   0.6730867254040642E-02   0.2005435555479270E+00
  0.2602500000000000E+02   0.7385876766605280E+00   0.1132869865771551E+00  -0.1380797574304875E+00   0.6571778975710664E-01   0.4717021754031180E-04   0.6737079770766417E-02   0.2028975724108912E+00
  0.2607500000000000E+02   0.7386970275607428E+00   0.1146915420118913E+00  -0.1379545689614600E+00   0.6652291044203895E-01   0.4783984359802802E-04   0.6756682993716917E-02   0.2052360569499134E+00
  0.2612500000000000E+02   0.7385523892242069E+00   0.1159653336674643E+00  -0.1379809708303472E+00   0.6726378986039838E-01   0.4846540258645043E-04   0.6787331234847898E-02   0.2074857019160881E+00
  0.2617500000000000E+02   0.7381904834657506E+00   0.1170831031640870E+00  -0.1381390867589009E+00   0.6792459279989063E-01   0.4903519719864854E-04   0.6826621481944127E-02   0.2095883494428407E+00
  0.2622500000000000E+02   0.7376494386920112E+00   0.1180319658163726E+00  -0.1384077542029125E+00   0.6849641834182089E-01   0.4954245825388479E-04   0.6872326042984257E-02   0.2115047453691311E+00
  0.2627500000000000E+02   0.7369642746077030E+00   0.1188108297190555E+00  -0.1387670898352253E+00   0.6897717697313964E-01   0.4998530345703765E-04   0.6922609222234075E-02   0.2132159566608187E+00
  0.2632500000000000E+02   0.7361628536675229E+00   0.1194281043592941E+00  -0.1392008841427075E+00   0.6937048502910724E-01   0.5036598168064733E-04   0.6976192738192619E-02   0.2147219667320865E+00
  0.2637500000000000E+02   0.7352629468385816E+00   0.1198979932049770E+00  -0.1396984452698703E+00   0.6968370134039110E-01   0.5068948411988542E-04   0.7032441919915310E-02   0.2160374300121611E+00
  0.2642500000000000E+02   0.7342708750081652E+00   0.1202358900578419E+00  -0.1402556005740813E+00   0.6992536975997031E-01   0.5096170620712686E-04   0.7091357229717621E-02   0.2171850327416787E+00
  0.2647500000000000E+02   0.7331819467516404E+00   0.1204535087877722E+00  -0.1408746921372932E+00   0.7010240979132078E-01   0.5118740443448968E-04   0.7153469471485509E-02   0.2181872590932112E+00
  0.2652500000000000E+02   0.7319826844257045E+00   0.1205543821143379E+00  -0.1415635317566151E+00   0.7021741653230774E-01   0.5136820990256728E-04   0.7219648804139417E-02   0.2190575508366211E+00
  0.2657500000000000E+02   0.7306546479834720E+00   0.1205303111033975E+00  -0.1423333884025364E+00   0.7026641207292741E-01   0.5150095041675416E-04   0.7290846012716913E-02   0.2197919004610718E+00
  0.2662500000000000E+02   0.7291795222200375E+00   0.1203592769489792E+00  -0.1431961666601691E+00   0.7023735904624598E-01   0.5157651364098042E-04   0.7367790257776302E-02   0.2203619041092152E+00
  0.2667500000000000E+02   0.7275449930871205E+00   0.1200052556171915E+00  -0.1441610167073076E+00   0.7010971570580488E-01   0.5157946419982181E-04   0.7450672902990423E-02   0.2207102888738570E+00
  0.2672500000000000E+02   0.7257507686144715E+00   0.1194202772488772E+00  -0.1452307169238330E+00   0.6985526949395295E-01   0.5148859944350908E-04   0.7538853853497276E-02   0.2207499296557864E+00
  0.2677500000000000E+02   0.7238139018130257E+00   0.1185488862270454E+00  -0.1463982949599936E+00   0.6944039915049685E-01   0.5127856702173821E-04   0.7630634896611269E-02   0.2203673088049288E+00
  0.2682500000000000E+02   0.7217724087945849E+00   0.1173348253327651E+00  -0.1476444741437517E+00   0.6882974402899214E-01   0.5092254227335168E-04   0.7723150379529023E-02   0.2194310952891574E+00
  0.2687500000000000E+02   0.7196861650122026E+00   0.1157292812072068E+00  -0.1489365833554503E+00   0.6799098571495857E-01   0.5039576042789609E-04   0.7812422794947231E-02   0.2178058625212457E+00
  0.2692500000000000E+02   0.7176343380740178E+00   0.1136994817895585E+00  -0.1502294647532868E+00   0.6690010836663582E-01   0.4967944386551481E-04   0.7893612607636847E-02   0.2153698610475817E+00
  0.2697500000000000E+02   0.7157092351523048E+00   0.1112360310486499E+00  -0.1514685978140572E+00   0.6554620769607900E-01   0.4876443710267480E-04   0.7961455223843313E-02   0.2120343878234709E+00
  0.2702500000000000E+02   0.7140073040718762E+00   0.1083573426106888E+00  -0.1525951589852023E+00   0.6393481448661954E-01   0.4765377437799673E-04   0.8010829580217036E-02   0.2077611184486837E+00
  0.2707500000000000E+02   0.7126188512896041E+00   0.1051100334921593E+00  -0.1535521969180453E+00   0.6208890442473174E-01   0.4636354704216737E-04   0.8037358532304428E-02   0.2025734279884738E+00
  0.2712500000000000E+02   0.7116184799556342E+00   0.1015650774625905E+00  -0.1542907382017551E+00   0.6004727750446478E-01   0.4492181146102291E-04   0.8037921165881435E-02   0.1965586770866465E+00
  0.2717500000000000E+02   0.7110580827044387E+00   0.9781057485488807E-01  -0.1547746234206384E+00   0.5786064732860292E-01   0.4336576710861554E-04   0.8010974166819803E-02   0.1898605875228410E+00
  0.2722500000000000E+02   0.7109634931230957E+00   0.9394276713587589E-01  -0.1549832347378258E+00   0.5558633331181854E-01   0.4173785327063751E-04   0.7956629741173541E-02   0.1826634308047772E+00
  0.2727500000000000E+02   0.7113349091922351E+00   0.9005714004676177E-01  -0.1549118659181334E+00   0.5328269112700477E-01   0.4008160492604403E-04   0.7876501499449254E-02   0.1751717593273663E+00
  0.2732500000000000E+02   0.7121503363272901E+00   0.8624111622592931E-01  -0.1545700653072444E+00   0.5100429538094773E-01   0.3843802944381354E-04   0.7773382297091692E-02   0.1675900666857645E+00
  0.2737500000000000E+02   0.7133708223146371E+00   0.8256916408601858E-01  -0.1539786545227794E+00   0.4879851112943449E-01   0.3684299199825092E-04   0.7650842640311458E-02   0.1601060052639514E+00
  0.2742500000000000E+02   0.7149462205842946E+00   0.7910044384978288E-01  -0.1531662200961439E+00   0.4670364227721491E-01   0.3532576534335133E-04   0.7512833190575862E-02   0.1528791703400732E+00
  0.2747500000000000E+02   0.7168204962487678E+00   0.7587859398851772E-01  -0.1521657455561671E+00   0.4474848332136155E-01   0.3390862766505255E-04   0.7363350241796125E-02   0.1460357455434602E+00
  0.2752500000000000E+02   0.7189359929544740E+00   0.7293300975958032E-01  -0.1510118112812934E+00   0.4295290012788685E-01   0.3260723790427967E-04   0.7206192595301555E-02   0.1396680578610718E+00
  0.2757500000000000E+02   0.7212364539505095E+00   0.7028094219714671E-01  -0.1497385450983730E+00   0.4132901814611720E-01   0.3143147785291252E-04   0.7044812551266959E-02   0.1338375044981462E+00
  0.2762500000000000E+02   0.7236688586408490E+00   0.6792986091339417E-01  -0.1483783207819600E+00   0.3988265128229677E-01   0.3038648743867339E-04   0.6882247427349612E-02   0.1285792842570707E+00
  0.2767500000000000E+02   0.7261842835281835E+00   0.6587968995291717E-01  -0.1469610918038681E+00   0.3861470404218070E-01   0.2947369142936404E-04   0.6721110907671293E-02   0.1239076618401357E+00
  0.2772500000000000E+02   0.7287380491151982E+00   0.6412468396962676E-01  -0.1455142024468261E+00   0.3752238138612031E-01   0.2869169070475176E-04   0.6563622970579092E-02   0.1198208977547478E+00
  0.2777500000000000E+02   0.7312894085448166E+00   0.6265483491119000E-01  -0.1440625153851374E+00   0.3660012327850214E-01   0.2803695264520542E-04   0.6411660094733183E-02   0.1163053497929096E+00
  0.2782500000000000E+02   0.7338010014812871E+00   0.6145678277886169E-01  -0.1426287127651911E+00   0.3584023846720591E-01   0.2750427843788554E-04   0.6266811539189523E-02   0.1133385344183798E+00
  0.2787500000000000E+02   0.7362382594014589E+00   0.6051425580781314E-01  -0.1412336515788916E+00   0.3523324820486509E-01   0.2708705263229379E-04   0.6130431338411222E-02   0.1108911224790767E+00
  0.2792500000000000E+02   0.7385689169554684E+00   0.5980809800076191E-01  -0.1398966754577118E+00   0.3476797280872582E-01   0.2677729748142080E-04   0.6003678672992526E-02   0.1089279554614001E+00
  0.2797500000000000E+02   0.7407627607289500E+00   0.5931596763120891E-01  -0.1386358013487307E+00   0.3443140992166049E-01   0.2656556728603792E-04   0.5887541458793400E-02   0.1074082360823017E+00
  0.2802500000000000E+02   0.7427917275382449E+00   0.5901181877858958E-01  -0.1374677125353040E+00   0.3420846943135735E-01   0.2644073093861383E-04   0.5782839667878941E-02   0.1062850978476857E+00
  0.2807500000000000E+02   0.7446304404659263E+00   0.5886531443834672E-01  -0.1364075038917038E+00   0.3408165002800400E-01   0.2638970708415019E-04   0.5690206564792263E-02   0.1055048118602818E+00
  0.2812500000000000E+02   0.7462572302856640E+00   0.5884136310784681E-01  -0.1354681478677229E+00   0.3403076645627386E-01   0.2639723592778657E-04   0.5610048281429054E-02   0.1050059538859942E+00
  0.2817500000000000E+02   0.7476556208231144E+00   0.5890001105260813E-01  -0.1346596875397895E+00   0.3403285979197718E-01   0.2644579100800153E-04   0.5542485436891655E-02   0.1047189239610567E+00
  0.2822500000000000E+02   0.7488161528247419E+00   0.5899693963906846E-01  -0.1339882204654275E+00   0.3406243484977517E-01   0.2651574488110598E-04   0.5487284975282403E-02   0.1045662602774874E+00
  0.2827500000000000E+02   0.7497382893965159E+00   0.5908478333911380E-01  -0.1334548111420909E+00   0.3409215358808147E-01   0.2658589236776939E-04   0.5443795544133403E-02   0.1044641770703705E+00
  0.2832500000000001E+02   0.7504320157929453E+00   0.5911537293895412E-01  -0.1330545458815590E+00   0.3409405554762725E-01   0.2663439125725383E-04   0.5410904182654545E-02   0.1043256333825103E+00
  0.2837500000000000E+02   0.7509186684567433E+00   0.5904281229443067E-01  -0.1327759940538062E+00   0.3404126955065745E-01   0.2664009756146647E-04   0.5387033639745666E-02   0.1040649716982484E+00
  0.2842500000000000E+02   0.7512305627527753E+00   0.5882704535099144E-01  -0.1326013295534467E+00   0.3391003892172567E-01   0.2658416072043233E-04   0.5370195987864091E-02   0.1036037665132707E+00
  0.2847499999999999E+02   0.7514091744543270E+00   0.5843733768875529E-01  -0.1325072712708599E+00   0.3368174496077036E-01   0.2645163419188712E-04   0.5358108228467046E-02   0.1028770817956760E+00
  0.2852500000000000E+02   0.7515019488028670E+00   0.5785498384587882E-01  -0.1324668266027179E+00   0.3334453691224119E-01   0.2623279320590262E-04   0.5348360758836104E-02   0.1018390101237363E+00
  0.2857500000000000E+02   0.7515581734363060E+00   0.5707463661195790E-01  -0.1324516137700272E+00   0.3289420942846890E-01   0.2592387295731135E-04   0.5338614294195023E-02   0.1004663222959030E+00
  0.2862500000000000E+02   0.7516246241791951E+00   0.5610394157359129E-01  -0.1324343716643374E+00   0.3233411959924061E-01   0.2552705581751261E-04   0.5326790992338110E-02   0.9875937851615768E-01
  0.2867500000000000E+02   0.7517417628061555E+00   0.5496156039146862E-01  -0.1323912084036147E+00   0.3167416059163041E-01   0.2504971177398900E-04   0.5311225533201481E-02   0.9674007060837535E-01
  0.2872500000000000E+02   0.7519411044787813E+00   0.5367403436441726E-01  -0.1323032158731301E+00   0.3092902690565310E-01   0.2450306917071771E-04   0.5290752121733360E-02   0.9444726607401746E-01
  0.2877500000000000E+02   0.7522440509145673E+00   0.5227214835485124E-01  -0.1321572533924489E+00   0.3011614060219214E-01   0.2390060203803334E-04   0.5264719744301732E-02   0.9193075545291952E-01
  0.2882500000000000E+02   0.7526621325699887E+00   0.5078745582318966E-01  -0.1319459077457329E+00   0.2925362386766630E-01   0.2325643710150353E-04   0.5232944269857771E-02   0.8924489865638477E-01
  0.2887500000000000E+02   0.7531983369003303E+00   0.4924945962260567E-01  -0.1316667989000520E+00   0.2835861830471278E-01   0.2258402013882772E-04   0.5195616957459413E-02   0.8644301546868270E-01
  0.2892500000000000E+02   0.7538490770952682E+00   0.4768370230896387E-01  -0.1313214827300658E+00   0.2744611577296931E-01   0.2189517652034252E-04   0.5153192573802330E-02   0.8357319343691527E-01
  0.2897500000000000E+02   0.7546063668607393E+00   0.4611079383684180E-01  -0.1309142048770988E+00   0.2652833247051350E-01   0.2119959619601397E-04   0.5106277745283757E-02   0.8067576097758231E-01
  0.2902500000000000E+02   0.7554598622634966E+00   0.4454624686918841E-01  -0.1304507098475786E+00   0.2561456111440214E-01   0.2050469622639052E-04   0.5055534140069828E-02   0.7778232573564077E-01
  0.2907500000000000E+02   0.7563985559312363E+00   0.4300091188503183E-01  -0.1299372387671422E+00   0.2471138508680717E-01   0.1981577234650080E-04   0.5001604363156460E-02   0.7491606590195013E-01
  0.2912500000000000E+02   0.7574120226161370E+00   0.4148178950446777E-01  -0.1293797820365400E+00   0.2382312554232962E-01   0.1913633943170942E-04   0.4945062837920391E-02   0.7209287957315759E-01
  0.2917500000000000E+02   0.7584912005409865E+00   0.3999302041817845E-01  -0.1287836013012409E+00   0.2295240337412821E-01   0.1846856808366645E-04   0.4886390098424830E-02   0.6932300582026041E-01
  0.2922499999999999E+02   0.7596287487660888E+00   0.3853689216588947E-01  -0.1281530004791226E+00   0.2210071961425994E-01   0.1781374072440640E-04   0.4825966703196507E-02   0.6661278840588586E-01
  0.2927500000000000E+02   0.7608190536675377E+00   0.3711474364722028E-01  -0.1274913047612484E+00   0.2126898210284556E-01   0.1717266910989331E-04   0.4764081954141699E-02   0.6396632830509691E-01
  0.2932500000000000E+02   0.7620579750694559E+00   0.3572768752396873E-01  -0.1268009952177241E+00   0.2045792959468449E-01   0.1654603325034045E-04   0.4700952326006102E-02   0.6138684842548730E-01
  0.2937500000000000E+02   0.7633424295094184E+00   0.3437710697183516E-01  -0.1260839419610683E+00   0.1966842619242941E-01   0.1593461878304578E-04   0.4636744706506781E-02   0.5887766768919491E-01
  0.2942499999999999E+02   0.7646699062457289E+00   0.3306491691435410E-01  -0.1253416795958797E+00   0.1890161914830756E-01   0.1533944589929044E-04   0.4571600099506981E-02   0.5644275036504789E-01
  0.2947500000000000E+02   0.7660380009612711E+00   0.3179361001277312E-01  -0.1245756747770624E+00   0.1815897108221004E-01   0.1476179748739572E-04   0.4505654314308848E-02   0.5408685777275821E-01
  0.2952500000000000E+02   0.7674440330965121E+00   0.3056613173581238E-01  -0.1237875467905506E+00   0.1744219202994246E-01   0.1420316597411619E-04   0.4439053295676783E-02   0.5181537838467082E-01
  0.2957500000000000E+02   0.7688847875857741E+00   0.2938564370534492E-01  -0.1229792168168089E+00   0.1675310566682824E-01   0.1366514591205896E-04   0.4371962012233389E-02   0.4963394324313603E-01
  0.2962500000000000E+02   0.7703563946167993E+00   0.2825523827994874E-01  -0.1221529774943058E+00   0.1609348642505959E-01   0.1314930167875942E-04   0.4304567024087005E-02   0.4754794291961750E-01
  0.2967500000000000E+02   0.7718543367919871E+00   0.2717766043380493E-01  -0.1213114886758316E+00   0.1546490029376204E-01   0.1265703684213268E-04   0.4237073798544165E-02   0.4556205078349632E-01
  0.2972500000000000E+02   0.7733735557787533E+00   0.2615507829001992E-01  -0.1204577154803337E+00   0.1486857354692371E-01   0.1218948510439793E-04   0.4169700403774342E-02   0.4367983057998873E-01
  0.2977500000000000E+02   0.7749086221304198E+00   0.2518892549680360E-01  -0.1195948297373788E+00   0.1430530302842829E-01   0.1174743428631712E-04   0.4102669356201459E-02   0.4190347251078978E-01
  0.2982500000000000E+02   0.7764539319755472E+00   0.2427982130118409E-01  -0.1187260959628600E+00   0.1377541147534130E-01   0.1133128661640007E-04   0.4036199199366156E-02   0.4023366948164543E-01
  0.2987500000000000E+02   0.7780039004644532E+00   0.2342756077568823E-01  -0.1178547594111032E+00   0.1327874350942970E-01   0.1094105215914149E-04   0.3970496981260343E-02   0.3866961994728346E-01
  0.2992500000000000E+02   0.7795531312509797E+00   0.2263115956052762E-01  -0.1169839482702464E+00   0.1281469318490592E-01   0.1057636825443383E-04   0.3905752314704188E-02   0.3720912854150856E-01
  0.2997500000000000E+02   0.7810965511510770E+00   0.2188893451669920E-01  -0.1161165963082582E+00   0.1238225224349447E-01   0.1023653630386835E-04   0.3842133263032157E-02   0.3584877011372294E-01
  0.3002500000000000E+02   0.7826295075628742E+00   0.2119860268605900E-01  -0.1152553873508578E+00   0.1198006881476520E-01   0.9920567605912767E-05   0.3779783956352525E-02   0.3458408468731713E-01
  0.3007500000000000E+02   0.7841478323191270E+00   0.2055738442497790E-01  -0.1144027194290271E+00   0.1160650832832498E-01   0.9627231511442010E-05   0.3718823632706636E-02   0.3340977733610455E-01
  0.3012500000000000E+02   0.7856478792093994E+00   0.1996210115178209E-01  -0.1135606843653659E+00   0.1125971107085345E-01   0.9355101295633896E-05   0.3659346703370602E-02   0.3231990542850137E-01
  0.3017500000000000E+02   0.7871265437580646E+00   0.1940926281870904E-01  -0.1127310577935465E+00   0.1093764353480143E-01   0.9102595339349598E-05   0.3601423436913791E-02   0.3130804421078669E-01
  0.3022500000000000E+02   0.7885812734557612E+00   0.1889514436677138E-01  -0.1119152948369758E+00   0.1063814310556268E-01   0.8868013182288835E-05   0.3545100914323879E-02   0.3036742914637275E-01
  0.3027500000000000E+02   0.7900100749860811E+00   0.1841585371767992E-01  -0.1111145276318071E+00   0.1035895753173685E-01   0.8649567589849335E-05   0.3490404003662481E-02   0.2949107923217703E-01
  0.3032500000000000E+02   0.7914115224490883E+00   0.1796739612707577E-01  -0.1103295623384642E+00   0.1009778192377752E-01   0.8445414879395071E-05   0.3437336219639979E-02   0.2867190943161008E-01
  0.3037500000000000E+02   0.7927847674732228E+00   0.1754574083447729E-01  -0.1095608750606731E+00   0.9852296660747490E-02   0.8253686313411156E-05   0.3385880458008552E-02   0.2790284225303900E-01
  0.3042500000000000E+02   0.7941295487516564E+00   0.1714689574932470E-01  -0.1088086079960003E+00   0.9620209476421731E-02   0.8072523313279066E-05   0.3335999714592538E-02   0.2717692820527967E-01
  0.3047500000000000E+02   0.7954461953675487E+00   0.1676699427190879E-01  -0.1080725689358958E+00   0.9399304073373499E-02   0.7900118508044555E-05   0.3287637999452715E-02   0.2648748222936653E-01
  0.3052500000000000E+02   0.7967356158770685E+00   0.1640239524492822E-01  -0.1073522385859847E+00   0.9187495871241361E-02   0.7734763191538034E-05   0.3240721719365348E-02   0.2582823826113007E-01
  0.3057500000000000E+02   0.7979992642179379E+00   0.1604979272986916E-01  -0.1066467906890997E+00   0.8982893083380411E-02   0.7574899733960662E-05   0.3195161805588802E-02   0.2519351726653380E-01
  0.3062500000000000E+02   0.7992390747759122E+00   0.1570632749165416E-01  -0.1059551292310944E+00   0.8783858621182092E-02   0.7419175197898354E-05   0.3150856792149544E-02   0.2457839650362447E-01
  0.3067500000000000E+02   0.8004573626999159E+00   0.1536968788647216E-01  -0.1052759449113218E+00   0.8589065980208182E-02   0.7266490375048362E-05   0.3107696899905484E-02   0.2397886117201735E-01
  0.3072500000000000E+02   0.8016566914734736E+00   0.1503818564592389E-01  -0.1046077897542248E+00   0.8397541029419987E-02   0.7116037339695894E-05   0.3065568973719924E-02   0.2339191614173732E-01
  0.3077500000000000E+02   0.8028397166677574E+00   0.1471079298667046E-01  -0.1039491648738046E+00   0.8208682147257113E-02   0.6967318969315750E-05   0.3024361899809865E-02   0.2281563690187458E-01
  0.3082500000000000E+02   0.8040090209156492E+00   0.1438713194310945E-01  -0.1032986129880171E+00   0.8022253646250461E-02   0.6820145922937399E-05   0.2983971959398833E-02   0.2224914584777597E-01
  0.3087500000000000E+02   0.8051669585605739E+00   0.1406741409255913E-01  -0.1026548053760435E+00   0.7838351493292529E-02   0.6674609973960873E-05   0.2944307510495991E-02   0.2169251138787138E-01
  0.3092500000000000E+02   0.8063155279037915E+00   0.1375233714102656E-01  -0.1020166132740548E+00   0.7657344971140109E-02   0.6531036539345949E-05   0.2905292461039105E-02   0.2114658030844684E-01
  0.3097500000000000E+02   0.8074562844736942E+00   0.1344295191499377E-01  -0.1013831562284963E+00   0.7479801880061342E-02   0.6389922664612633E-05   0.2866868189883452E-02   0.2061276485729589E-01
  0.3102500000000000E+02   0.8085903015291656E+00   0.1314051728581641E-01  -0.1007538239648507E+00   0.7306407097416878E-02   0.6251868706547873E-05   0.2828993833664088E-02   0.2009281215204153E-01
  0.3107500000000000E+02   0.8097181761301274E+00   0.1284636062745995E-01  -0.1001282727393656E+00   0.7137884344120080E-02   0.6117512090524790E-05   0.2791645115122802E-02   0.1958858351916874E-01
  0.3112500000000000E+02   0.8108400725876941E+00   0.1256175802841674E-01  -0.9950640078692574E-01   0.6974929105211984E-02   0.5987469995515011E-05   0.2754812078703919E-02   0.1910186595129748E-01
  0.3117500000000000E+02   0.8119557912543794E+00   0.1228784302181140E-01  -0.9888830962677120E-01   0.6818157589722276E-02   0.5862295274766100E-05   0.2718496188270248E-02   0.1863422921483230E-01
  0.3122500000000000E+02   0.8130648497360620E+00   0.1202554672713767E-01  -0.9827425846994386E-01   0.6668073325007124E-02   0.5742447140726276E-05   0.2682707230766847E-02   0.1818693287629652E-01
  0.3127500000000000E+02   0.8141665651522662E+00   0.1177556736843078E-01  -0.9766461809775584E-01   0.6525050222239042E-02   0.5628275780999472E-05   0.2647460385657545E-02   0.1776087977865876E-01
  0.3132500000000000E+02   0.8152601290470370E+00   0.1153836387835744E-01  -0.9705982890681630E-01   0.6389329131512676E-02   0.5520018488448406E-05   0.2612773700456458E-02   0.1735660743112355E-01
  0.3137500000000000E+02   0.8163446699499518E+00   0.1131416681881766E-01  -0.9646036590942753E-01   0.6261024083467879E-02   0.5417804144754600E-05   0.2578666091490461E-02   0.1697430652358214E-01
  0.3142500000000000E+02   0.8174193016577982E+00   0.1110299981896230E-01  -0.9586671175743955E-01   0.6140134404598759E-02   0.5321662846353247E-05   0.2545155888490163E-02   0.1661385580771592E-01
  0.3147500000000000E+02   0.8184831576558196E+00   0.1090470564428790E-01  -0.9527933754437379E-01   0.6026559410442748E-02   0.5231537868417101E-05   0.2512259871280103E-02   0.1627486408883344E-01
  0.3152500000000000E+02   0.8195354136300494E+00   0.1071897237744521E-01  -0.9469869028606659E-01   0.5920113150411932E-02   0.5147297795312674E-05   0.2479992706434003E-02   0.1595671226878414E-01
  0.3157500000000000E+02   0.8205753008387822E+00   0.1054535664961404E-01  -0.9412518552753057E-01   0.5820537496538670E-02   0.5068747330872173E-05   0.2448366675478509E-02   0.1565859069601109E-01
  0.3162500000000000E+02   0.8216021133932448E+00   0.1038330219923587E-01  -0.9355920337066292E-01   0.5727512617397021E-02   0.4995635936266642E-05   0.2417391586565736E-02   0.1537952918121381E-01
  0.3167500000000000E+02   0.8226152124272443E+00   0.1023215316919051E-01  -0.9300108626119385E-01   0.5640664511389439E-02   0.4927663985612524E-05   0.2387074771789361E-02   0.1511841879679061E-01
  0.3172500000000000E+02   0.8236140298503357E+00   0.1009116248534711E-01  -0.9245113703635754E-01   0.5559569791313472E-02   0.4864486578846354E-05   0.2357421087770704E-02   0.1487402599937502E-01
  0.3177500000000000E+02   0.8245980739548939E+00   0.9959496429310658E-02  -0.9190961597404923E-01   0.5483758337554449E-02   0.4805715526348048E-05   0.2328432855290018E-02   0.1464500076374952E-01
  0.3182500000000000E+02   0.8255669386019331E+00   0.9836237167242386E-02  -0.9137673588919604E-01   0.5412714793775567E-02   0.4750920339538056E-05   0.2300109693968688E-02   0.1442988136195460E-01
  0.3187500000000000E+02   0.8265203170187498E+00   0.9720385536408967E-02  -0.9085265470685022E-01   0.5345880173732829E-02   0.4699629331541086E-05   0.2272448230926571E-02   0.1422709918900451E-01
  0.3192500000000000E+02   0.8274580203624488E+00   0.9610866782714771E-02  -0.9033746542636267E-01   0.5282655060219351E-02   0.4651332133000759E-05   0.2245441688898955E-02   0.1403498757782346E-01
  0.3197499999999999E+02   0.8283800001159097E+00   0.9506542088026053E-02  -0.8983118398845391E-01   0.5222405954141949E-02   0.4605485012370615E-05   0.2219079389747388E-02   0.1385179872643145E-01
  0.3202500000000000E+02   0.8292863721284442E+00   0.9406228479507003E-02  -0.8933373624428054E-01   0.5164476193899154E-02   0.4561520285453170E-05   0.2193346242047427E-02   0.1367573247572408E-01
  0.3207500000000000E+02   0.8301774388375275E+00   0.9308728918715373E-02  -0.8884494592326875E-01   0.5108202427822705E-02   0.4518860727683326E-05   0.2168222312120494E-02   0.1350497950807840E-01
  0.3212500000000000E+02   0.8310537051788489E+00   0.9212872930609978E-02  -0.8836452605797773E-01   0.5052936833827012E-02   0.4476939214773276E-05   0.2143682599134134E-02   0.1333777945387892E-01
  0.3217500000000000E+02   0.8319158832728187E+00   0.9117566107841401E-02  -0.8789207655111131E-01   0.4998074171620940E-02   0.4435222835552664E-05   0.2119697137471762E-02   0.1317249147961027E-01
  0.3222500000000000E+02   0.8327648815295418E+00   0.9021844498086431E-02  -0.8742709026398476E-01   0.4943081479756081E-02   0.4393239579277724E-05   0.2096231525163310E-02   0.1300767159824202E-01
  0.3227500000000000E+02   0.8336017755477708E+00   0.8924927775267133E-02  -0.8696896905487495E-01   0.4887527078914549E-02   0.4350604651106804E-05   0.2073247922563724E-02   0.1284214794148210E-01
  0.3232500000000000E+02   0.8344277609820212E+00   0.8826263868080140E-02  -0.8651704966303375E-01   0.4831104874384520E-02   0.4307042836665133E-05   0.2050706486467896E-02   0.1267508350603012E-01
  0.3237499999999999E+02   0.8352440918973285E+00   0.8725557944147271E-02  -0.8607063750397503E-01   0.4773650077461660E-02   0.4262403405626917E-05   0.2028567117538013E-02   0.1250601624752472E-01
  0.3242500000000000E+02   0.8360520111842734E+00   0.8622780546368771E-02  -0.8562904477309008E-01   0.4715143507718345E-02   0.4216664933459275E-05   0.2006791326338031E-02   0.1233486915511724E-01
  0.3247499999999999E+02   0.8368526814739655E+00   0.8518152943127145E-02  -0.8519162823661985E-01   0.4655703427105502E-02   0.4169928991519877E-05   0.1985343987714702E-02   0.1216192764803031E-01
  0.3252500000000000E+02   0.8376471250738921E+00   0.8412111587869243E-02  -0.8475782204908056E-01   0.4595565955396971E-02   0.4122403526604820E-05   0.1964194767219555E-02   0.1198778714167178E-01
  0.3257500000000000E+02   0.8384361796956966E+00   0.8305256965541758E-02  -0.8432716189821432E-01   0.4535056965738319E-02   0.4074378424023339E-05   0.1943319063650502E-02   0.1181327846788380E-01
  0.3262500000000000E+02   0.8392204737007888E+00   0.8198294173515985E-02  -0.8389929844835997E-01   0.4474559488727698E-02   0.4026196796725368E-05   0.1922698400864693E-02   0.1163938177057714E-01
  0.3267500000000000E+02   0.8400004211400006E+00   0.8091972951052471E-02  -0.8347399994262406E-01   0.4414480849722703E-02   0.3978225764320046E-05   0.1902320294611052E-02   0.1146713997909276E-01
  0.3272499999999999E+02   0.8407762339013621E+00   0.7987033695437894E-02  -0.8305114544498504E-01   0.4355223116186732E-02   0.3930829947682273E-05   0.1882177693369404E-02   0.1129758122843392E-01
  0.3277500000000001E+02   0.8415479463973120E+00   0.7884163851513111E-02  -0.8263071123187260E-01   0.4297159250938200E-02   0.3884349876802215E-05   0.1862268132809774E-02   0.1113165647062070E-01
  0.3282500000000000E+02   0.8423154475862407E+00   0.7783966634973175E-02  -0.8221275318807408E-01   0.4240616037110981E-02   0.3839086331847470E-05   0.1842592750033201E-02   0.1097019501621376E-01
  0.3287500000000000E+02   0.8430785155364903E+00   0.7686941932643131E-02  -0.8179738783248469E-01   0.4185863681272527E-02   0.3795290597980886E-05   0.1823155283883576E-02   0.1081387769931847E-01
  0.3292500000000000E+02   0.8438368508113850E+00   0.7593477748048020E-02  -0.8138477401061350E-01   0.4133111194553482E-02   0.3753159881001296E-05   0.1803961153100584E-02   0.1066322524872976E-01
  0.3297500000000000E+02   0.8445901062680076E+00   0.7503849803566349E-02  -0.8097509656963231E-01   0.4082506238708741E-02   0.3712836745401234E-05   0.1785016666163759E-02   0.1051859837585873E-01
  0.3302500000000000E+02   0.8453379121007526E+00   0.7418226764815644E-02  -0.8056855265303953E-01   0.4034138045974553E-02   0.3674411350854616E-05   0.1766328383341298E-02   0.1038020589849377E-01
  0.3307500000000000E+02   0.8460798959388632E+00   0.7336678828276169E-02  -0.8016534071647252E-01   0.3988042173791763E-02   0.3637925386643529E-05   0.1747902626756880E-02   0.1024811763060040E-01
  0.3312499999999999E+02   0.8468156984616381E+00   0.7259187914124893E-02  -0.7976565200833774E-01   0.3944206130735877E-02   0.3603376841349141E-05   0.1729745119052787E-02   0.1012227949906353E-01
  0.3317500000000000E+02   0.8475449853434963E+00   0.7185658276570366E-02  -0.7936966406876134E-01   0.3902575222715156E-02   0.3570725020629382E-05   0.1711860724303548E-02   0.1000252917321236E-01
  0.3322500000000000E+02   0.8482674564415582E+00   0.7115926879551641E-02  -0.7897753574590172E-01   0.3863058261730111E-02   0.3539895487426822E-05   0.1694253264222881E-02   0.9888611263082119E-02
  0.3327500000000000E+02   0.8489828530590375E+00   0.7049773328222063E-02  -0.7858940327238706E-01   0.3825533021466929E-02   0.3510784817074185E-05   0.1676925386341648E-02   0.9780191775333841E-02
  0.3332500000000000E+02   0.8496909639208662E+00   0.6986929469722059E-02  -0.7820537705231678E-01   0.3789851500423975E-02   0.3483265220642406E-05   0.1659878466955393E-02   0.9676871975487687E-02
  0.3337500000000000E+02   0.8503916302351766E+00   0.6927088972061992E-02  -0.7782553895261168E-01   0.3755845159816254E-02   0.3457189188619364E-05   0.1643112538872143E-02   0.9578202081905610E-02
  0.3342500000000000E+02   0.8510847499283416E+00   0.6869917258187906E-02  -0.7744994004814676E-01   0.3723330340765703E-02   0.3432394343203708E-05   0.1626626241264746E-02   0.9483695314009567E-02
  0.3347499999999999E+02   0.8517702808707246E+00   0.6815062119608244E-02  -0.7707859891712043E-01   0.3692114036803142E-02   0.3408708663458559E-05   0.1610416795350663E-02   0.9392842745272464E-02
  0.3352500000000001E+02   0.8524482426926333E+00   0.6762165173084513E-02  -0.7671150070119293E-01   0.3662000110593845E-02   0.3385956168964660E-05   0.1594480014374588E-02   0.9305129190189906E-02
  0.3357500000000000E+02   0.8531187166617004E+00   0.6710874078166493E-02  -0.7634859721438725E-01   0.3632795910842211E-02   0.3363963025475863E-05   0.1578810358728461E-02   0.9220050017410024E-02
  0.3362500000000000E+02   0.8537818430849111E+00   0.6660855140366264E-02  -0.7598980838900282E-01   0.3604319086975203E-02   0.3342563888738461E-05   0.1563401046468907E-02   0.9137128381105225E-02
  0.3367499999999999E+02   0.8544378158278021E+00   0.6611805636578936E-02  -0.7563502527674915E-01   0.3576404243658447E-02   0.3321608155938736E-05   0.1548244225805478E-02   0.9055931971308381E-02
  0.3372500000000000E+02   0.8550868738040326E+00   0.6563464976853602E-02  -0.7528411468234186E-01   0.3548908957370686E-02   0.3300965678837918E-05   0.1533331209698954E-02   0.8976088084446783E-02
  0.3377500000000000E+02   0.8557292896458314E+00   0.6515623717556819E-02  -0.7493692531379237E-01   0.3521718624304076E-02   0.3280531438051490E-05   0.1518652764517037E-02   0.8897295685882206E-02
  0.3382500000000000E+02   0.8563653561579488E+00   0.6468129504347801E-02  -0.7459329512207380E-01   0.3494749643726125E-02   0.3260228704603282E-05   0.1504199436269598E-02   0.8819333228934096E-02
  0.3387500000000000E+02   0.8569953715070502E+00   0.6420889255428303E-02  -0.7425305931470438E-01   0.3467950566855322E-02   0.3240010327054366E-05   0.1489961891044029E-02   0.8742061316666525E-02
  0.3392500000000000E+02   0.8576196243305138E+00   0.6373867263475782E-02  -0.7391605840325433E-01   0.3441301040425135E-02   0.3219857964734954E-05   0.1475931242431470E-02   0.8665419797586001E-02
  0.3397500000000000E+02   0.8582383800126256E+00   0.6327079332373540E-02  -0.7358214561113263E-01   0.3414808610606572E-02   0.3199779307326383E-05   0.1462099338877133E-02   0.8589419483169878E-02
  0.3402500000000000E+02   0.8588518692600071E+00   0.6280583489669330E-02  -0.7325119303167649E-01   0.3388503682143937E-02   0.3179803536833558E-05   0.1448458987985524E-02   0.8514129250842479E-02
  0.3407500000000000E+02   0.8594602798409803E+00   0.6234468151083833E-02  -0.7292309607164360E-01   0.3362433108119813E-02   0.3159975460930616E-05   0.1435004101946662E-02   0.8439659746713422E-02
  0.3412500000000000E+02   0.8600637519957781E+00   0.6188838809085736E-02  -0.7259777590898664E-01   0.3336652990643667E-02   0.3140348850615368E-05   0.1421729756900648E-02   0.8366145160559011E-02
  0.3417500000000000E+02   0.8606623776484498E+00   0.6143804360195952E-02  -0.7227517989712418E-01   0.3311221294863418E-02   0.3120979542344903E-05   0.1408632167562154E-02   0.8293724594220682E-02
  0.3422499999999999E+02   0.8612562032208555E+00   0.6099464097165190E-02  -0.7195528002631979E-01   0.3286190829973244E-02   0.3101918825476581E-05   0.1395708585430629E-02   0.8222524414843425E-02
  0.3427500000000000E+02   0.8618452356045393E+00   0.6055896217790250E-02  -0.7163806968454722E-01   0.3261603055896792E-02   0.3083207552148447E-05   0.1382957133667838E-02   0.8152642738813257E-02
  0.3432500000000000E+02   0.8624294506985389E+00   0.6013148494139586E-02  -0.7132355903947285E-01   0.3237483061334153E-02   0.3064871304826710E-05   0.1370376594157532E-02   0.8084136902547889E-02
  0.3437500000000000E+02   0.8630088038556993E+00   0.5971231548302156E-02  -0.7101176939789844E-01   0.3213835951630972E-02   0.3046916858900891E-05   0.1357966162841004E-02   0.8017014502464717E-02
  0.3442500000000000E+02   0.8635832415663667E+00   0.5930115019179111E-02  -0.7070272690565294E-01   0.3190644797349500E-02   0.3029330097187142E-05   0.1345725188908251E-02   0.7951228363483401E-02
  0.3447500000000000E+02   0.8641527137122279E+00   0.5889726783529406E-02  -0.7039645594801314E-01   0.3167870228773585E-02   0.3012075472445541E-05   0.1333652912597670E-02   0.7886675629037495E-02
  0.3452500000000000E+02   0.8647171857175389E+00   0.5849955298851741E-02  -0.7009297261285374E-01   0.3145451709989197E-02   0.2995097065833035E-05   0.1321748215787655E-02   0.7823201036030642E-02
  0.3457500000000000E+02   0.8652766498982063E+00   0.5810655039226732E-02  -0.6979227859228898E-01   0.3123310474370872E-02   0.2978321240178847E-05   0.1310009399463211E-02   0.7760604309773313E-02
  0.3462500000000001E+02   0.8658311352683812E+00   0.5771654868983796E-02  -0.6949435591973119E-01   0.3101354035680579E-02   0.2961660822190742E-05   0.1298434002313851E-02   0.7698651447776506E-02
  0.3467500000000000E+02   0.8663807150349909E+00   0.5732769021948653E-02  -0.6919916295430872E-01   0.3079482094227663E-02   0.2945020656133736E-05   0.1287018674606284E-02   0.7637089429164805E-02
  0.3472500000000000E+02   0.8669255110313884E+00   0.5693810122588282E-02  -0.6890663201287595E-01   0.3057593533770622E-02   0.2928304250996570E-05   0.1275759120300667E-02   0.7575663583697119E-02
  0.3477499999999999E+02   0.8674656944527952E+00   0.5654603420302976E-02  -0.6861666898955532E-01   0.3035594063170733E-02   0.2911421103928368E-05   0.1264650117378506E-02   0.7514136508390425E-02
  0.3482500000000000E+02   0.8680014824874318E+00   0.5615001155134234E-02  -0.6832915517838201E-01   0.3013403921751629E-02   0.2894294148090221E-05   0.1253685621060830E-02   0.7452307091043648E-02
  0.3487500000000000E+02   0.8685331307908937E+00   0.5574895795621640E-02  -0.6804395132476215E-01   0.2990964972836581E-02   0.2876866675778178E-05   0.1242858947123134E-02   0.7390027972208613E-02
  0.3492500000000000E+02   0.8690609221941681E+00   0.5534230852521364E-02  -0.6776090369401555E-01   0.2968246490868524E-02   0.2859108061856113E-05   0.1232163023685343E-02   0.7327219735936330E-02
  0.3497499999999999E+02   0.8695851524987226E+00   0.5493008121077905E-02  -0.6747985169726201E-01   0.2945249028171468E-02   0.2841017682673426E-05   0.1221590691152111E-02   0.7263880324267401E-02
  0.3502500000000000E+02   0.8701061146041964E+00   0.5451290545628927E-02  -0.6720063640520368E-01   0.2922005930954377E-02   0.2822626596169590E-05   0.1211135023216479E-02   0.7200088627956644E-02
  0.3507500000000000E+02   0.8706240824465472E+00   0.5409200390458456E-02  -0.6692310915653166E-01   0.2898582337393830E-02   0.2803996798764837E-05   0.1200789638654238E-02   0.7136001858327089E-02
  0.3512499999999999E+02   0.8711392962382989E+00   0.5366912953956587E-02  -0.6664713946113532E-01   0.2875071787350626E-02   0.2785218160237698E-05   0.1190548974950337E-02   0.7071847037909940E-02
  0.3517500000000000E+02   0.8716519502894773E+00   0.5324646572300355E-02  -0.6637262151336265E-01   0.2851590846088585E-02   0.2766403403882565E-05   0.1180408500481448E-02   0.7007907618951902E-02
  0.3522500000000000E+02   0.8721621842941939E+00   0.5282650026576637E-02  -0.6609947884229705E-01   0.2828272341056218E-02   0.2747681694767056E-05   0.1170364850843283E-02   0.6944506720506931E-02
  0.3527500000000000E+02   0.8726700784806042E+00   0.5241188632986891E-02  -0.6582766688769670E-01   0.2805257899003102E-02   0.2729191491337127E-05   0.1160415885070030E-02   0.6881988687593830E-02
  0.3532500000000000E+02   0.8731756525422895E+00   0.5200530250047091E-02  -0.6555717354757074E-01   0.2782690445487539E-02   0.2711073298633490E-05   0.1150560666916247E-02   0.6820700608535564E-02
  0.3537500000000000E+02   0.8736788678842798E+00   0.5160932218031741E-02  -0.6528801794960148E-01   0.2760707210958525E-02   0.2693462853684321E-05   0.1140799383438987E-02   0.6760975131216576E-02
  0.3542500000000000E+02   0.8741796324803847E+00   0.5122629923861177E-02  -0.6502024782516680E-01   0.2739433614442214E-02   0.2676485110468616E-05   0.1131133216964015E-02   0.6703115488427930E-02
  0.3547500000000000E+02   0.8746778075633534E+00   0.5085827337274469E-02  -0.6475393590464318E-01   0.2718978209330333E-02   0.2660249213434096E-05   0.1121564187101414E-02   0.6647383180313012E-02
  0.3552500000000000E+02   0.8751732154343842E+00   0.5050689558497426E-02  -0.6448917571748314E-01   0.2699428711779479E-02   0.2644844489916347E-05   0.1112094977397598E-02   0.6593988356653921E-02
  0.3557500000000000E+02   0.8756656478410549E+00   0.5017337198297764E-02  -0.6422607709313988E-01   0.2680849014638096E-02   0.2630337376655647E-05   0.1102728757433819E-02   0.6543082651755942E-02
  0.3562500000000000E+02   0.8761548745830423E+00   0.4985842298055571E-02  -0.6396476154603226E-01   0.2663277029126913E-02   0.2616769134905720E-05   0.1093469006738237E-02   0.6494754075322491E-02
  0.3567500000000000E+02   0.8766406522166105E+00   0.4956225489168552E-02  -0.6370535761424667E-01   0.2646723192039044E-02   0.2604154202500219E-05   0.1084319342668711E-02   0.6449023551717859E-02
  0.3572500000000000E+02   0.8771227329042033E+00   0.4928454172466146E-02  -0.6344799612768715E-01   0.2631169519732339E-02   0.2592479072319651E-05   0.1075283351127603E-02   0.6405842806518149E-02
  0.3577500000000000E+02   0.8776008735670068E+00   0.4902441645807463E-02  -0.6319280532159499E-01   0.2616569169011567E-02   0.2581701663066223E-05   0.1066364417040602E-02   0.6365093491780404E-02
  0.3582500000000000E+02   0.8780748455272026E+00   0.4878047293446227E-02  -0.6293990569577745E-01   0.2602846564001976E-02   0.2571751245635099E-05   0.1057565551235095E-02   0.6326587682689474E-02
  0.3587499999999999E+02   0.8785444447616344E+00   0.4855078141937635E-02  -0.6268940455440264E-01   0.2589898250125686E-02   0.2562529089954468E-05   0.1048889211798673E-02   0.6290070126191181E-02
  0.3592500000000000E+02   0.8790095027268520E+00   0.4833292247670119E-02  -0.6244139024730744E-01   0.2577594721755601E-02   0.2553910083622151E-05   0.1040337121133609E-02   0.6255222829452802E-02
  0.3597499999999999E+02   0.8794698974659120E+00   0.4812404469231526E-02  -0.6219592626659576E-01   0.2565783517058799E-02   0.2545745622957343E-05   0.1031910084481807E-02   0.6221672689494085E-02
  0.3602500000000000E+02   0.8799255643960264E+00   0.4792095150746305E-02  -0.6195304551789893E-01   0.2554293859091541E-02   0.2537868065967333E-05   0.1023607821109913E-02   0.6189002830208348E-02
  0.3607500000000000E+02   0.8803765058517867E+00   0.4772022063228630E-02  -0.6171274525813553E-01   0.2542943026835357E-02   0.2530096944916596E-05   0.1015428824677203E-02   0.6156768082558613E-02
  0.3612500000000000E+02   0.8808227981932727E+00   0.4751835602566020E-02  -0.6147498333257129E-01   0.2531544454424414E-02   0.2522246953454088E-05   0.1007370273257120E-02   0.6124514596472578E-02
  0.3617500000000000E+02   0.8812645951695068E+00   0.4731196743293556E-02  -0.6123967640687911E-01   0.2519917291127527E-02   0.2514137458157685E-05   0.9994280105550609E-03   0.6091802933074744E-02
  0.3622499999999999E+02   0.8817021263391646E+00   0.4709796663528186E-02  -0.6100670083022108E-01   0.2507896844254588E-02   0.2505602971294754E-05   0.9915966167390292E-03   0.6058233239458509E-02
  0.3627500000000000E+02   0.8821356897425853E+00   0.4687376403949841E-02  -0.6077589655640647E-01   0.2495345033610154E-02   0.2496503721539832E-05   0.9838695793422045E-03   0.6023470403726066E-02
  0.3632500000000000E+02   0.8825656386783085E+00   0.4663744548008616E-02  -0.6054707419928929E-01   0.2482159786789547E-02   0.2486735250082572E-05   0.9762395624526137E-03   0.5987266611792009E-02
  0.3637500000000000E+02   0.8829923632681526E+00   0.4638790847318307E-02  -0.6032002485658716E-01   0.2468282271637394E-02   0.2476235914665392E-05   0.9686987578241410E-03   0.5949478652747262E-02
  0.3642500000000000E+02   0.8834162683295362E+00   0.4612494041757810E-02  -0.6009453189253622E-01   0.2453701036044213E-02   0.2464991346570139E-05   0.9612392877104897E-03   0.5910077743149096E-02
  0.3647500000000000E+02   0.8838377497136772E+00   0.4584922815437142E-02  -0.5987038352988716E-01   0.2438452493738080E-02   0.2453035266000327E-05   0.9538536195538883E-03   0.5869150532130105E-02
  0.3652500000000000E+02   0.8842571715465612E+00   0.4556229757453761E-02  -0.5964738495443833E-01   0.2422617688595998E-02   0.2440446552614867E-05   0.9465349497901852E-03   0.5826891141095965E-02
  0.3657500000000000E+02   0.8846748466498572E+00   0.4526639155925137E-02  -0.5942536872107140E-01   0.2406315780476731E-02   0.2427342982162734E-05   0.9392775188624224E-03   0.5783585321478619E-02
  0.3662499999999999E+02   0.8850910218639605E+00   0.4496430230281856E-02  -0.5920420254623193E-01   0.2389695108360014E-02   0.2413872462014583E-05   0.9320768308692460E-03   0.5739588806150910E-02
  0.3667500000000000E+02   0.8855058691909687E+00   0.4465917843334640E-02  -0.5898379400026021E-01   0.2372922918256242E-02   0.2400202842171029E-05   0.9249297662395886E-03   0.5695302484219195E-02
  0.3672499999999999E+02   0.8859194828181980E+00   0.4435432776221134E-02  -0.5876409206926692E-01   0.2356174864796777E-02   0.2386511412046332E-05   0.9178345908778204E-03   0.5651147075639236E-02
  0.3677500000000000E+02   0.8863318813555174E+00   0.4405303346620039E-02  -0.5854508594317087E-01   0.2339625233691287E-02   0.2372975041530781E-05   0.9107908772856149E-03   0.5607539587590074E-02
  0.3682500000000000E+02   0.8867430141414394E+00   0.4375839627403720E-02  -0.5832680164074411E-01   0.2323438553326173E-02   0.2359761652011687E-05   0.9037993604220137E-03   0.5564873158560106E-02
  0.3687500000000000E+02   0.8871527702801327E+00   0.4347320926893879E-02  -0.5810929718467372E-01   0.2307762946326823E-02   0.2347023387553450E-05   0.8968617531855515E-03   0.5523501128621672E-02
  0.3692500000000000E+02   0.8875609891294954E+00   0.4319986650343352E-02  -0.5789265700838442E-01   0.2292725283631399E-02   0.2334891566730572E-05   0.8899805442676649E-03   0.5483725478637271E-02
  0.3697499999999999E+02   0.8879674711917307E+00   0.4294030256410194E-02  -0.5767698615292971E-01   0.2278427987702247E-02   0.2323473276107126E-05   0.8831587962552310E-03   0.5445789260938864E-02
  0.3702500000000001E+02   0.8883719886738924E+00   0.4269595782926881E-02  -0.5746240464386232E-01   0.2264947204208663E-02   0.2312849334679611E-05   0.8763999558600051E-03   0.5409872338117501E-02
  0.3707500000000000E+02   0.8887742953098767E+00   0.4246776333848741E-02  -0.5724904226545857E-01   0.2252332017807689E-02   0.2303073310812126E-05   0.8697076823373054E-03   0.5376089642293171E-02
  0.3712500000000000E+02   0.8891741353137179E+00   0.4225613960914346E-02  -0.5703703380151792E-01   0.2240604409921707E-02   0.2294171292418910E-05   0.8630856953841978E-03   0.5344491221740900E-02
  0.3717500000000000E+02   0.8895712515372314E+00   0.4206100497788651E-02  -0.5682651470386868E-01   0.2229759722554143E-02   0.2286142175631445E-05   0.8565376404971421E-03   0.5315063501459440E-02
  0.3722500000000000E+02   0.8899653930226887E+00   0.4188179071432578E-02  -0.5661761708713342E-01   0.2219767480976698E-02   0.2278958325744180E-05   0.8500669680062058E-03   0.5287731397931404E-02
  0.3727500000000000E+02   0.8903563221755463E+00   0.4171746191561701E-02  -0.5641046593001042E-01   0.2210572521702147E-02   0.2272566558814222E-05   0.8436768216680985E-03   0.5262361152965330E-02
  0.3732500000000000E+02   0.8907438217427947E+00   0.4156654477590616E-02  -0.5620517538418457E-01   0.2202096456336598E-02   0.2266889478356054E-05   0.8373699335641756E-03   0.5238763953178980E-02
  0.3737500000000000E+02   0.8911277016829745E+00   0.4142716202187589E-02  -0.5600184514468198E-01   0.2194239565448368E-02   0.2261827267410289E-05   0.8311485238296766E-03   0.5216700553691072E-02
  0.3742500000000000E+02   0.8915078058716775E+00   0.4129707894410201E-02  -0.5580055691076113E-01   0.2186883250480741E-02   0.2257260072284764E-05   0.8250142061096113E-03   0.5195887205702978E-02
  0.3747500000000000E+02   0.8918840184231375E+00   0.4117376240391157E-02  -0.5560137105279195E-01   0.2179893169148872E-02   0.2253051113004873E-05   0.8189679022167516E-03   0.5176003181956715E-02
  0.3752500000000000E+02   0.8922562692511382E+00   0.4105445438697475E-02  -0.5540432368377479E-01   0.2173123137037884E-02   0.2249050612677918E-05   0.8130097718171775E-03   0.5156700093187229E-02
  0.3757500000000000E+02   0.8926245383721025E+00   0.4093626013187950E-02  -0.5520942439774645E-01   0.2166419796566283E-02   0.2245100554374012E-05   0.8071391646058372E-03   0.5137612996032060E-02
  0.3762500000000000E+02   0.8929888584019403E+00   0.4081624873939517E-02  -0.5501665496433772E-01   0.2159627942323937E-02   0.2241040157756141E-05   0.8013546028880600E-03   0.5118373028124086E-02
  0.3767500000000000E+02   0.8933493147424807E+00   0.4069156177226095E-02  -0.5482596924526018E-01   0.2152596265249054E-02   0.2236711834977727E-05   0.7956538014015638E-03   0.5098621007757918E-02
  0.3772499999999999E+02   0.8937060431057506E+00   0.4055952312545343E-02  -0.5463729451784360E-01   0.2145183160402290E-02   0.2231967260277501E-05   0.7900337284836519E-03   0.5078021158528385E-02
  0.3777500000000001E+02   0.8940592242761606E+00   0.4041774188570055E-02  -0.5445053425761770E-01   0.2137262160788555E-02   0.2226673098031531E-05   0.7844907085403382E-03   0.5056273926362992E-02
  0.3782500000000000E+02   0.8944090763282128E+00   0.4026419945676504E-02  -0.5426557226413709E-01   0.2128726536537303E-02   0.2220715905055524E-05   0.7790205608114955E-03   0.5033126803363110E-02
  0.3787500000000000E+02   0.8947558448457935E+00   0.4009731316848121E-02  -0.5408227784078301E-01   0.2119492648734412E-02   0.2214005770079359E-05   0.7736187645447941E-03   0.5008382192515406E-02
  0.3792500000000000E+02   0.8950997919636341E+00   0.3991597088800971E-02  -0.5390051159439513E-01   0.2109501768956524E-02   0.2206478376139948E-05   0.7682806368872410E-03   0.4981901636158591E-02
  0.3797500000000000E+02   0.8954411852136427E+00   0.3971953446779677E-02  -0.5372013133516673E-01   0.2098720250904186E-02   0.2198095352099084E-05   0.7630015079154084E-03   0.4953606145887108E-02
  0.3802500000000000E+02   0.8957802871725727E+00   0.3950781360147085E-02  -0.5354099755024788E-01   0.2087138138007638E-02   0.2188842985339994E-05   0.7577768776990078E-03   0.4923472837911376E-02
  0.3807500000000000E+02   0.8961173467695233E+00   0.3928101511878430E-02  -0.5336297799766820E-01   0.2074766473621372E-02   0.2178729560520901E-05   0.7526025430503352E-03   0.4891528508703929E-02
  0.3812500000000000E+02   0.8964525928517038E+00   0.3903967531322731E-02  -0.5318595110482160E-01   0.2061633715658426E-02   0.2167781734402858E-05   0.7474746860834186E-03   0.4857841103784032E-02
  0.3817500000000000E+02   0.8967862302780816E+00   0.3878458416661158E-02  -0.5300980802963307E-01   0.2047781724429160E-02   0.2156040431653643E-05   0.7423899219970227E-03   0.4822510188821539E-02
  0.3822500000000000E+02   0.8971184384749772E+00   0.3851671021643244E-02  -0.5283445341985371E-01   0.2033261785941307E-02   0.2143556744839914E-05   0.7373453086323268E-03   0.4785657515127272E-02
  0.3827500000000000E+02   0.8974493721008256E+00   0.3823713348508516E-02  -0.5265980505743795E-01   0.2018131062590641E-02   0.2130388252680100E-05   0.7323383245213923E-03   0.4747418604008018E-02
  0.3832500000000000E+02   0.8977791632672499E+00   0.3794699172714110E-02  -0.5248579268052866E-01   0.2002449748721635E-02   0.2116596053980224E-05   0.7273668248217066E-03   0.4707936003143055E-02
  0.3837500000000000E+02   0.8981079246669278E+00   0.3764744270122509E-02  -0.5231235632647058E-01   0.1986279073730032E-02   0.2102242675058238E-05   0.7224289855566967E-03   0.4667354549335463E-02
  0.3842500000000000E+02   0.8984357529624613E+00   0.3733964266155658E-02  -0.5213944453711739E-01   0.1969680162675509E-02   0.2087390869402060E-05   0.7175232460812895E-03   0.4625818658762475E-02
  0.3847499999999999E+02   0.8987627318773997E+00   0.3702473912548985E-02  -0.5196701272160142E-01   0.1952713651440548E-02   0.2072103208579729E-05   0.7126482579942366E-03   0.4583471399825252E-02
  0.3852500000000000E+02   0.8990889345756442E+00   0.3670387442452794E-02  -0.5179502189498009E-01   0.1935439871760658E-02   0.2056442275464723E-05   0.7078028462514633E-03   0.4540454911743492E-02
  0.3857500000000000E+02   0.8994144250910895E+00   0.3637819568874858E-02  -0.5162343791834278E-01   0.1917919376291816E-02   0.2040471220757239E-05   0.7029859854365694E-03   0.4496911626521171E-02
  0.3862500000000000E+02   0.8997392587491164E+00   0.3604886675038956E-02  -0.5145223127102849E-01   0.1900213565348115E-02   0.2024254432156836E-05   0.6981967914156855E-03   0.4452985732776486E-02
  0.3867500000000000E+02   0.9000634816825640E+00   0.3571707790372003E-02  -0.5128137730061999E-01   0.1882385200898375E-02   0.2007858088464795E-05   0.6934345262709696E-03   0.4408824377216417E-02
  0.3872500000000000E+02   0.9003871296693318E+00   0.3538405038652793E-02  -0.5111085683072558E-01   0.1864498642504527E-02   0.1991350420963240E-05   0.6886986127071330E-03   0.4364578215758441E-02
  0.3877500000000000E+02   0.9007102265953769E+00   0.3505103367296267E-02  -0.5094065696621997E-01   0.1846619704565466E-02   0.1974801571765073E-05   0.6839886531908652E-03   0.4320401078861467E-02
  0.3882500000000000E+02   0.9010327828714449E+00   0.3471929498786475E-02  -0.5077077192275137E-01   0.1828815103923416E-02   0.1958283012345668E-05   0.6793044489353052E-03   0.4276448679601604E-02
  0.3887500000000001E+02   0.9013547941077121E+00   0.3439010167565816E-02  -0.5060120372017440E-01   0.1811151531390926E-02   0.1941866554282137E-05   0.6746460143948633E-03   0.4232876444441525E-02
  0.3892500000000000E+02   0.9016762402876460E+00   0.3406469802332353E-02  -0.5043196261280980E-01   0.1793694431683652E-02   0.1925623039269082E-05   0.6700135840119520E-03   0.4189836665872529E-02
  0.3897500000000000E+02   0.9019970855954502E+00   0.3374427874527399E-02  -0.5026306717534701E-01   0.1776506608251703E-02   0.1909620830817661E-05   0.6654076093239136E-03   0.4147475250710995E-02
  0.3902499999999999E+02   0.9023172789569237E+00   0.3342996155604292E-02  -0.5009454401308067E-01   0.1759646780916230E-02   0.1893924243614865E-05   0.6608287459486833E-03   0.4105928364003192E-02
  0.3907500000000000E+02   0.9026367552666140E+00   0.3312276111988967E-02  -0.4992642711101236E-01   0.1743168216918709E-02   0.1878592040064703E-05   0.6562778312067699E-03   0.4065319250769254E-02
  0.3912500000000000E+02   0.9029554372061261E+00   0.3282356626180992E-02  -0.4975875687218012E-01   0.1727117534583516E-02   0.1863676101764031E-05   0.6517558540553501E-03   0.4025755467101602E-02
  0.3917500000000000E+02   0.9032732375154623E+00   0.3253312176656133E-02  -0.4959157891818033E-01   0.1711533749329047E-02   0.1849220352924501E-05   0.6472639195385882E-03   0.3987326682675020E-02
  0.3922500000000000E+02   0.9035900615620062E+00   0.3225201549735308E-02  -0.4942494273389064E-01   0.1696447600366831E-02   0.1835259979556587E-05   0.6428032101074469E-03   0.3950103142915285E-02
  0.3927500000000000E+02   0.9039058100565316E+00   0.3198067103030699E-02  -0.4925890023582369E-01   0.1681881168187614E-02   0.1821820958064405E-05   0.6383749460014556E-03   0.3914134812820096E-02
  0.3932500000000000E+02   0.9042203817859330E+00   0.3171934558878953E-02  -0.4909350433277571E-01   0.1667847771222393E-02   0.1808919883464136E-05   0.6339803465189250E-03   0.3879451173599643E-02
  0.3937499999999999E+02   0.9045336762607366E+00   0.3146813280134508E-02  -0.4892880753244266E-01   0.1654352116359497E-02   0.1796564072425502E-05   0.6296205935436503E-03   0.3846061611310626E-02
  0.3942500000000000E+02   0.9048455962048706E+00   0.3122696969413057E-02  -0.4876486063213115E-01   0.1641390672073051E-02   0.1784751909613199E-05   0.6252967982445799E-03   0.3813956322927048E-02
  0.3947500000000000E+02   0.9051560498401238E+00   0.3099564733533957E-02  -0.4860171151851334E-01   0.1628952233286613E-02   0.1773473405861556E-05   0.6210099714950161E-03   0.3783107666305854E-02
  0.3952500000000000E+02   0.9054649529347212E+00   0.3077382463258915E-02  -0.4843940409239278E-01   0.1617018651515135E-02   0.1762710941192670E-05   0.6167609983123790E-03   0.3753471890995565E-02
  0.3957500000000000E+02   0.9057722305931142E+00   0.3056104489674650E-02  -0.4827797733037476E-01   0.1605565709776334E-02   0.1752440171888415E-05   0.6125506165104723E-03   0.3724991200899944E-02
  0.3962500000000000E+02   0.9060778187630089E+00   0.3035675488144866E-02  -0.4811746449587406E-01   0.1594564126831649E-02   0.1742631086140243E-05   0.6083793997689569E-03   0.3697596111832971E-02
  0.3967500000000000E+02   0.9063816654281108E+00   0.3016032604887877E-02  -0.4795789251583127E-01   0.1583980677523778E-02   0.1733249195045169E-05   0.6042477454222353E-03   0.3671208072378019E-02
  0.3972500000000000E+02   0.9066837314445324E+00   0.2997107777412874E-02  -0.4779928154502189E-01   0.1573779414006283E-02   0.1724256843410332E-05   0.6001558674013344E-03   0.3645742312150921E-02
  0.3977500000000000E+02   0.9069839909696062E+00   0.2978830207386957E-02  -0.4764164474466337E-01   0.1563922966050056E-02   0.1715614617408862E-05   0.5961037948680241E-03   0.3621110866514102E-02
  0.3982500000000000E+02   0.9072824314283887E+00   0.2961128923991623E-02  -0.4748498830382097E-01   0.1554373887881636E-02   0.1707282814103841E-05   0.5920913771023419E-03   0.3597225702224424E-02
  0.3987500000000000E+02   0.9075790529692862E+00   0.2943935350359052E-02  -0.4732931172888866E-01   0.1545096005683585E-02   0.1699222922844085E-05   0.5881182950962579E-03   0.3574001837966547E-02
  0.3992500000000000E+02   0.9078738673784552E+00   0.2927185759814108E-02  -0.4717460841684729E-01   0.1536055706361103E-02   0.1691399053135574E-05   0.5841840800403400E-03   0.3551360322773927E-02
  0.3997500000000000E+02   0.9081668964532514E+00   0.2910823487976883E-02  -0.4702086651194681E-01   0.1527223097384521E-02   0.1683779231035957E-05   0.5802881384713985E-03   0.3529230910746794E-02
  0.4002500000000000E+02   0.9084581698757876E+00   0.2894800756918652E-02  -0.4686807002407600E-01   0.1518572962397648E-02   0.1676336479693684E-05   0.5764297833138346E-03   0.3507554259022521E-02
  0.4007500000000000E+02   0.9087477226738448E+00   0.2879079972924932E-02  -0.4671620016288891E-01   0.1510085440147459E-02   0.1669049601989710E-05   0.5726082694647077E-03   0.3486283482940190E-02
  0.4012499999999999E+02   0.9090355924013882E+00   0.2863634382043337E-02  -0.4656523681819924E-01   0.1501746366204868E-02   0.1661903595625289E-05   0.5688228320308547E-03   0.3465384930176347E-02
  0.4017500000000000E+02   0.9093218162075957E+00   0.2848448006394543E-02  -0.4641516009798807E-01   0.1493547237331941E-02   0.1654889652919516E-05   0.5650727249173993E-03   0.3444838082929908E-02
  0.4022499999999999E+02   0.9096064279855072E+00   0.2833514834956231E-02  -0.4626595182380444E-01   0.1485484784974752E-02   0.1648004726673928E-05   0.5613572572638687E-03   0.3424634558800665E-02
  0.4027500000000000E+02   0.9098894557954720E+00   0.2818837298587023E-02  -0.4611759688128270E-01   0.1477560173754562E-02   0.1641250675962220E-05   0.5576758252644663E-03   0.3404776248803164E-02
  0.4032500000000000E+02   0.9101709197441862E+00   0.2804424112954763E-02  -0.4597008433111982E-01   0.1469777869066377E-02   0.1634633037281625E-05   0.5540279371855343E-03   0.3385272695915788E-02
  0.4037500000000000E+02   0.9104508304703295E+00   0.2790287618151616E-02  -0.4582340820154651E-01   0.1462144241503776E-02   0.1628159493279740E-05   0.5504132298558681E-03   0.3366137871691603E-02
  0.4042500000000000E+02   0.9107291883480386E+00   0.2776440775873649E-02  -0.4567756790422839E-01   0.1454665992591389E-02   0.1621838130706427E-05   0.5468314754763918E-03   0.3347386546660004E-02
  0.4047499999999999E+02   0.9110059834760741E+00   0.2762894003060348E-02  -0.4553256823831753E-01   0.1447348495674080E-02   0.1615675590629658E-05   0.5432825781894599E-03   0.3329030471303290E-02
  0.4052500000000000E+02   0.9112811964789960E+00   0.2749652026875266E-02  -0.4538841896916923E-01   0.1440194148863181E-02   0.1609675218399776E-05   0.5397665603950325E-03   0.3311074590826562E-02
  0.4057500000000000E+02   0.9115548001101927E+00   0.2736710944059782E-02  -0.4524513398735241E-01   0.1433200835880070E-02   0.1603835320729462E-05   0.5362835392633652E-03   0.3293513513870980E-02
  0.4062500000000000E+02   0.9118267616153553E+00   0.2724055662834183E-02  -0.4510273006993981E-01   0.1426360588000059E-02   0.1598147635359017E-05   0.5328336942746115E-03   0.3276328448616406E-02
  0.4067500000000000E+02   0.9120970457861760E+00   0.2711657901395551E-02  -0.4496122528111945E-01   0.1419658538049274E-02   0.1592596117280381E-05   0.5294172269539051E-03   0.3259484813928121E-02
  0.4072499999999999E+02   0.9123656186027830E+00   0.2699474914799408E-02  -0.4482063706548600E-01   0.1413072256139437E-02   0.1587156145072754E-05   0.5260343143294291E-03   0.3242930729719876E-02
  0.4077500000000000E+02   0.9126324513243536E+00   0.2687449119107470E-02  -0.4468098010774768E-01   0.1406571555233235E-02   0.1581794250101486E-05   0.5226850580858582E-03   0.3226596586560065E-02
  0.4082500000000000E+02   0.9128975248366781E+00   0.2675508771753676E-02  -0.4454226405901629E-01   0.1400118849379925E-02   0.1576468466389122E-05   0.5193694319585976E-03   0.3210395882117246E-02
  0.4087499999999999E+02   0.9131608340032180E+00   0.2663569840631753E-02  -0.4440449126230228E-01   0.1393670133585192E-02   0.1571129384238855E-05   0.5160872306068301E-03   0.3194227479989758E-02
  0.4092500000000000E+02   0.9134223916982805E+00   0.2651539140834532E-02  -0.4426765464525950E-01   0.1387176626239617E-02   0.1565721959802834E-05   0.5128380239353890E-03   0.3177979382144020E-02
  0.4097499999999999E+02   0.9136822321401502E+00   0.2639318728822003E-02  -0.4413173597989795E-01   0.1380587068411394E-02   0.1560188080555846E-05   0.5096211214440235E-03   0.3161533999541990E-02
  0.4102500000000000E+02   0.9139404131074189E+00   0.2626811416951201E-02  -0.4399670472695960E-01   0.1373850608015408E-02   0.1554469811563003E-05   0.5064355514373031E-03   0.3144774754117432E-02
  0.4107500000000000E+02   0.9141970166354614E+00   0.2613927115153919E-02  -0.4386251767538007E-01   0.1366920115294915E-02   0.1548513154222799E-05   0.5032800595733284E-03   0.3127593659156012E-02
  0.4112500000000000E+02   0.9144521478711253E+00   0.2600589542445195E-02  -0.4372911954474812E-01   0.1359755690357910E-02   0.1542272050276125E-05   0.5001531300591781E-03   0.3109899329895675E-02
  0.4117500000000000E+02   0.9147059319205286E+00   0.2586742712001280E-02  -0.4359644463663448E-01   0.1352328051006932E-02   0.1535712278897111E-05   0.4970530307545269E-03   0.3091624711340581E-02
  0.4122499999999999E+02   0.9149585087475819E+00   0.2572356518420326E-02  -0.4346441950420599E-01   0.1344621449986741E-02   0.1528814846769895E-05   0.4939778806833105E-03   0.3072733721962410E-02
  0.4127500000000000E+02   0.9152100264382819E+00   0.2557430777829717E-02  -0.4333296647501395E-01   0.1336635782465751E-02   0.1521578480493701E-05   0.4909257353899343E-03   0.3053226039811487E-02
  0.4132500000000000E+02   0.9154606333892501E+00   0.2541997206219300E-02  -0.4320200773470151E-01   0.1328387615133321E-02   0.1514020907344088E-05   0.4878946828132575E-03   0.3033139419830646E-02
  0.4137500000000000E+02   0.9157104701537012E+00   0.2526119057042189E-02  -0.4307146958820007E-01   0.1319909991582710E-02   0.1506178748141220E-05   0.4848829405313049E-03   0.3012549213601583E-02
  0.4142500000000000E+02   0.9159596617396846E+00   0.2509888435621758E-02  -0.4294128648293905E-01   0.1311251023669310E-02   0.1498106021483023E-05   0.4818889448379494E-03   0.2991565117242960E-02
  0.4147500000000000E+02   0.9162083110852565E+00   0.2493421605825198E-02  -0.4281140441546560E-01   0.1302471434222699E-02   0.1489871436797525E-05   0.4789114233061030E-03   0.2970325528679392E-02
  0.4152500000000000E+02   0.9164564942472331E+00   0.2476852842023742E-02  -0.4268178344128903E-01   0.1293641340560367E-02   0.1481554797584631E-05   0.4759494450297928E-03   0.2948990178282707E-02
  0.4157500000000000E+02   0.9167042575773328E+00   0.2460327510726514E-02  -0.4255239914525033E-01   0.1284836636767426E-02   0.1473242917974406E-05   0.4730024460509325E-03   0.2927731852420109E-02
  0.4162500000000000E+02   0.9169516168800573E+00   0.2443995074028642E-02  -0.4242324307580725E-01   0.1276135336596376E-02   0.1465025464143493E-05   0.4700702308459530E-03   0.2906728037213013E-02
  0.4167500000000000E+02   0.9171985583063936E+00   0.2428002604254933E-02  -0.4229432227217345E-01   0.1267614184983956E-02   0.1456991074220157E-05   0.4671529535186998E-03   0.2886153185756731E-02
  0.4172500000000000E+02   0.9174450405752218E+00   0.2412489221664024E-02  -0.4216565809794226E-01   0.1259345753292436E-02   0.1449224006811194E-05   0.4642510840941527E-03   0.2866172099105910E-02
  0.4177500000000000E+02   0.9176909980453319E+00   0.2397581659831274E-02  -0.4203728463076717E-01   0.1251396125008457E-02   0.1441801445793062E-05   0.4613653659037944E-03   0.2846934663382829E-02
  0.4182500000000000E+02   0.9179363441783449E+00   0.2383390967529337E-02  -0.4190924684848418E-01   0.1243823176295920E-02   0.1434791472138468E-05   0.4584967696293529E-03   0.2828571951585479E-02
  0.4187500000000000E+02   0.9181809750152971E+00   0.2370010200355384E-02  -0.4178159880887333E-01   0.1236675374533253E-02   0.1428251619742774E-05   0.4556464484168389E-03   0.2811193513327952E-02
  0.4192500000000000E+02   0.9184247724106237E+00   0.2357512853863639E-02  -0.4165440195699877E-01   0.1229990964991033E-02   0.1422227870112826E-05   0.4528156969241078E-03   0.2794885555213582E-02
  0.4197499999999999E+02   0.9186676069024799E+00   0.2345951743834719E-02  -0.4152772362340285E-01   0.1223797391773991E-02   0.1416753911527296E-05   0.4500059155154578E-03   0.2779709660168877E-02
  0.4202500000000001E+02   0.9189093402298532E+00   0.2335358042180789E-02  -0.4140163570775068E-01   0.1218110800713199E-02   0.1411850488390166E-05   0.4472185792740436E-03   0.2765701698065774E-02
  0.4207500000000000E+02   0.9191498276238582E+00   0.2325740219971407E-02  -0.4127621348149935E-01   0.1212935494391495E-02   0.1407524690925230E-05   0.4444552101854647E-03   0.2752870631561743E-02
  0.4212500000000000E+02   0.9193889200971808E+00   0.2317082724613227E-02  -0.4115153439281161E-01   0.1208263248951408E-02   0.1403769079779358E-05   0.4417173498100904E-03   0.2741197011110716E-02
  0.4217500000000000E+02   0.9196264670279468E+00   0.2309344321882751E-02  -0.4102767671927721E-01   0.1204072456430387E-02   0.1400560602028778E-05   0.4390065290415206E-03   0.2730631076087672E-02
  0.4222500000000000E+02   0.9198623193768491E+00   0.2302456163572818E-02  -0.4090471789188010E-01   0.1200327124178919E-02   0.1397859333652732E-05   0.4363242311952174E-03   0.2721090532741896E-02
  0.4227500000000000E+02   0.9200963338791941E+00   0.2296319796497510E-02  -0.4078273231224383E-01   0.1196975843665174E-02   0.1395607178034720E-05   0.4336718447852370E-03   0.2712458262417897E-02
  0.4232500000000000E+02   0.9203283785010148E+00   0.2290805502944919E-02  -0.4066178851260061E-01   0.1193950931753857E-02   0.1393726757264791E-05   0.4310506030868321E-03   0.2704580418568628E-02
  0.4237500000000000E+02   0.9205583393206650E+00   0.2285751541058869E-02  -0.4054194557450019E-01   0.1191168040393137E-02   0.1392120843766380E-05   0.4284615091467829E-03   0.2697265580523643E-02
  0.4242500000000000E+02   0.9207861287758744E+00   0.2280965005322099E-02  -0.4042324883760551E-01   0.1188526609548963E-02   0.1390672775361706E-05   0.4259052474624788E-03   0.2690285809665424E-02
  0.4247500000000000E+02   0.9210116948945378E+00   0.2276225103093987E-02  -0.4030572509741015E-01   0.1185911577582885E-02   0.1389248347129912E-05   0.4233820871312514E-03   0.2683380541876172E-02
  0.4252500000000000E+02   0.9212350307257429E+00   0.2271289579104051E-02  -0.4018937769982756E-01   0.1183196729819961E-02   0.1387699638750594E-05   0.4208917855966650E-03   0.2676264173899765E-02
  0.4257500000000000E+02   0.9214561827675917E+00   0.2265904752359446E-02  -0.4007418215912062E-01   0.1180249926737074E-02   0.1385871076638095E-05   0.4184335064596566E-03   0.2668637886176655E-02
  0.4262500000000000E+02   0.9216752568598815E+00   0.2259819124192525E-02  -0.3996008309649324E-01   0.1176940189883614E-02   0.1383607723278978E-05   0.4160057679572711E-03   0.2660205650031463E-02
  0.4267500000000000E+02   0.9218924199159108E+00   0.2252799802129995E-02  -0.3984699334531105E-01   0.1173146251959921E-02   0.1380765348477414E-05   0.4136064391098412E-03   0.2650693528308451E-02
  0.4272499999999999E+02   0.9221078961425527E+00   0.2244650185015284E-02  -0.3973479592564733E-01   0.1168765761526793E-02   0.1377221342731899E-05   0.4112327968506491E-03   0.2639870440459944E-02
  0.4277500000000000E+02   0.9223219571003762E+00   0.2235226683266372E-02  -0.3962334922495858E-01   0.1163723983430097E-02   0.1372885111849515E-05   0.4088816492252670E-03   0.2627567775823378E-02
  0.4282500000000000E+02   0.9225349060075388E+00   0.2224451953569022E-02  -0.3951249517403876E-01   0.1157980682930430E-02   0.1367706398297371E-05   0.4065495180522291E-03   0.2613694895006408E-02
  0.4287500000000000E+02   0.9227470578578454E+00   0.2212322397291707E-02  -0.3940206960016301E-01   0.1151534022341093E-02   0.1361680126827360E-05   0.4042328619887731E-03   0.2598247878936551E-02
  0.4292500000000000E+02   0.9229587178706263E+00   0.2198908529921785E-02  -0.3929191344640492E-01   0.1144420745853227E-02   0.1354846888032972E-05   0.4019283113984272E-03   0.2581309895274415E-02
  0.4297500000000000E+02   0.9231701612085028E+00   0.2184348087592439E-02  -0.3918188332858730E-01   0.1136712583625990E-02   0.1347288942318065E-05   0.3996328829734018E-03   0.2563043032029543E-02
  0.4302500000000000E+02   0.9233816166395807E+00   0.2168833049181354E-02  -0.3907186003674112E-01   0.1128509489411081E-02   0.1339122436692137E-05   0.3973441460411396E-03   0.2543672990197052E-02
  0.4307500000000000E+02   0.9235932559655881E+00   0.2152592746117807E-02  -0.3896175403333646E-01   0.1119930843102199E-02   0.1330487147927611E-05   0.3950603226584015E-03   0.2523469193452448E-02
  0.4312500000000000E+02   0.9238051898643164E+00   0.2135875658773641E-02  -0.3885150761144296E-01   0.1111105971495498E-02   0.1321535342015849E-05   0.3927803167329457E-03   0.2502723372081771E-02
  0.4317500000000000E+02   0.9240174696523409E+00   0.2118932319112807E-02  -0.3874109397073855E-01   0.1102165246960170E-02   0.1312421243347854E-05   0.3905036796829208E-03   0.2481729465050564E-02
  0.4322500000000000E+02   0.9242300936437081E+00   0.2102001107580797E-02  -0.3863051390142791E-01   0.1093232694596504E-02   0.1303292228581651E-05   0.3882305286208676E-03   0.2460766939339887E-02
  0.4327499999999999E+02   0.9244430163910480E+00   0.2085297900542498E-02  -0.3851979096858305E-01   0.1084420605309807E-02   0.1294282353450654E-05   0.3859614365517396E-03   0.2440088646615333E-02
  0.4332500000000000E+02   0.9246561591197474E+00   0.2069009734851013E-02  -0.3840896607661304E-01   0.1075826241021221E-02   0.1285508334901911E-05   0.3836973131157506E-03   0.2419913408472294E-02
  0.4337500000000000E+02   0.9248694199751523E+00   0.2053292066261261E-02  -0.3829809213232238E-01   0.1067530411171742E-02   0.1277067744568209E-05   0.3814392905214349E-03   0.2400422828438855E-02
  0.4342500000000000E+02   0.9250826831407635E+00   0.2038268863427126E-02  -0.3818722929684526E-01   0.1059597525377524E-02   0.1269038958391469E-05   0.3791886242537003E-03   0.2381761436045463E-02
  0.4347500000000000E+02   0.9252958263222957E+00   0.2024034673980470E-02  -0.3807644108919939E-01   0.1052076672429311E-02   0.1261482337309776E-05   0.3769466132955933E-03   0.2364039145696337E-02
  0.4352500000000000E+02   0.9255087264492560E+00   0.2010657857155619E-02  -0.3796579141843093E-01   0.1045003306129908E-02   0.1254442145332163E-05   0.3747145407725324E-03   0.2347335082325716E-02
  0.4357500000000000E+02   0.9257212636924960E+00   0.1998184325037922E-02  -0.3785534249285638E-01   0.1038401195416442E-02   0.1247948799179009E-05   0.3724936333741578E-03   0.2331702000252188E-02
  0.4362499999999999E+02   0.9259333240377108E+00   0.1986641311851048E-02  -0.3774515348127772E-01   0.1032284388609933E-02   0.1242021151055417E-05   0.3702850365274448E-03   0.2317170730735448E-02
  0.4367500000000000E+02   0.9261448007133226E+00   0.1976040858691950E-02  -0.3763527977066583E-01   0.1026659029136611E-02   0.1236668608766144E-05   0.3680898018088804E-03   0.2303754291574984E-02
  0.4372500000000000E+02   0.9263555947734274E+00   0.1966382840032471E-02  -0.3752577266369628E-01   0.1021524932399767E-02   0.1231892982816790E-05   0.3659088831836427E-03   0.2291451455507024E-02
  0.4377500000000000E+02   0.9265656151062245E+00   0.1957657462357357E-02  -0.3741667937532334E-01   0.1016876887647980E-02   0.1227690014546232E-05   0.3637431390823404E-03   0.2280249696426871E-02
  0.4382500000000000E+02   0.9267747780932128E+00   0.1949847236922494E-02  -0.3730804321111147E-01   0.1012705685952917E-02   0.1224050583981176E-05   0.3615933378808221E-03   0.2270127516494234E-02
  0.4387500000000000E+02   0.9269830070957426E+00   0.1942928473862350E-02  -0.3719990383542204E-01   0.1008998898941859E-02   0.1220961624591392E-05   0.3594601649178943E-03   0.2261056210150007E-02
  0.4392500000000000E+02   0.9271902318994674E+00   0.1936872370518586E-02  -0.3709229756153476E-01   0.1005741446253704E-02   0.1218406788536970E-05   0.3573442297072206E-03   0.2253001150974364E-02
  0.4397500000000000E+02   0.9273963882065033E+00   0.1931645778798489E-02  -0.3698525761699889E-01   0.1002915995874886E-02   0.1216366913922392E-05   0.3552460724495043E-03   0.2245922701105774E-02
  0.4402500000000000E+02   0.9276014172302203E+00   0.1927211739015030E-02  -0.3687881435565998E-01   0.1000503242863307E-02   0.1214820347700587E-05   0.3531661693267167E-03   0.2239776845827613E-02
  0.4407500000000000E+02   0.9278052654181668E+00   0.1923529863906039E-02  -0.3677299540311330E-01   0.9984821099939167E-03   0.1213743175972013E-05   0.3511049363688393E-03   0.2234515651337409E-02
  0.4412500000000000E+02   0.9280078843039770E+00   0.1920556648033080E-02  -0.3666782573514893E-01   0.9968299094228414E-03   0.1213109408504718E-05   0.3490627319345906E-03   0.2230087633608408E-02
  0.4417500000000000E+02   0.9282092304689363E+00   0.1918245765346284E-02  -0.3656332769923043E-01   0.9955224979994524E-03   0.1212891156853021E-05   0.3470398580457728E-03   0.2226438111622227E-02
  0.4422499999999999E+02   0.9284092655782317E+00   0.1916548401823916E-02  -0.3645952099716898E-01   0.9945344505958658E-03   0.1213058835737543E-05   0.3450365609614684E-03   0.2223509599644065E-02
  0.4427500000000000E+02   0.9286079564464650E+00   0.1915413651268462E-02  -0.3635642265257033E-01   0.9938392660390676E-03   0.1213581405670584E-05   0.3430530314682873E-03   0.2221242271238867E-02
  0.4432500000000000E+02   0.9288052750826373E+00   0.1914788981491002E-02  -0.3625404698889167E-01   0.9934096094040522E-03   0.1214426661736104E-05   0.3410894053894409E-03   0.2219574503471163E-02
  0.4437499999999999E+02   0.9290011986674120E+00   0.1914620756793032E-02  -0.3615240564258293E-01   0.9932175833615483E-03   0.1215561559933264E-05   0.3391457647719428E-03   0.2218443484992678E-02
  0.4442500000000000E+02   0.9291957094255112E+00   0.1914854783053139E-02  -0.3605150763056919E-01   0.9932350111084957E-03   0.1216952559956749E-05   0.3372221400958947E-03   0.2217785849036610E-02
  0.4447499999999999E+02   0.9293887943731793E+00   0.1915436826480126E-02  -0.3595135948246542E-01   0.9934337055088080E-03   0.1218565953403326E-05   0.3353185136693102E-03   0.2217538274745527E-02
  0.4452500000000000E+02   0.9295804449433265E+00   0.1916313048875992E-02  -0.3585196543615066E-01   0.9937856948196099E-03   0.1220368140892256E-05   0.3334348241430906E-03   0.2217637990834254E-02
  0.4457500000000000E+02   0.9297706565165743E+00   0.1917430303239701E-02  -0.3575332768205264E-01   0.9942633759006917E-03   0.1222325821902810E-05   0.3315709718317329E-03   0.2218023116824941E-02
  0.4462500000000000E+02   0.9299594279114375E+00   0.1918736244885105E-02  -0.3565544662853470E-01   0.9948395716950810E-03   0.1224406068060419E-05   0.3297268242914945E-03   0.2218632790289112E-02
  0.4467500000000000E+02   0.9301467609072502E+00   0.1920179234664886E-02  -0.3555832115022384E-01   0.9954874808785501E-03   0.1226576264035847E-05   0.3279022214277865E-03   0.2219407053339582E-02
  0.4472499999999999E+02   0.9303326598853151E+00   0.1921708040526628E-02  -0.3546194877498521E-01   0.9961805229383933E-03   0.1228803919038167E-05   0.3260969793132289E-03   0.2220286505859083E-02
  0.4477500000000000E+02   0.9305171316740360E+00   0.1923271378164369E-02  -0.3536632576511478E-01   0.9968920998377144E-03   0.1231056374017846E-05   0.3243108919231567E-03   0.2221211772788024E-02
  0.4482500000000000E+02   0.9307001856707071E+00   0.1924817366580380E-02  -0.3527144705512275E-01   0.9975953135754035E-03   0.1233300452372853E-05   0.3225437301493882E-03   0.2222122873147581E-02
  0.4487500000000000E+02   0.9308818342859946E+00   0.1926293004990006E-02  -0.3517730602229174E-01   0.9982626948006430E-03   0.1235502121999526E-05   0.3207952377322247E-03   0.2222958613642592E-02
  0.4492500000000000E+02   0.9310620937185121E+00   0.1927643798734406E-02  -0.3508389408621881E-01   0.9988660086199493E-03   0.1237626250741963E-05   0.3190651241353167E-03   0.2223656153977886E-02
  0.4497499999999999E+02   0.9312409850194903E+00   0.1928813669272354E-02  -0.3499120015810508E-01   0.9993762075477272E-03   0.1239636542752987E-05   0.3173530548429829E-03   0.2224150899344280E-02
  0.4502500000000000E+02   0.9314185353561478E+00   0.1929745273463181E-02  -0.3489920998716589E-01   0.9997635964205972E-03   0.1241495737680175E-05   0.3156586400362896E-03   0.2224376863962180E-02
  0.4507500000000000E+02   0.9315947793331478E+00   0.1930380828295062E-02  -0.3480790547701551E-01   0.9999982590248482E-03   0.1243166136569842E-05   0.3139814230431106E-03   0.2224267615928794E-02
  0.4512499999999999E+02   0.9317697601915874E+00   0.1930663489103664E-02  -0.3471726406553166E-01   0.1000050771256482E-02   0.1244610487904309E-05   0.3123208702917877E-03   0.2223757858112046E-02
  0.4517500000000000E+02   0.9319435306818697E+00   0.1930539264997977E-02  -0.3462725827364177E-01   0.9998931923153485E-03   0.1245793225949846E-05   0.3106763646605365E-03   0.2222785625766639E-02
  0.4522500000000000E+02   0.9321161534073710E+00   0.1929959380640913E-02  -0.3453785552814426E-01   0.9995002868272342E-03   0.1246682005343397E-05   0.3090472040471091E-03   0.2221294995817693E-02
  0.4527500000000000E+02   0.9322877004647659E+00   0.1928882917858601E-02  -0.3444901834865832E-01   0.9988508916223735E-03   0.1247249426421370E-05   0.3074326066500691E-03   0.2219239115882439E-02
  0.4532500000000000E+02   0.9324582522651562E+00   0.1927279505305168E-02  -0.3436070495859678E-01   0.9979293071449278E-03   0.1247474802647400E-05   0.3058317238559080E-03   0.2216583286330135E-02
  0.4537500000000000E+02   0.9326278955035626E+00   0.1925131781782080E-02  -0.3427287033685300E-01   0.9967265714351324E-03   0.1247345792599110E-05   0.3042436608148530E-03   0.2213307780003816E-02
  0.4542500000000000E+02   0.9327967203431492E+00   0.1922437349108716E-02  -0.3418546767573849E-01   0.9952414696444423E-03   0.1246859711165904E-05   0.3026675038622013E-03   0.2209410073445778E-02
  0.4547499999999999E+02   0.9329648169804305E+00   0.1919209959274277E-02  -0.3409845015901336E-01   0.9934811470124622E-03   0.1246024351761143E-05   0.3011023530391487E-03   0.2204906196974012E-02
  0.4552500000000000E+02   0.9331322718423321E+00   0.1915479746717484E-02  -0.3401177293007474E-01   0.9914612274973551E-03   0.1244858192914827E-05   0.2995473572379407E-03   0.2199830987250061E-02
  0.4557500000000000E+02   0.9332991637205612E+00   0.1911292411226489E-02  -0.3392539509214743E-01   0.9892053892715641E-03   0.1243389923150169E-05   0.2980017490703042E-03   0.2194237134949151E-02
  0.4562500000000000E+02   0.9334655601638009E+00   0.1906707365284096E-02  -0.3383928157458171E-01   0.9867444043841461E-03   0.1241657288088701E-05   0.2964648765112514E-03   0.2188193044699548E-02
  0.4567500000000000E+02   0.9336315144219877E+00   0.1901794964018835E-02  -0.3375340471299038E-01   0.9841147038939550E-03   0.1239705331837419E-05   0.2949362287034165E-03   0.2181779644267618E-02
  0.4572500000000000E+02   0.9337970631758122E+00   0.1896633019910399E-02  -0.3366774542265427E-01   0.9813565732316098E-03   0.1237584160187119E-05   0.2934154539471804E-03   0.2175086376253255E-02
  0.4577500000000000E+02   0.9339622252014220E+00   0.1891302856809762E-02  -0.3358229388769440E-01   0.9785121096436004E-03   0.1235346388513965E-05   0.2919023687194322E-03   0.2168206665457746E-02
  0.4582500000000000E+02   0.9341270010308640E+00   0.1885885174798278E-02  -0.3349704973483769E-01   0.9756230823097235E-03   0.1233044449774325E-05   0.2903969574100878E-03   0.2161233174188490E-02
  0.4587500000000000E+02   0.9342913735878824E+00   0.1880455982526078E-02  -0.3341202170249646E-01   0.9727288279739485E-03   0.1230727929726954E-05   0.2888993632052429E-03   0.2154253140253643E-02
  0.4592500000000000E+02   0.9344553097168387E+00   0.1875082816200851E-02  -0.3332722684789025E-01   0.9698642954878171E-03   0.1228441073357934E-05   0.2874098710887122E-03   0.2147344048953731E-02
  0.4597500000000000E+02   0.9346187624843684E+00   0.1869821416320301E-02  -0.3324268935467700E-01   0.9670583277369637E-03   0.1226220576125656E-05   0.2859288842462293E-03   0.2140569834779160E-02
  0.4602500000000000E+02   0.9347816741175676E+00   0.1864712986134766E-02  -0.3315843901172388E-01   0.9643322450002631E-03   0.1224093743619793E-05   0.2844568952599008E-03   0.2133977754083183E-02
  0.4607500000000000E+02   0.9349439794429464E+00   0.1859782118393226E-02  -0.3307450943339019E-01   0.9616987743819900E-03   0.1222077079270672E-05   0.2829944534372394E-03   0.2127596026713528E-02
  0.4612500000000000E+02   0.9351056096983497E+00   0.1855035453541034E-02  -0.3299093608753589E-01   0.9591613578241268E-03   0.1220175344802912E-05   0.2815421295125982E-03   0.2121432317472553E-02
  0.4617500000000000E+02   0.9352664965963856E+00   0.1850461122844309E-02  -0.3290775419414760E-01   0.9567138661640126E-03   0.1218381132064860E-05   0.2801004788726711E-03   0.2115473116926718E-02
  0.4622499999999999E+02   0.9354265765149209E+00   0.1846029029262456E-02  -0.3282499655895732E-01   0.9543407463461119E-03   0.1216674984713952E-05   0.2786700044586494E-03   0.2109684080176018E-02
  0.4627500000000000E+02   0.9355857946734276E+00   0.1841692019368603E-02  -0.3274269141505382E-01   0.9520176291368197E-03   0.1215026108843687E-05   0.2772511206215323E-03   0.2104011382678566E-02
  0.4632500000000000E+02   0.9357441091232070E+00   0.1837387991562659E-02  -0.3266086036132665E-01   0.9497124205317342E-03   0.1213393706625280E-05   0.2758441194496474E-03   0.2098384143063261E-02
  0.4637500000000000E+02   0.9359014943396192E+00   0.1833042959735451E-02  -0.3257951650715385E-01   0.9473868865776428E-03   0.1211728950068023E-05   0.2744491414005943E-03   0.2092717933216864E-02
  0.4642500000000000E+02   0.9360579441652992E+00   0.1828575040416919E-02  -0.3249866295292880E-01   0.9449987149361193E-03   0.1209977578313048E-05   0.2730661523626852E-03   0.2086919337814318E-02
  0.4647500000000000E+02   0.9362134738287516E+00   0.1823899253287869E-02  -0.3241829174868416E-01   0.9425039961659428E-03   0.1208083049971775E-05   0.2716949294220889E-03   0.2080891436616849E-02
  0.4652500000000001E+02   0.9363681207681075E+00   0.1818932925012533E-02  -0.3233838347025597E-01   0.9398600161157794E-03   0.1205990115198513E-05   0.2703350574912559E-03   0.2074539969296239E-02
  0.4657500000000000E+02   0.9365219440382996E+00   0.1813601378256089E-02  -0.3225890752736049E-01   0.9370281950217816E-03   0.1203648599315400E-05   0.2689859384575109E-03   0.2067779819754819E-02
  0.4662500000000000E+02   0.9366750221777979E+00   0.1807843492406525E-02  -0.3217982326738034E-01   0.9339769597022874E-03   0.1201017124723834E-05   0.2676468135980302E-03   0.2060541348724238E-02
  0.4667500000000000E+02   0.9368274495535812E+00   0.1801616664418401E-02  -0.3210108186502381E-01   0.9306843052836022E-03   0.1198066456914958E-05   0.2663167987368942E-03   0.2052776037720196E-02
  0.4672500000000000E+02   0.9369793313726582E+00   0.1794900699200216E-02  -0.3202262890040997E-01   0.9271398034652753E-03   0.1194782158444972E-05   0.2649949301587218E-03   0.2044460909065690E-02
  0.4677499999999999E+02   0.9371307777165573E+00   0.1787700231150710E-02  -0.3194440744132931E-01   0.9233458516703750E-03   0.1191166280227273E-05   0.2636802178973112E-03   0.2035601269367399E-02
  0.4682500000000000E+02   0.9372818970883310E+00   0.1780045418482410E-02  -0.3186636137671006E-01   0.9193180297989019E-03   0.1187237910689039E-05   0.2623717019730085E-03   0.2026231483684084E-02
  0.4687500000000000E+02   0.9374327900302754E+00   0.1771990839604636E-02  -0.3178843871291792E-01   0.9150845282455926E-03   0.1183032527198775E-05   0.2610685066992861E-03   0.2016413701546122E-02
  0.4692500000000000E+02   0.9375835433581717E+00   0.1763612722819839E-02  -0.3171059455097713E-01   0.9106847151766588E-03   0.1178600228797697E-05   0.2597698884360657E-03   0.2006234686063158E-02
  0.4697499999999999E+02   0.9377342254660873E+00   0.1755004819169154E-02  -0.3163279351026904E-01   0.9061670032853208E-03   0.1174003049502290E-05   0.2584752730931594E-03   0.1995801100594855E-02
  0.4702500000000000E+02   0.9378848830043045E+00   0.1746273351442982E-02  -0.3155501144254336E-01   0.9015862398359542E-03   0.1169311635685920E-05   0.2571842810882106E-03   0.1985233747435229E-02
  0.4707500000000000E+02   0.9380355390535684E+00   0.1737531522154309E-02  -0.3147723637276945E-01   0.8970008694721078E-03   0.1164601606838572E-05   0.2558967390525742E-03   0.1974661309232269E-02
  0.4712500000000000E+02   0.9381861927463273E+00   0.1728894039141045E-02  -0.3139946869247556E-01   0.8924701067462723E-03   0.1159949905487099E-05   0.2546126790546272E-03   0.1964214115914395E-02
  0.4717500000000000E+02   0.9383368201487259E+00   0.1720472034358237E-02  -0.3132172070193540E-01   0.8880513123536467E-03   0.1155431388757464E-05   0.2533323272358152E-03   0.1954018364809113E-02
  0.4722500000000000E+02   0.9384873761326857E+00   0.1712368633681493E-02  -0.3124401564115675E-01   0.8837977061967772E-03   0.1151115836938465E-05   0.2520560844023673E-03   0.1944191087193234E-02
  0.4727500000000000E+02   0.9386377969389392E+00   0.1704675309518987E-02  -0.3116638636429803E-01   0.8797564852864272E-03   0.1147065470966770E-05   0.2507845012738747E-03   0.1934836010747768E-02
  0.4732500000000000E+02   0.9387880031517492E+00   0.1697469035910604E-02  -0.3108887380185443E-01   0.8759673565578739E-03   0.1143332995896738E-05   0.2495182508411709E-03   0.1926040339575498E-02
  0.4737500000000000E+02   0.9389379028599495E+00   0.1690810182140028E-02  -0.3101152532708951E-01   0.8724614514691591E-03   0.1139960131067949E-05   0.2482580997637210E-03   0.1917872378133113E-02
  0.4742500000000000E+02   0.9390873948504957E+00   0.1684741032007591E-02  -0.3093439310621293E-01   0.8692605640023735E-03   0.1136976554297235E-05   0.2470048800868599E-03   0.1910379869774312E-02
  0.4747500000000000E+02   0.9392363717549639E+00   0.1679284801284727E-02  -0.3085753247344647E-01   0.8663766461347004E-03   0.1134399176886611E-05   0.2457594619096856E-03   0.1903588903949997E-02
  0.4752500000000000E+02   0.9393847231347039E+00   0.1674445040449470E-02  -0.3078100033840880E-01   0.8638115023715552E-03   0.1132231675375243E-05   0.2445227270813825E-03   0.1897503262675468E-02
  0.4757500000000000E+02   0.9395323385386750E+00   0.1670205346231812E-02  -0.3070485360829056E-01   0.8615566437371037E-03   0.1130464229990938E-05   0.2432955436090742E-03   0.1892104118244200E-02
  0.4762500000000000E+02   0.9396791105945409E+00   0.1666529355649101E-02  -0.3062914759357405E-01   0.8595932874977649E-03   0.1129073453313416E-05   0.2420787402580940E-03   0.1887350051073673E-02
  0.4767500000000000E+02   0.9398249381960222E+00   0.1663361051891262E-02  -0.3055393436478693E-01   0.8578925176210671E-03   0.1128022530282413E-05   0.2408730808284200E-03   0.1883177419691817E-02
  0.4772500000000000E+02   0.9399697298272460E+00   0.1660625464426384E-02  -0.3047926103924481E-01   0.8564156483163189E-03   0.1127261626840922E-05   0.2396792377963461E-03   0.1879501174919277E-02
  0.4777500000000000E+02   0.9401134070191874E+00   0.1658229887620250E-02  -0.3040516800026105E-01   0.8551148546245016E-03   0.1126728653459590E-05   0.2384977654005264E-03   0.1876216257756379E-02
  0.4782500000000000E+02   0.9402559078678908E+00   0.1656065764303724E-02  -0.3033168708500344E-01   0.8539341454426277E-03   0.1126350485554219E-05   0.2373290727898452E-03   0.1873199745540147E-02
  0.4787499999999999E+02   0.9403971904658349E+00   0.1654011374634794E-02  -0.3025883981754574E-01   0.8528107512336571E-03   0.1126044739501684E-05   0.2361733984759271E-03   0.1870313904092325E-02
  0.4792500000000000E+02   0.9405372360173925E+00   0.1651935429475726E-02  -0.3018663580508107E-01   0.8516769774806435E-03   0.1125722175745116E-05   0.2350307879530553E-03   0.1867410257183948E-02
  0.4797500000000000E+02   0.9406760513417122E+00   0.1649701588392944E-02  -0.3011507145010528E-01   0.8504625341789073E-03   0.1125289747104405E-05   0.2339010768421019E-03   0.1864334695409760E-02
  0.4802500000000000E+02   0.9408136704290793E+00   0.1647173808849379E-02  -0.3004412915056154E-01   0.8490972931618361E-03   0.1124654233039100E-05   0.2327838821440588E-03   0.1860933518549039E-02
  0.4807500000000000E+02   0.9409501547269898E+00   0.1644222297409596E-02  -0.2997377715467298E-01   0.8475143551205685E-03   0.1123726307351096E-05   0.2316786040243536E-03   0.1857060152489284E-02
  0.4812499999999999E+02   0.9410855919017085E+00   0.1640729697077686E-02  -0.2990397020134805E-01   0.8456532377615376E-03   0.1122424792048583E-05   0.2305844399100322E-03   0.1852582127795303E-02
  0.4817500000000000E+02   0.9412200929514867E+00   0.1636597035068737E-02  -0.2983465100983029E-01   0.8434629399886557E-03   0.1120680772866924E-05   0.2295004115735956E-03   0.1847387783401330E-02
  0.4822500000000000E+02   0.9413537877261960E+00   0.1631748901075982E-02  -0.2976575259025327E-01   0.8409046090839885E-03   0.1118441212112592E-05   0.2284254044200209E-03   0.1841392098032675E-02
  0.4827500000000000E+02   0.9414868191077506E+00   0.1626137349074264E-02  -0.2969720124390962E-01   0.8379535497367118E-03   0.1115671707296162E-05   0.2273582166173112E-03   0.1834541078193368E-02
  0.4832500000000000E+02   0.9416193362893058E+00   0.1619744122731442E-02  -0.2962892002745587E-01   0.8346003689522939E-03   0.1112358114686347E-05   0.2262976143160941E-03   0.1826814252555893E-02
  0.4837500000000000E+02   0.9417514877207460E+00   0.1612580983170625E-02  -0.2956083238856866E-01   0.8308511429622711E-03   0.1108506877507511E-05   0.2252423882861974E-03   0.1818225024320983E-02
  0.4842500000000000E+02   0.9418834143348637E+00   0.1604688137720742E-02  -0.2949286565644249E-01   0.8267266055731465E-03   0.1104144048590178E-05   0.2241914070660081E-03   0.1808818881242311E-02
  0.4847499999999999E+02   0.9420152436224573E+00   0.1596130988232257E-02  -0.2942495409435808E-01   0.8222604707206899E-03   0.1099313148790266E-05   0.2231436622308183E-03   0.1798669711070120E-02
  0.4852500000000000E+02   0.9421470849960847E+00   0.1586995596587741E-02  -0.2935704128779482E-01   0.8174970942421909E-03   0.1094072127191773E-05   0.2220983025270525E-03   0.1787874671990762E-02
  0.4857500000000000E+02   0.9422790266998482E+00   0.1577383373354661E-02  -0.2928908173555922E-01   0.8124887356654571E-03   0.1088489766106088E-05   0.2210546551443188E-03   0.1776548189574160E-02
  0.4862499999999999E+02   0.9424111343237987E+00   0.1567405521170913E-02  -0.2922104161385297E-01   0.8072926939911309E-03   0.1082641894430660E-05   0.2200122340000987E-03   0.1764815680353402E-02
  0.4867500000000000E+02   0.9425434508023206E+00   0.1557177714221383E-02  -0.2915289877555860E-01   0.8019685655225504E-03   0.1076607741152619E-05   0.2189707363097384E-03   0.1752807545162105E-02
  0.4872499999999999E+02   0.9426759976423132E+00   0.1546815389958404E-02  -0.2908464211582973E-01   0.7965758175507914E-03   0.1070466690621019E-05   0.2179300297123476E-03   0.1740653856369408E-02
  0.4877500000000000E+02   0.9428087770512481E+00   0.1536429896422129E-02  -0.2901627047407718E-01   0.7911718032454993E-03   0.1064295611260091E-05   0.2168901327419241E-03   0.1728480013105390E-02
  0.4882500000000000E+02   0.9429417746158192E+00   0.1526125604381699E-02  -0.2894779125239311E-01   0.7858102739655912E-03   0.1058166837679963E-05   0.2158511915009849E-03   0.1716403487101206E-02
  0.4887500000000000E+02   0.9430749622078914E+00   0.1515997977828330E-02  -0.2887921891703660E-01   0.7805403855830049E-03   0.1052146806394130E-05   0.2148134551119613E-03   0.1704531651202700E-02
  0.4892500000000000E+02   0.9432083008499933E+00   0.1506132510203910E-02  -0.2881057352095706E-01   0.7754061510246533E-03   0.1046295285420361E-05   0.2137772520228464E-03   0.1692960585463843E-02
  0.4897499999999999E+02   0.9433417433419328E+00   0.1496604380059058E-02  -0.2874187934958405E-01   0.7704462635827625E-03   0.1040665100160022E-05   0.2127429686558665E-03   0.1681774695256235E-02
  0.4902500000000000E+02   0.9434752365202965E+00   0.1487478655495235E-02  -0.2867316375593276E-01   0.7656942030177127E-03   0.1035302240181836E-05   0.2117110313126198E-03   0.1671046948513221E-02
  0.4907500000000000E+02   0.9436087230849665E+00   0.1478810875283882E-02  -0.2860445621892538E-01   0.7611785357423691E-03   0.1030246229570561E-05   0.2106818917511812E-03   0.1660839537736244E-02
  0.4912500000000000E+02   0.9437421429768772E+00   0.1470647848473486E-02  -0.2853578763301778E-01   0.7569233275666623E-03   0.1025530652263594E-05   0.2096560164610946E-03   0.1651204788248634E-02
  0.4917500000000000E+02   0.9438754343279172E+00   0.1463028536686859E-02  -0.2846718981832119E-01   0.7529485990356153E-03   0.1021183738569825E-05   0.2086338793854580E-03   0.1642186159583950E-02
  0.4922499999999999E+02   0.9440085340283006E+00   0.1455984908720831E-02  -0.2839869522783045E-01   0.7492707665014119E-03   0.1017228936088129E-05   0.2076159576629081E-03   0.1633819215681190E-02
  0.4927500000000000E+02   0.9441413779712642E+00   0.1449542681741357E-02  -0.2833033682089958E-01   0.7459030247989610E-03   0.1013685404914196E-05   0.2066027298650963E-03   0.1626132467497144E-02
  0.4932500000000000E+02   0.9442739010423851E+00   0.1443721885160674E-02  -0.2826214806827410E-01   0.7428556386327276E-03   0.1010568391825940E-05   0.2055946761632521E-03   0.1619148016302642E-02
  0.4937500000000000E+02   0.9444060369238885E+00   0.1438537201327098E-02  -0.2819416305243194E-01   0.7401361190860556E-03   0.1007889450443997E-05   0.2045922798490604E-03   0.1612881946332378E-02
  0.4942500000000000E+02   0.9445377177853633E+00   0.1433998051562905E-02  -0.2812641662644855E-01   0.7377492690897283E-03   0.1005656484225579E-05   0.2035960296411633E-03   0.1607344431732150E-02
  0.4947500000000000E+02   0.9446688739331919E+00   0.1430108407655812E-02  -0.2805894459417102E-01   0.7356970876483232E-03   0.1003873597106683E-05   0.2026064222155732E-03   0.1602539535797483E-02
  0.4952500000000000E+02   0.9447994334929981E+00   0.1426866318939521E-02  -0.2799178387347090E-01   0.7339785277873525E-03   0.1002540743549199E-05   0.2016239643962688E-03   0.1598464691777764E-02
  0.4957500000000000E+02   0.9449293222032188E+00   0.1424263155231707E-02  -0.2792497260241245E-01   0.7325891083966561E-03   0.1001653176820788E-05   0.2006491744269744E-03   0.1595109865872471E-02
  0.4962500000000000E+02   0.9450584634035337E+00   0.1422282578018013E-02  -0.2785855014529415E-01   0.7315203863751436E-03   0.1001200702863576E-05   0.1996825817168270E-03   0.1592456416580435E-02
  0.4967500000000000E+02   0.9451867783085712E+00   0.1420899268381105E-02  -0.2779255695210225E-01   0.7307593037585402E-03   0.1001166758517562E-05   0.1987247244179175E-03   0.1590475682518293E-02
  0.4972499999999999E+02   0.9453141866633343E+00   0.1420077462202905E-02  -0.2772703422183276E-01   0.7302874358263852E-03   0.1001527348543583E-05   0.1977761441647610E-03   0.1589127355353465E-02
  0.4977500000000000E+02   0.9454406078793375E+00   0.1419769372642387E-02  -0.2766202331884171E-01   0.7300801813215338E-03   0.1002249896957504E-05   0.1968373773056128E-03   0.1588357727302582E-02
  0.4982500000000000E+02   0.9455659627454349E+00   0.1419913617418311E-02  -0.2759756489396803E-01   0.7301059551868985E-03   0.1003292095123406E-05   0.1959089420128129E-03   0.1588097944404908E-02
  0.4987500000000000E+02   0.9456901757895827E+00   0.1420433812961328E-02  -0.2753369767129177E-01   0.7303254670932549E-03   0.1004600861177566E-05   0.1949913208105254E-03   0.1588262446326264E-02
  0.4992500000000000E+02   0.9458131783314542E+00   0.1421237545442508E-02  -0.2747045688006244E-01   0.7306911936490309E-03   0.1006111560169769E-05   0.1940849383436167E-03   0.1588747826770032E-02
  0.4997499999999999E+02   0.9459349122055055E+00   0.1422215972980558E-02  -0.2740787234231790E-01   0.7311471749240437E-03   0.1007747666842927E-05   0.1931901346659204E-03   0.1589432397808630E-02
  0.5002500000000000E+02   0.9460553340466157E+00   0.1423244342930034E-02  -0.2734596627165486E-01   0.7316292811095953E-03   0.1009421075371226E-05   0.1923071349670142E-03   0.1590176774297879E-02
  0.5007500000000000E+02   0.9461744199174468E+00   0.1424183708399041E-02  -0.2728475089663851E-01   0.7320660952482437E-03   0.1011033262138911E-05   0.1914360174643460E-03   0.1590825794675875E-02
  0.5012500000000000E+02   0.9462921699275020E+00   0.1424884082722117E-02  -0.2722422608868935E-01   0.7323805346184668E-03   0.1012477476974220E-05   0.1905766820875375E-03   0.1591212043713669E-02
  0.5017500000000000E+02   0.9464086123676377E+00   0.1425189165578940E-02  -0.2716437723910570E-01   0.7324922793915959E-03   0.1013642064923232E-05   0.1897288234296838E-03   0.1591161125658125E-02
  0.5022500000000000E+02   0.9465238067894519E+00   0.1424942604208540E-02  -0.2710517367832410E-01   0.7323209897188824E-03   0.1014414900256000E-05   0.1888919120270506E-03   0.1590498646468762E-02
  0.5027500000000000E+02   0.9466378454314643E+00   0.1423995527168692E-02  -0.2704656794462845E-01   0.7317901763091016E-03   0.1014688753210568E-05   0.1880651881086504E-03   0.1589058612033304E-02
  0.5032500000000000E+02   0.9467508524657487E+00   0.1422214835644590E-02  -0.2698849617264465E-01   0.7308314598801180E-03   0.1014367228504914E-05   0.1872476713141541E-03   0.1586692668012674E-02
  0.5037500000000000E+02   0.9468629807275029E+00   0.1419491507153701E-02  -0.2693087977493713E-01   0.7293888366457381E-03   0.1013370747476673E-05   0.1864381884099032E-03   0.1583279350611665E-02
  0.5042500000000000E+02   0.9469744058869438E+00   0.1415748018333592E-02  -0.2687362843748597E-01   0.7274224909044323E-03   0.1011641935660426E-05   0.1856354188334987E-03   0.1578732352624511E-02
  0.5047499999999999E+02   0.9470853183857011E+00   0.1410943981634758E-02  -0.2681664426344665E-01   0.7249116897230975E-03   0.1009149764094591E-05   0.1848379552971338E-03   0.1573006796071700E-02
  0.5052500000000000E+02   0.9471959138175872E+00   0.1405079244102979E-02  -0.2675982671582489E-01   0.7218563735206150E-03   0.1005891897342319E-05   0.1840443742006162E-03   0.1566102673872627E-02
  0.5057500000000000E+02   0.9473063827038604E+00   0.1398194003077873E-02  -0.2670307787088089E-01   0.7182772139149880E-03   0.1001894916722793E-05   0.1832533088302006E-03   0.1558064964976094E-02
  0.5062500000000000E+02   0.9474169007272741E+00   0.1390365897905567E-02  -0.2664630743543162E-01   0.7142141179134306E-03   0.9972123747472598E-06   0.1824635177106478E-03   0.1548980378163970E-02
  0.5067500000000000E+02   0.9475276204163121E+00   0.1381704452842706E-02  -0.2658943701869765E-01   0.7097233713033202E-03   0.9919209353037268E-06   0.1816739412133933E-03   0.1538971143668325E-02
  0.5072500000000000E+02   0.9476386650290364E+00   0.1372343584129227E-02  -0.2653240327369244E-01   0.7048737876557507E-03   0.9861150990627897E-06   0.1808837414283639E-03   0.1528186648339259E-02
  0.5077500000000001E+02   0.9477501250356947E+00   0.1362433077237042E-02  -0.2647515970314296E-01   0.6997423285170592E-03   0.9799011564855725E-06   0.1800923229119151E-03   0.1516793925208790E-02
  0.5082500000000000E+02   0.9478620572231348E+00   0.1352129963959012E-02  -0.2641767711819665E-01   0.6944096724952380E-03   0.9733910329563707E-06   0.1792993346261343E-03   0.1504968034470583E-02
  0.5087500000000000E+02   0.9479744861199181E+00   0.1341590602742194E-02  -0.2635994290472554E-01   0.6889561460446947E-03   0.9666966047645501E-06   0.1785046556386584E-03   0.1492883231840241E-02
  0.5092500000000000E+02   0.9480874072210144E+00   0.1330964040344420E-02  -0.2630195936508117E-01   0.6834583129470706E-03   0.9599249065638030E-06   0.1777083686101112E-03   0.1480705568717640E-02
  0.5097500000000000E+02   0.9482007913930034E+00   0.1320386970672473E-02  -0.2624374145346764E-01   0.6779863847259557E-03   0.9531744647557561E-06   0.1769107256618512E-03   0.1468587275914695E-02
  0.5102499999999999E+02   0.9483145898522524E+00   0.1309980362322225E-02  -0.2618531421714521E-01   0.6726024886701749E-03   0.9465328163335443E-06   0.1761121110080108E-03   0.1456663010067851E-02
  0.5107500000000000E+02   0.9484287391980918E+00   0.1299847635896975E-02  -0.2612671020963719E-01   0.6673597322793308E-03   0.9400751352738509E-06   0.1753130039966371E-03   0.1445047829405402E-02
  0.5112500000000000E+02   0.9485431661133639E+00   0.1290074150218278E-02  -0.2606796707510228E-01   0.6623019402821916E-03   0.9338637995342214E-06   0.1745139452087452E-03   0.1433836629553991E-02
  0.5117500000000000E+02   0.9486577914831645E+00   0.1280727700126219E-02  -0.2600912543188605E-01   0.6574639114016945E-03   0.9279486894481094E-06   0.1737155072441387E-03   0.1423104707250672E-02
  0.5122500000000000E+02   0.9487725338063053E+00   0.1271859724102186E-02  -0.2595022711967865E-01   0.6528720397630317E-03   0.9223680034067675E-06   0.1729182709348949E-03   0.1412909114990737E-02
  0.5127499999999999E+02   0.9488873118709098E+00   0.1263506949944528E-02  -0.2589131382492227E-01   0.6485451612724025E-03   0.9171493968281478E-06   0.1721228070493726E-03   0.1403290503250700E-02
  0.5132500000000000E+02   0.9490020467324802E+00   0.1255693254687571E-02  -0.2583242606472336E-01   0.6444955099537108E-03   0.9123112837789712E-06   0.1713296630952221E-03   0.1394275200558514E-02
  0.5137500000000000E+02   0.9491166630724258E+00   0.1248431567991755E-02  -0.2577360248914939E-01   0.6407296964963681E-03   0.9078641779809313E-06   0.1705393545733227E-03   0.1385877340955698E-02
  0.5142500000000000E+02   0.9492310900331391E+00   0.1241725697816483E-02  -0.2571487945250273E-01   0.6372496467557145E-03   0.9038119851141528E-06   0.1697523599308337E-03   0.1378100903790269E-02
  0.5147500000000000E+02   0.9493452616287291E+00   0.1235571998720481E-02  -0.2565629080261500E-01   0.6340534592963519E-03   0.9001531879526179E-06   0.1689691184616778E-03   0.1370941577169491E-02
  0.5152500000000000E+02   0.9494591168244284E+00   0.1229960835005869E-02  -0.2559786784034712E-01   0.6311361574506199E-03   0.8968818886946718E-06   0.1681900304636487E-03   0.1364388391995282E-02
  0.5157500000000000E+02   0.9495725993672569E+00   0.1224877813490531E-02  -0.2553963940684434E-01   0.6284903229644693E-03   0.8939886890814408E-06   0.1674154590488766E-03   0.1358425098708026E-02
  0.5162499999999999E+02   0.9496856574391803E+00   0.1220304775428018E-02  -0.2548163206193887E-01   0.6261066058765033E-03   0.8914613995366828E-06   0.1666457330951582E-03   0.1353031275319183E-02
  0.5167500000000000E+02   0.9497982431939763E+00   0.1216220545953359E-02  -0.2542387032224824E-01   0.6239741098294231E-03   0.8892855749921027E-06   0.1658811509045224E-03   0.1348183165205449E-02
  0.5172500000000000E+02   0.9499103122314990E+00   0.1212601444467476E-02  -0.2536637693139276E-01   0.6220806546000507E-03   0.8874448787437928E-06   0.1651219841951592E-03   0.1343854248753430E-02
  0.5177500000000000E+02   0.9500218230584526E+00   0.1209421562498586E-02  -0.2530917313712089E-01   0.6204129192388146E-03   0.8859212779966188E-06   0.1643684820912222E-03   0.1340015556417855E-02
  0.5182500000000000E+02   0.9501327365829784E+00   0.1206652818469636E-02  -0.2525227895106574E-01   0.6189564706912815E-03   0.8846950769086211E-06   0.1636208747938240E-03   0.1336635733949103E-02
  0.5187500000000000E+02   0.9502430156907437E+00   0.1204264802842513E-02  -0.2519571336667648E-01   0.6176956848444298E-03   0.8837447959629872E-06   0.1628793766205927E-03   0.1333680874996062E-02
  0.5192500000000000E+02   0.9503526249518515E+00   0.1202224433386780E-02  -0.2513949451003683E-01   0.6166135701551189E-03   0.8830469111755732E-06   0.1621441880969925E-03   0.1331114143199681E-02
  0.5197500000000000E+02   0.9504615305095578E+00   0.1200495449599663E-02  -0.2508363969743965E-01   0.6156915087706062E-03   0.8825754735704341E-06   0.1614154967788708E-03   0.1328895216108246E-02
  0.5202500000000000E+02   0.9505697002019911E+00   0.1199037787991917E-02  -0.2502816537348562E-01   0.6149089365495549E-03   0.8823016388447965E-06   0.1606934764922452E-03   0.1326979597216087E-02
  0.5207500000000000E+02   0.9506771039650731E+00   0.1197806896012183E-02  -0.2497308690501998E-01   0.6142429916165307E-03   0.8821931491934343E-06   0.1599782847046540E-03   0.1325317860107846E-02
  0.5212499999999999E+02   0.9507837145567059E+00   0.1196753061175001E-02  -0.2491841821038909E-01   0.6136681707075970E-03   0.8822138234257222E-06   0.1592700578045034E-03   0.1323854909377091E-02
  0.5217500000000000E+02   0.9508895086269282E+00   0.1195820852045839E-02  -0.2486417121138396E-01   0.6131560428516782E-03   0.8823231267446809E-06   0.1585689041738735E-03   0.1322529365091423E-02
  0.5222500000000000E+02   0.9509944681343430E+00   0.1194948786639656E-02  -0.2481035510773799E-01   0.6126750796106294E-03   0.8824759060441295E-06   0.1578748951063224E-03   0.1321273198358993E-02
  0.5227500000000000E+02   0.9510985820743861E+00   0.1194069357802598E-02  -0.2475697549185185E-01   0.6121906682720506E-03   0.8826223875723187E-06   0.1571880538513311E-03   0.1320011760927722E-02
  0.5232500000000000E+02   0.9512018484401066E+00   0.1193109549344906E-02  -0.2470403334442139E-01   0.6116653765298750E-03   0.8827085376325785E-06   0.1565083433575750E-03   0.1318664356290385E-02
  0.5237499999999999E+02   0.9513042762833290E+00   0.1191991965317146E-02  -0.2465152397869619E-01   0.6110595313480094E-03   0.8826768793120656E-06   0.1558356536212175E-03   0.1317145487129403E-02
  0.5242500000000000E+02   0.9514058876887801E+00   0.1190636662225080E-02  -0.2459943602942127E-01   0.6103321579897065E-03   0.8824678347569120E-06   0.1551697898856263E-03   0.1315366877896351E-02
  0.5247499999999999E+02   0.9515067194247843E+00   0.1188963716236199E-02  -0.2454775060759851E-01   0.6094422956002159E-03   0.8820216201874999E-06   0.1545104632270485E-03   0.1313240307565548E-02
  0.5252500000000000E+02   0.9516068240034459E+00   0.1186896474468836E-02  -0.2449644075791535E-01   0.6083506632159257E-03   0.8812806594404424E-06   0.1538572852200967E-03   0.1310681196058797E-02
  0.5257500000000000E+02   0.9517062698840452E+00   0.1184365337198927E-02  -0.2444547135525776E-01   0.6070215976775118E-03   0.8801924055608986E-06   0.1532097683253211E-03   0.1307612775056912E-02
  0.5262500000000000E+02   0.9518051405970125E+00   0.1181311809490260E-02  -0.2439479955434853E-01   0.6054251294225588E-03   0.8787123785470678E-06   0.1525673333120208E-03   0.1303970554482077E-02
  0.5267500000000000E+02   0.9519035326573851E+00   0.1177692466242847E-02  -0.2434437585963445E-01   0.6035390137173108E-03   0.8768071555328156E-06   0.1519293243991950E-03   0.1299706691795075E-02
  0.5272499999999999E+02   0.9520015522709377E+00   0.1173482417205331E-02  -0.2429414581372513E-01   0.6013505054676538E-03   0.8744570049010962E-06   0.1512950319096508E-03   0.1294793808035908E-02
  0.5277500000000000E+02   0.9520993109956710E+00   0.1168677858811990E-02  -0.2424405222095871E-01   0.5988576659317660E-03   0.8716578537489978E-06   0.1506637212087087E-03   0.1289227795065303E-02
  0.5282500000000000E+02   0.9521969206779646E+00   0.1163297368887264E-02  -0.2419403774242113E-01   0.5960700251287223E-03   0.8684223274694125E-06   0.1500346657248029E-03   0.1283029234965620E-02
  0.5287499999999999E+02   0.9522944881036518E+00   0.1157381734169734E-02  -0.2414404763678168E-01   0.5930084923737551E-03   0.8647796983623928E-06   0.1494071811331215E-03   0.1276243200439373E-02
  0.5292500000000000E+02   0.9523921098612019E+00   0.1150992278340503E-02  -0.2409403239215846E-01   0.5897044984578978E-03   0.8607747119596622E-06   0.1487806574979052E-03   0.1268937401217513E-02
  0.5297499999999999E+02   0.9524898678919894E+00   0.1144207846234382E-02  -0.2404395000563098E-01   0.5861984493261675E-03   0.8564654003162731E-06   0.1481545863959651E-03   0.1261198848911087E-02
  0.5302500000000000E+02   0.9525878261048447E+00   0.1137120760818574E-02  -0.2399376771715100E-01   0.5825376535551844E-03   0.8519201129769033E-06   0.1475285807438693E-03   0.1253129390197341E-02
  0.5307500000000000E+02   0.9526860282801715E+00   0.1129832172765485E-02  -0.2394346308246886E-01   0.5787739388199735E-03   0.8472140755338949E-06   0.1469023860727085E-03   0.1244840571996060E-02
  0.5312499999999999E+02   0.9527844973157011E+00   0.1122447252449203E-02  -0.2389302435846274E-01   0.5749611878920774E-03   0.8424258105622461E-06   0.1462758831196902E-03   0.1236448335201634E-02
  0.5317500000000000E+02   0.9528832357058958E+00   0.1115070633341703E-02  -0.2384245025628695E-01   0.5711530037515264E-03   0.8376337275214830E-06   0.1456490826151611E-03   0.1228067988250914E-02
  0.5322499999999999E+02   0.9529822270270174E+00   0.1107802421524871E-02  -0.2379174917923776E-01   0.5674006650699113E-03   0.8329131195875529E-06   0.1450221138720234E-03   0.1219809807614450E-02
  0.5327500000000000E+02   0.9530814381338963E+00   0.1100734963994110E-02  -0.2374093809603117E-01   0.5637514707660585E-03   0.8283337152422076E-06   0.1443952091539688E-03   0.1211775477502273E-02
  0.5332500000000000E+02   0.9531808217627298E+00   0.1093950444579166E-02  -0.2369004120617468E-01   0.5602475088601364E-03   0.8239578401823249E-06   0.1437686858196939E-03   0.1204055444346930E-02
  0.5337500000000000E+02   0.9532803192666646E+00   0.1087519270917089E-02  -0.2363908853747543E-01   0.5569248308435742E-03   0.8198391659953713E-06   0.1431429279862491E-03   0.1196727145331711E-02
  0.5342500000000000E+02   0.9533798632719956E+00   0.1081499140676830E-02  -0.2358811458442089E-01   0.5538129742329609E-03   0.8160219650392059E-06   0.1425183690308907E-03   0.1189853987263459E-02
  0.5347499999999999E+02   0.9534793801165268E+00   0.1075934633457166E-02  -0.2353715705838022E-01   0.5509347545759574E-03   0.8125407587701760E-06   0.1418954757611605E-03   0.1183484906069183E-02
  0.5352500000000000E+02   0.9535787920048793E+00   0.1070857163536856E-02  -0.2348625578304597E-01   0.5483062424254733E-03   0.8094202374039854E-06   0.1412747346104599E-03   0.1177654324873198E-02
  0.5357500000000000E+02   0.9536780188793735E+00   0.1066285141641588E-02  -0.2343545173582362E-01   0.5459368474602564E-03   0.8066753377053995E-06   0.1406566398150918E-03   0.1172382343003550E-02
  0.5362500000000000E+02   0.9537769800547483E+00   0.1062224223912967E-02  -0.2338478621044604E-01   0.5438294473169351E-03   0.8043113876011870E-06   0.1400416832259370E-03   0.1167675021424912E-02
  0.5367500000000000E+02   0.9538755956986684E+00   0.1058667566866358E-02  -0.2333430005884207E-01   0.5419805195012686E-03   0.8023242564173420E-06   0.1394303452113997E-03   0.1163524674863776E-02
  0.5372500000000000E+02   0.9539737882575750E+00   0.1055596053249158E-02  -0.2328403296127146E-01   0.5403802583721362E-03   0.8007004840894910E-06   0.1388230860155905E-03   0.1159910131691831E-02
  0.5377500000000000E+02   0.9540714839293760E+00   0.1052978501560145E-02  -0.2323402267275443E-01   0.5390126836939190E-03   0.7994173988361876E-06   0.1382203369417105E-03   0.1156796975273548E-02
  0.5382500000000000E+02   0.9541686142709280E+00   0.1050771918367136E-02  -0.2318430420075734E-01   0.5378557709944359E-03   0.7984432681005675E-06   0.1376224908313077E-03   0.1154137831447417E-02
  0.5387500000000000E+02   0.9542651179990974E+00   0.1048921893999316E-02  -0.2313490888403169E-01   0.5368816551736077E-03   0.7977375594118110E-06   0.1370298915039473E-03   0.1151872812297689E-02
  0.5392500000000000E+02   0.9543609429994578E+00   0.1047363274176387E-02  -0.2308586336539353E-01   0.5360569751731058E-03   0.7972514127243901E-06   0.1364428221056661E-03   0.1149930261442422E-02
  0.5397499999999999E+02   0.9544560484976603E+00   0.1046021256727109E-02  -0.2303718848143721E-01   0.5353434360010098E-03   0.7969284391703540E-06   0.1358614926779704E-03   0.1148227964214824E-02
  0.5402500000000000E+02   0.9545504072791220E+00   0.1044813056736132E-02  -0.2298889812767202E-01   0.5346986614245576E-03   0.7967059575599598E-06   0.1352860276752639E-03   0.1146674979685644E-02
  0.5407500000000000E+02   0.9546440077708133E+00   0.1043650248524290E-02  -0.2294099819433892E-01   0.5340773927652090E-03   0.7965167541104040E-06   0.1347164545777106E-03   0.1145174213126149E-02
  0.5412500000000000E+02   0.9547368557369521E+00   0.1042441824797593E-02  -0.2289348569985694E-01   0.5334330544015698E-03   0.7962913995028760E-06   0.1341526950928085E-03   0.1143625772866216E-02
  0.5417500000000000E+02   0.9548289753043526E+00   0.1041097913841017E-02  -0.2284634826728293E-01   0.5327196557035386E-03   0.7959610815700315E-06   0.1335945606174267E-03   0.1141931046496390E-02
  0.5422499999999999E+02   0.9549204090395720E+00   0.1039533975038249E-02  -0.2279956408588690E-01   0.5318939374325116E-03   0.7954608193252314E-06   0.1330417535479955E-03   0.1139997299248446E-02
  0.5427500000000000E+02   0.9550112168609749E+00   0.1037675170982033E-02  -0.2275310246873552E-01   0.5309176082336121E-03   0.7947328296102313E-06   0.1324938756151208E-03   0.1137742463775703E-02
  0.5432500000000000E+02   0.9551014736862171E+00   0.1035460517890845E-02  -0.2270692505711958E-01   0.5297594674715995E-03   0.7937297419582384E-06   0.1319504436800011E-03   0.1135099684901508E-02
  0.5437500000000000E+02   0.9551912658766761E+00   0.1032846372938398E-02  -0.2266098764028401E-01   0.5283971886299018E-03   0.7924173219806407E-06   0.1314109124509696E-03   0.1132021135845474E-02
  0.5442500000000000E+02   0.9552806867172972E+00   0.1029808847737397E-02  -0.2261524246840996E-01   0.5268185531858536E-03   0.7907763846516854E-06   0.1308747025331245E-03   0.1128480656193799E-02
  0.5447499999999999E+02   0.9553698313259587E+00   0.1026344845825488E-02  -0.2256964085719204E-01   0.5250219804537161E-03   0.7888036600499746E-06   0.1303412313364999E-03   0.1124474881053011E-02
  0.5452500000000000E+02   0.9554587914841924E+00   0.1022471592500621E-02  -0.2252413583238388E-01   0.5230162861214591E-03   0.7865115035941297E-06   0.1298099438512858E-03   0.1120022717766942E-02
  0.5457500000000000E+02   0.9555476508966437E+00   0.1018224724024817E-02  -0.2247868455475222E-01   0.5208197038450408E-03   0.7839264950507587E-06   0.1292803402839543E-03   0.1115163244313383E-02
  0.5462500000000000E+02   0.9556364813162779E+00   0.1013655188076920E-02  -0.2243325030191134E-01   0.5184582988271524E-03   0.7810871134368771E-06   0.1287519980418996E-03   0.1109952306017164E-02
  0.5467500000000000E+02   0.9557253398340442E+00   0.1008825340793853E-02  -0.2238780385427719E-01   0.5159639705658285E-03   0.7780407792906268E-06   0.1282245864337342E-03   0.1104458233333778E-02
  0.5472500000000000E+02   0.9558142674588767E+00   0.1003804685418410E-02  -0.2234232422081051E-01   0.5133722724666287E-03   0.7748406040061324E-06   0.1276978735093980E-03   0.1098757168671093E-02
  0.5477500000000000E+02   0.9559032889442932E+00   0.9986656811598812E-03  -0.2229679872699353E-01   0.5107202675922411E-03   0.7715421757204274E-06   0.1271717254719715E-03   0.1092928472025555E-02
  0.5482500000000000E+02   0.9559924136825273E+00   0.9934799738370644E-03  -0.2225122255671252E-01   0.5080446003905586E-03   0.7682006540341298E-06   0.1266460998718807E-03   0.1087050590592905E-02
  0.5487500000000000E+02   0.9560816374035416E+00   0.9883152880118338E-03  -0.2220559788246279E-01   0.5053799069986044E-03   0.7648683611959798E-06   0.1261210342496320E-03   0.1081197654772433E-02
  0.5492500000000000E+02   0.9561709443869140E+00   0.9832331008642079E-03  -0.2215993273330019E-01   0.5027576255964755E-03   0.7615929661425069E-06   0.1255966320213720E-03   0.1075436931973179E-02
  0.5497500000000000E+02   0.9562603099102440E+00   0.9782871126452208E-03  -0.2211423974193150E-01   0.5002052143529763E-03   0.7584162766892695E-06   0.1250730472657969E-03   0.1069827154067420E-02
  0.5502500000000000E+02   0.9563497027031072E+00   0.9735224497891464E-03  -0.2206853488910943E-01   0.4977457442167257E-03   0.7553735941128389E-06   0.1245504697679139E-03   0.1064417648041546E-02
  0.5507500000000000E+02   0.9564390872346247E+00   0.9689754883121953E-03  -0.2202283633327418E-01   0.4953978090240980E-03   0.7524935463577375E-06   0.1240291113021260E-03   0.1059248146343354E-02
  0.5512500000000000E+02   0.9565284257223367E+00   0.9646741639163366E-03  -0.2197716338288269E-01   0.4931756845540782E-03   0.7497982989853674E-06   0.1235091937715017E-03   0.1054349130255628E-02
  0.5517499999999999E+02   0.9566176798017556E+00   0.9606386345440918E-03  -0.2193153564240835E-01   0.4910896678255812E-03   0.7473040417186487E-06   0.1229909395098143E-03   0.1049742558971351E-02
  0.5522500000000000E+02   0.9567068118357853E+00   0.9568821733263336E-03  -0.2188597234263268E-01   0.4891465341817635E-03   0.7450216571959917E-06   0.1224745638190967E-03   0.1045442850494555E-02
  0.5527499999999999E+02   0.9567957858706838E+00   0.9534121881340195E-03  -0.2184049185178194E-01   0.4873500590608947E-03   0.7429574921208235E-06   0.1219602696578007E-03   0.1041458000589227E-02
  0.5532500000000000E+02   0.9568845682622323E+00   0.9502312832680505E-03  -0.2179511135537715E-01   0.4857015612468815E-03   0.7411141655032622E-06   0.1214482443007162E-03   0.1037790747244875E-02
  0.5537500000000000E+02   0.9569731280050717E+00   0.9473382961489515E-03  -0.2174984668790814E-01   0.4842004332641906E-03   0.7394913617630240E-06   0.1209386577435060E-03   0.1034439707178710E-02
  0.5542499999999999E+02   0.9570614368026954E+00   0.9447292558741778E-03  -0.2170471229713378E-01   0.4828446317535144E-03   0.7380865670465341E-06   0.1204316626043558E-03   0.1031400426298173E-02
  0.5547500000000000E+02   0.9571494689178603E+00   0.9423982211526594E-03  -0.2165972132065275E-01   0.4816311061141193E-03   0.7368957151494110E-06   0.1199273952677239E-03   0.1028666297756595E-02
  0.5552499999999999E+02   0.9572372008449809E+00   0.9403379631645499E-03  -0.2161488575347181E-01   0.4805561478154341E-03   0.7359137155000573E-06   0.1194259780101668E-03   0.1026229310081346E-02
  0.5557500000000000E+02   0.9573246108484096E+00   0.9385404654676356E-03  -0.2157021668411097E-01   0.4796156461462830E-03   0.7351348406249835E-06   0.1189275218401013E-03   0.1024080595083122E-02
  0.5562500000000001E+02   0.9574116784137429E+00   0.9369972193645818E-03  -0.2152572457514235E-01   0.4788052393905469E-03   0.7345529552999856E-06   0.1184321297703349E-03   0.1022210752161047E-02
  0.5567500000000000E+02   0.9574983836632127E+00   0.9356993001647549E-03  -0.2148141956205774E-01   0.4781203540079825E-03   0.7341615749822519E-06   0.1179399002255142E-03   0.1020609933301384E-02
  0.5572499999999999E+02   0.9575847067903173E+00   0.9346372182407168E-03  -0.2143731174228114E-01   0.4775561287263011E-03   0.7339537476873118E-06   0.1174509302696256E-03   0.1019267682312993E-02
  0.5577499999999999E+02   0.9576706275724145E+00   0.9338005491124146E-03  -0.2139341142432549E-01   0.4771072257297627E-03   0.7339217615613996E-06   0.1169653183251190E-03   0.1018172533107037E-02
  0.5582500000000000E+02   0.9577561250223187E+00   0.9331773591703687E-03  -0.2134972930591628E-01   0.4767675374516248E-03   0.7340566901577271E-06   0.1164831660492520E-03   0.1017311385304916E-02
  0.5587500000000001E+02   0.9578411772402312E+00   0.9327534580971665E-03  -0.2130627654976447E-01   0.4765298048550298E-03   0.7343477988875868E-06   0.1160045790390719E-03   0.1016668691171901E-02
  0.5592500000000000E+02   0.9579257615247797E+00   0.9325115254915582E-03  -0.2126306472698636E-01   0.4763851714819769E-03   0.7347818492410839E-06   0.1155296660584096E-03   0.1016225505743373E-02
  0.5597499999999999E+02   0.9580098547955005E+00   0.9324301774402048E-03  -0.2122010560145771E-01   0.4763227068600447E-03   0.7353423520128629E-06   0.1150585365236931E-03   0.1015958471816423E-02
  0.5602500000000000E+02   0.9580934343674388E+00   0.9324830583237944E-03  -0.2117741073435553E-01   0.4763289428288450E-03   0.7360088365476723E-06   0.1145912960574596E-03   0.1015838832683417E-02
  0.5607500000000000E+02   0.9581764791000208E+00   0.9326380628890007E-03  -0.2113499089759641E-01   0.4763874764224171E-03   0.7367562190814714E-06   0.1141280400273059E-03   0.1015831586893827E-02
  0.5612500000000000E+02   0.9582589709151800E+00   0.9328568114583497E-03  -0.2109285529876048E-01   0.4764787020443372E-03   0.7375543679325018E-06   0.1136688451428312E-03   0.1015894918657455E-02
  0.5617499999999998E+02   0.9583408966425497E+00   0.9330945135894777E-03  -0.2105101063906289E-01   0.4765797420142425E-03   0.7383679738144483E-06   0.1132137593897649E-03   0.1015980050948328E-02
  0.5622499999999999E+02   0.9584222501022572E+00   0.9333003575027175E-03  -0.2100946005007709E-01   0.4766646455799550E-03   0.7391568358805910E-06   0.1127627908380954E-03   0.1016031670470627E-02
  0.5627500000000000E+02   0.9585030342808007E+00   0.9334185479728811E-03  -0.2096820198300986E-01   0.4767049190146338E-03   0.7398766632798166E-06   0.1123158961546188E-03   0.1015989057674879E-02
  0.5632500000000000E+02   0.9585832633985658E+00   0.9333900779073045E-03  -0.2092722915338674E-01   0.4766704302787389E-03   0.7404804629638346E-06   0.1118729699461095E-03   0.1015788014211618E-02
  0.5637500000000000E+02   0.9586629646187678E+00   0.9331552543077155E-03  -0.2088652766889443E-01   0.4765306987789826E-03   0.7409205337369277E-06   0.1114338363013546E-03   0.1015363610025206E-02
  0.5642500000000000E+02   0.9587421791206446E+00   0.9326569082685173E-03  -0.2084607648187864E-01   0.4762565342727019E-03   0.7411510143177094E-06   0.1109982440147804E-03   0.1014653673308535E-02
  0.5647499999999999E+02   0.9588209622693269E+00   0.9318441089871299E-03  -0.2080584730308010E-01   0.4758219329744886E-03   0.7411308455743300E-06   0.1105658668840266E-03   0.1013602827342391E-02
  0.5652500000000000E+02   0.9588993826726444E+00   0.9306760899918853E-03  -0.2076580508365378E-01   0.4752060818665503E-03   0.7408269171332729E-06   0.1101363101209340E-03   0.1012166756812659E-02
  0.5657500000000000E+02   0.9589775200243406E+00   0.9291260056765694E-03  -0.2072590911674854E-01   0.4743952762186064E-03   0.7402170951493314E-06   0.1097091232910299E-03   0.1010316288345199E-02
  0.5662500000000000E+02   0.9590554617838639E+00   0.9271840937432588E-03  -0.2068611473298276E-01   0.4733845336474807E-03   0.7392927920219506E-06   0.1092838193633268E-03   0.1008040823948712E-02
  0.5667500000000000E+02   0.9591332989109798E+00   0.9248598446191644E-03  -0.2064637547834358E-01   0.4721787010646393E-03   0.7380607568013471E-06   0.1088598985479283E-03   0.1005350693886445E-02
  0.5672499999999999E+02   0.9592111210244482E+00   0.9221828786732276E-03  -0.2060664558595027E-01   0.4707929018085640E-03   0.7365438424890150E-06   0.1084368748127042E-03   0.1002278104085142E-02
  0.5677500000000000E+02   0.9592890114522667E+00   0.9192023933322958E-03  -0.2056688250297389E-01   0.4692522526098301E-03   0.7347806337022447E-06   0.1080143024916036E-03   0.9988765286185091E-03
  0.5682500000000000E+02   0.9593670426607790E+00   0.9159852341936612E-03  -0.2052704922391646E-01   0.4675908780675781E-03   0.7328239710333071E-06   0.1075918003550416E-03   0.9952186065816807E-03
  0.5687500000000000E+02   0.9594452724847951E+00   0.9126128261557674E-03  -0.2048711621472921E-01   0.4658503431976453E-03   0.7307385544344988E-06   0.1071690709285489E-03   0.9913928004433629E-03
  0.5692499999999999E+02   0.9595237414460450E+00   0.9091773338634236E-03  -0.2044706278111252E-01   0.4640776926486118E-03   0.7285979161061585E-06   0.1067459136236576E-03   0.9874992177837029E-03
  0.5697500000000000E+02   0.9596024712750012E+00   0.9057774805572650E-03  -0.2040687782230244E-01   0.4623233156964517E-03   0.7264811033948442E-06   0.1063222312010658E-03   0.9836450632164208E-03
  0.5702499999999999E+02   0.9596814645798355E+00   0.9025144358668300E-03  -0.2036655999910730E-01   0.4606388466414579E-03   0.7244693997053755E-06   0.1058980300103866E-03   0.9799401669898964E-03
  0.5707500000000000E+02   0.9597607054693177E+00   0.8994881002266249E-03  -0.2032611741487189E-01   0.4590752679111380E-03   0.7226433471259634E-06   0.1054734151668535E-03   0.9764929465495195E-03
  0.5712500000000001E+02   0.9598401608538214E+00   0.8967939924017800E-03  -0.2028556695023975E-01   0.4576813212857054E-03   0.7210802388077905E-06   0.1050485822339802E-03   0.9734070254906080E-03
  0.5717499999999999E+02   0.9599197821247248E+00   0.8945208157874492E-03  -0.2024493340475975E-01   0.4565022658652893E-03   0.7198521449713282E-06   0.1046238070678463E-03   0.9707785920610500E-03
  0.5722500000000000E+02   0.9599995069391195E+00   0.8927486623818593E-03  -0.2020424858478287E-01   0.4555789617848276E-03   0.7190244427523188E-06   0.1041994352968199E-03   0.9686944524442585E-03
  0.5727499999999999E+02   0.9600792608986717E+00   0.8915477252274737E-03  -0.2016355044546392E-01   0.4549472137073482E-03   0.7186547488238540E-06   0.1037758725477159E-03   0.9672306383322560E-03
  0.5732500000000000E+02   0.9601589589923584E+00   0.8909773359836892E-03  -0.2012288235339676E-01   0.4546372805008310E-03   0.7187921093266230E-06   0.1033535760768195E-03   0.9664513695466817E-03
  0.5737500000000001E+02   0.9602385067592322E+00   0.8910851226410999E-03  -0.2008229249228533E-01   0.4546734464608522E-03   0.7194762831324091E-06   0.1029330479940721E-03   0.9664081490293649E-03
  0.5742499999999999E+02   0.9603178012106449E+00   0.8919060884034948E-03  -0.2004183339155585E-01   0.4550735525223029E-03   0.7207369581913332E-06   0.1025148298270672E-03   0.9671387741456183E-03
  0.5747499999999999E+02   0.9603967316270527E+00   0.8934614415197471E-03  -0.2000156151919452E-01   0.4558484005876539E-03   0.7225927628697329E-06   0.1020994977803883E-03   0.9686660795282797E-03
  0.5752500000000001E+02   0.9604751804107323E+00   0.8957570544077561E-03  -0.1996153684632462E-01   0.4570009688830430E-03   0.7250499725476805E-06   0.1016876577139934E-03   0.9709962794083407E-03
  0.5757500000000000E+02   0.9605530242307655E+00   0.8987814986022054E-03  -0.1992182226297978E-01   0.4585254110429603E-03   0.7281008663030536E-06   0.1012799385995074E-03   0.9741168512976304E-03
  0.5762500000000001E+02   0.9606301357363920E+00   0.9025036918437906E-03  -0.1988248270426995E-01   0.4604058574189726E-03   0.7317217609892423E-06   0.1008769830357522E-03   0.9779940001091703E-03
  0.5767500000000000E+02   0.9607063861308739E+00   0.9068703071101863E-03  -0.1984358383796725E-01   0.4626150949769780E-03   0.7358708422685453E-06   0.1004794333571329E-03   0.9825698645781829E-03
  0.5772499999999999E+02   0.9607816488765195E+00   0.9118032294143060E-03  -0.1980519017550653E-01   0.4651132715024103E-03   0.7404860234226394E-06   0.1000879120199153E-03   0.9877597749325046E-03
  0.5777500000000000E+02   0.9608558047241168E+00   0.9171974958033695E-03  -0.1976736250786448E-01   0.4678468461068398E-03   0.7454831859067208E-06   0.9970299539248543E-04   0.9934500324808037E-03
  0.5782500000000000E+02   0.9609287481079010E+00   0.9229202955457136E-03  -0.1973015464533645E-01   0.4707480801940812E-03   0.7507552731521209E-06   0.9932518089568278E-04   0.9994968347749880E-03
  0.5787499999999999E+02   0.9610003947090454E+00   0.9288117034414828E-03  -0.1969360956164024E-01   0.4737354119593925E-03   0.7561727904458439E-06   0.9895484868493598E-04   0.1005727073703716E-02
  0.5792500000000000E+02   0.9610706896746772E+00   0.9346878177358496E-03  -0.1965775520386626E-01   0.4767150567556241E-03   0.7615862663185000E-06   0.9859222068042223E-04   0.1011941732326847E-02
  0.5797499999999999E+02   0.9611396156260215E+00   0.9403468195569738E-03  -0.1962260040996078E-01   0.4795840968744257E-03   0.7668311086742334E-06   0.9823732151256046E-04   0.1017922439286521E-02
  0.5802500000000000E+02   0.9612071992783219E+00   0.9455781247164063E-03  -0.1958813153396610E-01   0.4822351478648821E-03   0.7717350094644492E-06   0.9788994743932315E-04   0.1023441365674170E-02
  0.5807500000000001E+02   0.9612735153382267E+00   0.9501742686623207E-03  -0.1955431045928713E-01   0.4845624182954118E-03   0.7761276198602154E-06   0.9754964994213060E-04   0.1028274076405524E-02
  0.5812499999999999E+02   0.9613386864549197E+00   0.9539445298420057E-03  -0.1952107462389951E-01   0.4864686558541192E-03   0.7798516964409932E-06   0.9721573996135014E-04   0.1032214261181094E-02
  0.5817500000000000E+02   0.9614028784456845E+00   0.9567287082433149E-03  -0.1948833945488371E-01   0.4878721726325115E-03   0.7827744319024311E-06   0.9688731629634632E-04   0.1035088633774282E-02
  0.5822500000000000E+02   0.9614662907630132E+00   0.9584091269927537E-03  -0.1945600322913865E-01   0.4887129645120451E-03   0.7847973891606815E-06   0.9656331778583334E-04   0.1036769910817954E-02
  0.5827500000000000E+02   0.9615291430668190E+00   0.9589189781691777E-03  -0.1942395392007756E-01   0.4889569666741688E-03   0.7858634904210156E-06   0.9624259432428516E-04   0.1037185838320559E-02
  0.5832500000000000E+02   0.9615916595714116E+00   0.9582456429016442E-03  -0.1939207717907476E-01   0.4885977466636455E-03   0.7859599194964175E-06   0.9592398780152302E-04   0.1036322783859284E-02
  0.5837499999999999E+02   0.9616540533086259E+00   0.9564284799888488E-03  -0.1936026435984528E-01   0.4876553770098348E-03   0.7851164972729821E-06   0.9560641189229120E-04   0.1034223346518229E-02
  0.5842500000000000E+02   0.9617165124391989E+00   0.9535515658196677E-03  -0.1932841949859399E-01   0.4861727334507480E-03   0.7833998995634725E-06   0.9528891995330447E-04   0.1030978505681775E-02
  0.5847500000000000E+02   0.9617791902680510E+00   0.9497327074792721E-03  -0.1929646440564348E-01   0.4842098926989620E-03   0.7809047793870624E-06   0.9497075295797090E-04   0.1026715737649119E-02
  0.5852500000000000E+02   0.9618421998397590E+00   0.9451105317543999E-03  -0.1926434142161293E-01   0.4818375489295316E-03   0.7777432589965001E-06   0.9465136351539553E-04   0.1021585049655141E-02
  0.5857500000000000E+02   0.9619056131463452E+00   0.9398315031950305E-03  -0.1923201382167883E-01   0.4791303939564726E-03   0.7740343087722526E-06   0.9433041634392295E-04   0.1015744935995072E-02
  0.5862500000000000E+02   0.9619694642855668E+00   0.9340384130261106E-03  -0.1919946420533580E-01   0.4761612473372753E-03   0.7698942838858013E-06   0.9400776902167107E-04   0.1009349924500442E-02
  0.5867499999999999E+02   0.9620337554872079E+00   0.9278613629022220E-03  -0.1916669142363547E-01   0.4729964586179129E-03   0.7654294710447259E-06   0.9368343883318278E-04   0.1002540821565933E-02
  0.5872500000000000E+02   0.9620984647927500E+00   0.9214117114740483E-03  -0.1913370666329073E-01   0.4696928203841073E-03   0.7607310441510283E-06   0.9335756204233709E-04   0.9954381622856337E-03
  0.5877500000000001E+02   0.9621635542664192E+00   0.9147789819258583E-03  -0.1910052925981720E-01   0.4662959911863189E-03   0.7558724419448503E-06   0.9303035130857289E-04   0.9881388637595452E-03
  0.5882500000000000E+02   0.9622289778367706E+00   0.9080304036734206E-03  -0.1906718269910124E-01   0.4628402616664034E-03   0.7509089118007829E-06   0.9270205573488724E-04   0.9807157278318441E-03
  0.5887499999999999E+02   0.9622946881293662E+00   0.9012125823862538E-03  -0.1903369113346054E-01   0.4593494059075090E-03   0.7458788137444788E-06   0.9237292664403741E-04   0.9732192457109603E-03
  0.5892499999999999E+02   0.9623606418940179E+00   0.8943547265528831E-03  -0.1900007661437719E-01   0.4558383264018461E-03   0.7408062212624009E-06   0.9204319091588491E-04   0.9656810855837957E-03
  0.5897499999999999E+02   0.9624268038286377E+00   0.8874728634509540E-03  -0.1896635714279349E-01   0.4523152034145527E-03   0.7357043561375368E-06   0.9171303270485458E-04   0.9581186494943357E-03
  0.5902500000000001E+02   0.9624931487550022E+00   0.8805745173895711E-03  -0.1893254555969848E-01   0.4487838799483663E-03   0.7305794246056735E-06   0.9138258358853140E-04   0.9505401292608807E-03
  0.5907500000000000E+02   0.9625596622211010E+00   0.8736633779277191E-03  -0.1889864923886864E-01   0.4452462415070254E-03   0.7254344647705011E-06   0.9105192061296995E-04   0.9429495507884297E-03
  0.5912499999999999E+02   0.9626263397029690E+00   0.8667435492264537E-03  -0.1886467049355001E-01   0.4417043822397366E-03   0.7202728653674760E-06   0.9072107123018537E-04   0.9353513650117838E-03
  0.5917500000000000E+02   0.9626931846627378E+00   0.8598230466556683E-03  -0.1883060756614741E-01   0.4381623872931987E-03   0.7151012760833482E-06   0.9039002373349878E-04   0.9277542249572816E-03
  0.5922499999999999E+02   0.9627602057873372E+00   0.8529162982234652E-03  -0.1879645603549984E-01   0.4346276078342027E-03   0.7099317039381805E-06   0.9005874149452633E-04   0.9201736873830860E-03
  0.5927500000000001E+02   0.9628274137755971E+00   0.8460455171899312E-03  -0.1876221045426385E-01   0.4311113606731391E-03   0.7047826795520294E-06   0.8972717913051738E-04   0.9126336950712287E-03
  0.5932500000000001E+02   0.9628948180504668E+00   0.8392409317448913E-03  -0.1872786602437992E-01   0.4276290453417392E-03   0.6996794760486900E-06   0.8939529872826113E-04   0.9051668249508492E-03
  0.5937499999999999E+02   0.9629624237417685E+00   0.8325399741790515E-03  -0.1869342013457376E-01   0.4241997308798357E-03   0.6946534605436586E-06   0.8906308444508330E-04   0.8978134130589141E-03
  0.5942500000000000E+02   0.9630302292154375E+00   0.8259856285983459E-03  -0.1865887361926200E-01   0.4208453138230560E-03   0.6897407394366962E-06   0.8873055418263095E-04   0.8906197715966127E-03
  0.5947499999999999E+02   0.9630982243286117E+00   0.8196241981644265E-03  -0.1862423164747828E-01   0.4175893804369989E-03   0.6849803116071012E-06   0.8839776752650102E-04   0.8836357801044699E-03
  0.5952500000000000E+02   0.9631663894835617E+00   0.8135027723648978E-03  -0.1858950420465333E-01   0.4144559161789000E-03   0.6804119613885992E-06   0.8806482967661273E-04   0.8769121537388216E-03
  0.5957500000000000E+02   0.9632346954560744E+00   0.8076666535154437E-03  -0.1855470617971533E-01   0.4114679944979887E-03   0.6760741069181687E-06   0.8773189156799713E-04   0.8704976685235529E-03
  0.5962499999999999E+02   0.9633031039006910E+00   0.8021569495560944E-03  -0.1851985710729009E-01   0.4086465505007073E-03   0.6720017771926435E-06   0.8739914672795193E-04   0.8644365670668352E-03
  0.5967500000000000E+02   0.9633715683943043E+00   0.7970084722168601E-03  -0.1848498063561732E-01   0.4060093103480949E-03   0.6682248352882617E-06   0.8706682559783049E-04   0.8587662947644284E-03
  0.5972500000000000E+02   0.9634400358713032E+00   0.7922480115109443E-03  -0.1845010379503498E-01   0.4035699125302076E-03   0.6647665087848251E-06   0.8673518806965755E-04   0.8535156429254579E-03
  0.5977500000000000E+02   0.9635084483214620E+00   0.7878930021050559E-03  -0.1841525613269979E-01   0.4013372289186530E-03   0.6616422422723355E-06   0.8640451488374554E-04   0.8487033154047293E-03
  0.5982500000000000E+02   0.9635767446559798E+00   0.7839505623457315E-03  -0.1838046876177646E-01   0.3993148757731263E-03   0.6588588576590388E-06   0.8607509835551052E-04   0.8443368977552834E-03
  0.5987499999999999E+02   0.9636448626861461E+00   0.7804168752221837E-03  -0.1834577335341192E-01   0.3975008990121462E-03   0.6564139982051104E-06   0.8574723270377871E-04   0.8404121954560606E-03
  0.5992500000000000E+02   0.9637127411926177E+00   0.7772768903794801E-03  -0.1831120108273221E-01   0.3958876230617894E-03   0.6542958403027441E-06   0.8542120408919053E-04   0.8369129183172498E-03
  0.5997500000000000E+02   0.9637803220828320E+00   0.7745043520619450E-03  -0.1827678153013113E-01   0.3944616657172992E-03   0.6524830786092037E-06   0.8509728037877918E-04   0.8338107158897228E-03
  0.6002500000000000E+02   0.9638475526339465E+00   0.7720621916906088E-03  -0.1824254153918381E-01   0.3932041386785264E-03   0.6509452186838761E-06   0.8477570065666500E-04   0.8310656051129053E-03
  0.6007500000000000E+02   0.9639143877961683E+00   0.7699033560009222E-03  -0.1820850404397201E-01   0.3920910698310857E-03   0.6496432386879821E-06   0.8445666461095619E-04   0.8286268661235204E-03
  0.6012500000000000E+02   0.9639807924874771E+00   0.7679721614707556E-03  -0.1817468690094004E-01   0.3910940934323171E-03   0.6485306988306460E-06   0.8414032213552678E-04   0.8264345034761429E-03
  0.6017500000000000E+02   0.9640467437511941E+00   0.7662062622270292E-03  -0.1814110179071038E-01   0.3901814525612760E-03   0.6475553747671335E-06   0.8382676376236415E-04   0.8244213662470410E-03
  0.6022500000000000E+02   0.9641122325837482E+00   0.7645392826569663E-03  -0.1810775328791980E-01   0.3893193398853427E-03   0.6466614612370392E-06   0.8351601283087043E-04   0.8225159818553484E-03
  0.6027500000000001E+02   0.9641772651878493E+00   0.7629040933817242E-03  -0.1807463822367805E-01   0.3884735658531194E-03   0.6457923311042700E-06   0.8320802052606600E-04   0.8206460804517104E-03
  0.6032499999999999E+02   0.9642418633859330E+00   0.7612366043554227E-03  -0.1804174547560311E-01   0.3876114900241463E-03   0.6448937459970203E-06   0.8290266498617868E-04   0.8187426740059956E-03
  0.6037500000000000E+02   0.9643060639586826E+00   0.7594798270571307E-03  -0.1800905630513305E-01   0.3867040892452074E-03   0.6439173107966048E-06   0.8259975550895374E-04   0.8167444233632961E-03
  0.6042499999999999E+02   0.9643699167639666E+00   0.7575878453684594E-03  -0.1797654531572390E-01   0.3857279791815290E-03   0.6428238675033126E-06   0.8229904243399389E-04   0.8146019058282415E-03
  0.6047500000000000E+02   0.9644334816378954E+00   0.7555292641091202E-03  -0.1794418203101766E-01   0.3846671697702743E-03   0.6415864620373495E-06   0.8200023257607877E-04   0.8122813200345756E-03
  0.6052500000000001E+02   0.9644968242586380E+00   0.7532897041901579E-03  -0.1791193300097405E-01   0.3835143351715855E-03   0.6401925151252345E-06   0.8170300924839801E-04   0.8097671649639203E-03
  0.6057499999999999E+02   0.9645600113264118E+00   0.7508729979272630E-03  -0.1787976425599924E-01   0.3822714218684450E-03   0.6386448979666466E-06   0.8140705512963892E-04   0.8070635210145497E-03
  0.6062499999999999E+02   0.9646231055360321E+00   0.7483008980335804E-03  -0.1784764386651616E-01   0.3809495000243522E-03   0.6369617476315833E-06   0.8111207569687193E-04   0.8041937330794613E-03
  0.6067500000000000E+02   0.9646861608576861E+00   0.7456113163810999E-03  -0.1781554434543642E-01   0.3795678663455314E-03   0.6351750286831824E-06   0.8081782081693353E-04   0.8011985133974047E-03
  0.6072499999999999E+02   0.9647492185858197E+00   0.7428553065574078E-03  -0.1778344465940784E-01   0.3781525074680788E-03   0.6333280163878462E-06   0.8052410240335320E-04   0.7981326947167285E-03
  0.6077500000000001E+02   0.9648123044810654E+00   0.7400931514745159E-03  -0.1775133168344112E-01   0.3767341078420271E-03   0.6314720037089053E-06   0.8023080671750520E-04   0.7950610225292778E-03
  0.6082500000000000E+02   0.9648754271531990E+00   0.7373899840907528E-03  -0.1771920102361590E-01   0.3753458200848335E-03   0.6296625933473261E-06   0.7993790073973140E-04   0.7920534468530725E-03
  0.6087499999999999E+02   0.9649385776593840E+00   0.7348113505898364E-03  -0.1768705722102126E-01   0.3740210062340437E-03   0.6279559224760211E-06   0.7964543284602743E-04   0.7891803538071275E-03
  0.6092500000000000E+02   0.9650017301597155E+00   0.7324190391990102E-03  -0.1765491341742309E-01   0.3727911144478668E-03   0.6264050963799289E-06   0.7935352862443163E-04   0.7865080844799303E-03
  0.6097499999999999E+02   0.9650648434028849E+00   0.7302673764135559E-03  -0.1762279059837324E-01   0.3716837938750468E-03   0.6250570050548957E-06   0.7906238295996483E-04   0.7840949579669801E-03
  0.6102500000000001E+02   0.9651278628108696E+00   0.7284000704675385E-03  -0.1759071653147370E-01   0.3707212883289465E-03   0.6239495934557897E-06   0.7877224950675103E-04   0.7819878842923241E-03
  0.6107500000000000E+02   0.9651907229799183E+00   0.7268475875292049E-03  -0.1755872449287854E-01   0.3699191013498578E-03   0.6231095755932864E-06   0.7848342841850220E-04   0.7802195514112296E-03
  0.6112499999999999E+02   0.9652533504941856E+00   0.7256249962913225E-03  -0.1752685183485914E-01   0.3692848998705430E-03   0.6225505398292131E-06   0.7819625282884473E-04   0.7788061168582304E-03
  0.6117500000000000E+02   0.9653156670343420E+00   0.7247302172087825E-03  -0.1749513840348771E-01   0.3688176239815947E-03   0.6222713928337157E-06   0.7791107417274258E-04   0.7777453351061690E-03
  0.6122500000000001E+02   0.9653775928340400E+00   0.7241426604954767E-03  -0.1746362477957197E-01   0.3685067946380195E-03   0.6222551304172554E-06   0.7762824612147227E-04   0.7770151029687779E-03
  0.6127499999999999E+02   0.9654390505727066E+00   0.7238223222048739E-03  -0.1743235029784895E-01   0.3683320545024500E-03   0.6224679966271310E-06   0.7734810675281163E-04   0.7765724967336028E-03
  0.6132500000000000E+02   0.9654999697773933E+00   0.7237095141615578E-03  -0.1740135080743499E-01   0.3682630312774472E-03   0.6228591844846798E-06   0.7707095866501924E-04   0.7763534888399162E-03
  0.6137500000000000E+02   0.9655602917272513E+00   0.7237255078880621E-03  -0.1737065617678968E-01   0.3682596659856471E-03   0.6233613226192404E-06   0.7679704711618201E-04   0.7762736438315354E-03
  0.6142500000000000E+02   0.9656199747076843E+00   0.7237744433671971E-03  -0.1734028762097772E-01   0.3682731846281440E-03   0.6238920545661648E-06   0.7652653693918332E-04   0.7762301691337392E-03
  0.6147500000000000E+02   0.9656789992582521E+00   0.7237468519542031E-03  -0.1731025503226036E-01   0.3682478908833849E-03   0.6243570181622878E-06   0.7625948988867737E-04   0.7761056946369572E-03
  0.6152499999999998E+02   0.9657373728326240E+00   0.7235250306791380E-03  -0.1728055460989775E-01   0.3681239005054622E-03   0.6246544377054945E-06   0.7599584506038822E-04   0.7757740350623636E-03
  0.6157500000000000E+02   0.9657951331008320E+00   0.7229902592259425E-03  -0.1725116718070041E-01   0.3678408129734612E-03   0.6246813304142704E-06   0.7573540580864218E-04   0.7751079256407760E-03
  0.6162500000000000E+02   0.9658523490545355E+00   0.7220314829358872E-03  -0.1722205763724272E-01   0.3673421287824219E-03   0.6243410105718026E-06   0.7547783681695755E-04   0.7739883274915459E-03
  0.6167500000000000E+02   0.9659091192031759E+00   0.7205546594664751E-03  -0.1719317585596947E-01   0.3665800042109179E-03   0.6235512042651960E-06   0.7522267431393084E-04   0.7723144430140394E-03
  0.6172500000000000E+02   0.9659655665112324E+00   0.7184915998419655E-03  -0.1716445927310950E-01   0.3655197487621275E-03   0.6222517653993580E-06   0.7496935072701040E-04   0.7700131885103283E-03
  0.6177500000000000E+02   0.9660218302859944E+00   0.7158069668047756E-03  -0.1713583701184862E-01   0.3641433850983764E-03   0.6204108316419913E-06   0.7471723253284030E-04   0.7670466914133990E-03
  0.6182500000000000E+02   0.9660780558535838E+00   0.7125022327982286E-03  -0.1710723513457924E-01   0.3624516622094504E-03   0.6180283723809906E-06   0.7446566728952568E-04   0.7634165288488815E-03
  0.6187500000000000E+02   0.9661343833720281E+00   0.7086158628250424E-03  -0.1707858233405557E-01   0.3604641480433548E-03   0.6151364759179725E-06   0.7421403365948672E-04   0.7591639202758913E-03
  0.6192500000000000E+02   0.9661909373503947E+00   0.7042196700285501E-03  -0.1704981526524829E-01   0.3582173750842639E-03   0.6117963120738216E-06   0.7396178740330550E-04   0.7543658184545419E-03
  0.6197500000000000E+02   0.9662478182900414E+00   0.6994119993210645E-03  -0.1702088279750558E-01   0.3557613722820243E-03   0.6080923212895062E-06   0.7370849716885530E-04   0.7491276012234128E-03
  0.6202500000000000E+02   0.9663050973877835E+00   0.6943089191395445E-03  -0.1699174870890974E-01   0.3531551837065630E-03   0.6041246416738255E-06   0.7345386614629802E-04   0.7435736290301948E-03
  0.6207499999999999E+02   0.9663628146002103E+00   0.6890348092158646E-03  -0.1696239267061617E-01   0.3504620800254855E-03   0.6000009730771412E-06   0.7319773856808119E-04   0.7378371559243208E-03
  0.6212500000000000E+02   0.9664209797589121E+00   0.6837136090633341E-03  -0.1693280967902755E-01   0.3477451062323120E-03   0.5958289776791537E-06   0.7294009272765470E-04   0.7320509496815794E-03
  0.6217500000000000E+02   0.9664795760000811E+00   0.6784616307516500E-03  -0.1690300831054892E-01   0.3450634253217042E-03   0.5917100086175215E-06   0.7268102401335255E-04   0.7263395895962133E-03
  0.6222500000000000E+02   0.9665385645918647E+00   0.6733823843790557E-03  -0.1687300826528493E-01   0.3424696860325649E-03   0.5877345658337290E-06   0.7242072215551467E-04   0.7208139225116353E-03
  0.6227499999999999E+02   0.9665978902848013E+00   0.6685634475664126E-03  -0.1684283764469574E-01   0.3400084305772466E-03   0.5839795163617974E-06   0.7215944660353510E-04   0.7155677105118365E-03
  0.6232500000000000E+02   0.9666574864980038E+00   0.6640751124510008E-03  -0.1681253031291152E-01   0.3377154067384275E-03   0.5805068559811360E-06   0.7189750304581977E-04   0.7106761843861213E-03
  0.6237499999999999E+02   0.9667172798990245E+00   0.6599703881558366E-03  -0.1678212356661379E-01   0.3356175696021075E-03   0.5773636515602377E-06   0.7163522295549471E-04   0.7061960502914589E-03
  0.6242500000000000E+02   0.9667771941695908E+00   0.6562859041195425E-03  -0.1675165621920949E-01   0.3337335416177714E-03   0.5745827725079893E-06   0.7137294699169504E-04   0.7021664621304564E-03
  0.6247500000000001E+02   0.9668371529332825E+00   0.6530433107806947E-03  -0.1672116711146465E-01   0.3320743256835286E-03   0.5721840620087917E-06   0.7111101227710295E-04   0.6986105269877317E-03
  0.6252499999999999E+02   0.9668970819420059E+00   0.6502508685550080E-03  -0.1669069399932155E-01   0.3306441140070728E-03   0.5701756793173289E-06   0.7084974305475776E-04   0.6955370122358676E-03
  0.6257500000000000E+02   0.9669569106804518E+00   0.6479050224696123E-03  -0.1666027273790915E-01   0.3294410896392704E-03   0.5685554361001375E-06   0.7058944397273233E-04   0.6929420370108675E-03
  0.6262499999999999E+02   0.9670165735641670E+00   0.6459918585102590E-03  -0.1662993667239643E-01   0.3284581677849241E-03   0.5673120353923701E-06   0.7033039519330591E-04   0.6908106365270553E-03
  0.6267500000000000E+02   0.9670760108911399E+00   0.6444884187451314E-03  -0.1659971615434019E-01   0.3276836652033552E-03   0.5664261923859324E-06   0.7007284860982312E-04   0.6891181744912792E-03
  0.6272500000000001E+02   0.9671351696705032E+00   0.6433639119432646E-03  -0.1656963812064105E-01   0.3271019163541894E-03   0.5658716686278269E-06   0.6981702462658846E-04   0.6878316427635550E-03
  0.6277499999999999E+02   0.9671940044037881E+00   0.6425808940788574E-03  -0.1653972569672368E-01   0.3266938741039073E-03   0.5656162845860102E-06   0.6956310917587382E-04   0.6869109277403087E-03
  0.6282500000000000E+02   0.9672524778407164E+00   0.6420965090998034E-03  -0.1650999781273055E-01   0.3264377409387939E-03   0.5656229900443359E-06   0.6931125088207781E-04   0.6863101400442562E-03
  0.6287500000000001E+02   0.9673105616786148E+00   0.6418638750560308E-03  -0.1648046884842280E-01   0.3263096739443950E-03   0.5658510676380771E-06   0.6906155851118365E-04   0.6859790984599857E-03
  0.6292500000000000E+02   0.9673682371283643E+00   0.6418336750202180E-03  -0.1645114834594996E-01   0.3262845937651373E-03   0.5662575226770322E-06   0.6881409903739632E-04   0.6858650316280988E-03
  0.6297499999999999E+02   0.9674254952372539E+00   0.6419559686514303E-03  -0.1642204084619692E-01   0.3263371056035666E-03   0.5667986742579956E-06   0.6856889678970270E-04   0.6859145144497460E-03
  0.6302499999999999E+02   0.9674823368471633E+00   0.6421821840344980E-03  -0.1639314591048280E-01   0.3264425117436471E-03   0.5674319130873729E-06   0.6832593418071645E-04   0.6860755961126512E-03
  0.6307500000000000E+02   0.9675387720804337E+00   0.6424671893533445E-03  -0.1636445838230549E-01   0.3265778645496777E-03   0.5681175380931278E-06   0.6808515444854545E-04   0.6863000125112437E-03
  0.6312500000000000E+02   0.9675948192869864E+00   0.6427712917216306E-03  -0.1633596892287781E-01   0.3267229823468229E-03   0.5688205371266073E-06   0.6784646665647080E-04   0.6865453200884102E-03
  0.6317500000000000E+02   0.9676505034502882E+00   0.6430619785731414E-03  -0.1630766482165769E-01   0.3268613343706470E-03   0.5695121479400139E-06   0.6760975291700460E-04   0.6867767540896627E-03
  0.6322499999999999E+02   0.9677058541259703E+00   0.6433152153155820E-03  -0.1627953104433744E-01   0.3269807001162324E-03   0.5701710330963031E-06   0.6737487748394173E-04   0.6869686124621940E-03
  0.6327500000000000E+02   0.9677609030601568E+00   0.6435161453669685E-03  -0.1625155144353718E-01   0.3270735248992027E-03   0.5707839301865708E-06   0.6714169705368668E-04   0.6871050012947202E-03
  0.6332500000000000E+02   0.9678156816889145E+00   0.6436591010226700E-03  -0.1622371002982481E-01   0.3271369251246051E-03   0.5713456932030015E-06   0.6691007140189824E-04   0.6871798442814465E-03
  0.6337500000000000E+02   0.9678702187436510E+00   0.6437469140072184E-03  -0.1619599218879497E-01   0.3271723376282257E-03   0.5718587118359432E-06   0.6667987340177188E-04   0.6871961445578556E-03
  0.6342500000000000E+02   0.9679245381752050E+00   0.6437895967180378E-03  -0.1616838573609025E-01   0.3271848492080187E-03   0.5723317684386041E-06   0.6645099754146672E-04   0.6871645749569665E-03
  0.6347499999999999E+02   0.9679786575659322E+00   0.6438025329887794E-03  -0.1614088172433226E-01   0.3271822769285918E-03   0.5727784531375789E-06   0.6622336625887110E-04   0.6871015451053473E-03
  0.6352500000000000E+02   0.9680325871354268E+00   0.6438043593690911E-03  -0.1611347494829829E-01   0.3271740912069409E-03   0.5732152958835452E-06   0.6599693369223839E-04   0.6870269387394308E-03
  0.6357499999999999E+02   0.9680863293759058E+00   0.6438147304674361E-03  -0.1608616413006059E-01   0.3271702800571960E-03   0.5736597864198843E-06   0.6577168674355164E-04   0.6869617279470680E-03
  0.6362500000000000E+02   0.9681398792908174E+00   0.6438521481510057E-03  -0.1605895179755268E-01   0.3271802458730902E-03   0.5741284419505239E-06   0.6554764361305727E-04   0.6869256562780609E-03
  0.6367500000000000E+02   0.9681932251635837E+00   0.6439320026584098E-03  -0.1603184389374046E-01   0.3272118099871065E-03   0.5746350549524406E-06   0.6532485015341197E-04   0.6869351487085716E-03
  0.6372499999999999E+02   0.9682463497556151E+00   0.6440649339788446E-03  -0.1600484916768175E-01   0.3272703800593216E-03   0.5751892189308138E-06   0.6510337449948104E-04   0.6870015639942339E-03
  0.6377500000000000E+02   0.9682992318219079E+00   0.6442555829133360E-03  -0.1597797840425608E-01   0.3273583155530279E-03   0.5757951957028075E-06   0.6488330046533539E-04   0.6871298633270530E-03
  0.6382500000000000E+02   0.9683518478336919E+00   0.6445017686356122E-03  -0.1595124354875255E-01   0.3274745099825461E-03   0.5764511590139135E-06   0.6466472018567289E-04   0.6873177343767182E-03
  0.6387500000000000E+02   0.9684041738048652E+00   0.6447941052426425E-03  -0.1592465677879784E-01   0.3276141962525041E-03   0.5771488277118539E-06   0.6444772644008738E-04   0.6875551838095628E-03
  0.6392500000000000E+02   0.9684561871274783E+00   0.6451160526139976E-03  -0.1589822957176945E-01   0.3277689726811874E-03   0.5778734863871799E-06   0.6423240505583095E-04   0.6878245930495717E-03
  0.6397500000000000E+02   0.9685078683284415E+00   0.6454443839500138E-03  -0.1587197181231259E-01   0.3279270407218390E-03   0.5786043797554489E-06   0.6401882774953734E-04   0.6881012182432641E-03
  0.6402499999999999E+02   0.9685592026644960E+00   0.6457500402653600E-03  -0.1584589098210398E-01   0.3280736392544075E-03   0.5793154561122140E-06   0.6380704574232648E-04   0.6883541025214510E-03
  0.6407500000000000E+02   0.9686101814768316E+00   0.6459993283057985E-03  -0.1581999147178725E-01   0.3281916533093652E-03   0.5799764226356457E-06   0.6359708445899603E-04   0.6885473539704911E-03
  0.6412500000000000E+02   0.9686608032333445E+00   0.6461554019066009E-03  -0.1579427405164635E-01   0.3282623667343447E-03   0.5805540602982777E-06   0.6338893958921748E-04   0.6886417252432224E-03
  0.6417500000000000E+02   0.9687110741982872E+00   0.6461799487922034E-03  -0.1576873553160107E-01   0.3282663191669779E-03   0.5810137296226896E-06   0.6318257473504369E-04   0.6885964115920128E-03
  0.6422499999999999E+02   0.9687610086879079E+00   0.6460349880805388E-03  -0.1574336863153947E-01   0.3281842191819040E-03   0.5813209830305003E-06   0.6297792078743582E-04   0.6883709663280293E-03
  0.6427499999999999E+02   0.9688106288966414E+00   0.6456846721785811E-03  -0.1571816206980770E-01   0.3279978596051138E-03   0.5814431885887855E-06   0.6277487706542320E-04   0.6879272204276255E-03
  0.6432500000000000E+02   0.9688599643093552E+00   0.6450969840887396E-03  -0.1569310086196529E-01   0.3276909796394072E-03   0.5813510669682948E-06   0.6257331412457638E-04   0.6872310902103073E-03
  0.6437500000000000E+02   0.9689090507468892E+00   0.6442452297670589E-03  -0.1566816680579375E-01   0.3272500228284047E-03   0.5810200506001783E-06   0.6237307801414039E-04   0.6862541662330009E-03
  0.6442499999999998E+02   0.9689579291195228E+00   0.6431092451307499E-03  -0.1564333911463689E-01   0.3266647500268429E-03   0.5804313914733016E-06   0.6217399565540971E-04   0.6849749978298920E-03
  0.6447499999999999E+02   0.9690066439812635E+00   0.6416762660070377E-03  -0.1561859515187480E-01   0.3259286811223534E-03   0.5795729694856971E-06   0.6197588094653277E-04   0.6833800183082333E-03
  0.6452500000000001E+02   0.9690552419839469E+00   0.6399414420079993E-03  -0.1559391121624520E-01   0.3250393558610829E-03   0.5784397825281611E-06   0.6177854118228012E-04   0.6814640906402107E-03
  0.6457500000000000E+02   0.9691037703236957E+00   0.6379080063290143E-03  -0.1556926333099906E-01   0.3239984198824852E-03   0.5770341274272633E-06   0.6158178341144827E-04   0.6792306865233775E-03
  0.6462500000000000E+02   0.9691522752557202E+00   0.6355871377094304E-03  -0.1554462799829270E-01   0.3228115543811204E-03   0.5753655028876783E-06   0.6138542042854558E-04   0.6766917374961684E-03
  0.6467499999999998E+02   0.9692008007311952E+00   0.6329975650888999E-03  -0.1551998289152345E-01   0.3214882750734147E-03   0.5734502787270615E-06   0.6118927619139842E-04   0.6738672120128879E-03
  0.6472499999999999E+02   0.9692493871871954E+00   0.6301649692894314E-03  -0.1549530746987338E-01   0.3200416280748951E-03   0.5713111794208987E-06   0.6099319055103122E-04   0.6707844764187579E-03
  0.6477500000000001E+02   0.9692980705018536E+00   0.6271212312997989E-03  -0.1547058350888397E-01   0.3184878078782411E-03   0.5689766259646034E-06   0.6079702325694973E-04   0.6674774926968889E-03
  0.6482499999999999E+02   0.9693468811146557E+00   0.6239035670381075E-03  -0.1544579554710923E-01   0.3168457176945407E-03   0.5664799715274819E-06   0.6060065724984673E-04   0.6639858955228322E-03
  0.6487500000000000E+02   0.9693958433064978E+00   0.6205535778429122E-03  -0.1542093125158139E-01   0.3151364870226980E-03   0.5638586569393396E-06   0.6040400127393044E-04   0.6603539798427305E-03
  0.6492500000000000E+02   0.9694449746341675E+00   0.6171162376372422E-03  -0.1539598170480472E-01   0.3133829570926166E-03   0.5611533046592348E-06   0.6020699183983930E-04   0.6566296213416960E-03
  0.6497499999999999E+02   0.9694942855165697E+00   0.6136388333863495E-03  -0.1537094161464669E-01   0.3116091426311482E-03   0.5584067660569461E-06   0.6000959455778334E-04   0.6528631475597969E-03
  0.6502500000000001E+02   0.9695437789723863E+00   0.6101698749958458E-03  -0.1534580944729003E-01   0.3098396781581475E-03   0.5556631364975499E-06   0.5981180485080755E-04   0.6491061769012260E-03
  0.6507500000000000E+02   0.9695934505089445E+00   0.6067579925963073E-03  -0.1532058748336917E-01   0.3080992579328754E-03   0.5529667544484995E-06   0.5961364805779851E-04   0.6454104446895142E-03
  0.6512500000000000E+02   0.9696432881591633E+00   0.6034508409543239E-03  -0.1529528179889084E-01   0.3064120795809366E-03   0.5503612025636035E-06   0.5941517894743775E-04   0.6418266373217497E-03
  0.6517500000000000E+02   0.9696932726583429E+00   0.6002940304037018E-03  -0.1526990217513091E-01   0.3048013012548653E-03   0.5478883284906607E-06   0.5921648068426940E-04   0.6384032551960082E-03
  0.6522499999999999E+02   0.9697433777470637E+00   0.5973300999107268E-03  -0.1524446194449347E-01   0.3032885202606791E-03   0.5455872998028854E-06   0.5901766330900104E-04   0.6351855210531014E-03
  0.6527499999999999E+02   0.9697935705828891E+00   0.5945975405968690E-03  -0.1521897778113135E-01   0.3018932773791406E-03   0.5434937008742651E-06   0.5881886180789338E-04   0.6322143426054044E-03
  0.6532500000000000E+02   0.9698438122439824E+00   0.5921298683961899E-03  -0.1519346944491973E-01   0.3006325862108365E-03   0.5416386707381657E-06   0.5862023384274105E-04   0.6295253280520532E-03
  0.6537500000000000E+02   0.9698940583135607E+00   0.5899547346476174E-03  -0.1516795948442073E-01   0.2995204818573756E-03   0.5400480719155747E-06   0.5842195718832616E-04   0.6271478425616305E-03
  0.6542500000000000E+02   0.9699442595456652E+00   0.5880930560088974E-03  -0.1514247289861026E-01   0.2985675794852071E-03   0.5387416733415461E-06   0.5822422687760220E-04   0.6251040859056909E-03
  0.6547499999999999E+02   0.9699943626292659E+00   0.5865581429923797E-03  -0.1511703674874609E-01   0.2977806322570851E-03   0.5377323284972958E-06   0.5802725198982390E-04   0.6234081691908409E-03
  0.6552499999999999E+02   0.9700443110873149E+00   0.5853548123572971E-03  -0.1509167970180225E-01   0.2971620811265311E-03   0.5370251351796031E-06   0.5783125194133212E-04   0.6220651749238089E-03
  0.6557500000000000E+02   0.9700940463669276E+00   0.5844784847762123E-03  -0.1506643147696873E-01   0.2967095972029229E-03   0.5366165781087559E-06   0.5763645206532750E-04   0.6210702018149135E-03
  0.6562500000000001E+02   0.9701435091920459E+00   0.5839142970139077E-03  -0.1504132215900933E-01   0.2964156315135148E-03   0.5364936811380088E-06   0.5744307821264923E-04   0.6204074252508622E-03
  0.6567500000000000E+02   0.9701926412551014E+00   0.5836362972699798E-03  -0.1501638133964844E-01   0.2962670069903127E-03   0.5366332322203349E-06   0.5725135009200036E-04   0.6200492461953731E-03
  0.6572499999999999E+02   0.9702413873125267E+00   0.5836068409312936E-03  -0.1499163705408213E-01   0.2962446121705348E-03   0.5370011893750078E-06   0.5706147312090518E-04   0.6199556528437699E-03
  0.6577499999999999E+02   0.9702896977133609E+00   0.5837763557586207E-03  -0.1496711449777044E-01   0.2963232823749717E-03   0.5375524242186845E-06   0.5687362870388668E-04   0.6200739742978658E-03
  0.6582500000000000E+02   0.9703375313249094E+00   0.5840836897356841E-03  -0.1494283454180068E-01   0.2964719765598566E-03   0.5382310012947782E-06   0.5668796311197993E-04   0.6203392524255920E-03
  0.6587500000000001E+02   0.9703848587232081E+00   0.5844572755592096E-03  -0.1491881211393420E-01   0.2966543685670342E-03   0.5389712117582831E-06   0.5650457550943150E-04   0.6206754800798731E-03
  0.6592499999999998E+02   0.9704316653961369E+00   0.5848173236255656E-03  -0.1489505457328955E-01   0.2968299602699917E-03   0.5396995608695067E-06   0.5632350612795139E-04   0.6209979303724358E-03
  0.6597499999999999E+02   0.9704779545828898E+00   0.5850791720812211E-03  -0.1487156026961334E-01   0.2969557818477698E-03   0.5403378330301140E-06   0.5614472604849010E-04   0.6212167133265776E-03
  0.6602500000000001E+02   0.9705237492778903E+00   0.5851577689473765E-03  -0.1484831752660631E-01   0.2969886664956186E-03   0.5408072169188567E-06   0.5596813038810822E-04   0.6212415333115282E-03
  0.6607500000000000E+02   0.9705690929015512E+00   0.5849730473752468E-03  -0.1482530430180917E-01   0.2968879783096123E-03   0.5410332752890126E-06   0.5579353674870964E-04   0.6209873936613363E-03
  0.6612500000000000E+02   0.9706140482224032E+00   0.5844557167530706E-03  -0.1480248873387424E-01   0.2966185511380139E-03   0.5409513220821358E-06   0.5562069042690039E-04   0.6203807420110286E-03
  0.6617499999999998E+02   0.9706586943216398E+00   0.5835527903052843E-03  -0.1477983068324695E-01   0.2961534936449668E-03   0.5405115796811499E-06   0.5544927705783075E-04   0.6193653354746182E-03
  0.6622499999999999E+02   0.9707031217005665E+00   0.5822320745406771E-03  -0.1475728421525013E-01   0.2954764674798569E-03   0.5396833970078339E-06   0.5527894216564055E-04   0.6179070036941084E-03
  0.6627500000000001E+02   0.9707474259793877E+00   0.5804849116345901E-03  -0.1473480079798917E-01   0.2945830788018994E-03   0.5384578658036284E-06   0.5510931577528028E-04   0.6159965575429068E-03
  0.6632500000000000E+02   0.9707917009293311E+00   0.5783267029383485E-03  -0.1471233283851925E-01   0.2934811437376722E-03   0.5368483885734094E-06   0.5494003916210747E-04   0.6136503428897330E-03
  0.6637499999999999E+02   0.9708360317303362E+00   0.5757951032642008E-03  -0.1468983710447858E-01   0.2921897717831902E-03   0.5348890848286807E-06   0.5477079030820701E-04   0.6109083224260009E-03
  0.6642500000000000E+02   0.9708804893048942E+00   0.5729461683150118E-03  -0.1466727759952269E-01   0.2907374104653679E-03   0.5326312867727847E-06   0.5460130486629006E-04   0.6078299853572508E-03
  0.6647499999999999E+02   0.9709251263584395E+00   0.5698490564005666E-03  -0.1464462757264207E-01   0.2891591563543116E-03   0.5301386737497763E-06   0.5443139033304779E-04   0.6044887230885887E-03
  0.6652500000000001E+02   0.9709699754273425E+00   0.5665800532743876E-03  -0.1462187050859343E-01   0.2874937226213973E-03   0.5274817542888347E-06   0.5426093242444771E-04   0.6009654870145989E-03
  0.6657500000000000E+02   0.9710150488926067E+00   0.5632166826177993E-03  -0.1459900012072635E-01   0.2857804501349206E-03   0.5247324029992532E-06   0.5408989395601514E-04   0.5973425378109512E-03
  0.6662499999999999E+02   0.9710603406453041E+00   0.5598325162920043E-03  -0.1457601950556431E-01   0.2840566737634641E-03   0.5219590254355337E-06   0.5391830754440610E-04   0.5936979380652752E-03
  0.6667500000000000E+02   0.9711058289355536E+00   0.5564930734056209E-03  -0.1455293969677818E-01   0.2823556413240444E-03   0.5192227174276635E-06   0.5374626399501987E-04   0.5901012011301942E-03
  0.6672499999999999E+02   0.9711514799037395E+00   0.5532529653408307E-03  -0.1452977787298260E-01   0.2807050649113991E-03   0.5165745709481059E-06   0.5357389832406217E-04   0.5866102628691930E-03
  0.6677499999999999E+02   0.9711972513515501E+00   0.5501542566981194E-03  -0.1450655544390578E-01   0.2791262893412401E-03   0.5140541045030215E-06   0.5340137510334272E-04   0.5832697442290044E-03
  0.6682500000000000E+02   0.9712430964183884E+00   0.5472258936193218E-03  -0.1448329618467270E-01   0.2776340022958478E-03   0.5116886850185932E-06   0.5322887438027959E-04   0.5801103467539027E-03
  0.6687499999999999E+02   0.9712889669456931E+00   0.5444840002727781E-03  -0.1446002452856665E-01   0.2762363850397464E-03   0.5094937599219277E-06   0.5305657896726388E-04   0.5771491693498658E-03
  0.6692500000000000E+02   0.9713348164099453E+00   0.5419328448845344E-03  -0.1443676407876748E-01   0.2749356028778687E-03   0.5074737175626808E-06   0.5288466351665358E-04   0.5743907352444823E-03
  0.6697500000000001E+02   0.9713806023713817E+00   0.5395663061558075E-03  -0.1441353636593579E-01   0.2737285494802319E-03   0.5056232206273844E-06   0.5271328554684868E-04   0.5718285493736265E-03
  0.6702499999999999E+02   0.9714262884189266E+00   0.5373697082052130E-03  -0.1439035986150816E-01   0.2726077781309571E-03   0.5039288912511640E-06   0.5254257846046238E-04   0.5694470460542593E-03
  0.6707500000000000E+02   0.9714718456000475E+00   0.5353219217455260E-03  -0.1436724925240240E-01   0.2715625679744747E-03   0.5023712535697107E-06   0.5237264656661490E-04   0.5672238182520646E-03
  0.6712500000000000E+02   0.9715172533189923E+00   0.5333976424651715E-03  -0.1434421498548888E-01   0.2705800800719283E-03   0.5009268513596385E-06   0.5220356213964619E-04   0.5651320339145699E-03
  0.6717500000000000E+02   0.9715624996809451E+00   0.5315697529903548E-03  -0.1432126309318704E-01   0.2696465557624228E-03   0.4995704536216549E-06   0.5203536456778967E-04   0.5631429400748358E-03
  0.6722499999999999E+02   0.9716075812638860E+00   0.5298116570305963E-03  -0.1429839530939048E-01   0.2687485008188116E-03   0.4982772437411169E-06   0.5186806162770140E-04   0.5612283366917140E-03
  0.6727499999999999E+02   0.9716525023210428E+00   0.5280994526656443E-03  -0.1427560947422579E-01   0.2678737879175142E-03   0.4970248668825346E-06   0.5170163284079971E-04   0.5593628793411149E-03
  0.6732500000000000E+02   0.9716972734554127E+00   0.5264137976879402E-03  -0.1425290020657799E-01   0.2670126028259470E-03   0.4957951963171446E-06   0.5153603472452088E-04   0.5575260550616988E-03
  0.6737500000000000E+02   0.9717419098582133E+00   0.5247413238800546E-03  -0.1423025979776582E-01   0.2661581617287228E-03   0.4945756823087934E-06   0.5137120756862367E-04   0.5557036799105047E-03
  0.6742500000000000E+02   0.9717864292543023E+00   0.5230754850682877E-03  -0.1420767925379873E-01   0.2653071413014978E-03   0.4933601727659027E-06   0.5120708318507189E-04   0.5538887964375173E-03
  0.6747499999999999E+02   0.9718308497365030E+00   0.5214167749378314E-03  -0.1418514939392246E-01   0.2644597890857828E-03   0.4921491425046821E-06   0.5104359294773354E-04   0.5520819034767432E-03
  0.6752500000000001E+02   0.9718751876862989E+00   0.5197723169842850E-03  -0.1416266190529525E-01   0.2636197153928212E-03   0.4909493303246795E-06   0.5088067539455563E-04   0.5502905209655525E-03
  0.6757500000000000E+02   0.9719194559650497E+00   0.5181548977066367E-03  -0.1414021026039292E-01   0.2627934028242981E-03   0.4897728480798917E-06   0.5071828272764567E-04   0.5485281652765633E-03
  0.6762500000000000E+02   0.9719636625198886E+00   0.5165815713271527E-03  -0.1411779042403549E-01   0.2619894984966502E-03   0.4886358804127472E-06   0.5055638570536562E-04   0.5468128710682084E-03
  0.6767500000000000E+02   0.9720078094905372E+00   0.5150719993515682E-03  -0.1409540130630993E-01   0.2612179718169646E-03   0.4875571276871901E-06   0.5039497664083455E-04   0.5451654327082274E-03
  0.6772499999999999E+02   0.9720518928398743E+00   0.5136466967387872E-03  -0.1407304494982464E-01   0.2604892249409323E-03   0.4865561535701365E-06   0.5023407045654248E-04   0.5436075472251376E-03
  0.6777500000000001E+02   0.9720959024742702E+00   0.5123253406229404E-03  -0.1405072646855332E-01   0.2598132350094986E-03   0.4856517846546848E-06   0.5007370395111097E-04   0.5421600239289500E-03
  0.6782499999999999E+02   0.9721398227779304E+00   0.5111252647001328E-03  -0.1402845377671091E-01   0.2591987906030202E-03   0.4848606792307076E-06   0.4991393358177461E-04   0.5408411910279204E-03
  0.6787500000000000E+02   0.9721836334621349E+00   0.5100602218667159E-03  -0.1400623715794280E-01   0.2586528642922159E-03   0.4841961445100024E-06   0.4975483214422574E-04   0.5396655866157566E-03
  0.6792500000000000E+02   0.9722273106239515E+00   0.5091394579087213E-03  -0.1398408872831181E-01   0.2581801429817050E-03   0.4836672442640159E-06   0.4959648474681597E-04   0.5386429792462062E-03
  0.6797499999999999E+02   0.9722708279152736E+00   0.5083671056434807E-03  -0.1396202184337514E-01   0.2577827208004002E-03   0.4832782073103833E-06   0.4943898444607397E-04   0.5377777279330135E-03
  0.6802500000000001E+02   0.9723141577365060E+00   0.5077418841971373E-03  -0.1394005049280600E-01   0.2574599467562256E-03   0.4830281238163100E-06   0.4928242785553256E-04   0.5370684652397425E-03
  0.6807500000000000E+02   0.9723572723852584E+00   0.5072570715481951E-03  -0.1391818871788075E-01   0.2572084109779144E-03   0.4829109005398279E-06   0.4912691097700618E-04   0.5365080696065582E-03
  0.6812499999999999E+02   0.9724001451062173E+00   0.5069007079379796E-03  -0.1389645007912566E-01   0.2570220480286547E-03   0.4829154359220127E-06   0.4897252544266162E-04   0.5360838819326423E-03
  0.6817500000000000E+02   0.9724427510031382E+00   0.5066559808125108E-03  -0.1387484719392318E-01   0.2568923322616767E-03   0.4830259690973709E-06   0.4881935530030698E-04   0.5357781141171454E-03
  0.6822500000000001E+02   0.9724850677884257E+00   0.5065017369937628E-03  -0.1385339135651298E-01   0.2568085376729587E-03   0.4832225518812897E-06   0.4866747442024108E-04   0.5355683920369957E-03
  0.6827500000000001E+02   0.9725270763615093E+00   0.5064130646134776E-03  -0.1383209224483650E-01   0.2567580331052535E-03   0.4834815894749025E-06   0.4851694454442384E-04   0.5354283721240288E-03
  0.6832499999999999E+02   0.9725687612252564E+00   0.5063618873584164E-03  -0.1381095770952967E-01   0.2567265836691753E-03   0.4837763953279198E-06   0.4836781393400033E-04   0.5353283707502881E-03
  0.6837499999999999E+02   0.9726101107698196E+00   0.5063175192293401E-03  -0.1378999363015621E-01   0.2566986321164254E-03   0.4840777106895175E-06   0.4822011650025108E-04   0.5352359516326010E-03
  0.6842500000000000E+02   0.9726511174734356E+00   0.5062471419077580E-03  -0.1376920381356528E-01   0.2566575409454453E-03   0.4843541523830680E-06   0.4807387123463560E-04   0.5351164311712036E-03
  0.6847500000000001E+02   0.9726917780857335E+00   0.5061161904972986E-03  -0.1374858990113481E-01   0.2565857880226320E-03   0.4845725747963231E-06   0.4792908170043872E-04   0.5349332866698567E-03
  0.6852499999999999E+02   0.9727320938656545E+00   0.5058886661691974E-03  -0.1372815124834126E-01   0.2564651251120619E-03   0.4846983633902467E-06   0.4778573533034626E-04   0.5346484870140698E-03
  0.6857499999999999E+02   0.9727720709375868E+00   0.5055274323453982E-03  -0.1370788474440898E-01   0.2562767280231142E-03   0.4846957136664695E-06   0.4764380231007916E-04   0.5342228056480610E-03
  0.6862500000000000E+02   0.9728117208018324E+00   0.5049945875078558E-03  -0.1368778455372366E-01   0.2560013855649963E-03   0.4845279848260023E-06   0.4750323393059273E-04   0.5336162142049174E-03
  0.6867500000000000E+02   0.9728510609883820E+00   0.5042520329436293E-03  -0.1366784178459557E-01   0.2556197872813887E-03   0.4841582420864584E-06   0.4736396046109485E-04   0.5327884817841107E-03
  0.6872500000000001E+02   0.9728901157804382E+00   0.5032623571094245E-03  -0.1364804412265375E-01   0.2551129716480258E-03   0.4835501055270873E-06   0.4722588881538893E-04   0.5317001084287483E-03
  0.6877500000000001E+02   0.9729289168662617E+00   0.5019901306659881E-03  -0.1362837550055651E-01   0.2544629824082451E-03   0.4826689974412477E-06   0.4708890051809481E-04   0.5303136921603864E-03
  0.6882499999999999E+02   0.9729675037202651E+00   0.5004036431018633E-03  -0.1360881590492236E-01   0.2536537487208674E-03   0.4814838199584442E-06   0.4695285066985108E-04   0.5285957622439087E-03
  0.6887500000000000E+02   0.9730059234857472E+00   0.4984770168409024E-03  -0.1358934143584700E-01   0.2526721566282036E-03   0.4799690033751009E-06   0.4681756869620232E-04   0.5265190109887026E-03
  0.6892500000000000E+02   0.9730442301501225E+00   0.4961925220152040E-03  -0.1356992472501561E-01   0.2515092222207853E-03   0.4781067566711639E-06   0.4668286158336780E-04   0.5240647373519672E-03
  0.6897499999999999E+02   0.9730824828792976E+00   0.4935428094092047E-03  -0.1355053577999488E-01   0.2501612233118570E-03   0.4758892488053399E-06   0.4654852002333338E-04   0.5212252040086745E-03
  0.6902500000000001E+02   0.9731207435072884E+00   0.4905327113754966E-03  -0.1353114325668159E-01   0.2486306121183177E-03   0.4733203824737680E-06   0.4641432742870240E-04   0.5180055380603805E-03
  0.6907499999999999E+02   0.9731590733385477E+00   0.4871802590615956E-03  -0.1351171608008483E-01   0.2469265307063422E-03   0.4704168186518938E-06   0.4628007121473691E-04   0.5144248040306011E-03
  0.6912500000000000E+02   0.9731975295765050E+00   0.4835166434311457E-03  -0.1349222525453109E-01   0.2450647910787621E-03   0.4672079847582192E-06   0.4614555521445942E-04   0.5105159614039134E-03
  0.6917500000000000E+02   0.9732361617995142E+00   0.4795849988703159E-03  -0.1347264564979933E-01   0.2430672584776961E-03   0.4637349440797770E-06   0.4601061174120439E-04   0.5063245787894729E-03
  0.6922499999999999E+02   0.9732750089309716E+00   0.4754380791668945E-03  -0.1345295753673370E-01   0.2409606732892300E-03   0.4600481882599444E-06   0.4587511175419806E-04   0.5019063785251322E-03
  0.6927500000000001E+02   0.9733140970828333E+00   0.4711350787705741E-03  -0.1343314768012149E-01   0.2387750397566652E-03   0.4562045923813289E-06   0.4573897184736491E-04   0.4973238789428504E-03
  0.6932499999999999E+02   0.9733534385084276E+00   0.4667379811600027E-03  -0.1341320986927919E-01   0.2365417750516206E-03   0.4522638985251145E-06   0.4560215730176477E-04   0.4926425376538325E-03
  0.6937500000000000E+02   0.9733930317206719E+00   0.4623078622088336E-03  -0.1339314485792453E-01   0.2342918355976046E-03   0.4482851404915614E-06   0.4546468107614758E-04   0.4879268478256907E-03
  0.6942500000000000E+02   0.9734328626621163E+00   0.4579015375380882E-03  -0.1337295977092567E-01   0.2320540178139518E-03   0.4443233869875643E-06   0.4532659919536433E-04   0.4832367982780798E-03
  0.6947499999999999E+02   0.9734729066910260E+00   0.4535688410629954E-03  -0.1335266709746097E-01   0.2298535788510558E-03   0.4404270838963556E-06   0.4518800340596896E-04   0.4786250006659533E-03
  0.6952499999999999E+02   0.9735131310905394E+00   0.4493506925260779E-03  -0.1333228341910564E-01   0.2277112572828548E-03   0.4366361520528797E-06   0.4504901214671612E-04   0.4741346502784565E-03
  0.6957500000000000E+02   0.9735534978122253E+00   0.4452779894667139E-03  -0.1331182801917674E-01   0.2256427117053594E-03   0.4329808788271729E-06   0.4490976084659576E-04   0.4697983577269894E-03
  0.6962500000000000E+02   0.9735939662125186E+00   0.4413712677444487E-03  -0.1329132149576406E-01   0.2236583488925672E-03   0.4294815531130791E-06   0.4477039238323754E-04   0.4656377923096993E-03
  0.6967500000000000E+02   0.9736344956063031E+00   0.4376410235816782E-03  -0.1327078446751795E-01   0.2217634872326690E-03   0.4261487431818717E-06   0.4463104829566946E-04   0.4616640238082765E-03
  0.6972500000000001E+02   0.9736750475247192E+00   0.4340885751974543E-03  -0.1325023642942280E-01   0.2199587936189083E-03   0.4229841017455997E-06   0.4449186112224598E-04   0.4578784337494551E-03
  0.6977499999999999E+02   0.9737155876100710E+00   0.4307073512240160E-03  -0.1322969479256353E-01   0.2182409365943951E-03   0.4199815907931206E-06   0.4435294807400775E-04   0.4542740768147880E-03
  0.6982500000000000E+02   0.9737560871045452E+00   0.4274845110183437E-03  -0.1320917412980505E-01   0.2166034076377683E-03   0.4171290356313933E-06   0.4421440617086997E-04   0.4508373920428284E-03
  0.6987499999999999E+02   0.9737965238946036E+00   0.4244028149821772E-03  -0.1318868564668518E-01   0.2150374690729505E-03   0.4144099297459809E-06   0.4407630894967340E-04   0.4475501772522194E-03
  0.6992500000000000E+02   0.9738368830686834E+00   0.4214426620483779E-03  -0.1316823689896096E-01   0.2135331866112763E-03   0.4118054107207344E-06   0.4393870486617322E-04   0.4443917391831905E-03
  0.6997500000000001E+02   0.9738771569445199E+00   0.4185841942402490E-03  -0.1314783177891499E-01   0.2120804958025250E-03   0.4092963101418647E-06   0.4380161751512667E-04   0.4413411137391069E-03
  0.7002499999999999E+02   0.9739173445357276E+00   0.4158093397848156E-03  -0.1312747078577747E-01   0.2106702372777037E-03   0.4068651520536761E-06   0.4366504774445887E-04   0.4383792208092965E-03
  0.7007499999999999E+02   0.9739574504623347E+00   0.4131036382783948E-03  -0.1310715157785958E-01   0.2092950814968775E-03   0.4044979464298165E-06   0.4352897761847593E-04   0.4354907887186216E-03
  0.7012500000000000E+02   0.9739974833657850E+00   0.4104576787523059E-03  -0.1308686977571605E-01   0.2079502573134406E-03   0.4021856108676273E-06   0.4339337599646808E-04   0.4326658700743128E-03
  0.7017500000000000E+02   0.9740374539551834E+00   0.4078679970423452E-03  -0.1306661995208813E-01   0.2066340065539909E-03   0.3999248680340576E-06   0.4325820527334648E-04   0.4299007872341548E-03
  0.7022500000000001E+02   0.9740773728706924E+00   0.4053373276711625E-03  -0.1304639671442753E-01   0.2053477115447945E-03   0.3977185134340297E-06   0.4312342863813871E-04   0.4271983971118611E-03
  0.7027499999999999E+02   0.9741172485832955E+00   0.4028741810255554E-03  -0.1302619576893416E-01   0.2040956808065578E-03   0.3955750217011764E-06   0.4298901710624814E-04   0.4245676447241281E-03
  0.7032499999999999E+02   0.9741570855452126E+00   0.4004918017841115E-03  -0.1300601485754627E-01   0.2028846212909333E-03   0.3935075431433016E-06   0.4285495561172838E-04   0.4220224646680216E-03
  0.7037500000000000E+02   0.9741968827619139E+00   0.3982066372790276E-03  -0.1298585448129108E-01   0.2017228623758764E-03   0.3915324140994095E-06   0.4272124760385054E-04   0.4195801663581854E-03
  0.7042500000000000E+02   0.9742366328876498E+00   0.3960364862779070E-03  -0.1296571835837401E-01   0.2006194180100933E-03   0.3896673465096195E-06   0.4258791783230512E-04   0.4172594828752647E-03
  0.7047499999999999E+02   0.9742763218727026E+00   0.3939985017388419E-03  -0.1294561360274249E-01   0.1995829749447414E-03   0.3879294660610472E-06   0.4245501325581198E-04   0.4150784664590842E-03
  0.7052499999999999E+02   0.9743159291335072E+00   0.3921071908354077E-03  -0.1292555063776424E-01   0.1986208796554071E-03   0.3863333394147998E-06   0.4232260219844070E-04   0.4130523817348121E-03
  0.7057499999999999E+02   0.9743554281907133E+00   0.3903725079725750E-03  -0.1290554287287271E-01   0.1977381724484241E-03   0.3848890848931122E-06   0.4219077196076085E-04   0.4111916975630917E-03
  0.7062500000000000E+02   0.9743947877284774E+00   0.3887980924299520E-03  -0.1288560616687429E-01   0.1969366949053320E-03   0.3836006180254359E-06   0.4205962506074044E-04   0.4095002318880103E-03
  0.7067500000000001E+02   0.9744339730628399E+00   0.3873796812241024E-03  -0.1286575808409629E-01   0.1962142861503047E-03   0.3824640628446966E-06   0.4192927416116984E-04   0.4079734817144061E-03
  0.7072499999999999E+02   0.9744729480508235E+00   0.3861037435298665E-03  -0.1284601692738052E-01   0.1955640913933602E-03   0.3814663755380673E-06   0.4179983559525945E-04   0.4065971868587330E-03
  0.7077499999999999E+02   0.9745116775011141E+00   0.3849464403432983E-03  -0.1282640051711847E-01   0.1949740352380512E-03   0.3805842839926427E-06   0.4167142130916480E-04   0.4053462364328613E-03
  0.7082500000000000E+02   0.9745501301341536E+00   0.3838731046081282E-03  -0.1280692469211464E-01   0.1944265585981780E-03   0.3797837379047864E-06   0.4154412908991096E-04   0.4041841233399135E-03
  0.7087500000000000E+02   0.9745882820573006E+00   0.3828385387694461E-03  -0.1278760154967995E-01   0.1938987695912289E-03   0.3790201659263604E-06   0.4141803122491071E-04   0.4030632591224425E-03
  0.7092500000000000E+02   0.9746261205530196E+00   0.3817884940691135E-03  -0.1276843752727197E-01   0.1933631928829566E-03   0.3782399046964093E-06   0.4129316229311462E-04   0.4019265323713289E-03
  0.7097499999999999E+02   0.9746636477360480E+00   0.3806626658253861E-03  -0.1274943155055253E-01   0.1927892867275052E-03   0.3773831368294266E-06   0.4116950757373315E-04   0.4007104622496483E-03
  0.7102499999999999E+02   0.9747008833774443E+00   0.3793993473040973E-03  -0.1273057360340946E-01   0.1921457999002649E-03   0.3763884866955936E-06   0.4104699437834546E-04   0.3993500970222874E-03
  0.7107500000000000E+02   0.9747378660325412E+00   0.3779415045472231E-03  -0.1271184415694815E-01   0.1914038481624933E-03   0.3751990461631170E-06   0.4092548909298166E-04   0.3977854073634053E-03
  0.7112500000000000E+02   0.9747746516873822E+00   0.3762435249019780E-03  -0.1269321485517971E-01   0.1905403318213749E-03   0.3737690948973159E-06   0.4080480240411675E-04   0.3959683879729200E-03
  0.7117500000000000E+02   0.9748113095504068E+00   0.3742774241475738E-03  -0.1267465064639028E-01   0.1895410790336787E-03   0.3720703105695829E-06   0.4068470378230278E-04   0.3938695887838308E-03
  0.7122499999999999E+02   0.9748479153200944E+00   0.3720371106062598E-03  -0.1265611319267956E-01   0.1884030050610232E-03   0.3700960720239512E-06   0.4056494397742346E-04   0.3914826008703846E-03
  0.7127499999999999E+02   0.9748845430296236E+00   0.3695395823506027E-03  -0.1263756500005209E-01   0.1871347183421163E-03   0.3678627271177729E-06   0.4044528179764527E-04   0.3888253145305983E-03
  0.7132500000000000E+02   0.9749212570749747E+00   0.3668226593556473E-03  -0.1261897345551910E-01   0.1857553717835807E-03   0.3654074136707376E-06   0.4032550987987013E-04   0.3859375308233548E-03
  0.7137500000000000E+02   0.9749581060191651E+00   0.3639397681924060E-03  -0.1260031396464667E-01   0.1842920214273672E-03   0.3627829326471730E-06   0.4020547431246033E-04   0.3828754715625931E-03
  0.7142500000000000E+02   0.9749951192225637E+00   0.3609530258837995E-03  -0.1258157165785323E-01   0.1827761238413544E-03   0.3600509028537483E-06   0.4008508482909247E-04   0.3797044999319550E-03
  0.7147499999999999E+02   0.9750323065257196E+00   0.3579261328405861E-03  -0.1256274155081916E-01   0.1812399369063341E-03   0.3572746962238008E-06   0.3996431501264580E-04   0.3764916408657033E-03
  0.7152499999999999E+02   0.9750696604577572E+00   0.3549183490392508E-03  -0.1254382742590132E-01   0.1797134692641854E-03   0.3545134256433106E-06   0.3984319438034001E-04   0.3732992421007464E-03
  0.7157500000000000E+02   0.9751071600138312E+00   0.3519802832838761E-03  -0.1252483991897968E-01   0.1782223480208843E-03   0.3518177202067242E-06   0.3972179556005649E-04   0.3701805438469366E-03
  0.7162500000000000E+02   0.9751447749946754E+00   0.3491516398047584E-03  -0.1250579432170595E-01   0.1767866777329249E-03   0.3492274410284374E-06   0.3960021986383559E-04   0.3671773086823793E-03
  0.7167500000000000E+02   0.9751824701223535E+00   0.3464606374295616E-03  -0.1248670849715050E-01   0.1754207464399288E-03   0.3467710620512080E-06   0.3947858379239357E-04   0.3643192117760854E-03
  0.7172499999999999E+02   0.9752202084739359E+00   0.3439246131851022E-03  -0.1246760114092815E-01   0.1741333315152239E-03   0.3444662349673028E-06   0.3935700791105366E-04   0.3616244775436073E-03
  0.7177500000000001E+02   0.9752579540758866E+00   0.3415513104025849E-03  -0.1244849046740781E-01   0.1729283521445079E-03   0.3423210428393268E-06   0.3923560855307272E-04   0.3591012364941596E-03
  0.7182499999999999E+02   0.9752956737098437E+00   0.3393404532117113E-03  -0.1242939329532955E-01   0.1718056668089909E-03   0.3403355463638456E-06   0.3911449213930180E-04   0.3567491832237061E-03
  0.7187500000000000E+02   0.9753333380855059E+00   0.3372853505605472E-03  -0.1241032445396251E-01   0.1707618856860074E-03   0.3385033663044617E-06   0.3899375157612921E-04   0.3545612651890497E-03
  0.7192500000000001E+02   0.9753709225595685E+00   0.3353744042894288E-03  -0.1239129641917502E-01   0.1697911344206689E-03   0.3368131761818564E-06   0.3887346413202623E-04   0.3525252701799807E-03
  0.7197499999999999E+02   0.9754084075506251E+00   0.3335924932647653E-03  -0.1237231910348757E-01   0.1688857550863444E-03   0.3352500765986901E-06   0.3875369029734823E-04   0.3506252829846439E-03
  0.7202499999999999E+02   0.9754457787450284E+00   0.3319222620828403E-03  -0.1235339975199234E-01   0.1680369587661677E-03   0.3337968792618805E-06   0.3863447331556168E-04   0.3488430412021095E-03
  0.7207499999999999E+02   0.9754830271281348E+00   0.3303453601606437E-03  -0.1233454292668934E-01   0.1672354529536429E-03   0.3324353463490289E-06   0.3851583927122869E-04   0.3471592383799677E-03
  0.7212500000000000E+02   0.9755201488246416E+00   0.3288436612988441E-03  -0.1231575058747236E-01   0.1664720590079469E-03   0.3311474152826932E-06   0.3839779778184090E-04   0.3455548061364522E-03
  0.7217500000000001E+02   0.9755571447029489E+00   0.3274004547150097E-03  -0.1229702229256291E-01   0.1657383151131835E-03   0.3299163997578503E-06   0.3828034342950847E-04   0.3440121658603230E-03
  0.7222499999999999E+02   0.9755940196998060E+00   0.3260015499417390E-03  -0.1227835554052559E-01   0.1650270355876132E-03   0.3287281088089148E-06   0.3816345806060283E-04   0.3425163895209703E-03
  0.7227499999999999E+02   0.9756307818541841E+00   0.3246361972498648E-03  -0.1225974625945025E-01   0.1643327767702465E-03   0.3275717842810119E-06   0.3804711397485632E-04   0.3410561663380475E-03
  0.7232500000000000E+02   0.9756674410949436E+00   0.3232977095837273E-03  -0.1224118942073193E-01   0.1636521517809243E-03   0.3264407407004372E-06   0.3793127784902883E-04   0.3396244556154984E-03
  0.7237500000000000E+02   0.9757040078873770E+00   0.3219836919322161E-03  -0.1222267972424884E-01   0.1629839465449207E-03   0.3253326110531205E-06   0.3781591505237552E-04   0.3382187270134392E-03
  0.7242500000000001E+02   0.9757404918868111E+00   0.3206958375613078E-03  -0.1220421227992641E-01   0.1623290165579184E-03   0.3242491555560993E-06   0.3770099388204637E-04   0.3368407457541784E-03
  0.7247499999999999E+02   0.9757769007557254E+00   0.3194393218473059E-03  -0.1218578320649033E-01   0.1616899799661826E-03   0.3231956624373840E-06   0.3758648922930888E-04   0.3354959351763668E-03
  0.7252499999999999E+02   0.9758132392699721E+00   0.3182218899471022E-03  -0.1216739008384604E-01   0.1610707556891205E-03   0.3221800362240807E-06   0.3747238529299781E-04   0.3341924178390556E-03
  0.7257500000000000E+02   0.9758495087807617E+00   0.3170527730670856E-03  -0.1214903222534980E-01   0.1604760148088512E-03   0.3212117086026096E-06   0.3735867714732036E-04   0.3329398768156080E-03
  0.7262500000000000E+02   0.9758857070330421E+00   0.3159415700297446E-03  -0.1213071076966521E-01   0.1599106144274916E-03   0.3203005096226057E-06   0.3724537117998218E-04   0.3317483808142011E-03
  0.7267500000000000E+02   0.9759218282889108E+00   0.3148972009252862E-03  -0.1211242861821660E-01   0.1593790680476077E-03   0.3194556074227207E-06   0.3713248457742637E-04   0.3306272853057610E-03
  0.7272499999999999E+02   0.9759578636798083E+00   0.3139269928743629E-03  -0.1209419025684544E-01   0.1588850828582437E-03   0.3186845777705607E-06   0.3702004410743549E-04   0.3295842726953207E-03
  0.7277499999999999E+02   0.9759938017152955E+00   0.3130359120826834E-03  -0.1207600149822685E-01   0.1584311711009223E-03   0.3179926184625705E-06   0.3690808443182636E-04   0.3286245464015918E-03
  0.7282500000000000E+02   0.9760296289020475E+00   0.3122259255784202E-03  -0.1205786916852303E-01   0.1580183271036549E-03   0.3173818924034266E-06   0.3679664609759995E-04   0.3277501613595412E-03
  0.7287500000000000E+02   0.9760653304624105E+00   0.3114954679428284E-03  -0.1203980074367605E-01   0.1576457574795539E-03   0.3168509748683256E-06   0.3668577324200797E-04   0.3269594649628041E-03
  0.7292499999999998E+02   0.9761008911746788E+00   0.3108390043736292E-03  -0.1202180392413388E-01   0.1573106600976850E-03   0.3163943966271376E-06   0.3657551094557859E-04   0.3262466392778029E-03
  0.7297499999999999E+02   0.9761362963751121E+00   0.3102467179651283E-03  -0.1200388612776171E-01   0.1570080659270931E-03   0.3160023117814695E-06   0.3646590211416781E-04   0.3256013737069274E-03
  0.7302499999999999E+02   0.9761715331539149E+00   0.3097043979230874E-03  -0.1198605388463614E-01   0.1567307825667702E-03   0.3156603690915989E-06   0.3635698379856821E-04   0.3250087485137318E-03
  0.7307500000000000E+02   0.9762065917356365E+00   0.3091936526219963E-03  -0.1196831213855210E-01   0.1564695021529282E-03   0.3153499141235402E-06   0.3624878299194375E-04   0.3244494591242725E-03
  0.7312500000000000E+02   0.9762414669566597E+00   0.3086925961934922E-03  -0.1195066349943452E-01   0.1562131488731158E-03   0.3150486755249455E-06   0.3614131218530265E-04   0.3239005371021245E-03
  0.7317499999999998E+02   0.9762761596493645E+00   0.3081771341661267E-03  -0.1193310754300625E-01   0.1559495295909535E-03   0.3147320659039353E-06   0.3603456527375148E-04   0.3233366993732259E-03
  0.7322499999999999E+02   0.9763106776442775E+00   0.3076228811223011E-03  -0.1191564030378678E-01   0.1556663042500136E-03   0.3143751338996261E-06   0.3592851469706183E-04   0.3227323601764602E-03
  0.7327500000000001E+02   0.9763450360566599E+00   0.3070075803768807E-03  -0.1189825413018875E-01   0.1553522102658702E-03   0.3139550375726113E-06   0.3582311081847742E-04   0.3220641692815904E-03
  0.7332500000000000E+02   0.9763792565837613E+00   0.3063136984358108E-03  -0.1188093804022905E-01   0.1549983753113153E-03   0.3134537066838421E-06   0.3571828434299556E-04   0.3213137331514323E-03
  0.7337500000000000E+02   0.9764133657256846E+00   0.3055307105683783E-03  -0.1186367862188065E-01   0.1545994737559415E-03   0.3128601994416194E-06   0.3561395199013044E-04   0.3204700117146768E-03
  0.7342500000000000E+02   0.9764473921192902E+00   0.3046565652472162E-03  -0.1184646138219492E-01   0.1541544675705758E-03   0.3121722273328680E-06   0.3551002478909926E-04   0.3195308535268556E-03
  0.7347499999999999E+02   0.9764813634419415E+00   0.3036979624795175E-03  -0.1182927231403452E-01   0.1536667470360602E-03   0.3113964698240687E-06   0.3540641756328157E-04   0.3185032866523127E-03
  0.7352500000000001E+02   0.9765153034826916E+00   0.3026693705862585E-03  -0.1181209937802619E-01   0.1531436331064952E-03   0.3105475957770930E-06   0.3530305777104246E-04   0.3174024863391074E-03
  0.7357499999999999E+02   0.9765492299247254E+00   0.3015910272276441E-03  -0.1179493362456852E-01   0.1525953658251464E-03   0.3096462378465957E-06   0.3519989206774556E-04   0.3162496774989828E-03
  0.7362500000000000E+02   0.9765831531598651E+00   0.3004863943713306E-03  -0.1177776979358203E-01   0.1520338164769707E-03   0.3087163975334461E-06   0.3509688965822739E-04   0.3150694647885206E-03
  0.7367500000000000E+02   0.9766170761661804E+00   0.2993795883017576E-03  -0.1176060637631893E-01   0.1514711871604263E-03   0.3077828140190469E-06   0.3499404239947433E-04   0.3138871369136371E-03
  0.7372499999999999E+02   0.9766509952397836E+00   0.2982931968147618E-03  -0.1174344524496074E-01   0.1509189063201813E-03   0.3068687206941017E-06   0.3489136233493047E-04   0.3127263774157680E-03
  0.7377499999999999E+02   0.9766849012516418E+00   0.2972467024700082E-03  -0.1172629101658240E-01   0.1503868309801388E-03   0.3059942165965004E-06   0.3478887768936315E-04   0.3116076114251223E-03
  0.7382500000000000E+02   0.9767187811031292E+00   0.2962555404504236E-03  -0.1170915031658115E-01   0.1498827701102989E-03   0.3051752851068961E-06   0.3468662832487436E-04   0.3105470182228744E-03
  0.7387500000000000E+02   0.9767526191375048E+00   0.2953306891147874E-03  -0.1169203106443917E-01   0.1494122775478922E-03   0.3044233579099484E-06   0.3458466139059147E-04   0.3095561026252720E-03
  0.7392500000000000E+02   0.9767863983747934E+00   0.2944786360254326E-03  -0.1167494184887374E-01   0.1489786349120390E-03   0.3037452646107164E-06   0.3448302755626868E-04   0.3086416602184511E-03
  0.7397499999999999E+02   0.9768201015344007E+00   0.2937015678586126E-03  -0.1165789141042206E-01   0.1485829478002014E-03   0.3031434133306244E-06   0.3438177792498631E-04   0.3078059773936950E-03
  0.7402499999999999E+02   0.9768537118736991E+00   0.2929976738639690E-03  -0.1164088821717124E-01   0.1482242994327496E-03   0.3026160893859477E-06   0.3428096152908905E-04   0.3070471504168608E-03
  0.7407500000000000E+02   0.9768872138986634E+00   0.2923615060923523E-03  -0.1162394010525858E-01   0.1478999330090450E-03   0.3021578138948479E-06   0.3418062323337906E-04   0.3063594639304429E-03
  0.7412500000000000E+02   0.9769205939998908E+00   0.2917843889214162E-03  -0.1160705395715100E-01   0.1476054589875466E-03   0.3017597548470746E-06   0.3408080188170006E-04   0.3057338209914181E-03
  0.7417500000000000E+02   0.9769538410425735E+00   0.2912549051664154E-03  -0.1159023540324855E-01   0.1473351010879788E-03   0.3014102191042116E-06   0.3398152860020639E-04   0.3051582531879843E-03
  0.7422499999999999E+02   0.9769869469017176E+00   0.2907595000559448E-03  -0.1157348855120599E-01   0.1470820018929691E-03   0.3010952684429205E-06   0.3388282528313733E-04   0.3046185540483065E-03
  0.7427499999999999E+02   0.9770199068947418E+00   0.2902832344353292E-03  -0.1155681576717948E-01   0.1468386039105689E-03   0.3007994927086643E-06   0.3378470340272505E-04   0.3040990685694661E-03
  0.7432500000000000E+02   0.9770527200346462E+00   0.2898106856039075E-03  -0.1154021754784718E-01   0.1465971052888720E-03   0.3005069391504230E-06   0.3368716336792768E-04   0.3035836371755705E-03
  0.7437500000000000E+02   0.9770853890203517E+00   0.2893269451375612E-03  -0.1152369252537777E-01   0.1463499645614871E-03   0.3002021461011245E-06   0.3359019467171146E-04   0.3030566410389416E-03
  0.7442500000000000E+02   0.9771179199048354E+00   0.2888186119246011E-03  -0.1150723763537786E-01   0.1460904029452395E-03   0.2998711758099459E-06   0.3349377699082174E-04   0.3025040421675909E-03
  0.7447499999999999E+02   0.9771503214355868E+00   0.2882746441965594E-03  -0.1149084845057213E-01   0.1458128352907540E-03   0.2995025048822033E-06   0.3339788223936197E-04   0.3019142756087363E-03
  0.7452500000000001E+02   0.9771826041330024E+00   0.2876869335272257E-03  -0.1147451964702384E-01   0.1455131603813087E-03   0.2990876291894790E-06   0.3330247736765768E-04   0.3012788503009712E-03
  0.7457500000000000E+02   0.9772147792383340E+00   0.2870505035289422E-03  -0.1145824553631547E-01   0.1451888613873859E-03   0.2986212807140628E-06   0.3320752750720290E-04   0.3005925567703257E-03
  0.7462500000000000E+02   0.9772468577002262E+00   0.2863633080243892E-03  -0.1144202057818877E-01   0.1448389037291862E-03   0.2981012282583013E-06   0.3311299895968144E-04   0.2998532553358153E-03
  0.7467499999999998E+02   0.9772788493634723E+00   0.2856256863851324E-03  -0.1142583979088174E-01   0.1444634595368710E-03   0.2975277201806102E-06   0.3301886155285008E-04   0.2990613053183941E-03
  0.7472499999999999E+02   0.9773107624769027E+00   0.2848396019117604E-03  -0.1140969900003508E-01   0.1440635223831568E-03   0.2969026987122992E-06   0.3292509003125208E-04   0.2982187671302644E-03
  0.7477500000000001E+02   0.9773426035651001E+00   0.2840078237268341E-03  -0.1139359490356762E-01   0.1436404934576217E-03   0.2962289521911006E-06   0.3283166436648256E-04   0.2973285453171442E-03
  0.7482500000000000E+02   0.9773743776329142E+00   0.2831332080757564E-03  -0.1137752496822297E-01   0.1431958180328925E-03   0.2955093676567119E-06   0.3273856909449793E-04   0.2963936357959281E-03
  0.7487499999999999E+02   0.9774060886114102E+00   0.2822181981721548E-03  -0.1136148720400731E-01   0.1427307324767303E-03   0.2947464087215076E-06   0.3264579196118395E-04   0.2954166020055426E-03
  0.7492500000000000E+02   0.9774377399192428E+00   0.2812646064762020E-03  -0.1134547988025103E-01   0.1422461541176863E-03   0.2939418865450978E-06   0.3255332225316557E-04   0.2943993468170878E-03
  0.7497499999999999E+02   0.9774693350062307E+00   0.2802736834891477E-03  -0.1132950125068044E-01   0.1417427160230316E-03   0.2930970295487110E-06   0.3246114920536544E-04   0.2933431844245419E-03
  0.7502500000000001E+02   0.9775008777625661E+00   0.2792464233828545E-03  -0.1131354934644990E-01   0.1412209215562045E-03   0.2922128012638074E-06   0.3236926082183424E-04   0.2922491601560487E-03
  0.7507500000000000E+02   0.9775323727120643E+00   0.2781840161342814E-03  -0.1129762187839711E-01   0.1406813730249099E-03   0.2912903728692491E-06   0.3227764333943912E-04   0.2911185236115785E-03
  0.7512499999999999E+02   0.9775638249549190E+00   0.2770883332136953E-03  -0.1128171626598329E-01   0.1401250172937214E-03   0.2903316327698550E-06   0.3218628142402814E-04   0.2899532368807931E-03
  0.7517500000000000E+02   0.9775952398771057E+00   0.2759623326823763E-03  -0.1126582978424207E-01   0.1395533506352657E-03   0.2893396136954415E-06   0.3209515903791580E-04   0.2887563983758918E-03
  0.7522499999999999E+02   0.9776266226906437E+00   0.2748102906328865E-03  -0.1124995979625998E-01   0.1389685357566507E-03   0.2883187392843256E-06   0.3200426078287055E-04   0.2875324849005703E-03
  0.7527500000000001E+02   0.9776579779014444E+00   0.2736378056374463E-03  -0.1123410402226999E-01   0.1383734040335516E-03   0.2872748333165413E-06   0.3191357343255418E-04   0.2862873561768687E-03
  0.7532500000000000E+02   0.9776893088117589E+00   0.2724515723860931E-03  -0.1121826079123955E-01   0.1377713410262377E-03   0.2862148864880689E-06   0.3182308734374963E-04   0.2850280178775872E-03
  0.7537499999999999E+02   0.9777206171503146E+00   0.2712589676703540E-03  -0.1120242922787917E-01   0.1371660771064276E-03   0.2851466249782183E-06   0.3173279748105376E-04   0.2837621883634863E-03
  0.7542500000000000E+02   0.9777519028902553E+00   0.2700675246403992E-03  -0.1118660934467663E-01   0.1365614215951381E-03   0.2840779597750269E-06   0.3164270388875529E-04   0.2824977486032579E-03
  0.7547500000000001E+02   0.9777831642736367E+00   0.2688843831946728E-03  -0.1117080202947796E-01   0.1359609848427476E-03   0.2830164087014295E-06   0.3155281156470491E-04   0.2812421672183456E-03
  0.7552499999999999E+02   0.9778143980232944E+00   0.2677157959751926E-03  -0.1115500893832178E-01   0.1353679284392988E-03   0.2819685747366204E-06   0.3146312979999375E-04   0.2800019837992294E-03
  0.7557500000000000E+02   0.9778455996970334E+00   0.2665667472943803E-03  -0.1113923231631431E-01   0.1347847725412285E-03   0.2809397413217476E-06   0.3137367112081199E-04   0.2787824104491627E-03
  0.7562500000000000E+02   0.9778767641282363E+00   0.2654407155186478E-03  -0.1112347477481312E-01   0.1342132757465355E-03   0.2799336173884012E-06   0.3128444999735324E-04   0.2775870834584918E-03
  0.7567500000000000E+02   0.9779078858987883E+00   0.2643395858627227E-03  -0.1110773905228457E-01   0.1336543910301159E-03   0.2789522401395952E-06   0.3119548147682671E-04   0.2764179723455492E-03
  0.7572499999999999E+02   0.9779389597992280E+00   0.2632637044970551E-03  -0.1109202778163143E-01   0.1331082931339347E-03   0.2779960266992383E-06   0.3110677986953356E-04   0.2752754367060353E-03
  0.7577499999999999E+02   0.9779699812415631E+00   0.2622120566270067E-03  -0.1107634328146812E-01   0.1325744686385016E-03   0.2770639569842688E-06   0.3101835758526113E-04   0.2741584126917858E-03
  0.7582500000000000E+02   0.9780009465982665E+00   0.2611825481283698E-03  -0.1106068738473143E-01   0.1320518583883917E-03   0.2761538668076026E-06   0.3093022419304637E-04   0.2730647077303229E-03
  0.7587500000000000E+02   0.9780318534454417E+00   0.2601723685891906E-03  -0.1104506131575389E-01   0.1315390410686136E-03   0.2752628282730977E-06   0.3084238576377683E-04   0.2719913802917569E-03
  0.7592500000000000E+02   0.9780627006904813E+00   0.2591784099435342E-03  -0.1102946562574114E-01   0.1310344448773297E-03   0.2743875905235042E-06   0.3075484454765328E-04   0.2709351776898535E-03
  0.7597499999999999E+02   0.9780934885680430E+00   0.2581977079880057E-03  -0.1101390019483117E-01   0.1305365707560859E-03   0.2735250464572844E-06   0.3066759902784433E-04   0.2698929977089865E-03
  0.7602500000000001E+02   0.9781242184963979E+00   0.2572278654033877E-03  -0.1099836430474321E-01   0.1300442062578387E-03   0.2726726816620638E-06   0.3058064436759603E-04   0.2688623308010623E-03
  0.7607499999999999E+02   0.9781548928010834E+00   0.2562674084899443E-03  -0.1098285677850985E-01   0.1295566058921960E-03   0.2718289547818513E-06   0.3049397322571016E-04   0.2678416329066099E-03
  0.7612500000000000E+02   0.9781855143329914E+00   0.2553160308048926E-03  -0.1096737617357169E-01   0.1290736142843856E-03   0.2709935593123060E-06   0.3040757685869417E-04   0.2668305799923553E-03
  0.7617500000000000E+02   0.9782160860284710E+00   0.2543746889797745E-03  -0.1095192100417641E-01   0.1285957145976362E-03   0.2701675294004607E-06   0.3032144637168342E-04   0.2658301680446470E-03
  0.7622499999999999E+02   0.9782466104724908E+00   0.2534455389260751E-03  -0.1093648996222230E-01   0.1281239962620776E-03   0.2693531764043881E-06   0.3023557394475833E-04   0.2648426462309670E-03
  0.7627500000000001E+02   0.9782770895262042E+00   0.2525317291692134E-03  -0.1092108210553155E-01   0.1276600504774674E-03   0.2685538732462403E-06   0.3014995386333443E-04   0.2638713007612248E-03
  0.7632499999999999E+02   0.9783075240656165E+00   0.2516370936191579E-03  -0.1090569698995036E-01   0.1272058148820422E-03   0.2677737308931774E-06   0.3006458322515937E-04   0.2629201336948848E-03
  0.7637500000000000E+02   0.9783379138524826E+00   0.2507658005412274E-03  -0.1089033473459522E-01   0.1267633960860852E-03   0.2670172269268343E-06   0.2997946226988800E-04   0.2619934960347288E-03
  0.7642500000000000E+02   0.9783682575301982E+00   0.2499220138300617E-03  -0.1087499602390762E-01   0.1263348984331724E-03   0.2662888457711379E-06   0.2989459435705314E-04   0.2610957337437928E-03
  0.7647499999999999E+02   0.9783985527148285E+00   0.2491096085594578E-03  -0.1085968206161514E-01   0.1259222802072533E-03   0.2655927753915062E-06   0.2980998568060386E-04   0.2602308905435960E-03
  0.7652500000000001E+02   0.9784287961399928E+00   0.2483319610680972E-03  -0.1084439449746699E-01   0.1255272475264061E-03   0.2649326823442597E-06   0.2972564483827422E-04   0.2594024886549408E-03
  0.7657500000000000E+02   0.9784589838150000E+00   0.2475918115710682E-03  -0.1082913534727525E-01   0.1251511849057503E-03   0.2643115633911028E-06   0.2964158237012981E-04   0.2586133853695936E-03
  0.7662499999999999E+02   0.9784891111657632E+00   0.2468911798200080E-03  -0.1081390692166351E-01   0.1247951126423974E-03   0.2637316532225573E-06   0.2955781035059991E-04   0.2578656850927833E-03
  0.7667500000000000E+02   0.9785191731435504E+00   0.2462313041928971E-03  -0.1079871177107916E-01   0.1244596560492521E-03   0.2631943568855179E-06   0.2947434207397430E-04   0.2571606759060384E-03
  0.7672499999999999E+02   0.9785491643040544E+00   0.2456125719875473E-03  -0.1078355264581354E-01   0.1241450102474925E-03   0.2627001725580769E-06   0.2939119182452762E-04   0.2564987569833064E-03
  0.7677500000000001E+02   0.9785790788764910E+00   0.2450344129571478E-03  -0.1076843246106773E-01   0.1238508863838417E-03   0.2622485747008910E-06   0.2930837467503659E-04   0.2558793276538952E-03
  0.7682499999999999E+02   0.9786089108583170E+00   0.2444951391446217E-03  -0.1075335424907742E-01   0.1235764307085565E-03   0.2618378392599380E-06   0.2922590621459680E-04   0.2553006204171978E-03
  0.7687499999999999E+02   0.9786386541841998E+00   0.2439917329657220E-03  -0.1073832107371553E-01   0.1233201174994181E-03   0.2614648127476984E-06   0.2914380207238335E-04   0.2547594799429881E-03
  0.7692500000000000E+02   0.9786683030242673E+00   0.2435196140414358E-03  -0.1072333587976360E-01   0.1230796312465319E-03   0.2611246576542190E-06   0.2906207708881793E-04   0.2542511198955176E-03
  0.7697500000000001E+02   0.9786978522589013E+00   0.2430724535625119E-03  -0.1070840125296757E-01   0.1228517728596758E-03   0.2608106478825264E-06   0.2898074400983580E-04   0.2537689293750539E-03
  0.7702500000000001E+02   0.9787272981444920E+00   0.2426421469711703E-03  -0.1069351908359117E-01   0.1226324458859338E-03   0.2605141333777843E-06   0.2889981167283709E-04   0.2533044446009079E-03
  0.7707499999999999E+02   0.9787566391173289E+00   0.2422190843147314E-03  -0.1067869016016831E-01   0.1224167931619435E-03   0.2602248244255076E-06   0.2881928283855527E-04   0.2528476312631206E-03
  0.7712500000000000E+02   0.9787858765847017E+00   0.2417928434251548E-03  -0.1066391376972864E-01   0.1221995471460427E-03   0.2599315316004839E-06   0.2873915208947361E-04   0.2523876081293975E-03
  0.7717500000000000E+02   0.9788150154538241E+00   0.2413533434504860E-03  -0.1064918743052812E-01   0.1219756128888499E-03   0.2596234037820254E-06   0.2865940447716657E-04   0.2519138510221596E-03
  0.7722500000000001E+02   0.9788440641112869E+00   0.2408923303516572E-03  -0.1063450690247247E-01   0.1217408187531719E-03   0.2592915282761691E-06   0.2858001569162187E-04   0.2514177431213719E-03
  0.7727499999999999E+02   0.9788730336532789E+00   0.2404048731841454E-03  -0.1061986657617364E-01   0.1214926725646925E-03   0.2589305487236513E-06   0.2850095427223260E-04   0.2508941363614779E-03
  0.7732499999999999E+02   0.9789019363919982E+00   0.2398904366900350E-03  -0.1060526022778441E-01   0.1212309036256166E-03   0.2585398325906515E-06   0.2842218575774596E-04   0.2503424705009901E-03
  0.7737500000000000E+02   0.9789307839413711E+00   0.2393531620984189E-03  -0.1059068198641211E-01   0.1209576045730811E-03   0.2581237892120263E-06   0.2834367792060252E-04   0.2497670657713489E-03
  0.7742500000000000E+02   0.9789595853629881E+00   0.2388012375549986E-03  -0.1057612727107426E-01   0.1206769131698641E-03   0.2576912065883760E-06   0.2826540576569151E-04   0.2491764654636659E-03
  0.7747499999999999E+02   0.9789883458195626E+00   0.2382455484689639E-03  -0.1056159347114616E-01   0.1203943302063524E-03   0.2572538080072859E-06   0.2818735508892625E-04   0.2485820271568266E-03
  0.7752500000000001E+02   0.9790170659614013E+00   0.2376979966130017E-03  -0.1054708025635520E-01   0.1201158700277454E-03   0.2568244451503503E-06   0.2810952401118063E-04   0.2479961684643463E-03
  0.7757499999999999E+02   0.9790457420009839E+00   0.2371698758294554E-03  -0.1053258953902636E-01   0.1198472396978505E-03   0.2564153454401684E-06   0.2803192264068878E-04   0.2474306721026136E-03
  0.7762500000000000E+02   0.9790743662571527E+00   0.2366705341609902E-03  -0.1051812519901241E-01   0.1195931629412571E-03   0.2560366625513626E-06   0.2795457147917426E-04   0.2468952901195554E-03
  0.7767500000000000E+02   0.9791029279322153E+00   0.2362063547321319E-03  -0.1050369269093443E-01   0.1193568651986660E-03   0.2556953664767643E-06   0.2787749922314230E-04   0.2463966810048017E-03
  0.7772499999999999E+02   0.9791314139889788E+00   0.2357799545670423E-03  -0.1048929860095016E-01   0.1191396688452574E-03   0.2553943654845171E-06   0.2780074032126106E-04   0.2459375744536889E-03
  0.7777499999999999E+02   0.9791598101462404E+00   0.2353894790142049E-03  -0.1047495014369881E-01   0.1189406367470880E-03   0.2551317284127377E-06   0.2772433223672409E-04   0.2455160360868200E-03
  0.7782499999999999E+02   0.9791881021389338E+00   0.2350279606363789E-03  -0.1046065452556144E-01   0.1187562484055112E-03   0.2548999739623266E-06   0.2764831202407678E-04   0.2451247995252730E-03
  0.7787500000000000E+02   0.9792162774306806E+00   0.2346828916599713E-03  -0.1044641807937419E-01   0.1185801840080630E-03   0.2546855890708572E-06   0.2757271172833478E-04   0.2447508211829388E-03
  0.7792500000000000E+02   0.9792443274595956E+00   0.2343363760801912E-03  -0.1043224512974306E-01   0.1184034013471444E-03   0.2544691749227247E-06   0.2749755241237586E-04   0.2443754394191492E-03
  0.7797499999999999E+02   0.9792722501970844E+00   0.2339663705035186E-03  -0.1041813670024516E-01   0.1182147628107083E-03   0.2542267765531528E-06   0.2742283742998276E-04   0.2439756687774163E-03
  0.7802499999999999E+02   0.9793000523482799E+00   0.2335494133403894E-03  -0.1040408940171456E-01   0.1180024143385916E-03   0.2539328358167182E-06   0.2734854675603486E-04   0.2435270458841724E-03
  0.7807500000000000E+02   0.9793277501518034E+00   0.2330647268201744E-03  -0.1039009502822497E-01   0.1177558579644682E-03   0.2535646492689307E-06   0.2727463513880962E-04   0.2430079064717114E-03
  0.7812500000000000E+02   0.9793553678346101E+00   0.2324987458099135E-03  -0.1037614133783260E-01   0.1174682399655457E-03   0.2531073077632578E-06   0.2720103652298170E-04   0.2424041071272317E-03
  0.7817500000000000E+02   0.9793829335920111E+00   0.2318484696309070E-03  -0.1036221408369187E-01   0.1171380443079171E-03   0.2525573727583892E-06   0.2712767498031814E-04   0.2417125196233916E-03
  0.7822500000000001E+02   0.9794104741869132E+00   0.2311221822228808E-03  -0.1034829974277363E-01   0.1167694564475605E-03   0.2519236980022977E-06   0.2705447913750669E-04   0.2409417812977737E-03
  0.7827499999999999E+02   0.9794380100620353E+00   0.2303371825870811E-03  -0.1033438798536834E-01   0.1163712165961748E-03   0.2512249932465951E-06   0.2698139503600480E-04   0.2401099283281285E-03
  0.7832500000000000E+02   0.9794655525854575E+00   0.2295155310026561E-03  -0.1032047306671202E-01   0.1159544704909952E-03   0.2504852128777438E-06   0.2690839317881144E-04   0.2392399604066048E-03
  0.7837499999999999E+02   0.9794931039183250E+00   0.2286795060170772E-03  -0.1030655389377499E-01   0.1155304740658719E-03   0.2497286109611185E-06   0.2683546857777888E-04   0.2383551041176056E-03
  0.7842500000000000E+02   0.9795206588587118E+00   0.2278481591294939E-03  -0.1029263309362005E-01   0.1151088527519503E-03   0.2489759769358050E-06   0.2676263561531791E-04   0.2374752210100207E-03
  0.7847500000000001E+02   0.9795482075336922E+00   0.2270355053222114E-03  -0.1027871565322880E-01   0.1146966872961906E-03   0.2482426457725980E-06   0.2668992076017737E-04   0.2366149213589021E-03
  0.7852499999999999E+02   0.9795757379944190E+00   0.2262501472277800E-03  -0.1026480760835535E-01   0.1142983239188747E-03   0.2475380692828852E-06   0.2661735564070706E-04   0.2357831726858280E-03
  0.7857499999999999E+02   0.9796032382337021E+00   0.2254958089380368E-03  -0.1025091502417852E-01   0.1139156440561627E-03   0.2468663818226829E-06   0.2654497172026806E-04   0.2349838566367962E-03
  0.7862500000000000E+02   0.9796306975449866E+00   0.2247722886006233E-03  -0.1023704330872299E-01   0.1135485456800812E-03   0.2462274270293516E-06   0.2647279675801955E-04   0.2342167623923336E-03
  0.7867500000000000E+02   0.9796581073429013E+00   0.2240765247198842E-03  -0.1022319679832950E-01   0.1131954820496171E-03   0.2456179131579877E-06   0.2640085271395283E-04   0.2334786984844713E-03
  0.7872500000000001E+02   0.9796854615953003E+00   0.2234036497243621E-03  -0.1020937853941839E-01   0.1128539940066805E-03   0.2450325588598347E-06   0.2632915468804561E-04   0.2327645911589579E-03
  0.7877499999999999E+02   0.9797127569566280E+00   0.2227480032530303E-03  -0.1019559022115213E-01   0.1125212218961517E-03   0.2444651990959072E-06   0.2625771064790770E-04   0.2320685405411043E-03
  0.7882499999999999E+02   0.9797399926204376E+00   0.2221040884752841E-03  -0.1018183224997404E-01   0.1121943886825966E-03   0.2439098326679964E-06   0.2618652189028752E-04   0.2313848172304398E-03
  0.7887500000000000E+02   0.9797671698802729E+00   0.2214674081091981E-03  -0.1016810397146561E-01   0.1118712222740970E-03   0.2433615414998299E-06   0.2611558425573132E-04   0.2307087333747366E-03
  0.7892500000000000E+02   0.9797942914252392E+00   0.2208350659845469E-03  -0.1015440402621404E-01   0.1115502593954034E-03   0.2428171555748936E-06   0.2604489001736191E-04   0.2300372693501521E-03
  0.7897500000000001E+02   0.9798213604788805E+00   0.2202060191974564E-03  -0.1014073078482025E-01   0.1112309729503514E-03   0.2422755359251411E-06   0.2597443015163153E-04   0.2293693363548545E-03
  0.7902499999999999E+02   0.9798483799609835E+00   0.2195809371041932E-03  -0.1012708277131225E-01   0.1109137007803720E-03   0.2417374258144672E-06   0.2590419651973302E-04   0.2287056294023208E-03
  0.7907499999999999E+02   0.9798753518561977E+00   0.2189617358463195E-03  -0.1011345898207749E-01   0.1105994105249457E-03   0.2412049438894042E-06   0.2583418348562964E-04   0.2280481423299419E-03
  0.7912500000000000E+02   0.9799022768997733E+00   0.2183509468437133E-03  -0.1009985904459998E-01   0.1102893806202373E-03   0.2406808923753765E-06   0.2576438869492445E-04   0.2273995099053803E-03
  0.7917500000000001E+02   0.9799291545812512E+00   0.2177510968987456E-03  -0.1008628321558924E-01   0.1099848871708122E-03   0.2401680754582744E-06   0.2569481302545749E-04   0.2267623620934681E-03
  0.7922499999999999E+02   0.9799559833807243E+00   0.2171642279256419E-03  -0.1007273226163030E-01   0.1096869613571635E-03   0.2396687691977206E-06   0.2562545994161511E-04   0.2261388238245462E-03
  0.7927499999999999E+02   0.9799827611221645E+00   0.2165916062988040E-03  -0.1005920728070697E-01   0.1093962426297451E-03   0.2391843988611468E-06   0.2555633455735207E-04   0.2255302123196279E-03
  0.7932500000000000E+02   0.9800094853476224E+00   0.2160336083722913E-03  -0.1004570951318573E-01   0.1091129208935778E-03   0.2387154097352679E-06   0.2548744265804723E-04   0.2249369179389892E-03
  0.7937500000000000E+02   0.9800361536564580E+00   0.2154897398190771E-03  -0.1003224017047133E-01   0.1088367462876691E-03   0.2382612854352050E-06   0.2541878982404219E-04   0.2243584244146694E-03
  0.7942500000000000E+02   0.9800627639886044E+00   0.2149587478485353E-03  -0.1001880029193658E-01   0.1085670858759362E-03   0.2378206690560964E-06   0.2535038070766513E-04   0.2237934257983424E-03
  0.7947499999999998E+02   0.9800893148472055E+00   0.2144388009596448E-03  -0.1000539063247996E-01   0.1083030144460301E-03   0.2373915595555697E-06   0.2528221847352885E-04   0.2232400137066209E-03
  0.7952499999999999E+02   0.9801158054542536E+00   0.2139277242403463E-03  -0.9992011583928151E-02   0.1080434333578522E-03   0.2369715704088460E-06   0.2521430441653730E-04   0.2226959223587023E-03
  0.7957500000000000E+02   0.9801422358223603E+00   0.2134232787748087E-03  -0.9978663138797139E-02   0.1077872116632623E-03   0.2365582381252954E-06   0.2514663779871912E-04   0.2221588194856435E-03
  0.7962500000000000E+02   0.9801686067197403E+00   0.2129234596767204E-03  -0.9965344907988172E-02   0.1075333366269546E-03   0.2361493525781197E-06   0.2507921596066635E-04   0.2216266165809366E-03
  0.7967500000000000E+02   0.9801949195151813E+00   0.2124267667246003E-03  -0.9952056199092341E-02   0.1072810504050286E-03   0.2357432581618608E-06   0.2501203473742874E-04   0.2210977505884853E-03
  0.7972499999999999E+02   0.9802211759175817E+00   0.2119323898168026E-03  -0.9938796147939910E-02   0.1070299437005667E-03   0.2353390614811804E-06   0.2494508913726563E-04   0.2205713768944126E-03
  0.7977499999999999E+02   0.9802473776596391E+00   0.2114402621969702E-03  -0.9925563878349752E-02   0.1067799826370785E-03   0.2349366928808857E-06   0.2487837415333967E-04   0.2200474246690798E-03
  0.7982500000000000E+02   0.9802735261979286E+00   0.2109509687328246E-03  -0.9912358653598186E-02   0.1065314624299099E-03   0.2345368070386708E-06   0.2481188552324592E-04   0.2195265013442945E-03
  0.7987500000000000E+02   0.9802996224971217E+00   0.2104655394470720E-03  -0.9899179985390472E-02   0.1062849031091432E-03   0.2341405555167438E-06   0.2474562026580229E-04   0.2190096776765948E-03
  0.7992500000000000E+02   0.9803256669360584E+00   0.2099851884718377E-03  -0.9886027681290321E-02   0.1060409176834872E-03   0.2337492977014805E-06   0.2467957690329085E-04   0.2184982160354171E-03
  0.7997499999999999E+02   0.9803516593344053E+00   0.2095110629862682E-03  -0.9872901831253111E-02   0.1058000853495282E-03   0.2333643217808705E-06   0.2461375537709171E-04   0.2179933091116150E-03
  0.8002499999999999E+02   0.9803775990694442E+00   0.2090440490882501E-03  -0.9859802748640956E-02   0.1055628534567927E-03   0.2329866281395372E-06   0.2454815673780056E-04   0.2174958779055076E-03
  0.8007500000000000E+02   0.9804034852417496E+00   0.2085846559156374E-03  -0.9846730886551747E-02   0.1053294789918724E-03   0.2326167992192047E-06   0.2448278271660900E-04   0.2170064511668973E-03
  0.8012500000000000E+02   0.9804293168526059E+00   0.2081329786080855E-03  -0.9833686748222048E-02   0.1051000098784222E-03   0.2322549568820019E-06   0.2441763527268438E-04   0.2165251268882148E-03
  0.8017500000000000E+02   0.9804550929657444E+00   0.2076887298064815E-03  -0.9820670805351872E-02   0.1048743008882052E-03   0.2319007961518904E-06   0.2435271618550252E-04   0.2160516051145306E-03
  0.8022499999999999E+02   0.9804808128338467E+00   0.2072513256305394E-03  -0.9807683434223113E-02   0.1046520570616708E-03   0.2315536799554780E-06   0.2428802674046064E-04   0.2155852774277807E-03
  0.8027500000000001E+02   0.9805064759742483E+00   0.2068200097187135E-03  -0.9794724877473571E-02   0.1044328963472356E-03   0.2312127767719965E-06   0.2422356754553012E-04   0.2151253560159795E-03
  0.8032499999999999E+02   0.9805320821813621E+00   0.2063939939031941E-03  -0.9781795237825186E-02   0.1042164206387039E-03   0.2308772174064844E-06   0.2415933850841343E-04   0.2146710200317250E-03
  0.8037500000000000E+02   0.9805576314703499E+00   0.2059725868033542E-03  -0.9768894506527737E-02   0.1040022807103750E-03   0.2305462388234810E-06   0.2409533898562805E-04   0.2142215493692799E-03
  0.8042500000000000E+02   0.9805831239602956E+00   0.2055552767523318E-03  -0.9756022622351423E-02   0.1037902180918488E-03   0.2302192773674471E-06   0.2403156808039780E-04   0.2137764109325942E-03
  0.8047499999999999E+02   0.9806085597233520E+00   0.2051417389929784E-03  -0.9743179547758607E-02   0.1035800687034359E-03   0.2298959774573183E-06   0.2396802502107824E-04   0.2133352661354297E-03
  0.8052499999999999E+02   0.9806339386424887E+00   0.2047317518375705E-03  -0.9730365340731462E-02   0.1033717205253974E-03   0.2295760982258237E-06   0.2390470951270920E-04   0.2128978837275466E-03
  0.8057499999999999E+02   0.9806592603274681E+00   0.2043250297963395E-03  -0.9717580197198816E-02   0.1031650293443700E-03   0.2292593266452492E-06   0.2384162193862550E-04   0.2124639662836830E-03
  0.8062500000000000E+02   0.9806845241332360E+00   0.2039210072326689E-03  -0.9704824441753690E-02   0.1029597095218176E-03   0.2289450344141311E-06   0.2377876330456953E-04   0.2120329252602941E-03
  0.8067500000000001E+02   0.9807097293078431E+00   0.2035186283173317E-03  -0.9692098452971032E-02   0.1027552279444611E-03   0.2286320410201261E-06   0.2371613486185000E-04   0.2116036626150449E-03
  0.8072499999999999E+02   0.9807348752696243E+00   0.2031162148322392E-03  -0.9679402523466552E-02   0.1025507372813440E-03   0.2283184634375281E-06   0.2365373741509571E-04   0.2111744333761036E-03
  0.8077499999999999E+02   0.9807599619746870E+00   0.2027114883749839E-03  -0.9666736674363907E-02   0.1023450871953240E-03   0.2280017389374071E-06   0.2359157041597921E-04   0.2107428687334107E-03
  0.8082500000000000E+02   0.9807849902869603E+00   0.2023018068012177E-03  -0.9654100468469817E-02   0.1021369437167932E-03   0.2276788891006879E-06   0.2352963106340820E-04   0.2103062218370208E-03
  0.8087500000000000E+02   0.9808099622185971E+00   0.2018846213669899E-03  -0.9641492888910030E-02   0.1019250200394069E-03   0.2273470333492935E-06   0.2346791373677267E-04   0.2098618429974054E-03
  0.8092500000000001E+02   0.9808348809020545E+00   0.2014580695449405E-03  -0.9628912353228936E-02   0.1017083758087217E-03   0.2270040572569837E-06   0.2340641009887670E-04   0.2094077958840884E-03
  0.8097499999999999E+02   0.9808597502222467E+00   0.2010215235654934E-03  -0.9616356899107670E-02   0.1014866940532735E-03   0.2266492334055866E-06   0.2334511003405276E-04   0.2089434276623813E-03
  0.8102499999999999E+02   0.9808845741734276E+00   0.2005758836847749E-03  -0.9603824509049286E-02   0.1012604292344663E-03   0.2262835565257410E-06   0.2328400324921363E-04   0.2084696737538611E-03
  0.8107500000000000E+02   0.9809093561412572E+00   0.2001234867088801E-03  -0.9591313472831153E-02   0.1010307610541087E-03   0.2259096455273545E-06   0.2322308103602754E-04   0.2079889626693165E-03
  0.8112500000000000E+02   0.9809340983512950E+00   0.1996676636992857E-03  -0.9578822665928577E-02   0.1007993711507328E-03   0.2255312488744163E-06   0.2316233760183811E-04   0.2075047562090983E-03
  0.8117500000000000E+02   0.9809588016375671E+00   0.1992121237664250E-03  -0.9566351666344008E-02   0.1005681320003552E-03   0.2251525515549651E-06   0.2310177060149027E-04   0.2070209089366129E-03
  0.8122499999999999E+02   0.9809834655325276E+00   0.1987603764559816E-03  -0.9553900709177721E-02   0.1003388153067076E-03   0.2247775231370406E-06   0.2304138087966443E-04   0.2065410678127378E-03
  0.8127499999999999E+02   0.9810080885626555E+00   0.1983153337343169E-03  -0.9541470537384633E-02   0.1001128910676933E-03   0.2244094666684322E-06   0.2298117171744309E-04   0.2060682585460029E-03
  0.8132500000000000E+02   0.9810326686036878E+00   0.1978791228866472E-03  -0.9529062222426332E-02   0.9989143312505963E-04   0.2240508047497042E-06   0.2292114794471421E-04   0.2056046911910140E-03
  0.8137500000000000E+02   0.9810572031886678E+00   0.1974530605353051E-03  -0.9516677008747032E-02   0.9967510605781739E-04   0.2237030473873095E-06   0.2286131517867312E-04   0.2051517332286665E-03
  0.8142499999999998E+02   0.9810816897241135E+00   0.1970377081274069E-03  -0.9504316204639318E-02   0.9946419320698197E-04   0.2233668521069176E-06   0.2280167929401240E-04   0.2047099673353578E-03
  0.8147499999999999E+02   0.9811061256208730E+00   0.1966329376396213E-03  -0.9491981116180659E-02   0.9925862986006031E-04   0.2230420958929804E-06   0.2274224610488633E-04   0.2042792597850394E-03
  0.8152499999999999E+02   0.9811305083770692E+00   0.1962379615108003E-03  -0.9479673005364231E-02   0.9905801837818472E-04   0.2227279068016455E-06   0.2268302116479154E-04   0.2038587916890379E-03
  0.8157500000000000E+02   0.9811548356655079E+00   0.1958513104277399E-03  -0.9467393045979877E-02   0.9886161699916214E-04   0.2224226364739028E-06   0.2262400955590413E-04   0.2034470360547074E-03
  0.8162500000000000E+02   0.9811791054821943E+00   0.1954707752598638E-03  -0.9455142248656179E-02   0.9866831054153672E-04   0.2221237918113381E-06   0.2256521553129746E-04   0.2030416975851384E-03
  0.8167499999999998E+02   0.9812033164029926E+00   0.1950933684234353E-03  -0.9442921331318965E-02   0.9847659091268257E-04   0.2218279884940123E-06   0.2250664189907305E-04   0.2026396726324114E-03
  0.8172499999999999E+02   0.9812274679588214E+00   0.1947154016229727E-03  -0.9430730529821352E-02   0.9828459635494204E-04   0.2215310367311601E-06   0.2244828912811580E-04   0.2022371299862414E-03
  0.8177500000000001E+02   0.9812515610625413E+00   0.1943327978816254E-03  -0.9418569382485309E-02   0.9809026894461418E-04   0.2212282940386644E-06   0.2239015434212094E-04   0.2018298349451755E-03
  0.8182500000000000E+02   0.9812755983147046E+00   0.1939417107988036E-03  -0.9406436575785548E-02   0.9789166715781974E-04   0.2209153692642379E-06   0.2233223062082492E-04   0.2014137924070631E-03
  0.8187500000000000E+02   0.9812995839470126E+00   0.1935393781106499E-03  -0.9394329972899795E-02   0.9768739669406253E-04   0.2205890962379133E-06   0.2227450718367931E-04   0.2009861332387160E-03
  0.8192500000000000E+02   0.9813235232355605E+00   0.1931249341038484E-03  -0.9382246909873881E-02   0.9747702052654307E-04   0.2202484640501970E-06   0.2221697084425428E-04   0.2005459578761276E-03
  0.8197499999999999E+02   0.9813474214665014E+00   0.1926998009370508E-03  -0.9370184717695129E-02   0.9726125640693348E-04   0.2198950701851186E-06   0.2215960851618325E-04   0.2000947426082580E-03
  0.8202500000000001E+02   0.9813712828219113E+00   0.1922674225284303E-03  -0.9358141284636301E-02   0.9704184253719970E-04   0.2195328245986225E-06   0.2210240987432703E-04   0.1996360631421159E-03
  0.8207499999999999E+02   0.9813951096301170E+00   0.1918324439777922E-03  -0.9346115434635260E-02   0.9682112338455926E-04   0.2191670191936557E-06   0.2204536910964603E-04   0.1991747424093068E-03
  0.8212500000000000E+02   0.9814189022079197E+00   0.1913997140110568E-03  -0.9334107006919057E-02   0.9660154617455554E-04   0.2188031915535860E-06   0.2198848525206143E-04   0.1987158146356940E-03
  0.8217500000000000E+02   0.9814426591971948E+00   0.1909734939214666E-03  -0.9322116686097948E-02   0.9638526161634093E-04   0.2184462207400368E-06   0.2193176131644688E-04   0.1982637038917681E-03
  0.8222499999999999E+02   0.9814663781122361E+00   0.1905570468731493E-03  -0.9310145725889507E-02   0.9617391661529255E-04   0.2180998551693045E-06   0.2187520296250591E-04   0.1978217976617497E-03
  0.8227499999999999E+02   0.9814900558371354E+00   0.1901525560610348E-03  -0.9298195698064671E-02   0.9596861297482918E-04   0.2177666154271009E-06   0.2181881729205564E-04   0.1973923619361941E-03
  0.8232500000000000E+02   0.9815136889461276E+00   0.1897612087426859E-03  -0.9286268330749969E-02   0.9576994982342573E-04   0.2174478868415951E-06   0.2176261208043709E-04   0.1969766285811280E-03
  0.8237500000000000E+02   0.9815372738497650E+00   0.1893832833429391E-03  -0.9274365434641663E-02   0.9557806759790943E-04   0.2171440159432133E-06   0.2170659542734860E-04   0.1965748859418752E-03
  0.8242500000000000E+02   0.9815608068517910E+00   0.1890181308701317E-03  -0.9262488874300034E-02   0.9539263868961856E-04   0.2168542860380509E-06   0.2165077561951570E-04   0.1961864597594974E-03
  0.8247500000000001E+02   0.9815842842452236E+00   0.1886640118595246E-03  -0.9250640519662956E-02   0.9521278517832287E-04   0.2165767268533270E-06   0.2159516089814897E-04   0.1958095441313790E-03
  0.8252499999999999E+02   0.9816077025947043E+00   0.1883178361379845E-03  -0.9238822103567856E-02   0.9503694752039933E-04   0.2163078118721357E-06   0.2153975878561104E-04   0.1954409315903073E-03
  0.8257500000000000E+02   0.9816310593260507E+00   0.1879749687762424E-03  -0.9227034924247146E-02   0.9486278663339899E-04   0.2160422306392707E-06   0.2148457469372613E-04   0.1950758118253409E-03
  0.8262499999999999E+02   0.9816543536157808E+00   0.1876293885479268E-03  -0.9215279396447951E-02   0.9468726386577169E-04   0.2157730656210852E-06   0.2142960984419253E-04   0.1947079361460138E-03
  0.8267500000000000E+02   0.9816775873060257E+00   0.1872745008334929E-03  -0.9203554589738872E-02   0.9450705122178138E-04   0.2154927227670261E-06   0.2137485916107754E-04   0.1943304609927542E-03
  0.8272499999999999E+02   0.9817007652806498E+00   0.1869046431664345E-03  -0.9191858038712697E-02   0.9431929111748116E-04   0.2151946629397512E-06   0.2132031046322050E-04   0.1939375101281596E-03
  0.8277499999999999E+02   0.9817238947578685E+00   0.1865167796135838E-03  -0.9180186099962850E-02   0.9412245142707719E-04   0.2148753571731495E-06   0.2126594621192485E-04   0.1935259327466554E-03
  0.8282500000000000E+02   0.9817469835263629E+00   0.1861114789981894E-03  -0.9168534842210474E-02   0.9391681912753507E-04   0.2145354234502309E-06   0.2121174770591854E-04   0.1930963184693789E-03
  0.8287500000000000E+02   0.9817700379270717E+00   0.1856925552465743E-03  -0.9156901064769407E-02   0.9370431879987927E-04   0.2141792243956860E-06   0.2115769980765602E-04   0.1926526241268809E-03
  0.8292500000000000E+02   0.9817930615904142E+00   0.1852656104806003E-03  -0.9145282934789334E-02   0.9348777741571144E-04   0.2138131970816329E-06   0.2110379383973870E-04   0.1922006620164871E-03
  0.8297499999999999E+02   0.9818160553489912E+00   0.1848363522165584E-03  -0.9133680031308100E-02   0.9327007513102202E-04   0.2134439158835844E-06   0.2105002770729471E-04   0.1917463537817803E-03
  0.8302500000000001E+02   0.9818390179927362E+00   0.1844094387892485E-03  -0.9122092964172657E-02   0.9305356264370763E-04   0.2130767586954229E-06   0.2099640406624759E-04   0.1912945324008283E-03
  0.8307500000000000E+02   0.9818619472531338E+00   0.1839880615744643E-03  -0.9110522877363691E-02   0.9283985036794029E-04   0.2127154202333878E-06   0.2094292798935907E-04   0.1908485086968369E-03
  0.8312500000000000E+02   0.9818848405884797E+00   0.1835740576087891E-03  -0.9098971052723392E-02   0.9262986526707735E-04   0.2123620372262182E-06   0.2088960512583591E-04   0.1904101882006939E-03
  0.8317499999999998E+02   0.9819076956408052E+00   0.1831682490559893E-03  -0.9087438679373117E-02   0.9242402216189185E-04   0.2120175766780385E-06   0.2083644064360950E-04   0.1899804233941048E-03
  0.8322499999999999E+02   0.9819305104194593E+00   0.1827707961629208E-03  -0.9075926761070829E-02   0.9222240184634789E-04   0.2116822411743145E-06   0.2078343881458892E-04   0.1895593799516033E-03
  0.8327500000000001E+02   0.9819532833185497E+00   0.1823814678806164E-03  -0.9064436107407814E-02   0.9202488765474601E-04   0.2113557802357967E-06   0.2073060298632849E-04   0.1891468175553552E-03
  0.8332500000000000E+02   0.9819760130596513E+00   0.1819998106907817E-03  -0.9052967362720321E-02   0.9183125066049812E-04   0.2110376847526080E-06   0.2067793572456570E-04   0.1887422650941245E-03
  0.8337499999999999E+02   0.9819986986204470E+00   0.1816252300820624E-03  -0.9041521042099987E-02   0.9164119079593577E-04   0.2107272807644694E-06   0.2062543898514719E-04   0.1883451052361031E-03
  0.8342500000000000E+02   0.9820213391867003E+00   0.1812570102543843E-03  -0.9030097555633221E-02   0.9145434680068910E-04   0.2104237518600207E-06   0.2057311422932229E-04   0.1879545949142282E-03
  0.8347499999999999E+02   0.9820439341508177E+00   0.1808943035578927E-03  -0.9018697209133175E-02   0.9127029089673348E-04   0.2101261264955756E-06   0.2052096243000272E-04   0.1875698544052616E-03
  0.8352500000000001E+02   0.9820664831661671E+00   0.1805361302539558E-03  -0.9007320176739664E-02   0.9108852866912887E-04   0.2098332772617514E-06   0.2046898394979529E-04   0.1871898670928691E-03
  0.8357500000000000E+02   0.9820889862403900E+00   0.1801814366546746E-03  -0.8995966453844040E-02   0.9090852839918470E-04   0.2095439880368976E-06   0.2041717833162253E-04   0.1868135397432271E-03
  0.8362499999999999E+02   0.9821114438113995E+00   0.1798292462313106E-03  -0.8984635818749975E-02   0.9072979730232569E-04   0.2092571295631571E-06   0.2036554413287272E-04   0.1864398591573439E-03
  0.8367500000000000E+02   0.9821338567221054E+00   0.1794788849037078E-03  -0.8973327845426149E-02   0.9055199519176710E-04   0.2089719220229604E-06   0.2031407899486868E-04   0.1860681257234720E-03
  0.8372499999999999E+02   0.9821562260400096E+00   0.1791301870499199E-03  -0.8962041994527215E-02   0.9037503841448759E-04   0.2086881760933927E-06   0.2026278006683060E-04   0.1856981669776301E-03
  0.8377500000000001E+02   0.9821785527641680E+00   0.1787835629766646E-03  -0.8950777761239648E-02   0.9019913389003835E-04   0.2084063733621441E-06   0.2021164468116824E-04   0.1853304075356885E-03
  0.8382500000000000E+02   0.9822008375482696E+00   0.1784398821786215E-03  -0.8939534814994321E-02   0.9002472020983671E-04   0.2081275321588682E-06   0.2016067098255017E-04   0.1849657480516491E-03
  0.8387499999999999E+02   0.9822230805539293E+00   0.1781002433777288E-03  -0.8928313073481853E-02   0.8985235161446693E-04   0.2078529407604834E-06   0.2010985825234762E-04   0.1846053268040791E-03
  0.8392500000000000E+02   0.9822452814483112E+00   0.1777657511813127E-03  -0.8917112703847874E-02   0.8968258531145101E-04   0.2075838973685244E-06   0.2005920690171426E-04   0.1842502881533225E-03
  0.8397500000000001E+02   0.9822674394760915E+00   0.1774373712350007E-03  -0.8905934086380740E-02   0.8951590839736980E-04   0.2073215408790298E-06   0.2000871829724477E-04   0.1839016323883550E-03
  0.8402499999999999E+02   0.9822895535261149E+00   0.1771158576323240E-03  -0.8894777780875551E-02   0.8935270123779314E-04   0.2070667655354434E-06   0.1995839460166781E-04   0.1835601405023077E-03
  0.8407500000000000E+02   0.9823116221539283E+00   0.1768017007171796E-03  -0.8883644515258138E-02   0.8919321113952771E-04   0.2068201591442249E-06   0.1990823871641526E-04   0.1832263201388244E-03
  0.8412499999999999E+02   0.9823336435682797E+00   0.1764950379257704E-03  -0.8872535192391395E-02   0.8903750738056203E-04   0.2065818978193660E-06   0.1985825430553214E-04   0.1829003132644126E-03
  0.8417500000000000E+02   0.9823556156252728E+00   0.1761954859087085E-03  -0.8861450893021483E-02   0.8888539653081884E-04   0.2063515481681032E-06   0.1980844580029224E-04   0.1825817222893548E-03
  0.8422499999999999E+02   0.9823775359029314E+00   0.1759018791555339E-03  -0.8850392838164578E-02   0.8873629060865509E-04   0.2061277592169659E-06   0.1975881821978588E-04   0.1822693393227806E-03
  0.8427499999999999E+02   0.9823994019545439E+00   0.1756119482489837E-03  -0.8839362261311989E-02   0.8858904478371874E-04   0.2059078824634247E-06   0.1970937658761334E-04   0.1819608128805050E-03
  0.8432499999999999E+02   0.9824212118405911E+00   0.1753220578652760E-03  -0.8828360140108016E-02   0.8844182521710307E-04   0.2056876606744968E-06   0.1966012472575826E-04   0.1816523764814257E-03
  0.8437500000000000E+02   0.9824429649585361E+00   0.1750272438850876E-03  -0.8817386777776548E-02   0.8829212778263619E-04   0.2054612667016362E-06   0.1961106339307350E-04   0.1813388871027894E-03
  0.8442500000000000E+02   0.9824646629642234E+00   0.1747218490635604E-03  -0.8806441338336968E-02   0.8813709872140146E-04   0.2052220454842770E-06   0.1956218824507790E-04   0.1810144837082584E-03
  0.8447499999999999E+02   0.9824863102691564E+00   0.1744008693729172E-03  -0.8795521595761358E-02   0.8797421378366293E-04   0.2049640939176428E-06   0.1951348877842441E-04   0.1806739819946983E-03
  0.8452500000000001E+02   0.9825079135208445E+00   0.1740616033240007E-03  -0.8784624196105817E-02   0.8780211020376552E-04   0.2046842026238726E-06   0.1946494957312067E-04   0.1803145830098253E-03
  0.8457499999999999E+02   0.9825294799750049E+00   0.1737047022130663E-03  -0.8773745478629302E-02   0.8762111648109160E-04   0.2043830997159239E-06   0.1941655399669391E-04   0.1799369611581370E-03
  0.8462500000000000E+02   0.9825510155103228E+00   0.1733338954982878E-03  -0.8762882477218681E-02   0.8743311385043251E-04   0.2040651391366292E-06   0.1936828865139095E-04   0.1795449797039736E-03
  0.8467500000000000E+02   0.9825725233652814E+00   0.1729545563571212E-03  -0.8752033557576033E-02   0.8724081269889150E-04   0.2037366215550583E-06   0.1932014614716028E-04   0.1791442047534854E-03
  0.8472499999999999E+02   0.9825940040948729E+00   0.1725720163576121E-03  -0.8741198439057407E-02   0.8704690242642068E-04   0.2034038135497806E-06   0.1927212512330381E-04   0.1787401593245663E-03
  0.8477500000000001E+02   0.9826154564011572E+00   0.1721904569774866E-03  -0.8730377775710174E-02   0.8685349228755338E-04   0.2030716400994975E-06   0.1922422833322596E-04   0.1783371749967034E-03
  0.8482499999999999E+02   0.9826368781559993E+00   0.1718125995086037E-03  -0.8719572640368489E-02   0.8666195496578232E-04   0.2027433146294020E-06   0.1917646033301903E-04   0.1779380706448420E-03
  0.8487500000000000E+02   0.9826582671447969E+00   0.1714399350493070E-03  -0.8708784149489168E-02   0.8647304258729583E-04   0.2024206055035237E-06   0.1912882582020589E-04   0.1775443906809082E-03
  0.8492500000000000E+02   0.9826796214189346E+00   0.1710731268673112E-03  -0.8698013285357908E-02   0.8628708968610016E-04   0.2021043071372128E-06   0.1908132885836297E-04   0.1771568218770223E-03
  0.8497499999999999E+02   0.9827009393713801E+00   0.1707123462659962E-03  -0.8687260857951906E-02   0.8610418262845220E-04   0.2017946341826591E-06   0.1903397272065232E-04   0.1767755413219338E-03
  0.8502500000000001E+02   0.9827222196963367E+00   0.1703574744451585E-03  -0.8676527525290800E-02   0.8592426144207166E-04   0.2014914586061703E-06   0.1898675998863817E-04   0.1764004255690849E-03
  0.8507500000000000E+02   0.9827434613355931E+00   0.1700082038423209E-03  -0.8665813820500579E-02   0.8574717094016254E-04   0.2011944286349423E-06   0.1893969267762474E-04   0.1760311556538112E-03
  0.8512499999999999E+02   0.9827646634451557E+00   0.1696640907391152E-03  -0.8655120168646668E-02   0.8557268726095519E-04   0.2009030304086890E-06   0.1889277231513648E-04   0.1756672716161593E-03
  0.8517500000000000E+02   0.9827858253812014E+00   0.1693245921910656E-03  -0.8644446893823599E-02   0.8540053649799375E-04   0.2006166312710235E-06   0.1884599997580663E-04   0.1753082107717143E-03
  0.8522499999999999E+02   0.9828069466958664E+00   0.1689891036498437E-03  -0.8633794221282742E-02   0.8523041367801262E-04   0.2003345240319951E-06   0.1879937629432131E-04   0.1749533466856871E-03
  0.8527500000000001E+02   0.9828280271296486E+00   0.1686570039329260E-03  -0.8623162281267804E-02   0.8506200544337126E-04   0.2000559801003432E-06   0.1875290148588645E-04   0.1746020357443820E-03
  0.8532500000000000E+02   0.9828490665858326E+00   0.1683277006309703E-03  -0.8612551121915946E-02   0.8489501295455193E-04   0.1997803033212891E-06   0.1870657540609915E-04   0.1742536641740609E-03
  0.8537499999999999E+02   0.9828700650860054E+00   0.1680006543719134E-03  -0.8601960731696501E-02   0.8472916412862056E-04   0.1995068588938350E-06   0.1866039765147148E-04   0.1739076731676017E-03
  0.8542500000000000E+02   0.9828910227328590E+00   0.1676753667982063E-03  -0.8591391058175191E-02   0.8456420757591250E-04   0.1992350592699536E-06   0.1861436764243479E-04   0.1735635464408616E-03
  0.8547500000000001E+02   0.9829119397149730E+00   0.1673513534080932E-03  -0.8580842005604605E-02   0.8439989890181205E-04   0.1989643320050815E-06   0.1856848461338015E-04   0.1732207821105184E-03
  0.8552500000000001E+02   0.9829328163515317E+00   0.1670281529532894E-03  -0.8570313412375019E-02   0.8423600544390548E-04   0.1986941309802482E-06   0.1852274751613995E-04   0.1728789024020139E-03
  0.8557499999999999E+02   0.9829536531209172E+00   0.1667054023796949E-03  -0.8559805036594148E-02   0.8407234406400480E-04   0.1984240256781209E-06   0.1847715496083307E-04   0.1725375311969249E-03
  0.8562500000000000E+02   0.9829744506105653E+00   0.1663829376157858E-03  -0.8549316581375588E-02   0.8390883197643287E-04   0.1981538215573565E-06   0.1843170532963497E-04   0.1721964983391966E-03
  0.8567500000000000E+02   0.9829952093900407E+00   0.1660608370428302E-03  -0.8538847758848944E-02   0.8374550867043934E-04   0.1978836125453618E-06   0.1838639705592986E-04   0.1718558846233012E-03
  0.8572500000000001E+02   0.9830159298830394E+00   0.1657393630375583E-03  -0.8528398354710975E-02   0.8358250642909162E-04   0.1976137121793372E-06   0.1834122890155575E-04   0.1715159612910398E-03
  0.8577499999999999E+02   0.9830366123154417E+00   0.1654188401216652E-03  -0.8517968254423525E-02   0.8341998887787872E-04   0.1973445088721115E-06   0.1829620006519819E-04   0.1711770639170239E-03
  0.8582499999999999E+02   0.9830572567501854E+00   0.1650995470388007E-03  -0.8507557425627144E-02   0.8325809655700753E-04   0.1970763372949829E-06   0.1825131010163572E-04   0.1708394807074628E-03
  0.8587500000000000E+02   0.9830778631622188E+00   0.1647816684846887E-03  -0.8497165880340329E-02   0.8309692257763230E-04   0.1968094205619777E-06   0.1820655875586371E-04   0.1705034025378346E-03
  0.8592500000000000E+02   0.9830984315028436E+00   0.1644653001745130E-03  -0.8486793642510704E-02   0.8293651517699261E-04   0.1965438759580206E-06   0.1816194582257611E-04   0.1701689281940190E-03
  0.8597499999999999E+02   0.9831189617329383E+00   0.1641504758580898E-03  -0.8476440731259194E-02   0.8277689134242688E-04   0.1962797469346566E-06   0.1811747107451147E-04   0.1698360923310009E-03
  0.8602499999999999E+02   0.9831394538319991E+00   0.1638371913763763E-03  -0.8466107156320679E-02   0.8261804894359072E-04   0.1960170316791086E-06   0.1807313424355432E-04   0.1695048903719350E-03
  0.8607499999999999E+02   0.9831599077978566E+00   0.1635254185324235E-03  -0.8455792918185656E-02   0.8245997372809553E-04   0.1957556995897446E-06   0.1802893502189032E-04   0.1691752928666947E-03
  0.8612500000000000E+02   0.9831803236458698E+00   0.1632151125107845E-03  -0.8445498008508356E-02   0.8230264306347987E-04   0.1954957000809022E-06   0.1798487306415678E-04   0.1688472531728036E-03
  0.8617500000000001E+02   0.9832007014089643E+00   0.1629062174911987E-03  -0.8435222410086651E-02   0.8214602876836591E-04   0.1952369692539347E-06   0.1794094798771014E-04   0.1685207132661783E-03
  0.8622499999999999E+02   0.9832210411371689E+00   0.1625986720299198E-03  -0.8424966097095976E-02   0.8199009982629393E-04   0.1949794363126808E-06   0.1789715937397016E-04   0.1681956093102258E-03
  0.8627499999999999E+02   0.9832413428959085E+00   0.1622924137851956E-03  -0.8414729035950752E-02   0.8183482476873121E-04   0.1947230292142013E-06   0.1785350677241428E-04   0.1678718765455736E-03
  0.8632499999999999E+02   0.9832616067633514E+00   0.1619873829701970E-03  -0.8404511186642205E-02   0.8168017341630268E-04   0.1944676788112584E-06   0.1780998970654331E-04   0.1675494528626538E-03
  0.8637500000000000E+02   0.9832818328274650E+00   0.1616835244067351E-03  -0.8394312504222845E-02   0.8152611791439714E-04   0.1942133213282491E-06   0.1776660768039763E-04   0.1672282809262970E-03
  0.8642500000000000E+02   0.9833020211832931E+00   0.1613807884353360E-03  -0.8384132940180034E-02   0.8137263319204260E-04   0.1939598994710096E-06   0.1772336018453090E-04   0.1669083091169040E-03
  0.8647499999999999E+02   0.9833221719307011E+00   0.1610791310540467E-03  -0.8373972443572741E-02   0.8121969703184332E-04   0.1937073626128074E-06   0.1768024670092001E-04   0.1665894916735710E-03
  0.8652499999999999E+02   0.9833422851726347E+00   0.1607785136131564E-03  -0.8363830961909624E-02   0.8106728991597552E-04   0.1934556664465071E-06   0.1763726670673424E-04   0.1662717883777445E-03
  0.8657500000000000E+02   0.9833623610138407E+00   0.1604789022974779E-03  -0.8353708441794394E-02   0.8091539476505895E-04   0.1932047723796774E-06   0.1759441967708832E-04   0.1659551640171093E-03
  0.8662500000000000E+02   0.9833823995599567E+00   0.1601802675394427E-03  -0.8343604829384565E-02   0.8076399664214514E-04   0.1929546468441979E-06   0.1755170508698553E-04   0.1656395877779404E-03
  0.8667500000000000E+02   0.9834024009168816E+00   0.1598825834421932E-03  -0.8333520070709088E-02   0.8061308246175336E-04   0.1927052606154820E-06   0.1750912241265133E-04   0.1653250326478486E-03
  0.8672500000000001E+02   0.9834223651903495E+00   0.1595858272510575E-03  -0.8323454111883288E-02   0.8046264072331020E-04   0.1924565881876644E-06   0.1746667113242552E-04   0.1650114748686326E-03
  0.8677499999999999E+02   0.9834422924856507E+00   0.1592899788880161E-03  -0.8313406899249087E-02   0.8031266127636002E-04   0.1922086072226172E-06   0.1742435072733474E-04   0.1646988934543502E-03
  0.8682500000000000E+02   0.9834621829074521E+00   0.1589950205510013E-03  -0.8303378379466042E-02   0.8016313511847358E-04   0.1919612980753251E-06   0.1738216068145524E-04   0.1643872697765055E-03
  0.8687499999999999E+02   0.9834820365596897E+00   0.1587009363736549E-03  -0.8293368499565523E-02   0.8001405422364838E-04   0.1917146433906451E-06   0.1734010048211953E-04   0.1640765872118227E-03
  0.8692500000000000E+02   0.9835018535455079E+00   0.1584077121386312E-03  -0.8283377206980580E-02   0.7986541139771355E-04   0.1914686277633891E-06   0.1729816962002065E-04   0.1637668308454478E-03
  0.8697500000000001E+02   0.9835216339672319E+00   0.1581153350369545E-03  -0.8273404449561039E-02   0.7971720015696244E-04   0.1912232374529260E-06   0.1725636758925469E-04   0.1634579872218235E-03
  0.8702499999999999E+02   0.9835413779263616E+00   0.1578237934662992E-03  -0.8263450175575393E-02   0.7956941462641469E-04   0.1909784601438943E-06   0.1721469388730855E-04   0.1631500441358562E-03
  0.8707499999999999E+02   0.9835610855235785E+00   0.1575330768618313E-03  -0.8253514333708134E-02   0.7942204945450082E-04   0.1907342847455126E-06   0.1717314801502933E-04   0.1628429904577879E-03
  0.8712500000000000E+02   0.9835807568587628E+00   0.1572431755541375E-03  -0.8243596873050540E-02   0.7927509974140778E-04   0.1904907012230084E-06   0.1713172947656729E-04   0.1625368159861091E-03
  0.8717500000000000E+02   0.9836003920310147E+00   0.1569540806496236E-03  -0.8233697743090351E-02   0.7912856097875660E-04   0.1902477004557017E-06   0.1709043777931476E-04   0.1622315113237307E-03
  0.8722500000000001E+02   0.9836199911386800E+00   0.1566657839295391E-03  -0.8223816893698443E-02   0.7898242899867419E-04   0.1900052741171874E-06   0.1704927243383365E-04   0.1619270677734372E-03
  0.8727499999999999E+02   0.9836395542793754E+00   0.1563782777644560E-03  -0.8213954275116508E-02   0.7883669993065949E-04   0.1897634145738577E-06   0.1700823295378769E-04   0.1616234772493396E-03
  0.8732499999999999E+02   0.9836590815500156E+00   0.1560915550415868E-03  -0.8204109837942841E-02   0.7869137016492468E-04   0.1895221147986632E-06   0.1696731885586772E-04   0.1613207322016171E-03
  0.8737500000000000E+02   0.9836785730468384E+00   0.1558056091027978E-03  -0.8194283533120017E-02   0.7854643632113038E-04   0.1892813682975684E-06   0.1692652965972539E-04   0.1610188255523324E-03
  0.8742500000000000E+02   0.9836980288654308E+00   0.1555204336915509E-03  -0.8184475311921791E-02   0.7840189522162471E-04   0.1890411690466076E-06   0.1688586488790437E-04   0.1607177506404905E-03
  0.8747500000000001E+02   0.9837174491007523E+00   0.1552360229073290E-03  -0.8174685125940773E-02   0.7825774386845564E-04   0.1888015114378244E-06   0.1684532406577538E-04   0.1604175011748428E-03
  0.8752499999999999E+02   0.9837368338471582E+00   0.1549523711663483E-03  -0.8164912927077439E-02   0.7811397942355497E-04   0.1885623902326752E-06   0.1680490672147723E-04   0.1601180711932026E-03
  0.8757499999999999E+02   0.9837561831984201E+00   0.1546694731675703E-03  -0.8155158667529139E-02   0.7797059919159493E-04   0.1883238005217253E-06   0.1676461238585847E-04   0.1598194550272451E-03
  0.8762500000000000E+02   0.9837754972477469E+00   0.1543873238632026E-03  -0.8145422299779770E-02   0.7782760060510851E-04   0.1880857376896732E-06   0.1672444059242211E-04   0.1595216472719555E-03
  0.8767500000000001E+02   0.9837947760878032E+00   0.1541059184330053E-03  -0.8135703776590453E-02   0.7768498121152965E-04   0.1878481973848947E-06   0.1668439087727510E-04   0.1592246427590176E-03
  0.8772499999999999E+02   0.9838140198107264E+00   0.1538252522618426E-03  -0.8126003050990982E-02   0.7754273866186984E-04   0.1876111754928382E-06   0.1664446277908123E-04   0.1589284365335615E-03
  0.8777499999999999E+02   0.9838332285081443E+00   0.1535453209200072E-03  -0.8116320076270722E-02   0.7740087070079330E-04   0.1873746681127130E-06   0.1660465583901216E-04   0.1586330238337822E-03
  0.8782499999999999E+02   0.9838524022711888E+00   0.1532661201459228E-03  -0.8106654805971725E-02   0.7725937515789149E-04   0.1871386715369999E-06   0.1656496960070805E-04   0.1583384000730211E-03
  0.8787500000000000E+02   0.9838715411905108E+00   0.1529876458308910E-03  -0.8097007193881289E-02   0.7711824993998915E-04   0.1869031822333895E-06   0.1652540361023605E-04   0.1580445608239640E-03
  0.8792500000000000E+02   0.9838906453562943E+00   0.1527098940056056E-03  -0.8087377194024747E-02   0.7697749302434104E-04   0.1866681968288173E-06   0.1648595741605008E-04   0.1577515018046682E-03
  0.8797499999999998E+02   0.9839097148582671E+00   0.1524328608281924E-03  -0.8077764760660577E-02   0.7683710245259908E-04   0.1864337120953114E-06   0.1644663056896042E-04   0.1574592188661711E-03
  0.8802499999999999E+02   0.9839287497857134E+00   0.1521565425735785E-03  -0.8068169848272855E-02   0.7669707632544893E-04   0.1861997249374156E-06   0.1640742262209269E-04   0.1571677079814732E-03
  0.8807500000000000E+02   0.9839477502274846E+00   0.1518809356240159E-03  -0.8058592411566812E-02   0.7655741279782971E-04   0.1859662323809846E-06   0.1636833313085966E-04   0.1568769652357180E-03
  0.8812500000000000E+02   0.9839667162720088E+00   0.1516060364606128E-03  -0.8049032405463952E-02   0.7641811007466167E-04   0.1857332315631741E-06   0.1632936165293163E-04   0.1565869868174151E-03
  0.8817500000000000E+02   0.9839856480073006E+00   0.1513318416557499E-03  -0.8039489785096388E-02   0.7627916640701986E-04   0.1855007197234808E-06   0.1629050774820372E-04   0.1562977690105788E-03
  0.8822499999999999E+02   0.9840045455209699E+00   0.1510583478662710E-03  -0.8029964505803289E-02   0.7614058008869903E-04   0.1852686941957014E-06   0.1625177097877195E-04   0.1560093081876700E-03
  0.8827499999999999E+02   0.9840234089002304E+00   0.1507855518273562E-03  -0.8020456523125885E-02   0.7600234945312229E-04   0.1850371524007016E-06   0.1621315090890374E-04   0.1557216008032437E-03
  0.8832500000000000E+02   0.9840422382319070E+00   0.1505134503469967E-03  -0.8010965792804137E-02   0.7586447287055348E-04   0.1848060918398983E-06   0.1617464710501523E-04   0.1554346433882204E-03
  0.8837500000000000E+02   0.9840610336024431E+00   0.1502420403010033E-03  -0.8001492270772625E-02   0.7572694874557861E-04   0.1845755100893751E-06   0.1613625913564570E-04   0.1551484325447094E-03
  0.8842500000000000E+02   0.9840797950979079E+00   0.1499713186284848E-03  -0.7992035913157669E-02   0.7558977551482438E-04   0.1843454047945547E-06   0.1609798657143695E-04   0.1548629649413201E-03
  0.8847499999999999E+02   0.9840985228040028E+00   0.1497012823277474E-03  -0.7982596676272657E-02   0.7545295164488913E-04   0.1841157736653715E-06   0.1605982898510588E-04   0.1545782373089077E-03
  0.8852499999999999E+02   0.9841172168060673E+00   0.1494319284525657E-03  -0.7973174516616832E-02   0.7531647563046104E-04   0.1838866144718833E-06   0.1602178595143086E-04   0.1542942464367049E-03
  0.8857500000000000E+02   0.9841358771890851E+00   0.1491632541087886E-03  -0.7963769390870734E-02   0.7518034599260526E-04   0.1836579250402811E-06   0.1598385704722493E-04   0.1540109891687999E-03
  0.8862500000000000E+02   0.9841545040376893E+00   0.1488952564512406E-03  -0.7954381255894316E-02   0.7504456127720048E-04   0.1834297032492489E-06   0.1594604185131989E-04   0.1537284624009213E-03
  0.8867500000000000E+02   0.9841730974361682E+00   0.1486279326808918E-03  -0.7945010068723835E-02   0.7490912005351028E-04   0.1832019470266416E-06   0.1590833994454545E-04   0.1534466630774995E-03
  0.8872499999999999E+02   0.9841916574684696E+00   0.1483612800422655E-03  -0.7935655786569518E-02   0.7477402091287506E-04   0.1829746543464445E-06   0.1587075090971178E-04   0.1531655881889764E-03
  0.8877500000000001E+02   0.9842101842182055E+00   0.1480952958210612E-03  -0.7926318366813567E-02   0.7463926246751227E-04   0.1827478232259888E-06   0.1583327433159349E-04   0.1528852347693371E-03
  0.8882499999999999E+02   0.9842286777686575E+00   0.1478299773419733E-03  -0.7916997767006828E-02   0.7450484334941518E-04   0.1825214517233970E-06   0.1579590979690813E-04   0.1526055998938434E-03
  0.8887500000000000E+02   0.9842471382027801E+00   0.1475653219666812E-03  -0.7907693944867678E-02   0.7437076220933859E-04   0.1822955379352337E-06   0.1575865689430410E-04   0.1523266806769471E-03
  0.8892500000000000E+02   0.9842655656032051E+00   0.1473013270920002E-03  -0.7898406858279472E-02   0.7423701771586532E-04   0.1820700799943449E-06   0.1572151521434252E-04   0.1520484742703683E-03
  0.8897499999999999E+02   0.9842839600522458E+00   0.1470379901481738E-03  -0.7889136465288660E-02   0.7410360855454402E-04   0.1818450760678659E-06   0.1568448434948203E-04   0.1517709778613205E-03
  0.8902500000000001E+02   0.9843023216319001E+00   0.1467753085972965E-03  -0.7879882724102893E-02   0.7397053342709305E-04   0.1816205243553826E-06   0.1564756389406365E-04   0.1514941886708711E-03
  0.8907499999999999E+02   0.9843206504238547E+00   0.1465132799318541E-03  -0.7870645593088921E-02   0.7383779105066339E-04   0.1813964230872330E-06   0.1561075344429485E-04   0.1512181039524235E-03
  0.8912500000000000E+02   0.9843389465094885E+00   0.1462519016733712E-03  -0.7861425030771363E-02   0.7370538015715558E-04   0.1811727705229344E-06   0.1557405259823719E-04   0.1509427209903101E-03
  0.8917500000000001E+02   0.9843572099698750E+00   0.1459911713711557E-03  -0.7852220995830939E-02   0.7357329949258608E-04   0.1809495649497265E-06   0.1553746095579190E-04   0.1506680370984870E-03
  0.8922499999999999E+02   0.9843754408857867E+00   0.1457310866011325E-03  -0.7843033447102354E-02   0.7344154781649801E-04   0.1807268046812186E-06   0.1550097811868417E-04   0.1503940496193190E-03
  0.8927499999999999E+02   0.9843936393376974E+00   0.1454716449647588E-03  -0.7833862343573195E-02   0.7331012390141337E-04   0.1805044880561346E-06   0.1546460369045150E-04   0.1501207559224512E-03
  0.8932500000000000E+02   0.9844118054057852E+00   0.1452128440880139E-03  -0.7824707644382478E-02   0.7317902653232287E-04   0.1802826134371453E-06   0.1542833727643082E-04   0.1498481534037566E-03
  0.8937500000000000E+02   0.9844299391699357E+00   0.1449546816204557E-03  -0.7815569308818882E-02   0.7304825450620936E-04   0.1800611792097793E-06   0.1539217848374430E-04   0.1495762394843536E-03
  0.8942500000000000E+02   0.9844480407097441E+00   0.1446971552343415E-03  -0.7806447296319852E-02   0.7291780663160359E-04   0.1798401837814108E-06   0.1535612692128885E-04   0.1493050116096892E-03
  0.8947499999999999E+02   0.9844661101045183E+00   0.1444402626238039E-03  -0.7797341566469607E-02   0.7278768172816797E-04   0.1796196255803116E-06   0.1532018219972118E-04   0.1490344672486806E-03
  0.8952499999999999E+02   0.9844841474332817E+00   0.1441840015040818E-03  -0.7788252078998470E-02   0.7265787862630788E-04   0.1793995030547683E-06   0.1528434393144827E-04   0.1487646038929124E-03
  0.8957500000000000E+02   0.9845021527747746E+00   0.1439283696107980E-03  -0.7779178793781427E-02   0.7252839616680679E-04   0.1791798146722545E-06   0.1524861173061481E-04   0.1484954190558840E-03
  0.8962500000000000E+02   0.9845201262074579E+00   0.1436733646992817E-03  -0.7770121670836461E-02   0.7239923320048385E-04   0.1789605589186568E-06   0.1521298521308982E-04   0.1482269102723015E-03
  0.8967500000000000E+02   0.9845380678095144E+00   0.1434189845439335E-03  -0.7761080670323883E-02   0.7227038858787288E-04   0.1787417342975493E-06   0.1517746399645731E-04   0.1479590750974152E-03
  0.8972499999999999E+02   0.9845559776588516E+00   0.1431652269376267E-03  -0.7752055752545450E-02   0.7214186119891977E-04   0.1785233393295120E-06   0.1514204770000604E-04   0.1476919111063939E-03
  0.8977499999999999E+02   0.9845738558331038E+00   0.1429120896911451E-03  -0.7743046877942250E-02   0.7201364991269827E-04   0.1783053725514924E-06   0.1510673594471465E-04   0.1474254158937378E-03
  0.8982500000000000E+02   0.9845917024096339E+00   0.1426595706326521E-03  -0.7734054007094593E-02   0.7188575361714173E-04   0.1780878325162032E-06   0.1507152835324457E-04   0.1471595870727231E-03
  0.8987500000000001E+02   0.9846095174655360E+00   0.1424076676071922E-03  -0.7725077100720457E-02   0.7175817120879069E-04   0.1778707177915580E-06   0.1503642454992744E-04   0.1468944222748804E-03
  0.8992500000000000E+02   0.9846273010776369E+00   0.1421563784762169E-03  -0.7716116119674710E-02   0.7163090159255359E-04   0.1776540269601374E-06   0.1500142416075560E-04   0.1466299191494991E-03
  0.8997499999999999E+02   0.9846450533224984E+00   0.1419057011171402E-03  -0.7707171024947668E-02   0.7150394368148148E-04   0.1774377586186874E-06   0.1496652681336991E-04   0.1463660753631612E-03
  0.9002499999999999E+02   0.9846627742764187E+00   0.1416556334229159E-03  -0.7698241777665094E-02   0.7137729639655468E-04   0.1772219113776459E-06   0.1493173213705348E-04   0.1461028885992995E-03
  0.9007500000000000E+02   0.9846804640154352E+00   0.1414061733016383E-03  -0.7689328339085977E-02   0.7125095866648037E-04   0.1770064838606944E-06   0.1489703976271659E-04   0.1458403565577779E-03
  0.9012500000000000E+02   0.9846981226153253E+00   0.1411573186761636E-03  -0.7680430670602534E-02   0.7112492942750124E-04   0.1767914747043358E-06   0.1486244932289039E-04   0.1455784769544952E-03
  0.9017499999999998E+02   0.9847157501516089E+00   0.1409090674837505E-03  -0.7671548733738875E-02   0.7099920762321359E-04   0.1765768825574941E-06   0.1482796045171555E-04   0.1453172475210076E-03
  0.9022499999999999E+02   0.9847333466995496E+00   0.1406614176757192E-03  -0.7662682490150452E-02   0.7087379220439476E-04   0.1763627060811353E-06   0.1479357278493376E-04   0.1450566660041709E-03
  0.9027500000000001E+02   0.9847509123341567E+00   0.1404143672171276E-03  -0.7653831901622832E-02   0.7074868212883926E-04   0.1761489439479093E-06   0.1475928595987699E-04   0.1447967301658004E-03
  0.9032500000000000E+02   0.9847684471301869E+00   0.1401679140864627E-03  -0.7644996930071035E-02   0.7062387636120246E-04   0.1759355948418085E-06   0.1472509961545865E-04   0.1445374377823461E-03
  0.9037500000000000E+02   0.9847859511621455E+00   0.1399220562753475E-03  -0.7636177537538757E-02   0.7049937387285217E-04   0.1757226574578457E-06   0.1469101339216459E-04   0.1442787866445846E-03
  0.9042499999999998E+02   0.9848034245042889E+00   0.1396767917882613E-03  -0.7627373686197481E-02   0.7037517364172714E-04   0.1755101305017468E-06   0.1465702693204358E-04   0.1440207745573251E-03
  0.9047499999999999E+02   0.9848208672306248E+00   0.1394321186422726E-03  -0.7618585338345585E-02   0.7025127465220165E-04   0.1752980126896589E-06   0.1462313987869797E-04   0.1437633993391277E-03
  0.9052500000000001E+02   0.9848382794149152E+00   0.1391880348667858E-03  -0.7609812456407794E-02   0.7012767589495725E-04   0.1750863027478741E-06   0.1458935187727548E-04   0.1435066588220365E-03
  0.9057499999999999E+02   0.9848556611306765E+00   0.1389445385032972E-03  -0.7601055002934287E-02   0.7000437636685922E-04   0.1748749994125642E-06   0.1455566257445999E-04   0.1432505508513229E-03
  0.9062500000000000E+02   0.9848730124511822E+00   0.1387016276051631E-03  -0.7592312940599588E-02   0.6988137507083878E-04   0.1746641014295293E-06   0.1452207161846130E-04   0.1429950732852399E-03
  0.9067500000000000E+02   0.9848903334494633E+00   0.1384593002373778E-03  -0.7583586232202899E-02   0.6975867101578096E-04   0.1744536075539590E-06   0.1448857865901068E-04   0.1427402239947887E-03
  0.9072499999999999E+02   0.9849076241983107E+00   0.1382175544763602E-03  -0.7574874840665990E-02   0.6963626321641613E-04   0.1742435165502022E-06   0.1445518334734688E-04   0.1424860008634926E-03
  0.9077500000000001E+02   0.9849248847702758E+00   0.1379763884097508E-03  -0.7566178729033424E-02   0.6951415069321725E-04   0.1740338271915500E-06   0.1442188533621128E-04   0.1422324017871825E-03
  0.9082500000000000E+02   0.9849421152376723E+00   0.1377358001362155E-03  -0.7557497860471440E-02   0.6939233247230029E-04   0.1738245382600259E-06   0.1438868427983796E-04   0.1419794246737896E-03
  0.9087499999999999E+02   0.9849593156725772E+00   0.1374957877652592E-03  -0.7548832198267741E-02   0.6927080758532977E-04   0.1736156485461877E-06   0.1435557983394712E-04   0.1417270674431476E-03
  0.9092500000000000E+02   0.9849764861468324E+00   0.1372563494170444E-03  -0.7540181705830373E-02   0.6914957506942663E-04   0.1734071568489356E-06   0.1432257165573521E-04   0.1414753280268010E-03
  0.9097499999999999E+02   0.9849936267320462E+00   0.1370174832222189E-03  -0.7531546346686957E-02   0.6902863396708102E-04   0.1731990619753297E-06   0.1428965940386636E-04   0.1412242043678220E-03
  0.9102499999999999E+02   0.9850107374995938E+00   0.1367791873217497E-03  -0.7522926084484349E-02   0.6890798332606776E-04   0.1729913627404161E-06   0.1425684273846559E-04   0.1409736944206343E-03
  0.9107500000000000E+02   0.9850278185206196E+00   0.1365414598667627E-03  -0.7514320882987979E-02   0.6878762219936514E-04   0.1727840579670583E-06   0.1422412132111066E-04   0.1407237961508431E-03
  0.9112499999999999E+02   0.9850448698660377E+00   0.1363042990183885E-03  -0.7505730706081071E-02   0.6866754964507667E-04   0.1725771464857769E-06   0.1419149481482372E-04   0.1404745075350712E-03
  0.9117500000000000E+02   0.9850618916065332E+00   0.1360677029476136E-03  -0.7497155517764198E-02   0.6854776472635539E-04   0.1723706271345950E-06   0.1415896288406409E-04   0.1402258265608005E-03
  0.9122499999999999E+02   0.9850788838125640E+00   0.1358316698351380E-03  -0.7488595282154065E-02   0.6842826651133172E-04   0.1721644987588906E-06   0.1412652519471823E-04   0.1399777512262209E-03
  0.9127499999999999E+02   0.9850958465543612E+00   0.1355961978712370E-03  -0.7480049963484059E-02   0.6830905407304320E-04   0.1719587602112547E-06   0.1409418141409646E-04   0.1397302795400825E-03
  0.9132500000000000E+02   0.9851127799019305E+00   0.1353612852556270E-03  -0.7471519526102588E-02   0.6819012648936619E-04   0.1717534103513530E-06   0.1406193121092126E-04   0.1394834095215533E-03
  0.9137500000000000E+02   0.9851296839250538E+00   0.1351269301973377E-03  -0.7463003934472634E-02   0.6807148284295120E-04   0.1715484480457960E-06   0.1402977425532034E-04   0.1392371392000824E-03
  0.9142500000000000E+02   0.9851465586932899E+00   0.1348931309145875E-03  -0.7454503153171976E-02   0.6795312222115925E-04   0.1713438721680118E-06   0.1399771021882214E-04   0.1389914666152668E-03
  0.9147499999999999E+02   0.9851634042759759E+00   0.1346598856346624E-03  -0.7446017146891304E-02   0.6783504371600067E-04   0.1711396815981241E-06   0.1396573877434344E-04   0.1387463898167227E-03
  0.9152499999999999E+02   0.9851802207422281E+00   0.1344271925938008E-03  -0.7437545880434993E-02   0.6771724642407619E-04   0.1709358752228353E-06   0.1393385959618713E-04   0.1385019068639617E-03
  0.9157500000000000E+02   0.9851970081609429E+00   0.1341950500370793E-03  -0.7429089318719551E-02   0.6759972944651913E-04   0.1707324519353125E-06   0.1390207236003109E-04   0.1382580158262691E-03
  0.9162500000000000E+02   0.9852137666007984E+00   0.1339634562183050E-03  -0.7420647426773730E-02   0.6748249188894046E-04   0.1705294106350797E-06   0.1387037674292353E-04   0.1380147147825881E-03
  0.9167499999999998E+02   0.9852304961302556E+00   0.1337324093999080E-03  -0.7412220169737083E-02   0.6736553286137418E-04   0.1703267502279105E-06   0.1383877242327236E-04   0.1377720018214050E-03
  0.9172499999999999E+02   0.9852471968175586E+00   0.1335019078528403E-03  -0.7403807512860405E-02   0.6724885147822589E-04   0.1701244696257288E-06   0.1380725908084184E-04   0.1375298750406406E-03
  0.9177500000000001E+02   0.9852638687307362E+00   0.1332719498564750E-03  -0.7395409421505073E-02   0.6713244685822148E-04   0.1699225677465088E-06   0.1377583639674494E-04   0.1372883325475420E-03
  0.9182500000000000E+02   0.9852805119376031E+00   0.1330425336985103E-03  -0.7387025861141483E-02   0.6701631812435829E-04   0.1697210435141812E-06   0.1374450405343259E-04   0.1370473724585796E-03
  0.9187500000000000E+02   0.9852971265057607E+00   0.1328136576748750E-03  -0.7378656797350058E-02   0.6690046440385688E-04   0.1695198958585403E-06   0.1371326173469229E-04   0.1368069928993452E-03
  0.9192500000000000E+02   0.9853137125025982E+00   0.1325853200896376E-03  -0.7370302195819245E-02   0.6678488482811498E-04   0.1693191237151568E-06   0.1368210912563579E-04   0.1365671920044547E-03
  0.9197499999999999E+02   0.9853302699952932E+00   0.1323575192549175E-03  -0.7361962022346291E-02   0.6666957853266207E-04   0.1691187260252906E-06   0.1365104591269697E-04   0.1363279679174524E-03
  0.9202500000000001E+02   0.9853467990508136E+00   0.1321302534907986E-03  -0.7353636242835471E-02   0.6655454465711525E-04   0.1689187017358082E-06   0.1362007178362033E-04   0.1360893187907169E-03
  0.9207500000000000E+02   0.9853632997359173E+00   0.1319035211252452E-03  -0.7345324823298971E-02   0.6643978234513691E-04   0.1687190497991028E-06   0.1358918642745943E-04   0.1358512427853725E-03
  0.9212499999999999E+02   0.9853797721171547E+00   0.1316773204940204E-03  -0.7337027729854895E-02   0.6632529074439252E-04   0.1685197691730151E-06   0.1355838953456459E-04   0.1356137380711989E-03
  0.9217500000000000E+02   0.9853962162608682E+00   0.1314516499406060E-03  -0.7328744928728259E-02   0.6621106900651013E-04   0.1683208588207578E-06   0.1352768079658178E-04   0.1353768028265461E-03
  0.9222499999999999E+02   0.9854126322331942E+00   0.1312265078161255E-03  -0.7320476386249331E-02   0.6609711628704122E-04   0.1681223177108437E-06   0.1349705990644162E-04   0.1351404352382510E-03
  0.9227500000000001E+02   0.9854290201000636E+00   0.1310018924792674E-03  -0.7312222068853735E-02   0.6598343174542127E-04   0.1679241448170121E-06   0.1346652655835509E-04   0.1349046335015537E-03
  0.9232500000000000E+02   0.9854453799272027E+00   0.1307778022962127E-03  -0.7303981943081683E-02   0.6587001454493308E-04   0.1677263391181621E-06   0.1343608044780586E-04   0.1346693958200203E-03
  0.9237499999999999E+02   0.9854617117801343E+00   0.1305542356405614E-03  -0.7295755975577856E-02   0.6575686385266908E-04   0.1675288995982836E-06   0.1340572127154512E-04   0.1344347204054617E-03
  0.9242500000000000E+02   0.9854780157241787E+00   0.1303311908932634E-03  -0.7287544133090518E-02   0.6564397883949617E-04   0.1673318252463935E-06   0.1337544872758378E-04   0.1342006054778602E-03
  0.9247500000000001E+02   0.9854942918244540E+00   0.1301086664425490E-03  -0.7279346382471519E-02   0.6553135868002033E-04   0.1671351150564713E-06   0.1334526251518761E-04   0.1339670492652932E-03
  0.9252499999999999E+02   0.9855105401458780E+00   0.1298866606838620E-03  -0.7271162690675181E-02   0.6541900255255232E-04   0.1669387680273979E-06   0.1331516233486868E-04   0.1337340500038610E-03
  0.9257499999999999E+02   0.9855267607531681E+00   0.1296651720197946E-03  -0.7262993024758524E-02   0.6530690963907445E-04   0.1667427831628961E-06   0.1328514788838149E-04   0.1335016059376155E-03
  0.9262499999999999E+02   0.9855429537108430E+00   0.1294441988600221E-03  -0.7254837351880483E-02   0.6519507912520741E-04   0.1665471594714709E-06   0.1325521887871556E-04   0.1332697153184902E-03
  0.9267500000000000E+02   0.9855591190832228E+00   0.1292237396212419E-03  -0.7246695639301248E-02   0.6508351020017898E-04   0.1663518959663549E-06   0.1322537501008845E-04   0.1330383764062328E-03
  0.9272500000000001E+02   0.9855752569344308E+00   0.1290037927271104E-03  -0.7238567854382372E-02   0.6497220205679191E-04   0.1661569916654510E-06   0.1319561598794162E-04   0.1328075874683371E-03
  0.9277499999999999E+02   0.9855913673283936E+00   0.1287843566081842E-03  -0.7230453964585548E-02   0.6486115389139372E-04   0.1659624455912796E-06   0.1316594151893145E-04   0.1325773467799790E-03
  0.9282499999999999E+02   0.9856074503288420E+00   0.1285654297018609E-03  -0.7222353937473169E-02   0.6475036490384656E-04   0.1657682567709262E-06   0.1313635131092687E-04   0.1323476526239515E-03
  0.9287500000000000E+02   0.9856235059993124E+00   0.1283470104523211E-03  -0.7214267740707103E-02   0.6463983429749765E-04   0.1655744242359895E-06   0.1310684507300036E-04   0.1321185032906017E-03
  0.9292500000000000E+02   0.9856395344031469E+00   0.1281290973104730E-03  -0.7206195342048249E-02   0.6452956127915074E-04   0.1653809470225327E-06   0.1307742251542195E-04   0.1318898970777705E-03
  0.9297499999999999E+02   0.9856555356034951E+00   0.1279116887338959E-03  -0.7198136709356873E-02   0.6441954505903748E-04   0.1651878241710335E-06   0.1304808334965607E-04   0.1316618322907305E-03
  0.9302500000000001E+02   0.9856715096633137E+00   0.1276947831867869E-03  -0.7190091810591270E-02   0.6430978485079001E-04   0.1649950547263379E-06   0.1301882728835228E-04   0.1314343072421282E-03
  0.9307499999999999E+02   0.9856874566453684E+00   0.1274783791399076E-03  -0.7182060613808106E-02   0.6420027987141373E-04   0.1648026377376133E-06   0.1298965404534216E-04   0.1312073202519249E-03
  0.9312500000000000E+02   0.9857033766122344E+00   0.1272624750705314E-03  -0.7174043087160964E-02   0.6409102934126043E-04   0.1646105722583030E-06   0.1296056333562975E-04   0.1309808696473401E-03
  0.9317500000000000E+02   0.9857192696262965E+00   0.1270470694623931E-03  -0.7166039198901575E-02   0.6398203248400230E-04   0.1644188573460823E-06   0.1293155487539168E-04   0.1307549537627954E-03
  0.9322499999999999E+02   0.9857351357497511E+00   0.1268321608056382E-03  -0.7158048917377702E-02   0.6387328852660631E-04   0.1642274920628158E-06   0.1290262838196524E-04   0.1305295709398594E-03
  0.9327500000000001E+02   0.9857509750446063E+00   0.1266177475967738E-03  -0.7150072211033698E-02   0.6376479669930883E-04   0.1640364754745145E-06   0.1287378357384616E-04   0.1303047195271938E-03
  0.9332499999999999E+02   0.9857667875726823E+00   0.1264038283386203E-03  -0.7142109048409950E-02   0.6365655623559098E-04   0.1638458066512952E-06   0.1284502017068239E-04   0.1300803978805000E-03
  0.9337500000000000E+02   0.9857825733956134E+00   0.1261904015402635E-03  -0.7134159398142215E-02   0.6354856637215409E-04   0.1636554846673396E-06   0.1281633789326748E-04   0.1298566043624671E-03
  0.9342500000000000E+02   0.9857983325748475E+00   0.1259774657170080E-03  -0.7126223228961504E-02   0.6344082634889602E-04   0.1634655086008551E-06   0.1278773646353599E-04   0.1296333373427205E-03
  0.9347499999999999E+02   0.9858140651716477E+00   0.1257650193903316E-03  -0.7118300509693642E-02   0.6333333540888750E-04   0.1632758775340363E-06   0.1275921560455778E-04   0.1294105951977713E-03
  0.9352500000000001E+02   0.9858297712470926E+00   0.1255530610878398E-03  -0.7110391209258604E-02   0.6322609279834904E-04   0.1630865905530274E-06   0.1273077504053142E-04   0.1291883763109669E-03
  0.9357499999999999E+02   0.9858454508620773E+00   0.1253415893432214E-03  -0.7102495296670730E-02   0.6311909776662828E-04   0.1628976467478851E-06   0.1270241449678095E-04   0.1289666790724422E-03
  0.9362500000000000E+02   0.9858611040773143E+00   0.1251306026962049E-03  -0.7094612741037398E-02   0.6301234956617738E-04   0.1627090452125418E-06   0.1267413369974697E-04   0.1287455018790707E-03
  0.9367500000000000E+02   0.9858767309533339E+00   0.1249200996925158E-03  -0.7086743511559579E-02   0.6290584745253129E-04   0.1625207850447711E-06   0.1264593237698461E-04   0.1285248431344182E-03
  0.9372499999999999E+02   0.9858923315504848E+00   0.1247100788838340E-03  -0.7078887577530946E-02   0.6279959068428602E-04   0.1623328653461527E-06   0.1261781025715625E-04   0.1283047012486959E-03
  0.9377500000000001E+02   0.9859079059289360E+00   0.1245005388277521E-03  -0.7071044908337432E-02   0.6269357852307710E-04   0.1621452852220381E-06   0.1258976707002597E-04   0.1280850746387138E-03
  0.9382500000000000E+02   0.9859234541486757E+00   0.1242914780877349E-03  -0.7063215473457451E-02   0.6258781023355896E-04   0.1619580437815177E-06   0.1256180254645633E-04   0.1278659617278366E-03
  0.9387499999999999E+02   0.9859389762695134E+00   0.1240828952330788E-03  -0.7055399242460569E-02   0.6248228508338390E-04   0.1617711401373875E-06   0.1253391641839966E-04   0.1276473609459384E-03
  0.9392500000000000E+02   0.9859544723510805E+00   0.1238747888388717E-03  -0.7047596185007943E-02   0.6237700234318190E-04   0.1615845734061175E-06   0.1250610841889566E-04   0.1274292707293590E-03
  0.9397500000000001E+02   0.9859699424528303E+00   0.1236671574859548E-03  -0.7039806270851767E-02   0.6227196128654064E-04   0.1613983427078204E-06   0.1247837828206553E-04   0.1272116895208609E-03
  0.9402500000000001E+02   0.9859853866340396E+00   0.1234599997608833E-03  -0.7032029469834611E-02   0.6216716118998560E-04   0.1612124471662200E-06   0.1245072574310569E-04   0.1269946157695862E-03
  0.9407499999999999E+02   0.9860008049538085E+00   0.1232533142558884E-03  -0.7024265751889081E-02   0.6206260133296048E-04   0.1610268859086213E-06   0.1242315053828270E-04   0.1267780479310150E-03
  0.9412499999999999E+02   0.9860161974710618E+00   0.1230470995688403E-03  -0.7016515087038155E-02   0.6195828099780824E-04   0.1608416580658811E-06   0.1239565240493059E-04   0.1265619844669236E-03
  0.9417500000000000E+02   0.9860315642445497E+00   0.1228413543032108E-03  -0.7008777445393632E-02   0.6185419946975188E-04   0.1606567627723779E-06   0.1236823108144150E-04   0.1263464238453436E-03
  0.9422500000000001E+02   0.9860469053328481E+00   0.1226360770680375E-03  -0.7001052797157015E-02   0.6175035603687615E-04   0.1604721991659846E-06   0.1234088630726502E-04   0.1261313645405221E-03
  0.9427499999999999E+02   0.9860622207943593E+00   0.1224312664778873E-03  -0.6993341112618179E-02   0.6164674999010877E-04   0.1602879663880390E-06   0.1231361782289967E-04   0.1259168050328815E-03
  0.9432499999999999E+02   0.9860775106873131E+00   0.1222269211528211E-03  -0.6985642362155597E-02   0.6154338062320224E-04   0.1601040635833163E-06   0.1228642536988992E-04   0.1257027438089799E-03
  0.9437500000000000E+02   0.9860927750697671E+00   0.1220230397183593E-03  -0.6977956516235673E-02   0.6144024723271630E-04   0.1599204899000030E-06   0.1225930869082004E-04   0.1254891793614728E-03
  0.9442500000000000E+02   0.9861080139996077E+00   0.1218196208054468E-03  -0.6970283545412737E-02   0.6133734911799984E-04   0.1597372444896691E-06   0.1223226752931042E-04   0.1252761101890749E-03
  0.9447500000000001E+02   0.9861232275345503E+00   0.1216166630504192E-03  -0.6962623420328162E-02   0.6123468558117350E-04   0.1595543265072416E-06   0.1220530163001069E-04   0.1250635347965217E-03
  0.9452499999999999E+02   0.9861384157321407E+00   0.1214141650949694E-03  -0.6954976111710587E-02   0.6113225592711272E-04   0.1593717351109801E-06   0.1217841073859681E-04   0.1248514516945331E-03
  0.9457499999999999E+02   0.9861535786497547E+00   0.1212121255861139E-03  -0.6947341590375244E-02   0.6103005946343030E-04   0.1591894694624499E-06   0.1215159460176507E-04   0.1246398593997756E-03
  0.9462500000000000E+02   0.9861687163446000E+00   0.1210105431761608E-03  -0.6939719827223856E-02   0.6092809550045994E-04   0.1590075287264979E-06   0.1212485296722803E-04   0.1244287564348267E-03
  0.9467500000000000E+02   0.9861838288737160E+00   0.1208094165226770E-03  -0.6932110793243629E-02   0.6082636335123937E-04   0.1588259120712273E-06   0.1209818558370737E-04   0.1242181413281384E-03
  0.9472499999999999E+02   0.9861989162939749E+00   0.1206087442884563E-03  -0.6924514459508035E-02   0.6072486233149422E-04   0.1586446186679745E-06   0.1207159220093305E-04   0.1240080126140019E-03
  0.9477499999999999E+02   0.9862139786620817E+00   0.1204085251414882E-03  -0.6916930797175702E-02   0.6062359175962165E-04   0.1584636476912843E-06   0.1204507256963574E-04   0.1237983688325127E-03
  0.9482499999999999E+02   0.9862290160345756E+00   0.1202087577549260E-03  -0.6909359777490076E-02   0.6052255095667414E-04   0.1582829983188861E-06   0.1201862644154218E-04   0.1235892085295350E-03
  0.9487500000000000E+02   0.9862440284678305E+00   0.1200094408070572E-03  -0.6901801371779204E-02   0.6042173924634432E-04   0.1581026697316729E-06   0.1199225356937074E-04   0.1233805302566690E-03
  0.9492500000000000E+02   0.9862590160180553E+00   0.1198105729812719E-03  -0.6894255551455841E-02   0.6032115595494861E-04   0.1579226611136760E-06   0.1196595370682838E-04   0.1231723325712154E-03
  0.9497499999999999E+02   0.9862739787412946E+00   0.1196121529660337E-03  -0.6886722288016345E-02   0.6022080041141230E-04   0.1577429716520446E-06   0.1193972660860319E-04   0.1229646140361429E-03
  0.9502499999999999E+02   0.9862889166934298E+00   0.1194141794548490E-03  -0.6879201553041114E-02   0.6012067194725394E-04   0.1575636005370226E-06   0.1191357203036244E-04   0.1227573732200544E-03
  0.9507500000000000E+02   0.9863038299301790E+00   0.1192166511462384E-03  -0.6871693318193817E-02   0.6002076989657032E-04   0.1573845469619270E-06   0.1188748972874643E-04   0.1225506086971546E-03
  0.9512500000000000E+02   0.9863187185070983E+00   0.1190195667437079E-03  -0.6864197555220719E-02   0.5992109359602191E-04   0.1572058101231277E-06   0.1186147946136271E-04   0.1223443190472180E-03
  0.9517500000000000E+02   0.9863335824795819E+00   0.1188229249557190E-03  -0.6856714235951356E-02   0.5982164238481747E-04   0.1570273892200248E-06   0.1183554098678489E-04   0.1221385028555557E-03
  0.9522499999999999E+02   0.9863484219028631E+00   0.1186267244956614E-03  -0.6849243332297528E-02   0.5972241560469990E-04   0.1568492834550286E-06   0.1180967406454584E-04   0.1219331587129846E-03
  0.9527499999999999E+02   0.9863632368320149E+00   0.1184309640818243E-03  -0.6841784816252861E-02   0.5962341259993155E-04   0.1566714920335393E-06   0.1178387845513269E-04   0.1217282852157957E-03
  0.9532500000000000E+02   0.9863780273219499E+00   0.1182356424373692E-03  -0.6834338659893135E-02   0.5952463271728026E-04   0.1564940141639265E-06   0.1175815391998461E-04   0.1215238809657232E-03
  0.9537499999999999E+02   0.9863927934274220E+00   0.1180407582903018E-03  -0.6826904835375402E-02   0.5942607530600484E-04   0.1563168490575094E-06   0.1173250022148636E-04   0.1213199445699136E-03
  0.9542500000000000E+02   0.9864075352030264E+00   0.1178463103734450E-03  -0.6819483314937869E-02   0.5932773971784130E-04   0.1561399959285372E-06   0.1170691712296457E-04   0.1211164746408952E-03
  0.9547500000000001E+02   0.9864222527032001E+00   0.1176522974244121E-03  -0.6812074070899454E-02   0.5922962530698888E-04   0.1559634539941691E-06   0.1168140438868285E-04   0.1209134697965483E-03
  0.9552499999999999E+02   0.9864369459822229E+00   0.1174587181855804E-03  -0.6804677075659682E-02   0.5913173143009665E-04   0.1557872224744568E-06   0.1165596178383815E-04   0.1207109286600752E-03
  0.9557500000000000E+02   0.9864516150942172E+00   0.1172655714040643E-03  -0.6797292301698787E-02   0.5903405744624956E-04   0.1556113005923238E-06   0.1163058907455776E-04   0.1205088498599709E-03
  0.9562500000000000E+02   0.9864662600931500E+00   0.1170728558316894E-03  -0.6789919721576165E-02   0.5893660271695526E-04   0.1554356875735481E-06   0.1160528602789075E-04   0.1203072320299934E-03
  0.9567500000000000E+02   0.9864808810328320E+00   0.1168805702249671E-03  -0.6782559307931257E-02   0.5883936660613074E-04   0.1552603826467430E-06   0.1158005241180774E-04   0.1201060738091353E-03
  0.9572500000000001E+02   0.9864954779669192E+00   0.1166887133450684E-03  -0.6775211033482775E-02   0.5874234848008919E-04   0.1550853850433396E-06   0.1155488799519498E-04   0.1199053738415950E-03
  0.9577499999999999E+02   0.9865100509489129E+00   0.1164972839577993E-03  -0.6767874871028368E-02   0.5864554770752712E-04   0.1549106939975690E-06   0.1152979254784999E-04   0.1197051307767485E-03
  0.9582499999999999E+02   0.9865246000321604E+00   0.1163062808335747E-03  -0.6760550793444620E-02   0.5854896365951099E-04   0.1547363087464435E-06   0.1150476584047832E-04   0.1195053432691205E-03
  0.9587500000000000E+02   0.9865391252698558E+00   0.1161157027473950E-03  -0.6753238773686387E-02   0.5845259570946527E-04   0.1545622285297414E-06   0.1147980764468814E-04   0.1193060099783582E-03
  0.9592500000000000E+02   0.9865536267150403E+00   0.1159255484788201E-03  -0.6745938784786687E-02   0.5835644323315882E-04   0.1543884525899867E-06   0.1145491773298662E-04   0.1191071295692017E-03
  0.9597499999999999E+02   0.9865681044206034E+00   0.1157358168119463E-03  -0.6738650799856249E-02   0.5826050560869319E-04   0.1542149801724354E-06   0.1143009587877528E-04   0.1189087007114586E-03
  0.9602499999999999E+02   0.9865825584392821E+00   0.1155465065353809E-03  -0.6731374792083744E-02   0.5816478221648958E-04   0.1540418105250559E-06   0.1140534185634759E-04   0.1187107220799754E-03
  0.9607499999999999E+02   0.9865969888236631E+00   0.1153576164422199E-03  -0.6724110734734778E-02   0.5806927243927715E-04   0.1538689428985149E-06   0.1138065544088249E-04   0.1185131923546121E-03
  0.9612500000000000E+02   0.9866113956261822E+00   0.1151691453300228E-03  -0.6716858601151898E-02   0.5797397566208021E-04   0.1536963765461586E-06   0.1135603640844120E-04   0.1183161102202144E-03
  0.9617500000000001E+02   0.9866257788991249E+00   0.1149810920007899E-03  -0.6709618364754810E-02   0.5787889127220662E-04   0.1535241107239984E-06   0.1133148453596494E-04   0.1181194743665879E-03
  0.9622499999999999E+02   0.9866401386946281E+00   0.1147934552609396E-03  -0.6702389999039160E-02   0.5778401865923578E-04   0.1533521446906942E-06   0.1130699960126769E-04   0.1179232834884728E-03
  0.9627499999999999E+02   0.9866544750646793E+00   0.1146062339212842E-03  -0.6695173477576755E-02   0.5768935721500644E-04   0.1531804777075385E-06   0.1128258138303387E-04   0.1177275362855162E-03
  0.9632499999999999E+02   0.9866687880611178E+00   0.1144194267970079E-03  -0.6687968774015562E-02   0.5759490633360543E-04   0.1530091090384410E-06   0.1125822966081530E-04   0.1175322314622485E-03
  0.9637500000000000E+02   0.9866830777356351E+00   0.1142330327076437E-03  -0.6680775862078825E-02   0.5750066541135551E-04   0.1528380379499127E-06   0.1123394421502517E-04   0.1173373677280563E-03
  0.9642500000000001E+02   0.9866973441397755E+00   0.1140470504770518E-03  -0.6673594715565279E-02   0.5740663384680434E-04   0.1526672637110513E-06   0.1120972482693579E-04   0.1171429437971585E-03
  0.9647499999999999E+02   0.9867115873249366E+00   0.1138614789333968E-03  -0.6666425308348489E-02   0.5731281104071282E-04   0.1524967855935261E-06   0.1118557127867329E-04   0.1169489583885809E-03
  0.9652499999999999E+02   0.9867258073423698E+00   0.1136763169091254E-03  -0.6659267614376740E-02   0.5721919639604353E-04   0.1523266028715621E-06   0.1116148335321433E-04   0.1167554102261308E-03
  0.9657500000000000E+02   0.9867400042431812E+00   0.1134915632409454E-03  -0.6652121607673145E-02   0.5712578931795002E-04   0.1521567148219269E-06   0.1113746083438346E-04   0.1165622980383738E-03
  0.9662500000000000E+02   0.9867541780783313E+00   0.1133072167698033E-03  -0.6644987262334534E-02   0.5703258921376509E-04   0.1519871207239142E-06   0.1111350350684646E-04   0.1163696205586081E-03
  0.9667500000000000E+02   0.9867683288986363E+00   0.1131232763408633E-03  -0.6637864552531902E-02   0.5693959549299006E-04   0.1518178198593306E-06   0.1108961115610886E-04   0.1161773765248410E-03
  0.9672499999999999E+02   0.9867824567547684E+00   0.1129397408034863E-03  -0.6630753452509963E-02   0.5684680756728408E-04   0.1516488115124821E-06   0.1106578356851159E-04   0.1159855646797658E-03
  0.9677499999999999E+02   0.9867965616972562E+00   0.1127566090112078E-03  -0.6623653936586704E-02   0.5675422485045251E-04   0.1514800949701574E-06   0.1104202053122650E-04   0.1157941837707361E-03
  0.9682500000000000E+02   0.9868106437764855E+00   0.1125738798217181E-03  -0.6616565979153055E-02   0.5666184675843691E-04   0.1513116695216165E-06   0.1101832183225245E-04   0.1156032325497441E-03
  0.9687500000000000E+02   0.9868247030426993E+00   0.1123915520968409E-03  -0.6609489554672998E-02   0.5656967270930387E-04   0.1511435344585755E-06   0.1099468726041272E-04   0.1154127097733963E-03
  0.9692500000000000E+02   0.9868387395459989E+00   0.1122096247025131E-03  -0.6602424637683346E-02   0.5647770212323472E-04   0.1509756890751936E-06   0.1097111660535144E-04   0.1152226142028906E-03
  0.9697499999999999E+02   0.9868527533363440E+00   0.1120280965087640E-03  -0.6595371202792522E-02   0.5638593442251482E-04   0.1508081326680589E-06   0.1094760965752669E-04   0.1150329446039935E-03
  0.9702499999999999E+02   0.9868667444635535E+00   0.1118469663896958E-03  -0.6588329224681666E-02   0.5629436903152328E-04   0.1506408645361760E-06   0.1092416620821133E-04   0.1148436997470171E-03
  0.9707500000000000E+02   0.9868807129773057E+00   0.1116662332234624E-03  -0.6581298678103420E-02   0.5620300537672249E-04   0.1504738839809517E-06   0.1090078604948615E-04   0.1146548784067963E-03
  0.9712500000000000E+02   0.9868946589271392E+00   0.1114858958922504E-03  -0.6574279537882033E-02   0.5611184288664772E-04   0.1503071903061818E-06   0.1087746897423741E-04   0.1144664793626666E-03
  0.9717500000000000E+02   0.9869085823624530E+00   0.1113059532822595E-03  -0.6567271778912920E-02   0.5602088099189766E-04   0.1501407828180402E-06   0.1085421477615260E-04   0.1142785013984424E-03
  0.9722499999999999E+02   0.9869224833325073E+00   0.1111264042836820E-03  -0.6560275376162772E-02   0.5593011912512340E-04   0.1499746608250632E-06   0.1083102324971798E-04   0.1140909433023939E-03
  0.9727499999999999E+02   0.9869363618864235E+00   0.1109472477906840E-03  -0.6553290304668891E-02   0.5583955672101884E-04   0.1498088236381384E-06   0.1080789419021371E-04   0.1139038038672256E-03
  0.9732500000000000E+02   0.9869502180731857E+00   0.1107684827013861E-03  -0.6546316539538743E-02   0.5574919321631093E-04   0.1496432705704923E-06   0.1078482739370954E-04   0.1137170818900550E-03
  0.9737500000000000E+02   0.9869640519416401E+00   0.1105901079178439E-03  -0.6539354055950741E-02   0.5565902804974938E-04   0.1494780009376764E-06   0.1076182265706468E-04   0.1135307761723903E-03
  0.9742500000000000E+02   0.9869778635404960E+00   0.1104121223460298E-03  -0.6532402829152906E-02   0.5556906066209735E-04   0.1493130140575569E-06   0.1073887977792072E-04   0.1133448855201096E-03
  0.9747499999999999E+02   0.9869916529183265E+00   0.1102345248958129E-03  -0.6525462834462870E-02   0.5547929049612125E-04   0.1491483092503003E-06   0.1071599855469885E-04   0.1131594087434392E-03
  0.9752500000000001E+02   0.9870054201235683E+00   0.1100573144809416E-03  -0.6518534047268210E-02   0.5538971699658156E-04   0.1489838858383633E-06   0.1069317878659835E-04   0.1129743446569329E-03
  0.9757499999999999E+02   0.9870191652045232E+00   0.1098804900190240E-03  -0.6511616443025114E-02   0.5530033961022280E-04   0.1488197431464788E-06   0.1067042027358945E-04   0.1127896920794505E-03
  0.9762500000000000E+02   0.9870328882093573E+00   0.1097040504315103E-03  -0.6504709997259606E-02   0.5521115778576448E-04   0.1486558805016460E-06   0.1064772281641475E-04   0.1126054498341378E-03
  0.9767500000000000E+02   0.9870465891861027E+00   0.1095279946436741E-03  -0.6497814685565761E-02   0.5512217097389148E-04   0.1484922972331174E-06   0.1062508621658068E-04   0.1124216167484055E-03
  0.9772499999999999E+02   0.9870602681826574E+00   0.1093523215845941E-03  -0.6490930483606494E-02   0.5503337862724451E-04   0.1483289926723870E-06   0.1060251027635748E-04   0.1122381916539084E-03
  0.9777499999999999E+02   0.9870739252467854E+00   0.1091770301871368E-03  -0.6484057367112883E-02   0.5494478020041126E-04   0.1481659661531799E-06   0.1057999479877430E-04   0.1120551733865262E-03
  0.9782499999999999E+02   0.9870875604261179E+00   0.1090021193879371E-03  -0.6477195311884287E-02   0.5485637514991658E-04   0.1480032170114392E-06   0.1055753958761707E-04   0.1118725607863416E-03
  0.9787500000000000E+02   0.9871011737681537E+00   0.1088275881273829E-03  -0.6470344293787345E-02   0.5476816293421404E-04   0.1478407445853167E-06   0.1053514444742254E-04   0.1116903526976220E-03
  0.9792500000000000E+02   0.9871147653202589E+00   0.1086534353495953E-03  -0.6463504288756972E-02   0.5468014301367638E-04   0.1476785482151598E-06   0.1051280918347899E-04   0.1115085479687988E-03
  0.9797499999999999E+02   0.9871283351296682E+00   0.1084796600024121E-03  -0.6456675272794588E-02   0.5459231485058643E-04   0.1475166272435013E-06   0.1049053360181790E-04   0.1113271454524474E-03
  0.9802499999999999E+02   0.9871418832434853E+00   0.1083062610373704E-03  -0.6449857221969335E-02   0.5450467790912849E-04   0.1473549810150480E-06   0.1046831750921534E-04   0.1111461440052679E-03
  0.9807500000000000E+02   0.9871554097086823E+00   0.1081332374096893E-03  -0.6443050112416859E-02   0.5441723165537925E-04   0.1471936088766705E-06   0.1044616071318546E-04   0.1109655424880662E-03
  0.9812500000000000E+02   0.9871689145721020E+00   0.1079605880782526E-03  -0.6436253920339419E-02   0.5432997555729891E-04   0.1470325101773912E-06   0.1042406302197829E-04   0.1107853397657334E-03
  0.9817500000000000E+02   0.9871823978804567E+00   0.1077883120055922E-03  -0.6429468622005774E-02   0.5424290908472262E-04   0.1468716842683744E-06   0.1040202424457693E-04   0.1106055347072278E-03
  0.9822499999999999E+02   0.9871958596803292E+00   0.1076164081578705E-03  -0.6422694193750744E-02   0.5415603170935147E-04   0.1467111305029155E-06   0.1038004419069354E-04   0.1104261261855550E-03
  0.9827499999999999E+02   0.9872093000181739E+00   0.1074448755048645E-03  -0.6415930611974985E-02   0.5406934290474416E-04   0.1465508482364300E-06   0.1035812267076617E-04   0.1102471130777495E-03
  0.9832500000000000E+02   0.9872227189403162E+00   0.1072737130199485E-03  -0.6409177853144876E-02   0.5398284214630821E-04   0.1463908368264437E-06   0.1033625949595588E-04   0.1100684942648557E-03
  0.9837500000000000E+02   0.9872361164929536E+00   0.1071029196800782E-03  -0.6402435893792302E-02   0.5389652891129155E-04   0.1462310956325819E-06   0.1031445447814360E-04   0.1098902686319093E-03
  0.9842500000000000E+02   0.9872494927221561E+00   0.1069324944657733E-03  -0.6395704710514205E-02   0.5381040267877395E-04   0.1460716240165591E-06   0.1029270742992620E-04   0.1097124350679185E-03
  0.9847499999999999E+02   0.9872628476738663E+00   0.1067624363611024E-03  -0.6388984279972809E-02   0.5372446292965876E-04   0.1459124213421692E-06   0.1027101816461479E-04   0.1095349924658460E-03
  0.9852499999999999E+02   0.9872761813939003E+00   0.1065927443536657E-03  -0.6382274578894509E-02   0.5363870914666433E-04   0.1457534869752745E-06   0.1024938649622872E-04   0.1093579397225902E-03
  0.9857500000000000E+02   0.9872894939279476E+00   0.1064234174345799E-03  -0.6375575584070869E-02   0.5355314081431600E-04   0.1455948202837968E-06   0.1022781223949633E-04   0.1091812757389676E-03
  0.9862500000000000E+02   0.9873027853215723E+00   0.1062544545984614E-03  -0.6368887272357293E-02   0.5346775741893765E-04   0.1454364206377066E-06   0.1020629520984833E-04   0.1090049994196944E-03
  0.9867499999999998E+02   0.9873160556202129E+00   0.1060858548434110E-03  -0.6362209620673576E-02   0.5338255844864362E-04   0.1452782874090138E-06   0.1018483522341711E-04   0.1088291096733684E-03
  0.9872499999999999E+02   0.9873293048691825E+00   0.1059176171709977E-03  -0.6355542606003017E-02   0.5329754339333044E-04   0.1451204199717573E-06   0.1016343209703160E-04   0.1086536054124515E-03
  0.9877500000000001E+02   0.9873425331136703E+00   0.1057497405862434E-03  -0.6348886205392978E-02   0.5321271174466896E-04   0.1449628177019957E-06   0.1014208564821658E-04   0.1084784855532520E-03
  0.9882500000000000E+02   0.9873557403987411E+00   0.1055822240976073E-03  -0.6342240395953880E-02   0.5312806299609628E-04   0.1448054799777979E-06   0.1012079569518722E-04   0.1083037490159071E-03
  0.9887500000000000E+02   0.9873689267693357E+00   0.1054150667169703E-03  -0.6335605154859758E-02   0.5304359664280760E-04   0.1446484061792328E-06   0.1009956205684842E-04   0.1081293947243649E-03
  0.9892499999999998E+02   0.9873820922702725E+00   0.1052482674596195E-03  -0.6328980459346822E-02   0.5295931218174850E-04   0.1444915956883606E-06   0.1007838455278794E-04   0.1079554216063677E-03
  0.9897499999999999E+02   0.9873952369462461E+00   0.1050818253442337E-03  -0.6322366286714787E-02   0.5287520911160705E-04   0.1443350478892231E-06   0.1005726300327827E-04   0.1077818285934344E-03
  0.9902500000000001E+02   0.9874083608418293E+00   0.1049157393928670E-03  -0.6315762614325648E-02   0.5279128693280587E-04   0.1441787621678340E-06   0.1003619722927047E-04   0.1076086146208435E-03
  0.9907499999999999E+02   0.9874214640014726E+00   0.1047500086309351E-03  -0.6309169419603688E-02   0.5270754514749449E-04   0.1440227379121703E-06   0.1001518705239184E-04   0.1074357786276158E-03
  0.9912499999999999E+02   0.9874345464695051E+00   0.1045846320871994E-03  -0.6302586680035249E-02   0.5262398325954168E-04   0.1438669745121628E-06   0.9994232294942940E-05   0.1072633195564983E-03
  0.9917500000000000E+02   0.9874476082901347E+00   0.1044196087937525E-03  -0.6296014373168846E-02   0.5254060077452758E-04   0.1437114713596869E-06   0.9973332779895673E-05   0.1070912363539463E-03
  0.9922499999999999E+02   0.9874606495074484E+00   0.1042549377860035E-03  -0.6289452476614388E-02   0.5245739719973639E-04   0.1435562278485539E-06   0.9952488330888537E-05   0.1069195279701077E-03
  0.9927500000000001E+02   0.9874736701654132E+00   0.1040906181026630E-03  -0.6282900968043070E-02   0.5237437204414833E-04   0.1434012433745013E-06   0.9931698772224013E-05   0.1067481933588055E-03
  0.9932500000000000E+02   0.9874866703078760E+00   0.1039266487857291E-03  -0.6276359825187816E-02   0.5229152481843277E-04   0.1432465173351850E-06   0.9910963928867762E-05   0.1065772314775222E-03
  0.9937499999999999E+02   0.9874996499785640E+00   0.1037630288804723E-03  -0.6269829025842388E-02   0.5220885503494022E-04   0.1430920491301696E-06   0.9890283626443553E-05   0.1064066412873829E-03
  0.9942500000000000E+02   0.9875126092210855E+00   0.1035997574354215E-03  -0.6263308547861279E-02   0.5212636220769512E-04   0.1429378381609200E-06   0.9869657691230690E-05   0.1062364217531391E-03
  0.9947499999999999E+02   0.9875255480789303E+00   0.1034368335023493E-03  -0.6256798369159600E-02   0.5204404585238832E-04   0.1427838838307922E-06   0.9849085950161480E-05   0.1060665718431524E-03
  0.9952499999999999E+02   0.9875384665954696E+00   0.1032742561362584E-03  -0.6250298467713078E-02   0.5196190548637011E-04   0.1426301855450256E-06   0.9828568230819009E-05   0.1058970905293789E-03
  0.9957500000000000E+02   0.9875513648139567E+00   0.1031120243953673E-03  -0.6243808821557617E-02   0.5187994062864264E-04   0.1424767427107342E-06   0.9808104361433564E-05   0.1057279767873530E-03
  0.9962499999999999E+02   0.9875642427775277E+00   0.1029501373410956E-03  -0.6237329408788739E-02   0.5179815079985261E-04   0.1423235547368969E-06   0.9787694170878702E-05   0.1055592295961712E-03
  0.9967500000000000E+02   0.9875771005292014E+00   0.1027885940380507E-03  -0.6230860207562361E-02   0.5171653552228413E-04   0.1421706210343503E-06   0.9767337488671544E-05   0.1053908479384763E-03
  0.9972499999999999E+02   0.9875899381118800E+00   0.1026273935540140E-03  -0.6224401196093465E-02   0.5163509431985187E-04   0.1420179410157803E-06   0.9747034144966419E-05   0.1052228308004428E-03
  0.9977499999999999E+02   0.9876027555683493E+00   0.1024665349599268E-03  -0.6217952352656764E-02   0.5155382671809362E-04   0.1418655140957134E-06   0.9726783970554810E-05   0.1050551771717598E-03
  0.9982500000000000E+02   0.9876155529412792E+00   0.1023060173298765E-03  -0.6211513655586143E-02   0.5147273224416321E-04   0.1417133396905082E-06   0.9706586796861501E-05   0.1048878860456166E-03
  0.9987500000000000E+02   0.9876283302732244E+00   0.1021458397410836E-03  -0.6205085083274109E-02   0.5139181042682375E-04   0.1415614172183477E-06   0.9686442455940684E-05   0.1047209564186867E-03
  0.9992500000000000E+02   0.9876410876066239E+00   0.1019860012738874E-03  -0.6198666614172343E-02   0.5131106079644034E-04   0.1414097460992309E-06   0.9666350780475607E-05   0.1045543872911128E-03
  0.9997499999999999E+02   0.9876538249838027E+00   0.1018265010117331E-03  -0.6192258226791147E-02   0.5123048288497352E-04   0.1412583257549650E-06   0.9646311603774724E-05   0.1043881776664918E-03
