#   omega (eV)      epsilon_1       epsilon_2       n               kappa           mu (cm^(-1))    R               epsinv
  0.2500000000000000E-01   0.1010347292040869E+01   0.1420814513646224E-05   0.5160331510037697E-02   0.7067601402015911E-06   0.4873110386215740E-12   0.6623034304405169E-05   0.1391861497186763E-05
  0.7500000000000000E-01   0.1010347644933679E+01   0.4262878265149647E-05   0.5160507052567764E-02   0.2120496296481885E-05   0.4386245886774453E-11   0.6623484747040310E-05   0.4176007439818181E-05
  0.1250000000000000E+00   0.1010348350825614E+01   0.7106246631356257E-05   0.5160858190423889E-02   0.3534880299731093E-05   0.1218649788154127E-10   0.6624385814224247E-05   0.6961422655859326E-05
  0.1750000000000000E+00   0.1010349409929416E+01   0.9951790829998587E-05   0.5161385029250676E-02   0.4950344779564421E-05   0.2389283525190653E-10   0.6625737869990126E-05   0.9748954757367264E-05
  0.2250000000000000E+00   0.1010350822564455E+01   0.1280038429431405E-04   0.5162087727644815E-02   0.6367323464841223E-05   0.3951241943278849E-10   0.6627541460898020E-05   0.1253945350457053E-04
  0.2750000000000000E+00   0.1010352589157051E+01   0.1565290356648322E-04   0.5162966497312294E-02   0.7786251626952015E-05   0.5905481600643613E-10   0.6629797316651550E-05   0.1533377167214605E-04
  0.3250000000000000E+00   0.1010354710240895E+01   0.1851022919834117E-04   0.5164021603277558E-02   0.9207566526713024E-05   0.8253200934391856E-10   0.6632506350919835E-05   0.1813276592254007E-04
  0.3749999999999999E+00   0.1010357186457576E+01   0.2137324666149379E-04   0.5165253364146860E-02   0.1063170786592579E-04   0.1099584209924674E-09   0.6635669662371145E-05   0.2093729768839780E-04
  0.4250000000000000E+00   0.1010360018557222E+01   0.2424284726901531E-04   0.5166662152423784E-02   0.1205911824468126E-04   0.1413509318663569E-09   0.6639288535914083E-05   0.2374823406620935E-04
  0.4749999999999999E+00   0.1010363207399247E+01   0.2711992911094891E-04   0.5168248394881170E-02   0.1349024362551036E-04   0.1767289083112099E-09   0.6643364444158249E-05   0.2656644872332402E-04
  0.5250000000000000E+00   0.1010366753953208E+01   0.3000539800589939E-04   0.5170012572987437E-02   0.1492553380551663E-04   0.2161142321242613E-09   0.6647899049090609E-05   0.2939282282054981E-04
  0.5750000000000001E+00   0.1010370659299782E+01   0.3290016847107177E-04   0.5171955223388647E-02   0.1636544289765827E-04   0.2595313346261419E-09   0.6652894203972504E-05   0.3222824595261759E-04
  0.6249999999999999E+00   0.1010374924631853E+01   0.3580516471319957E-04   0.5174076938449623E-02   0.1781042982239187E-04   0.3070072348933982E-09   0.6658351955467604E-05   0.3507361710887716E-04
  0.6749999999999999E+00   0.1010379551255717E+01   0.3872132164289897E-04   0.5176378366852363E-02   0.1926095881093572E-04   0.3585715822751905E-09   0.6664274545998270E-05   0.3792984565668114E-04
  0.7250000000000001E+00   0.1010384540592413E+01   0.4164958591508549E-04   0.5178860214254621E-02   0.2071749992146067E-04   0.4142567033324792E-09   0.6670664416339858E-05   0.4079785235001047E-04
  0.7749999999999999E+00   0.1010389894179177E+01   0.4459091699822267E-04   0.5181523244012221E-02   0.2218052956958205E-04   0.4740976533538556E-09   0.6677524208464623E-05   0.4367857036602375E-04
  0.8250000000000000E+00   0.1010395613671013E+01   0.4754628827529465E-04   0.5184368277959539E-02   0.2365053107458734E-04   0.5381322726187037E-09   0.6684856768623592E-05   0.4657294637233143E-04
  0.8749999999999999E+00   0.1010401700842415E+01   0.5051668817955250E-04   0.5187396197261718E-02   0.2512799522291211E-04   0.6064012475960919E-09   0.6692665150704209E-05   0.4948194162794816E-04
  0.9249999999999999E+00   0.1010408157589205E+01   0.5350312136824531E-04   0.5190607943328818E-02   0.2661342085045712E-04   0.6789481772865326E-09   0.6700952619841852E-05   0.5240653312103400E-04
  0.9750000000000001E+00   0.1010414985930523E+01   0.5650660993773224E-04   0.5194004518801698E-02   0.2810731544543117E-04   0.7558196449337778E-09   0.6709722656313883E-05   0.5534771474671322E-04
  0.1025000000000000E+01   0.1010422188010957E+01   0.5952819468357695E-04   0.5197586988608061E-02   0.2961019577350596E-04   0.8370652953552864E-09   0.6718978959716081E-05   0.5830649852845902E-04
  0.1075000000000000E+01   0.1010429766102820E+01   0.6256893640944658E-04   0.5201356481095765E-02   0.3112258852717897E-04   0.9227379181629534E-09   0.6728725453443843E-05   0.6128391588674599E-04
  0.1125000000000000E+01   0.1010437722608589E+01   0.6562991728888411E-04   0.5205314189239196E-02   0.3264503100136251E-04   0.1012893537170397E-08   0.6738966289471913E-05   0.6428101895891152E-04
  0.1175000000000000E+01   0.1010446060063502E+01   0.6871224228429570E-04   0.5209461371928459E-02   0.3417807179735255E-04   0.1107591506309761E-08   0.6749705853462522E-05   0.6729888197443071E-04
  0.1225000000000000E+01   0.1010454781138319E+01   0.7181704062779616E-04   0.5213799355340720E-02   0.3572227155748039E-04   0.1206894612409788E-08   0.6760948770205613E-05   0.7033860269010263E-04
  0.1275000000000000E+01   0.1010463888642266E+01   0.7494546736887511E-04   0.5218329534400379E-02   0.3727820373290872E-04   0.1310869185217902E-08   0.6772699909413956E-05   0.7340130388995401E-04
  0.1325000000000000E+01   0.1010473385526157E+01   0.7809870499421808E-04   0.5223053374326714E-02   0.3884645538721820E-04   0.1419585215082952E-08   0.6784964391875862E-05   0.7648813495502745E-04
  0.1375000000000000E+01   0.1010483274885706E+01   0.8127796512540737E-04   0.5227972412277904E-02   0.4042762803862393E-04   0.1533116478751765E-08   0.6797747595994963E-05   0.7960027350859951E-04
  0.1425000000000000E+01   0.1010493559965043E+01   0.8448449030066702E-04   0.5233088259096075E-02   0.4202233854387977E-04   0.1651540673772597E-08   0.6811055164736314E-05   0.8273892714279897E-04
  0.1475000000000000E+01   0.1010504244160432E+01   0.8771955584729771E-04   0.5238402601151604E-02   0.4363122002716712E-04   0.1774939562041991E-08   0.6824893012981827E-05   0.8590533523306312E-04
  0.1525000000000000E+01   0.1010515331024219E+01   0.9098447185197642E-04   0.5243917202301107E-02   0.4525492285752682E-04   0.1903399123078968E-08   0.6839267335340621E-05   0.8910077084738237E-04
  0.1575000000000000E+01   0.1010526824269001E+01   0.9428058523668184E-04   0.5249633905956452E-02   0.4689411567868426E-04   0.2037009717662358E-08   0.6854184614416273E-05   0.9232654275785015E-04
  0.1625000000000000E+01   0.1010538727772044E+01   0.9760928194864636E-04   0.5255554637275450E-02   0.4854948649543476E-04   0.2175866262523803E-08   0.6869651629568226E-05   0.9558399756265723E-04
  0.1675000000000000E+01   0.1010551045579947E+01   0.1009719892734542E-03   0.5261681405479113E-02   0.5022174382111284E-04   0.2320068416851371E-08   0.6885675466190234E-05   0.9887452192736378E-04
  0.1725000000000000E+01   0.1010563781913590E+01   0.1043701782811816E-03   0.5268016306301249E-02   0.5191161789105423E-04   0.2469720781426956E-08   0.6902263525531908E-05   0.1021995449550359E-03
  0.1775000000000000E+01   0.1010576941173348E+01   0.1078053664163501E-03   0.5274561524580168E-02   0.5361986194739402E-04   0.2624933111296098E-08   0.6919423535100881E-05   0.1055605406956825E-03
  0.1825000000000000E+01   0.1010590527944616E+01   0.1112791202434252E-03   0.5281319336997381E-02   0.5534725360101981E-04   0.2785820542951702E-08   0.6937163559670972E-05   0.1089590308063564E-03
  0.1875000000000000E+01   0.1010604547003647E+01   0.1147930583606534E-03   0.5288292114973281E-02   0.5709459627702732E-04   0.2952503837104657E-08   0.6955492012936366E-05   0.1123965873743162E-03
  0.1925000000000000E+01   0.1010619003323726E+01   0.1183488544962218E-03   0.5295482327731360E-02   0.5886272075061385E-04   0.3125109638215662E-08   0.6974417669856986E-05   0.1158748359167954E-03
  0.1975000000000000E+01   0.1010633902081693E+01   0.1219482408020262E-03   0.5302892545533844E-02   0.6065248678099406E-04   0.3303770752074335E-08   0.6993949679718563E-05   0.1193954585721909E-03
  0.2025000000000000E+01   0.1010649248664850E+01   0.1255930113618086E-03   0.5310525443108727E-02   0.6246478485165128E-04   0.3488626442836127E-08   0.7014097579977316E-05   0.1229601974989089E-03
  0.2075000000000000E+01   0.1010665048678262E+01   0.1292850259320410E-03   0.5318383803271098E-02   0.6430053802604120E-04   0.3679822751065250E-08   0.7034871310915564E-05   0.1265708584996749E-03
  0.2125000000000000E+01   0.1010681307952482E+01   0.1330262139357539E-03   0.5326470520756299E-02   0.6616070392876786E-04   0.3877512834485296E-08   0.7056281231174660E-05   0.1302293148908802E-03
  0.2175000000000000E+01   0.1010698032551729E+01   0.1368185787315329E-03   0.5334788606275787E-02   0.6804627686325685E-04   0.4081857333310108E-08   0.7078338134215935E-05   0.1339375116384985E-03
  0.2225000000000000E+01   0.1010715228782544E+01   0.1406642021821784E-03   0.5343341190812367E-02   0.6995829007807619E-04   0.4293024762218096E-08   0.7101053265777295E-05   0.1376974697843090E-03
  0.2275000000000000E+01   0.1010732903202956E+01   0.1445652495500613E-03   0.5352131530168114E-02   0.7189781819531718E-04   0.4511191931246475E-08   0.7124438342386485E-05   0.1415112911886248E-03
  0.2325000000000000E+01   0.1010751062632198E+01   0.1485239747490611E-03   0.5361163009781844E-02   0.7386597981586047E-04   0.4736544398120419E-08   0.7148505571003680E-05   0.1453811636184867E-03
  0.2375000000000000E+01   0.1010769714160999E+01   0.1525427259861811E-03   0.5370439149837258E-02   0.7586394031794615E-04   0.4969276954800062E-08   0.7173267669879512E-05   0.1493093662133998E-03
  0.2425000000000000E+01   0.1010788865162501E+01   0.1566239518295419E-03   0.5379963610677496E-02   0.7789291486725554E-04   0.5209594151329097E-08   0.7198737890703523E-05   0.1532982753641810E-03
  0.2475000000000000E+01   0.1010808523303841E+01   0.1607702077435300E-03   0.5389740198551429E-02   0.7995417165873402E-04   0.5457710860407547E-08   0.7224930042146186E-05   0.1573503710444398E-03
  0.2525000000000000E+01   0.1010828696558445E+01   0.1649841631364764E-03   0.5399772871711894E-02   0.8204903541266675E-04   0.5713852886493396E-08   0.7251858514887334E-05   0.1614682436386743E-03
  0.2575000000000000E+01   0.1010849393219086E+01   0.1692686089714539E-03   0.5410065746892734E-02   0.8417889115010439E-04   0.5978257623669786E-08   0.7279538308245403E-05   0.1656546013160184E-03
  0.2625000000000000E+01   0.1010870621911754E+01   0.1736264659966893E-03   0.5420623106193290E-02   0.8634518827566897E-04   0.6251174767003608E-08   0.7307985058530426E-05   0.1699122780044047E-03
  0.2675000000000000E+01   0.1010892391610420E+01   0.1780607936588007E-03   0.5431449404395883E-02   0.8854944499910043E-04   0.6532867082676335E-08   0.7337215069240057E-05   0.1742442420264217E-03
  0.2725000000000000E+01   0.1010914711652724E+01   0.1825747997697260E-03   0.5442549276754471E-02   0.9079325313070234E-04   0.6823611242799304E-08   0.7367245343256605E-05   0.1786536054655640E-03
  0.2775000000000000E+01   0.1010937591756699E+01   0.1871718510069323E-03   0.5453927547287574E-02   0.9307828329017564E-04   0.7123698731544933E-08   0.7398093617194889E-05   0.1831436343400409E-03
  0.2825000000000000E+01   0.1010961042038574E+01   0.1918554843364844E-03   0.5465589237609869E-02   0.9540629057328459E-04   0.7433436830047138E-08   0.7429778398060447E-05   0.1877177596709925E-03
  0.2875000000000000E+01   0.1010985073031763E+01   0.1966294194599931E-03   0.5477539576354662E-02   0.9777912072647611E-04   0.7753149688464630E-08   0.7462319002432096E-05   0.1923795895430627E-03
  0.2925000000000000E+01   0.1011009695707128E+01   0.2014975723996123E-03   0.5489784009221621E-02   0.1001987168861003E-03   0.8083179494680201E-08   0.7495735598342702E-05   0.1971329222680349E-03
  0.2975000000000000E+01   0.1011034921494607E+01   0.2064640703503998E-03   0.5502328209709084E-02   0.1026671269463930E-03   0.8423887750350564E-08   0.7530049250107513E-05   0.2019817607769261E-03
  0.3024999999999999E+01   0.1011060762306331E+01   0.2115332679468216E-03   0.5515178090581108E-02   0.1051865116290496E-03   0.8775656666452256E-08   0.7565281966334336E-05   0.2069303283828810E-03
  0.3075000000000000E+01   0.1011087230561347E+01   0.2167097651104160E-03   0.5528339816129657E-02   0.1077591533372612E-03   0.9138890692124249E-08   0.7601456751388092E-05   0.2119830860768390E-03
  0.3125000000000000E+01   0.1011114339212073E+01   0.2219984266690813E-03   0.5541819815300109E-02   0.1103874658887178E-03   0.9514018192524821E-08   0.7638597660615402E-05   0.2171447515406978E-03
  0.3175000000000000E+01   0.1011142101772633E+01   0.2274044039657428E-03   0.5555624795746450E-02   0.1130740052356300E-03   0.9901493293648984E-08   0.7676729859643370E-05   0.2224203200891792E-03
  0.3225000000000000E+01   0.1011170532349235E+01   0.2329331587059667E-03   0.5569761758899894E-02   0.1158214812956039E-03   0.1030179791464880E-07   0.7715879688129135E-05   0.2278150877824694E-03
  0.3275000000000000E+01   0.1011199645672752E+01   0.2385904893312946E-03   0.5584238016133058E-02   0.1186327710356707E-03   0.1071544401123281E-07   0.7756074728349615E-05   0.2333346769878110E-03
  0.3325000000000000E+01   0.1011229457133703E+01   0.2443825602486971E-03   0.5599061206110090E-02   0.1215109329734189E-03   0.1114297605727603E-07   0.7797343879062588E-05   0.2389850647105602E-03
  0.3375000000000000E+01   0.1011259982819831E+01   0.2503159342978376E-03   0.5614239313430636E-02   0.1244592232846352E-03   0.1158497379595009E-07   0.7839717435140400E-05   0.2447726140650033E-03
  0.3425000000000000E+01   0.1011291239556509E+01   0.2563976088983397E-03   0.5629780688670483E-02   0.1274811137368837E-03   0.1204205529660880E-07   0.7883227173488383E-05   0.2507041093139391E-03
  0.3475000000000000E+01   0.1011323244950195E+01   0.2626350563907980E-03   0.5645694069940754E-02   0.1305803117039609E-03   0.1251488035948826E-07   0.7927906445840712E-05   0.2567867949754898E-03
  0.3525000000000000E+01   0.1011356017435215E+01   0.2690362691701741E-03   0.5661988606093349E-02   0.1337607825582998E-03   0.1300415431718962E-07   0.7973790279074834E-05   0.2630284195779949E-03
  0.3574999999999999E+01   0.1011389576324139E+01   0.2756098103112296E-03   0.5678673881710505E-02   0.1370267747885282E-03   0.1351063229013250E-07   0.8020915483750393E-05   0.2694372847419068E-03
  0.3625000000000000E+01   0.1011423941862044E+01   0.2823648705062550E-03   0.5695759944023937E-02   0.1403828482492415E-03   0.1403512396298210E-07   0.8069320771641442E-05   0.2760223003846747E-03
  0.3675000000000000E+01   0.1011459135284983E+01   0.2893113322797394E-03   0.5713257331917410E-02   0.1438339060217128E-03   0.1457849896080671E-07   0.8119046883101994E-05   0.2827930469847735E-03
  0.3725000000000000E+01   0.1011495178882980E+01   0.2964598426181148E-03   0.5731177107176189E-02   0.1473852304503644E-03   0.1514169291784959E-07   0.8170136725186770E-05   0.2897598460094587E-03
  0.3775000000000000E+01   0.1011532096067873E+01   0.3038218953617033E-03   0.5749530888141452E-02   0.1510425240235553E-03   0.1572571434883014E-07   0.8222635521496414E-05   0.2969338398137381E-03
  0.3825000000000000E+01   0.1011569911446346E+01   0.3114099249586866E-03   0.5768330885938866E-02   0.1548119558926551E-03   0.1633165245329484E-07   0.8276590974820191E-05   0.3043270825633834E-03
  0.3874999999999999E+01   0.1011608650898451E+01   0.3192374134872500E-03   0.5787589943427873E-02   0.1587002149754134E-03   0.1696068600854729E-07   0.8332053443667600E-05   0.3119526440322443E-03
  0.3925000000000000E+01   0.1011648341661886E+01   0.3273190132246013E-03   0.5807321577009361E-02   0.1627145707745478E-03   0.1761409353713905E-07   0.8389076133850181E-05   0.3198247284858625E-03
  0.3975000000000000E+01   0.1011689012422240E+01   0.3356706874958793E-03   0.5827540021390520E-02   0.1668629432679586E-03   0.1829326497210037E-07   0.8447715306273226E-05   0.3279588113045326E-03
  0.4025000000000000E+01   0.1011730693409271E+01   0.3443098730914395E-03   0.5848260277342643E-02   0.1711539835026920E-03   0.1899971508865992E-07   0.8508030502041586E-05   0.3363717965383543E-03
  0.4074999999999999E+01   0.1011773416499117E+01   0.3532556682216925E-03   0.5869498162402120E-02   0.1755971668626231E-03   0.1973509902717912E-07   0.8570084785881037E-05   0.3450821992478288E-03
  0.4125000000000000E+01   0.1011817215322069E+01   0.3625290508143577E-03   0.5891270364324797E-02   0.1802029013946273E-03   0.2050123030094938E-07   0.8633945008635467E-05   0.3541103572951034E-03
  0.4175000000000000E+01   0.1011862125375069E+01   0.3721531329861754E-03   0.5913594496888885E-02   0.1849826540878539E-03   0.2130010176751644E-07   0.8699682089161785E-05   0.3634786782485160E-03
  0.4225000000000000E+01   0.1011908184137534E+01   0.3821534587841547E-03   0.5936489157339686E-02   0.1899490986276280E-03   0.2213391014718083E-07   0.8767371315272162E-05   0.3732119282897106E-03
  0.4275000000000000E+01   0.1011955431188170E+01   0.3925583538431066E-03   0.5959973984321243E-02   0.1951162889156984E-03   0.2300508480198136E-07   0.8837092662291862E-05   0.3833375715195617E-03
  0.4325000000000000E+01   0.1012003908319122E+01   0.4033993375075971E-03   0.5984069714484619E-02   0.2004998635923175E-03   0.2391632164839148E-07   0.8908931126122793E-05   0.3938861699057872E-03
  0.4375000000000000E+01   0.1012053659641935E+01   0.4147116102846118E-03   0.6008798235020985E-02   0.2061172879462870E-03   0.2487062327355580E-07   0.8982977065181502E-05   0.4048918563665340E-03
  0.4425000000000000E+01   0.1012104731677036E+01   0.4265346322949159E-03   0.6034182628009921E-02   0.2119881409897535E-03   0.2587134656506274E-07   0.9059326541805025E-05   0.4163928962052488E-03
  0.4475000000000000E+01   0.1012157173414501E+01   0.4389128117287290E-03   0.6060247200505353E-02   0.2181344571312014E-03   0.2692225945450965E-07   0.9138081648067496E-05   0.4284323553536070E-03
  0.4525000000000000E+01   0.1012211036328181E+01   0.4518963261944564E-03   0.6087017491462676E-02   0.2245811338074895E-03   0.2802760871972397E-07   0.9219350792631853E-05   0.4410588976503263E-03
  0.4575000000000000E+01   0.1012266374317081E+01   0.4655421041898264E-03   0.6114520242538335E-02   0.2313564185902022E-03   0.2919220118767963E-07   0.9303248912944034E-05   0.4543277375986460E-03
  0.4625000000000000E+01   0.1012323243536107E+01   0.4799149984360382E-03   0.6142783313966671E-02   0.2384924915206000E-03   0.3042150111485085E-07   0.9389897559049717E-05   0.4683017794250719E-03
  0.4675000000000000E+01   0.1012381702061536E+01   0.4950891868291534E-03   0.6171835518370639E-02   0.2460261604192528E-03   0.3172174695236236E-07   0.9479424768926374E-05   0.4830529771568214E-03
  0.4725000000000000E+01   0.1012441809312639E+01   0.5111498389091635E-03   0.6201706333516688E-02   0.2539996879809192E-03   0.3310009103778815E-07   0.9571964616974598E-05   0.4986639525134604E-03
  0.4774999999999999E+01   0.1012503625117449E+01   0.5281950834092615E-03   0.6232425438392086E-02   0.2624617683032521E-03   0.3456476580994194E-07   0.9667656262423259E-05   0.5152299051255978E-03
  0.4825000000000000E+01   0.1012567208264474E+01   0.5463383008742233E-03   0.6264021994083713E-02   0.2714686647504105E-03   0.3612527957286217E-07   0.9766642246986609E-05   0.5328608383311893E-03
  0.4875000000000000E+01   0.1012632614320704E+01   0.5657107362873833E-03   0.6296523560409328E-02   0.2810855066287143E-03   0.3779264302715178E-07   0.9869065684905914E-05   0.5516840955483732E-03
  0.4925000000000000E+01   0.1012699892418769E+01   0.5864643665754894E-03   0.6329954500792656E-02   0.2913877123266271E-03   0.3957962370784713E-07   0.9975065849500012E-05   0.5718471438179625E-03
  0.4975000000000000E+01   0.1012769080627996E+01   0.6087748461191104E-03   0.6364333684143686E-02   0.3024624510938698E-03   0.4150101749903911E-07   0.1008477149253744E-04   0.5935204324806531E-03
  0.5025000000000000E+01   0.1012840199444739E+01   0.6328441622240090E-03   0.6399671253107142E-02   0.3144099607246643E-03   0.4357391227308106E-07   0.1019829106087237E-04   0.6168999691351947E-03
  0.5074999999999999E+01   0.1012913242911502E+01   0.6589023333035415E-03   0.6435964215236067E-02   0.3273443898724931E-03   0.4581789589570326E-07   0.1031569886397907E-04   0.6422089642484307E-03
  0.5124999999999999E+01   0.1012988166984718E+01   0.6872070664269843E-03   0.6473190668448314E-02   0.3413936271718158E-03   0.4825512798815791E-07   0.1043701632541862E-04   0.6696974915297129E-03
  0.5175000000000000E+01   0.1013064875131734E+01   0.7180398104487947E-03   0.6511302651255546E-02   0.3566973408830100E-03   0.5091015486980121E-07   0.1056218791275155E-04   0.6996386446748028E-03
  0.5225000000000000E+01   0.1013143201834358E+01   0.7516962548380189E-03   0.6550217954179649E-02   0.3734022612234126E-03   0.5380931093666579E-07   0.1069105235240709E-04   0.7323192968079305E-03
  0.5274999999999999E+01   0.1013222895634584E+01   0.7884692558602556E-03   0.6589811704453830E-02   0.3916537037689386E-03   0.5697953414016653E-07   0.1082331123063001E-04   0.7680235040683711E-03
  0.5325000000000000E+01   0.1013303604296755E+01   0.8286224397247848E-03   0.6629909001754974E-02   0.4115824655689523E-03   0.6044643175102413E-07   0.1095849863940946E-04   0.8070068570160006E-03
  0.5375000000000000E+01   0.1013384865597367E+01   0.8723528385552679E-03   0.6670280347227608E-02   0.4332862783305622E-03   0.6423143082815365E-07   0.1109595713967088E-04   0.8494601865393052E-03
  0.5424999999999999E+01   0.1013466109583690E+01   0.9197406862446816E-03   0.6710642764044872E-02   0.4568048887013964E-03   0.6834782170829273E-07   0.1123482925773592E-04   0.8954608027813174E-03
  0.5475000000000001E+01   0.1013546683667792E+01   0.9706870402535692E-03   0.6750672250923850E-02   0.4820890946530373E-03   0.7279568267824617E-07   0.1137408347933120E-04   0.9449119014054614E-03
  0.5525000000000000E+01   0.1013625916179348E+01   0.1024851671551331E-02   0.6790035325002330E-02   0.5089699120931897E-03   0.7755656829839403E-07   0.1151260309831081E-04   0.9974822078416348E-03
  0.5574999999999999E+01   0.1013703222027376E+01   0.1081621869443250E-02   0.6828441468589741E-02   0.5371430846081205E-03   0.8259030174710799E-07   0.1164935035316574E-04   0.1052575632000609E-02
  0.5625000000000000E+01   0.1013778220711244E+01   0.1140141150007492E-02   0.6865701707435168E-02   0.5661833291540517E-03   0.8783625215883896E-07   0.1178356363412176E-04   0.1109359118334793E-02
  0.5675000000000000E+01   0.1013850819849834E+01   0.1199382812806565E-02   0.6901770068151070E-02   0.5955808443585246E-03   0.9321821429627167E-07   0.1191490973995267E-04   0.1166834065884018E-02
  0.5725000000000000E+01   0.1013921268075785E+01   0.1258212390110995E-02   0.6936769820331534E-02   0.6247722934656058E-03   0.9864871786338324E-07   0.1204358932679777E-04   0.1223896866510903E-02
  0.5775000000000000E+01   0.1013990255693037E+01   0.1315438727030955E-02   0.6971043436210023E-02   0.6531661141625897E-03   0.1040326895883806E-06   0.1217052770714309E-04   0.1279388166900160E-02
  0.5825000000000000E+01   0.1014059092309517E+01   0.1369981959752246E-02   0.7005240808955371E-02   0.6802258341037535E-03   0.1092806435368697E-06   0.1229772566913370E-04   0.1332255521529729E-02
  0.5875000000000000E+01   0.1014129791150290E+01   0.1421282426945308E-02   0.7040361219301516E-02   0.7056730205055793E-03   0.1143419453821377E-06   0.1242850838184008E-04   0.1381950386877932E-02
  0.5925000000000000E+01   0.1014204788063126E+01   0.1469822559043844E-02   0.7077613986606890E-02   0.7297464160807924E-03   0.1192489373725532E-06   0.1256718267207133E-04   0.1428935689809600E-02
  0.5975000000000000E+01   0.1014286253586022E+01   0.1517382834294245E-02   0.7118077035085602E-02   0.7533291621382458E-03   0.1241414694109246E-06   0.1271794119143632E-04   0.1474935794722197E-02
  0.6024999999999999E+01   0.1014375330933335E+01   0.1566758084064092E-02   0.7162318555865355E-02   0.7778081324123662E-03   0.1292479677586251E-06   0.1288350520256265E-04   0.1522662143567117E-02
  0.6075000000000000E+01   0.1014471717187267E+01   0.1621052354498622E-02   0.7210188971461529E-02   0.8047239653889926E-03   0.1348302717206479E-06   0.1306423391383123E-04   0.1575128701022685E-02
  0.6125000000000000E+01   0.1014573725626149E+01   0.1682912914369320E-02   0.7260851767779020E-02   0.8353908083570144E-03   0.1411204581769676E-06   0.1325801997757732E-04   0.1634907649258972E-02
  0.6175000000000000E+01   0.1014678681297090E+01   0.1753962996643591E-02   0.7312979796778363E-02   0.8706147105328906E-03   0.1482713204523302E-06   0.1346078986585310E-04   0.1703578135525087E-02
  0.6225000000000001E+01   0.1014783465204985E+01   0.1834476724511589E-02   0.7365025337884745E-02   0.9105322690234749E-03   0.1563251628364921E-06   0.1366731848925919E-04   0.1781410558720547E-02
  0.6274999999999999E+01   0.1014885140897502E+01   0.1923263323858029E-02   0.7415530984710150E-02   0.9545531435167138E-03   0.1651992360479447E-06   0.1387225387465570E-04   0.1867254016098013E-02
  0.6324999999999999E+01   0.1014981656680296E+01   0.2017807728988666E-02   0.7463478018817193E-02   0.1001429715822898E-02   0.1746928766534528E-06   0.1407137055437708E-04   0.1958671832314993E-02
  0.6375000000000000E+01   0.1015072514416522E+01   0.2114795364895912E-02   0.7508618277281220E-02   0.1049517257982348E-02   0.1845287185376002E-06   0.1426290902679552E-04   0.2052448781187967E-02
  0.6425000000000000E+01   0.1015159112434786E+01   0.2211053090289825E-02   0.7551644518366096E-02   0.1097240574376096E-02   0.1944326445000983E-06   0.1444849769543696E-04   0.2145501763051318E-02
  0.6475000000000000E+01   0.1015244442496245E+01   0.2304637955494221E-02   0.7594040472336028E-02   0.1143634173547643E-02   0.2042307298197623E-06   0.1463299812077288E-04   0.2235935289968897E-02
  0.6525000000000000E+01   0.1015332125454943E+01   0.2395554210001662E-02   0.7637602741476845E-02   0.1188698299608949E-02   0.2139175173875844E-06   0.1482306076690617E-04   0.2323738911025291E-02
  0.6574999999999999E+01   0.1015425213893253E+01   0.2485710971621582E-02   0.7683846806883388E-02   0.1233378395167405E-02   0.2236589522909903E-06   0.1502500368892295E-04   0.2410749806254431E-02
  0.6624999999999999E+01   0.1015525332774113E+01   0.2578194165033075E-02   0.7733580435640208E-02   0.1279204253528263E-02   0.2337329657595288E-06   0.1524304004220200E-04   0.2499949862767832E-02
  0.6675000000000000E+01   0.1015632454523890E+01   0.2676275973557296E-02   0.7786791723955799E-02   0.1327798694890198E-02   0.2444430532840108E-06   0.1547852418354865E-04   0.2594506356324973E-02
  0.6725000000000001E+01   0.1015745248129243E+01   0.2782580136659512E-02   0.7842821975865721E-02   0.1380463340109071E-02   0.2560420872308638E-06   0.1573026484204502E-04   0.2696961972353251E-02
  0.6774999999999999E+01   0.1015861775755995E+01   0.2898643503896537E-02   0.7900711125539805E-02   0.1437960838751454E-02   0.2686894105113601E-06   0.1599560735769073E-04   0.2808807858503817E-02
  0.6824999999999999E+01   0.1015980273821624E+01   0.3024978617066804E-02   0.7959585230819632E-02   0.1500545588032725E-02   0.2824529027074824E-06   0.1627187427125896E-04   0.2930541713163103E-02
  0.6875000000000000E+01   0.1016099713322360E+01   0.3161627266962530E-02   0.8018934689668633E-02   0.1568238035099944E-02   0.2973574868058040E-06   0.1655762019026270E-04   0.3062201790554124E-02
  0.6924999999999999E+01   0.1016219828528547E+01   0.3308995841838694E-02   0.8078628973887225E-02   0.1641238960301582E-02   0.3134626406824643E-06   0.1685304205738771E-04   0.3204175441818330E-02
  0.6975000000000001E+01   0.1016340484143405E+01   0.3468533475833029E-02   0.8138603297737967E-02   0.1720266173960136E-02   0.3309284110165165E-06   0.1715909691805527E-04   0.3357858427044036E-02
  0.7024999999999999E+01   0.1016460623439441E+01   0.3642780292142900E-02   0.8198337217359741E-02   0.1806579200575266E-02   0.3500237607622766E-06   0.1747553713438688E-04   0.3525707520880039E-02
  0.7075000000000000E+01   0.1016577347761122E+01   0.3834608998007026E-02   0.8256397876686528E-02   0.1901604098958573E-02   0.3710570959953717E-06   0.1779877780279942E-04   0.3710513801861852E-02
  0.7125000000000000E+01   0.1016685654739643E+01   0.4045921442498565E-02   0.8310309344585765E-02   0.2006287848593189E-02   0.3942505462645119E-06   0.1812068846275043E-04   0.3914147403603690E-02
  0.7174999999999999E+01   0.1016779052219162E+01   0.4276324154165122E-02   0.8356855727575718E-02   0.2120441850459557E-02   0.4196067490370176E-06   0.1842897704904622E-04   0.4136278340023504E-02
  0.7225000000000000E+01   0.1016850922096072E+01   0.4522304016363637E-02   0.8392755900110016E-02   0.2242332657540238E-02   0.4468194666087655E-06   0.1870922688263574E-04   0.4373575131418940E-02
  0.7274999999999999E+01   0.1016896259484617E+01   0.4777283546062166E-02   0.8415524603580193E-02   0.2368707853808663E-02   0.4752681268548742E-06   0.1894813723722080E-04   0.4619746383143689E-02
  0.7325000000000000E+01   0.1016913219674982E+01   0.5032708346594974E-02   0.8424239276914269E-02   0.2495332891940228E-02   0.5041158037560232E-06   0.1913703909418424E-04   0.4866574094234944E-02
  0.7374999999999999E+01   0.1016903820112343E+01   0.5279936000321728E-02   0.8419889552720994E-02   0.2617925357790996E-02   0.5324924773044298E-06   0.1927435573227532E-04   0.5105722335902731E-02
  0.7424999999999999E+01   0.1016873381541223E+01   0.5512228208183725E-02   0.8405102924978758E-02   0.2733141766238073E-02   0.5596967809622048E-06   0.1936580499531973E-04   0.5330656151328868E-02
  0.7475000000000001E+01   0.1016828913089155E+01   0.5725958207778076E-02   0.8383346757012688E-02   0.2839177296111101E-02   0.5853261172094576E-06   0.1942215459518333E-04   0.5537817369092040E-02
  0.7525000000000000E+01   0.1016777267422749E+01   0.5920542903750704E-02   0.8358014774531020E-02   0.2935734539222430E-02   0.6092807808209350E-06   0.1945574397132837E-04   0.5726577624381425E-02
  0.7575000000000000E+01   0.1016723974993513E+01   0.6097376034148679E-02   0.8331848413910325E-02   0.3023496700882627E-02   0.6316642943363993E-06   0.1947764028003719E-04   0.5898223580633084E-02
  0.7625000000000001E+01   0.1016673135493276E+01   0.6258563424622255E-02   0.8306881466928928E-02   0.3103501294921752E-02   0.6526584590394476E-06   0.1949666026760890E-04   0.6054740081209367E-02
  0.7675000000000000E+01   0.1016628074508590E+01   0.6406191745529182E-02   0.8284764548609491E-02   0.3176777023104736E-02   0.6724489338322401E-06   0.1952020446944015E-04   0.6198098754088552E-02
  0.7725000000000000E+01   0.1016592140541665E+01   0.6542395344648001E-02   0.8267160288692788E-02   0.3244375896748807E-02   0.6912320181624891E-06   0.1955592101274945E-04   0.6330314715599020E-02
  0.7775000000000000E+01   0.1016569098677096E+01   0.6670026255451949E-02   0.8255939525727118E-02   0.3307704915970769E-02   0.7092859362049539E-06   0.1961305030350349E-04   0.6454090324993672E-02
  0.7824999999999999E+01   0.1016562866658337E+01   0.6793501733706997E-02   0.8253051798360556E-02   0.3368946774616668E-02   0.7270640782976182E-06   0.1970266804259988E-04   0.6573638419432573E-02
  0.7874999999999999E+01   0.1016576633435885E+01   0.6919394402095417E-02   0.8260089275356597E-02   0.3431353911404166E-02   0.7452642150416111E-06   0.1983656755904774E-04   0.6695264208356313E-02
  0.7925000000000000E+01   0.1016611608749862E+01   0.7056454635500639E-02   0.8277666906085113E-02   0.3499261595842678E-02   0.7648387333996475E-06   0.2002498579138140E-04   0.6827402408429929E-02
  0.7974999999999999E+01   0.1016665751863417E+01   0.7214940790169818E-02   0.8304791327870209E-02   0.3577757862614251E-02   0.7869295047268115E-06   0.2027369433529997E-04   0.6979985364276753E-02
  0.8024999999999999E+01   0.1016732814532675E+01   0.7405318721442976E-02   0.8338384875790306E-02   0.3672040473970046E-02   0.8127307519171179E-06   0.2058109567563633E-04   0.7163199325744297E-02
  0.8074999999999999E+01   0.1016801937050920E+01   0.7636512532654499E-02   0.8373083248751634E-02   0.3786551158253536E-02   0.8432969935660025E-06   0.2093588330685510E-04   0.7385805104419059E-02
  0.8125000000000000E+01   0.1016857936425283E+01   0.7913913828597857E-02   0.8401375506206454E-02   0.3923990000819445E-02   0.8793169684777863E-06   0.2131566290797104E-04   0.7653224396268701E-02
  0.8174999999999999E+01   0.1016882405147596E+01   0.8237343253531882E-02   0.8414144436974746E-02   0.4084305688775824E-02   0.9208739610917917E-06   0.2168689394436592E-04   0.7965576273428806E-02
  0.8225000000000000E+01   0.1016855792258285E+01   0.8599230891849231E-02   0.8401691878644035E-02   0.4263792376145727E-02   0.9672219585533176E-06   0.2200670602459944E-04   0.8315910731921410E-02
  0.8275000000000000E+01   0.1016760617981347E+01   0.8983530804609896E-02   0.8355324755807692E-02   0.4454546221980544E-02   0.1016636421414562E-05   0.2222739317019402E-04   0.8689118630991298E-02
  0.8325000000000001E+01   0.1016585640965697E+01   0.9366216417545507E-02   0.8269415482251130E-02   0.4644699260795134E-02   0.1066439035925785E-05   0.2230417184524959E-04   0.9062319758226821E-02
  0.8375000000000000E+01   0.1016330032969001E+01   0.9718244158206817E-02   0.8143473981284011E-02   0.4819871580296137E-02   0.1113305808989409E-05   0.2220550556584564E-04   0.9407594291990305E-02
  0.8424999999999999E+01   0.1016005752510887E+01   0.1001112090675560E-01   0.7983339560343916E-02   0.4965915860832677E-02   0.1153887473490995E-05   0.2192300446365580E-04   0.9697241451928807E-02
  0.8475000000000000E+01   0.1015636242400211E+01   0.1022361925921962E-01   0.7800560652843291E-02   0.5072243288194275E-02   0.1185588492421082E-05   0.2147610909569697E-04   0.9910242532244734E-02
  0.8524999999999999E+01   0.1015251070691767E+01   0.1034676389585235E-01   0.7609761684489014E-02   0.5134311064312721E-02   0.1207176456945068E-05   0.2090786143272475E-04   0.1003719870062370E-01
  0.8574999999999999E+01   0.1014878590230117E+01   0.1038451955334049E-01   0.7425011530269421E-02   0.5153991331606162E-02   0.1218911023717853E-05   0.2027266689135328E-04   0.1008121225804037E-01
  0.8625000000000000E+01   0.1014540109074705E+01   0.1034996305475089E-01   0.7256921054385801E-02   0.5137697661047919E-02   0.1222142479628372E-05   0.1962192751089080E-04   0.1005437689518488E-01
  0.8674999999999999E+01   0.1014248054873907E+01   0.1025935379554679E-01   0.7111710856736009E-02   0.5093453727600536E-02   0.1218641716600783E-05   0.1899447894118415E-04   0.9972113341646254E-02
  0.8725000000000000E+01   0.1014008050561537E+01   0.1012733462002291E-01   0.6992222632768330E-02   0.5028506870462776E-02   0.1210037071228485E-05   0.1841516027704090E-04   0.9848476107204428E-02
  0.8775000000000000E+01   0.1013822763337410E+01   0.9965208389166485E-02   0.6899821531764161E-02   0.4948460698903857E-02   0.1197599050008173E-05   0.1789987157348224E-04   0.9694386956452816E-02
  0.8824999999999999E+01   0.1013695005164781E+01   0.9782167816570883E-02   0.6835937043284668E-02   0.4857875775321248E-02   0.1182375198152200E-05   0.1746256803017959E-04   0.9518752945656248E-02
  0.8875000000000000E+01   0.1013628591075124E+01   0.9587871394680402E-02   0.6802494727177200E-02   0.4761545310472497E-02   0.1165495162842672E-05   0.1711980956329441E-04   0.9330945236614062E-02
  0.8925000000000001E+01   0.1013627002129309E+01   0.9394451966050720E-02   0.6801255944119289E-02   0.4665494759063025E-02   0.1148418349255557E-05   0.1689081494067239E-04   0.9142770197882772E-02
  0.8975000000000000E+01   0.1013691059426070E+01   0.9216805407591329E-02   0.6832662130841882E-02   0.4577128729656552E-02   0.1132978781559097E-05   0.1679381437699504E-04   0.8968778209847005E-02
  0.9024999999999999E+01   0.1013817041856673E+01   0.9071207083429877E-02   0.6894896592414490E-02   0.4504545168581707E-02   0.1121223906064587E-05   0.1684122743995287E-04   0.8824927354556467E-02
  0.9074999999999999E+01   0.1013996049110577E+01   0.8973141647857324E-02   0.6983565008626291E-02   0.4455455858299165E-02   0.1115149184988333E-05   0.1703605214720876E-04   0.8726457734771575E-02
  0.9125000000000000E+01   0.1014214547269092E+01   0.8935294986956523E-02   0.7091965521131227E-02   0.4436186213804641E-02   0.1116443715153771E-05   0.1737043635618004E-04   0.8685913824676445E-02
  0.9175000000000001E+01   0.1014455551589292E+01   0.8966168324237581E-02   0.7211677284173934E-02   0.4450985094024021E-02   0.1126306019206501E-05   0.1782601386620012E-04   0.8711780345329387E-02
  0.9225000000000000E+01   0.1014699952241436E+01   0.9069246381129216E-02   0.7333220315375311E-02   0.4501611878882453E-02   0.1145324669656144E-05   0.1837506887171817E-04   0.8807673928994611E-02
  0.9274999999999999E+01   0.1014927836144788E+01   0.9242422677146553E-02   0.7446711840824793E-02   0.4587052877595198E-02   0.1173388579897639E-05   0.1898192689219366E-04   0.8971797947400497E-02
  0.9325000000000001E+01   0.1015119996123028E+01   0.9477497428802092E-02   0.7542612948410632E-02   0.4703273740982393E-02   0.1209604208434512E-05   0.1960469064905282E-04   0.9196467815537688E-02
  0.9375000000000000E+01   0.1015259948157142E+01   0.9759897352503077E-02   0.7612724997837939E-02   0.4843079642788363E-02   0.1252238579580739E-05   0.2019807709702335E-04   0.9467833456300267E-02
  0.9424999999999999E+01   0.1015336593175057E+01   0.1006914735462222E-01   0.7651505546261594E-02   0.4996344122546416E-02   0.1298756977722815E-05   0.2071828928262692E-04   0.9766296595307158E-02
  0.9475000000000001E+01   0.1015347140333386E+01   0.1038081020317935E-01   0.7657517581245887E-02   0.5150961523165714E-02   0.1346051625131662E-05   0.2113023993076142E-04   0.1006831413203657E-01
  0.9525000000000000E+01   0.1015299230203665E+01   0.1067030441571333E-01   0.7634489468147043E-02   0.5294729650106242E-02   0.1390922608948813E-05   0.2141593598529880E-04   0.1035000907849499E-01
  0.9574999999999999E+01   0.1015210845236123E+01   0.1091808409832720E-01   0.7591285700074168E-02   0.5417913122750619E-02   0.1430754141437635E-05   0.2158105306933940E-04   0.1059213996213268E-01
  0.9625000000000000E+01   0.1015107145528631E+01   0.1111452611649237E-01   0.7540355606873161E-02   0.5515672922995594E-02   0.1464176510454533E-05   0.2165613512323342E-04   0.1078487508963659E-01
  0.9674999999999999E+01   0.1015014828733978E+01   0.1126244915222306E-01   0.7494947568148724E-02   0.5589332819687043E-02   0.1491437768072706E-05   0.2169067560629183E-04   0.1093036344772735E-01
  0.9725000000000000E+01   0.1014956037506996E+01   0.1137612214925788E-01   0.7466085675766232E-02   0.5645908239991646E-02   0.1514319859010983E-05   0.2174187583651795E-04   0.1104193603146167E-01
  0.9775000000000000E+01   0.1014944049500884E+01   0.1147737402815626E-01   0.7460419119910355E-02   0.5696191041521301E-02   0.1535661529792850E-05   0.2186252630089213E-04   0.1114045163666648E-01
  0.9824999999999999E+01   0.1014981828600591E+01   0.1159065784525130E-01   0.7479487438416754E-02   0.5752304632385776E-02   0.1558721869659893E-05   0.2209220513364522E-04   0.1124954404389976E-01
  0.9874999999999998E+01   0.1015063006015652E+01   0.1173886810392465E-01   0.7520195288018172E-02   0.5825624220152174E-02   0.1586623066306463E-05   0.2245344641910529E-04   0.1139153223007107E-01
  0.9924999999999999E+01   0.1015174046356987E+01   0.1194075032118393E-01   0.7575881868086887E-02   0.5925484390835800E-02   0.1621991470752957E-05   0.2295192596258020E-04   0.1158485291310371E-01
  0.9975000000000000E+01   0.1015296443634013E+01   0.1220975491587348E-01   0.7637410149825996E-02   0.6058605403533998E-02   0.1666785694917613E-05   0.2357854408920297E-04   0.1184290958143403E-01
  0.1002500000000000E+02   0.1015408349104014E+01   0.1255368123209456E-01   0.7693975615723048E-02   0.6228915492138366E-02   0.1722229454132427E-05   0.2431151443490550E-04   0.1217371865174384E-01
  0.1007500000000000E+02   0.1015485598200976E+01   0.1297442050964402E-01   0.7733614925296450E-02   0.6437425683475796E-02   0.1788757532042637E-05   0.2511742801440090E-04   0.1257967855281931E-01
  0.1012500000000000E+02   0.1015502488553548E+01   0.1346732360195494E-01   0.7743586734957342E-02   0.6681919775638786E-02   0.1865909093704890E-05   0.2595116307483105E-04   0.1305698597260000E-01
  0.1017500000000000E+02   0.1015432872111958E+01   0.1402003869486048E-01   0.7710902653176754E-02   0.6956379383187911E-02   0.1952144086322039E-05   0.2675527972091124E-04   0.1359452359127086E-01
  0.1022500000000000E+02   0.1015252192105570E+01   0.1461105473875689E-01   0.7623321644784520E-02   0.7250256333342239E-02   0.2044611834948626E-05   0.2746021456894146E-04   0.1417241156429979E-01
  0.1027500000000000E+02   0.1014940965407304E+01   0.1520865714665455E-01   0.7471060014875963E-02   0.7547937479429921E-02   0.2138968146063743E-05   0.2798714171529531E-04   0.1476086466987742E-01
  0.1032500000000000E+02   0.1014489737446548E+01   0.1577147041058103E-01   0.7249239459023560E-02   0.7828981046960937E-02   0.2229407687305757E-05   0.2825546939644261E-04   0.1532046403690390E-01
  0.1037500000000000E+02   0.1013904613934277E+01   0.1625192931366677E-01   0.6960642480512202E-02   0.8069793707940920E-02   0.2309110576248817E-05   0.2819596595031918E-04   0.1580516946640986E-01
  0.1042500000000000E+02   0.1013211313856273E+01   0.1660340508657361E-01   0.6617767043129108E-02   0.8247124991318692E-02   0.2371225368417505E-05   0.2776793987480738E-04   0.1616890080884233E-01
  0.1047500000000000E+02   0.1012455058190791E+01   0.1679004322531615E-01   0.6242844846289675E-02   0.8342937945502083E-02   0.2410278557895859E-05   0.2697529651442982E-04   0.1637498404188403E-01
  0.1052500000000000E+02   0.1011694528499228E+01   0.1679624248609516E-01   0.5864919794805523E-02   0.8349154123757276E-02   0.2423587896306919E-05   0.2587399239799705E-04   0.1640565769095571E-01
  0.1057500000000000E+02   0.1010990792312485E+01   0.1663171470945112E-01   0.5514390438997152E-02   0.8270251956409040E-02   0.2412088893909717E-05   0.2456532275543901E-04   0.1626766079243107E-01
  0.1062500000000000E+02   0.1010394982926095E+01   0.1632956592800123E-01   0.5216870362148240E-02   0.8122409407095504E-02   0.2380170165425223E-05   0.2317587228110295E-04   0.1599111907007784E-01
  0.1067500000000000E+02   0.1009939347709823E+01   0.1593821093671663E-01   0.4988669306579929E-02   0.7929547577742165E-02   0.2334589270516008E-05   0.2183174618410031E-04   0.1562215118780272E-01
  0.1072500000000000E+02   0.1009634297936442E+01   0.1551073322986710E-01   0.4835243311553050E-02   0.7718047975083781E-02   0.2282963494175927E-05   0.2063674896106688E-04   0.1521253710171211E-01
  0.1077500000000000E+02   0.1009470968725062E+01   0.1509563562721670E-01   0.4752407625604027E-02   0.7512117170681970E-02   0.2232409306597588E-05   0.1966049757810178E-04   0.1481039461132210E-01
  0.1082500000000000E+02   0.1009426789288679E+01   0.1473115319591664E-01   0.4729083635258924E-02   0.7330908120334856E-02   0.2188667926968742E-05   0.1893669794496454E-04   0.1445421832539544E-01
  0.1087500000000000E+02   0.1009471464564291E+01   0.1444316016877903E-01   0.4750279335947072E-02   0.7187437747379733E-02   0.2155745826903104E-05   0.1846803277629049E-04   0.1417050209947815E-01
  0.1092500000000000E+02   0.1009571838364469E+01   0.1424548140575027E-01   0.4799526418262978E-02   0.7088718212542418E-02   0.2135911975612184E-05   0.1823349871311845E-04   0.1397385440208336E-01
  0.1097500000000000E+02   0.1009695282042228E+01   0.1414127097956923E-01   0.4860584086178399E-02   0.7036434309158080E-02   0.2129861478138967E-05   0.1819539840974233E-04   0.1386828028754510E-01
  0.1102500000000000E+02   0.1009811969478335E+01   0.1412457391777129E-01   0.4918582938050253E-02   0.7027720532580707E-02   0.2136915126234595E-05   0.1830495732415439E-04   0.1384871149986225E-01
  0.1107500000000000E+02   0.1009896607110017E+01   0.1418176842485467E-01   0.4960891061571937E-02   0.7055880756650153E-02   0.2155207848120949E-05   0.1850681882429898E-04   0.1390243677788122E-01
  0.1112500000000000E+02   0.1009930039615495E+01   0.1429303868559477E-01   0.4977914013266194E-02   0.7111120794942211E-02   0.2181887066260499E-05   0.1874326131253845E-04   0.1401054441656131E-01
  0.1117500000000000E+02   0.1009900808235230E+01   0.1443424830825351E-01   0.4963870910849044E-02   0.7181476233156040E-02   0.2213377300161120E-05   0.1895893289901677E-04   0.1414972576410878E-01
  0.1122500000000000E+02   0.1009806346228348E+01   0.1457952227709229E-01   0.4917393644351842E-02   0.7254089922863896E-02   0.2245760696135190E-05   0.1910632504053713E-04   0.1429475055670737E-01
  0.1127500000000000E+02   0.1009653232165037E+01   0.1470450304665671E-01   0.4841663201984092E-02   0.7316825916532952E-02   0.2275272748315489E-05   0.1915131822501486E-04   0.1442161058471248E-01
  0.1132500000000000E+02   0.1009455977393697E+01   0.1478975085966898E-01   0.4743821290252637E-02   0.7359961089721639E-02   0.2298835638447431E-05   0.1907735169307893E-04   0.1451085075511226E-01
  0.1137500000000000E+02   0.1009234272112594E+01   0.1482338983866270E-01   0.4633614693428045E-02   0.7377510378839041E-02   0.2314490629137998E-05   0.1888663935488461E-04   0.1455023037727137E-01
  0.1142500000000000E+02   0.1009009269423414E+01   0.1480215564908896E-01   0.4521554458102983E-02   0.7367764078031208E-02   0.2321593140808884E-05   0.1859766276837292E-04   0.1453587570967795E-01
  0.1147500000000000E+02   0.1008799954758940E+01   0.1473053569805276E-01   0.4417107508073892E-02   0.7332877739706534E-02   0.2320712441817379E-05   0.1823958331245974E-04   0.1447157642671133E-01
  0.1152500000000000E+02   0.1008620614673229E+01   0.1461841989269575E-01   0.4327426602395157E-02   0.7277716163815895E-02   0.2313290850477261E-05   0.1784539889406741E-04   0.1436658454763198E-01
  0.1157500000000000E+02   0.1008479915031725E+01   0.1447817028511137E-01   0.4256877527044844E-02   0.7208399867155240E-02   0.2301198392432381E-05   0.1744593784879262E-04   0.1423277788844518E-01
  0.1162500000000000E+02   0.1008381457276302E+01   0.1432204195625798E-01   0.4207303649413241E-02   0.7131018617475652E-02   0.2286328995411516E-05   0.1706611282891608E-04   0.1408210701391219E-01
  0.1167500000000000E+02   0.1008325245210286E+01   0.1416054244156422E-01   0.4178748579684255E-02   0.7050807668252771E-02   0.2270335027735153E-05   0.1672379173711665E-04   0.1392492818550167E-01
  0.1172500000000000E+02   0.1008309389014434E+01   0.1400186801528477E-01   0.4170302207649801E-02   0.6971859247630566E-02   0.2254528109048383E-05   0.1643076809904655E-04   0.1376938738223619E-01
  0.1177500000000000E+02   0.1008331515616353E+01   0.1385221317360628E-01   0.4180804415214068E-02   0.6897270448060962E-02   0.2239919256980784E-05   0.1619489523308184E-04   0.1362167545403505E-01
  0.1182500000000000E+02   0.1008389596328650E+01   0.1371658428818355E-01   0.4209260568218465E-02   0.6829544810422382E-02   0.2227342995700063E-05   0.1602243878910921E-04   0.1348679993127045E-01
  0.1187500000000000E+02   0.1008482134978326E+01   0.1359973196159416E-01   0.4254938833578858E-02   0.6771055553577840E-02   0.2217604976820973E-05   0.1591993158499140E-04   0.1336949364829081E-01
  0.1192500000000000E+02   0.1008607832510547E+01   0.1350689508099984E-01   0.4317206012367292E-02   0.6724416847655556E-02   0.2211603189441760E-05   0.1589513609629112E-04   0.1327495250866074E-01
  0.1197500000000000E+02   0.1008764941087824E+01   0.1344417609396713E-01   0.4395207550882851E-02   0.6692672362878655E-02   0.2210391893609168E-05   0.1595703794908092E-04   0.1320921776388063E-01
  0.1202500000000000E+02   0.1008950540686054E+01   0.1341850220903612E-01   0.4487507855567729E-02   0.6679277792952664E-02   0.2215178785612243E-05   0.1611504240374652E-04   0.1317915233201197E-01
  0.1207500000000000E+02   0.1009159926648850E+01   0.1343723527128464E-01   0.4591785137085802E-02   0.6687908198179724E-02   0.2227263678660376E-05   0.1637767945357095E-04   0.1319206966871145E-01
  0.1212500000000000E+02   0.1009386216483576E+01   0.1350754877470534E-01   0.4704635090574394E-02   0.6722149128677817E-02   0.2247936724720224E-05   0.1675113018084916E-04   0.1325513146656236E-01
  0.1217500000000000E+02   0.1009620205874660E+01   0.1363568993538527E-01   0.4821498511139222E-02   0.6785130471227724E-02   0.2278354848077059E-05   0.1723780024334395E-04   0.1337463193705454E-01
  0.1222500000000000E+02   0.1009850457792725E+01   0.1382620688454173E-01   0.4936704675036818E-02   0.6879143144150886E-02   0.2319409366294091E-05   0.1783504982270797E-04   0.1355524949635741E-01
  0.1227500000000000E+02   0.1010063605682132E+01   0.1408117715951332E-01   0.5043620597574794E-02   0.7005256722658956E-02   0.2371590754711762E-05   0.1853410835786671E-04   0.1379930203114234E-01
  0.1232500000000000E+02   0.1010244882155402E+01   0.1439945311135551E-01   0.5134911314471191E-02   0.7162945465959659E-02   0.2434853103133629E-05   0.1931919796556129E-04   0.1410601877537947E-01
  0.1237500000000000E+02   0.1010378923998283E+01   0.1477596011580422E-01   0.5202936065087815E-02   0.7349739831463972E-02   0.2508484177071017E-05   0.2016696854301033E-04   0.1447085800632671E-01
  0.1242500000000000E+02   0.1010450921099495E+01   0.1520114593468204E-01   0.5240314095424248E-02   0.7560951208150137E-02   0.2590997686463175E-05   0.2104648327964223E-04   0.1488495759949201E-01
  0.1247500000000000E+02   0.1010448139193514E+01   0.1566076633764222E-01   0.5240675882126622E-02   0.7789560606418686E-02   0.2680079687784875E-05   0.2192012524336645E-04   0.1533488918350509E-01
  0.1252500000000000E+02   0.1010361731917988E+01   0.1613626207734871E-01   0.5199559774925033E-02   0.8026397306103970E-02   0.2772634228158584E-05   0.2274583051198942E-04   0.1580295858639221E-01
  0.1257500000000000E+02   0.1010188573738779E+01   0.1660597317379067E-01   0.5115323434845109E-02   0.8260730279706618E-02   0.2864973625660093E-05   0.2348088315219553E-04   0.1626829680826200E-01
  0.1262500000000000E+02   0.1009932651424315E+01   0.1704728661517178E-01   0.4989842864802085E-02   0.8481322839331965E-02   0.2953174936369690E-05   0.2408706844751797E-04   0.1670885591680358E-01
  0.1267500000000000E+02   0.1009605463248107E+01   0.1743951147906143E-01   0.4828725891510288E-02   0.8677852767191066E-02   0.3033572912014878E-05   0.2453634635100416E-04   0.1710414490016837E-01
  0.1272500000000000E+02   0.1009225013866814E+01   0.1776691229019618E-01   0.4640832465754086E-02   0.8842419955492809E-02   0.3103295419668154E-05   0.2481564521962888E-04   0.1743818862724506E-01
  0.1277500000000000E+02   0.1008813388032664E+01   0.1802109710565013E-01   0.4437087273720719E-02   0.8970744576230077E-02   0.3160702298677686E-05   0.2492926287537855E-04   0.1770194498989282E-01
  0.1282500000000000E+02   0.1008393397707684E+01   0.1820203515297402E-01   0.4228823582025143E-02   0.9062693046415670E-02   0.3205596363467094E-05   0.2489792705055794E-04   0.1789445525969537E-01
  0.1287500000000000E+02   0.1007985162444373E+01   0.1831739451746655E-01   0.4026081736733467E-02   0.9121971456051061E-02   0.3239143130478727E-05   0.2475464485060985E-04   0.1802237518068255E-01
  0.1292500000000000E+02   0.1007603493889196E+01   0.1838045138298805E-01   0.3836296324475574E-02   0.9155103999669900E-02   0.3263533132732957E-05   0.2453853313458987E-04   0.1809807362136140E-01
  0.1297500000000000E+02   0.1007256617260240E+01   0.1840724227936488E-01   0.3663642176477078E-02   0.9170025447692902E-02   0.3281497665907069E-05   0.2428833431233402E-04   0.1813691662300110E-01
  0.1302500000000000E+02   0.1006946282162550E+01   0.1841373209449894E-01   0.3509071587845858E-02   0.9174671468272335E-02   0.3295812116356585E-05   0.2403711720039520E-04   0.1815448816943990E-01
  0.1307500000000000E+02   0.1006668933958439E+01   0.1841358288544355E-01   0.3370883760193566E-02   0.9175860682959787E-02   0.3308892827140954E-05   0.2380899300903815E-04   0.1816434262672216E-01
  0.1312500000000000E+02   0.1006417456715340E+01   0.1841679731598373E-01   0.3245584875950724E-02   0.9178608704398600E-02   0.3322541086247441E-05   0.2361795602152442E-04   0.1817658868693173E-01
  0.1317500000000000E+02   0.1006183033442327E+01   0.1842923748520231E-01   0.3128812164378214E-02   0.9185877856224109E-02   0.3337839751457387E-05   0.2346847343672375E-04   0.1819733189615736E-01
  0.1322500000000000E+02   0.1005956799805970E+01   0.1845285906976964E-01   0.3016159196201906E-02   0.9198684837020679E-02   0.3355178362858313E-05   0.2335725832761545E-04   0.1822883415210735E-01
  0.1327500000000000E+02   0.1005731105446963E+01   0.1848644286940076E-01   0.2903808226993432E-02   0.9216458606375441E-02   0.3374370758592851E-05   0.2327567143665452E-04   0.1827018228378053E-01
  0.1332500000000000E+02   0.1005500301826380E+01   0.1852660619809153E-01   0.2788927928768059E-02   0.9237540265007567E-02   0.3394827835067762E-05   0.2321228955660756E-04   0.1831825270453296E-01
  0.1337500000000000E+02   0.1005261047330233E+01   0.1856889648608808E-01   0.2669830932451323E-02   0.9259726339237511E-02   0.3415750454269382E-05   0.2315527399396550E-04   0.1836877643323665E-01
  0.1342500000000000E+02   0.1005012175451799E+01   0.1860879333025890E-01   0.2545913222046892E-02   0.9280768633554527E-02   0.3436310765055523E-05   0.2309425445837493E-04   0.1841733117559854E-01
  0.1347500000000000E+02   0.1004754221820550E+01   0.1864247635927742E-01   0.2417422405604830E-02   0.9298759150922944E-02   0.3455794946750679E-05   0.2302152916383874E-04   0.1846011647070496E-01
  0.1352500000000000E+02   0.1004488748798768E+01   0.1866726338081074E-01   0.2285123452967053E-02   0.9312351816866368E-02   0.3473688262207902E-05   0.2293249070379409E-04   0.1849441250821071E-01
  0.1357500000000000E+02   0.1004217630468041E+01   0.1868168795159977E-01   0.2149942807842642E-02   0.9320804778602821E-02   0.3489694768994454E-05   0.2282531869249428E-04   0.1851868546715375E-01
  0.1362500000000000E+02   0.1003942454446866E+01   0.1868525749231049E-01   0.2012669014805013E-02   0.9323862896205765E-02   0.3503697328329047E-05   0.2270010981611514E-04   0.1853237300057192E-01
  0.1367500000000000E+02   0.1003664158022957E+01   0.1867799466567290E-01   0.1873768975899193E-02   0.9321530937358144E-02   0.3515675419907399E-05   0.2255770954624865E-04   0.1853544578863482E-01
  0.1372500000000000E+02   0.1003382954417375E+01   0.1865990016837582E-01   0.1733348451483874E-02   0.9313806012957929E-02   0.3525605651359299E-05   0.2239854277030484E-04   0.1852787893163318E-01
  0.1377500000000000E+02   0.1003098537409673E+01   0.1863047785026859E-01   0.1591251751998479E-02   0.9300439584351339E-02   0.3533371288566570E-05   0.2222170971444577E-04   0.1850917297918902E-01
  0.1382500000000000E+02   0.1002810494844812E+01   0.1858843699762365E-01   0.1447266633177957E-02   0.9280786725853857E-02   0.3538703086697943E-05   0.2202453457271272E-04   0.1847804144385220E-01
  0.1387500000000000E+02   0.1002518823327807E+01   0.1853164153144357E-01   0.1301381071878938E-02   0.9253778074092792E-02   0.3541165822907429E-05   0.2180265079306436E-04   0.1843233891166947E-01
  0.1392500000000000E+02   0.1002224420884144E+01   0.1845732225774873E-01   0.1154030525151617E-02   0.9218023248663849E-02   0.3540195088688851E-05   0.2155059974220020E-04   0.1836925156881955E-01
  0.1397500000000000E+02   0.1001929441146136E+01   0.1836251468481691E-01   0.1006277322464832E-02   0.9172027738893787E-02   0.3535178671223756E-05   0.2126282285453156E-04   0.1828571856206247E-01
  0.1402500000000000E+02   0.1001637420154056E+01   0.1824463853823456E-01   0.8598772730215032E-03   0.9114481933247516E-02   0.3525567634705857E-05   0.2093485240115980E-04   0.1817900527051361E-01
  0.1407500000000000E+02   0.1001353132133094E+01   0.1810210360517081E-01   0.7172109482658229E-03   0.9044564941586997E-02   0.3510995535508453E-05   0.2056446436353337E-04   0.1804731589946547E-01
  0.1412500000000000E+02   0.1001082186967536E+01   0.1793481776207195E-01   0.5810851778644821E-03   0.8962201078828029E-02   0.3491381709598885E-05   0.2015256031635386E-04   0.1789032090668114E-01
  0.1417500000000000E+02   0.1000830437849604E+01   0.1774449188167144E-01   0.4544382942022196E-03   0.8868215883936808E-02   0.3466997405797422E-05   0.1970359929587715E-04   0.1770949027275455E-01
  0.1422500000000000E+02   0.1000603308061606E+01   0.1753468050896738E-01   0.3400032358193972E-03   0.8764360343606977E-02   0.3438481503280790E-05   0.1922549712448674E-04   0.1750816535331120E-01
  0.1427500000000000E+02   0.1000405158972095E+01   0.1731055553344027E-01   0.2399896330715912E-03   0.8653201088166092E-02   0.3406803662184400E-05   0.1872902538497927E-04   0.1729135974775384E-01
  0.1432500000000000E+02   0.1000238803579719E+01   0.1707846550668761E-01   0.1558375344155039E-03   0.8537902227711556E-02   0.3373183754535135E-05   0.1822684224501147E-04   0.1706533649192938E-01
  0.1437500000000000E+02   0.1000105228670714E+01   0.1684536978696047E-01   0.8807501980068189E-04   0.8421943130672242E-02   0.3338984093674595E-05   0.1773234458043297E-04   0.1683704833010045E-01
  0.1442500000000000E+02   0.1000003538797406E+01   0.1661824618069347E-01   0.3628699842184169E-04   0.8308821588150876E-02   0.3305593514440592E-05   0.1725853409914607E-04   0.1661354049978863E-01
  0.1447500000000000E+02   0.9999310925020284E+00   0.1640355538683871E-01  -0.8191155538295192E-06   0.8201784411628535E-02   0.3274319949289568E-05   0.1681704800892314E-04   0.1640140243408755E-01
  0.1452500000000000E+02   0.9998837756711431E+00   0.1620681521429729E-01  -0.2527821653630635E-04   0.8103612452018932E-02   0.3246302576546822E-05   0.1641743891385054E-04   0.1620632536661030E-01
  0.1457500000000000E+02   0.9998563508049771E+00   0.1603230432850852E-01  -0.3969348673404927E-04   0.8016470365914383E-02   0.3222448216879478E-05   0.1606672278588393E-04   0.1603278920771760E-01
  0.1462500000000000E+02   0.9998428300732324E+00   0.1588288861467586E-01  -0.4704983390435569E-04   0.7941817968554249E-02   0.3203391328198022E-05   0.1576916486093608E-04   0.1588387419319208E-01
  0.1467500000000000E+02   0.9998368371531889E+00   0.1575994767056930E-01  -0.5053256834686159E-04   0.7880372050723903E-02   0.3189473691683756E-05   0.1552624782482031E-04   0.1576117583057952E-01
  0.1472500000000000E+02   0.9998319412038669E+00   0.1566337456182015E-01  -0.5335988576427031E-04   0.7832105201148900E-02   0.3180738810392100E-05   0.1533676295038313E-04   0.1566479611145580E-01
  0.1477500000000000E+02   0.9998219611944201E+00   0.1559162620776192E-01  -0.5863020701846189E-04   0.7796270200816807E-02   0.3176936718530599E-05   0.1519697670014993E-04   0.1559338743573837E-01
  0.1482500000000000E+02   0.9998012477557789E+00   0.1554181112761452E-01  -0.6918085040907851E-04   0.7771443198856662E-02   0.3177536671855486E-05   0.1510084551191128E-04   0.1554423473950585E-01
  0.1487500000000000E+02   0.9997649520655204E+00   0.1550981243547158E-01  -0.8745324604875204E-04   0.7755584468772590E-02   0.3181747407688505E-05   0.1504027375793542E-04   0.1551337254255191E-01
  0.1492500000000000E+02   0.9997092873529185E+00   0.1549045407383502E-01  -0.1153617852017730E-03   0.7746120643223300E-02   0.3188546748875372E-05   0.1500542925300992E-04   0.1549574411343236E-01
  0.1497500000000000E+02   0.9996317794605176E+00   0.1547772483129535E-01  -0.1541679226200188E-03   0.7740055683953432E-02   0.3196723756072225E-05   0.1498514313989391E-04   0.1548541714298937E-01
  0.1502500000000000E+02   0.9995314903151439E+00   0.1546507546822044E-01  -0.2043674322339539E-03   0.7734118336015145E-02   0.3204936916901509E-05   0.1496742299319485E-04   0.1547587192100893E-01
  0.1507500000000000E+02   0.9994091849925542E+00   0.1544579753346157E-01  -0.2656053462850583E-03   0.7724950554897955E-02   0.3211790590385771E-05   0.1494009683794995E-04   0.1546037215447468E-01
  0.1512500000000000E+02   0.9992674033309636E+00   0.1541347766524092E-01  -0.3366380810764236E-03   0.7709334088054242E-02   0.3215928926435495E-05   0.1489158070504463E-04   0.1543241449319631E-01
  0.1517500000000000E+02   0.9991103954480763E+00   0.1536250003063355E-01  -0.4153632159910048E-03   0.7684441849796601E-02   0.3216142036753654E-05   0.1481172623291162E-04   0.1538623192863080E-01
  0.1522500000000000E+02   0.9989438909561602E+00   0.1528854672986509E-01  -0.4989323541240154E-03   0.7648089244103656E-02   0.3211474223742318E-05   0.1469266552125470E-04   0.1531730286845307E-01
  0.1527500000000000E+02   0.9987746951660513E+00   0.1518902870699626E-01  -0.5839508823038964E-03   0.7598951768087688E-02   0.3201320083421568E-05   0.1452954020215954E-04   0.1522279899019901E-01
  0.1532500000000000E+02   0.9986101384245849E+00   0.1506337570815163E-01  -0.6667520456350440E-03   0.7536712972867838E-02   0.3185492973421216E-05   0.1432099377628090E-04   0.1510189893294677E-01
  0.1537500000000000E+02   0.9984574384169305E+00   0.1491312798327571E-01  -0.7437157778024117E-03   0.7462113683319895E-02   0.3164252834774474E-05   0.1406932922577165E-04   0.1495590699644807E-01
  0.1542500000000000E+02   0.9983230589334732E+00   0.1474180362253421E-01  -0.8115906285686147E-03   0.7376888825105553E-02   0.3138286606683675E-05   0.1378028622796329E-04   0.1478814596352605E-01
  0.1547500000000000E+02   0.9982121535427193E+00   0.1455455577683184E-01  -0.8677743419084338E-03   0.7283598408231346E-02   0.3108642944554085E-05   0.1346246081527518E-04   0.1460363364509864E-01
  0.1552500000000000E+02   0.9981281664595700E+00   0.1435767154502202E-01  -0.9105164605497373E-03   0.7185378177617005E-02   0.3076631142651692E-05   0.1312645464891727E-04   0.1440859180510336E-01
  0.1557500000000000E+02   0.9980726309863601E+00   0.1415798794970682E-01  -0.9390221875165139E-03   0.7085647555120589E-02   0.3043699647829286E-05   0.1278388205863871E-04   0.1420986211215866E-01
  0.1562500000000000E+02   0.9980451688324216E+00   0.1396230468154164E-01  -0.9534553437255955E-03   0.6987814910237951E-02   0.3011311005591029E-05   0.1244637087049984E-04   0.1401431031587694E-01
  0.1567500000000000E+02   0.9980436624546585E+00   0.1377685998686828E-01  -0.9548540386534743E-03   0.6895013725136157E-02   0.2980827723695371E-05   0.1212467054783135E-04   0.1382828802562510E-01
  0.1572500000000000E+02   0.9980645544510734E+00   0.1360691251270679E-01  -0.9449819589235631E-03   0.6809891480945115E-02   0.2953418817756571E-05   0.1182794064212311E-04   0.1365719827688671E-01
  0.1577500000000000E+02   0.9981032243328901E+00   0.1345644706958464E-01  -0.9261402216935721E-03   0.6734460589615775E-02   0.2929991604531214E-05   0.1156324938973687E-04   0.1350518563160990E-01
  0.1582500000000000E+02   0.9981544001812129E+00   0.1332800317111760E-01  -0.9009612515650245E-03   0.6670011007023640E-02   0.2911149182806208E-05   0.1133527877537496E-04   0.1337495136002710E-01
  0.1587500000000000E+02   0.9982125748548830E+00   0.1322261514946246E-01  -0.8722000718512923E-03   0.6617078991503066E-02   0.2897171773538095E-05   0.1114621443419321E-04   0.1326768305208450E-01
  0.1592500000000000E+02   0.9982724077629964E+00   0.1313985117881671E-01  -0.8425326750036710E-03   0.6575465634058413E-02   0.2888019661789871E-05   0.1099579591364032E-04   0.1318308569116601E-01
  0.1597500000000000E+02   0.9983290996966060E+00   0.1307794258517793E-01  -0.8143678129425291E-03   0.6544300760486520E-02   0.2883356282416646E-05   0.1088151008406192E-04   0.1311950486324766E-01
  0.1602500000000000E+02   0.9983787282091241E+00   0.1303400004001388E-01  -0.7896784684175984E-03   0.6522150421762787E-02   0.2882591099157348E-05   0.1079892070119863E-04   0.1307413803472977E-01
  0.1607500000000000E+02   0.9984185254476297E+00   0.1300431526219348E-01  -0.7698620071178164E-03   0.6507167251937970E-02   0.2884942378345302E-05   0.1074213294288070E-04   0.1304333224926124E-01
  0.1612500000000000E+02   0.9984470723576384E+00   0.1298474241096394E-01  -0.7556419895380362E-03   0.6497280823690171E-02   0.2889518994734163E-05   0.1070438741561361E-04   0.1302296272503644E-01
  0.1617500000000000E+02   0.9984643776577564E+00   0.1297114137446346E-01  -0.7470274253587039E-03   0.6490419208382468E-02   0.2895417732856029E-05   0.1067876124424225E-04   0.1300887538725098E-01
  0.1622500000000000E+02   0.9984718121082112E+00   0.1295984772734396E-01  -0.7433442721814787E-03   0.6484744261175087E-02   0.2901828563329065E-05   0.1065892693276003E-04   0.1299735918176292E-01
  0.1627500000000000E+02   0.9984718818840226E+00   0.1294811665737661E-01  -0.7433474340550195E-03   0.6478874383336721E-02   0.2908136244874012E-05   0.1063989068180517E-04   0.1298559630044283E-01
  0.1632500000000000E+02   0.9984678489037637E+00   0.1293447805620226E-01  -0.7454095637200453E-03   0.6472063366031173E-02   0.2914003995438647E-05   0.1061861245109830E-04   0.1297202758752484E-01
  0.1637500000000000E+02   0.9984632353406271E+00   0.1291894369935946E-01  -0.7477682846062095E-03   0.6464305652428617E-02   0.2919425411940644E-05   0.1059441124979023E-04   0.1295657306725239E-01
  0.1642500000000000E+02   0.9984612751089987E+00   0.1290302704448867E-01  -0.7488005816531640E-03   0.6456348039411602E-02   0.2924734877951854E-05   0.1056908559360973E-04   0.1294066618853101E-01
  0.1647500000000000E+02   0.9984643877480802E+00   0.1288956731461128E-01  -0.7472866528811517E-03   0.6449603359812804E-02   0.2930573530074646E-05   0.1054672548584039E-04   0.1292709111101627E-01
  0.1652500000000000E+02   0.9984737451585375E+00   0.1288238273387979E-01  -0.7426278504781836E-03   0.6445978329971311E-02   0.2937815390159934E-05   0.1053324460147271E-04   0.1291964589237275E-01
  0.1657500000000000E+02   0.9984889813948569E+00   0.1288580264365496E-01  -0.7349933775188111E-03   0.6447640294744743E-02   0.2947464140815205E-05   0.1053570291010016E-04   0.1292268022703890E-01
  0.1662500000000000E+02   0.9985080683070393E+00   0.1290413823832966E-01  -0.7253841095284930E-03   0.6456752745005213E-02   0.2960533652600759E-05   0.1056150921433810E-04   0.1294056749830832E-01
  0.1667500000000000E+02   0.9985273551645438E+00   0.1294114685264495E-01  -0.7156143156581418E-03   0.6475207177275387E-02   0.2977924640661331E-05   0.1061758840390685E-04   0.1297716689617380E-01
  0.1672500000000000E+02   0.9985417556738158E+00   0.1299953090441564E-01  -0.7082195231412625E-03   0.6504371975426590E-02   0.3000306954623652E-05   0.1070957753876660E-04   0.1303531773164853E-01
  0.1677500000000000E+02   0.9985450629090665E+00   0.1308049810452182E-01  -0.7063003027596437E-03   0.6544871697122108E-02   0.3028013857631425E-05   0.1084109103072729E-04   0.1311639318567443E-01
  0.1682500000000000E+02   0.9985303782190164E+00   0.1318340169128701E-01  -0.7133090085024163E-03   0.6596406121553750E-02   0.3060952929765757E-05   0.1101308039221699E-04   0.1321993208761581E-01
  0.1687500000000000E+02   0.9984906472504367E+00   0.1330548197193117E-01  -0.7327829109708972E-03   0.6657619575818491E-02   0.3098538874570627E-05   0.1122331568474709E-04   0.1334336902054816E-01
  0.1692500000000000E+02   0.9984192967873331E+00   0.1344174241693345E-01  -0.7680267521189554E-03   0.6726036984806796E-02   0.3139656390348090E-05   0.1146603450399851E-04   0.1348189456423626E-01
  0.1697500000000000E+02   0.9983109533083276E+00   0.1358500911248772E-01  -0.8217539655859252E-03   0.6798090914411189E-02   0.3182665112711742E-05   0.1173183307107101E-04   0.1362849338322018E-01
  0.1702500000000000E+02   0.9981621950290271E+00   0.1372623130184191E-01  -0.8957102088421598E-03   0.6869268524865957E-02   0.3225461084628771E-05   0.1200789824608224E-04   0.1377421824000308E-01
  0.1707500000000000E+02   0.9979722476452721E+00   0.1385507035882050E-01  -0.9903235788703002E-03   0.6934402481693247E-02   0.3265607236082520E-05   0.1227867888896853E-04   0.1390875020600489E-01
  0.1712500000000000E+02   0.9977434933290360E+00   0.1396078429747503E-01  -0.1104446394724512E-02   0.6988110141789553E-02   0.3300536302181494E-05   0.1252704999772913E-04   0.1402125823693322E-01
  0.1717500000000000E+02   0.9974816445326906E+00   0.1403334381558257E-01  -0.1235262899122347E-02   0.7025350062076312E-02   0.3327812949199326E-05   0.1273592469094598E-04   0.1410150249836150E-01
  0.1722500000000000E+02   0.9971954616621650E+00   0.1406462956993059E-01  -0.1378424160845881E-02   0.7042021677787156E-02   0.3345421013568313E-05   0.1289013276121288E-04   0.1414103922501351E-01
  0.1727500000000000E+02   0.9968959767472563E+00   0.1404949174486302E-01  -0.1528430552243831E-02   0.7035499144273904E-02   0.3352024335185942E-05   0.1297825522247472E-04   0.1413431208137224E-01
  0.1732500000000000E+02   0.9965953079166412E+00   0.1398644010088330E-01  -0.1679221040158718E-02   0.7004982965222806E-02   0.3347144941806555E-05   0.1299404371896886E-04   0.1407939468245723E-01
  0.1737500000000000E+02   0.9963052689958215E+00   0.1387779689757209E-01  -0.1824868313001771E-02   0.6951584174471204E-02   0.3331215981841624E-05   0.1293710817690966E-04   0.1397820539028738E-01
  0.1742500000000000E+02   0.9960360436948498E+00   0.1372927255285849E-01  -0.1960245172129782E-02   0.6878119076141585E-02   0.3305496253384579E-05   0.1281272302239149E-04   0.1383613883155031E-01
  0.1747500000000000E+02   0.9957951742180572E+00   0.1354906734339174E-01  -0.2081536304659792E-02   0.6788664523361404E-02   0.3271867623991306E-05   0.1263082215687201E-04   0.1366120388435819E-01
  0.1752500000000000E+02   0.9955870192202668E+00   0.1334670577909473E-01  -0.2186516303420816E-02   0.6687976258673846E-02   0.3232562583154140E-05   0.1240443896789447E-04   0.1346286815258922E-01
  0.1757500000000000E+02   0.9954127090874786E+00   0.1313183965364383E-01  -0.2274578262191573E-02   0.6580888572915776E-02   0.3189877926842075E-05   0.1214793435898238E-04   0.1325084674555604E-01
  0.1762500000000000E+02   0.9952705180095159E+00   0.1291321464032303E-01  -0.2346552091616050E-02   0.6471793721254631E-02   0.3145922244568686E-05   0.1187533055982064E-04   0.1303403815200513E-01
  0.1767500000000000E+02   0.9951565136217014E+00   0.1269791536854175E-01  -0.2404381813734702E-02   0.6364259794779327E-02   0.3102426592967094E-05   0.1159896779350190E-04   0.1281973200467535E-01
  0.1772500000000000E+02   0.9950653388685949E+00   0.1249092285130213E-01  -0.2450734776562435E-02   0.6260804998189404E-02   0.3060628467604090E-05   0.1132858036480648E-04   0.1261313082284589E-01
  0.1777500000000000E+02   0.9949910092880924E+00   0.1229496110668226E-01  -0.2488601766475917E-02   0.6162817351488511E-02   0.3021225199020806E-05   0.1107079265033035E-04   0.1241716745864942E-01
  0.1782500000000000E+02   0.9949276485030615E+00   0.1211058359159473E-01  -0.2520927221699054E-02   0.6070595324803581E-02   0.2984386136732958E-05   0.1082898251796260E-04   0.1223257055289293E-01
  0.1787500000000000E+02   0.9948701174690885E+00   0.1193644749463878E-01  -0.2550292223999606E-02   0.5983483378451885E-02   0.2949811957011451E-05   0.1060344567955260E-04   0.1205812568628853E-01
  0.1792500000000000E+02   0.9948145112310525E+00   0.1176973206725383E-01  -0.2578663663512226E-02   0.5900080356453905E-02   0.2916831108782854E-05   0.1039180287779463E-04   0.1189108729170901E-01
  0.1797500000000000E+02   0.9947585020229053E+00   0.1160666400691514E-01  -0.2607220303941893E-02   0.5818502120324209E-02   0.2884524873418136E-05   0.1018960414380363E-04   0.1172770338184440E-01
  0.1802500000000000E+02   0.9947015067802698E+00   0.1144311131876936E-01  -0.2636266817821475E-02   0.5736679076077434E-02   0.2851871943996858E-05   0.9991087000639342E-05   0.1156381403514409E-01
  0.1807500000000000E+02   0.9946446597500379E+00   0.1127519643125255E-01  -0.2665245587116449E-02   0.5652663953283214E-02   0.2817900577042138E-05   0.9790033204658032E-05   0.1139547418874794E-01
  0.1812500000000000E+02   0.9945905841095332E+00   0.1109986521898461E-01  -0.2692849507759054E-02   0.5564918096449048E-02   0.2781832549402159E-05   0.9580645667400450E-05   0.1121953687187084E-01
  0.1817500000000000E+02   0.9945429820832584E+00   0.1091534053209665E-01  -0.2717226268471817E-02   0.5472540396569155E-02   0.2743200731347564E-05   0.9358345647682293E-05   0.1103412411545595E-01
  0.1822500000000000E+02   0.9945060954190393E+00   0.1072139597236731E-01  -0.2736248320756696E-02   0.5375406433009362E-02   0.2701923421484887E-05   0.9120384981737735E-05   0.1083891887792468E-01
  0.1827500000000000E+02   0.9944841159707025E+00   0.1051941159573453E-01  -0.2747808657078910E-02   0.5274198285575521E-02   0.2658324728032477E-05   0.8866189190281274E-05   0.1063523660819046E-01
  0.1832500000000000E+02   0.9944806376030488E+00   0.1031221294388633E-01  -0.2750096581884964E-02   0.5170325366059599E-02   0.2613100117632865E-05   0.8597393851055701E-05   0.1042587499586043E-01
  0.1837500000000000E+02   0.9944982294357257E+00   0.1010373609016296E-01  -0.2741813102638324E-02   0.5065757405109594E-02   0.2567236790987957E-05   0.8317595593601338E-05   0.1021478289668036E-01
  0.1842500000000000E+02   0.9945381796614522E+00   0.9898590513376682E-02  -0.2722300911150888E-02   0.4962805506640934E-02   0.2521906286556025E-05   0.8031891075119812E-05   0.1000662025552605E-01
  0.1847500000000000E+02   0.9946004197216485E+00   0.9701600073539950E-02  -0.2691583729874658E-02   0.4863891608286713E-02   0.2478349365101373E-05   0.7746306125342587E-05   0.9806290898084675E-02
  0.1852500000000000E+02   0.9946836035909506E+00   0.9517390350460413E-02  -0.2650327475918313E-02   0.4771340790825101E-02   0.2437770660746181E-05   0.7467217126702911E-05   0.9618518958902936E-02
  0.1857500000000000E+02   0.9947852955742441E+00   0.9350065611720804E-02  -0.2599746545831727E-02   0.4687218385668102E-02   0.2401254563566801E-05   0.7200843223962726E-05   0.9447514761232820E-02
  0.1862500000000000E+02   0.9949022148484968E+00   0.9202990844182756E-02  -0.2541481240582399E-02   0.4613219833757555E-02   0.2369706851624269E-05   0.6952853359438734E-05   0.9296747500082275E-02
  0.1867500000000000E+02   0.9950304926237322E+00   0.9078671798999582E-02  -0.2477468588239606E-02   0.4550609892565956E-02   0.2343820828745558E-05   0.6728098747846412E-05   0.9168818674939390E-02
  0.1872500000000000E+02   0.9951659121405768E+00   0.8978712805394445E-02  -0.2409821644990595E-02   0.4500201084677889E-02   0.2324063225045694E-05   0.6530457233615398E-05   0.9065416168327296E-02
  0.1877500000000000E+02   0.9953041169437462E+00   0.8903828149287528E-02  -0.2340724699240848E-02   0.4462359229108223E-02   0.2310673942965005E-05   0.6362763589446310E-05   0.8987324316404283E-02
  0.1882500000000000E+02   0.9954407851040038E+00   0.8853885662314757E-02  -0.2272345628630990E-02   0.4437025286170533E-02   0.2303674318960381E-05   0.6226797763050420E-05   0.8934467880149616E-02
  0.1887500000000000E+02   0.9955717746249404E+00   0.8827967717246157E-02  -0.2206762824199959E-02   0.4423746016876825E-02   0.2302880154542804E-05   0.6123308022142659E-05   0.8905974332023595E-02
  0.1892500000000000E+02   0.9956932480973867E+00   0.8824442350887968E-02  -0.2145902641894848E-02   0.4421709734043961E-02   0.2307917658614236E-05   0.6052054350593124E-05   0.8900246506104591E-02
  0.1897500000000000E+02   0.9958017835758617E+00   0.8841043760439263E-02  -0.2091483859298582E-02   0.4429786707618752E-02   0.2318242121303305E-05   0.6011866406566172E-05   0.8915044367952409E-02
  0.1902500000000000E+02   0.9958944748600643E+00   0.8874965674320032E-02  -0.2044967497203176E-02   0.4446575940432045E-02   0.2333160264738678E-05   0.6000717752232109E-05   0.8947579125735489E-02
  0.1907500000000000E+02   0.9959690192555414E+00   0.8922972371850068E-02  -0.2007512916878951E-02   0.4470460693511658E-02   0.2351857583886507E-05   0.6015822454515284E-05   0.8994624388452072E-02
  0.1912500000000000E+02   0.9960237859663049E+00   0.8981530215720243E-02  -0.1979943571126963E-02   0.4499674208882164E-02   0.2373431525646284E-05   0.6053760661556008E-05   0.9052647359881056E-02
  0.1917500000000000E+02   0.9960578550858450E+00   0.9046957865443446E-02  -0.1962727396061292E-02   0.4532374748810429E-02   0.2396930138705983E-05   0.6110636169929939E-05   0.9117958513691401E-02
  0.1922500000000000E+02   0.9960710170519671E+00   0.9115586983230053E-02  -0.1955976904109091E-02   0.4566725902006749E-02   0.2421394136945549E-05   0.6182261994201652E-05   0.9186871919320218E-02
  0.1927500000000000E+02   0.9960637261518429E+00   0.9183919047943990E-02  -0.1959472204232426E-02   0.4600975006609814E-02   0.2445898626167753E-05   0.6264361258842604E-05   0.9255862171848017E-02
  0.1932500000000000E+02   0.9960370088888708E+00   0.9248760033821909E-02  -0.1972706584653983E-02   0.4633520593495873E-02   0.2469589627715619E-05   0.6352762948932722E-05   0.9321699887202443E-02
  0.1937500000000000E+02   0.9959923371839976E+00   0.9307315053841449E-02  -0.1994949722696537E-02   0.4662959897475137E-02   0.2491710509143803E-05   0.6443568007590784E-05   0.9381547847312124E-02
  0.1942500000000000E+02   0.9959314849435248E+00   0.9357230405757902E-02  -0.2025319299107542E-02   0.4688110122786973E-02   0.2511614747088472E-05   0.6533263043049503E-05   0.9433004975723016E-02
  0.1947500000000000E+02   0.9958563917456740E+00   0.9396580027343811E-02  -0.2062849159491287E-02   0.4708001911457840E-02   0.2528763935677982E-05   0.6618766963146922E-05   0.9474094714116503E-02
  0.1952500000000000E+02   0.9957690573107022E+00   0.9423804942429604E-02  -0.2106542174465265E-02   0.4721849245792531E-02   0.2542713050695365E-05   0.6697408670929883E-05   0.9503205904152472E-02
  0.1957500000000000E+02   0.9956714845429101E+00   0.9437624869505471E-02  -0.2155398854963519E-02   0.4729005327420575E-02   0.2553087893758911E-05   0.6766848468276634E-05   0.9519004995506107E-02
  0.1962500000000000E+02   0.9955656784126775E+00   0.9436947975052522E-02  -0.2208418018780134E-02   0.4728917413952557E-02   0.2559561607244682E-05   0.6824968419005675E-05   0.9520345477696878E-02
  0.1967500000000000E+02   0.9954536951184271E+00   0.9420805976392083E-02  -0.2264572219009109E-02   0.4721094247071283E-02   0.2561837648098623E-05   0.6869764547038762E-05   0.9506201988280113E-02
  0.1972500000000000E+02   0.9953377236503052E+00   0.9388336952192938E-02  -0.2322766827318801E-02   0.4705097320070836E-02   0.2559645461175822E-05   0.6899274547656213E-05   0.9475652005915412E-02
  0.1977500000000000E+02   0.9952201727420860E+00   0.9338828076524345E-02  -0.2381796274525394E-02   0.4680562183834313E-02   0.2552752463124028E-05   0.6911568253711306E-05   0.9427918075140561E-02
  0.1982500000000000E+02   0.9951037323729380E+00   0.9271816844802234E-02  -0.2440312914693044E-02   0.4647249164555178E-02   0.2540992284112218E-05   0.6904815329333248E-05   0.9362469850718364E-02
  0.1987500000000000E+02   0.9949913817707255E+00   0.9187234799509140E-02  -0.2496822631619766E-02   0.4605115556497257E-02   0.2524305200791763E-05   0.6877427671434168E-05   0.9279170453418948E-02
  0.1992500000000000E+02   0.9948863254159755E+00   0.9085565449256304E-02  -0.2549716561733084E-02   0.4554395141348725E-02   0.2502783192773928E-05   0.6828256023132014E-05   0.9178438878174846E-02
  0.1997500000000000E+02   0.9947918534324089E+00   0.8967981246027970E-02  -0.2597340860867048E-02   0.4495667403658375E-02   0.2476709980514857E-05   0.6756805428643056E-05   0.9061392821802254E-02
  0.2002500000000000E+02   0.9947111398343228E+00   0.8836425572135662E-02  -0.2638097859118615E-02   0.4429899293911209E-02   0.2446586474240855E-05   0.6663426503901643E-05   0.8929936887484903E-02
  0.2007500000000000E+02   0.9946470070079961E+00   0.8693615222094468E-02  -0.2670564422499133E-02   0.4358447124876272E-02   0.2413134495473487E-05   0.6549441844227216E-05   0.8786770387051021E-02
  0.2012500000000000E+02   0.9946016932174140E+00   0.8542954780750433E-02  -0.2693609051022339E-02   0.4283014156071668E-02   0.2377275919049204E-05   0.6417179297923501E-05   0.8635304961343382E-02
  0.2017500000000000E+02   0.9945766592630443E+00   0.8388372252267585E-02  -0.2706489508200294E-02   0.4205568453027931E-02   0.2340089360041537E-05   0.6269903089169875E-05   0.8479500632037821E-02
  0.2022500000000000E+02   0.9945724610330060E+00   0.8234100116239299E-02  -0.2708917446094694E-02   0.4128233100787919E-02   0.2302750760094473E-05   0.6111654281595847E-05   0.8323644378800288E-02
  0.2027500000000000E+02   0.9945886997959906E+00   0.8084433667831568E-02  -0.2701083956940353E-02   0.4053164772256963E-02   0.2266466553596296E-05   0.5947027953350999E-05   0.8172103670517185E-02
  0.2032500000000000E+02   0.9946240464565027E+00   0.7943497665761275E-02  -0.2683647855254212E-02   0.3982436289487607E-02   0.2232408067421144E-05   0.5780921781485523E-05   0.8029086986779477E-02
  0.2037500000000000E+02   0.9946763240062148E+00   0.7815044453082249E-02  -0.2657694560136648E-02   0.3917934900813987E-02   0.2201653780385208E-05   0.5618288779570695E-05   0.7898435627315556E-02
  0.2042500000000000E+02   0.9947426265828277E+00   0.7702295179503456E-02  -0.2624676421607575E-02   0.3861282206115292E-02   0.2175142935902679E-05   0.5463917888599886E-05   0.7783459393435091E-02
  0.2047500000000000E+02   0.9948194541295859E+00   0.7607824222506418E-02  -0.2586345082526531E-02   0.3813775851673042E-02   0.2153640785401967E-05   0.5322253714628019E-05   0.7686816832495991E-02
  0.2052500000000000E+02   0.9949028471480666E+00   0.7533478164093750E-02  -0.2544683728873065E-02   0.3776348695125913E-02   0.2137713238787750E-05   0.5197254613181671E-05   0.7610431586798943E-02
  0.2057500000000000E+02   0.9949885142310023E+00   0.7480316133040255E-02  -0.2501842972933543E-02   0.3749538823878389E-02   0.2127707335917554E-05   0.5092279129440885E-05   0.7555431488072165E-02
  0.2062500000000000E+02   0.9950719538321530E+00   0.7448558184524841E-02  -0.2460079704360352E-02   0.3733463710563744E-02   0.2123733823321959E-05   0.5009985783485519E-05   0.7522096651165267E-02
  0.2067500000000000E+02   0.9951485794441226E+00   0.7437532210318220E-02  -0.2421694356849580E-02   0.3727793682082509E-02   0.2125649125676602E-05   0.4952230647236588E-05   0.7509806497519369E-02
  0.2072500000000000E+02   0.9952138627934038E+00   0.7445616998976005E-02  -0.2388959286637626E-02   0.3731723434842833E-02   0.2133035980975034E-05   0.4919950981218708E-05   0.7516982707296866E-02
  0.2077500000000000E+02   0.9952635116983743E+00   0.7470188787624431E-02  -0.2364029906711584E-02   0.3743945192215702E-02   0.2145184780965779E-05   0.4913031222346257E-05   0.7541034838412954E-02
  0.2082500000000000E+02   0.9952936965510565E+00   0.7507589961259253E-02  -0.2348831526556738E-02   0.3762632771105254E-02   0.2161080955181664E-05   0.4930159592365671E-05   0.7578326773441982E-02
  0.2087500000000000E+02   0.9953013305104903E+00   0.7553149618602949E-02  -0.2344919246789701E-02   0.3785451387116911E-02   0.2179407041680855E-05   0.4968698686531346E-05   0.7624193465179489E-02
  0.2092500000000000E+02   0.9952843924576968E+00   0.7601293278812416E-02  -0.2353316248569159E-02   0.3809611860899204E-02   0.2198570463339697E-05   0.5024609281373928E-05   0.7673045449686390E-02
  0.2097500000000000E+02   0.9952422593898606E+00   0.7645778301930090E-02  -0.2374347002356392E-02   0.3831987619281954E-02   0.2216768078836075E-05   0.5092478639979934E-05   0.7718598549275459E-02
  0.2102500000000000E+02   0.9951759904990837E+00   0.7680077510367896E-02  -0.2407494186489445E-02   0.3849305936848931E-02   0.2232094751456759E-05   0.5165705899871142E-05   0.7754252865944222E-02
  0.2107500000000000E+02   0.9950884872730201E+00   0.7697903279212533E-02  -0.2451317178251866E-02   0.3858409825893214E-02   0.2242694564497171E-05   0.5236880470460027E-05   0.7773615533175921E-02
  0.2112500000000000E+02   0.9949844539105456E+00   0.7693821427313714E-02  -0.2503470177423806E-02   0.3856565510399423E-02   0.2246940762041650E-05   0.5298351378582016E-05   0.7771118737244129E-02
  0.2117500000000000E+02   0.9948701092237725E+00   0.7663860667757374E-02  -0.2560844758422887E-02   0.3841768506621944E-02   0.2243617420026183E-05   0.5342931728547844E-05   0.7742639946541966E-02
  0.2122500000000000E+02   0.9947526546491960E+00   0.7605997772011164E-02  -0.2619835003288884E-02   0.3812988286184859E-02   0.2232067696915938E-05   0.5364629518946593E-05   0.7686003728019401E-02
  0.2127500000000000E+02   0.9946395687051537E+00   0.7520407810164741E-02  -0.2676690417935612E-02   0.3770295819775947E-02   0.2212275387226318E-05   0.5359266994115366E-05   0.7601251466149064E-02
  0.2132500000000000E+02   0.9945378513304334E+00   0.7409416925320501E-02  -0.2727895014243087E-02   0.3714842162072869E-02   0.2184859921223342E-05   0.5324863265442787E-05   0.7490611883329200E-02
  0.2137500000000000E+02   0.9944533586123405E+00   0.7277167555930425E-02  -0.2770502056215429E-02   0.3648692488005730E-02   0.2150985972759826E-05   0.5261709597108662E-05   0.7358177859337495E-02
  0.2142500000000000E+02   0.9943903412497820E+00   0.7129075246550996E-02  -0.2802367285161700E-02   0.3574554838814809E-02   0.2112209477797815E-05   0.5172143744340464E-05   0.7209366141214636E-02
  0.2147500000000000E+02   0.9943512409200540E+00   0.6971196181633196E-02  -0.2822252964476912E-02   0.3495463172116323E-02   0.2070294343735629E-05   0.5060098992694386E-05   0.7050279249313171E-02
  0.2152500000000000E+02   0.9943367327000664E+00   0.6809624523976693E-02  -0.2829808239006137E-02   0.3414474570259143E-02   0.2027034941494143E-05   0.4930541059274278E-05   0.6887091152099252E-02
  0.2157500000000000E+02   0.9943459526139655E+00   0.6650006191244030E-02  -0.2825456101183232E-02   0.3334424365288855E-02   0.1984110554911059E-05   0.4788904978754090E-05   0.6725546887817719E-02
  0.2162500000000000E+02   0.9943768287602929E+00   0.6497209391584606E-02  -0.2810227810756794E-02   0.3257759742822346E-02   0.1942984610227579E-05   0.4640614431427554E-05   0.6570619697282357E-02
  0.2167500000000000E+02   0.9944264399683846E+00   0.6355150218985887E-02  -0.2785583016445270E-02   0.3186451233932918E-02   0.1904849089986373E-05   0.4490725229337981E-05   0.6426326070155012E-02
  0.2172500000000000E+02   0.9944913470305380E+00   0.6226744295128346E-02  -0.2753243318004417E-02   0.3121967684229804E-02   0.1870606248587140E-05   0.4343698189545304E-05   0.6295670481264093E-02
  0.2177500000000000E+02   0.9945678668050456E+00   0.6113944513040556E-02  -0.2715054341723033E-02   0.3065294698199285E-02   0.1840876229996167E-05   0.4203282436870290E-05   0.6180679647499878E-02
  0.2182500000000000E+02   0.9946522810195253E+00   0.6017826488825887E-02  -0.2672880559573598E-02   0.3016977264291344E-02   0.1816019393262814E-05   0.4072479284633574E-05   0.6082487132411635E-02
  0.2187500000000000E+02   0.9947409861033802E+00   0.5938691787907546E-02  -0.2628529757649267E-02   0.2977171477776734E-02   0.1796164479513626E-05   0.3953556124072268E-05   0.6001437431436094E-02
  0.2192500000000000E+02   0.9948305978446412E+00   0.5876169682281634E-02  -0.2583700269832345E-02   0.2945695635749747E-02   0.1781236827243222E-05   0.3848084994383887E-05   0.5937189456977262E-02
  0.2197500000000000E+02   0.9949180266754653E+00   0.5829308219250651E-02  -0.2539943053502358E-02   0.2922076016304744E-02   0.1770983788600198E-05   0.3756988196935457E-05   0.5888809571840114E-02
  0.2202500000000000E+02   0.9950005377808944E+00   0.5796653418229596E-02  -0.2498631472135471E-02   0.2905586699487155E-02   0.1764996905129351E-05   0.3680581228659553E-05   0.5854852576894149E-02
  0.2207500000000000E+02   0.9950758064625533E+00   0.5776321096520425E-02  -0.2460933526124864E-02   0.2895285653793341E-02   0.1762732139352471E-05   0.3618610306524515E-05   0.5833434936756885E-02
  0.2212500000000000E+02   0.9951419742550837E+00   0.5766069173607247E-02  -0.2427783741999479E-02   0.2890051005648687E-02   0.1763530516583455E-05   0.3570287347818993E-05   0.5822308031854587E-02
  0.2217500000000000E+02   0.9951977058647055E+00   0.5763379360161745E-02  -0.2399854650425470E-02   0.2888621952907879E-02   0.1766641907057861E-05   0.3534329197308643E-05   0.5818940405277046E-02
  0.2222500000000000E+02   0.9952422417102817E+00   0.5765555877996388E-02  -0.2377530437088660E-02   0.2889648165464062E-02   0.1771254348884802E-05   0.3509009868711636E-05   0.5820616809918250E-02
  0.2227500000000000E+02   0.9952754364903463E+00   0.5769845309254073E-02  -0.2360887541508649E-02   0.2891749750586356E-02   0.1776530270121153E-05   0.3492234256314602E-05   0.5824558382315631E-02
  0.2232500000000000E+02   0.9952977717554633E+00   0.5773576170853512E-02  -0.2349688216435442E-02   0.2893587112969329E-02   0.1781649299404563E-05   0.3481638946336141E-05   0.5828062796122659E-02
  0.2237500000000000E+02   0.9953103308987741E+00   0.5774310237036677E-02  -0.2343392860708504E-02   0.2893936749235840E-02   0.1785855316773869E-05   0.3474720592046016E-05   0.5828656646456503E-02
  0.2242500000000000E+02   0.9953147288301997E+00   0.5769991483157788E-02  -0.2341195026881349E-02   0.2891765929592160E-02   0.1788503443337490E-05   0.3468985652589668E-05   0.5824246069593159E-02
  0.2247500000000000E+02   0.9953129955424094E+00   0.5759074634946544E-02  -0.2342079541161168E-02   0.2886297255224443E-02   0.1789101373230723E-05   0.3462108681407169E-05   0.5813247556243222E-02
  0.2252500000000000E+02   0.9953074213894113E+00   0.5740615259800676E-02  -0.2344899863022332E-02   0.2877054033509422E-02   0.1787339322991258E-05   0.3452081716813285E-05   0.5794680686767579E-02
  0.2257500000000000E+02   0.9953003799155759E+00   0.5714307739940415E-02  -0.2348466787166825E-02   0.2863879596084056E-02   0.1783104132713647E-05   0.3437336330457691E-05   0.5768208769247462E-02
  0.2262500000000000E+02   0.9952941491136051E+00   0.5680465511525347E-02  -0.2351638045283044E-02   0.2846927699252406E-02   0.1776475482495080E-05   0.3416823189338486E-05   0.5734121342384113E-02
  0.2267500000000000E+02   0.9952907524886432E+00   0.5639947546800444E-02  -0.2353398089833814E-02   0.2826625949510474E-02   0.1767705159999513E-05   0.3390040857227973E-05   0.5693262151470110E-02
  0.2272500000000000E+02   0.9952918371645187E+00   0.5594043566929877E-02  -0.2352919394311148E-02   0.2803618471741348E-02   0.1757183015636181E-05   0.3357014093305784E-05   0.5646914871646804E-02
  0.2277500000000000E+02   0.9952985988716792E+00   0.5544335735115170E-02  -0.2349600297279930E-02   0.2778696694136178E-02   0.1745394979081542E-05   0.3318229747532076E-05   0.5596664319418922E-02
  0.2282500000000000E+02   0.9953117552468389E+00   0.5492555646392642E-02  -0.2343078630473117E-02   0.2752727680600248E-02   0.1732878959224763E-05   0.3274543603625995E-05   0.5544252147890129E-02
  0.2287500000000000E+02   0.9953315616435980E+00   0.5440452738115199E-02  -0.2333224003966849E-02   0.2726588109884513E-02   0.1720183713611796E-05   0.3227073338651315E-05   0.5491443447672240E-02
  0.2292500000000000E+02   0.9953578590151589E+00   0.5389685197892081E-02  -0.2320113960602166E-02   0.2701109480761470E-02   0.1707834269539636E-05   0.3177091448009736E-05   0.5439915658932163E-02
  0.2297500000000000E+02   0.9953901417553308E+00   0.5341738731808142E-02  -0.2304000066241652E-02   0.2677037259928277E-02   0.1696305726592947E-05   0.3125928589802783E-05   0.5391175441437969E-02
  0.2302500000000000E+02   0.9954276341835806E+00   0.5297873551470356E-02  -0.2285269613224727E-02   0.2655004176101808E-02   0.1686005704418252E-05   0.3074893622628636E-05   0.5346504056587747E-02
  0.2307500000000000E+02   0.9954693667042902E+00   0.5259096411032428E-02  -0.2264407445870864E-02   0.2635516087769071E-02   0.1677264571513366E-05   0.3025212715433480E-05   0.5306928189217963E-02
  0.2312500000000000E+02   0.9955142455999176E+00   0.5226152639095981E-02  -0.2241960950445376E-02   0.2618947898467606E-02   0.1670331965274613E-05   0.2977986931413728E-05   0.5273211166481604E-02
  0.2317500000000000E+02   0.9955611132024090E+00   0.5199532614976826E-02  -0.2218509854880035E-02   0.2605546738605359E-02   0.1665377922774944E-05   0.2934165831372518E-05   0.5245858977850134E-02
  0.2322500000000000E+02   0.9956087974114511E+00   0.5179487599066225E-02  -0.2194641365604877E-02   0.2595439859210075E-02   0.1662497056073186E-05   0.2894533800249584E-05   0.5225135930188843E-02
  0.2327500000000000E+02   0.9956561510524634E+00   0.5166050801911854E-02  -0.2170930401265259E-02   0.2588645169452380E-02   0.1661714489939008E-05   0.2859705717010013E-05   0.5211085738535679E-02
  0.2332500000000000E+02   0.9957020824358761E+00   0.5159060717628603E-02  -0.2147924244487509E-02   0.2585082921094531E-02   0.1662992624586505E-05   0.2830128977445079E-05   0.5203555000591625E-02
  0.2337500000000000E+02   0.9957455788270181E+00   0.5158184827045584E-02  -0.2126130755995326E-02   0.2584587584678140E-02   0.1666238118695638E-05   0.2806089499385249E-05   0.5202217096806931E-02
  0.2342500000000000E+02   0.9957857245195441E+00   0.5162942675115184E-02  -0.2106009301790501E-02   0.2586919413906261E-02   0.1671308769251661E-05   0.2787720017568182E-05   0.5206595473759999E-02
  0.2347500000000000E+02   0.9958217149643319E+00   0.5172728003186115E-02  -0.2087963663753412E-02   0.2591775534734188E-02   0.1678020179345435E-05   0.2775009605502270E-05   0.5216085960831915E-02
  0.2352500000000000E+02   0.9958528680474392E+00   0.5186830073070300E-02  -0.2072336382976658E-02   0.2598800625623733E-02   0.1686152252463815E-05   0.2767813890475160E-05   0.5229978240789664E-02
  0.2357500000000000E+02   0.9958786332096384E+00   0.5204454580877251E-02  -0.2059404185913882E-02   0.2607597387413443E-02   0.1695455638357053E-05   0.2765865835349790E-05   0.5247476867807657E-02
  0.2362500000000000E+02   0.9958985987054046E+00   0.5224744654419837E-02  -0.2049374341260513E-02   0.2617737050353079E-02   0.1705658289749297E-05   0.2768787244895036E-05   0.5267722331793958E-02
  0.2367500000000000E+02   0.9959124969437800E+00   0.5246802386691258E-02  -0.2042381973933138E-02   0.2628770146105649E-02   0.1716472278996535E-05   0.2776101320400644E-05   0.5289812633894058E-02
  0.2372500000000000E+02   0.9959202075618269E+00   0.5269711203949598E-02  -0.2038488509241487E-02   0.2640237696180128E-02   0.1727600976357409E-05   0.2787246640981143E-05   0.5312825689265705E-02
  0.2377500000000000E+02   0.9959217576751556E+00   0.5292559123448055E-02  -0.2037681524459600E-02   0.2651682846869821E-02   0.1738746613617280E-05   0.2801592900017214E-05   0.5335842632657703E-02
  0.2382500000000000E+02   0.9959173186501162E+00   0.5314462648705306E-02  -0.2039876336009216E-02   0.2662662827244721E-02   0.1749618156256408E-05   0.2818458578882473E-05   0.5357971795592419E-02
  0.2387500000000000E+02   0.9959071987669947E+00   0.5334590712118790E-02  -0.2044919639153653E-02   0.2672760937391029E-02   0.1759939294475466E-05   0.2837130510788137E-05   0.5378372783428190E-02
  0.2392500000000000E+02   0.9958918313040739E+00   0.5352187747322394E-02  -0.2052595437767590E-02   0.2681598109707108E-02   0.1769456251692423E-05   0.2856884997331713E-05   0.5396279747743512E-02
  0.2397500000000000E+02   0.9958717578663593E+00   0.5366594706272267E-02  -0.2062633355446986E-02   0.2688843451326414E-02   0.1777945014987759E-05   0.2877009822473156E-05   0.5411022673841351E-02
  0.2402500000000000E+02   0.9958476071886283E+00   0.5377266680103256E-02  -0.2074719216552778E-02   0.2694223096483583E-02   0.1785217532930145E-05   0.2896826207072452E-05   0.5422045336948541E-02
  0.2407500000000000E+02   0.9958200701168491E+00   0.5383785782901165E-02  -0.2088507548326457E-02   0.2697526696317654E-02   0.1791126417932258E-05   0.2915709511883518E-05   0.5428918569756879E-02
  0.2412500000000000E+02   0.9957898719522641E+00   0.5385868140499210E-02  -0.2103635414278937E-02   0.2698610963842506E-02   0.1795567742907502E-05   0.2933107376098883E-05   0.5431347656880808E-02
  0.2417500000000000E+02   0.9957577437548936E+00   0.5383364191920006E-02  -0.2119736781525328E-02   0.2697399873686738E-02   0.1798481636837411E-05   0.2948554008195242E-05   0.5429173030154700E-02
  0.2422500000000000E+02   0.9957243944766609E+00   0.5376252027194573E-02  -0.2136456486400262E-02   0.2693881373932217E-02   0.1799850551636241E-05   0.2961679540408317E-05   0.5422363952082510E-02
  0.2427500000000000E+02   0.9956904858746444E+00   0.5364624091132246E-02  -0.2153462820861707E-02   0.2688100770634414E-02   0.1799695274155168E-05   0.2972213705132705E-05   0.5411005483175078E-02
  0.2432500000000000E+02   0.9956566120173760E+00   0.5348668198599387E-02  -0.2170457829533179E-02   0.2680151254574518E-02   0.1798068966220772E-05   0.2979983551872798E-05   0.5395279652640465E-02
  0.2437500000000000E+02   0.9956232848519337E+00   0.5328644349959578E-02  -0.2187184578835710E-02   0.2670162312813363E-02   0.1795049704323685E-05   0.2984905438611058E-05   0.5375442306758180E-02
  0.2442500000000000E+02   0.9955909267894144E+00   0.5304859235178319E-02  -0.2203430914384463E-02   0.2658286969276569E-02   0.1790732134611413E-05   0.2986972035526653E-05   0.5351797523023298E-02
  0.2447500000000000E+02   0.9955598706560873E+00   0.5277640526328433E-02  -0.2219029528275462E-02   0.2644688905939599E-02   0.1785218941712282E-05   0.2986235511076392E-05   0.5324671703229387E-02
  0.2452500000000000E+02   0.9955303667198391E+00   0.5247313065686956E-02  -0.2233854477612596E-02   0.2629530521372665E-02   0.1778612845029719E-05   0.2982788385507428E-05   0.5294389477915698E-02
  0.2457500000000000E+02   0.9955025959033109E+00   0.5214178872775505E-02  -0.2247814596034847E-02   0.2612962892516449E-02   0.1771009786201669E-05   0.2976743710804062E-05   0.5261253379105310E-02
  0.2462500000000000E+02   0.9954766877879405E+00   0.5178502550282273E-02  -0.2260844495101000E-02   0.2595118434367612E-02   0.1762493865809136E-05   0.2968216264843265E-05   0.5225528899054903E-02
  0.2467500000000000E+02   0.9954527416301606E+00   0.5140503206192620E-02  -0.2272894045414087E-02   0.2576106820949998E-02   0.1753134438774552E-05   0.2957306341822128E-05   0.5187436090214686E-02
  0.2472500000000000E+02   0.9954308483699938E+00   0.5100353467893596E-02  -0.2283917349273135E-02   0.2556014459716337E-02   0.1742985599149241E-05   0.2944087498783242E-05   0.5147148316478024E-02
  0.2477500000000000E+02   0.9954111115217457E+00   0.5058185579390370E-02  -0.2293862263104796E-02   0.2534907518392085E-02   0.1732088087915845E-05   0.2928599298593885E-05   0.5104798174635250E-02
  0.2482500000000000E+02   0.9953936649017592E+00   0.5014103977664539E-02  -0.2302661496182079E-02   0.2512838204612166E-02   0.1720473452935604E-05   0.2910845690896510E-05   0.5060490000977524E-02
  0.2487500000000000E+02   0.9953786853740115E+00   0.4968203172777192E-02  -0.2310226199788601E-02   0.2489853711666930E-02   0.1708170089943951E-05   0.2890799212563734E-05   0.5014317795973292E-02
  0.2492500000000000E+02   0.9953663991821937E+00   0.4920589249835745E-02  -0.2316442767215210E-02   0.2466006988971378E-02   0.1695210611935234E-05   0.2868410691314875E-05   0.4966386881723382E-02
  0.2497500000000000E+02   0.9953570809775977E+00   0.4871402920127933E-02  -0.2321173294346779E-02   0.2441368298961180E-02   0.1681639849361241E-05   0.2843623634180301E-05   0.4916837203995059E-02
  0.2502500000000000E+02   0.9953510453161677E+00   0.4820841829924752E-02  -0.2324259817796048E-02   0.2416036411311520E-02   0.1667522695635528E-05   0.2816392023512362E-05   0.4865865960496369E-02
  0.2507500000000000E+02   0.9953486311288567E+00   0.4769179839646581E-02  -0.2325532080885817E-02   0.2390148286341251E-02   0.1652951000427019E-05   0.2786699884805739E-05   0.4813747232116364E-02
  0.2512500000000000E+02   0.9953501803834498E+00   0.4716781242951282E-02  -0.2324818219103353E-02   0.2363886227244627E-02   0.1638048789104754E-05   0.2754580791321457E-05   0.4760846545415487E-02
  0.2517500000000000E+02   0.9953560127533682E+00   0.4664108397423089E-02  -0.2321957456106527E-02   0.2337481731847320E-02   0.1622975249752815E-05   0.2720135475544618E-05   0.4707628796660712E-02
  0.2522500000000000E+02   0.9953663984931566E+00   0.4611721932355730E-02  -0.2316813707473164E-02   0.2311215622212333E-02   0.1607925162534780E-05   0.2683545943145422E-05   0.4654658667255565E-02
  0.2527500000000000E+02   0.9953815318224627E+00   0.4560273487988366E-02  -0.2309288936915843E-02   0.2285414426244978E-02   0.1593126717457616E-05   0.2645084908443158E-05   0.4602593460421637E-02
  0.2532500000000000E+02   0.9954015069196831E+00   0.4510491701405568E-02  -0.2299335209251407E-02   0.2260443367726717E-02   0.1578836933308681E-05   0.2605119928714444E-05   0.4552169064732126E-02
  0.2537500000000000E+02   0.9954262981599963E+00   0.4463162764145198E-02  -0.2286964617679965E-02   0.2236696628121597E-02   0.1565335109263123E-05   0.2564112216455205E-05   0.4504180376004790E-02
  0.2542500000000000E+02   0.9954557455886114E+00   0.4419107240690144E-02  -0.2272256585718058E-02   0.2214585727348677E-02   0.1552914876896181E-05   0.2522610653328243E-05   0.4459457887571502E-02
  0.2547500000000000E+02   0.9954895459185836E+00   0.4379154910055085E-02  -0.2255362396301419E-02   0.2194526908494633E-02   0.1541875456226000E-05   0.2481241929742362E-05   0.4418842242187514E-02
  0.2552500000000000E+02   0.9955272487075287E+00   0.4344119185789980E-02  -0.2236507119853903E-02   0.2176928308556488E-02   0.1532512656747199E-05   0.2440697934046837E-05   0.4383158336518022E-02
  0.2557500000000000E+02   0.9955682569015005E+00   0.4314772243181395E-02  -0.2215989347908898E-02   0.2162177483863227E-02   0.1525110022490898E-05   0.2401721499204018E-05   0.4353190141276495E-02
  0.2562500000000000E+02   0.9956118307015758E+00   0.4291821427591365E-02  -0.2194179256720941E-02   0.2150629580610348E-02   0.1519930329795540E-05   0.2365091404007033E-05   0.4329656838901633E-02
  0.2567500000000000E+02   0.9956570937310176E+00   0.4275886935840582E-02  -0.2171515515179356E-02   0.2142596148699957E-02   0.1517207442735923E-05   0.2331607168815096E-05   0.4313190288800020E-02
  0.2572500000000000E+02   0.9957030407435756E+00   0.4267480246642997E-02  -0.2148501420519366E-02   0.2138334337683557E-02   0.1517138347098061E-05   0.2302073743962001E-05   0.4304313302668483E-02
  0.2577500000000000E+02   0.9957485465772615E+00   0.4266982402518995E-02  -0.2125700413470377E-02   0.2138036025322540E-02   0.1519875047060936E-05   0.2277285725541544E-05   0.4303417826833523E-02
  0.2582500000000000E+02   0.9957923766707157E+00   0.4274621072933406E-02  -0.2103730817698435E-02   0.2141816341510188E-02   0.1525515941272173E-05   0.2258010306496081E-05   0.4310741944357863E-02
  0.2587500000000000E+02   0.9958332001624113E+00   0.4290445403474286E-02  -0.2083259296061013E-02   0.2149701086509366E-02   0.1534096314918515E-05   0.2244967834709569E-05   0.4326344674078764E-02
  0.2592500000000000E+02   0.9958696073196370E+00   0.4314298021407728E-02  -0.2064992151690426E-02   0.2161612724013947E-02   0.1545577708677565E-05   0.2238808659175723E-05   0.4350077899556129E-02
  0.2597500000000000E+02   0.9959001337092751E+00   0.4345784266086286E-02  -0.2049663267768898E-02   0.2177354977561545E-02   0.1559836171230444E-05   0.2240084964550102E-05   0.4381555450569476E-02
  0.2602500000000000E+02   0.9959232940063769E+00   0.4384239778877357E-02  -0.2038017235645784E-02   0.2196596591151206E-02   0.1576649784417088E-05   0.2249216602788375E-05   0.4420120419758239E-02
  0.2607500000000000E+02   0.9959376284696051E+00   0.4428699028731485E-02  -0.2030786151450359E-02   0.2218855535459222E-02   0.1595686374478091E-05   0.2266450620194291E-05   0.4464813236839797E-02
  0.2612500000000000E+02   0.9959417646689419E+00   0.4477869105272036E-02  -0.2028658779438808E-02   0.2243485819840985E-02   0.1616492970158999E-05   0.2291815336334152E-05   0.4514344785768658E-02
  0.2617500000000000E+02   0.9959344957687414E+00   0.4530114996049175E-02  -0.2032241417228797E-02   0.2269670015433393E-02   0.1638489274577077E-05   0.2325071500832575E-05   0.4567080756772178E-02
  0.2622500000000000E+02   0.9959148743138609E+00   0.4583464209911035E-02  -0.2042010971798680E-02   0.2296421422696537E-02   0.1660968050906200E-05   0.2365665169165431E-05   0.4621045113342997E-02
  0.2627500000000000E+02   0.9958823169521307E+00   0.4635639432270543E-02  -0.2058262510284514E-02   0.2322600237129734E-02   0.1683105669974376E-05   0.2412689244408066E-05   0.4673951445971435E-02
  0.2632500000000000E+02   0.9958367110847137E+00   0.4684127152019459E-02  -0.2081055772441998E-02   0.2346947705079004E-02   0.1703985853203247E-05   0.2464862618258326E-05   0.4723270328200366E-02
  0.2637500000000000E+02   0.9957785097863582E+00   0.4726287148151179E-02  -0.2110167464885460E-02   0.2368140747633515E-02   0.1722638587098751E-05   0.2520536747539185E-05   0.4766337834937327E-02
  0.2642500000000000E+02   0.9957087977513126E+00   0.4759501975703196E-02  -0.2145057966678854E-02   0.2384866665091019E-02   0.1738094124446293E-05   0.2577738440547387E-05   0.4800504705224294E-02
  0.2647500000000000E+02   0.9956293101432540E+00   0.4781357518874083E-02  -0.2184861537595673E-02   0.2395913498687730E-02   0.1749449036237922E-05   0.2634253913820793E-05   0.4823317561970810E-02
  0.2652500000000000E+02   0.9955423895681886E+00   0.4789836738201514E-02  -0.2228407474664906E-02   0.2400267142341944E-02   0.1755937949288207E-05   0.2687752757335486E-05   0.4832714553647252E-02
  0.2657500000000000E+02   0.9954508745523417E+00   0.4783501397062856E-02  -0.2274275598430298E-02   0.2397202597904336E-02   0.1757001794903828E-05   0.2735942266612665E-05   0.4827210214137397E-02
  0.2662500000000000E+02   0.9953579248863107E+00   0.4761633638169647E-02  -0.2320883461123691E-02   0.2386355271566969E-02   0.1752342156474883E-05   0.2776734665742728E-05   0.4806041113033737E-02
  0.2667500000000000E+02   0.9952668022122355E+00   0.4724312825456529E-02  -0.2366596138947852E-02   0.2367759944270330E-02   0.1741952424849895E-05   0.2808404600635113E-05   0.4769247113564316E-02
  0.2672500000000000E+02   0.9951806344527730E+00   0.4672413150628967E-02  -0.2409844317557197E-02   0.2341850069396790E-02   0.1726120034371397E-05   0.2829714027861690E-05   0.4717672964091837E-02
  0.2677500000000000E+02   0.9951021967035621E+00   0.4607521801016091E-02  -0.2449234318680826E-02   0.2309417204381168E-02   0.1705399253817043E-05   0.2839986890486672E-05   0.4652889280820091E-02
  0.2682500000000000E+02   0.9950337375804079E+00   0.4531791957854892E-02  -0.2483635490772795E-02   0.2271537650454742E-02   0.1680559381160397E-05   0.2839125449206855E-05   0.4577046701271617E-02
  0.2687500000000000E+02   0.9949768699329424E+00   0.4447755397228862E-02  -0.2512235409326102E-02   0.2229478673883298E-02   0.1652517196899631E-05   0.2827571026252876E-05   0.4492687872814444E-02
  0.2692500000000000E+02   0.9949325316174309E+00   0.4358123426346779E-02  -0.2534559952600324E-02   0.2184598709575181E-02   0.1622264172820710E-05   0.2806221099478051E-05   0.4402546281877816E-02
  0.2697500000000000E+02   0.9949010095949727E+00   0.4265602152835416E-02  -0.2550461563212147E-02   0.2138254612619555E-02   0.1590798098496675E-05   0.2776319952463789E-05   0.4309358455289597E-02
  0.2702500000000000E+02   0.9948820119873704E+00   0.4172740596512712E-02  -0.2560083362382892E-02   0.2091725289368344E-02   0.1559066148869017E-05   0.2739340833226364E-05   0.4215708660935878E-02
  0.2707500000000000E+02   0.9948747690904375E+00   0.4081820814116262E-02  -0.2563808634212128E-02   0.2046156360401878E-02   0.1527923025057183E-05   0.2696874657043986E-05   0.4123915819139947E-02
  0.2712500000000000E+02   0.9948781452015822E+00   0.3994790653405532E-02  -0.2562204790293787E-02   0.2002526208948021E-02   0.1498104635925105E-05   0.2650535358267934E-05   0.4035963608187915E-02
  0.2717500000000000E+02   0.9948907469274902E+00   0.3913233599268368E-02  -0.2555969027653426E-02   0.1961630666862379E-02   0.1470215467330586E-05   0.2601886725229119E-05   0.3953468396151585E-02
  0.2722500000000000E+02   0.9949110186540818E+00   0.3838366886810175E-02  -0.2545880380787069E-02   0.1924081925831088E-02   0.1444726505893653E-05   0.2552391127009540E-05   0.3877676177220701E-02
  0.2727500000000000E+02   0.9949373207068849E+00   0.3771058258761594E-02  -0.2532760435374093E-02   0.1890316849106535E-02   0.1421980225254281E-05   0.2503377507717418E-05   0.3809478783640214E-02
  0.2732500000000000E+02   0.9949679896128812E+00   0.3711852666787729E-02  -0.2517443017863497E-02   0.1860610313837400E-02   0.1402199432274879E-05   0.2456024406645850E-05   0.3749440514724654E-02
  0.2737500000000000E+02   0.9950013825318529E+00   0.3661002063410962E-02  -0.2500751836041260E-02   0.1835090136734220E-02   0.1385497419059301E-05   0.2411353284907598E-05   0.3697828163978161E-02
  0.2742500000000000E+02   0.9950359094406139E+00   0.3618493588640836E-02  -0.2483484280039083E-02   0.1813751216955629E-02   0.1371887646387080E-05   0.2370227730821309E-05   0.3654639602184664E-02
  0.2747500000000000E+02   0.9950700572671811E+00   0.3584073545624209E-02  -0.2466399281235154E-02   0.1796467579158102E-02   0.1361291952992988E-05   0.2333354847951621E-05   0.3619628196174084E-02
  0.2752500000000000E+02   0.9951024101389335E+00   0.3557266407061756E-02  -0.2450207140111127E-02   0.1783001927584678E-02   0.1353546975022454E-05   0.2301286070413080E-05   0.3592322224275467E-02
  0.2757500000000000E+02   0.9951316694227172E+00   0.3537389651264938E-02  -0.2435559475887361E-02   0.1773013104500007E-02   0.1348409050754361E-05   0.2274415671590099E-05   0.3572040037712926E-02
  0.2762500000000000E+02   0.9951566764049090E+00   0.3523566497275701E-02  -0.2423037865443844E-02   0.1766062484911531E-02   0.1345558376594117E-05   0.2252976282725192E-05   0.3557903014779206E-02
  0.2767500000000000E+02   0.9951764393251581E+00   0.3514739584643425E-02  -0.2413140306515071E-02   0.1761620830552716E-02   0.1344603566520526E-05   0.2237031801752644E-05   0.3548849354536168E-02
  0.2772500000000000E+02   0.9951901650482243E+00   0.3509689264890489E-02  -0.2406265355649584E-02   0.1759077439545928E-02   0.1345088023646278E-05   0.2226469130315877E-05   0.3543652400140567E-02
  0.2777500000000000E+02   0.9951972939684217E+00   0.3507060311803557E-02  -0.2402694637865799E-02   0.1757753500812871E-02   0.1346499608463925E-05   0.2220991165716184E-05   0.3540947342904188E-02
  0.2782500000000000E+02   0.9951975349101673E+00   0.3505400344326947E-02  -0.2402575342814073E-02   0.1756921307977285E-02   0.1348284914238980E-05   0.2220114264795327E-05   0.3539269663834672E-02
  0.2787500000000000E+02   0.9951908950678240E+00   0.3503211932157049E-02  -0.2405905185900559E-02   0.1755830327368703E-02   0.1349868970759455E-05   0.2223173790242352E-05   0.3537107359509302E-02
  0.2792500000000000E+02   0.9951776988100304E+00   0.3499018175581097E-02  -0.2412522926380833E-02   0.1753740025809726E-02   0.1350680369963815E-05   0.2229341115679645E-05   0.3532966823559515E-02
  0.2797500000000000E+02   0.9951585889286008E+00   0.3491438694172377E-02  -0.2422107662078288E-02   0.1749957933605489E-02   0.1350180702408208E-05   0.2237654418954272E-05   0.3525449383864755E-02
  0.2802500000000000E+02   0.9951345050471619E+00   0.3479269892157805E-02  -0.2434189557301125E-02   0.1743879880272650E-02   0.1347895988041043E-05   0.2247063701404293E-05   0.3513332392937191E-02
  0.2807500000000000E+02   0.9951066365667196E+00   0.3461560822667046E-02  -0.2448173331785597E-02   0.1735028060761780E-02   0.1343446760020792E-05   0.2256487952870070E-05   0.3495646167420084E-02
  0.2812500000000000E+02   0.9950763514252795E+00   0.3437674771104147E-02  -0.2463373887057863E-02   0.1723081980708611E-02   0.1336572939846247E-05   0.2264879733457568E-05   0.3471736804480255E-02
  0.2817500000000000E+02   0.9950451063158398E+00   0.3407327444080225E-02  -0.2479061257153026E-02   0.1707897705071937E-02   0.1327149879482810E-05   0.2271290343839308E-05   0.3441305610406821E-02
  0.2822500000000000E+02   0.9950143477512239E+00   0.3370595512100253E-02  -0.2494510189088750E-02   0.1689512261601281E-02   0.1315193006597872E-05   0.2274927859718998E-05   0.3404418707651903E-02
  0.2827500000000000E+02   0.9949854154267899E+00   0.3327893689241761E-02  -0.2509048616450515E-02   0.1668132269583937E-02   0.1300850204718825E-05   0.2275200983451477E-05   0.3361484833092841E-02
  0.2832500000000001E+02   0.9949594590889370E+00   0.3279923478643721E-02  -0.2522099402105127E-02   0.1644108343993242E-02   0.1284382987000770E-05   0.2271743826151878E-05   0.3313204340825353E-02
  0.2837500000000000E+02   0.9949373776361575E+00   0.3227600921690560E-02  -0.2533210962320731E-02   0.1617898940176462E-02   0.1266139194566606E-05   0.2264419828575097E-05   0.3260496715945445E-02
  0.2842500000000000E+02   0.9949197851934155E+00   0.3171973176196244E-02  -0.2542074378957149E-02   0.1590028558959664E-02   0.1246520974482857E-05   0.2253306249205114E-05   0.3204416481904527E-02
  0.2847499999999999E+02   0.9949070045119534E+00   0.3114134115159496E-02  -0.2548526807059082E-02   0.1561045423689056E-02   0.1225951997214991E-05   0.2238663219655123E-05   0.3146067818934114E-02
  0.2852500000000000E+02   0.9948990843136605E+00   0.3055147630545506E-02  -0.2552542860621121E-02   0.1531482991248227E-02   0.1204847340165733E-05   0.2220892806238677E-05   0.3086526737037464E-02
  0.2857500000000000E+02   0.9948958348053376E+00   0.2995984649135282E-02  -0.2554216865077064E-02   0.1501828319790500E-02   0.1183588456521646E-05   0.2200493732379620E-05   0.3026776965176593E-02
  0.2862500000000000E+02   0.9948968747149896E+00   0.2937476862275289E-02  -0.2553739308361225E-02   0.1472498809228286E-02   0.1162504492476551E-05   0.2178016654654718E-05   0.2967662680380731E-02
  0.2867500000000000E+02   0.9949016836068049E+00   0.2880287537189485E-02  -0.2551370623691263E-02   0.1443827507683523E-02   0.1141860186450720E-05   0.2154023567307353E-05   0.2909858520171958E-02
  0.2872500000000000E+02   0.9949096544393589E+00   0.2824897916926377E-02  -0.2547414833849460E-02   0.1416056241137427E-02   0.1121849844550879E-05   0.2129053464491452E-05   0.2853855415501361E-02
  0.2877500000000000E+02   0.9949201428373304E+00   0.2771606724184822E-02  -0.2542194832297340E-02   0.1389335323171305E-02   0.1102596481239789E-05   0.2103595136204926E-05   0.2799959753846710E-02
  0.2882500000000000E+02   0.9949325109513457E+00   0.2720540030550635E-02  -0.2536030371677378E-02   0.1363728472099283E-02   0.1084155097446277E-05   0.2078067081734500E-05   0.2748303106318390E-02
  0.2887500000000000E+02   0.9949461648468076E+00   0.2671668991475027E-02  -0.2529219294360230E-02   0.1339221681052658E-02   0.1066519147381086E-05   0.2052804025685841E-05   0.2698859982157104E-02
  0.2892500000000000E+02   0.9949605850110319E+00   0.2624833412924530E-02  -0.2522022213185315E-02   0.1315735019407877E-02   0.1049629417227190E-05   0.2028049354175302E-05   0.2651471539803441E-02
  0.2897500000000000E+02   0.9949753498386428E+00   0.2579769583240810E-02  -0.2514650713679289E-02   0.1293136578440265E-02   0.1033384714991025E-05   0.2003952841282885E-05   0.2605873656804910E-02
  0.2902500000000000E+02   0.9949901519631119E+00   0.2536141119297535E-02  -0.2507259144286622E-02   0.1271257932725340E-02   0.1017653889110202E-05   0.1980573184416315E-05   0.2561728083320405E-02
  0.2907500000000000E+02   0.9950048071981741E+00   0.2493571665634676E-02  -0.2499940113025456E-02   0.1249910534299727E-02   0.1002288722957888E-05   0.1957884999625942E-05   0.2518655499157950E-02
  0.2912500000000000E+02   0.9950192557894590E+00   0.2451678153793638E-02  -0.2492723840800237E-02   0.1228902391185343E-02   0.9871371934122136E-06   0.1935789960224303E-05   0.2476269165415397E-02
  0.2917500000000000E+02   0.9950335557794063E+00   0.2410103051728084E-02  -0.2485581470392684E-02   0.1208054243105935E-02   0.9720564628414013E-06   0.1914131650423564E-05   0.2434207583655885E-02
  0.2922499999999999E+02   0.9950478686279501E+00   0.2368543737906994E-02  -0.2478432260363483E-02   0.1187214299172531E-02   0.9569248458372198E-06   0.1892713453934061E-05   0.2392164276900089E-02
  0.2927500000000000E+02   0.9950624378020294E+00   0.2326776972915782E-02  -0.2471154307326695E-02   0.1166270520879069E-02   0.9416519159607384E-06   0.1871318458105090E-05   0.2349912640647382E-02
  0.2932500000000000E+02   0.9950775617600136E+00   0.2284676546913709E-02  -0.2463598082625085E-02   0.1145159486171286E-02   0.9261859489464673E-06   0.1849730018619513E-05   0.2307323914830300E-02
  0.2937500000000000E+02   0.9950935634566365E+00   0.2242222626652200E-02  -0.2455601718464706E-02   0.1123871093113683E-02   0.9105180686467251E-06   0.1827751405430018E-05   0.2264376773644401E-02
  0.2942499999999999E+02   0.9951107589974099E+00   0.2199502089506155E-02  -0.2447006725635914E-02   0.1102448744244914E-02   0.8946827642858166E-06   0.1805222929035956E-05   0.2221157799479807E-02
  0.2947500000000000E+02   0.9951294282258791E+00   0.2156700093836035E-02  -0.2437672746839814E-02   0.1080985134921153E-02   0.8787548356318614E-06   0.1782035171308723E-05   0.2177853079286851E-02
  0.2952500000000000E+02   0.9951497897618660E+00   0.2114084105219052E-02  -0.2427490081930550E-02   0.1059614255705924E-02   0.8628432204217902E-06   0.1758137394730949E-05   0.2134732145172535E-02
  0.2957500000000000E+02   0.9951719823627917E+00   0.2071982373725914E-02  -0.2416389044855416E-02   0.1038500608356064E-02   0.8470824828047753E-06   0.1733540793488256E-05   0.2092126270109075E-02
  0.2962500000000000E+02   0.9951960535907292E+00   0.2030759284742612E-02  -0.2404345657908480E-02   0.1017826849938458E-02   0.8316229282513975E-06   0.1708316857674086E-05   0.2050403567614235E-02
  0.2967500000000000E+02   0.9952219558268669E+00   0.1990790024275347E-02  -0.2391383660922064E-02   0.9977810895323584E-03   0.8166203318936620E-06   0.1682591626863781E-05   0.2009943368360125E-02
  0.2972500000000000E+02   0.9952495488697412E+00   0.1952436651578923E-02  -0.2377573217282380E-02   0.9785448879068574E-03   0.8022261380677811E-06   0.1656536925529575E-05   0.1971111998461869E-02
  0.2977500000000000E+02   0.9952786078159136E+00   0.1916027078258774E-02  -0.2363026968826398E-02   0.9602827130780882E-03   0.7885787561265368E-06   0.1630359768414826E-05   0.1934241485382216E-02
  0.2982500000000000E+02   0.9953088347035450E+00   0.1881837769024636E-02  -0.2347894201643941E-02   0.9431332616286737E-03   0.7757963037332759E-06   0.1604291020700240E-05   0.1899612025098563E-02
  0.2987500000000000E+02   0.9953398724755571E+00   0.1850080349915567E-02  -0.2332353846994817E-02   0.9272027398349817E-03   0.7639708931367951E-06   0.1578574154500970E-05   0.1867438405514944E-02
  0.2992500000000000E+02   0.9953713201116601E+00   0.1820891839080522E-02  -0.2316606895080842E-02   0.9125599622409631E-03   0.7531643618499567E-06   0.1553454633836719E-05   0.1837860102008530E-02
  0.2997500000000000E+02   0.9954027481862796E+00   0.1794327955377616E-02  -0.2300868595016659E-02   0.8992329946457911E-03   0.7434052395568134E-06   0.1529170154147842E-05   0.1810934495052364E-02
  0.3002500000000000E+02   0.9954337145332146E+00   0.1770358916962346E-02  -0.2285360601760988E-02   0.8872070465108736E-03   0.7346867218747125E-06   0.1505941713043540E-05   0.1786632613414553E-02
  0.3007500000000000E+02   0.9954637800549792E+00   0.1748867288205507E-02  -0.2270303051503220E-02   0.8764233908012985E-03   0.7269654789025425E-06   0.1483965330262933E-05   0.1764836951985152E-02
  0.3012500000000000E+02   0.9954925249429819E+00   0.1729647721059680E-02  -0.2255906432304999E-02   0.8667792333778055E-03   0.7201612437633039E-06   0.1463404183870184E-05   0.1745341202754346E-02
  0.3017500000000000E+02   0.9955195656303717E+00   0.1712408806455647E-02  -0.2242363088543864E-02   0.8581286392136183E-03   0.7141572795835410E-06   0.1444380990633486E-05   0.1727852110352695E-02
  0.3022500000000000E+02   0.9955445726554597E+00   0.1696777631926225E-02  -0.2229838269492079E-02   0.8502848135804019E-03   0.7088019836458271E-06   0.1426970625075891E-05   0.1711994048691146E-02
  0.3027500000000000E+02   0.9955672892623526E+00   0.1682307950260547E-02  -0.2218460808108724E-02   0.8430241912588688E-03   0.7039120200880937E-06   0.1411193225853611E-05   0.1697317228733098E-02
  0.3032500000000000E+02   0.9955875500279945E+00   0.1668493004463195E-02  -0.2208313785256544E-02   0.8360928576148229E-03   0.6992774367239095E-06   0.1397008345639724E-05   0.1683310592322037E-02
  0.3037500000000000E+02   0.9956052981469568E+00   0.1654783925799895E-02  -0.2199425864198190E-02   0.8292157614927755E-03   0.6946691738145927E-06   0.1384311005126961E-05   0.1669420321379810E-02
  0.3042500000000000E+02   0.9956205993512678E+00   0.1640614141469807E-02  -0.2191764308203004E-02   0.8221089397665382E-03   0.6898491762145060E-06   0.1372930732656597E-05   0.1655074411630608E-02
  0.3047500000000000E+02   0.9956336499759179E+00   0.1625429369942120E-02  -0.2185230928465676E-02   0.8144945436388861E-03   0.6845829615333880E-06   0.1362634711883323E-05   0.1639712897539180E-02
  0.3052500000000000E+02   0.9956447766175169E+00   0.1608721619880623E-02  -0.2179662241972080E-02   0.8061178746342306E-03   0.6786540045453391E-06   0.1353135931530694E-05   0.1622822144294836E-02
  0.3057500000000000E+02   0.9956544253606914E+00   0.1590064349139858E-02  -0.2174834855741103E-02   0.7967650068787236E-03   0.6718787569453718E-06   0.1344106688863887E-05   0.1603970350159419E-02
  0.3062500000000000E+02   0.9956631397338673E+00   0.1569144909048505E-02  -0.2170476499808505E-02   0.7862790547348462E-03   0.6641206687284638E-06   0.1335196981821648E-05   0.1582840356022953E-02
  0.3067500000000000E+02   0.9956715282756335E+00   0.1545789964787440E-02  -0.2166282270011033E-02   0.7745729259901232E-03   0.6553013708882762E-06   0.1326056380567918E-05   0.1559255411224912E-02
  0.3072500000000000E+02   0.9956802244971764E+00   0.1519980025334761E-02  -0.2161934687035849E-02   0.7616366212978813E-03   0.6454073421550032E-06   0.1316357132570959E-05   0.1533193980628123E-02
  0.3077500000000000E+02   0.9956898436198521E+00   0.1491850588731834E-02  -0.2157125378622005E-02   0.7475378271844162E-03   0.6344909438798771E-06   0.1305815782426913E-05   0.1504791053988193E-02
  0.3082500000000000E+02   0.9957009412694742E+00   0.1461679462127319E-02  -0.2151575788159055E-02   0.7324155786896386E-03   0.6226655679518041E-06   0.1294210658963944E-05   0.1474325487593942E-02
  0.3087500000000000E+02   0.9957139790449580E+00   0.1429862052318424E-02  -0.2145054443686401E-02   0.7164678887878147E-03   0.6100955947966911E-06   0.1281393220283417E-05   0.1442195168075665E-02
  0.3092500000000000E+02   0.9957293006002678E+00   0.1396878260947542E-02  -0.2137388961034548E-02   0.6999351641671015E-03   0.5969826551601500E-06   0.1267292295160490E-05   0.1408883652524457E-02
  0.3097500000000000E+02   0.9957471199496418E+00   0.1363255610773460E-02  -0.2128471921216790E-02   0.6830817256596929E-03   0.5835501354936669E-06   0.1251911435224071E-05   0.1374922952097675E-02
  0.3102500000000000E+02   0.9957675216581462E+00   0.1329533212838981E-02  -0.2118260788918080E-02   0.6661777446143569E-03   0.5700278863499941E-06   0.1235320597719363E-05   0.1340857120158546E-02
  0.3107500000000000E+02   0.9957904709098487E+00   0.1296230306280448E-02  -0.2106772876665386E-02   0.6494834672929594E-03   0.5566387422673263E-06   0.1217644001856407E-05   0.1307210426578305E-02
  0.3112500000000000E+02   0.9958158304590986E+00   0.1263821720499931E-02  -0.2094076854897597E-02   0.6332369070005825E-03   0.5435878879235555E-06   0.1199046173789087E-05   0.1274462506910236E-02
  0.3117500000000000E+02   0.9958433812246810E+00   0.1232721133332248E-02  -0.2080282432211367E-02   0.6176454436318465E-03   0.5310554820765403E-06   0.1179717980700869E-05   0.1243031383141562E-02
  0.3122500000000000E+02   0.9958728436402501E+00   0.1203271754467247E-02  -0.2065529653411335E-02   0.6028811461184138E-03   0.5191924181070350E-06   0.1159863997339756E-05   0.1213263992195511E-02
  0.3127500000000000E+02   0.9959038975862664E+00   0.1175743224867783E-02  -0.2049978906466077E-02   0.5890792123935356E-03   0.5081187349186535E-06   0.1139692007195493E-05   0.1185433006899825E-02
  0.3132500000000000E+02   0.9959361995566536E+00   0.1150333116533444E-02  -0.2033802314441724E-02   0.5763387172838363E-03   0.4979240088485185E-06   0.1119404940655996E-05   0.1159738319617310E-02
  0.3137500000000000E+02   0.9959693964771261E+00   0.1127171368582767E-02  -0.2017176805500176E-02   0.5647248341282768E-03   0.4886690270150482E-06   0.1099195165931587E-05   0.1136311506958240E-02
  0.3142500000000000E+02   0.9960031361925367E+00   0.1106326188428051E-02  -0.2000278852866355E-02   0.5542717923590216E-03   0.4803881169066001E-06   0.1079240797369328E-05   0.1115221787060664E-02
  0.3147500000000000E+02   0.9960370750488602E+00   0.1087810266391848E-02  -0.1983280671815080E-02   0.5449859933830104E-03   0.4730916378588675E-06   0.1059703557883289E-05   0.1096482303037588E-02
  0.3152500000000000E+02   0.9960708832282807E+00   0.1071586511079179E-02  -0.1966347543827407E-02   0.5368488870300074E-03   0.4667682901353571E-06   0.1040727699024639E-05   0.1080055928722652E-02
  0.3157500000000000E+02   0.9961042485904067E+00   0.1057572857342955E-02  -0.1949635890559964E-02   0.5298193835571751E-03   0.4613870433524024E-06   0.1022439512662417E-05   0.1065860141084327E-02
  0.3162500000000000E+02   0.9961368797678041E+00   0.1045646003631913E-02  -0.1933291722604813E-02   0.5238357290950203E-03   0.4568986168653467E-06   0.1004947036762937E-05   0.1053770811995204E-02
  0.3167500000000000E+02   0.9961685091898674E+00   0.1035644194664966E-02  -0.1917449125151016E-02   0.5188169023480037E-03   0.4532365574419818E-06   0.9883396474752686E-06   0.1043625034018414E-02
  0.3172500000000000E+02   0.9961988965830886E+00   0.1027369380946289E-02  -0.1902228505738512E-02   0.5146636984311690E-03   0.4503180547440108E-06   0.9726873318798018E-06   0.1035223312715881E-02
  0.3177500000000000E+02   0.9962278333242537E+00   0.1020589260330709E-02  -0.1887734415216946E-02   0.5112597527958226E-03   0.4480447132729531E-06   0.9580395474226224E-06   0.1028331633477731E-02
  0.3182500000000000E+02   0.9962551478055860E+00   0.1015039833415016E-02  -0.1874052861966513E-02   0.5084728216541612E-03   0.4463035579256914E-06   0.9444236946138354E-06   0.1022684038834641E-02
  0.3187500000000000E+02   0.9962807117073826E+00   0.1010429168410763E-02  -0.1861248171400431E-02   0.5061566673769789E-03   0.4449685819835620E-06   0.9318433568952900E-06   0.1017986417092986E-02
  0.3192500000000000E+02   0.9963044467731601E+00   0.1006443047158987E-02  -0.1849359593302569E-02   0.5041538854039661E-03   0.4439031396949244E-06   0.9202765883706969E-06   0.1013922179644276E-02
  0.3197499999999999E+02   0.9963263313707436E+00   0.1002753023001553E-02  -0.1838398015645892E-02   0.5022999387113623E-03   0.4429634271566203E-06   0.9096746411578214E-06   0.1010160363181172E-02
  0.3202500000000000E+02   0.9963464058482505E+00   0.9990271417063597E-03  -0.1828343281096712E-02   0.5004285259863361E-03   0.4420031745722237E-06   0.8999615960747443E-06   0.1006366412441248E-02
  0.3207500000000000E+02   0.9963647755247439E+00   0.9949431599739207E-03  -0.1819142687270681E-02   0.4983782010468899E-03   0.4408794898138327E-06   0.8910353649501001E-06   0.1002215480221019E-02
  0.3212500000000000E+02   0.9963816101669744E+00   0.9902035820533602E-03  -0.1810711246169161E-02   0.4959999036302823E-03   0.4394595642321457E-06   0.8827704448501699E-06   0.9974075640676473E-03
  0.3217500000000000E+02   0.9963971390548927E+00   0.9845513093905730E-03  -0.1802934152573821E-02   0.4931647983530844E-03   0.4376277142435756E-06   0.8750226130815295E-06   0.9916832693020348E-03
  0.3222500000000000E+02   0.9964116412416226E+00   0.9777842838421475E-03  -0.1795671659427511E-02   0.4897716109223992E-03   0.4352920409511579E-06   0.8676354718214342E-06   0.9848385693922760E-03
  0.3227500000000000E+02   0.9964254313100698E+00   0.9697673323666963E-03  -0.1788766209464554E-02   0.4857525639559133E-03   0.4323899039149651E-06   0.8604484284039167E-06   0.9767367587740440E-03
  0.3232500000000000E+02   0.9964388416866671E+00   0.9604395838811307E-03  -0.1782051292484876E-02   0.4810770960012793E-03   0.4288914677059145E-06   0.8533054024982520E-06   0.9673159547394026E-03
  0.3237499999999999E+02   0.9964522032155949E+00   0.9498163403528668E-03  -0.1775361175489376E-02   0.4757528032324225E-03   0.4248007993524148E-06   0.8460633617961969E-06   0.9565910179591028E-03
  0.3242500000000000E+02   0.9964658260549276E+00   0.9379850564119195E-03  -0.1768540473211178E-02   0.4698234299571018E-03   0.4201543343855336E-06   0.8385997607920319E-06   0.9446495378249195E-03
  0.3247499999999999E+02   0.9964799829284452E+00   0.9250959435556097E-03  -0.1761452540127939E-02   0.4633641657645952E-03   0.4150169139219577E-06   0.8308181079326314E-06   0.9316423970038641E-03
  0.3252500000000000E+02   0.9964948963591372E+00   0.9113484646725607E-03  -0.1753985868986341E-02   0.4564748828303119E-03   0.4094759350752587E-06   0.8226511797906361E-06   0.9177701861584910E-03
  0.3257500000000000E+02   0.9965107308337862E+00   0.8969754568429069E-03  -0.1746058019663432E-02   0.4492721837208509E-03   0.4036343767443887E-06   0.8140617633044051E-06   0.9032672177313519E-03
  0.3262500000000000E+02   0.9965275900770632E+00   0.8822267374303353E-03  -0.1737616988374935E-02   0.4418811889759756E-03   0.3976035254576851E-06   0.8050411520815550E-06   0.8883850079949260E-03
  0.3267500000000000E+02   0.9965455189252672E+00   0.8673538346379189E-03  -0.1728640272167237E-02   0.4344278868595373E-03   0.3914961398807034E-06   0.7956058793286878E-06   0.8733768830310431E-03
  0.3272499999999999E+02   0.9965645088101748E+00   0.8525970416405171E-03  -0.1719132124102130E-02   0.4270326463606575E-03   0.3854206019236502E-06   0.7857933013916658E-06   0.8584849199937870E-03
  0.3277500000000001E+02   0.9965845056419224E+00   0.8381754587136283E-03  -0.1709119605738052E-02   0.4198052267003590E-03   0.3794763669180845E-06   0.7756566531485719E-06   0.8439298964706966E-03
  0.3282500000000000E+02   0.9966054188945902E+00   0.8242801837028676E-03  -0.1698648036284611E-02   0.4128413640237298E-03   0.3737508003494087E-06   0.7652601087078245E-06   0.8299044123708245E-03
  0.3287500000000000E+02   0.9966271308819158E+00   0.8110704199308206E-03  -0.1687776345861702E-02   0.4062208198563604E-03   0.3683173117181489E-06   0.7546742397921233E-06   0.8165689536869879E-03
  0.3292500000000000E+02   0.9966495054815848E+00   0.7986720258530335E-03  -0.1676572704563117E-02   0.4000066531628532E-03   0.3632345833721542E-06   0.7439721098305188E-06   0.8040504198964722E-03
  0.3297500000000000E+02   0.9966723958528176E+00   0.7871779261845360E-03  -0.1665110655611146E-02   0.3942454253509458E-03   0.3585466417835304E-06   0.7332261035823147E-06   0.7924425305745199E-03
  0.3302500000000000E+02   0.9966956509437356E+00   0.7766498096600314E-03  -0.1653465854726477E-02   0.3889680502196334E-03   0.3542835179557028E-06   0.7225054862093835E-06   0.7818075317050201E-03
  0.3307500000000000E+02   0.9967191207766112E+00   0.7671206156076193E-03  -0.1641713421796642E-02   0.3841910393897097E-03   0.3504622756253149E-06   0.7118746166926407E-06   0.7721786994423727E-03
  0.3312499999999999E+02   0.9967426606243562E+00   0.7585974243309605E-03  -0.1629925848132596E-02   0.3799179502527668E-03   0.3470882347871207E-06   0.7013917051548284E-06   0.7635632526157654E-03
  0.3317500000000000E+02   0.9967661342566210E+00   0.7510644872925968E-03  -0.1618171369990984E-02   0.3761409040883767E-03   0.3441562714007303E-06   0.6911079949099624E-06   0.7559454071855966E-03
  0.3322500000000000E+02   0.9967894164507743E+00   0.7444862439712606E-03  -0.1606512710542574E-02   0.3728420975543768E-03   0.3416521235857294E-06   0.6810672598127796E-06   0.7492894176657441E-03
  0.3327500000000000E+02   0.9968123949452604E+00   0.7388102626852631E-03  -0.1595006101349328E-02   0.3699952760654263E-03   0.3395536753468067E-06   0.6713055283941132E-06   0.7435425417521799E-03
  0.3332500000000000E+02   0.9968349719728407E+00   0.7339701079781361E-03  -0.1583700514427022E-02   0.3675671703057678E-03   0.3378322186061360E-06   0.6618509723929393E-06   0.7386379303344086E-03
  0.3337500000000000E+02   0.9968570654595548E+00   0.7298881762618486E-03  -0.1572637061847515E-02   0.3655189167261743E-03   0.3364537123791901E-06   0.6527239241507600E-06   0.7344974846027870E-03
  0.3342500000000000E+02   0.9968786099206631E+00   0.7264785553116247E-03  -0.1561848547165678E-02   0.3638074898552908E-03   0.3353800645949774E-06   0.6439370115680574E-06   0.7310347361115099E-03
  0.3347499999999999E+02   0.9968995570348240E+00   0.7236499542944383E-03  -0.1551359178007194E-02   0.3623871698090946E-03   0.3345704582635435E-06   0.6354954184291526E-06   0.7281577968216022E-03
  0.3352500000000001E+02   0.9969198758388692E+00   0.7213087229695322E-03  -0.1541184468635715E-02   0.3612110543516324E-03   0.3339827309786194E-06   0.6273972899754628E-06   0.7257723980350726E-03
  0.3357500000000000E+02   0.9969395524632891E+00   0.7193619367095950E-03  -0.1531331372477074E-02   0.3602326038424506E-03   0.3335747973840781E-06   0.6196343073963239E-06   0.7237849949583213E-03
  0.3362500000000000E+02   0.9969585893270037E+00   0.7177204749213338E-03  -0.1521798685355957E-02   0.3594071828390188E-03   0.3333060813212042E-06   0.6121924499128264E-06   0.7221058643052719E-03
  0.3367499999999999E+02   0.9969770037308733E+00   0.7163019726324695E-03  -0.1512577749760768E-02   0.3586935381810704E-03   0.3331389017383546E-06   0.6050529499450100E-06   0.7206520742541598E-03
  0.3372500000000000E+02   0.9969948258312612E+00   0.7150334874634482E-03  -0.1503653469507871E-02   0.3580551345771061E-03   0.3330397382880132E-06   0.5981934272648355E-06   0.7193501682640927E-03
  0.3377500000000000E+02   0.9970120960325880E+00   0.7138537051870235E-03  -0.1495005615325007E-02   0.3574612591832519E-03   0.3329802927875474E-06   0.5915891650865861E-06   0.7181383850619249E-03
  0.3382500000000000E+02   0.9970288619027557E+00   0.7127145124060315E-03  -0.1486610369363039E-02   0.3568878093210517E-03   0.3329382642216699E-06   0.5852144686152214E-06   0.7169682423793045E-03
  0.3387500000000000E+02   0.9970451747768594E+00   0.7115817963403139E-03  -0.1478442025832916E-02   0.3563176932223647E-03   0.3328977687243989E-06   0.5790440287935653E-06   0.7158053435705251E-03
  0.3392500000000000E+02   0.9970610862620447E+00   0.7104353862647483E-03  -0.1470474741201211E-02   0.3557408009946515E-03   0.3328493607529072E-06   0.5730542043251524E-06   0.7146293210300482E-03
  0.3397500000000000E+02   0.9970766448812193E+00   0.7092681212395025E-03  -0.1462684214928900E-02   0.3551535380937972E-03   0.3327896440774241E-06   0.5672241355723135E-06   0.7134329007826172E-03
  0.3402500000000000E+02   0.9970918930912900E+00   0.7080841039174068E-03  -0.1455049182746748E-02   0.3545579512158564E-03   0.3327204964331951E-06   0.5615366147732642E-06   0.7122201481822686E-03
  0.3407500000000000E+02   0.9971068648834956E+00   0.7068962692980908E-03  -0.1447552618522141E-02   0.3539605111137616E-03   0.3326479645221509E-06   0.5559786563994876E-06   0.7110040241604850E-03
  0.3412500000000000E+02   0.9971215841246515E+00   0.7057234511079861E-03  -0.1440182565178860E-02   0.3533706437942316E-03   0.3325809121272621E-06   0.5505417361851789E-06   0.7098034356297477E-03
  0.3417500000000000E+02   0.9971360637372204E+00   0.7045871615566749E-03  -0.1432932545621046E-02   0.3527991181167534E-03   0.3325295207263179E-06   0.5452216935794075E-06   0.7086399969683798E-03
  0.3422499999999999E+02   0.9971503057522541E+00   0.7035083115687072E-03  -0.1425801536596882E-02   0.3522564035057482E-03   0.3325037485537782E-06   0.5400183166347095E-06   0.7075347309809052E-03
  0.3427500000000000E+02   0.9971643022101798E+00   0.7025040911828277E-03  -0.1418793518012551E-02   0.3517511077830903E-03   0.3325118518124556E-06   0.5349346482074670E-06   0.7065049303182721E-03
  0.3432500000000000E+02   0.9971780368349362E+00   0.7015852090775067E-03  -0.1411916634985633E-02   0.3512885947493607E-03   0.3325590631249603E-06   0.5299760667841616E-06   0.7055613795109672E-03
  0.3437500000000000E+02   0.9971914873684070E+00   0.7007536621021432E-03  -0.1405182029232344E-02   0.3508698670828956E-03   0.3326465100848263E-06   0.5251492045566743E-06   0.7047061095317314E-03
  0.3442500000000000E+02   0.9972046284228668E+00   0.7000011750271252E-03  -0.1398602411023520E-02   0.3504907847701837E-03   0.3327704431320799E-06   0.5204607707705460E-06   0.7039308259587143E-03
  0.3447500000000000E+02   0.9972174346859487E+00   0.6993084198247284E-03  -0.1392190454560627E-02   0.3501416738083841E-03   0.3329218280407785E-06   0.5159163513972726E-06   0.7032161207308406E-03
  0.3452500000000000E+02   0.9972298842921086E+00   0.6986450922190130E-03  -0.1385957109904967E-02   0.3498073641128959E-03   0.3330863438577225E-06   0.5115192580840839E-06   0.7025315457455508E-03
  0.3457500000000000E+02   0.9972419621548739E+00   0.6979708882306213E-03  -0.1379909934447587E-02   0.3494676780360009E-03   0.3332448108477777E-06   0.5072695005506119E-06   0.7018365913702740E-03
  0.3462500000000001E+02   0.9972536630361379E+00   0.6972373810891550E-03  -0.1374051555934397E-02   0.3490983697026415E-03   0.3333740529923361E-06   0.5031629565418041E-06   0.7010825703986626E-03
  0.3467500000000000E+02   0.9972649941164101E+00   0.6963907458535192E-03  -0.1368378385245395E-02   0.3486724888239961E-03   0.3334481742033841E-06   0.4991908104819536E-06   0.7002153547159504E-03
  0.3472500000000000E+02   0.9972759768299378E+00   0.6953752144764344E-03  -0.1362879697137998E-02   0.3481621103096710E-03   0.3334401961527140E-06   0.4953393238624775E-06   0.6991788470311197E-03
  0.3477499999999999E+02   0.9972866477489400E+00   0.6941370710330782E-03  -0.1357537186995050E-02   0.3475403344445282E-03   0.3333239699089546E-06   0.4915899848875328E-06   0.6979189966431910E-03
  0.3482500000000000E+02   0.9972970583486731E+00   0.6926289234040113E-03  -0.1352325087862982E-02   0.3467834256285382E-03   0.3330762372101555E-06   0.4879200606833463E-06   0.6963880943565381E-03
  0.3487500000000000E+02   0.9973072735626322E+00   0.6908139261352005E-03  -0.1347210893238526E-02   0.3458729268423185E-03   0.3326786860839964E-06   0.4843035428702969E-06   0.6945490196753465E-03
  0.3492500000000000E+02   0.9973173691414290E+00   0.6886695938586004E-03  -0.1342156678878936E-02   0.3447975692897837E-03   0.3321198266712541E-06   0.4807124392484185E-06   0.6923790777346002E-03
  0.3497499999999999E+02   0.9973274279488316E+00   0.6861908484055309E-03  -0.1337120956861004E-02   0.3435547985237016E-03   0.3313965129050943E-06   0.4771183257910844E-06   0.6898730670129586E-03
  0.3502500000000000E+02   0.9973375354466375E+00   0.6833919927909232E-03  -0.1332060935935186E-02   0.3421517633936397E-03   0.3305149579096768E-06   0.4734940405762563E-06   0.6870452690046106E-03
  0.3507500000000000E+02   0.9973477747158793E+00   0.6803073998106039E-03  -0.1326935014217989E-02   0.3406056614835654E-03   0.3294911350697758E-06   0.4698153811939063E-06   0.6839301459575625E-03
  0.3512499999999999E+02   0.9973582214166870E+00   0.6769908301804621E-03  -0.1321705302796627E-02   0.3389433983772141E-03   0.3283505172310222E-06   0.4660626642534193E-06   0.6805816605935208E-03
  0.3517500000000000E+02   0.9973689390914510E+00   0.6735134348256990E-03  -0.1316339977624592E-02   0.3372005880273484E-03   0.3271271738684354E-06   0.4622220212717531E-06   0.6770712721921675E-03
  0.3522500000000000E+02   0.9973799751649994E+00   0.6699606243466650E-03  -0.1310815282569266E-02   0.3354199858168204E-03   0.3258623088410648E-06   0.4582863369587465E-06   0.6734847926637691E-03
  0.3527500000000000E+02   0.9973913579018157E+00   0.6664280844082495E-03  -0.1305117053361338E-02   0.3336494938483917E-03   0.3246023690098386E-06   0.4542557778130823E-06   0.6699183826668577E-03
  0.3532500000000000E+02   0.9974030944628787E+00   0.6630172649952255E-03  -0.1299241690997044E-02   0.3319399026580516E-03   0.3233968795582560E-06   0.4501379032199699E-06   0.6664740175050941E-03
  0.3537500000000000E+02   0.9974151700859940E+00   0.6598306708533806E-03  -0.1293196572596078E-02   0.3303425332584829E-03   0.3222961633858928E-06   0.4459473901880316E-06   0.6632547521012389E-03
  0.3542500000000000E+02   0.9974275483138904E+00   0.6569672370531777E-03  -0.1286999937592959E-02   0.3289069217143091E-03   0.3213490825466340E-06   0.4417054306379559E-06   0.6603600708554259E-03
  0.3547500000000000E+02   0.9974401721279105E+00   0.6545180020306577E-03  -0.1280680320436711E-02   0.3276786526171629E-03   0.3206009062127232E-06   0.4374388738831051E-06   0.6578815362717718E-03
  0.3552500000000000E+02   0.9974529658174908E+00   0.6525622085305327E-03  -0.1274275614828069E-02   0.3266974068041844E-03   0.3200913706242721E-06   0.4331791868089308E-06   0.6558988678302580E-03
  0.3557500000000000E+02   0.9974658374243638E+00   0.6511638876380732E-03  -0.1267831850166434E-02   0.3259952509812336E-03   0.3198529602324260E-06   0.4289612930048717E-06   0.6544765068361077E-03
  0.3562500000000000E+02   0.9974786816370902E+00   0.6503689258448278E-03  -0.1261401742525758E-02   0.3255951692362465E-03   0.3199094123569724E-06   0.4248223339551229E-06   0.6536606672956195E-03
  0.3567500000000000E+02   0.9974913830640703E+00   0.6502025880476983E-03  -0.1255043056178962E-02   0.3255098228667561E-03   0.3202744343357308E-06   0.4208003751495169E-06   0.6534768455117324E-03
  0.3572500000000000E+02   0.9975038198683556E+00   0.6506674735312517E-03  -0.1248816784056861E-02   0.3257405270029947E-03   0.3209506240204334E-06   0.4169330621582637E-06   0.6539277651001198E-03
  0.3577500000000000E+02   0.9975158677923551E+00   0.6517419156966653E-03  -0.1242785133105273E-02   0.3262764493688906E-03   0.3219286009829475E-06   0.4132562202382103E-06   0.6549917678729636E-03
  0.3582500000000000E+02   0.9975274046230861E+00   0.6533788938998347E-03  -0.1237009289183910E-02   0.3270940653471888E-03   0.3231863843341948E-06   0.4098023889096436E-06   0.6566217188316182E-03
  0.3587499999999999E+02   0.9975383151388423E+00   0.6555055977329556E-03  -0.1231546941024342E-02   0.3281569395415461E-03   0.3246890890809447E-06   0.4065992922240345E-06   0.6587445658074692E-03
  0.3592500000000000E+02   0.9975484965286329E+00   0.6580238569031320E-03  -0.1226449567523491E-02   0.3294159404893145E-03   0.3263890498458678E-06   0.4036682669048351E-06   0.6612617675201710E-03
  0.3597499999999999E+02   0.9975578641834095E+00   0.6608117058569317E-03  -0.1221759538844847E-02   0.3308100232298925E-03   0.3282265097849315E-06   0.4010227032471285E-06   0.6640508602466430E-03
  0.3602500000000000E+02   0.9975663576269236E+00   0.6637263703745779E-03  -0.1217507147445174E-02   0.3322677235155345E-03   0.3301310230458951E-06   0.3986665942288791E-06   0.6669684517269341E-03
  0.3607500000000000E+02   0.9975739461981545E+00   0.6666089215508180E-03  -0.1213707763179195E-02   0.3337094865699055E-03   0.3320236999217950E-06   0.3965933302653845E-06   0.6698548893011140E-03
  0.3612500000000000E+02   0.9975806339432123E+00   0.6692907232041366E-03  -0.1210359383762127E-02   0.3350508935951691E-03   0.3338203657239854E-06   0.3947849107447306E-06   0.6725407297620016E-03
  0.3617500000000000E+02   0.9975864630609290E+00   0.6716015959537959E-03  -0.1207440908821078E-02   0.3362067477579626E-03   0.3354356038588288E-06   0.3932117569154359E-06   0.6748549350515258E-03
  0.3622499999999999E+02   0.9975915152179720E+00   0.6733793492003226E-03  -0.1204911480046866E-02   0.3370958452539839E-03   0.3367875171638266E-06   0.3918332919924486E-06   0.6766344448940428E-03
  0.3627500000000000E+02   0.9975959101461463E+00   0.6744800307992997E-03  -0.1202711181573446E-02   0.3376461061469275E-03   0.3378028886609390E-06   0.3905993956957609E-06   0.6777344745631786E-03
  0.3632500000000000E+02   0.9975998011758759E+00   0.6747879768235845E-03  -0.1200763273995320E-02   0.3377996057723738E-03   0.3384222851441194E-06   0.3894527425177812E-06   0.6780386169188133E-03
  0.3637500000000000E+02   0.9976033677293158E+00   0.6742245854009560E-03  -0.1198977950553126E-02   0.3375169681031712E-03   0.3386045623021945E-06   0.3883319081920299E-06   0.6774676679189640E-03
  0.3642500000000000E+02   0.9976068052359310E+00   0.6727547535910485E-03  -0.1197257384073502E-02   0.3367805898435271E-03   0.3383302315409394E-06   0.3871750007569900E-06   0.6759861088428549E-03
  0.3647500000000000E+02   0.9976103133508737E+00   0.6703901333549277E-03  -0.1195501624200790E-02   0.3355962725663927E-03   0.3376032520041560E-06   0.3859234712846049E-06   0.6736053955698535E-03
  0.3652500000000000E+02   0.9976140836511017E+00   0.6671887574540208E-03  -0.1193614756868411E-02   0.3339930377455548E-03   0.3364510056210662E-06   0.3845257121499600E-06   0.6703836012036338E-03
  0.3657500000000000E+02   0.9976182880782668E+00   0.6632510812384882E-03  -0.1191510690708442E-02   0.3320211473658718E-03   0.3349224605211622E-06   0.3829400728148952E-06   0.6664214556197092E-03
  0.3662499999999999E+02   0.9976230692646285E+00   0.6587129723544252E-03  -0.1189118001428069E-02   0.3297485961688626E-03   0.3330847742439574E-06   0.3811370112872984E-06   0.6618553143014587E-03
  0.3667500000000000E+02   0.9976285335534615E+00   0.6537365503921125E-03  -0.1186383427670745E-02   0.3272565269161867E-03   0.3310187785621236E-06   0.3791002326521649E-06   0.6568479614597378E-03
  0.3672499999999999E+02   0.9976347470920830E+00   0.6484999612895039E-03  -0.1183273828782250E-02   0.3246341116930483E-03   0.3288138855355313E-06   0.3768268125637480E-06   0.6515783371765458E-03
  0.3677500000000000E+02   0.9976417349365206E+00   0.6431871503397487E-03  -0.1179776634748220E-02   0.3219734319018418E-03   0.3265629498847743E-06   0.3743264313095297E-06   0.6462312582393573E-03
  0.3682500000000000E+02   0.9976494827513999E+00   0.6379785086290429E-03  -0.1175898996588987E-02   0.3193647950565743E-03   0.3243575326311971E-06   0.3716199301891197E-06   0.6409880130833328E-03
  0.3687500000000000E+02   0.9976579404703285E+00   0.6330429793553466E-03  -0.1171665954872947E-02   0.3168927821618774E-03   0.3222838690016288E-06   0.3687374375925319E-06   0.6360184217711702E-03
  0.3692500000000000E+02   0.9976670272117526E+00   0.6285318988272496E-03  -0.1167117979298693E-02   0.3146331634355541E-03   0.3204196879426676E-06   0.3657163017626798E-06   0.6314746386926006E-03
  0.3697499999999999E+02   0.9976766367994369E+00   0.6245745741505071E-03  -0.1162308205238660E-02   0.3126506835300941E-03   0.3188318928049145E-06   0.3625990239647216E-06   0.6274867012093469E-03
  0.3702500000000001E+02   0.9976866433730401E+00   0.6212754028612793E-03  -0.1157299624931385E-02   0.3109976188582989E-03   0.3175750121357325E-06   0.3594313258977021E-06   0.6241596293112317E-03
  0.3707500000000000E+02   0.9976969067472399E+00   0.6187122307844617E-03  -0.1152162404425949E-02   0.3097129550151630E-03   0.3166902726013113E-06   0.3562604232597668E-06   0.6215717713844125E-03
  0.3712500000000000E+02   0.9977072773497164E+00   0.6169356157975119E-03  -0.1146971411331577E-02   0.3088220179245051E-03   0.3162051296748246E-06   0.3531335237875967E-06   0.6197740620757677E-03
  0.3717500000000000E+02   0.9977176007134319E+00   0.6159686990794339E-03  -0.1141803965761579E-02   0.3083364092746154E-03   0.3161331072560625E-06   0.3500965285553378E-06   0.6187898920249848E-03
  0.3722500000000000E+02   0.9977277216033623E+00   0.6158074608439319E-03  -0.1136737774396934E-02   0.3082541345408126E-03   0.3164738344791645E-06   0.3471928916696429E-06   0.6186153648468439E-03
  0.3727500000000000E+02   0.9977374879173699E+00   0.6164212350230801E-03  -0.1131848977775407E-02   0.3085598606744269E-03   0.3172132168824458E-06   0.3444625851323133E-06   0.6192198145975726E-03
  0.3732500000000000E+02   0.9977467545158470E+00   0.6177534606449604E-03  -0.1127210233390907E-02   0.3092252922363123E-03   0.3183237316399029E-06   0.3419411206433883E-06   0.6205465607172953E-03
  0.3737500000000000E+02   0.9977553871085144E+00   0.6197227434239410E-03  -0.1122888770308195E-02   0.3102097027035770E-03   0.3197648858577651E-06   0.3396585961187873E-06   0.6225139737205455E-03
  0.3742500000000000E+02   0.9977632662643366E+00   0.6222243777487769E-03  -0.1118944382214271E-02   0.3114606960705371E-03   0.3214839169724735E-06   0.3376387590416420E-06   0.6250170020467027E-03
  0.3747500000000000E+02   0.9977702915188765E+00   0.6251325258378731E-03  -0.1115427371680910E-02   0.3129152972064583E-03   0.3234168392401223E-06   0.3358981084227019E-06   0.6279293574631622E-03
  0.3752500000000000E+02   0.9977763854427756E+00   0.6283032569053827E-03  -0.1112376513778268E-02   0.3145014725042537E-03   0.3254899445725556E-06   0.3344450882854354E-06   0.6311065627646303E-03
  0.3757500000000000E+02   0.9977814974202620E+00   0.6315786062554997E-03  -0.1109817164637761E-02   0.3161401609047533E-03   0.3276218448668682E-06   0.3332794533713854E-06   0.6343900226950682E-03
  0.3762500000000000E+02   0.9977856067876992E+00   0.6347917186120950E-03  -0.1107759690068488E-02   0.3177478475631840E-03   0.3297260942379776E-06   0.3323919063860910E-06   0.6376121833060175E-03
  0.3767500000000000E+02   0.9977887249228430E+00   0.6377729965099444E-03  -0.1106198419075555E-02   0.3192396406407553E-03   0.3317143553310956E-06   0.3317641096182850E-06   0.6406027011377218E-03
  0.3772499999999999E+02   0.9977908958788451E+00   0.6403569996502107E-03  -0.1105111325484631E-02   0.3205327241687727E-03   0.3334999823782394E-06   0.3313691573688805E-06   0.6431953680960307E-03
  0.3777500000000001E+02   0.9977921952391869E+00   0.6423896634692824E-03  -0.1104460599822943E-02   0.3215499710084943E-03   0.3350017996169761E-06   0.3311725575916399E-06   0.6452353594640704E-03
  0.3782500000000000E+02   0.9977927270324779E+00   0.6437352623328414E-03  -0.1104194192199204E-02   0.3222234284046557E-03   0.3361477766908081E-06   0.3311337143705763E-06   0.6465862287956777E-03
  0.3787500000000000E+02   0.9977926187717422E+00   0.6442824730816085E-03  -0.1104248294004795E-02   0.3224973536934413E-03   0.3368782629838098E-06   0.3312078355978309E-06   0.6471360029949873E-03
  0.3792500000000000E+02   0.9977920149344062E+00   0.6439489261862626E-03  -0.1104550600337761E-02   0.3223304934331601E-03   0.3371484557145424E-06   0.3313481250259156E-06   0.6468017619517238E-03
  0.3797500000000000E+02   0.9977910694269911E+00   0.6426837718628386E-03  -0.1105024081015538E-02   0.3216973692712634E-03   0.3369298465924745E-06   0.3315080688780359E-06   0.6455322271822654E-03
  0.3802500000000000E+02   0.9977899377328675E+00   0.6404680183913805E-03  -0.1105590910720378E-02   0.3205884488708438E-03   0.3362105098428362E-06   0.3316436061448672E-06   0.6433081143278705E-03
  0.3807500000000000E+02   0.9977887694870778E+00   0.6373126774729343E-03  -0.1106176185897256E-02   0.3190092191377590E-03   0.3349942389424612E-06   0.3317149843383020E-06   0.6401402829293536E-03
  0.3812500000000000E+02   0.9977877021490973E+00   0.6332550221686902E-03  -0.1106711092546564E-02   0.3169783145011002E-03   0.3332986820880727E-06   0.3316881466132089E-06   0.6360659888655845E-03
  0.3817500000000000E+02   0.9977868562702777E+00   0.6283534749218358E-03  -0.1107135276146032E-02   0.3145249591384084E-03   0.3311527398534889E-06   0.3315355623241641E-06   0.6311437580846794E-03
  0.3822500000000000E+02   0.9977863326170832E+00   0.6226817610808126E-03  -0.1107398282842675E-02   0.3116860411271365E-03   0.3285935536437660E-06   0.3312364873903083E-06   0.6254475192254661E-03
  0.3827500000000000E+02   0.9977862111627549E+00   0.6163229761002854E-03  -0.1107460065426169E-02   0.3085031429610305E-03   0.3256634238786215E-06   0.3307767091364872E-06   0.6190606461133158E-03
  0.3832500000000000E+02   0.9977865517431165E+00   0.6093641345945937E-03  -0.1107290656197302E-02   0.3050198128860606E-03   0.3224069581534198E-06   0.3301478816763005E-06   0.6120704812478910E-03
  0.3837500000000000E+02   0.9977873960169967E+00   0.6018916252822797E-03  -0.1106869186594639E-02   0.3012792894031393E-03   0.3188686764469157E-06   0.3293465868535340E-06   0.6045637669500131E-03
  0.3842500000000000E+02   0.9977887702903732E+00   0.5939878222608947E-03  -0.1106182474221562E-02   0.2973228044058675E-03   0.3150912107165628E-06   0.3283732621114712E-06   0.5966232366005312E-03
  0.3847499999999999E+02   0.9977906887519531E+00   0.5857289315826153E-03  -0.1105223403659816E-02   0.2931885045882626E-03   0.3111141465251993E-06   0.3272311243401533E-06   0.5883254461426629E-03
  0.3852500000000000E+02   0.9977931567121241E+00   0.5771840056670598E-03  -0.1103989305360487E-02   0.2889109574407460E-03   0.3069734768797877E-06   0.3259251937381563E-06   0.5797397787868989E-03
  0.3857500000000000E+02   0.9977961735181764E+00   0.5684149492850027E-03  -0.1102480496390834E-02   0.2845211536652279E-03   0.3027015801222147E-06   0.3244614902569023E-06   0.5709284463647215E-03
  0.3862500000000000E+02   0.9977997349181726E+00   0.5594772733409618E-03  -0.1100699097036140E-02   0.2800468840228526E-03   0.2983275967146980E-06   0.3228464425394217E-06   0.5619472427551465E-03
  0.3867500000000000E+02   0.9978038347487290E+00   0.5504213239820549E-03  -0.1098648185749340E-02   0.2755133542378105E-03   0.2938780630672412E-06   0.3210865192419363E-06   0.5528467757877117E-03
  0.3872500000000000E+02   0.9978084659173109E+00   0.5412937188021585E-03  -0.1096331307212650E-02   0.2709439036851877E-03   0.2893776612978209E-06   0.3191880676317654E-06   0.5436739081365985E-03
  0.3877500000000000E+02   0.9978136207300977E+00   0.5321387518681115E-03  -0.1093752307993245E-02   0.2663607085738171E-03   0.2848499583577279E-06   0.3171573256562759E-06   0.5344731677112032E-03
  0.3882500000000000E+02   0.9978192906775679E+00   0.5229995774507857E-03  -0.1090915443677565E-02   0.2617853744332910E-03   0.2803180324426781E-06   0.3150005617407807E-06   0.5252879363659399E-03
  0.3887500000000001E+02   0.9978254658294146E+00   0.5139190412883826E-03  -0.1087825681607368E-02   0.2572393522178539E-03   0.2758049151930589E-06   0.3127242912987089E-06   0.5161612849472292E-03
  0.3892500000000000E+02   0.9978321340078643E+00   0.5049400907814673E-03  -0.1084489114586584E-02   0.2527441436633120E-03   0.2713338110893151E-06   0.3103355197425345E-06   0.5071363855670413E-03
  0.3897500000000000E+02   0.9978392799053896E+00   0.4961057550334120E-03  -0.1080913402465189E-02   0.2483212913286206E-03   0.2669280870974887E-06   0.3078419676834350E-06   0.4982564918146064E-03
  0.3902499999999999E+02   0.9978468842924738E+00   0.4874587363401253E-03  -0.1077108168676122E-02   0.2439921741339153E-03   0.2626110528863697E-06   0.3052522436233726E-06   0.4895645285887073E-03
  0.3907500000000000E+02   0.9978549234283274E+00   0.4790406923418562E-03  -0.1073085295201448E-02   0.2397776480391569E-03   0.2584055724627764E-06   0.3025759411583465E-06   0.4811023710659125E-03
  0.3912500000000000E+02   0.9978633687480321E+00   0.4708913103504309E-03  -0.1068859079174311E-02   0.2356975826763986E-03   0.2543335605607650E-06   0.2998236498353276E-06   0.4729099147694770E-03
  0.3917500000000000E+02   0.9978721868594018E+00   0.4630472823902877E-03  -0.1064446234444905E-02   0.2317703482696154E-03   0.2504154214853139E-06   0.2970068798258591E-06   0.4650240457962218E-03
  0.3922500000000000E+02   0.9978813398469643E+00   0.4555412833504741E-03  -0.1059865739405197E-02   0.2280123041045203E-03   0.2466694853875983E-06   0.2941379093643511E-06   0.4574776141102386E-03
  0.3927500000000000E+02   0.9978907858524535E+00   0.4484010389451520E-03  -0.1055138546391277E-02   0.2244373319527686E-03   0.2431114890026528E-06   0.2912295698334778E-06   0.4502984970468511E-03
  0.3932500000000000E+02   0.9979004798827696E+00   0.4416485492134824E-03  -0.1050287177216003E-02   0.2210564473588431E-03   0.2397541369751512E-06   0.2882949863865459E-06   0.4435088191012062E-03
  0.3937499999999999E+02   0.9979103747873079E+00   0.4352995111876764E-03  -0.1045335233916811E-02   0.2178775106323803E-03   0.2366067682453282E-06   0.2853472924675523E-06   0.4371243718576800E-03
  0.3942500000000000E+02   0.9979204223453316E+00   0.4293629644150243E-03  -0.1040306854419693E-02   0.2149050494034560E-03   0.2336751413506673E-06   0.2823993352005739E-06   0.4311542578630305E-03
  0.3947500000000000E+02   0.9979305744081225E+00   0.4238411672950237E-03  -0.1035226140788548E-02   0.2121401967246733E-03   0.2309613440575641E-06   0.2794633861934088E-06   0.4256007664307178E-03
  0.3952500000000000E+02   0.9979407840472982E+00   0.4187297014119646E-03  -0.1030116584395668E-02   0.2095807433054312E-03   0.2284638268962591E-06   0.2765508695884349E-06   0.4204594785182428E-03
  0.3957500000000000E+02   0.9979510066674602E+00   0.4140177947496599E-03  -0.1025000508958152E-02   0.2072212993120918E-03   0.2261775567167607E-06   0.2736721168025965E-06   0.4157195914869957E-03
  0.3962500000000000E+02   0.9979612010464812E+00   0.4096888515427271E-03  -0.1019898549804221E-02   0.2050535595994312E-03   0.2240942846191386E-06   0.2708361556742633E-06   0.4113644514042573E-03
  0.3967500000000000E+02   0.9979713302693815E+00   0.4057211747444688E-03  -0.1014829186412824E-02   0.2030666653510202E-03   0.2222029215724943E-06   0.2680505407770438E-06   0.4073722787681417E-03
  0.3972500000000000E+02   0.9979813625219338E+00   0.4020888647992803E-03  -0.1009808345170948E-02   0.2012476539600551E-03   0.2204900137037338E-06   0.2653212313195777E-06   0.4037170712436435E-03
  0.3977500000000000E+02   0.9979912717088605E+00   0.3987628740283704E-03  -0.1004849089931814E-02   0.1995819867919799E-03   0.2189403067445356E-06   0.2626525229787958E-06   0.4003696626139472E-03
  0.3982500000000000E+02   0.9980010378603057E+00   0.3957121885350832E-03  -0.9999614185450811E-03   0.1980541407670918E-03   0.2175373849431954E-06   0.2600470397633319E-06   0.3972989097334817E-03
  0.3987500000000000E+02   0.9980106472912044E+00   0.3929050990503782E-03  -0.9951521830655619E-03   0.1966482444549545E-03   0.2162643638231857E-06   0.2575057910837295E-06   0.3944729687554041E-03
  0.3992500000000000E+02   0.9980200924831015E+00   0.3903105095067879E-03  -0.9904251488732640E-03   0.1953487330514086E-03   0.2151046089969810E-06   0.2550282972205638E-06   0.3918606092346204E-03
  0.3997500000000000E+02   0.9980293716683617E+00   0.3878992192315631E-03  -0.9857812027469492E-03   0.1941409901545586E-03   0.2140424458448968E-06   0.2526127831196982E-06   0.3894325017649267E-03
  0.4002500000000000E+02   0.9980384881129865E+00   0.3856451040478688E-03  -0.9812187117825832E-03   0.1930119389500296E-03   0.2130638186574143E-06   0.2502564359632443E-06   0.3871624041656641E-03
  0.4007500000000000E+02   0.9980474491157022E+00   0.3835261160334133E-03  -0.9767340243206357E-03   0.1919505426426926E-03   0.2121568543619693E-06   0.2479557166345628E-06   0.3850281656669086E-03
  0.4012499999999999E+02   0.9980562647654745E+00   0.3815250235602199E-03  -0.9723220917851050E-03   0.1909481749089600E-03   0.2113122865489231E-06   0.2457067096674145E-06   0.3830124704144585E-03
  0.4017500000000000E+02   0.9980649465240791E+00   0.3796298238354391E-03  -0.9679771780920499E-03   0.1899988264455831E-03   0.2105237009532662E-06   0.2435054913602709E-06   0.3811032522419700E-03
  0.4022499999999999E+02   0.9980735057212065E+00   0.3778337792904011E-03  -0.9636936128473161E-03   0.1890991232624837E-03   0.2097875737931342E-06   0.2413484922728374E-06   0.3792937318485765E-03
  0.4027500000000000E+02   0.9980819520635784E+00   0.3761350550197605E-03  -0.9594665375470823E-03   0.1882481453060567E-03   0.2091030884698992E-06   0.2392328289375399E-06   0.3775820534677385E-03
  0.4032500000000000E+02   0.9980902922645304E+00   0.3745359639487699E-03  -0.9552925915043975E-03   0.1874470487513565E-03   0.2084717324152805E-06   0.2371565806021427E-06   0.3759705277004359E-03
  0.4037500000000000E+02   0.9980985288959378E+00   0.3730418557832788E-03  -0.9511704865114989E-03   0.1866985100042311E-03   0.2078966922797857E-06   0.2351189900278423E-06   0.3744645166775846E-03
  0.4042500000000000E+02   0.9981066595514049E+00   0.3716597116176345E-03  -0.9471014257327326E-03   0.1860060223778061E-03   0.2073820802643164E-06   0.2331205722790766E-06   0.3730710236416064E-03
  0.4047499999999999E+02   0.9981146763907868E+00   0.3703965259621616E-03  -0.9430893317599054E-03   0.1853730863612235E-03   0.2069320358494750E-06   0.2311631212941908E-06   0.3717970690057797E-03
  0.4052500000000000E+02   0.9981225661144668E+00   0.3692575711042937E-03  -0.9391408595910145E-03   0.1848023409815107E-03   0.2065497549861682E-06   0.2292496100161717E-06   0.3706479481566451E-03
  0.4057500000000000E+02   0.9981303103941083E+00   0.3682446459506325E-03  -0.9352651811594948E-03   0.1842946873794950E-03   0.2062365033861606E-06   0.2273839853905591E-06   0.3696254735254771E-03
  0.4062500000000000E+02   0.9981378867664573E+00   0.3673544148032105E-03  -0.9314735381198425E-03   0.1838484573746739E-03   0.2059906729684023E-06   0.2255708643303999E-06   0.3687263067688257E-03
  0.4067500000000000E+02   0.9981452699781994E+00   0.3665769432738502E-03  -0.9277785688929230E-03   0.1834586806691273E-03   0.2058069420809503E-06   0.2238151409468754E-06   0.3679404886476531E-03
  0.4072499999999999E+02   0.9981524337512216E+00   0.3658945405206375E-03  -0.9241934253055861E-03   0.1831165053306102E-03   0.2056756018221951E-06   0.2221215194311364E-06   0.3672502761746343E-03
  0.4077500000000000E+02   0.9981593529160827E+00   0.3652810194757354E-03  -0.9207307049404756E-03   0.1828088274384244E-03   0.2055821127862533E-06   0.2204939916178893E-06   0.3666293990912339E-03
  0.4082500000000000E+02   0.9981660058339523E+00   0.3647014878195785E-03  -0.9174012390964492E-03   0.1825181863200769E-03   0.2055069577868804E-06   0.2189352840705103E-06   0.3660428488340358E-03
  0.4087499999999999E+02   0.9981723769916793E+00   0.3641127778421268E-03  -0.9142127940696687E-03   0.1822229795002961E-03   0.2054258541366446E-06   0.2174463067306154E-06   0.3654473085414081E-03
  0.4092500000000000E+02   0.9981784596113991E+00   0.3634646067653547E-03  -0.9111687651106593E-03   0.1818980431980742E-03   0.2053103803027845E-06   0.2160256433522615E-06   0.3647923160639054E-03
  0.4097499999999999E+02   0.9981842580694577E+00   0.3627015236693639E-03  -0.9082669657503040E-03   0.1815156264819830E-03   0.2051290522355001E-06   0.2146691317725674E-06   0.3640222164337510E-03
  0.4102500000000000E+02   0.9981897898782944E+00   0.3617656394904090E-03  -0.9054986357783790E-03   0.1810467573369852E-03   0.2048488511922395E-06   0.2133695873195538E-06   0.3630789004147265E-03
  0.4107500000000000E+02   0.9981950869622852E+00   0.3606000516742980E-03  -0.9028478024952769E-03   0.1804629564207853E-03   0.2044371567443282E-06   0.2121167224415078E-06   0.3619052406065582E-03
  0.4112500000000000E+02   0.9982001959692798E+00   0.3591527712547596E-03  -0.9002911245038492E-03   0.1797382023356769E-03   0.2038639792389649E-06   0.2108973070959360E-06   0.3604490324023700E-03
  0.4117500000000000E+02   0.9982051774161321E+00   0.3573808525177028E-03  -0.8977983190049388E-03   0.1788509983845534E-03   0.2031043237679303E-06   0.2096955957283851E-06   0.3586671390648641E-03
  0.4122499999999999E+02   0.9982101035735359E+00   0.3552543369426970E-03  -0.8953332200269948E-03   0.1777863464934313E-03   0.2021404656863200E-06   0.2084940181606387E-06   0.3565294513044863E-03
  0.4127500000000000E+02   0.9982150551447806E+00   0.3527595798808180E-03  -0.8928554402993782E-03   0.1765374123294237E-03   0.2009638909314305E-06   0.2072740966867005E-06   0.3540222282115112E-03
  0.4132500000000000E+02   0.9982201169618820E+00   0.3499015519080237E-03  -0.8903225249839997E-03   0.1751066773731523E-03   0.1995766653785768E-06   0.2060175163685640E-06   0.3511504097939855E-03
  0.4137500000000000E+02   0.9982253730769295E+00   0.3467048051787322E-03  -0.8876924082016346E-03   0.1735064229237697E-03   0.1979920513825496E-06   0.2047072477955598E-06   0.3479385899704677E-03
  0.4142500000000000E+02   0.9982309017298322E+00   0.3432129574215253E-03  -0.8849259315496516E-03   0.1717584722368084E-03   0.1962342807395055E-06   0.2033286087310808E-06   0.3444305016916254E-03
  0.4147500000000000E+02   0.9982367706983709E+00   0.3394867425879771E-03  -0.8819891714114680E-03   0.1698932152701531E-03   0.1943375049048604E-06   0.2018701573476652E-06   0.3406870629591215E-03
  0.4152500000000000E+02   0.9982430334738447E+00   0.3356008662756456E-03  -0.8788553531723364E-03   0.1679480351675846E-03   0.1923440519763105E-06   0.2003243345983348E-06   0.3367832224144549E-03
  0.4157500000000000E+02   0.9982497265695417E+00   0.3316400455025697E-03  -0.8755061985361579E-03   0.1659653264233105E-03   0.1903022024633566E-06   0.1986878112805653E-06   0.3328039853144511E-03
  0.4162500000000000E+02   0.9982568680919131E+00   0.3276946790309531E-03  -0.8719326408946904E-03   0.1639903280352815E-03   0.1882637362630447E-06   0.1969615379205614E-06   0.3288400677649575E-03
  0.4167500000000000E+02   0.9982644575256018E+00   0.3238565794848385E-03  -0.8681349331518540E-03   0.1620689874920416E-03   0.1862814971471715E-06   0.1951505336611354E-06   0.3249836122389687E-03
  0.4172500000000000E+02   0.9982724765388291E+00   0.3202151153589357E-03  -0.8641222448173558E-03   0.1602460298384949E-03   0.1844071755758741E-06   0.1932634769678521E-06   0.3213243140532777E-03
  0.4177500000000000E+02   0.9982808905271522E+00   0.3168539863590373E-03  -0.8599118894857538E-03   0.1585633436839891E-03   0.1826894407011311E-06   0.1913121729530458E-06   0.3179461833915776E-03
  0.4182500000000000E+02   0.9982896505869340E+00   0.3138487197017659E-03  -0.8555283371788347E-03   0.1570587280433253E-03   0.1811724752488978E-06   0.1893109700340560E-06   0.3149250311169357E-03
  0.4187500000000000E+02   0.9982986956368615E+00   0.3112648536206059E-03  -0.8510021525360845E-03   0.1557649831462502E-03   0.1798948972860424E-06   0.1872761857935996E-06   0.3123266447176998E-03
  0.4192500000000000E+02   0.9983079544704787E+00   0.3091566835215112E-03  -0.8463689674941266E-03   0.1547092828967827E-03   0.1788890001338978E-06   0.1852255827436126E-06   0.3102055295075666E-03
  0.4197499999999999E+02   0.9983173476072630E+00   0.3075663921962371E-03  -0.8416685547808500E-03   0.1539127396112295E-03   0.1781802096848739E-06   0.1831779134441433E-06   0.3086040358854834E-03
  0.4202500000000001E+02   0.9983267888994414E+00   0.3065233669398881E-03  -0.8369440236730696E-03   0.1533900623659320E-03   0.1777866466160072E-06   0.1811525342407979E-06   0.3075516747632527E-03
  0.4207500000000000E+02   0.9983361869364430E+00   0.3060435182245627E-03  -0.8322411170758048E-03   0.1531492161870402E-03   0.1777186867527920E-06   0.1791690696343850E-06   0.3070644350624555E-03
  0.4212500000000000E+02   0.9983454463630602E+00   0.3061284512175022E-03  -0.8276075518574011E-03   0.1531910076435535E-03   0.1779784331079263E-06   0.1772470958230720E-06   0.3071439539043776E-03
  0.4217500000000000E+02   0.9983544692880179E+00   0.3067643991278654E-03  -0.8230923140321034E-03   0.1535085512726234E-03   0.1785590458769712E-06   0.1754058026092231E-06   0.3077764479716327E-03
  0.4222500000000000E+02   0.9983631570038527E+00   0.3079209047709034E-03  -0.8187447982542784E-03   0.1540866099958665E-03   0.1794439212735180E-06   0.1736635880371113E-06   0.3089313921445543E-03
  0.4227500000000000E+02   0.9983714122613797E+00   0.3095493339850361E-03  -0.8146136698888862E-03   0.1549008513434999E-03   0.1806057667435677E-06   0.1720375407888452E-06   0.3105600290399780E-03
  0.4232500000000000E+02   0.9983791423329892E+00   0.3115814207482511E-03  -0.8107453324284197E-03   0.1559171194509661E-03   0.1820056884375056E-06   0.1705427732442139E-06   0.3125939096305382E-03
  0.4237500000000000E+02   0.9983862630443753E+00   0.3139281732248573E-03  -0.8071819103571132E-03   0.1570908875351289E-03   0.1835924835854698E-06   0.1691915856231917E-06   0.3149437949085139E-03
  0.4242500000000000E+02   0.9983927038375445E+00   0.3164795970646567E-03  -0.8039587159640593E-03   0.1583671191580976E-03   0.1853024066572711E-06   0.1679924711638758E-06   0.3174993760934933E-03
  0.4247500000000000E+02   0.9983984137363108E+00   0.3191057877424627E-03  -0.8011012644812965E-03   0.1596808143735394E-03   0.1870597366870663E-06   0.1669490148253628E-06   0.3201303667805773E-03
  0.4252500000000000E+02   0.9984033678200872E+00   0.3216599635420112E-03  -0.7986220347099282E-03   0.1609585267971803E-03   0.1887784878549001E-06   0.1660587910743411E-06   0.3226895405527801E-03
  0.4257500000000000E+02   0.9984075735006835E+00   0.3239839027003793E-03  -0.7965173279622650E-03   0.1621210836025071E-03   0.1903655451172870E-06   0.1653124217751868E-06   0.3250181795200150E-03
  0.4262500000000000E+02   0.9984110756051451E+00   0.3259159689475667E-03  -0.7947647241279832E-03   0.1630876007457988E-03   0.1917253450111510E-06   0.1646929981418155E-06   0.3269541195163313E-03
  0.4267500000000000E+02   0.9984139590963572E+00   0.3273014522420637E-03  -0.7933217194449060E-03   0.1637806568733545E-03   0.1927659534212303E-06   0.1641760810457223E-06   0.3283421191777613E-03
  0.4272499999999999E+02   0.9984163483260383E+00   0.3280043741207059E-03  -0.7921260991696766E-03   0.1641322004600515E-03   0.1934060501634154E-06   0.1637304524315762E-06   0.3290457010392008E-03
  0.4277500000000000E+02   0.9984184020922983E+00   0.3279193455584554E-03  -0.7910984095182982E-03   0.1640894837088084E-03   0.1935819940145014E-06   0.1633196883450202E-06   0.3289590491977370E-03
  0.4282500000000000E+02   0.9984203044568490E+00   0.3269817090211544E-03  -0.7901465515870454E-03   0.1636201383987031E-03   0.1932539233831524E-06   0.1629044725589554E-06   0.3280171899901733E-03
  0.4287500000000000E+02   0.9984222521310990E+00   0.3251742216654068E-03  -0.7891720925758960E-03   0.1627155213812064E-03   0.1924098528506277E-06   0.1624454041615871E-06   0.3262027064104403E-03
  0.4292500000000000E+02   0.9984244400267860E+00   0.3225290183285981E-03  -0.7880774960368209E-03   0.1613916983298000E-03   0.1910670013880795E-06   0.1619059232340625E-06   0.3235477191716871E-03
  0.4297500000000000E+02   0.9984270470256665E+00   0.3191244437864098E-03  -0.7867732431283692E-03   0.1596878600287279E-03   0.1892700856296044E-06   0.1612549322691547E-06   0.3201307202600181E-03
  0.4302500000000000E+02   0.9984302239879594E+00   0.3150773264374559E-03  -0.7851838341217388E-03   0.1576624572313940E-03   0.1870868928295438E-06   0.1604687476831469E-06   0.3160688307416521E-03
  0.4307500000000000E+02   0.9984340854993282E+00   0.3105320847559527E-03  -0.7832519194440613E-03   0.1553877501315250E-03   0.1846019383863998E-06   0.1595321589900983E-06   0.3115068771469115E-03
  0.4312500000000000E+02   0.9984387060316150E+00   0.3056484855415047E-03  -0.7809402221227169E-03   0.1529436826442488E-03   0.1819092752065638E-06   0.1584385561054873E-06   0.3066051109263486E-03
  0.4317500000000000E+02   0.9984441203297170E+00   0.3005898369332098E-03  -0.7782313452739942E-03   0.1504119737793045E-03   0.1791055108898506E-06   0.1571892520696541E-06   0.3015273603430753E-03
  0.4322500000000000E+02   0.9984503271724597E+00   0.2955129895058501E-03  -0.7751258909104441E-03   0.1478711134815023E-03   0.1762838542834535E-06   0.1557922375850355E-06   0.2964309938571444E-03
  0.4327499999999999E+02   0.9984572953137070E+00   0.2905609222256107E-03  -0.7716394873841237E-03   0.1453926518241283E-03   0.1735296642796672E-06   0.1542606402470986E-06   0.2914594757617909E-03
  0.4332500000000000E+02   0.9984649703883786E+00   0.2858580994838565E-03  -0.7677993336592248E-03   0.1430388748947598E-03   0.1709176248737536E-06   0.1526111355806048E-06   0.2867377021356112E-03
  0.4337500000000000E+02   0.9984732817754485E+00   0.2815083335783287E-03  -0.7636407648705656E-03   0.1408617345518785E-03   0.1685104009755400E-06   0.1508624935160902E-06   0.2823698514308657E-03
  0.4342500000000000E+02   0.9984821487260355E+00   0.2775946251050764E-03  -0.7592041854904696E-03   0.1389027681154677E-03   0.1663584709714573E-06   0.1490343688863536E-06   0.2784392208124938E-03
  0.4347500000000000E+02   0.9984914853866919E+00   0.2741803669806466E-03  -0.7545325552867910E-03   0.1371937006038092E-03   0.1645007770225028E-06   0.1471463772145240E-06   0.2750094319847839E-03
  0.4352500000000000E+02   0.9985012046126058E+00   0.2713113364858360E-03  -0.7496694808208915E-03   0.1357574414535701E-03   0.1629658538904673E-06   0.1452174473621403E-06   0.2721264288258382E-03
  0.4357500000000000E+02   0.9985112206484126E+00   0.2690180074224340E-03  -0.7446578736441944E-03   0.1346092415427971E-03   0.1617731586627861E-06   0.1432654123799074E-06   0.2698207971099778E-03
  0.4362499999999999E+02   0.9985214508588421E+00   0.2673178453146712E-03  -0.7395390840272409E-03   0.1337578418091486E-03   0.1609343999381767E-06   0.1413067862007128E-06   0.2681100678595313E-03
  0.4367500000000000E+02   0.9985318167344248E+00   0.2662173731102156E-03  -0.7343523975227306E-03   0.1332065070729425E-03   0.1604547382386810E-06   0.1393566718185265E-06   0.2670007908366361E-03
  0.4372500000000000E+02   0.9985422443990074E+00   0.2657138986551089E-03  -0.7291347808920934E-03   0.1329538906334702E-03   0.1603337908990623E-06   0.1374287516451100E-06   0.2664902688985399E-03
  0.4377500000000000E+02   0.9985526648231918E+00   0.2657968745651104E-03  -0.7239207752514076E-03   0.1329947149196842E-03   0.1605664220296860E-06   0.1355353192361402E-06   0.2665679235973690E-03
  0.4382500000000000E+02   0.9985630139132226E+00   0.2664489181198298E-03  -0.7187424515957552E-03   0.1333202820062515E-03   0.1611433324705105E-06   0.1336873212235726E-06   0.2672163196330140E-03
  0.4387500000000000E+02   0.9985732326055180E+00   0.2676465577993774E-03  -0.7136293635463531E-03   0.1339188473214696E-03   0.1620514884213467E-06   0.1318943878702247E-06   0.2684119149119556E-03
  0.4392500000000000E+02   0.9985832670563204E+00   0.2693607982368289E-03  -0.7086084525373959E-03   0.1347759024620975E-03   0.1632744430516317E-06   0.1301648396977300E-06   0.2701256282127861E-03
  0.4397500000000000E+02   0.9985930689748544E+00   0.2715576094492348E-03  -0.7037038812199858E-03   0.1358744200813872E-03   0.1647926144514395E-06   0.1285056660530040E-06   0.2723233306007824E-03
  0.4402500000000000E+02   0.9986025961070684E+00   0.2741984502336360E-03  -0.6989367915352096E-03   0.1371951158308911E-03   0.1665835863155482E-06   0.1269224792847327E-06   0.2749663707770635E-03
  0.4407500000000000E+02   0.9986118128360162E+00   0.2772409290387682E-03  -0.6943250044253446E-03   0.1387167790476102E-03   0.1686224943608455E-06   0.1254194552846251E-06   0.2780122379631203E-03
  0.4412500000000000E+02   0.9986206908260304E+00   0.2806396871111110E-03  -0.6898826976261541E-03   0.1404167146174275E-03   0.1708825507777447E-06   0.1239992771475800E-06   0.2814154473725871E-03
  0.4417500000000000E+02   0.9986292096045989E+00   0.2843475572177237E-03  -0.6856201146067109E-03   0.1422713226894294E-03   0.1733357402876961E-06   0.1226631029580652E-06   0.2851287017599753E-03
  0.4422499999999999E+02   0.9986373569533862E+00   0.2883170072702507E-03  -0.6815433689736361E-03   0.1442568209148491E-03   0.1759536948381439E-06   0.1214105803886007E-06   0.2891043384632675E-03
  0.4427500000000000E+02   0.9986451289738414E+00   0.2925018248774848E-03  -0.6776544116561256E-03   0.1463500872209940E-03   0.1787087214590742E-06   0.1202399290872087E-06   0.2932960179411429E-03
  0.4432500000000000E+02   0.9986525297080283E+00   0.2968589425846850E-03  -0.6739512205926612E-03   0.1485295729793460E-03   0.1815749231483733E-06   0.1191481062718891E-06   0.2976605534037076E-03
  0.4437499999999999E+02   0.9986595702335028E+00   0.3013502533702740E-03  -0.6704282535372474E-03   0.1507762113171653E-03   0.1845293213690566E-06   0.1181310617158416E-06   0.3021597308193178E-03
  0.4442500000000000E+02   0.9986662672095515E+00   0.3059442319704223E-03  -0.6670771753435334E-03   0.1530742283090494E-03   0.1875528670663754E-06   0.1171840764089166E-06   0.3067619344773104E-03
  0.4447499999999999E+02   0.9986726409232408E+00   0.3106171683872068E-03  -0.6638878355010869E-03   0.1554117601706745E-03   0.1906312204350590E-06   0.1163021664077213E-06   0.3114433840170208E-03
  0.4452500000000000E+02   0.9986787129559189E+00   0.3153538398967342E-03  -0.6608494355768713E-03   0.1577811895584314E-03   0.1937551908554521E-06   0.1154805219810175E-06   0.3161888088032364E-03
  0.4457500000000000E+02   0.9986845036512705E+00   0.3201474953946554E-03  -0.6579517959696135E-03   0.1601791378487522E-03   0.1969207566810902E-06   0.1147149442581399E-06   0.3209914331258146E-03
  0.4462500000000000E+02   0.9986900296040199E+00   0.3249990933456364E-03  -0.6551866123692962E-03   0.1626060840021462E-03   0.2001286253787993E-06   0.1140022386481625E-06   0.3258522132636588E-03
  0.4467500000000000E+02   0.9986953013983079E+00   0.3299158102076626E-03  -0.6525485873463133E-03   0.1650656184399637E-03   0.2033833408012071E-06   0.1133405266725347E-06   0.3307783432244170E-03
  0.4472499999999999E+02   0.9987003218074002E+00   0.3349089075008480E-03  -0.6500363311733315E-03   0.1675633760326193E-03   0.2066919884649082E-06   0.1127294447431911E-06   0.3357811174407763E-03
  0.4477500000000000E+02   0.9987050846281277E+00   0.3399911029443613E-03  -0.6476529451266977E-03   0.1701057209433325E-03   0.2100625855679673E-06   0.1121702081989214E-06   0.3408732961051182E-03
  0.4482500000000000E+02   0.9987095742737558E+00   0.3451736296641594E-03  -0.6454062253727910E-03   0.1726982753741173E-03   0.2135022671463378E-06   0.1116655296836603E-06   0.3460661575085619E-03
  0.4487500000000000E+02   0.9987137661969633E+00   0.3504631883255779E-03  -0.6433084515719001E-03   0.1753443946938312E-03   0.2170153936967609E-06   0.1112193911661145E-06   0.3513664426610681E-03
  0.4492500000000000E+02   0.9987176281662049E+00   0.3558590052472144E-03  -0.6413757485441707E-03   0.1780436955321027E-03   0.2206017118092559E-06   0.1108366777651072E-06   0.3567734056941620E-03
  0.4497499999999999E+02   0.9987211223750728E+00   0.3613502115947467E-03  -0.6396270311864738E-03   0.1807907444445084E-03   0.2242547017952958E-06   0.1105226891674034E-06   0.3622761855936665E-03
  0.4502500000000000E+02   0.9987242083218826E+00   0.3669137594674269E-03  -0.6380825640284193E-03   0.1835740151119651E-03   0.2279602479289126E-06   0.1102825516041656E-06   0.3678517155282470E-03
  0.4507500000000000E+02   0.9987268463492912E+00   0.3725130907196060E-03  -0.6367621905363219E-03   0.1863752220544601E-03   0.2316957681303646E-06   0.1101205611640484E-06   0.3734633860880396E-03
  0.4512499999999999E+02   0.9987290016750695E+00   0.3780977688246707E-03  -0.6356833166237807E-03   0.1891691360761591E-03   0.2354299376744360E-06   0.1100394984417364E-06   0.3790606732478955E-03
  0.4517500000000000E+02   0.9987306486725845E+00   0.3836042628951508E-03  -0.6348587691298313E-03   0.1919239760667877E-03   0.2391231294691697E-06   0.1100399650682528E-06   0.3845799207135968E-03
  0.4522500000000000E+02   0.9987317750773685E+00   0.3889580230575815E-03  -0.6342946911371827E-03   0.1946024468276958E-03   0.2427286633663757E-06   0.1101198031668922E-06   0.3899464164031268E-03
  0.4527500000000000E+02   0.9987323857176537E+00   0.3940768959288402E-03  -0.6339886752808610E-03   0.1971634473572239E-03   0.2461949012511141E-06   0.1102736664426745E-06   0.3950778123004295E-03
  0.4532500000000000E+02   0.9987325053139608E+00   0.3988757930848046E-03  -0.6339283626279890E-03   0.1995644060795871E-03   0.2494681399846129E-06   0.1104928126063795E-06   0.3998888008835246E-03
  0.4537500000000000E+02   0.9987321798925893E+00   0.4032723520313563E-03  -0.6340907348567626E-03   0.2017641127702123E-03   0.2524961452558159E-06   0.1107651772197586E-06   0.4042967876209064E-03
  0.4542500000000000E+02   0.9987314764340949E+00   0.4071931424441884E-03  -0.6344422893562740E-03   0.2037258234999565E-03   0.2552320509081494E-06   0.1110757662545263E-06   0.4082281118165245E-03
  0.4547499999999999E+02   0.9987304805413091E+00   0.4105798092997781E-03  -0.6349402051206710E-03   0.2054203342790721E-03   0.2576382446998035E-06   0.1114073690675464E-06   0.4116242063828898E-03
  0.4552500000000000E+02   0.9987292921505454E+00   0.4133944544757678E-03  -0.6355344877196911E-03   0.2068286739932559E-03   0.2596898014863634E-06   0.1117415494969113E-06   0.4144469965453266E-03
  0.4557500000000000E+02   0.9987280195869831E+00   0.4156235774095000E-03  -0.6361709428731599E-03   0.2079440766840790E-03   0.2613770328507271E-06   0.1120598285534010E-06   0.4166828561279087E-03
  0.4562500000000000E+02   0.9987267725238570E+00   0.4172800384684161E-03  -0.6367946987402284E-03   0.2087729647514020E-03   0.2627068084579135E-06   0.1123449378361823E-06   0.4183445830786629E-03
  0.4567500000000000E+02   0.9987256545840961E+00   0.4184027579486761E-03  -0.6373539074244761E-03   0.2093347993266488E-03   0.2637024585015520E-06   0.1125820072952178E-06   0.4194711054737106E-03
  0.4572500000000000E+02   0.9987247563776493E+00   0.4190541697968044E-03  -0.6378032288276714E-03   0.2096608072382173E-03   0.2644022581879874E-06   0.1127595589028353E-06   0.4201249360842204E-03
  0.4577500000000000E+02   0.9987241496853051E+00   0.4193157454125496E-03  -0.6381067411664887E-03   0.2097917422312336E-03   0.2648566824582294E-06   0.1128702075664022E-06   0.4203876907280391E-03
  0.4582500000000000E+02   0.9987238833045413E+00   0.4192821261105051E-03  -0.6382400201262461E-03   0.2097749498234498E-03   0.2651247620844797E-06   0.1129110148036444E-06   0.4203542097275388E-03
  0.4587500000000000E+02   0.9987239808168413E+00   0.4190545132198442E-03  -0.6381912567392511E-03   0.2096610604655899E-03   0.2652699452000654E-06   0.1128834886344207E-06   0.4201259328827951E-03
  0.4592500000000000E+02   0.9987244402804398E+00   0.4187339559610100E-03  -0.6379614119043087E-03   0.2095006312990434E-03   0.2653558663614031E-06   0.1127932644344355E-06   0.4198041698882940E-03
  0.4597500000000000E+02   0.9987252356492101E+00   0.4184150734396157E-03  -0.6375635071795838E-03   0.2093410049050916E-03   0.2654423629670312E-06   0.1126495290524488E-06   0.4194838043277626E-03
  0.4602500000000000E+02   0.9987263195961965E+00   0.4181805910648822E-03  -0.6370212126621810E-03   0.2092235753881524E-03   0.2655819827432315E-06   0.1124642619503237E-06   0.4192478130668999E-03
  0.4607500000000000E+02   0.9987276273820334E+00   0.4180969091423397E-03  -0.6363669119417992E-03   0.2091815708014159E-03   0.2658171247504430E-06   0.1122513645061626E-06   0.4191628198633646E-03
  0.4612500000000000E+02   0.9987290814364678E+00   0.4182107884565327E-03  -0.6356394101431073E-03   0.2092383943978607E-03   0.2661778729384873E-06   0.1120257367857794E-06   0.4192757686117513E-03
  0.4617500000000000E+02   0.9987305963864387E+00   0.4185471544264807E-03  -0.6348814184419238E-03   0.2094065255251968E-03   0.2666805286873717E-06   0.1118023458439255E-06   0.4196117180242309E-03
  0.4622499999999999E+02   0.9987320843357561E+00   0.4191079912516287E-03  -0.6341369126221519E-03   0.2096869658709689E-03   0.2673268295129997E-06   0.1115953161651693E-06   0.4201727291436573E-03
  0.4627500000000000E+02   0.9987334602534922E+00   0.4198723101201731E-03  -0.6334484371759430E-03   0.2100692230811461E-03   0.2681038490217071E-06   0.1114170648213258E-06   0.4209378296600045E-03
  0.4632500000000000E+02   0.9987346473436651E+00   0.4207972116192741E-03  -0.6328544186968710E-03   0.2105318418160067E-03   0.2689845961588489E-06   0.1112775030052794E-06   0.4218640751219262E-03
  0.4637500000000000E+02   0.9987355822414157E+00   0.4218200977891416E-03  -0.6323865659950689E-03   0.2110435099751195E-03   0.2699293545054403E-06   0.1111833314796867E-06   0.4228887625718507E-03
  0.4642500000000000E+02   0.9987362198158896E+00   0.4228620989358097E-03  -0.6320674668700565E-03   0.2115647726778503E-03   0.2708878088986609E-06   0.1111374679625584E-06   0.4239328619517510E-03
  0.4647500000000000E+02   0.9987365372743985E+00   0.4238327431716058E-03  -0.6319085343192699E-03   0.2120503680230622E-03   0.2718019832181536E-06   0.1111386557020950E-06   0.4249056935623075E-03
  0.4652500000000001E+02   0.9987365371836535E+00   0.4246358003658065E-03  -0.6319084943877673E-03   0.2124521505014561E-03   0.2726099515503384E-06   0.1111813094434078E-06   0.4257107835160841E-03
  0.4657500000000000E+02   0.9987362489862257E+00   0.4251760789982927E-03  -0.6320526267195037E-03   0.2127224913085402E-03   0.2732501861381609E-06   0.1112556523702039E-06   0.4262526756907282E-03
  0.4662500000000000E+02   0.9987357286274390E+00   0.4253667655491053E-03  -0.6323129503741365E-03   0.2128179503206125E-03   0.2736662828011900E-06   0.1113481813038378E-06   0.4264442893828012E-03
  0.4667500000000000E+02   0.9987350560414603E+00   0.4251367119718137E-03  -0.6326494806859762E-03   0.2127029223792905E-03   0.2738116836651289E-06   0.1114424662570678E-06   0.4262142271825368E-03
  0.4672500000000000E+02   0.9987343304738727E+00   0.4244369502915923E-03  -0.6330125686432320E-03   0.2123528971987107E-03   0.2736539321457591E-06   0.1115202475417049E-06   0.4255133104587760E-03
  0.4677499999999999E+02   0.9987336639095112E+00   0.4232456950877880E-03  -0.6333461884359126E-03   0.2117569630092907E-03   0.2731779792844592E-06   0.1115627468494276E-06   0.4243196010840689E-03
  0.4682500000000000E+02   0.9987331731690914E+00   0.4215712143915176E-03  -0.6335918913329408E-03   0.2109192439184316E-03   0.2723881337654252E-06   0.1115520691049591E-06   0.4226412876488641E-03
  0.4687500000000000E+02   0.9987329714637501E+00   0.4194522009563546E-03  -0.6336930311356959E-03   0.2098590867189516E-03   0.2713084070962643E-06   0.1114725504572458E-06   0.4205170661342348E-03
  0.4692500000000000E+02   0.9987331602911940E+00   0.4169556124131962E-03  -0.6335988190726560E-03   0.2086099812443613E-03   0.2699812213015927E-06   0.1113119116645461E-06   0.4180139823003948E-03
  0.4697499999999999E+02   0.9987338224920604E+00   0.4141722955302809E-03  -0.6332677985024793E-03   0.2072173718540259E-03   0.2684646710644770E-06   0.1110621056827479E-06   0.4152230507909707E-03
  0.4702500000000000E+02   0.9987350170761690E+00   0.4112109871596494E-03  -0.6326704342745071E-03   0.2057356564469347E-03   0.2668287140259083E-06   0.1107197965753494E-06   0.4122532443986819E-03
  0.4707500000000000E+02   0.9987367761302826E+00   0.4081914344921727E-03  -0.6317906607050672E-03   0.2042247445323668E-03   0.2651507637652149E-06   0.1102864621097065E-06   0.4092245978534094E-03
  0.4712500000000000E+02   0.9987391038056102E+00   0.4052373804633957E-03  -0.6306263889348518E-03   0.2027465475548514E-03   0.2635111662523678E-06   0.1097681618997122E-06   0.4062611741871196E-03
  0.4717500000000000E+02   0.9987419771227909E+00   0.4024700369566545E-03  -0.6291891047995879E-03   0.2013617130743174E-03   0.2619889645378835E-06   0.1091750471111482E-06   0.4034845185459355E-03
  0.4722500000000000E+02   0.9987453481682572E+00   0.4000024666526436E-03  -0.6275027703640523E-03   0.2001268134561897E-03   0.2606582284047683E-06   0.1085207023416794E-06   0.4010080221423507E-03
  0.4727500000000000E+02   0.9987491472009680E+00   0.3979350702644078E-03  -0.6256022697863628E-03   0.1990920875940993E-03   0.2595850818281045E-06   0.1078214065245757E-06   0.3989323943139627E-03
  0.4732500000000000E+02   0.9987532862279435E+00   0.3963521774103790E-03  -0.6235316204766805E-03   0.1982997348602070E-03   0.2588254325299962E-06   0.1070953825401261E-06   0.3973422414921060E-03
  0.4737500000000000E+02   0.9987576627106731E+00   0.3953195967256871E-03  -0.6213421186815893E-03   0.1977826890779138E-03   0.2584233146170127E-06   0.1063620810715903E-06   0.3963036086383707E-03
  0.4742500000000000E+02   0.9987621631983707E+00   0.3948829052915311E-03  -0.6190905216314491E-03   0.1975637624985463E-03   0.2584097050317599E-06   0.1056415190665426E-06   0.3958622627622092E-03
  0.4747500000000000E+02   0.9987666668190242E+00   0.3950662458589868E-03  -0.6168373008575978E-03   0.1976550439332941E-03   0.2588016657025114E-06   0.1049536713612677E-06   0.3960424863001122E-03
  0.4752500000000000E+02   0.9987710486741482E+00   0.3958714412611769E-03  -0.6146449437514079E-03   0.1980574556442725E-03   0.2596016888048060E-06   0.1043178982470276E-06   0.3968461890047415E-03
  0.4757500000000000E+02   0.9987751832648999E+00   0.3972773146258370E-03  -0.6125762395237100E-03   0.1987604132194146E-03   0.2607971734837307E-06   0.1037523832598555E-06   0.3982522263046730E-03
  0.4762500000000000E+02   0.9987789481179010E+00   0.3992392074019572E-03  -0.6106924653428436E-03   0.1997415843815761E-03   0.2623600297118253E-06   0.1032735546622321E-06   0.4002159156959743E-03
  0.4767500000000000E+02   0.9987822277736974E+00   0.4016888011541132E-03  -0.6090513911225504E-03   0.2009667996859748E-03   0.2642464798657491E-06   0.1028954709497756E-06   0.4026688569371651E-03
  0.4772500000000000E+02   0.9987849182458026E+00   0.4045344589350790E-03  -0.6077050489107227E-03   0.2023902230279238E-03   0.2663972015407266E-06   0.1026291649475775E-06   0.4055192719911011E-03
  0.4777500000000000E+02   0.9987869319525987E+00   0.4076623902040200E-03  -0.6066972656791902E-03   0.2039549340027913E-03   0.2687380144463930E-06   0.1024819618515273E-06   0.4086531691473674E-03
  0.4782500000000000E+02   0.9987882029723152E+00   0.4109389880361754E-03  -0.6060610343647799E-03   0.2055940965889257E-03   0.2711813454888668E-06   0.1024568120723458E-06   0.4119366808537251E-03
  0.4787499999999999E+02   0.9987886922871826E+00   0.4142146645397075E-03  -0.6058158901223187E-03   0.2072328772398414E-03   0.2736286930367115E-06   0.1025517064763104E-06   0.4152199022007572E-03
  0.4792500000000000E+02   0.9987883924950971E+00   0.4173293985161525E-03  -0.6059655526903240E-03   0.2087912195448246E-03   0.2759742392447352E-06   0.1027592641227857E-06   0.4183424452248641E-03
  0.4797500000000000E+02   0.9987873313193527E+00   0.4201199990922556E-03  -0.6064961697377358E-03   0.2101874774461257E-03   0.2781096213347216E-06   0.1030665937734978E-06   0.4211407137530723E-03
  0.4802500000000000E+02   0.9987855731923438E+00   0.4224287940795751E-03  -0.6073755234599076E-03   0.2113427614601589E-03   0.2799296773320861E-06   0.1034555229858333E-06   0.4234566081013599E-03
  0.4807500000000000E+02   0.9987832182765300E+00   0.4241131172029298E-03  -0.6085535190453184E-03   0.2121856849467303E-03   0.2813387581901568E-06   0.1039032575133703E-06   0.4251470335566072E-03
  0.4812499999999999E+02   0.9987803985397379E+00   0.4250546690480281E-03  -0.6099641467511852E-03   0.2126570476986642E-03   0.2822569959912415E-06   0.1043834793551073E-06   0.4260932862704476E-03
  0.4817500000000000E+02   0.9987772709024985E+00   0.4251676519910713E-03  -0.6115289089509979E-03   0.2127139066988179E-03   0.2826257966496788E-06   0.1048678218606183E-06   0.4262092145516990E-03
  0.4822500000000000E+02   0.9987740079510928E+00   0.4244046046266834E-03  -0.6131614654003581E-03   0.2123324964179975E-03   0.2824118361336254E-06   0.1053275896538727E-06   0.4254470779941726E-03
  0.4827500000000000E+02   0.9987707871503538E+00   0.4227591150396068E-03  -0.6147730296092169E-03   0.2115095879099542E-03   0.2816090022258998E-06   0.1057355381121540E-06   0.4238002804495477E-03
  0.4832500000000000E+02   0.9987677797777385E+00   0.4202650367574895E-03  -0.6162779052840683E-03   0.2102620982642236E-03   0.2802380156011606E-06   0.1060675074448711E-06   0.4213025978155007E-03
  0.4837500000000000E+02   0.9987651408530529E+00   0.4169923665836771E-03  -0.6175985252412364E-03   0.2086250298025731E-03   0.2783438192452040E-06   0.1063037270916437E-06   0.4180240581248730E-03
  0.4842500000000000E+02   0.9987630011419897E+00   0.4130404394538719E-03  -0.6186694532396286E-03   0.2066480665732959E-03   0.2759911575621643E-06   0.1064296624083598E-06   0.4140641289358850E-03
  0.4847499999999999E+02   0.9987614619244150E+00   0.4085294363189220E-03  -0.6194400028439739E-03   0.2043913263232199E-03   0.2732589982452431E-06   0.1064363524626681E-06   0.4095432094550047E-03
  0.4852500000000000E+02   0.9987605927469929E+00   0.4035913237987911E-03  -0.6198753632261633E-03   0.2019208276457754E-03   0.2702345378138902E-06   0.1063202656592816E-06   0.4045935487454287E-03
  0.4857500000000000E+02   0.9987604319399171E+00   0.3983612530147304E-03  -0.6199563418949339E-03   0.1993041864016911E-03   0.2670074768023199E-06   0.1060827615774759E-06   0.3993506205753854E-03
  0.4862499999999999E+02   0.9987609893561076E+00   0.3929701983159137E-03  -0.6196779952122311E-03   0.1966069321475149E-03   0.2636650908186272E-06   0.1057292828179335E-06   0.3939457386424370E-03
  0.4867500000000000E+02   0.9987622506266585E+00   0.3875392988535816E-03  -0.6190474999711038E-03   0.1938896763462032E-03   0.2602884146062313E-06   0.1052684085240710E-06   0.3885003775118930E-03
  0.4872499999999999E+02   0.9987641822099357E+00   0.3821760564319397E-03  -0.6180816275741519E-03   0.1912062092609922E-03   0.2569496506724590E-06   0.1047108871191089E-06   0.3831223541938834E-03
  0.4877500000000000E+02   0.9987667366039509E+00   0.3769722960286734E-03  -0.6168041362483168E-03   0.1886024788033693E-03   0.2537107485880844E-06   0.1040687385807393E-06   0.3779037773487032E-03
  0.4882500000000000E+02   0.9987698572422766E+00   0.3720036341229554E-03  -0.6152433213909569E-03   0.1861163238867509E-03   0.2506229918501760E-06   0.1033544851144475E-06   0.3729205091203075E-03
  0.4887500000000000E+02   0.9987734827581606E+00   0.3673301220483045E-03  -0.6134298818906148E-03   0.1837777958157336E-03   0.2477273751943667E-06   0.1025805400100351E-06   0.3682328061847095E-03
  0.4892500000000000E+02   0.9987775504489064E+00   0.3629977191360023E-03  -0.6113951865068801E-03   0.1816098949836162E-03   0.2450555449630463E-06   0.1017587614783728E-06   0.3638867938970986E-03
  0.4897499999999999E+02   0.9987819988875594E+00   0.3590402803171146E-03  -0.6091699668542283E-03   0.1796295650947721E-03   0.2426310934156039E-06   0.1009001624673135E-06   0.3599164572653038E-03
  0.4902500000000000E+02   0.9987867697082110E+00   0.3554817938939691E-03  -0.6067834238561165E-03   0.1778488126584582E-03   0.2404710306455357E-06   0.1000147582081822E-06   0.3563458835887568E-03
  0.4907500000000000E+02   0.9987918086391691E+00   0.3523386616110946E-03  -0.6042627105399268E-03   0.1762758477270976E-03   0.2385872945143899E-06   0.9911152904426722E-07   0.3531915481563890E-03
  0.4912500000000000E+02   0.9987970658825125E+00   0.3496218653421949E-03  -0.6016327418889578E-03   0.1749161679648308E-03   0.2369881932442136E-06   0.9819847526286326E-07   0.3504644867393365E-03
  0.4917500000000000E+02   0.9988024959471937E+00   0.3473389082466949E-03  -0.5989162781373514E-03   0.1737735299191254E-03   0.2356797039991490E-06   0.9728274173895726E-07   0.3481722422995982E-03
  0.4922499999999999E+02   0.9988080570424767E+00   0.3454954522949322E-03  -0.5961342280765836E-03   0.1728507684068627E-03   0.2346665732997035E-06   0.9637079215182133E-07   0.3463205075083490E-03
  0.4927500000000000E+02   0.9988137101338155E+00   0.3440965997415575E-03  -0.5933061212824997E-03   0.1721504377792947E-03   0.2339531821492400E-06   0.9546861469936353E-07   0.3449144104500659E-03
  0.4932500000000000E+02   0.9988194177570725E+00   0.3431477852752228E-03  -0.5904507012818305E-03   0.1716752584143349E-03   0.2335441515008160E-06   0.9458194328323594E-07   0.3439594101157732E-03
  0.4937500000000000E+02   0.9988251426806998E+00   0.3426552599214208E-03  -0.5875865948121728E-03   0.1714283589664097E-03   0.2334446732886466E-06   0.9371647993492415E-07   0.3434617826965043E-03
  0.4942500000000000E+02   0.9988308464998301E+00   0.3426261585876449E-03  -0.5847330151729224E-03   0.1714133103156041E-03   0.2336605595206529E-06   0.9287810577017404E-07   0.3434286905433303E-03
  0.4947500000000000E+02   0.9988364882415960E+00   0.3430681511994335E-03  -0.5819104599871228E-03   0.1716339511912038E-03   0.2341980073873946E-06   0.9207306897038161E-07   0.3438678337490715E-03
  0.4952500000000000E+02   0.9988420230580112E+00   0.3439886832269959E-03  -0.5791413651810018E-03   0.1720940083724462E-03   0.2350630823413678E-06   0.9130813913335369E-07   0.3447866901751305E-03
  0.4957500000000000E+02   0.9988474010823204E+00   0.3453938157246237E-03  -0.5764506772133471E-03   0.1727965165312864E-03   0.2362609240887246E-06   0.9059071772490205E-07   0.3461913540753405E-03
  0.4962500000000000E+02   0.9988525665279385E+00   0.3472866790092286E-03  -0.5738663039753789E-03   0.1737430447835657E-03   0.2377946832308193E-06   0.8992889419182117E-07   0.3480849874689311E-03
  0.4967500000000000E+02   0.9988574571169111E+00   0.3496655598478005E-03  -0.5714194008785700E-03   0.1749327398853196E-03   0.2396642003034292E-06   0.8933143653645121E-07   0.3504659041471551E-03
  0.4972499999999999E+02   0.9988620039375292E+00   0.3525216525647069E-03  -0.5691444422968317E-03   0.1763612012798987E-03   0.2418644462970185E-06   0.8880770390735692E-07   0.3533253167261806E-03
  0.4977500000000000E+02   0.9988661318472342E+00   0.3558365237839830E-03  -0.5670790202705334E-03   0.1780192128528054E-03   0.2443837571583149E-06   0.8836746737637192E-07   0.3566447964559777E-03
  0.4982500000000000E+02   0.9988697605540522E+00   0.3595793730233031E-03  -0.5652633038222277E-03   0.1798913725032018E-03   0.2472019173808282E-06   0.8802062422287765E-07   0.3603935280066760E-03
  0.4987500000000000E+02   0.9988728065213990E+00   0.3637042210447923E-03  -0.5637390864254854E-03   0.1819546854905655E-03   0.2502881824272665E-06   0.8777679179194464E-07   0.3645254911845963E-03
  0.4992500000000000E+02   0.9988751858376691E+00   0.3681472267548870E-03  -0.5625483508644447E-03   0.1841772219699295E-03   0.2535993778965744E-06   0.8764477078219693E-07   0.3689767705087097E-03
  0.4997499999999999E+02   0.9988768181607887E+00   0.3728244193254513E-03  -0.5617312963380749E-03   0.1865169820888635E-03   0.2570782736679013E-06   0.8763187636577665E-07   0.3736632796160561E-03
  0.5002500000000000E+02   0.9988776317741871E+00   0.3776302258580985E-03  -0.5613238095139028E-03   0.1889211588736460E-03   0.2606524974798645E-06   0.8774315047428381E-07   0.3784792813499482E-03
  0.5007500000000000E+02   0.9988775696613655E+00   0.3824372573618722E-03  -0.5613544258880054E-03   0.1913260303948858E-03   0.2642343114888217E-06   0.8798049084438426E-07   0.3832971671428403E-03
  0.5012500000000000E+02   0.9988765963158902E+00   0.3870978570603067E-03  -0.5618409230074839E-03   0.1936577333698174E-03   0.2677216064746500E-06   0.8834176133180324E-07   0.3879690009042780E-03
  0.5017500000000000E+02   0.9988747047625195E+00   0.3914478763817944E-03  -0.5627868077283660E-03   0.1958341510676207E-03   0.2710004444491197E-06   0.8881998024796159E-07   0.3923302942841313E-03
  0.5022500000000000E+02   0.9988719230076061E+00   0.3953129863157307E-03  -0.5641780885500269E-03   0.1977680695693312E-03   0.2739493738162644E-06   0.8940271229828481E-07   0.3962063226779357E-03
  0.5027500000000000E+02   0.9988683189250904E+00   0.3985175310372401E-03  -0.5659808300861879E-03   0.1993716060256941E-03   0.2764455343799948E-06   0.9007180513527748E-07   0.3994209904149724E-03
  0.5032500000000000E+02   0.9988640025017472E+00   0.4008954978009205E-03  -0.5681400281752902E-03   0.2005616960280925E-03   0.2783722690011635E-06   0.9080360230273133E-07   0.4018078200511048E-03
  0.5037500000000000E+02   0.9988591244947177E+00   0.4023026751892798E-03  -0.5705802795320514E-03   0.2012661761056626E-03   0.2796276074911035E-06   0.9156972175597320E-07   0.4032221376161039E-03
  0.5042500000000000E+02   0.9988538709427721E+00   0.4026286180121417E-03  -0.5732085256446862E-03   0.2014297702677069E-03   0.2801326673854926E-06   0.9233841219908526E-07   0.4035530702801143E-03
  0.5047499999999999E+02   0.9988484535944228E+00   0.4018067785893044E-03  -0.5759188396922132E-03   0.2010191600160446E-03   0.2798388283491085E-06   0.9307639894495093E-07   0.4027337126381474E-03
  0.5052500000000000E+02   0.9988430970544346E+00   0.3998212275295101E-03  -0.5785988558305588E-03   0.2000263487812959E-03   0.2787325718449560E-06   0.9375102949803173E-07   0.4007478799017746E-03
  0.5057500000000000E+02   0.9988380241182786E+00   0.3967088191908777E-03  -0.5811371059082360E-03   0.1984697477302451E-03   0.2768371702763247E-06   0.9433245535353257E-07   0.3976322980141814E-03
  0.5062500000000000E+02   0.9988334411643469E+00   0.3925563862472538E-03  -0.5834303282394870E-03   0.1963927746245900E-03   0.2742109127424572E-06   0.9479556508529132E-07   0.3934738108514498E-03
  0.5067500000000000E+02   0.9988295254770417E+00   0.3874933945143209E-03  -0.5853898112098133E-03   0.1938601810319358E-03   0.2709421443093007E-06   0.9512142428431317E-07   0.3884020334500470E-03
  0.5072500000000000E+02   0.9988264159755982E+00   0.3816812273554107E-03  -0.5869460335586885E-03   0.1909526926032262E-03   0.2671419148795192E-06   0.9529807002849130E-07   0.3825786210112071E-03
  0.5077500000000001E+02   0.9988242081469255E+00   0.3753007119381899E-03  -0.5880512015918882E-03   0.1877607689148672E-03   0.2629353507772157E-06   0.9532062483658371E-07   0.3761847688549134E-03
  0.5082500000000000E+02   0.9988229532243674E+00   0.3685395666317512E-03  -0.5886796620054868E-03   0.1843783230847903E-03   0.2584529183145821E-06   0.9519080545583905E-07   0.3694086271319023E-03
  0.5087500000000000E+02   0.9988226610127676E+00   0.3615811811821807E-03  -0.5888264900520968E-03   0.1808971076000190E-03   0.2538225701775238E-06   0.9491597977076011E-07   0.3624340468849539E-03
  0.5092500000000000E+02   0.9988233053591224E+00   0.3545956669618943E-03  -0.5885047535847399E-03   0.1774022355398589E-03   0.2491634400355839E-06   0.9450795899821701E-07   0.3554315990519658E-03
  0.5097500000000000E+02   0.9988248311388966E+00   0.3477335873615290E-03  -0.5877420182778259E-03   0.1739690425969783E-03   0.2445813851091896E-06   0.9398170512753274E-07   0.3485522794272432E-03
  0.5102499999999999E+02   0.9988271617238260E+00   0.3411223236395512E-03  -0.5865766115134008E-03   0.1706612677279160E-03   0.2401663584399407E-06   0.9335409798985399E-07   0.3419238562909319E-03
  0.5107500000000000E+02   0.9988302061304445E+00   0.3348647183706805E-03  -0.5850540456828757E-03   0.1675303735081359E-03   0.2359913715504488E-06   0.9264285810567875E-07   0.3356495028857020E-03
  0.5112500000000000E+02   0.9988338653299393E+00   0.3290394801023778E-03  -0.5832238608940443E-03   0.1646157478832333E-03   0.2321126942734056E-06   0.9186567391046885E-07   0.3298081974457678E-03
  0.5117500000000000E+02   0.9988380374615787E+00   0.3237028034286240E-03  -0.5811370161515894E-03   0.1619455142472407E-03   0.2285709148466272E-06   0.9103954344684185E-07   0.3244563435971929E-03
  0.5122500000000000E+02   0.9988426218961299E+00   0.3188907159660909E-03  -0.5788438559001241E-03   0.1595377054036027E-03   0.2253925207987602E-06   0.9018031443284276E-07   0.3196301211172865E-03
  0.5127499999999999E+02   0.9988475222309062E+00   0.3146217652230152E-03  -0.5763926111348461E-03   0.1574016077351869E-03   0.2225917302518781E-06   0.8930239234089754E-07   0.3153481786915930E-03
  0.5132500000000000E+02   0.9988526483701941E+00   0.3108997709146125E-03  -0.5738283581835368E-03   0.1555391382256275E-03   0.2201723808482214E-06   0.8841858131988770E-07   0.3116143931439710E-03
  0.5137500000000000E+02   0.9988579178680685E+00   0.3077164706259881E-03  -0.5711923466028557E-03   0.1539461681860507E-03   0.2181297545560781E-06   0.8754002441229757E-07   0.3084205222682323E-03
  0.5142500000000000E+02   0.9988632567011358E+00   0.3050539680700232E-03  -0.5685216123658687E-03   0.1526137482492355E-03   0.2164522733956559E-06   0.8667621476331740E-07   0.3057486600145720E-03
  0.5147500000000000E+02   0.9988685996108843E+00   0.3028869502679352E-03  -0.5658488064418377E-03   0.1515292177609787E-03   0.2151230411815470E-06   0.8583505619733819E-07   0.3035734600853645E-03
  0.5152500000000000E+02   0.9988738901202563E+00   0.3011846740958172E-03  -0.5632021864141468E-03   0.1506771987757018E-03   0.2141212304600807E-06   0.8502295814423149E-07   0.3018641282664346E-03
  0.5157500000000000E+02   0.9988790802947330E+00   0.2999127374464288E-03  -0.5606057359559546E-03   0.1500404822782052E-03   0.2134233243693441E-06   0.8424495548928675E-07   0.3005861987211306E-03
  0.5162499999999999E+02   0.9988841302898761E+00   0.2990346503926600E-03  -0.5580793911635906E-03   0.1496008143277076E-03   0.2130042233394211E-06   0.8350484798781486E-07   0.2997031096569988E-03
  0.5167500000000000E+02   0.9988890077080168E+00   0.2985132121219323E-03  -0.5556393623862288E-03   0.1493395850127617E-03   0.2128382197836077E-06   0.8280535623361179E-07   0.2991775841660109E-03
  0.5172500000000000E+02   0.9988936867779882E+00   0.2983116848853197E-03  -0.5532985445932947E-03   0.1492384158409421E-03   0.2128998335995992E-06   0.8214829183864960E-07   0.2989728074982127E-03
  0.5177500000000000E+02   0.9988981473733969E+00   0.2983947413263204E-03  -0.5510670085210334E-03   0.1492796337443608E-03   0.2131644906233239E-06   0.8153473869308426E-07   0.2990533771224464E-03
  0.5182500000000000E+02   0.9989023738954762E+00   0.2987291503309900E-03  -0.5489525595729905E-03   0.1494466142669163E-03   0.2136090180217983E-06   0.8096524031853276E-07   0.2993859906762705E-03
  0.5187500000000000E+02   0.9989063540634954E+00   0.2992841621122968E-03  -0.5469613429733844E-03   0.1497239742821971E-03   0.2142119272471732E-06   0.8043998589118518E-07   0.2999398324578437E-03
  0.5192500000000000E+02   0.9989100776756068E+00   0.3000315575488469E-03  -0.5450984637198619E-03   0.1500975967438165E-03   0.2149534580404395E-06   0.7995898505446478E-07   0.3006866234135037E-03
  0.5197500000000000E+02   0.9989135354221547E+00   0.3009453403791604E-03  -0.5433685803044597E-03   0.1505544767618768E-03   0.2158153665162354E-06   0.7952221968904894E-07   0.3016003131670380E-03
  0.5202500000000000E+02   0.9989167178483190E+00   0.3020010728654793E-03  -0.5417764237429790E-03   0.1510823893093102E-03   0.2167804560398504E-06   0.7912975980093504E-07   0.3026564146786646E-03
  0.5207500000000000E+02   0.9989196145707115E+00   0.3031748840564088E-03  -0.5403271895777495E-03   0.1516693931251367E-03   0.2178318700962129E-06   0.7878183091404791E-07   0.3038310106821086E-03
  0.5212499999999999E+02   0.9989222138512969E+00   0.3044422122616194E-03  -0.5390267511381497E-03   0.1523032016307727E-03   0.2189521898711688E-06   0.7847882194620380E-07   0.3050994935892043E-03
  0.5217500000000000E+02   0.9989245026208301E+00   0.3057763771605184E-03  -0.5378816479364446E-03   0.1529704685879889E-03   0.2201224039421273E-06   0.7822122550812394E-07   0.3064351344251312E-03
  0.5222500000000000E+02   0.9989264670224093E+00   0.3071471096363375E-03  -0.5368988138723108E-03   0.1536560525705382E-03   0.2213208415421856E-06   0.7800950683673861E-07   0.3078076090962297E-03
  0.5227500000000000E+02   0.9989280935134291E+00   0.3085191965935764E-03  -0.5360850260842653E-03   0.1543423389135706E-03   0.2225221826067665E-06   0.7784390308766175E-07   0.3091816395296756E-03
  0.5232500000000000E+02   0.9989293705206951E+00   0.3098514209401778E-03  -0.5354460770532476E-03   0.1550087092753795E-03   0.2236966752328522E-06   0.7772416140523853E-07   0.3105159302174606E-03
  0.5237499999999999E+02   0.9989302905883563E+00   0.3110959897752646E-03  -0.5349857001276659E-03   0.1556312553837555E-03   0.2248097014745958E-06   0.7764923195089474E-07   0.3117625936206996E-03
  0.5242500000000000E+02   0.9989308528923055E+00   0.3121986411499885E-03  -0.5347043116591399E-03   0.1561828322087834E-03   0.2258218315408045E-06   0.7761694058752918E-07   0.3128672552666607E-03
  0.5247499999999999E+02   0.9989310659210234E+00   0.3130995945250095E-03  -0.5345976697906929E-03   0.1566335331843562E-03   0.2266894892467148E-06   0.7762367447914640E-07   0.3137700041465937E-03
  0.5252500000000000E+02   0.9989309500490481E+00   0.3137354548631025E-03  -0.5346555868651626E-03   0.1569516425040837E-03   0.2273663125064520E-06   0.7766412119051747E-07   0.3144072988047674E-03
  0.5257500000000000E+02   0.9989305396683861E+00   0.3140420901383748E-03  -0.5348608628760188E-03   0.1571050744248565E-03   0.2278052278747798E-06   0.7773110604918995E-07   0.3147148492408347E-03
  0.5262500000000000E+02   0.9989298845131673E+00   0.3139583780547204E-03  -0.5351886224153057E-03   0.1570632474904167E-03   0.2279611682393577E-06   0.7781557127512742E-07   0.3146313705468615E-03
  0.5267500000000000E+02   0.9989290498333323E+00   0.3134305711371423E-03  -0.5356062273439433E-03   0.1567992682330797E-03   0.2277942556228330E-06   0.7790673158639151E-07   0.3141029572534691E-03
  0.5272499999999999E+02   0.9989281151593018E+00   0.3124168833213935E-03  -0.5360738943293031E-03   0.1562922258428577E-03   0.2272731634167098E-06   0.7799242363278210E-07   0.3130876809226116E-03
  0.5277500000000000E+02   0.9989271715543079E+00   0.3108917888781290E-03  -0.5365460689998880E-03   0.1555293430967172E-03   0.2263782883830074E-06   0.7805964168468690E-07   0.3115599008197276E-03
  0.5282500000000000E+02   0.9989263174584753E+00   0.3088494815780947E-03  -0.5369735047189295E-03   0.1545077073341606E-03   0.2251043286166229E-06   0.7809522306899097E-07   0.3095137342341790E-03
  0.5287499999999999E+02   0.9989256534528353E+00   0.3063059947307700E-03  -0.5373058818541887E-03   0.1532353316103671E-03   0.2234618990328970E-06   0.7808661968801969E-07   0.3069651855992497E-03
  0.5292500000000000E+02   0.9989252764627621E+00   0.3032996360253879E-03  -0.5374947076945968E-03   0.1517313728225773E-03   0.2214779250932284E-06   0.7802267326427474E-07   0.3039525869889050E-03
  0.5297499999999999E+02   0.9989252740300395E+00   0.2998896218776758E-03  -0.5374961822355306E-03   0.1500254490449377E-03   0.2191947222337448E-06   0.7789430714817420E-07   0.3005352337616408E-03
  0.5302500000000000E+02   0.9989257192795673E+00   0.2961530565070692E-03  -0.5372737166203789E-03   0.1481561286474131E-03   0.2166678584383869E-06   0.7769505873640702E-07   0.2967903602811648E-03
  0.5307500000000000E+02   0.9989266670888620E+00   0.2921806324905505E-03  -0.5367998499523630E-03   0.1461687796242453E-03   0.2139630677804095E-06   0.7742140156731830E-07   0.2928088328790786E-03
  0.5312499999999999E+02   0.9989281517655266E+00   0.2880715811160128E-03  -0.5360574117263539E-03   0.1441130434230598E-03   0.2111525959923602E-06   0.7707283901741302E-07   0.2886900894202048E-03
  0.5317500000000000E+02   0.9989301863002146E+00   0.2839284452973349E-03  -0.5350398960258795E-03   0.1420402198331185E-03   0.2083113946968679E-06   0.7665178448785581E-07   0.2845368996531101E-03
  0.5322499999999999E+02   0.9989327630446877E+00   0.2798521880775584E-03  -0.5337511226718439E-03   0.1400008196334335E-03   0.2055135402622937E-06   0.7616326904548337E-07   0.2804504608738144E-03
  0.5327500000000000E+02   0.9989358555079785E+00   0.2759380140796640E-03  -0.5322043388775732E-03   0.1380424738433608E-03   0.2028291563736718E-06   0.7561453239393467E-07   0.2765262075665821E-03
  0.5332500000000000E+02   0.9989394208878696E+00   0.2722721106517323E-03  -0.5304209529078951E-03   0.1362083030637712E-03   0.2003219959615068E-06   0.7501455594485492E-07   0.2728505426874188E-03
  0.5337500000000000E+02   0.9989434029568190E+00   0.2689293496946890E-03  -0.5284290903058153E-03   0.1345357674605573E-03   0.1980477171835606E-06   0.7437358969174345E-07   0.2694985320405025E-03
  0.5342500000000000E+02   0.9989477349822363E+00   0.2659718589383929E-03  -0.5262621328550043E-03   0.1330559517781683E-03   0.1960527908912984E-06   0.7370271121194136E-07   0.2665324705521440E-03
  0.5347499999999999E+02   0.9989523424553508E+00   0.2634482866428855E-03  -0.5239573532551667E-03   0.1317931973362961E-03   0.1943739139252604E-06   0.7301343932382150E-07   0.2640011441367408E-03
  0.5352500000000000E+02   0.9989571455070914E+00   0.2613935472223926E-03  -0.5215547063708303E-03   0.1307649746991791E-03   0.1930377746511288E-06   0.7231740984478663E-07   0.2619395741773551E-03
  0.5357500000000000E+02   0.9989620609858749E+00   0.2598288396556389E-03  -0.5190957896357151E-03   0.1299818928811429E-03   0.1920610191879679E-06   0.7162610850734038E-07   0.2603690359387079E-03
  0.5362500000000000E+02   0.9989670042506887E+00   0.2587617649863397E-03  -0.5166229459286908E-03   0.1294477581753423E-03   0.1914502911042166E-06   0.7095064729018981E-07   0.2592971766961932E-03
  0.5367500000000000E+02   0.9989718907888667E+00   0.2581864233791488E-03  -0.5141784542039840E-03   0.1291596227847634E-03   0.1912022565041420E-06   0.7030156534180159E-07   0.2587181136170753E-03
  0.5372500000000000E+02   0.9989766378004363E+00   0.2580834369545082E-03  -0.5118037369028494E-03   0.1291077963298790E-03   0.1913035745096938E-06   0.6968863409454842E-07   0.2586124573182866E-03
  0.5377500000000000E+02   0.9989811658996763E+00   0.2584199161331438E-03  -0.5095385087877657E-03   0.1292758290797435E-03   0.1917308259002032E-06   0.6912064783707425E-07   0.2589472786826280E-03
  0.5382500000000000E+02   0.9989854010688334E+00   0.2591494596943168E-03  -0.5074197996787211E-03   0.1296405120097927E-03   0.1924504665924660E-06   0.6860518579038579E-07   0.2596761091470130E-03
  0.5387500000000000E+02   0.9989892769569432E+00   0.2602123466113640E-03  -0.5054808045790171E-03   0.1301719727391959E-03   0.1934189235860702E-06   0.6814833960685236E-07   0.2607391326949316E-03
  0.5392500000000000E+02   0.9989927375465800E+00   0.2615361327472155E-03  -0.5037495497500766E-03   0.1308339739290665E-03   0.1945829928126779E-06   0.6775441106759002E-07   0.2620637829556394E-03
  0.5397499999999999E+02   0.9989957401136362E+00   0.2630368957362889E-03  -0.5022474121684217E-03   0.1315845358607619E-03   0.1958807220385433E-06   0.6742559806510602E-07   0.2635659891849798E-03
  0.5402500000000000E+02   0.9989982582862376E+00   0.2646213618361143E-03  -0.5009875893284832E-03   0.1323770001522460E-03   0.1972429562180427E-06   0.6716170137805213E-07   0.2651523054419403E-03
  0.5407500000000000E+02   0.9990002848841186E+00   0.2661900842949820E-03  -0.4999736787719700E-03   0.1331616194522398E-03   0.1985956760854908E-06   0.6695989779502427E-07   0.2667230930403307E-03
  0.5412500000000000E+02   0.9990018341153676E+00   0.2676417150476740E-03  -0.4991985789695175E-03   0.1338876940704585E-03   0.1998631663483667E-06   0.6681463327519089E-07   0.2681767985062816E-03
  0.5417500000000000E+02   0.9990029426577073E+00   0.2688782253747173E-03  -0.4986439480831883E-03   0.1345061833816817E-03   0.2009719109405656E-06   0.6671768900479563E-07   0.2694151828376363E-03
  0.5422499999999999E+02   0.9990036691904808E+00   0.2698107119999911E-03  -0.4982804376540972E-03   0.1349726102112829E-03   0.2018549480435752E-06   0.6665846017957644E-07   0.2703491383019445E-03
  0.5427500000000000E+02   0.9990040920917824E+00   0.2703652197220513E-03  -0.4980688441178494E-03   0.1352499736590730E-03   0.2024562617698829E-06   0.6662446134576175E-07   0.2709045231416582E-03
  0.5432500000000000E+02   0.9990043052654697E+00   0.2704878794919318E-03  -0.4979621958628444E-03   0.1353113196678328E-03   0.2027346851516823E-06   0.6660203629731995E-07   0.2710273118986691E-03
  0.5437500000000000E+02   0.9990044123726036E+00   0.2701486554579622E-03  -0.4979086385762388E-03   0.1351416159069723E-03   0.2026667811061084E-06   0.6657721211842541E-07   0.2706873533590365E-03
  0.5442500000000000E+02   0.9990045200393067E+00   0.2693431411054588E-03  -0.4978548328119503E-03   0.1347386508412173E-03   0.2022482741747233E-06   0.6653660579201795E-07   0.2698801746922437E-03
  0.5447499999999999E+02   0.9990047308179260E+00   0.2680921240067162E-03  -0.4977494751832179E-03   0.1341128165874298E-03   0.2014938126825749E-06   0.6646827703872490E-07   0.2686265500622284E-03
  0.5452500000000000E+02   0.9990051367312673E+00   0.2664389877653450E-03  -0.4975465280865343E-03   0.1332858097745690E-03   0.2004351019945348E-06   0.6636242766825757E-07   0.2669699016770533E-03
  0.5457500000000000E+02   0.9990058141153603E+00   0.2644453512682540E-03  -0.4972078000009539E-03   0.1322884504835575E-03   0.1991176995756024E-06   0.6621187430680750E-07   0.2649719335509990E-03
  0.5462500000000000E+02   0.9990068202298614E+00   0.2621855789897657E-03  -0.4967046416176624E-03   0.1311579362506035E-03   0.1975969408958694E-06   0.6601226055227754E-07   0.2627071326142023E-03
  0.5467500000000000E+02   0.9990081917975870E+00   0.2597408858960010E-03  -0.4960186769321639E-03   0.1299348930817542E-03   0.1959335365209853E-06   0.6576201594206739E-07   0.2602568621084496E-03
  0.5472500000000000E+02   0.9990099453445247E+00   0.2571937066092877E-03  -0.4951416335866599E-03   0.1286605585037596E-03   0.1941893440871405E-06   0.6546210288573684E-07   0.2577037184916954E-03
  0.5477500000000000E+02   0.9990120789991694E+00   0.2546228395945398E-03  -0.4940744430801391E-03   0.1273743522094004E-03   0.1924237025053474E-06   0.6511561294868351E-07   0.2551266640319662E-03
  0.5482500000000000E+02   0.9990145753020641E+00   0.2520996704169653E-03  -0.4928258355034743E-03   0.1261119864535736E-03   0.1906905622079296E-06   0.6472727940473726E-07   0.2525972401940343E-03
  0.5487500000000000E+02   0.9990174045671439E+00   0.2496855777664866E-03  -0.4914106581198618E-03   0.1249041681227024E-03   0.1890364952297606E-06   0.6430296656233260E-07   0.2501769661140451E-03
  0.5492500000000000E+02   0.9990205283984246E+00   0.2474304687584247E-03  -0.4898481161437207E-03   0.1237758657538760E-03   0.1874995503539350E-06   0.6384918278535171E-07   0.2479158688450743E-03
  0.5497500000000000E+02   0.9990239030639853E+00   0.2453722911939149E-03  -0.4881600848433143E-03   0.1227460653266215E-03   0.1861088432748366E-06   0.6337264823005420E-07   0.2458519929065141E-03
  0.5502500000000000E+02   0.9990274825333757E+00   0.2435373272280717E-03  -0.4863695899804954E-03   0.1218279170080793E-03   0.1848847380473115E-06   0.6287993379073317E-07   0.2440116932392310E-03
  0.5507500000000000E+02   0.9990312210737917E+00   0.2419410717885346E-03  -0.4844995089606785E-03   0.1210291744698679E-03   0.1838394741571214E-06   0.6237717663642250E-07   0.2424105144845939E-03
  0.5512500000000000E+02   0.9990350753648000E+00   0.2405895230974190E-03  -0.4825715128294883E-03   0.1203528404009751E-03   0.1829781107158648E-06   0.6186987060780477E-07   0.2410544835226380E-03
  0.5517499999999999E+02   0.9990390061300164E+00   0.2394807462367727E-03  -0.4806052499206626E-03   0.1197979486414332E-03   0.1822996838963075E-06   0.6136272617227261E-07   0.2399416758468063E-03
  0.5522500000000000E+02   0.9990429793015954E+00   0.2386066023804177E-03  -0.4786177632278843E-03   0.1193604292118561E-03   0.1817984970982082E-06   0.6085959361517484E-07   0.2390639481069761E-03
  0.5527499999999999E+02   0.9990469667370073E+00   0.2379545593790949E-03  -0.4766231317530067E-03   0.1190340140541110E-03   0.1814654803348796E-06   0.6036344352745820E-07   0.2384087522819626E-03
  0.5532500000000000E+02   0.9990509465051718E+00   0.2375095115032441E-03  -0.4746323272928343E-03   0.1188111473630033E-03   0.1812895641191078E-06   0.5987639940359845E-07   0.2379609591073913E-03
  0.5537500000000000E+02   0.9990549027573040E+00   0.2372555385014266E-03  -0.4726532789790516E-03   0.1186838655689364E-03   0.1812590145308390E-06   0.5939981751085505E-07   0.2377046207644508E-03
  0.5542499999999999E+02   0.9990588252015166E+00   0.2371775303463259E-03  -0.4706911360427002E-03   0.1186446101394948E-03   0.1813626728714205E-06   0.5893440869823237E-07   0.2376245990572046E-03
  0.5547500000000000E+02   0.9990627082114071E+00   0.2372625990099355E-03  -0.4687487136806334E-03   0.1186869338525418E-03   0.1815910390543517E-06   0.5848039540290842E-07   0.2377079802742602E-03
  0.5552499999999999E+02   0.9990665496169634E+00   0.2375011972685813E-03  -0.4668270978479550E-03   0.1188060605227312E-03   0.1819371364213349E-06   0.5803769502745239E-07   0.2379451965879460E-03
  0.5557500000000000E+02   0.9990703492482222E+00   0.2378878706667105E-03  -0.4649263737432907E-03   0.1189992612283563E-03   0.1823970999288812E-06   0.5760611858064004E-07   0.2383307799794782E-03
  0.5562500000000001E+02   0.9990741073238393E+00   0.2384215840545949E-03  -0.4630464318878813E-03   0.1192660177312534E-03   0.1829704409727524E-06   0.5718557157358958E-07   0.2388636899863353E-03
  0.5567500000000000E+02   0.9990778227935213E+00   0.2391055877367226E-03  -0.4611877973000889E-03   0.1196079555979431E-03   0.1836599599370478E-06   0.5677624314366593E-07   0.2395471802269091E-03
  0.5572499999999999E+02   0.9990814917516869E+00   0.2399468171732504E-03  -0.4593524230551704E-03   0.1200285439891424E-03   0.1844712995836601E-06   0.5637876953199008E-07   0.2403881976123519E-03
  0.5577499999999999E+02   0.9990851060385050E+00   0.2409548500522677E-03  -0.4575443901312370E-03   0.1205325740292090E-03   0.1854121553530027E-06   0.5599435935673688E-07   0.2413963380848528E-03
  0.5582500000000000E+02   0.9990886521348006E+00   0.2421404712052539E-03  -0.4557704602696777E-03   0.1211254410006222E-03   0.1864911793073439E-06   0.5562487030803385E-07   0.2425824094260746E-03
  0.5587500000000001E+02   0.9990921104424586E+00   0.2435139165776259E-03  -0.4540404360153794E-03   0.1218122659831719E-03   0.1877166307141374E-06   0.5527282946613960E-07   0.2439566724574977E-03
  0.5592500000000000E+02   0.9990954550259536E+00   0.2450828820086365E-03  -0.4523672901057818E-03   0.1225968998316705E-03   0.1890948378794088E-06   0.5494139192288387E-07   0.2455268465204804E-03
  0.5597499999999999E+02   0.9990986538768996E+00   0.2468503932181122E-03  -0.4507670332482006E-03   0.1234808577089485E-03   0.1906285445319812E-06   0.5463423444920269E-07   0.2472959757777623E-03
  0.5602500000000000E+02   0.9991016697533439E+00   0.2488126443747641E-03  -0.4492582944113366E-03   0.1244622378800907E-03   0.1923152230729781E-06   0.5435538259217086E-07   0.2492602638599131E-03
  0.5607500000000000E+02   0.9991044616371170E+00   0.2509569287693694E-03  -0.4478615919655260E-03   0.1255346865492495E-03   0.1941454500865014E-06   0.5410897117472867E-07   0.2514070005376312E-03
  0.5612500000000000E+02   0.9991069868406059E+00   0.2532598100807017E-03  -0.4465982799763957E-03   0.1266864830057575E-03   0.1961014595154108E-06   0.5389894043385257E-07   0.2537127290900738E-03
  0.5617499999999998E+02   0.9991092037706509E+00   0.2556857169306533E-03  -0.4454891657889037E-03   0.1278998364567743E-03   0.1981560162348770E-06   0.5372867390687392E-07   0.2561418372978815E-03
  0.5622499999999999E+02   0.9991110753122411E+00   0.2581861821194274E-03  -0.4445528175567315E-03   0.1291505052807251E-03   0.2002717837810936E-06   0.5360059057479028E-07   0.2586457937624228E-03
  0.5627500000000000E+02   0.9991125727201376E+00   0.2606999797126205E-03  -0.4438036176510618E-03   0.1304078653387177E-03   0.2024013858965282E-06   0.5351571320005142E-07   0.2611632831335130E-03
  0.5632500000000000E+02   0.9991136797997945E+00   0.2631544198430136E-03  -0.4432496712784006E-03   0.1316355573390259E-03   0.2044883681664613E-06   0.5347324690208224E-07   0.2636215006181439E-03
  0.5637500000000000E+02   0.9991143970277900E+00   0.2654680200755227E-03  -0.4428907452441733E-03   0.1327928227499921E-03   0.2064692355822195E-06   0.5347021510483085E-07   0.2659388251881102E-03
  0.5642500000000000E+02   0.9991147451289906E+00   0.2675546623520239E-03  -0.4427164783293858E-03   0.1338365828366370E-03   0.2082766576077930E-06   0.5350121077895030E-07   0.2680289810391795E-03
  0.5647499999999999E+02   0.9991147675309576E+00   0.2693291559810240E-03  -0.4427051531395998E-03   0.1347242210974445E-03   0.2098437860506222E-06   0.5355832477081255E-07   0.2698066081191657E-03
  0.5652500000000000E+02   0.9991145311035668E+00   0.2707138725695690E-03  -0.4428233255967529E-03   0.1354169020476913E-03   0.2111094320966666E-06   0.5363130508101918E-07   0.2711939076040387E-03
  0.5657500000000000E+02   0.9991141247063995E+00   0.2716458415424948E-03  -0.4430265509514086E-03   0.1358831206015000E-03   0.2120236306170951E-06   0.5370797800506074E-07   0.2721277504042973E-03
  0.5662500000000000E+02   0.9991136553254372E+00   0.2720834665997341E-03  -0.4432613156927223E-03   0.1361020620789727E-03   0.2125529380924759E-06   0.5377492477639471E-07   0.2725664078598998E-03
  0.5667500000000000E+02   0.9991132419561841E+00   0.2720119263894506E-03  -0.4434680968647964E-03   0.1360663042597228E-03   0.2126847298928579E-06   0.5381836185432212E-07   0.2724949661600537E-03
  0.5672499999999999E+02   0.9991130078045484E+00   0.2714464187598610E-03  -0.4435852630971793E-03   0.1357834409132923E-03   0.2124298325919178E-06   0.5382513025451734E-07   0.2719285818417185E-03
  0.5677500000000000E+02   0.9991130717189247E+00   0.2704327066122109E-03  -0.4435533604831843E-03   0.1352763555882206E-03   0.2118230562159706E-06   0.5378367203135723E-07   0.2709130345518995E-03
  0.5682500000000000E+02   0.9991135399319960E+00   0.2690448658917039E-03  -0.4433192438076938E-03   0.1345820957787826E-03   0.2109215352236591E-06   0.5368486976368855E-07   0.2695224764139743E-03
  0.5687500000000000E+02   0.9991144991228439E+00   0.2673806095697175E-03  -0.4428395475415403E-03   0.1337495343681422E-03   0.2098011578774288E-06   0.5352264978523126E-07   0.2678547516271011E-03
  0.5692499999999999E+02   0.9991160115274236E+00   0.2655549387443147E-03  -0.4420831323089791E-03   0.1328361940128906E-03   0.2085516620910888E-06   0.5329429524793816E-07   0.2660250382373784E-03
  0.5697500000000000E+02   0.9991181124139862E+00   0.2636930607035045E-03  -0.4410323483474698E-03   0.1319047045933771E-03   0.2072711284128365E-06   0.5300046795872401E-07   0.2641587535434001E-03
  0.5702499999999999E+02   0.9991208098167419E+00   0.2619234871930905E-03  -0.4396831692385916E-03   0.1310193505998486E-03   0.2060605851437055E-06   0.5264498422905895E-07   0.2623846383722016E-03
  0.5707500000000000E+02   0.9991240860894511E+00   0.2603720239985774E-03  -0.4380444151013130E-03   0.1302430642461874E-03   0.2050192865214974E-06   0.5223441961497080E-07   0.2608287332331089E-03
  0.5712500000000001E+02   0.9991279006585774E+00   0.2591570659135038E-03  -0.4361363755545078E-03   0.1296350715269924E-03   0.2042409947427065E-06   0.5177762688968071E-07   0.2596096618597561E-03
  0.5717499999999999E+02   0.9991321933278732E+00   0.2583863053020232E-03  -0.4339891566738086E-03   0.1292492454220330E-03   0.2038113575988945E-06   0.5128524349869306E-07   0.2588353311500929E-03
  0.5722500000000000E+02   0.9991368875781274E+00   0.2581547116894385E-03  -0.4316410302477314E-03   0.1291330949868785E-03   0.2038062760845309E-06   0.5076924531650277E-07   0.2586009051141807E-03
  0.5727499999999999E+02   0.9991418934661767E+00   0.2585434747331782E-03  -0.4291369834199532E-03   0.1293272364667205E-03   0.2042910250657350E-06   0.5024257958353212E-07   0.2589877448685132E-03
  0.5732500000000000E+02   0.9991471099089065E+00   0.2596195246706663E-03  -0.4265275759542941E-03   0.1298651534044157E-03   0.2053198264795947E-06   0.4971888678489570E-07   0.2600629281554292E-03
  0.5737500000000001E+02   0.9991524263085949E+00   0.2614352363639120E-03  -0.4238681270020139E-03   0.1307730487091747E-03   0.2069355660673524E-06   0.4921230194464840E-07   0.2618789537590796E-03
  0.5742499999999999E+02   0.9991577236204275E+00   0.2640279637046562E-03  -0.4212181809729598E-03   0.1320696119740456E-03   0.2091693746562391E-06   0.4873731126455732E-07   0.2644732768310831E-03
  0.5747499999999999E+02   0.9991628750791121E+00   0.2674191227127532E-03  -0.4186411440350035E-03   0.1337655611239180E-03   0.2120398497938042E-06   0.4830862985275478E-07   0.2678673927811250E-03
  0.5752500000000001E+02   0.9991677468934157E+00   0.2716126348518967E-03  -0.4162039367917592E-03   0.1358628640848443E-03   0.2155517659311044E-06   0.4794105966995376E-07   0.2720652806860792E-03
  0.5757500000000000E+02   0.9991721992889129E+00   0.2765926564123705E-03  -0.4139764729438333E-03   0.1383536033429162E-03   0.2196942111037948E-06   0.4764928333998733E-07   0.2770511316141043E-03
  0.5762500000000001E+02   0.9991760883280868E+00   0.2823206610057617E-03  -0.4120307492909703E-03   0.1412185168742023E-03   0.2244381998759996E-06   0.4744754956641434E-07   0.2827864285805777E-03
  0.5767500000000000E+02   0.9991792689509454E+00   0.2887321172051118E-03  -0.4104393254082961E-03   0.1444253364402163E-03   0.2297339518860034E-06   0.4734921114912665E-07   0.2892066199908603E-03
  0.5772499999999999E+02   0.9991815996346520E+00   0.2957332128736712E-03  -0.4092729936449047E-03   0.1479271490239580E-03   0.2355081934840709E-06   0.4736608960501617E-07   0.2962178381403912E-03
  0.5777500000000000E+02   0.9991829489342232E+00   0.3031983068779239E-03  -0.4085975083023552E-03   0.1516611217954339E-03   0.2416620250731115E-06   0.4750766417093511E-07   0.3036943437961045E-03
  0.5782500000000000E+02   0.9991832039048266E+00   0.3109689975179345E-03  -0.4084693736056133E-03   0.1555480353675394E-03   0.2480700669718867E-06   0.4778011955361329E-07   0.3114775869469237E-03
  0.5787499999999999E+02   0.9991822800035997E+00   0.3188558142818343E-03  -0.4089308914081435E-03   0.1594931288082542E-03   0.2545816952316285E-06   0.4818533517241401E-07   0.3193778916306480E-03
  0.5792500000000000E+02   0.9991801315514355E+00   0.3266434703567293E-03  -0.4100049283651819E-03   0.1633887253610019E-03   0.2610251292524468E-06   0.4871995226258443E-07   0.3271797041558222E-03
  0.5797499999999999E+02   0.9991767612952592E+00   0.3341002648744483E-03  -0.4116901323839572E-03   0.1671189336531437E-03   0.2672148597272006E-06   0.4937470041201254E-07   0.3346509960243886E-03
  0.5802500000000000E+02   0.9991722272137533E+00   0.3409915541137861E-03  -0.4139575270947216E-03   0.1705663842955415E-03   0.2729623727790135E-06   0.5013418233225313E-07   0.3415567431156746E-03
  0.5807500000000001E+02   0.9991666446594765E+00   0.3470962859352060E-03  -0.4167494382700809E-03   0.1736204992131222E-03   0.2780893848252840E-06   0.5097728516871830E-07   0.3476754770257547E-03
  0.5812499999999999E+02   0.9991601823942392E+00   0.3522246192115255E-03  -0.4199814742927854E-03   0.1761863045897145E-03   0.2824420173232318E-06   0.5187829840254955E-07   0.3528169303401806E-03
  0.5817500000000000E+02   0.9991530520753771E+00   0.3562339480988039E-03  -0.4235477823993916E-03   0.1781924470651967E-03   0.2859037660789679E-06   0.5280868225431570E-07   0.3568380934130160E-03
  0.5822500000000000E+02   0.9991454920948186E+00   0.3590405357306972E-03  -0.4273291301395421E-03   0.1795970149015021E-03   0.2884050120022486E-06   0.5373927977984340E-07   0.3596548826340894E-03
  0.5827500000000000E+02   0.9991377479750982E+00   0.3606245900360598E-03  -0.4312027100490390E-03   0.1803900797092665E-03   0.2899273092311144E-06   0.5464264857640647E-07   0.3612472468163554E-03
  0.5832500000000000E+02   0.9991300523510731E+00   0.3610278699078216E-03  -0.4350521528253548E-03   0.1805925021107382E-03   0.2905016844425276E-06   0.5549514707898459E-07   0.3616567940193353E-03
  0.5837499999999999E+02   0.9991226076254902E+00   0.3603444203499646E-03  -0.4387762042680210E-03   0.1802513001562793E-03   0.2902013923753881E-06   0.5627846264431557E-07   0.3609775334613954E-03
  0.5842500000000000E+02   0.9991155736801743E+00   0.3587063275673985E-03  -0.4422948742750510E-03   0.1794325258701699E-03   0.2891306177279716E-06   0.5698039567914650E-07   0.3593416226279714E-03
  0.5847500000000000E+02   0.9991090618306820E+00   0.3562670961778256E-03  -0.4455524632297481E-03   0.1782129513083477E-03   0.2874111981679074E-06   0.5759487159724998E-07   0.3569027240977995E-03
  0.5852500000000000E+02   0.9991031349416636E+00   0.3531852684547799E-03  -0.4485175066695213E-03   0.1766718746561094E-03   0.2851694723114224E-06   0.5812129131098065E-07   0.3538195965848619E-03
  0.5857500000000000E+02   0.9990978126286837E+00   0.3496103695587819E-03  -0.4511801752110634E-03   0.1748840890133136E-03   0.2825249382258620E-06   0.5856341799844239E-07   0.3502420095086741E-03
  0.5862500000000000E+02   0.9990930799376576E+00   0.3456724524437529E-03  -0.4535479342971938E-03   0.1729146513047854E-03   0.2795817643374174E-06   0.5892802454814548E-07   0.3463002595371160E-03
  0.5867499999999999E+02   0.9990888978017205E+00   0.3414757085406835E-03  -0.4556403141885434E-03   0.1708156847826244E-03   0.2764235479296151E-06   0.5922350463082962E-07   0.3420987585332408E-03
  0.5872500000000000E+02   0.9990852137910385E+00   0.3370959845332156E-03  -0.4574835328540194E-03   0.1686251354893195E-03   0.2731112118894953E-06   0.5945860258570771E-07   0.3377135349161145E-03
  0.5877500000000001E+02   0.9990819720263422E+00   0.3325816595353656E-03  -0.4591055367515473E-03   0.1663672098748703E-03   0.2696836163393531E-06   0.5964136372421467E-07   0.3331931030522159E-03
  0.5882500000000000E+02   0.9990791214902336E+00   0.3279571580642006E-03  -0.4605318427932659E-03   0.1640541311834521E-03   0.2661603134521150E-06   0.5977836031285681E-07   0.3285619754237946E-03
  0.5887499999999999E+02   0.9990766222727918E+00   0.3232283288558569E-03  -0.4617824134640625E-03   0.1616888294858386E-03   0.2625458328271218E-06   0.5987421401708553E-07   0.3238260464385254E-03
  0.5892499999999999E+02   0.9990744495179010E+00   0.3183889363660614E-03  -0.4628696820427880E-03   0.1592681885988470E-03   0.2588348941488686E-06   0.5993141145674096E-07   0.3189790932863798E-03
  0.5897499999999999E+02   0.9990725950168748E+00   0.3134275460421937E-03  -0.4637977547394811E-03   0.1567864902432452E-03   0.2550179675250767E-06   0.5995039147062187E-07   0.3140096733931477E-03
  0.5902500000000001E+02   0.9990710665581423E+00   0.3083341244968701E-03  -0.4645627354056270E-03   0.1542387158081563E-03   0.2510866305180244E-06   0.5992986673833079E-07   0.3089077380237868E-03
  0.5907500000000000E+02   0.9990698853062761E+00   0.3031057353826920E-03  -0.4651540361735318E-03   0.1516233959259393E-03   0.2470382157475977E-06   0.5986732683644339E-07   0.3036703412672177E-03
  0.5912499999999999E+02   0.9990690816483545E+00   0.2977508147511595E-03  -0.4655564549599367E-03   0.1489447495651722E-03   0.2428793235121689E-06   0.5975965571838566E-07   0.2983059267132541E-03
  0.5917500000000000E+02   0.9990686900864901E+00   0.2922916719365056E-03  -0.4657527303003617E-03   0.1462139355079236E-03   0.2386279034784406E-06   0.5960378725543262E-07   0.2928368366275825E-03
  0.5922499999999999E+02   0.9990687438371401E+00   0.2867650786288191E-03  -0.4657262430390885E-03   0.1434493474400592E-03   0.2343137845394072E-06   0.5939732154908346E-07   0.2872999054606297E-03
  0.5927500000000001E+02   0.9990692697908281E+00   0.2812210505962238E-03  -0.4654635378693595E-03   0.1406760048490222E-03   0.2299777289361180E-06   0.5913903442492761E-07   0.2817452418658393E-03
  0.5932500000000001E+02   0.9990702843811566E+00   0.2757201480452159E-03  -0.4649563901012455E-03   0.1379242027620318E-03   0.2256692686668457E-06   0.5882923216903302E-07   0.2762335255234708E-03
  0.5937499999999999E+02   0.9990717907278800E+00   0.2703297762516140E-03  -0.4642032351215297E-03   0.1352276612436342E-03   0.2214437115489961E-06   0.5846992947895492E-07   0.2708323012244023E-03
  0.5942500000000000E+02   0.9990737771961036E+00   0.2651200286908784E-03  -0.4632098894250536E-03   0.1326214459107349E-03   0.2173587566810698E-06   0.5806485523936513E-07   0.2656118135934884E-03
  0.5947499999999999E+02   0.9990762173015686E+00   0.2601595773502082E-03  -0.4619895982117539E-03   0.1301399119607421E-03   0.2134711312680012E-06   0.5761931258987295E-07   0.2606408883713309E-03
  0.5952500000000000E+02   0.9990790707318776E+00   0.2555120010964200E-03  -0.4605625246605349E-03   0.1278148672861765E-03   0.2098335701094724E-06   0.5713993310364790E-07   0.2559832522202976E-03
  0.5957500000000000E+02   0.9990822851678901E+00   0.2512327898382747E-03  -0.4589548388406195E-03   0.1256740736433528E-03   0.2064923353391298E-06   0.5663436863188193E-07   0.2516945295804929E-03
  0.5962499999999999E+02   0.9990857985791449E+00   0.2473671085854182E-03  -0.4571975694266373E-03   0.1237401279784614E-03   0.2034853489150578E-06   0.5611095983789325E-07   0.2478200010963346E-03
  0.5967500000000000E+02   0.9990895417160669E+00   0.2439482814469023E-03  -0.4553253569326010E-03   0.1220297039419549E-03   0.2008409086653123E-06   0.5557841049953545E-07   0.2443930837323167E-03
  0.5972500000000000E+02   0.9990934406055302E+00   0.2409968774811782E-03  -0.4533752052489071E-03   0.1205530945245625E-03   0.1985768940698767E-06   0.5504548456271402E-07   0.2414344143088114E-03
  0.5977500000000000E+02   0.9990974189505190E+00   0.2385202512789750E-03  -0.4513852811633967E-03   0.1193139822148963E-03   0.1967003433491752E-06   0.5452073148527595E-07   0.2389513890131563E-03
  0.5982500000000000E+02   0.9991014004192638E+00   0.2365124050554923E-03  -0.4493937691945060E-03   0.1183093700214711E-03   0.1952072940728469E-06   0.5401223655298691E-07   0.2369380252990109E-03
  0.5987499999999999E+02   0.9991053108708646E+00   0.2349540847964761E-03  -0.4474377582345257E-03   0.1175296295922289E-03   0.1940828165670219E-06   0.5352738764193736E-07   0.2353750584046636E-03
  0.5992500000000000E+02   0.9991090805951874E+00   0.2338130879770778E-03  -0.4455521210890989E-03   0.1169586551654276E-03   0.1933012226305402E-06   0.5307264872203382E-07   0.2342302498042305E-03
  0.5997500000000000E+02   0.9991126466409376E+00   0.2330448316700842E-03  -0.4437683499394218E-03   0.1165741477522357E-03   0.1928264909425575E-06   0.5265333319467657E-07   0.2334589563445395E-03
  0.6002500000000000E+02   0.9991159552665747E+00   0.2325932942728200E-03  -0.4421133303724734E-03   0.1163480861762719E-03   0.1926130041611381E-06   0.5227337653777321E-07   0.2330050733816570E-03
  0.6007500000000000E+02   0.9991189644768990E+00   0.2323924874573350E-03  -0.4406080725509742E-03   0.1162474632994108E-03   0.1926067292979297E-06   0.5193511691585202E-07   0.2328025087378707E-03
  0.6012500000000000E+02   0.9991216465116523E+00   0.2323686223457309E-03  -0.4392664663575019E-03   0.1162353694728796E-03   0.1927469799697463E-06   0.5163910305657557E-07   0.2327773517859197E-03
  0.6017500000000000E+02   0.9991239900468726E+00   0.2324430917198323E-03  -0.4380941801738203E-03   0.1162724841585403E-03   0.1929688650245742E-06   0.5138395869274537E-07   0.2328508597922718E-03
  0.6022500000000000E+02   0.9991260017792172E+00   0.2325362906442374E-03  -0.4370878682403712E-03   0.1163189869401562E-03   0.1932064461182073E-06   0.5116633939078393E-07   0.2329432841409711E-03
  0.6027500000000001E+02   0.9991277070188381E+00   0.2325721459250746E-03  -0.4362348738853328E-03   0.1163368231419088E-03   0.1933965005960912E-06   0.5098101750293646E-07   0.2329784069094217E-03
  0.6032499999999999E+02   0.9991291489478894E+00   0.2324830429890279E-03  -0.4355136001691351E-03   0.1162921683154084E-03   0.1934826339909786E-06   0.5082112179400056E-07   0.2328884761323904E-03
  0.6037500000000000E+02   0.9991303863272957E+00   0.2322146683544646E-03  -0.4348946567103162E-03   0.1161578506057957E-03   0.1934193427744435E-06   0.5067853943194684E-07   0.2326190573233249E-03
  0.6042499999999999E+02   0.9991314896472160E+00   0.2317301790668906E-03  -0.4343427850251880E-03   0.1159154365669912E-03   0.1931755362819072E-06   0.5054446190320571E-07   0.2321332116963076E-03
  0.6047500000000000E+02   0.9991325359785330E+00   0.2310131137421191E-03  -0.4338194337100143E-03   0.1155566876078390E-03   0.1927370261708201E-06   0.5041002858883031E-07   0.2314144146117427E-03
  0.6052500000000001E+02   0.9991336030299619E+00   0.2300685937197879E-03  -0.4332857310993532E-03   0.1150841611848109E-03   0.1921076002726706E-06   0.5026699968050832E-07   0.2304677616623862E-03
  0.6057499999999999E+02   0.9991347630781110E+00   0.2289226078423203E-03  -0.4327055216108988E-03   0.1145108533997106E-03   0.1913084999346338E-06   0.5010838065794871E-07   0.2293192551211733E-03
  0.6062499999999999E+02   0.9991360774662487E+00   0.2276194725550631E-03  -0.4320481177358948E-03   0.1138589288134128E-03   0.1903763681952998E-06   0.4992892713458509E-07   0.2280132621514199E-03
  0.6067500000000000E+02   0.9991375922526859E+00   0.2262178327265973E-03  -0.4312904770600312E-03   0.1131577202104312E-03   0.1893599657747486E-06   0.4972547996589235E-07   0.2266085104606478E-03
  0.6072499999999999E+02   0.9991393353674318E+00   0.2247857489923086E-03  -0.4304186248605957E-03   0.1124412713135306E-03   0.1883161050495937E-06   0.4949711005950917E-07   0.2251731679828032E-03
  0.6077500000000001E+02   0.9991413153718774E+00   0.2233954688047457E-03  -0.4294282748298350E-03   0.1117457211746365E-03   0.1873052983183394E-06   0.4924508216268212E-07   0.2237796048489518E-03
  0.6082500000000000E+02   0.9991435216805852E+00   0.2221184069511134E-03  -0.4283247183798355E-03   0.1111067932614905E-03   0.1863875600578779E-06   0.4897266977870028E-07   0.2224993645218010E-03
  0.6087499999999999E+02   0.9991459259471663E+00   0.2210207065880303E-03  -0.4271221315857998E-03   0.1105575748810613E-03   0.1856186758604295E-06   0.4868486517768152E-07   0.2213987160724954E-03
  0.6092500000000000E+02   0.9991484842569132E+00   0.2201595675366420E-03  -0.4258424785087422E-03   0.1101266803868469E-03   0.1850470978738189E-06   0.4838802889662493E-07   0.2205349749481066E-03
  0.6097499999999999E+02   0.9991511397974375E+00   0.2195803633828456E-03  -0.4245141753614901E-03   0.1098368089738086E-03   0.1847114886182953E-06   0.4808951479119402E-07   0.2199536140257992E-03
  0.6102500000000001E+02   0.9991538257670480E+00   0.2193144548815999E-03  -0.4231706357239462E-03   0.1097036508044521E-03   0.1846388391359859E-06   0.4779729361221762E-07   0.2196860724049642E-03
  0.6107500000000000E+02   0.9991564683953870E+00   0.2193775572090766E-03  -0.4218487596017173E-03   0.1097350702077903E-03   0.1848430448045637E-06   0.4751958422325699E-07   0.2197481192398318E-03
  0.6112499999999999E+02   0.9991589900616800E+00   0.2197685305298171E-03  -0.4205873736720100E-03   0.1099305006454615E-03   0.1853238313955408E-06   0.4726449008087871E-07   0.2201386417650221E-03
  0.6117500000000000E+02   0.9991613125795629E+00   0.2204685257383309E-03  -0.4194255882343789E-03   0.1102805173400216E-03   0.1860659758792399E-06   0.4703963155597113E-07   0.2208387890956259E-03
  0.6122500000000001E+02   0.9991633607572890E+00   0.2214405139706973E-03  -0.4184010164407503E-03   0.1107666018441480E-03   0.1870388478022797E-06   0.4685176329190223E-07   0.2218115002448133E-03
  0.6127499999999999E+02   0.9991650663267498E+00   0.2226293402712732E-03  -0.4175478090565621E-03   0.1113611687476612E-03   0.1881963917206436E-06   0.4670637065035482E-07   0.2230015567787866E-03
  0.6132500000000000E+02   0.9991663722574958E+00   0.2239625452922061E-03  -0.4168944966289612E-03   0.1120279764929714E-03   0.1894777595129037E-06   0.4660725034399730E-07   0.2243364042408574E-03
  0.6137500000000000E+02   0.9991672373334953E+00   0.2253522653214486E-03  -0.4164617001800597E-03   0.1127230775052316E-03   0.1908088590025252E-06   0.4655609664437378E-07   0.2257280531080044E-03
  0.6142500000000000E+02   0.9991676406843156E+00   0.2266985171142630E-03  -0.4162598646010318E-03   0.1133964609526139E-03   0.1921050838270877E-06   0.4655213367722394E-07   0.2270763663786498E-03
  0.6147500000000000E+02   0.9991675857617107E+00   0.2278940687490676E-03  -0.4162872693181940E-03   0.1139944888290057E-03   0.1932754019621828E-06   0.4659185194486775E-07   0.2282739356679766E-03
  0.6152499999999998E+02   0.9991671030923102E+00   0.2288308747911531E-03  -0.4165286510011690E-03   0.1144631145622746E-03   0.1942277922371854E-06   0.4666891718907722E-07   0.2292125245859458E-03
  0.6157500000000000E+02   0.9991662510872643E+00   0.2294077291445612E-03  -0.4169547980420463E-03   0.1147517108487025E-03   0.1948757420929605E-06   0.4677431527650218E-07   0.2297907328624196E-03
  0.6162500000000000E+02   0.9991651143144432E+00   0.2295384228342630E-03  -0.4175234141901019E-03   0.1148171502657180E-03   0.1951452066374130E-06   0.4689677315047606E-07   0.2299221679101171E-03
  0.6167500000000000E+02   0.9991637989644044E+00   0.2291593896191285E-03  -0.4181813858867844E-03   0.1146276299507180E-03   0.1949811661214080E-06   0.4702345338520283E-07   0.2295431054259137E-03
  0.6172500000000000E+02   0.9991624257270453E+00   0.2282356978605106E-03  -0.4188683449225516E-03   0.1141656693152084E-03   0.1943528072558917E-06   0.4714086620236065E-07   0.2286184955088576E-03
  0.6177500000000000E+02   0.9991611208269668E+00   0.2267643874966790E-03  -0.4195211523577713E-03   0.1134297799403318E-03   0.1932564670555183E-06   0.4723589228889823E-07   0.2271453109112396E-03
  0.6182500000000000E+02   0.9991600063839037E+00   0.2247745602619484E-03  -0.4200787203541001E-03   0.1124345114766790E-03   0.1917158213699369E-06   0.4729677880060417E-07   0.2251526435876567E-03
  0.6187500000000000E+02   0.9991591914296998E+00   0.2223242138363192E-03  -0.4204865058947682E-03   0.1112088687468034E-03   0.1897792942323495E-06   0.4731397118063476E-07   0.2226985390705029E-03
  0.6192500000000000E+02   0.9991587647656871E+00   0.2194944004283025E-03  -0.4207000841425224E-03   0.1097933903026899E-03   0.1875151680218376E-06   0.4728067608780754E-07   0.2198641491811002E-03
  0.6197500000000000E+02   0.9991587904339712E+00   0.2163817177412362E-03  -0.4206874144063733E-03   0.1082363925587483E-03   0.1850052431967671E-06   0.4719310564785318E-07   0.2167462121902532E-03
  0.6202500000000000E+02   0.9991593060389145E+00   0.2130903009906614E-03  -0.4204296803906882E-03   0.1065899640798616E-03   0.1823380395550899E-06   0.4705041332641690E-07   0.2134490310627179E-03
  0.6207499999999999E+02   0.9991603236513944E+00   0.2097243736648915E-03  -0.4199208383985908E-03   0.1049062391483422E-03   0.1796024424847656E-06   0.4685438031966144E-07   0.2100770097015290E-03
  0.6212500000000000E+02   0.9991618326794213E+00   0.2063821122001435E-03  -0.4191661817700698E-03   0.1032343284393513E-03   0.1768824442760691E-06   0.4660893834624608E-07   0.2067285043161067E-03
  0.6217500000000000E+02   0.9991638039421666E+00   0.2031512039535359E-03  -0.4181803031808595E-03   0.1016180966632393E-03   0.1742533124055191E-06   0.4631961869205165E-07   0.2034913706331974E-03
  0.6222500000000000E+02   0.9991661942183314E+00   0.2001061352350660E-03  -0.4169848195191284E-03   0.1000948056319943E-03   0.1717792246427840E-06   0.4599300372586004E-07   0.2004402443256518E-03
  0.6227499999999999E+02   0.9991689506910248E+00   0.1973070011345737E-03  -0.4156061484188456E-03   0.9869451861603894E-04   0.1695122004801601E-06   0.4563623426985261E-07   0.1976353463812382E-03
  0.6232500000000000E+02   0.9991720149091746E+00   0.1947994992060685E-03  -0.4140735265690809E-03   0.9744009696761486E-04   0.1674920456944934E-06   0.4525660198907750E-07   0.1951224750341832E-03
  0.6237499999999999E+02   0.9991753260744527E+00   0.1926157386138088E-03  -0.4124173653847762E-03   0.9634760473220919E-04   0.1657469987438984E-06   0.4486123559302914E-07   0.1929338152175424E-03
  0.6242500000000000E+02   0.9991788236111441E+00   0.1907755332292688E-03  -0.4106679653649303E-03   0.9542695540825286E-04   0.1642947974143646E-06   0.4445687543784539E-07   0.1910892333503727E-03
  0.6247500000000001E+02   0.9991824490741077E+00   0.1892879185498686E-03  -0.4088545615683614E-03   0.9468267071675830E-04   0.1631439438175237E-06   0.4404972315299083E-07   0.1895977967399595E-03
  0.6252499999999999E+02   0.9991861475010477E+00   0.1881527125050531E-03  -0.4070046470827648E-03   0.9411466135705747E-04   0.1622950135801683E-06   0.4364535001346758E-07   0.1884593372112490E-03
  0.6257500000000000E+02   0.9991898683304703E+00   0.1873620129835626E-03  -0.4051435137749637E-03   0.9371897612707682E-04   0.1617419168966860E-06   0.4324864834972850E-07   0.1876659514891623E-03
  0.6262499999999999E+02   0.9991935659981134E+00   0.1869015822487658E-03  -0.4032939539007074E-03   0.9348849446896153E-04   0.1614730680641313E-06   0.4286381284272978E-07   0.1872033883194926E-03
  0.6267500000000000E+02   0.9991972003028807E+00   0.1867521080288088E-03  -0.4014760770335579E-03   0.9341355732294017E-04   0.1614724541085127E-06   0.4249434193714823E-07   0.1870523120311455E-03
  0.6272500000000001E+02   0.9992007366065463E+00   0.1868903540295013E-03  -0.3997072101609156E-03   0.9348254266107647E-04   0.1617206129294444E-06   0.4214305301607221E-07   0.1871894552690845E-03
  0.6277499999999999E+02   0.9992041459053617E+00   0.1872902215917640E-03  -0.3980018618644499E-03   0.9368239656413846E-04   0.1621955392370409E-06   0.4181210791763536E-07   0.1875886826383478E-03
  0.6282500000000000E+02   0.9992074047899974E+00   0.1879237425110179E-03  -0.3963717423621782E-03   0.9399912985438989E-04   0.1628735352012336E-06   0.4150304755260434E-07   0.1882219853094426E-03
  0.6287500000000001E+02   0.9992104952952292E+00   0.1887620141545114E-03  -0.3948258387005410E-03   0.9441828585615753E-04   0.1637300151431248E-06   0.4121683567595764E-07   0.1890604177519826E-03
  0.6292500000000000E+02   0.9992134046335374E+00   0.1897760754728658E-03  -0.3933705480115846E-03   0.9492537858462694E-04   0.1647402627756357E-06   0.4095391227194269E-07   0.1900749752113659E-03
  0.6297499999999999E+02   0.9992161248073032E+00   0.1909377097083116E-03  -0.3920098714920162E-03   0.9550629426429700E-04   0.1658801283788365E-06   0.4071425663133039E-07   0.1912373977325345E-03
  0.6302499999999999E+02   0.9992186521014591E+00   0.1922201496230731E-03  -0.3907456681743193E-03   0.9614764408696868E-04   0.1671266445405734E-06   0.4049745923248114E-07   0.1925208765394487E-03
  0.6307500000000000E+02   0.9992209864701568E+00   0.1935986563060815E-03  -0.3895779617082429E-03   0.9683705373505268E-04   0.1684585348122436E-06   0.4030280026530417E-07   0.1939006338020125E-03
  0.6312500000000000E+02   0.9992231308444144E+00   0.1950509444204837E-03  -0.3885052866655636E-03   0.9756337609764072E-04   0.1698565910396687E-06   0.4012933137831852E-07   0.1953543486225945E-03
  0.6317500000000000E+02   0.9992250903996085E+00   0.1965574351641998E-03  -0.3875250549314480E-03   0.9831681781232330E-04   0.1713039023068724E-06   0.3997595630329535E-07   0.1968624104892409E-03
  0.6322499999999999E+02   0.9992268718292330E+00   0.1981013318983685E-03  -0.3866339189644297E-03   0.9908897710873000E-04   0.1727859302596673E-06   0.3984150566030087E-07   0.1984079951388633E-03
  0.6327500000000000E+02   0.9992284826725578E+00   0.1996685299002456E-03  -0.3858281080976189E-03   0.9987279868308910E-04   0.1742904399511816E-06   0.3972480159633860E-07   0.1999769742950839E-03
  0.6332500000000000E+02   0.9992299307379940E+00   0.2012473879524640E-03  -0.3851037169739779E-03   0.1006624594635311E-03   0.1758073096144794E-06   0.3962470894629145E-07   0.2015576870228167E-03
  0.6337500000000000E+02   0.9992312236518079E+00   0.2028284024556508E-03  -0.3844569312856372E-03   0.1014532056159256E-03   0.1773282542641987E-06   0.3954017116587393E-07   0.2031406134369401E-03
  0.6342500000000000E+02   0.9992323685452538E+00   0.2044038320501484E-03  -0.3838841842787044E-03   0.1022411647912198E-03   0.1788465046404950E-06   0.3947023111947335E-07   0.2047179988155990E-03
  0.6347499999999999E+02   0.9992333718749074E+00   0.2059673210189858E-03  -0.3833822466343673E-03   0.1030231577591700E-03   0.1803564835253136E-06   0.3941403860707059E-07   0.2062834764608579E-03
  0.6352500000000000E+02   0.9992342393539190E+00   0.2075135629071065E-03  -0.3829482608659340E-03   0.1037965301542597E-03   0.1818535157370588E-06   0.3937084799137388E-07   0.2078317308080841E-03
  0.6357499999999999E+02   0.9992349759587604E+00   0.2090380328671372E-03  -0.3825797379535256E-03   0.1045590185955036E-03   0.1833335970042369E-06   0.3934001020931339E-07   0.2093582293468244E-03
  0.6362500000000000E+02   0.9992355859688290E+00   0.2105368001651199E-03  -0.3822745375399172E-03   0.1053086569006756E-03   0.1847932320881599E-06   0.3932096367505276E-07   0.2108590348172541E-03
  0.6367500000000000E+02   0.9992360729961838E+00   0.2120064135568282E-03  -0.3820308530593231E-03   0.1060437187507500E-03   0.1862293361419307E-06   0.3931322806504525E-07   0.2123306903966333E-03
  0.6372499999999999E+02   0.9992364399699065E+00   0.2134438346103179E-03  -0.3818472195609157E-03   0.1067626843393268E-03   0.1876391777494906E-06   0.3931640377771147E-07   0.2137701529270110E-03
  0.6377500000000000E+02   0.9992366890533391E+00   0.2148463801369895E-03  -0.3817225551066006E-03   0.1074642115819223E-03   0.1890203297091365E-06   0.3933017813182576E-07   0.2151747352963565E-03
  0.6382500000000000E+02   0.9992368214911181E+00   0.2162116269345827E-03  -0.3816562372863652E-03   0.1081470884781534E-03   0.1903705864023875E-06   0.3935433733160601E-07   0.2165420111070460E-03
  0.6387500000000000E+02   0.9992368374041652E+00   0.2175372316078265E-03  -0.3816482057702464E-03   0.1088101429997587E-03   0.1916878059431465E-06   0.3938878115358978E-07   0.2178696343180507E-03
  0.6392500000000000E+02   0.9992367355718341E+00   0.2188206260151415E-03  -0.3816990712933732E-03   0.1094520907689684E-03   0.1929696419024719E-06   0.3943353548944442E-07   0.2191550343316602E-03
  0.6397500000000000E+02   0.9992365132583727E+00   0.2200585646282100E-03  -0.3818102024825132E-03   0.1100713086627531E-03   0.1942131430744234E-06   0.3948875657899582E-07   0.2203949627485041E-03
  0.6402499999999999E+02   0.9992361661530613E+00   0.2212465225950276E-03  -0.3819837558339811E-03   0.1106655337337308E-03   0.1954142194921764E-06   0.3955472021601228E-07   0.2215848905452152E-03
  0.6407500000000000E+02   0.9992356884976408E+00   0.2223779706140438E-03  -0.3822226120189232E-03   0.1112315005016824E-03   0.1965669970422734E-06   0.3963178955665088E-07   0.2227182817834931E-03
  0.6412500000000000E+02   0.9992350734693768E+00   0.2234435823678313E-03  -0.3825301843258799E-03   0.1117645444957227E-03   0.1976631093898423E-06   0.3972035648986831E-07   0.2237857996456309E-03
  0.6417500000000000E+02   0.9992343138723561E+00   0.2244304593846048E-03  -0.3829100729305646E-03   0.1122582144934011E-03   0.1986910020166213E-06   0.3982075385091006E-07   0.2247745297617593E-03
  0.6422499999999999E+02   0.9992334031629706E+00   0.2253214836369663E-03  -0.3833655519979162E-03   0.1127039486299620E-03   0.1996353461854730E-06   0.3993313901970201E-07   0.2256673312865770E-03
  0.6427499999999999E+02   0.9992323367982520E+00   0.2260949263583327E-03  -0.3838988952814537E-03   0.1130908786425436E-03   0.2004766773703751E-06   0.4005735352740722E-07   0.2264424444025335E-03
  0.6432500000000000E+02   0.9992311138488674E+00   0.2267244482559864E-03  -0.3845105693141004E-03   0.1134058298681993E-03   0.2011913793502975E-06   0.4019276796984405E-07   0.2270734896638416E-03
  0.6437500000000000E+02   0.9992297387649112E+00   0.2271796167262943E-03  -0.3851983501336198E-03   0.1136335798306177E-03   0.2017521274175268E-06   0.4033812640589734E-07   0.2275299850438600E-03
  0.6442499999999998E+02   0.9992282231273072E+00   0.2274270349833395E-03  -0.3859564471603294E-03   0.1137574229024513E-03   0.2021288775732947E-06   0.4049140887389585E-07   0.2277784758475865E-03
  0.6447499999999999E+02   0.9992265871691380E+00   0.2274321226662892E-03  -0.3867747421057999E-03   0.1137600608513423E-03   0.2022904398883973E-06   0.4064973378251587E-07   0.2277843172581798E-03
  0.6452500000000001E+02   0.9992248608211904E+00   0.2271615074823343E-03  -0.3876382658197786E-03   0.1136247990612293E-03   0.2022066032116845E-06   0.4080932261265906E-07   0.2275140691798537E-03
  0.6457500000000000E+02   0.9992230840378076E+00   0.2265858888165646E-03  -0.3885270350892922E-03   0.1133369788886559E-03   0.2018506903273730E-06   0.4096554648951526E-07   0.2269383642609044E-03
  0.6462500000000000E+02   0.9992213062041985E+00   0.2256831308621506E-03  -0.3894163488762370E-03   0.1128855249000228E-03   0.2012023297225565E-06   0.4111306703684367E-07   0.2260350064042828E-03
  0.6467499999999998E+02   0.9992195845193493E+00   0.2244412558797642E-03  -0.3902775969741867E-03   0.1122644422366239E-03   0.2002501511976719E-06   0.4124607264020152E-07   0.2247919699134418E-03
  0.6472499999999999E+02   0.9992179813825344E+00   0.2228609622621301E-03  -0.3910795671119294E-03   0.1114740763645939E-03   0.1989940696958578E-06   0.4135859717086160E-07   0.2232099233024876E-03
  0.6477500000000001E+02   0.9992165609651759E+00   0.2209573078747448E-03  -0.3917901596253159E-03   0.1105219553519018E-03   0.1974468337424601E-06   0.4144489393311296E-07   0.2213039174940716E-03
  0.6482499999999999E+02   0.9992153852914224E+00   0.2187602850149670E-03  -0.3923783479677923E-03   0.1094230777539621E-03   0.1956345896720381E-06   0.4149982638652948E-07   0.2191039640304508E-03
  0.6487500000000000E+02   0.9992145102453470E+00   0.2163141591783440E-03  -0.3928161760258231E-03   0.1081995821352740E-03   0.1935963418282285E-06   0.4151923213327815E-07   0.2166543749498573E-03
  0.6492500000000000E+02   0.9992139819438434E+00   0.2136756210799217E-03  -0.3930805725983477E-03   0.1068798229219542E-03   0.1913823469867994E-06   0.4150021948396472E-07   0.2140119135434986E-03
  0.6497499999999999E+02   0.9992138338543231E+00   0.2109109703997353E-03  -0.3931547933797575E-03   0.1054969618361005E-03   0.1890516330500032E-06   0.4144136628361876E-07   0.2112429745929526E-03
  0.6502500000000001E+02   0.9992140849096026E+00   0.2080926722002981E-03  -0.3930293641618565E-03   0.1040872454440433E-03   0.1866689431664920E-06   0.4134280616766525E-07   0.2084201355011306E-03
  0.6507500000000000E+02   0.9992147387108793E+00   0.2052956782384012E-03  -0.3927024797495404E-03   0.1026881650162434E-03   0.1843014543763531E-06   0.4120620429028167E-07   0.2056184712323080E-03
  0.6512500000000000E+02   0.9992157837519453E+00   0.2025938813294781E-03  -0.3921798919995778E-03   0.1013366828740842E-03   0.1820156004510775E-06   0.4103463902329991E-07   0.2029120019889793E-03
  0.6517500000000000E+02   0.9992171944766696E+00   0.2000569868892997E-03  -0.3914743809916299E-03   0.1000676673727919E-03   0.1798742550872336E-06   0.4083241543447596E-07   0.2003705584456675E-03
  0.6522499999999999E+02   0.9992189329159176E+00   0.1977479691419704E-03  -0.3906049362960573E-03   0.9891262032874756E-04   0.1779344282309320E-06   0.4060483948241679E-07   0.1980572325393489E-03
  0.6527499999999999E+02   0.9992209506417528E+00   0.1957211596911531E-03  -0.3895957794795013E-03   0.9789872077400655E-04   0.1762455213519024E-06   0.4035797939966720E-07   0.1960264617885547E-03
  0.6532500000000000E+02   0.9992231908152612E+00   0.1940209166149089E-03  -0.3884753397416230E-03   0.9704815912404147E-04   0.1748480980324184E-06   0.4009843433982706E-07   0.1943226953482706E-03
  0.6537500000000000E+02   0.9992255901722878E+00   0.1926807564020290E-03  -0.3872752605890151E-03   0.9637770290102047E-04   0.1737730665515304E-06   0.3983312206685704E-07   0.1929795239854762E-03
  0.6542500000000000E+02   0.9992280808708064E+00   0.1917228026087233E-03  -0.3860294757213056E-03   0.9589842092151247E-04   0.1730411448126683E-06   0.3956908908483215E-07   0.1920191276097481E-03
  0.6547499999999999E+02   0.9992305921998821E+00   0.1911574109090125E-03  -0.3847733541645360E-03   0.9561549574951591E-04   0.1726624823787114E-06   0.3931333945615520E-07   0.1914518997458659E-03
  0.6552499999999999E+02   0.9992330522130261E+00   0.1909828636795119E-03  -0.3835428832524856E-03   0.9552807095152025E-04   0.1726363438488069E-06   0.3907267342807179E-07   0.1912761418198278E-03
  0.6557500000000000E+02   0.9992353893917575E+00   0.1911850810916209E-03  -0.3823738365337226E-03   0.9562910661419081E-04   0.1729508059148110E-06   0.3885352428646166E-07   0.1914777740237657E-03
  0.6562500000000001E+02   0.9992375344639632E+00   0.1917373629270978E-03  -0.3813008642844506E-03   0.9590525021834657E-04   0.1735824810162100E-06   0.3866178180753269E-07   0.1920300768610381E-03
  0.6567500000000000E+02   0.9992394224923445E+00   0.1926002489380457E-03  -0.3803564489555100E-03   0.9633676677953895E-04   0.1744963472772078E-06   0.3850259345173018E-07   0.1928935511907985E-03
  0.6572499999999999E+02   0.9992409953071257E+00   0.1937216568800376E-03  -0.3795696884381083E-03   0.9689760783483505E-04   0.1756458295516470E-06   0.3838014016164631E-07   0.1940160560226701E-03
  0.6577499999999999E+02   0.9992422042818786E+00   0.1950375143425838E-03  -0.3789649077013957E-03   0.9755572736850986E-04   0.1769733290042311E-06   0.3829739220444908E-07   0.1953334404306222E-03
  0.6582500000000000E+02   0.9992430133436405E+00   0.1964731270079104E-03  -0.3785601532080296E-03   0.9827376603588207E-04   0.1784114239337641E-06   0.3825586135371874E-07   0.1967709125671673E-03
  0.6587500000000001E+02   0.9992434019787698E+00   0.1979455031532052E-03  -0.3783656894013054E-03   0.9901021364434591E-04   0.1798849451707338E-06   0.3825537738982521E-07   0.1982453660050571E-03
  0.6592499999999998E+02   0.9992433678665145E+00   0.1993667655373028E-03  -0.3783826813190672E-03   0.9972111551172287E-04   0.1813140499771010E-06   0.3829392689314332E-07   0.1996687949448402E-03
  0.6597499999999999E+02   0.9992429286779451E+00   0.2006486214473036E-03  -0.3786022945797551E-03   0.1003623081237968E-03   0.1826182731721081E-06   0.3836759717706142E-07   0.2009527693369927E-03
  0.6602500000000001E+02   0.9992421225602875E+00   0.2017076441086533E-03  -0.3790054528188813E-03   0.1008920606954764E-03   0.1837213358939201E-06   0.3847066440660876E-07   0.2020137231438129E-03
  0.6607500000000000E+02   0.9992410069207820E+00   0.2024708846065972E-03  -0.3795634456139618E-03   0.1012738821669646E-03   0.1845562776977298E-06   0.3859585019869131E-07   0.2027785745484374E-03
  0.6612500000000000E+02   0.9992396553403438E+00   0.2028811460174874E-03  -0.3802394718461777E-03   0.1014791593907138E-03   0.1850703040169869E-06   0.3873474591464509E-07   0.2031900090615821E-03
  0.6617499999999998E+02   0.9992381527564459E+00   0.2029011788975118E-03  -0.3809910488321577E-03   0.1014892559468243E-03   0.1852286710426076E-06   0.3887837289182978E-07   0.2032106835840911E-03
  0.6622499999999999E+02   0.9992365893870685E+00   0.2025161461581285E-03  -0.3817730512817308E-03   0.1012967454466583E-03   0.1850170071233074E-06   0.3901781776029379E-07   0.2028256982149081E-03
  0.6627500000000001E+02   0.9992350541313195E+00   0.2017339553874987E-03  -0.3825410121853778E-03   0.1009055782157752E-03   0.1844416947325254E-06   0.3914486341365623E-07   0.2020429327546115E-03
  0.6632500000000000E+02   0.9992336282969047E+00   0.2005834123788523E-03  -0.3832542603914302E-03   0.1003301581499829E-03   0.1835282602560599E-06   0.3925253434649412E-07   0.2008912009713629E-03
  0.6637499999999999E+02   0.9992323804342691E+00   0.1991105167731963E-03  -0.3838785047870497E-03   0.9959349018669757E-04   0.1823180547893552E-06   0.3933549093403506E-07   0.1994165434441205E-03
  0.6642500000000000E+02   0.9992313628263236E+00   0.1973735017718064E-03  -0.3843875904648852E-03   0.9872469943523849E-04   0.1808637684853810E-06   0.3939023606242816E-07   0.1976772614657984E-03
  0.6647499999999999E+02   0.9992306098641229E+00   0.1954373507312878E-03  -0.3847643115802990E-03   0.9775628849668997E-04   0.1792244443777338E-06   0.3941513083435384E-07   0.1957384258134264E-03
  0.6652500000000001E+02   0.9992301382228901E+00   0.1933684932095220E-03  -0.3850003236567368E-03   0.9672148440756249E-04   0.1774606339488960E-06   0.3941024509499605E-07   0.1936665641548720E-03
  0.6657500000000000E+02   0.9992299485127304E+00   0.1912302291507843E-03  -0.3850953181890882E-03   0.9565194969339475E-04   0.1756301993032854E-06   0.3937708727482119E-07   0.1915250769171580E-03
  0.6662499999999999E+02   0.9992300279500641E+00   0.1890792154333401E-03  -0.3850556865966359E-03   0.9457602475281682E-04   0.1737850727304284E-06   0.3931826473570590E-07   0.1893707167112982E-03
  0.6667500000000000E+02   0.9992303535759859E+00   0.1869631359347096E-03  -0.3848929105161325E-03   0.9351756221405976E-04   0.1719690903015077E-06   0.3923712230325435E-07   0.1872512529844736E-03
  0.6672499999999999E+02   0.9992308956068690E+00   0.1849195071011444E-03  -0.3846218858700734E-03   0.9249532927855348E-04   0.1702168610739315E-06   0.3913739682537822E-07   0.1852042740573285E-03
  0.6677499999999999E+02   0.9992316206021867E+00   0.1829754630774283E-03  -0.3842593383055481E-03   0.9152290006773399E-04   0.1685535337673668E-06   0.3902291347466437E-07   0.1832569705070882E-03
  0.6682500000000000E+02   0.9992324942412836E+00   0.1811483144044854E-03  -0.3838224341990992E-03   0.9060893494421315E-04   0.1669952757556493E-06   0.3889733818016356E-07   0.1814266936432012E-03
  0.6687499999999999E+02   0.9992334835932390E+00   0.1794466670914846E-03  -0.3833276451963297E-03   0.8975774016891939E-04   0.1655502714248818E-06   0.3876399168057684E-07   0.1797220755481259E-03
  0.6692500000000000E+02   0.9992345588330336E+00   0.1778719064949485E-03  -0.3827898897017512E-03   0.8897001006781489E-04   0.1642200620367075E-06   0.3862572463283278E-07   0.1781445147743903E-03
  0.6697500000000001E+02   0.9992356944034853E+00   0.1764198777280071E-03  -0.3822219515950964E-03   0.8824366753082309E-04   0.1630010733685970E-06   0.3848484955890130E-07   0.1766898591093599E-03
  0.6702499999999999E+02   0.9992368696515611E+00   0.1750826215968992E-03  -0.3816341618693153E-03   0.8757473230801489E-04   0.1618862016930246E-06   0.3834312338725207E-07   0.1753501441366165E-03
  0.6707500000000000E+02   0.9992380689867443E+00   0.1738500482638321E-03  -0.3810343193434429E-03   0.8695815817452746E-04   0.1608663493503151E-06   0.3820177317547691E-07   0.1741152695682494E-03
  0.6712500000000000E+02   0.9992392816239827E+00   0.1727114502225333E-03  -0.3804278191772426E-03   0.8638858973406098E-04   0.1599318184745128E-06   0.3806155673694106E-07   0.1729745147476913E-03
  0.6717500000000000E+02   0.9992405009874856E+00   0.1716567743869139E-03  -0.3798179510395849E-03   0.8586099874207337E-04   0.1590734877688487E-06   0.3792284910047033E-07   0.1719178129706887E-03
  0.6722499999999999E+02   0.9992417238645593E+00   0.1706775932135000E-03  -0.3792063223194697E-03   0.8537116989411767E-04   0.1582837154447040E-06   0.3778574505023240E-07   0.1709367244259157E-03
  0.6727499999999999E+02   0.9992429494088418E+00   0.1697677387698018E-03  -0.3785933566788913E-03   0.8491601802520085E-04   0.1575569333725425E-06   0.3765016764601173E-07   0.1700250715856853E-03
  0.6732500000000000E+02   0.9992441780967420E+00   0.1689235914992810E-03  -0.3779788160263031E-03   0.8449373259064675E-04   0.1568899231496394E-06   0.3751597288903479E-07   0.1691792287585973E-03
  0.6737500000000000E+02   0.9992454107370482E+00   0.1681440450316538E-03  -0.3773622959059031E-03   0.8410376010383399E-04   0.1562817922543531E-06   0.3738304176224726E-07   0.1683980871608734E-03
  0.6742500000000000E+02   0.9992466476204123E+00   0.1674301962440897E-03  -0.3767436509325428E-03   0.8374664914039538E-04   0.1557336944862616E-06   0.3725135276355833E-07   0.1676827447663994E-03
  0.6747499999999999E+02   0.9992478878735702E+00   0.1667848320644062E-03  -0.3761233178253276E-03   0.8342379366626241E-04   0.1552483599085869E-06   0.3712103059813787E-07   0.1670359925212942E-03
  0.6752500000000001E+02   0.9992491290553612E+00   0.1662117981685783E-03  -0.3755025174996263E-03   0.8313711728112586E-04   0.1548295126313780E-06   0.3699236958958076E-07   0.1664616821986741E-03
  0.6757500000000000E+02   0.9992503670015132E+00   0.1657153382355452E-03  -0.3748833327281709E-03   0.8288874272589134E-04   0.1544812585183649E-06   0.3686583323486154E-07   0.1659640646933801E-03
  0.6762500000000000E+02   0.9992515958965544E+00   0.1652994859742853E-03  -0.3742686721942556E-03   0.8268068777837356E-04   0.1542075193759478E-06   0.3674203382212949E-07   0.1655471811057774E-03
  0.6767500000000000E+02   0.9992528085272117E+00   0.1649675773144490E-03  -0.3736621437616661E-03   0.8251462124749150E-04   0.1540115767984483E-06   0.3662169790154366E-07   0.1652143741229335E-03
  0.6772499999999999E+02   0.9992539966542705E+00   0.1647219293092098E-03  -0.3730678684856770E-03   0.8239170235138201E-04   0.1538957697435442E-06   0.3650562452156577E-07   0.1649679663345935E-03
  0.6777500000000001E+02   0.9992551514301008E+00   0.1645637079511280E-03  -0.3724902717758827E-03   0.8231251458649285E-04   0.1538613674044879E-06   0.3639464348287102E-07   0.1648091277380969E-03
  0.6782499999999999E+02   0.9992562637870355E+00   0.1644929815256403E-03  -0.3719338891312596E-03   0.8227709240178356E-04   0.1539086151376188E-06   0.3628958046295157E-07   0.1647379290714459E-03
  0.6787500000000000E+02   0.9992573247273433E+00   0.1645089312672894E-03  -0.3714032210918594E-03   0.8228502655755583E-04   0.1540369279075899E-06   0.3619123479010385E-07   0.1647535527153506E-03
  0.6792500000000000E+02   0.9992583254581890E+00   0.1646101686835640E-03  -0.3709026657218173E-03   0.8233562284377860E-04   0.1542451845664741E-06   0.3610037397934460E-07   0.1648546104685394E-03
  0.6797499999999999E+02   0.9992592573341325E+00   0.1647950906985837E-03  -0.3704365473574667E-03   0.8242807972254957E-04   0.1545320589241343E-06   0.3601774697925391E-07   0.1650394992567189E-03
  0.6802500000000001E+02   0.9992601115943760E+00   0.1650621915332399E-03  -0.3700092480212192E-03   0.8256164433855706E-04   0.1548963117039811E-06   0.3594411554794185E-07   0.1653067135762087E-03
  0.6807500000000000E+02   0.9992608789105625E+00   0.1654102456966499E-03  -0.3696254336009730E-03   0.8273570406881567E-04   0.1553369627640178E-06   0.3588030045781178E-07   0.1656550289177866E-03
  0.6812499999999999E+02   0.9992615487912128E+00   0.1658382809455659E-03  -0.3692903517431567E-03   0.8294977302363985E-04   0.1558532667005950E-06   0.3582723655348636E-07   0.1660834748964653E-03
  0.6817500000000000E+02   0.9992621089181685E+00   0.1663452741669625E-03  -0.3690101637683352E-03   0.8320333996158653E-04   0.1564444277618434E-06   0.3578602831427580E-07   0.1665910309233008E-03
  0.6822500000000001E+02   0.9992625445158337E+00   0.1669295265276827E-03  -0.3687922601948168E-03   0.8349555577857315E-04   0.1571090116382728E-06   0.3575799574750258E-07   0.1671760006691793E-03
  0.6827500000000001E+02   0.9992628378731422E+00   0.1675877057972760E-03  -0.3686454998864663E-03   0.8382475451716983E-04   0.1578440411821162E-06   0.3574469935945270E-07   0.1678350531701228E-03
  0.6832499999999999E+02   0.9992629681491235E+00   0.1683135820162673E-03  -0.3685803073650851E-03   0.8418782098106727E-04   0.1586437991058076E-06   0.3574793275131762E-07   0.1685619567373775E-03
  0.6837499999999999E+02   0.9992629115942043E+00   0.1690965263566073E-03  -0.3686085621931179E-03   0.8457943988403041E-04   0.1594984020479449E-06   0.3576967217172496E-07   0.1693460755665142E-03
  0.6842500000000000E+02   0.9992626423091362E+00   0.1699198912200572E-03  -0.3687432194534601E-03   0.8499128557029528E-04   0.1603922562754460E-06   0.3581197426961106E-07   0.1701707472039616E-03
  0.6847500000000001E+02   0.9992621336385845E+00   0.1707594413983420E-03  -0.3689976127871919E-03   0.8541123724181842E-04   0.1613025548521688E-06   0.3587681659546321E-07   0.1710117108828119E-03
  0.6852499999999999E+02   0.9992613602519022E+00   0.1715820590230465E-03  -0.3693844137008240E-03   0.8582273109072938E-04   0.1621980270540938E-06   0.3596588050686076E-07   0.1718358097308864E-03
  0.6857499999999999E+02   0.9992603008929409E+00   0.1723449928025474E-03  -0.3699142562100244E-03   0.8620438463209695E-04   0.1630381972360150E-06   0.3608028352924373E-07   0.1726002377202342E-03
  0.6862500000000000E+02   0.9992589416783622E+00   0.1729959521839811E-03  -0.3705940870833979E-03   0.8653004361450918E-04   0.1637734403933511E-06   0.3622027816677521E-07   0.1732526324643085E-03
  0.6867500000000000E+02   0.9992572796900026E+00   0.1734743398062509E-03  -0.3714253689368618E-03   0.8676939825888621E-04   0.1643461164517636E-06   0.3638494625973891E-07   0.1737323077684753E-03
  0.6872500000000001E+02   0.9992553264539870E+00   0.1737138462878408E-03  -0.3724023398843368E-03   0.8688928091544417E-04   0.1646930012394801E-06   0.3657193060785740E-07   0.1739728505222892E-03
  0.6877500000000001E+02   0.9992531107582149E+00   0.1736464784518851E-03  -0.3735106040235747E-03   0.8685568074372003E-04   0.1647490882559508E-06   0.3677725549172933E-07   0.1739061534658592E-03
  0.6882499999999999E+02   0.9992506801800402E+00   0.1732078506110904E-03  -0.3747263669729994E-03   0.8663639024530946E-04   0.1644526064884859E-06   0.3699529029746974E-07   0.1734677136000545E-03
  0.6887500000000000E+02   0.9992481007355329E+00   0.1723432656539476E-03  -0.3760166109104679E-03   0.8620404698056618E-04   0.1637508108067668E-06   0.3721890088935393E-07   0.1726027226663209E-03
  0.6892500000000000E+02   0.9992454542645464E+00   0.1710138159949938E-03  -0.3773404021403248E-03   0.8553918538811000E-04   0.1626058167294626E-06   0.3743980898243795E-07   0.1712721788583568E-03
  0.6897499999999999E+02   0.9992428335315932E+00   0.1692015424637022E-03  -0.3786513412655790E-03   0.8463281756173592E-04   0.1609995643630390E-06   0.3764914249404662E-07   0.1694580563779581E-03
  0.6902500000000001E+02   0.9992403354853060E+00   0.1669126982927182E-03  -0.3799009345785143E-03   0.8348806634078810E-04   0.1589369995743408E-06   0.3783811763381060E-07   0.1671665782002959E-03
  0.6907499999999999E+02   0.9992380535532689E+00   0.1641784224394251E-03  -0.3810424481507368E-03   0.8212050261707313E-04   0.1564468000935869E-06   0.3799875875740501E-07   0.1644288945700010E-03
  0.6912500000000000E+02   0.9992360701106007E+00   0.1610525918976198E-03  -0.3820346752253512E-03   0.8055707154347410E-04   0.1535794141956279E-06   0.3812454715861598E-07   0.1612989357378704E-03
  0.6917500000000000E+02   0.9992344502511237E+00   0.1576071707134954E-03  -0.3828450522238569E-03   0.7883376647419050E-04   0.1504027013612016E-06   0.3821090158229645E-07   0.1578487564343713E-03
  0.6922499999999999E+02   0.9992332377053466E+00   0.1539258388272123E-03  -0.3834517010120608E-03   0.7699244229656982E-04   0.1469959105971190E-06   0.3825542844115039E-07   0.1541621559958877E-03
  0.6927500000000001E+02   0.9992324532856738E+00   0.1500969324560221E-03  -0.3838442070515091E-03   0.7507728420863568E-04   0.1434429740830637E-06   0.3825792709336788E-07   0.1503276074293914E-03
  0.6932499999999999E+02   0.9992320957473450E+00   0.1462067114222524E-03  -0.3840231891286683E-03   0.7313143987989445E-04   0.1398260839871443E-06   0.3822018029717041E-07   0.1464315127074484E-03
  0.6937500000000000E+02   0.9992321445729446E+00   0.1423337351280533E-03  -0.3839989068004090E-03   0.7119420606132470E-04   0.1362203022780552E-06   0.3814559026058487E-07   0.1425525677163466E-03
  0.6942500000000000E+02   0.9992325639951022E+00   0.1385447857660387E-03  -0.3837892483674610E-03   0.6929898908995481E-04   0.1326896290670979E-06   0.3803873167268525E-07   0.1387576766542267E-03
  0.6947499999999999E+02   0.9992333075661327E+00   0.1348924397957551E-03  -0.3834174451607941E-03   0.6747208987419677E-04   0.1292846338796469E-06   0.3790488700010863E-07   0.1350995174793974E-03
  0.6952499999999999E+02   0.9992343227098737E+00   0.1314141369207737E-03  -0.3829097946550508E-03   0.6573223797813329E-04   0.1260415132702238E-06   0.3774961276007938E-07   0.1316156076502313E-03
  0.6957500000000000E+02   0.9992355548754978E+00   0.1281324601119289E-03  -0.3822935826318652E-03   0.6409073153133506E-04   0.1229823070879836E-06   0.3757836585395007E-07   0.1283285833325763E-03
  0.6962500000000000E+02   0.9992369510915109E+00   0.1250563092487831E-03  -0.3815953053551979E-03   0.6255202418316030E-04   0.1201159743401976E-06   0.3739620201681977E-07   0.1252473741097539E-03
  0.6967500000000000E+02   0.9992384628511735E+00   0.1221826902917405E-03  -0.3808392261729354E-03   0.6111461999045527E-04   0.1174400656481630E-06   0.3720754695165899E-07   0.1223689945688676E-03
  0.6972500000000001E+02   0.9992400483347266E+00   0.1194989119200138E-03  -0.3800462638617885E-03   0.5977217215071570E-04   0.1149427951053304E-06   0.3701603524596177E-07   0.1196807442539626E-03
  0.6977499999999999E+02   0.9992416739951495E+00   0.1169850488478205E-03  -0.3792331993490716E-03   0.5851471514654428E-04   0.1126053779622715E-06   0.3682441152817837E-07   0.1171626748753300E-03
  0.6982500000000000E+02   0.9992433155205239E+00   0.1146165734838347E-03  -0.3784121942690399E-03   0.5732998110586500E-04   0.1104045406868552E-06   0.3663449047262471E-07   0.1147902262153849E-03
  0.6987499999999999E+02   0.9992449581603546E+00   0.1123670658321073E-03  -0.3775906276765051E-03   0.5620475530488763E-04   0.1083151173500228E-06   0.3644717494077274E-07   0.1125369404522904E-03
  0.6992500000000000E+02   0.9992465963880161E+00   0.1102108885163151E-03  -0.3767712648352628E-03   0.5512621423161915E-04   0.1063126235944643E-06   0.3626253274111964E-07   0.1103771415980043E-03
  0.6997500000000001E+02   0.9992482328841661E+00   0.1081256734633274E-03  -0.3759527656633788E-03   0.5408316944879383E-04   0.1043756598757678E-06   0.3607993085541055E-07   0.1082884263536108E-03
  0.7002499999999999E+02   0.9992498768736067E+00   0.1060944306434128E-03  -0.3751305165891061E-03   0.5306712241875326E-04   0.1024879599081469E-06   0.3589822121962598E-07   0.1062537764900661E-03
  0.7007499999999999E+02   0.9992515419240546E+00   0.1041070803275748E-03  -0.3742977315683849E-03   0.5207303098115954E-04   0.1006398905583909E-06   0.3571596523281553E-07   0.1042630938997569E-03
  0.7012500000000000E+02   0.9992532433996295E+00   0.1021612446665861E-03  -0.3734467258238450E-03   0.5109970535094694E-04   0.9882924155630769E-07   0.3553167715534395E-07   0.1023139938442400E-03
  0.7017500000000000E+02   0.9992549958269937E+00   0.1002622135090196E-03  -0.3725702332917358E-03   0.5014979107386971E-04   0.9706121906856837E-07   0.3534406196662784E-07   0.1004117711450054E-03
  0.7022500000000001E+02   0.9992568104533371E+00   0.9842210732295447E-04  -0.3716626281214941E-03   0.4922935037121692E-04   0.9534766128957976E-07   0.3515222305242142E-07   0.9856856217576362E-04
  0.7027499999999999E+02   0.9992586932416950E+00   0.9665836821399454E-04  -0.3707209274340650E-03   0.4834710739148820E-04   0.9370559915818926E-07   0.3495581984016832E-07   0.9680183382078133E-04
  0.7032499999999999E+02   0.9992606434684286E+00   0.9499178795140273E-04  -0.3697454928859312E-03   0.4751346186407702E-04   0.9215536163066219E-07   0.3475516399971088E-07   0.9513240862439370E-04
  0.7037500000000000E+02   0.9992626529842633E+00   0.9344430961824326E-04  -0.3687404003245298E-03   0.4673938951032059E-04   0.9071845299522625E-07   0.3455125259018592E-07   0.9358226312712034E-04
  0.7042500000000000E+02   0.9992647061045924E+00   0.9203681461306292E-04  -0.3677134946847849E-03   0.4603533512048760E-04   0.8941540684351400E-07   0.3434574477788159E-07   0.9217231147458194E-04
  0.7047499999999999E+02   0.9992667800321563E+00   0.9078704384521965E-04  -0.3666761785899864E-03   0.4541017275122335E-04   0.8826376134537186E-07   0.3414089342082283E-07   0.9092032340922775E-04
  0.7052499999999999E+02   0.9992688456981595E+00   0.8970772564970325E-04  -0.3656429916483184E-03   0.4487026932436345E-04   0.8727622704419370E-07   0.3393944317076446E-07   0.8983904931473200E-04
  0.7057499999999999E+02   0.9992708689342932E+00   0.8880491886788187E-04  -0.3646310242368944E-03   0.4441865585392018E-04   0.8645905639821071E-07   0.3374450336052531E-07   0.8893456078821911E-04
  0.7062500000000000E+02   0.9992728119445218E+00   0.8807654786513560E-04  -0.3636591813487300E-03   0.4405429468130650E-04   0.8581059347292979E-07   0.3355939832227071E-07   0.8820478346792955E-04
  0.7067500000000001E+02   0.9992746351115324E+00   0.8751111878471141E-04  -0.3627472790587172E-03   0.4377143736215932E-04   0.8531999427024193E-07   0.3338749190583622E-07   0.8763821136517074E-04
  0.7072499999999999E+02   0.9992762992244203E+00   0.8708666600146253E-04  -0.3619149303006886E-03   0.4355909768853517E-04   0.8496616632719046E-07   0.3323197898689193E-07   0.8721285167973069E-04
  0.7077499999999999E+02   0.9992777682252330E+00   0.8677007772410676E-04  -0.3611801711305151E-03   0.4340071433948570E-04   0.8471707410422823E-07   0.3309563689863457E-07   0.8689554919695129E-04
  0.7082500000000000E+02   0.9992790125156956E+00   0.8651707008700277E-04  -0.3605578067926718E-03   0.4327413787174326E-04   0.8452967513303377E-07   0.3298053606434766E-07   0.8664195993745164E-04
  0.7087500000000000E+02   0.9992800127208440E+00   0.8627318157954564E-04  -0.3600575292370678E-03   0.4315212803837563E-04   0.8435085361119554E-07   0.3288772301971536E-07   0.8639754641832088E-04
  0.7092500000000000E+02   0.9992807635723069E+00   0.8597618520830714E-04  -0.3596819747548885E-03   0.4300356020961125E-04   0.8411974519439860E-07   0.3281690986295209E-07   0.8609999253435827E-04
  0.7097499999999999E+02   0.9992812772902444E+00   0.8556019415277648E-04  -0.3594250323282200E-03   0.4279547884275480E-04   0.8377172986081705E-07   0.3276622764757234E-07   0.8568331435249950E-04
  0.7102499999999999E+02   0.9992815856063104E+00   0.8496141734812714E-04  -0.3592708316559889E-03   0.4249597623878892E-04   0.8324405839457337E-07   0.3273211824315481E-07   0.8508362342012534E-04
  0.7107500000000000E+02   0.9992817395244991E+00   0.8412502381775999E-04  -0.3591938626026359E-03   0.4207762593386833E-04   0.8248258991006786E-07   0.3270943734352791E-07   0.8424600090453417E-04
  0.7112500000000000E+02   0.9992818061960534E+00   0.8301203162755982E-04  -0.3591605381255691E-03   0.4152092849280086E-04   0.8144858211225910E-07   0.3269181045225184E-07   0.8313139708393062E-04
  0.7117500000000000E+02   0.9992818629146618E+00   0.8160478453259766E-04  -0.3591321976209594E-03   0.4081705098351895E-04   0.8012412355885090E-07   0.3267222433539856E-07   0.8172211720870042E-04
  0.7122499999999999E+02   0.9992819890582850E+00   0.7990965441238924E-04  -0.3590691374125710E-03   0.3996917890478705E-04   0.7851486291257952E-07   0.3264376547961249E-07   0.8002452962131278E-04
  0.7127499999999999E+02   0.9992822574913089E+00   0.7795619336044899E-04  -0.3589349112891327E-03   0.3899209230341640E-04   0.7664925855468315E-07   0.3260036379736924E-07   0.7806821842672148E-04
  0.7132500000000000E+02   0.9992827271684628E+00   0.7579288181571121E-04  -0.3587000300389054E-03   0.3791003924006979E-04   0.7457447533204814E-07   0.3253739076101509E-07   0.7590172682277828E-04
  0.7137500000000000E+02   0.9992834383226448E+00   0.7348050743993649E-04  -0.3583443686138166E-03   0.3675342410252266E-04   0.7234993071033972E-07   0.3245200311493501E-07   0.7358592696965901E-04
  0.7142500000000000E+02   0.9992844108351555E+00   0.7108470279963797E-04  -0.3578579815080030E-03   0.3555507506721490E-04   0.7003998448996028E-07   0.3234319779877602E-07   0.7118654663049073E-04
  0.7147499999999999E+02   0.9992856455298291E+00   0.6866912218349463E-04  -0.3572404556045905E-03   0.3434683116936283E-04   0.6770722767701104E-07   0.3221161823894575E-07   0.6876733527380500E-04
  0.7152499999999999E+02   0.9992871275290992E+00   0.6629026840158988E-04  -0.3564992316096305E-03   0.3315695462964293E-04   0.6540737106563153E-07   0.3205919949720316E-07   0.6638488228405198E-04
  0.7157500000000000E+02   0.9992888306033533E+00   0.6399435751698312E-04  -0.3556474285960620E-03   0.3200856252144537E-04   0.6318612462714108E-07   0.3188875052101323E-07   0.6408547610128800E-04
  0.7162500000000000E+02   0.9992907215791296E+00   0.6181608148537511E-04  -0.3547016390690327E-03   0.3091900776542034E-04   0.6107793924024371E-07   0.3170355374758388E-07   0.6190386425665693E-04
  0.7167500000000000E+02   0.9992927641853383E+00   0.5977882141648699E-04  -0.3536800050992772E-03   0.2989998573535084E-04   0.5910617768528399E-07   0.3150703120311437E-07   0.5986346643481129E-04
  0.7172499999999999E+02   0.9992949220508363E+00   0.5789577789703941E-04  -0.3526007189296188E-03   0.2895809959525583E-04   0.5728419397129527E-07   0.3130249593353286E-07   0.5797750620240245E-04
  0.7177500000000001E+02   0.9992971608245745E+00   0.5617154935039898E-04  -0.3514809624634019E-03   0.2809564976121860E-04   0.5561686100768346E-07   0.3109298575355062E-07   0.5625059162495371E-04
  0.7182499999999999E+02   0.9992994495412427E+00   0.5460382233998003E-04  -0.3503362241551455E-03   0.2731147937054878E-04   0.5410221575470285E-07   0.3088116455244763E-07   0.5468040811136549E-04
  0.7187500000000000E+02   0.9993017614139855E+00   0.5318497746924555E-04  -0.3491799024821773E-03   0.2660177754071029E-04   0.5273302769548142E-07   0.3066927286988109E-07   0.5325932678675036E-04
  0.7192500000000001E+02   0.9993040742310485E+00   0.5190352785706426E-04  -0.3480231075358997E-03   0.2596079888643470E-04   0.5149820783631009E-07   0.3045911116152621E-07   0.5197584520456368E-04
  0.7197499999999999E+02   0.9993063704942481E+00   0.5074538278799561E-04  -0.3468745917569738E-03   0.2538149558991874E-04   0.5038405007195067E-07   0.3025204343158351E-07   0.5081585295846462E-04
  0.7202499999999999E+02   0.9993086373859967E+00   0.4969496815463899E-04  -0.3457407664281265E-03   0.2485607783672116E-04   0.4937533548279381E-07   0.3004901381036749E-07   0.4976375384343083E-04
  0.7207499999999999E+02   0.9993108666028867E+00   0.4873624405972408E-04  -0.3446257849150092E-03   0.2437652280816830E-04   0.4845633900824084E-07   0.2985057300952976E-07   0.4880348498959751E-04
  0.7212500000000000E+02   0.9993130540569495E+00   0.4785364649896040E-04  -0.3435316920937792E-03   0.2393504569622856E-04   0.4761176478631090E-07   0.2965691468217650E-07   0.4791945993347461E-04
  0.7217500000000001E+02   0.9993151994264691E+00   0.4703295335080824E-04  -0.3424586490268222E-03   0.2352453285514468E-04   0.4682761002037751E-07   0.2946792316192675E-07   0.4709743586237632E-04
  0.7222499999999999E+02   0.9993173055391368E+00   0.4626204485261738E-04  -0.3414052414961732E-03   0.2313892217562202E-04   0.4609192729897052E-07   0.2928323375240346E-07   0.4632527518009894E-04
  0.7227499999999999E+02   0.9993193775897361E+00   0.4553150563107968E-04  -0.3403688712999564E-03   0.2277350420746248E-04   0.4539543208716894E-07   0.2910230493299977E-07   0.4559354839709553E-04
  0.7232500000000000E+02   0.9993214222259199E+00   0.4483500792294058E-04  -0.3393462135234948E-03   0.2242511383893937E-04   0.4473189440047610E-07   0.2892449917378560E-07   0.4489591790364013E-04
  0.7237500000000000E+02   0.9993234465683953E+00   0.4416942821830130E-04  -0.3383337066183989E-03   0.2209218864122095E-04   0.4409826591446278E-07   0.2874916644408630E-07   0.4422925479541550E-04
  0.7242500000000001E+02   0.9993254572542398E+00   0.4353467990964817E-04  -0.3373280309117987E-03   0.2177468516649502E-04   0.4349452382234323E-07   0.2857572291427890E-07   0.4359347131132343E-04
  0.7247499999999999E+02   0.9993274595956469E+00   0.4293328386421483E-04  -0.3363265293802042E-03   0.2147386416231350E-04   0.4292325198185358E-07   0.2840371741894988E-07   0.4299109083086682E-04
  0.7252499999999999E+02   0.9993294569292954E+00   0.4236973497860994E-04  -0.3353275330796324E-03   0.2119197374158082E-04   0.4238901617187514E-07   0.2823288001326229E-07   0.4242661356973739E-04
  0.7257500000000000E+02   0.9993314501994126E+00   0.4184974497309246E-04  -0.3343305696870136E-03   0.2093187065078552E-04   0.4189761282392458E-07   0.2806314984064239E-07   0.4190575834231615E-04
  0.7262500000000000E+02   0.9993334377809443E+00   0.4137944476278597E-04  -0.3333364519478854E-03   0.2069662131971101E-04   0.4145527412237776E-07   0.2789468261949275E-07   0.4143466384515975E-04
  0.7267500000000000E+02   0.9993354155189580E+00   0.4096461553008760E-04  -0.3323472579689346E-03   0.2048911726698569E-04   0.4106789857828207E-07   0.2772784045462932E-07   0.4101911868364174E-04
  0.7272499999999999E+02   0.9993373769438062E+00   0.4060999330818183E-04  -0.3313662236008597E-03   0.2031172727445266E-04   0.4074035217028479E-07   0.2756316784545460E-07   0.4066386501589177E-04
  0.7277499999999999E+02   0.9993393136205151E+00   0.4031866666667238E-04  -0.3303975676851589E-03   0.2016599612940730E-04   0.4047586007561208E-07   0.2740135762436412E-07   0.4037199543339671E-04
  0.7282500000000000E+02   0.9993412156023205E+00   0.4009156895956741E-04  -0.3294462652113639E-03   0.2005239066499685E-04   0.4027549090742339E-07   0.2724320943992887E-07   0.4014444453991090E-04
  0.7287500000000000E+02   0.9993430719760754E+00   0.3992706048311230E-04  -0.3285177745241397E-03   0.1997009077133339E-04   0.4013772923718926E-07   0.2708958185146544E-07   0.3997957056659667E-04
  0.7292499999999998E+02   0.9993448715041400E+00   0.3982060321663471E-04  -0.3276177162739868E-03   0.1991682671360069E-04   0.4005813952381782E-07   0.2694133773467464E-07   0.3987282969414236E-04
  0.7297499999999999E+02   0.9993466033760898E+00   0.3976454974446351E-04  -0.3267514974439889E-03   0.1988877355877441E-04   0.4002914363641215E-07   0.2679928208647565E-07   0.3981656470063456E-04
  0.7302499999999999E+02   0.9993482580779007E+00   0.3974809354273589E-04  -0.3259238766185613E-03   0.1988052630957198E-04   0.4003996005022980E-07   0.2666409192256799E-07   0.3979995517269416E-04
  0.7307500000000000E+02   0.9993498283618308E+00   0.3975745183583388E-04  -0.3251384788893752E-03   0.1988519135878776E-04   0.4007677726995650E-07   0.2653624007125718E-07   0.3980920057093707E-04
  0.7312500000000000E+02   0.9993513102566444E+00   0.3977636320068486E-04  -0.3243972905806469E-03   0.1989463536615230E-04   0.4012324549740065E-07   0.2641591821782789E-07   0.3982801843221515E-04
  0.7317499999999998E+02   0.9993527040015651E+00   0.3978696683720705E-04  -0.3237001921211347E-03   0.1989992502815834E-04   0.4016135561212377E-07   0.2630296893332128E-07   0.3983852471738127E-04
  0.7322499999999999E+02   0.9993540147342957E+00   0.3977107848920297E-04  -0.3230446139182996E-03   0.1989196523683149E-04   0.4017272244616204E-07   0.2619684027775228E-07   0.3982251131951260E-04
  0.7327500000000001E+02   0.9993552527380025E+00   0.3971178907315215E-04  -0.3224254128166848E-03   0.1986229864641664E-04   0.4014019953203164E-07   0.2609657795349020E-07   0.3976304671197721E-04
  0.7332500000000000E+02   0.9993564330800893E+00   0.3959520331035931E-04  -0.3218350527572911E-03   0.1980397526860503E-04   0.4004964208528845E-07   0.2600086696949730E-07   0.3964621681488022E-04
  0.7337500000000000E+02   0.9993575745701332E+00   0.3941204293962556E-04  -0.3212641259643378E-03   0.1971235434210119E-04   0.3989154012690574E-07   0.2590812656695613E-07   0.3946273031461940E-04
  0.7342500000000000E+02   0.9993586981120290E+00   0.3915880631571538E-04  -0.3207021771292062E-03   0.1958568432946272E-04   0.3966220893447434E-07   0.2581665015114050E-07   0.3920907984400661E-04
  0.7347499999999999E+02   0.9993598246822109E+00   0.3883823350034245E-04  -0.3201387146209989E-03   0.1942533555212597E-04   0.3936428038436004E-07   0.2572476989834174E-07   0.3888800778991773E-04
  0.7352500000000001E+02   0.9993609732724461E+00   0.3845896818261854E-04  -0.3195642394238085E-03   0.1923563111113514E-04   0.3900638161472947E-07   0.2563101825580563E-07   0.3850816789768391E-04
  0.7357499999999999E+02   0.9993621591468250E+00   0.3803448974745309E-04  -0.3189711169310216E-03   0.1902331276104566E-04   0.3860207153726173E-07   0.2553425900548156E-07   0.3808305605654767E-04
  0.7362500000000000E+02   0.9993633926727528E+00   0.3758154490733242E-04  -0.3183541616507135E-03   0.1879675647931694E-04   0.3816826466687542E-07   0.2543376887311439E-07   0.3762943995853994E-04
  0.7367500000000000E+02   0.9993646788328023E+00   0.3711838567267334E-04  -0.3177108813695595E-03   0.1856509116781430E-04   0.3772345162976907E-07   0.2532926342891356E-07   0.3716559479834129E-04
  0.7372499999999999E+02   0.9993660173677900E+00   0.3666310385725504E-04  -0.3170414056019588E-03   0.1833736563280278E-04   0.3728601054595435E-07   0.2522087338636233E-07   0.3670963559586577E-04
  0.7377499999999999E+02   0.9993674033918929E+00   0.3623226560189907E-04  -0.3163481779373534E-03   0.1812186562011929E-04   0.3687281683878153E-07   0.2510908550764253E-07   0.3627814990569697E-04
  0.7382500000000000E+02   0.9993688282794481E+00   0.3583993636634087E-04  -0.3156355125003563E-03   0.1792562614736635E-04   0.3649824503654718E-07   0.2499466478532762E-07   0.3588522149836381E-04
  0.7387500000000000E+02   0.9993702806420377E+00   0.3549708774609847E-04  -0.3149091052487840E-03   0.1775413481175727E-04   0.3617355564671468E-07   0.2487857233808233E-07   0.3554183637208653E-04
  0.7392500000000000E+02   0.9993717472687288E+00   0.3521131485240033E-04  -0.3141755637010579E-03   0.1761119043188155E-04   0.3590659627804994E-07   0.2476188868120258E-07   0.3525559974691845E-04
  0.7397499999999999E+02   0.9993732139655863E+00   0.3498677043370894E-04  -0.3134419870411964E-03   0.1749887009746879E-04   0.3570172277042881E-07   0.2464574682839095E-07   0.3503067009824153E-04
  0.7402499999999999E+02   0.9993746662840544E+00   0.3482423083333422E-04  -0.3127156018108979E-03   0.1741756216010008E-04   0.3555985467765736E-07   0.2453127548286875E-07   0.3486782520966663E-04
  0.7407500000000000E+02   0.9993760901623520E+00   0.3472123651291857E-04  -0.3120034411080441E-03   0.1736603651961181E-04   0.3547860721791601E-07   0.2441955000942017E-07   0.3476460289391199E-04
  0.7412500000000000E+02   0.9993774725176481E+00   0.3467228445893097E-04  -0.3113120484071752E-03   0.1734154086007317E-04   0.3545247685620972E-07   0.2431154801766418E-07   0.3471549366127366E-04
  0.7417500000000000E+02   0.9993788018213831E+00   0.3466908223621973E-04  -0.3106471898101093E-03   0.1733992771792695E-04   0.3547309075785460E-07   0.2420810700210567E-07   0.3471219510425571E-04
  0.7422499999999999E+02   0.9993800686693665E+00   0.3470089686943816E-04  -0.3100135689108052E-03   0.1735582897720171E-04   0.3552955438247792E-07   0.2410988323691713E-07   0.3474396121519597E-04
  0.7427499999999999E+02   0.9993812663273878E+00   0.3475504055639247E-04  -0.3094145539066506E-03   0.1738289880007406E-04   0.3560894071189123E-07   0.2401731356469608E-07   0.3479808869099120E-04
  0.7432500000000000E+02   0.9993823911992344E+00   0.3481752526667022E-04  -0.3088519435181514E-03   0.1741414102463526E-04   0.3569695463587159E-07   0.2393058426560526E-07   0.3486057231970019E-04
  0.7437500000000000E+02   0.9993834431371271E+00   0.3487388827645644E-04  -0.3083258117222432E-03   0.1744232205633456E-04   0.3577877541677627E-07   0.2384961307590646E-07   0.3491693150808951E-04
  0.7442500000000000E+02   0.9993844255059350E+00   0.3491014470250003E-04  -0.3078344756310969E-03   0.1746044727888239E-04   0.3584003295307940E-07   0.2377405080899566E-07   0.3495316396748162E-04
  0.7447499999999999E+02   0.9993853449313592E+00   0.3491377223387505E-04  -0.3073746214341533E-03   0.1746225357051815E-04   0.3586782106547529E-07   0.2370330728381653E-07   0.3495673164916329E-04
  0.7452500000000001E+02   0.9993862107106205E+00   0.3487459444527971E-04  -0.3069415991393543E-03   0.1744265109786106E-04   0.3585161060324715E-07   0.2363660233788876E-07   0.3491744515580635E-04
  0.7457500000000000E+02   0.9993870339328896E+00   0.3478541970520887E-04  -0.3065298624875812E-03   0.1739804287229363E-04   0.3578391479068298E-07   0.2357303740750757E-07   0.3482810346840913E-04
  0.7462500000000000E+02   0.9993878264261149E+00   0.3464232261752860E-04  -0.3061334956979689E-03   0.1732646552022209E-04   0.3566058924755943E-07   0.2351167805848443E-07   0.3468477578386111E-04
  0.7467499999999998E+02   0.9993885996934606E+00   0.3444452004654129E-04  -0.3057467454120610E-03   0.1722752728366912E-04   0.3548071556289378E-07   0.2345163471777283E-07   0.3448667744447114E-04
  0.7472499999999999E+02   0.9993893640091619E+00   0.3419387580210664E-04  -0.3053644729077432E-03   0.1710216029321684E-04   0.3524610158678214E-07   0.2339212887831017E-07   0.3423567406591614E-04
  0.7477500000000001E+02   0.9993901278075191E+00   0.3389414182399273E-04  -0.3049824597015638E-03   0.1695224104816869E-04   0.3496050787706003E-07   0.2333253527029943E-07   0.3393552182508724E-04
  0.7482500000000000E+02   0.9993908974325980E+00   0.3355008803303540E-04  -0.3045975327425898E-03   0.1678015521039382E-04   0.3462875608745732E-07   0.2327239581334580E-07   0.3359099625688935E-04
  0.7487499999999999E+02   0.9993916772412057E+00   0.3316667895799976E-04  -0.3042075129153776E-03   0.1658838579058451E-04   0.3425588206141095E-07   0.2321140691008609E-07   0.3320706786324518E-04
  0.7492500000000000E+02   0.9993924699880373E+00   0.3274842733000268E-04  -0.3038110224110602E-03   0.1637918984341393E-04   0.3384646841608197E-07   0.2314938630258458E-07   0.3278825489070455E-04
  0.7497499999999999E+02   0.9993932773816796E+00   0.3229900603972235E-04  -0.3034072066443461E-03   0.1615440438256989E-04   0.3340424165352215E-07   0.2308622845144428E-07   0.3233823477883688E-04
  0.7502500000000001E+02   0.9993941006861292E+00   0.3182114451508370E-04  -0.3029954334018425E-03   0.1591539454941111E-04   0.3293196201563682E-07   0.2302185809953567E-07   0.3185974037633520E-04
  0.7507500000000000E+02   0.9993949412509570E+00   0.3131678449733531E-04  -0.3025750276783867E-03   0.1566313152112119E-04   0.3243158154476934E-07   0.2295619070911806E-07   0.3135471587807715E-04
  0.7512499999999999E+02   0.9993958008783985E+00   0.3078742956030095E-04  -0.3021450880730248E-03   0.1539836732120092E-04   0.3190460356542312E-07   0.2288910629798904E-07   0.3082466675148574E-04
  0.7517500000000000E+02   0.9993966819720556E+00   0.3023459574541095E-04  -0.3017044124131729E-03   0.1512186020465311E-04   0.3135254847019869E-07   0.2282044028831956E-07   0.3027111091315716E-04
  0.7522499999999999E+02   0.9993975874546762E+00   0.2966025960002380E-04  -0.3012515388740589E-03   0.1483459874571263E-04   0.3077741867873148E-07   0.2274999170108683E-07   0.2969602731598786E-04
  0.7527500000000001E+02   0.9993985204860159E+00   0.2906720644177945E-04  -0.3007848870898444E-03   0.1453797602436673E-04   0.3018206185161974E-07   0.2267754581107372E-07   0.2910220464848067E-04
  0.7532500000000000E+02   0.9993994840488503E+00   0.2845920575613986E-04  -0.3003029652086653E-03   0.1423387735364565E-04   0.2957035592970621E-07   0.2260290575329097E-07   0.2849341696055830E-04
  0.7537499999999999E+02   0.9994004804941076E+00   0.2784097850550795E-04  -0.2998045973963137E-03   0.1392466393101769E-04   0.2894717854185512E-07   0.2252592609032664E-07   0.2787439094736258E-04
  0.7542500000000000E+02   0.9994015111392957E+00   0.2721796474759576E-04  -0.2992891246845764E-03   0.1361305661359605E-04   0.2831816851290000E-07   0.2244654136822808E-07   0.2725057329568529E-04
  0.7547500000000001E+02   0.9994025759975064E+00   0.2659593886582395E-04  -0.2987565405112580E-03   0.1330194347552680E-04   0.2768932775492337E-07   0.2236478417513556E-07   0.2662774545166575E-04
  0.7552499999999999E+02   0.9994036736828420E+00   0.2598054473206203E-04  -0.2982075380230098E-03   0.1299414731871164E-04   0.2706653814989693E-07   0.2228078970272821E-07   0.2601155821809384E-04
  0.7557500000000000E+02   0.9994048015016685E+00   0.2537682990591859E-04  -0.2976434644358372E-03   0.1269219270116616E-04   0.2645507550328574E-07   0.2219478655993493E-07   0.2540706538314417E-04
  0.7562500000000000E+02   0.9994059557073596E+00   0.2478884831053941E-04  -0.2970661936253505E-03   0.1239810721378786E-04   0.2585919300322612E-07   0.2210707589069410E-07   0.2481832590689982E-04
  0.7567500000000000E+02   0.9994071318753098E+00   0.2421938106523123E-04  -0.2964779385632443E-03   0.1211328185344876E-04   0.2528182637636241E-07   0.2201800228027162E-07   0.2424812440806131E-04
  0.7572499999999999E+02   0.9994083253460992E+00   0.2366980288499194E-04  -0.2958810296682657E-03   0.1183840420172081E-04   0.2472444994262297E-07   0.2192792045789123E-07   0.2369783739508011E-04
  0.7577499999999999E+02   0.9994095316847038E+00   0.2314010227199585E-04  -0.2952776851311567E-03   0.1157346852299233E-04   0.2418709286896507E-07   0.2183716167734590E-07   0.2316745347664036E-04
  0.7582500000000000E+02   0.9994107471078519E+00   0.2262904955421474E-04  -0.2946697971717427E-03   0.1131785980856158E-04   0.2366851014643034E-07   0.2174600324658721E-07   0.2265574159863155E-04
  0.7587500000000000E+02   0.9994119688362813E+00   0.2213449618920736E-04  -0.2940587558573071E-03   0.1107050347308169E-04   0.2316649164880319E-07   0.2165464425483609E-07   0.2216055070449932E-04
  0.7592500000000000E+02   0.9994131953328144E+00   0.2165377848726113E-04  -0.2934453300285078E-03   0.1083006727629669E-04   0.2267828179019990E-07   0.2156319017080865E-07   0.2167921393992337E-04
  0.7597499999999999E+02   0.9994144263930201E+00   0.2118418659260471E-04  -0.2928296219545379E-03   0.1059519588350745E-04   0.2220106924423163E-07   0.2147164849127561E-07   0.2120901819315745E-04
  0.7602500000000001E+02   0.9994156630667288E+00   0.2072344567297660E-04  -0.2922111065869482E-03   0.1036475153200297E-04   0.2173249140672022E-07   0.2137993671977175E-07   0.2074768585802968E-04
  0.7607499999999999E+02   0.9994169074089093E+00   0.2027014509949219E-04  -0.2915887561568686E-03   0.1013802868492021E-04   0.2127108627145880E-07   0.2128790244563418E-07   0.2029380452544952E-04
  0.7612500000000000E+02   0.9994181620866034E+00   0.1982404980228123E-04  -0.2909612367663073E-03   0.9914909755545515E-05   0.2081662235780922E-07   0.2119535326109618E-07   0.1984713871107233E-04
  0.7617500000000000E+02   0.9994194298983988E+00   0.1938624185017701E-04  -0.2903271487216808E-03   0.9695935918517917E-05   0.2037025153231136E-07   0.2110209217963478E-07   0.1940877160593666E-04
  0.7622499999999999E+02   0.9994207132840252E+00   0.1895907023511440E-04  -0.2896852718089482E-03   0.9482281994994291E-05   0.1993446075229714E-07   0.2100795284703860E-07   0.1898105480456729E-04
  0.7627500000000001E+02   0.9994220139044706E+00   0.1854592588743897E-04  -0.2890347752966260E-03   0.9275643927377765E-05   0.1951283971950131E-07   0.2091282882281926E-07   0.1856738305675988E-04
  0.7632499999999999E+02   0.9994233323543533E+00   0.1815089460541589E-04  -0.2883753617923812E-03   0.9078065193042366E-05   0.1910971906658974E-07   0.2081669272722076E-07   0.1817184678867123E-04
  0.7637500000000000E+02   0.9994246680338007E+00   0.1777836063501531E-04  -0.2877073313223288E-03   0.8891738535872628E-05   0.1872975511633361E-07   0.2071960363038974E-07   0.1779883521557414E-04
  0.7642500000000000E+02   0.9994260191689133E+00   0.1743263224633247E-04  -0.2870315710958860E-03   0.8718818699395624E-05   0.1837753618947975E-07   0.2062170380623096E-07   0.1745266147745865E-04
  0.7647499999999999E+02   0.9994273829405018E+00   0.1711764073474381E-04  -0.2863494911169440E-03   0.8561271883218979E-05   0.1805726481924381E-07   0.2052320799888290E-07   0.1713726128691260E-04
  0.7652500000000001E+02   0.9994287556674977E+00   0.1683673496251928E-04  -0.2856629324519133E-03   0.8420772983963749E-05   0.1777253957220951E-07   0.2042438917253651E-07   0.1685598723164340E-04
  0.7657500000000000E+02   0.9994301329945066E+00   0.1659256505167329E-04  -0.2849740734242046E-03   0.8298647425197313E-05   0.1752623018821031E-07   0.2032556436412856E-07   0.1661149233533213E-04
  0.7662499999999999E+02   0.9994315100476129E+00   0.1638702813513829E-04  -0.2842853516882293E-03   0.8195844025970451E-05   0.1732041783332681E-07   0.2022708311536806E-07   0.1640567575238767E-04
  0.7667500000000000E+02   0.9994328815425289E+00   0.1622123858118306E-04  -0.2835994101385575E-03   0.8112920109949215E-05   0.1715636101353745E-07   0.2012931948396958E-07   0.1623965296774030E-04
  0.7672499999999999E+02   0.9994342418498364E+00   0.1609548390831406E-04  -0.2829190642787971E-03   0.8050019458129548E-05   0.1703444622164524E-07   0.2003266715866991E-07   0.1611371167384365E-04
  0.7677500000000001E+02   0.9994355850411218E+00   0.1600913382478445E-04  -0.2822472791477182E-03   0.8006826817476063E-05   0.1695408876002940E-07   0.1993753588335659E-07   0.1602722072122592E-04
  0.7682499999999999E+02   0.9994369049567046E+00   0.1596048265136509E-04  -0.2815871354451271E-03   0.7982489091919660E-05   0.1691356259247863E-07   0.1984434626400581E-07   0.1597847237809531E-04
  0.7687499999999999E+02   0.9994381953495430E+00   0.1594652597804161E-04  -0.2809417575596607E-03   0.7975503641031141E-05   0.1690975980525346E-07   0.1975351914805536E-07   0.1596445874954327E-04
  0.7692500000000000E+02   0.9994394501672279E+00   0.1596270318786005E-04  -0.2803141725348235E-03   0.7983589507216598E-05   0.1693791292523467E-07   0.1966545537555501E-07   0.1598061402345850E-04
  0.7697500000000001E+02   0.9994406640265960E+00   0.1600267933730759E-04  -0.2797070726966444E-03   0.8003578326118493E-05   0.1699135795946396E-07   0.1958050236734732E-07   0.1602059611249580E-04
  0.7702500000000001E+02   0.9994418329008279E+00   0.1605828694555048E-04  -0.2791224720116725E-03   0.8031385212869534E-05   0.1706146642871328E-07   0.1949890658549253E-07   0.1607622837636469E-04
  0.7707499999999999E+02   0.9994429549655162E+00   0.1611978167488133E-04  -0.2785612829371287E-03   0.8062136636565360E-05   0.1713791087444433E-07   0.1942075609335369E-07   0.1613775557637888E-04
  0.7712500000000000E+02   0.9994440314410129E+00   0.1617655212623942E-04  -0.2780228951303476E-03   0.8090525414418552E-05   0.1720941453170153E-07   0.1934592494043556E-07   0.1619455444244162E-04
  0.7717500000000000E+02   0.9994450671577938E+00   0.1621832719995265E-04  -0.2775048926882961E-03   0.8111414557202574E-05   0.1726503361575246E-07   0.1927403839658683E-07   0.1623634235491294E-04
  0.7722500000000001E+02   0.9994460705299001E+00   0.1623673885263750E-04  -0.2770030674273949E-03   0.8120618862653113E-05   0.1729582318412617E-07   0.1920448028496197E-07   0.1625474182183002E-04
  0.7727499999999999E+02   0.9994470527231244E+00   0.1622688406687784E-04  -0.2765118349030704E-03   0.8115686116698546E-05   0.1729650862974242E-07   0.1913645589108120E-07   0.1624484418043373E-04
  0.7732499999999999E+02   0.9994480260601522E+00   0.1618841111818178E-04  -0.2760250320569257E-03   0.8096440379306136E-05   0.1726665625384060E-07   0.1906910585423492E-07   0.1620629708358052E-04
  0.7737500000000000E+02   0.9994490020106629E+00   0.1612574320269676E-04  -0.2755369224435311E-03   0.8065093832482203E-05   0.1721092764476048E-07   0.1900164563604167E-07   0.1614352840072242E-04
  0.7742500000000000E+02   0.9994499892947156E+00   0.1604734041918586E-04  -0.2750431448006463E-03   0.8025877672227682E-05   0.1713830795767766E-07   0.1893349372283670E-07   0.1606500740730390E-04
  0.7747499999999999E+02   0.9994509925660853E+00   0.1596423760752483E-04  -0.2745413715651290E-03   0.7984310827407976E-05   0.1706055726331978E-07   0.1886435717078781E-07   0.1598178101957042E-04
  0.7752500000000001E+02   0.9994520118825532E+00   0.1588829098248954E-04  -0.2740315738031240E-03   0.7946323034651901E-05   0.1699034443898644E-07   0.1879426174069280E-07   0.1590571849159629E-04
  0.7757499999999999E+02   0.9994530428792792E+00   0.1583053761110552E-04  -0.2735159345007565E-03   0.7917434350007850E-05   0.1693949455135870E-07   0.1872353388251940E-07   0.1584786907573073E-04
  0.7762500000000000E+02   0.9994540773941646E+00   0.1579988430410533E-04  -0.2729985357964315E-03   0.7902099413622301E-05   0.1691758216986635E-07   0.1865275275689556E-07   0.1581714946505385E-04
  0.7767500000000000E+02   0.9994551042980265E+00   0.1580213228918370E-04  -0.2724849437786281E-03   0.7903219652954654E-05   0.1693087902522420E-07   0.1858268952461935E-07   0.1581936739889132E-04
  0.7772499999999999E+02   0.9994561104068603E+00   0.1583921726299542E-04  -0.2719817522294221E-03   0.7921763206535369E-05   0.1698152854763647E-07   0.1851424216286251E-07   0.1585646089655558E-04
  0.7777499999999999E+02   0.9994570815140068E+00   0.1590854026863560E-04  -0.2714960664012001E-03   0.7956430273839744E-05   0.1706681470082061E-07   0.1844836303125165E-07   0.1592582842361207E-04
  0.7782499999999999E+02   0.9994580037024410E+00   0.1600237510378335E-04  -0.2710348466967716E-03   0.8003356740458886E-05   0.1717851020173778E-07   0.1838596836092824E-07   0.1601973566856422E-04
  0.7787500000000000E+02   0.9994588651198520E+00   0.1610753119513564E-04  -0.2706040208929616E-03   0.8055945568830842E-05   0.1730249670198635E-07   0.1832781784099555E-07   0.1612497804524751E-04
  0.7792500000000000E+02   0.9994596582619140E+00   0.1620566528553969E-04  -0.2702073422011786E-03   0.8105022679406528E-05   0.1741908095960532E-07   0.1827436232602708E-07   0.1622319268086758E-04
  0.7797499999999999E+02   0.9994603824773790E+00   0.1627474778642083E-04  -0.2698451363829513E-03   0.8139570316672614E-05   0.1750455421078728E-07   0.1822558031074087E-07   0.1629232628748873E-04
  0.7802499999999999E+02   0.9994610459541172E+00   0.1629201776416132E-04  -0.2695133084564816E-03   0.8148204931749796E-05   0.1753435975638607E-07   0.1818085382130167E-07   0.1630959326491450E-04
  0.7807500000000000E+02   0.9994616661330201E+00   0.1623817866970844E-04  -0.2692031356764657E-03   0.8121275607713508E-05   0.1748760899612794E-07   0.1813895357813256E-07   0.1625567591622550E-04
  0.7812500000000000E+02   0.9994622677161616E+00   0.1610175286351461E-04  -0.2689022637071270E-03   0.8053041912957430E-05   0.1735178596777457E-07   0.1809818604345709E-07   0.1611908370179025E-04
  0.7817500000000000E+02   0.9994628783561179E+00   0.1588197075159624E-04  -0.2685968625317781E-03   0.7943118872606020E-05   0.1712588976387210E-07   0.1805669156958156E-07   0.1589904560373833E-04
  0.7822500000000001E+02   0.9994635233101561E+00   0.1558890720280166E-04  -0.2682743000790300E-03   0.7796545214111181E-05   0.1682061869375122E-07   0.1801280359794592E-07   0.1560564683910938E-04
  0.7827499999999999E+02   0.9994642209581487E+00   0.1524078048779835E-04  -0.2679253838806517E-03   0.7622432487049373E-05   0.1645549136713718E-07   0.1796534124943733E-07   0.1525712500018460E-04
  0.7832500000000000E+02   0.9994649806055348E+00   0.1485960808245150E-04  -0.2675454599033733E-03   0.7431792383536909E-05   0.1605418134696240E-07   0.1791374358318408E-07   0.1487552120580788E-04
  0.7837499999999999E+02   0.9994658028046911E+00   0.1446689911098537E-04  -0.2671342518333342E-03   0.7235382373949877E-05   0.1563987341546642E-07   0.1785803498915493E-07   0.1448236785574958E-04
  0.7842500000000000E+02   0.9994666814025354E+00   0.1408060256928464E-04  -0.2666948370042554E-03   0.7042179397528901E-05   0.1523196047340720E-07   0.1779867859282607E-07   0.1409563348424731E-04
  0.7847500000000001E+02   0.9994676061939443E+00   0.1371366841619241E-04  -0.2662323193312055E-03   0.6858660205110114E-05   0.1484447368017675E-07   0.1773639395587405E-07   0.1372828222727401E-04
  0.7852499999999999E+02   0.9994685653306450E+00   0.1337391780608158E-04  -0.2657526245366526E-03   0.6688736452307824E-05   0.1448592464506749E-07   0.1767199522775802E-07   0.1338814387019163E-04
  0.7857499999999999E+02   0.9994695471042363E+00   0.1306468123625118E-04  -0.2652616083952397E-03   0.6534073857066291E-05   0.1415997938668436E-07   0.1760627371098354E-07   0.1307855266624053E-04
  0.7862500000000000E+02   0.9994705410860887E+00   0.1278573988056421E-04  -0.2647644866271559E-03   0.6394562993470274E-05   0.1386646375282900E-07   0.1753992459526816E-07   0.1279928968652119E-04
  0.7867500000000000E+02   0.9994715387754968E+00   0.1253429767047891E-04  -0.2642655107327752E-03   0.6268805464317167E-05   0.1360240610543149E-07   0.1747350686117319E-07   0.1254755595790782E-04
  0.7872500000000001E+02   0.9994725339231265E+00   0.1230588348593362E-04  -0.2637678062252791E-03   0.6154565119106546E-05   0.1336300813345506E-07   0.1740742478348407E-07   0.1231887563470990E-04
  0.7877499999999999E+02   0.9994735226356789E+00   0.1209518057185769E-04  -0.2632733202848625E-03   0.6049182874389194E-05   0.1314254032114882E-07   0.1734192381201486E-07   0.1210792631229513E-04
  0.7882499999999999E+02   0.9994745032929960E+00   0.1189680144640816E-04  -0.2627828632175699E-03   0.5949964271851478E-05   0.1293518158054697E-07   0.1727709864594567E-07   0.1190931476738943E-04
  0.7887500000000000E+02   0.9994754762632957E+00   0.1170599321306205E-04  -0.2622962508759263E-03   0.5854532228385165E-05   0.1273578637023744E-07   0.1721291427947047E-07   0.1171828302265952E-04
  0.7892500000000000E+02   0.9994764434079781E+00   0.1151920666905921E-04  -0.2618125523220494E-03   0.5761111665879059E-05   0.1254050645189028E-07   0.1714924033261555E-07   0.1153127805995857E-04
  0.7897500000000001E+02   0.9994774074203671E+00   0.1133443490911241E-04  -0.2613304205437705E-03   0.5668698858012704E-05   0.1234716390043880E-07   0.1708589548448249E-07   0.1134629078368848E-04
  0.7902499999999999E+02   0.9994783711098721E+00   0.1115125241535537E-04  -0.2608484504690312E-03   0.5577080980609615E-05   0.1215529903272308E-07   0.1702269453988671E-07   0.1116289515379971E-04
  0.7907499999999999E+02   0.9994793367783430E+00   0.1097055959887810E-04  -0.2603654908709396E-03   0.5486708348951590E-05   0.1196589722463209E-07   0.1695948857926244E-07   0.1098199245959441E-04
  0.7912500000000000E+02   0.9994803058109486E+00   0.1079412165964363E-04  -0.2598808489817639E-03   0.5398463787174026E-05   0.1178089018585699E-07   0.1689619048060554E-07   0.1080534969494794E-04
  0.7917500000000001E+02   0.9994812785312370E+00   0.1062403827932211E-04  -0.2593943629831674E-03   0.5313397404996198E-05   0.1160257978826730E-07   0.1683278298060606E-07   0.1063506869342902E-04
  0.7922499999999999E+02   0.9994822542895960E+00   0.1046227182167007E-04  -0.2589063577634887E-03   0.5232490635927612E-05   0.1143312363689131E-07   0.1676931166242037E-07   0.1047311383261711E-04
  0.7927499999999999E+02   0.9994832317040400E+00   0.1031031188171258E-04  -0.2584175244938480E-03   0.5156488467841229E-05   0.1127416778462269E-07   0.1670586839485308E-07   0.1032097623100326E-04
  0.7932500000000000E+02   0.9994842089641225E+00   0.1016899613615559E-04  -0.2579287686308440E-03   0.5085809844748543E-05   0.1112664908044145E-07   0.1664257110826918E-07   0.1017949441088005E-04
  0.7937500000000000E+02   0.9994851841302157E+00   0.1003846718665441E-04  -0.2574410602390609E-03   0.5020526082884940E-05   0.1099074567065283E-07   0.1657954427543620E-07   0.1004881109720192E-04
  0.7942500000000000E+02   0.9994861553902551E+00   0.9918229807337462E-05  -0.2569553055842277E-03   0.4960389502069052E-05   0.1086593732016505E-07   0.1651690246595650E-07   0.9928430525912831E-05
  0.7947499999999998E+02   0.9994871212587824E+00   0.9807275796498262E-05  -0.2564722475867365E-03   0.4904895867916555E-05   0.1075114008135589E-07   0.1645473785933011E-07   0.9817343426632302E-05
  0.7952499999999999E+02   0.9994880807134988E+00   0.9704252795440423E-05  -0.2559923975267164E-03   0.4853368823241354E-05   0.1064488970845215E-07   0.1639311193846542E-07   0.9714196017398551E-05
  0.7957500000000000E+02   0.9994890332655562E+00   0.9607659616294521E-05  -0.2555159998907097E-03   0.4805057577238641E-05   0.1054555486705844E-07   0.1633205152842624E-07   0.9617485534760792E-05
  0.7962500000000000E+02   0.9994899789583451E+00   0.9516049888388820E-05  -0.2550430329766318E-03   0.4759238754881115E-05   0.1045156028803215E-07   0.1627154943648502E-07   0.9525764089917919E-05
  0.7967500000000000E+02   0.9994909182923475E+00   0.9428220045648620E-05  -0.2545732464780404E-03   0.4715310414704733E-05   0.1036159355459615E-07   0.1621156976286597E-07   0.9437826848880488E-05
  0.7972499999999999E+02   0.9994918520838101E+00   0.9343352869562375E-05  -0.2541062321657073E-03   0.4672863838604638E-05   0.1027476379211380E-07   0.1615205729807568E-07   0.9352855721995863E-05
  0.7977499999999999E+02   0.9994927812800221E+00   0.9261090625188003E-05  -0.2536415162719408E-03   0.4631720109105422E-05   0.1019068347745983E-07   0.1609294948316542E-07   0.9270492574119594E-05
  0.7982500000000000E+02   0.9994937067665913E+00   0.9181525041567112E-05  -0.2531786558773730E-03   0.4591925098207810E-05   0.1010945899107475E-07   0.1603418864929540E-07   0.9190829194141806E-05
  0.7987500000000000E+02   0.9994946292048580E+00   0.9105111251184749E-05  -0.2527173202249156E-03   0.4553706426077464E-05   0.1003159734893923E-07   0.1597573213502362E-07   0.9114321146084353E-05
  0.7992500000000000E+02   0.9994955489279022E+00   0.9032530922915430E-05  -0.2522573427289343E-03   0.4517405010041579E-05   0.9957856567048553E-08   0.1591755854488845E-07   0.9041650762181922E-05
  0.7997499999999999E+02   0.9994964659058398E+00   0.8964538564777542E-05  -0.2517987383320319E-03   0.4483398196398064E-05   0.9889076893648067E-08   0.1585966956456857E-07   0.8973573289032491E-05
  0.8002499999999999E+02   0.9994973797732477E+00   0.8901822158522962E-05  -0.2513416897883536E-03   0.4452030060019755E-05   0.9826027225423757E-08   0.1580208787315507E-07   0.8910777380608231E-05
  0.8007500000000000E+02   0.9994982899001550E+00   0.8844898602545690E-05  -0.2508865121595427E-03   0.4423559112589934E-05   0.9769289393399707E-08   0.1574485238796264E-07   0.8853780435373663E-05
  0.8012500000000000E+02   0.9994991954848901E+00   0.8794051997893918E-05  -0.2504336063787749E-03   0.4398127437862537E-05   0.9719189366622804E-08   0.1568801224164020E-07   0.8802866820307747E-05
  0.8017500000000000E+02   0.9995000956498440E+00   0.8749313227438577E-05  -0.2499834113574018E-03   0.4375750478751216E-05   0.9675773866336645E-08   0.1563162068811224E-07   0.8758067430103451E-05
  0.8022499999999999E+02   0.9995009895261656E+00   0.8710473907929724E-05  -0.2495363616262791E-03   0.4356324015209683E-05   0.9638824932087014E-08   0.1557572980155319E-07   0.8719173654047180E-05
  0.8027500000000001E+02   0.9995018763178506E+00   0.8677125402415298E-05  -0.2490928552837390E-03   0.4339643675441679E-05   0.9607902294155446E-08   0.1552038654173527E-07   0.8685776428457656E-05
  0.8032499999999999E+02   0.9995027553390177E+00   0.8648712115811159E-05  -0.2486532353521698E-03   0.4325431590464843E-05   0.9582401732551451E-08   0.1546563054233118E-07   0.8657319586507435E-05
  0.8037500000000000E+02   0.9995036260214624E+00   0.8624586507210331E-05  -0.2482177860009260E-03   0.4313363907244438E-05   0.9561615559772595E-08   0.1541149376825639E-07   0.8633154926386216E-05
  0.8042500000000000E+02   0.9995044878943585E+00   0.8604051481864467E-05  -0.2477867426973202E-03   0.4303091990079982E-05   0.9544779330988467E-08   0.1535800188775808E-07   0.8612584646465993E-05
  0.8047499999999999E+02   0.9995053405449819E+00   0.8586375834033241E-05  -0.2473603118506862E-03   0.4294250144071423E-05   0.9531088815398531E-08   0.1530517677490162E-07   0.8594876804488677E-05
  0.8052499999999999E+02   0.9995061835775482E+00   0.8570772389760743E-05  -0.2469386913978022E-03   0.4286444683921368E-05   0.9519675601739815E-08   0.1525303906222994E-07   0.8579243439647464E-05
  0.8057499999999999E+02   0.9995070165940764E+00   0.8556337774395340E-05  -0.2465220803740120E-03   0.4279223810353784E-05   0.9509539962919269E-08   0.1520160926839740E-07   0.8564780281355334E-05
  0.8062500000000000E+02   0.9995078392230986E+00   0.8541966837319007E-05  -0.2461106645551547E-03   0.4272034811986084E-05   0.9499455287811046E-08   0.1515090594234030E-07   0.8550381090002866E-05
  0.8067500000000001E+02   0.9995086512157270E+00   0.8526271168548136E-05  -0.2457045684123305E-03   0.4264183313594766E-05   0.9487876712200789E-08   0.1510093969139252E-07   0.8534656093251269E-05
  0.8072499999999999E+02   0.9995094526117642E+00   0.8507545201140612E-05  -0.2453037720364648E-03   0.4254816323063676E-05   0.9472902397821549E-08   0.1505170302234399E-07   0.8515898054384420E-05
  0.8077499999999999E+02   0.9995102439511646E+00   0.8483828156152275E-05  -0.2449080053819053E-03   0.4242953211284042E-05   0.9452341454910763E-08   0.1500315760638832E-07   0.8492144276661094E-05
  0.8082500000000000E+02   0.9995110264730961E+00   0.8453096850371912E-05  -0.2445166487115014E-03   0.4227582139402835E-05   0.9423928013257059E-08   0.1495522256426045E-07   0.8461369598164915E-05
  0.8087500000000000E+02   0.9995118022191735E+00   0.8413586738288276E-05  -0.2441286809667931E-03   0.4207820618841561E-05   0.9385679141291869E-08   0.1490776884799434E-07   0.8421807746167553E-05
  0.8092500000000001E+02   0.9995125739593658E+00   0.8364181177579404E-05  -0.2437427168239248E-03   0.4183110191432536E-05   0.9336330246724822E-08   0.1486062455211310E-07   0.8372340981889489E-05
  0.8097499999999999E+02   0.9995133449045828E+00   0.8304755374142045E-05  -0.2433571504346643E-03   0.4153388443847365E-05   0.9275721468860510E-08   0.1481359310022676E-07   0.8312844380962143E-05
  0.8102499999999999E+02   0.9995141182514643E+00   0.8236348095409207E-05  -0.2429703830875152E-03   0.4119174885204467E-05   0.9204993006866653E-08   0.1476648126447088E-07   0.8244357714396762E-05
  0.8107500000000000E+02   0.9995148966830006E+00   0.8161083956328592E-05  -0.2425810729587141E-03   0.4081532080595723E-05   0.9126502224823210E-08   0.1471912933106741E-07   0.8169007658834707E-05
  0.8112500000000000E+02   0.9995156819736448E+00   0.8081864207537507E-05  -0.2421883326032548E-03   0.4041911007456180E-05   0.9043481392236988E-08   0.1467143440847167E-07   0.8089698282869864E-05
  0.8117500000000000E+02   0.9995164748004407E+00   0.8001930791118680E-05  -0.2417918234147720E-03   0.4001933030243907E-05   0.8959552245718620E-08   0.1462336092986741E-07   0.8009674677064224E-05
  0.8122499999999999E+02   0.9995172747725966E+00   0.7924437920213813E-05  -0.2413917408345956E-03   0.3963175637973390E-05   0.8878247176206871E-08   0.1457493788332417E-07   0.7932094115221331E-05
  0.8127499999999999E+02   0.9995180806148852E+00   0.7852130666575650E-05  -0.2409887226288987E-03   0.3927011698820873E-05   0.8802648605335012E-08   0.1452624691452526E-07   0.7859704328458162E-05
  0.8132500000000000E+02   0.9995188904104322E+00   0.7787163737348936E-05  -0.2405837274652711E-03   0.3894518826530438E-05   0.8735184288572569E-08   0.1447740711851722E-07   0.7794662106046922E-05
  0.8137500000000000E+02   0.9995197018246799E+00   0.7731035492771407E-05  -0.2401779229026513E-03   0.3866446381446614E-05   0.8677551219133186E-08   0.1442856122809598E-07   0.7738467250550650E-05
  0.8142499999999998E+02   0.9995205122716130E+00   0.7684582649241527E-05  -0.2397726022587143E-03   0.3843212821760070E-05   0.8630707416357262E-08   0.1437986546070793E-07   0.7691957278585795E-05
  0.8147499999999999E+02   0.9995213190237946E+00   0.7647979041152580E-05  -0.2393691295778932E-03   0.3824905084777152E-05   0.8594868253805003E-08   0.1433148283267543E-07   0.7655306185478608E-05
  0.8152499999999999E+02   0.9995221192992174E+00   0.7620697716608788E-05  -0.2389688961951242E-03   0.3811259630811482E-05   0.8569461551385110E-08   0.1428357788904239E-07   0.7627986509239979E-05
  0.8157500000000000E+02   0.9995229103789983E+00   0.7601423056765915E-05  -0.2385732618752634E-03   0.3801618492907215E-05   0.8553026277807433E-08   0.1423630959643548E-07   0.7608681370302578E-05
  0.8162500000000000E+02   0.9995236898187225E+00   0.7587938483563061E-05  -0.2381834491159696E-03   0.3794873117749673E-05   0.8543083404702873E-08   0.1418981870234772E-07   0.7595172075574819E-05
  0.8167499999999998E+02   0.9995244558025341E+00   0.7577066303667236E-05  -0.2378003660601369E-03   0.3789434280692728E-05   0.8536065030537760E-08   0.1414420677516345E-07   0.7584277906806982E-05
  0.8172499999999999E+02   0.9995252076335744E+00   0.7564787025090626E-05  -0.2374243612197624E-03   0.3783291758174305E-05   0.8527445566526602E-08   0.1409950751710176E-07   0.7571975550103489E-05
  0.8177500000000001E+02   0.9995259462456216E+00   0.7546675961897222E-05  -0.2370549675956291E-03   0.3774232681554635E-05   0.8512231299077816E-08   0.1405565738941713E-07   0.7553836112654697E-05
  0.8182500000000000E+02   0.9995266744932542E+00   0.7518704501332726E-05  -0.2366907575604982E-03   0.3760242265256738E-05   0.8485863329030345E-08   0.1401247996230845E-07   0.7525827146739106E-05
  0.8187500000000000E+02   0.9995273969387408E+00   0.7478241453062727E-05  -0.2363294494400758E-03   0.3740004599759328E-05   0.8445349784172238E-08   0.1396970033324609E-07   0.7485314946287887E-05
  0.8192500000000000E+02   0.9995281190216421E+00   0.7424863852751393E-05  -0.2359683228093656E-03   0.3713308149471802E-05   0.8390186856845327E-08   0.1392699564260760E-07   0.7431876119422045E-05
  0.8197499999999999E+02   0.9995288458401581E+00   0.7360561986337714E-05  -0.2356048279630318E-03   0.3681148289478306E-05   0.8322598240864971E-08   0.1388406741364725E-07   0.7367502809647118E-05
  0.8202500000000001E+02   0.9995295810397803E+00   0.7289207268099745E-05  -0.2352371417215782E-03   0.3645461181918564E-05   0.8246941415239839E-08   0.1384070621479097E-07   0.7296070072529989E-05
  0.8207499999999999E+02   0.9995303262444880E+00   0.7215553385286629E-05  -0.2348644519003518E-03   0.3608624230195253E-05   0.8168583344985471E-08   0.1379682342688634E-07   0.7222336075126617E-05
  0.8212500000000000E+02   0.9995310811269958E+00   0.7144234552188767E-05  -0.2344869221774237E-03   0.3572955087335891E-05   0.8092768773846299E-08   0.1375244524954790E-07   0.7150939400329167E-05
  0.8217500000000000E+02   0.9995318438923413E+00   0.7079100036469183E-05  -0.2341054502431605E-03   0.3540378840217012E-05   0.8023865523256343E-08   0.1370768288438815E-07   0.7085732941440549E-05
  0.8222499999999999E+02   0.9995326118534300E+00   0.7022956508035835E-05  -0.2337213799585847E-03   0.3512299153422883E-05   0.7965069570131193E-08   0.1366269800177730E-07   0.7029526006340101E-05
  0.8227499999999999E+02   0.9995333818764441E+00   0.6977594104818294E-05  -0.2333362785986726E-03   0.3489611305324887E-05   0.7918431032404960E-08   0.1361767638686833E-07   0.6984110408797947E-05
  0.8232500000000000E+02   0.9995341506253702E+00   0.6943916476325254E-05  -0.2329518145587350E-03   0.3472767225589369E-05   0.7884998332874193E-08   0.1357281363198848E-07   0.6950390637910856E-05
  0.8237500000000000E+02   0.9995349146447710E+00   0.6922029566453611E-05  -0.2325697159588636E-03   0.3461819897697113E-05   0.7864916020487916E-08   0.1352831033686747E-07   0.6928472729864113E-05
  0.8242500000000000E+02   0.9995356703768720E+00   0.6911204776646730E-05  -0.2321917620977665E-03   0.3456404937076228E-05   0.7857380141531095E-08   0.1348437105837949E-07   0.6917627403512441E-05
  0.8247500000000001E+02   0.9995364142376669E+00   0.6909694938595823E-05  -0.2318197453929915E-03   0.3455648556866532E-05   0.7860426015265521E-08   0.1344119972012793E-07   0.6916105868335840E-05
  0.8252499999999999E+02   0.9995371428904769E+00   0.6914458049683305E-05  -0.2314553345684756E-03   0.3458029404194348E-05   0.7870610255555916E-08   0.1339898355362138E-07   0.6920863308221974E-05
  0.8257500000000000E+02   0.9995378538304008E+00   0.6920952811140224E-05  -0.2310997823641303E-03   0.3461276305771078E-05   0.7882773429874778E-08   0.1335785928058474E-07   0.6927354231717739E-05
  0.8262499999999999E+02   0.9995385462684228E+00   0.6923289630539613E-05  -0.2307534833794200E-03   0.3462443786234485E-05   0.7890206980271194E-08   0.1331786261804302E-07   0.6929683611325966E-05
  0.8267500000000000E+02   0.9995392220396850E+00   0.6915036290375574E-05  -0.2304155198333824E-03   0.3458314994635024E-05   0.7885567317417007E-08   0.1327887741382664E-07   0.6921413289911993E-05
  0.8272499999999999E+02   0.9995398859717280E+00   0.6890714729601043E-05  -0.2300834774012772E-03   0.3446150267037609E-05   0.7862581836320068E-08   0.1324061690308816E-07   0.6897060137378085E-05
  0.8277499999999999E+02   0.9995405451681132E+00   0.6847482376267456E-05  -0.2297538034847779E-03   0.3424527986463758E-05   0.7817971834392296E-08   0.1320266759073774E-07   0.6853778932816715E-05
  0.8282500000000000E+02   0.9995412072384166E+00   0.6786089030221554E-05  -0.2294226924186571E-03   0.3393823135152036E-05   0.7752554762595929E-08   0.1316459254102322E-07   0.6792320134812292E-05
  0.8287500000000000E+02   0.9995418782860471E+00   0.6710488968736439E-05  -0.2290870917928123E-03   0.3356013303695981E-05   0.7670813209605608E-08   0.1312604644839972E-07   0.6716641637533418E-05
  0.8292500000000000E+02   0.9995425616691404E+00   0.6626360535132036E-05  -0.2287453221498925E-03   0.3313938315453571E-05   0.7579212660150039E-08   0.1308684453139612E-07   0.6632426999679179E-05
  0.8297499999999999E+02   0.9995432579469139E+00   0.6539417409845177E-05  -0.2283971038136157E-03   0.3270455667525202E-05   0.7484274708899250E-08   0.1304696294604627E-07   0.6545395158554722E-05
  0.8302500000000001E+02   0.9995439656635379E+00   0.6454266828633455E-05  -0.2280431648640224E-03   0.3227869507895076E-05   0.7391269637547629E-08   0.1300649191814046E-07   0.6460157592224727E-05
  0.8307500000000000E+02   0.9995446823474067E+00   0.6374013511216663E-05  -0.2276847413865690E-03   0.3187732553670423E-05   0.7303758752931069E-08   0.1296557767090663E-07   0.6379821879374180E-05
  0.8312500000000000E+02   0.9995454052993454E+00   0.6300392800870957E-05  -0.2273231832780054E-03   0.3150912675935203E-05   0.7223741857490740E-08   0.1292437732017700E-07   0.6306124959396335E-05
  0.8317499999999998E+02   0.9995461320463475E+00   0.6234125575393300E-05  -0.2269597273250046E-03   0.3117770396015592E-05   0.7152059697682210E-08   0.1288303334372061E-07   0.6239788369735798E-05
  0.8322499999999999E+02   0.9995468605202066E+00   0.6175282719696730E-05  -0.2265954078671806E-03   0.3088341163774004E-05   0.7088808857394347E-08   0.1284166387660229E-07   0.6180883054571031E-05
  0.8327500000000001E+02   0.9995475890693118E+00   0.6123565808542064E-05  -0.2262310508988064E-03   0.3062475731374093E-05   0.7033661916395521E-08   0.1280036246273551E-07   0.6129110306829002E-05
  0.8332500000000000E+02   0.9995483163938355E+00   0.6078486017330714E-05  -0.2258673064817751E-03   0.3039929629382640E-05   0.6986071802153174E-08   0.1275920205121062E-07   0.6083980844679353E-05
  0.8337499999999999E+02   0.9995490414628311E+00   0.6039455466051872E-05  -0.2255046902056579E-03   0.3020408849387812E-05   0.6945376179645418E-08   0.1271823990462430E-07   0.6044906240668706E-05
  0.8342500000000000E+02   0.9995497634484689E+00   0.6005814235014717E-05  -0.2251436160787268E-03   0.3003583355125126E-05   0.6910828197014423E-08   0.1267752144583194E-07   0.6011225963541129E-05
  0.8347499999999999E+02   0.9995504816998928E+00   0.5976819533908974E-05  -0.2247844096017193E-03   0.2989081665912010E-05   0.6881583766920062E-08   0.1263708181161393E-07   0.5982196538530364E-05
  0.8352500000000001E+02   0.9995511957695193E+00   0.5951630395663023E-05  -0.2244272946159143E-03   0.2976483201903985E-05   0.6856683647166407E-08   0.1259694444473216E-07   0.5956976227830512E-05
  0.8357500000000000E+02   0.9995519054864018E+00   0.5929330907711304E-05  -0.2240723566130365E-03   0.2965329902314999E-05   0.6835079882139215E-08   0.1255711709006011E-07   0.5934648282563490E-05
  0.8362499999999999E+02   0.9995526110374761E+00   0.5909032630314163E-05  -0.2237195021032035E-03   0.2955177445983924E-05   0.6815753678318054E-08   0.1251758744553654E-07   0.5914323452381888E-05
  0.8367500000000000E+02   0.9995533129824887E+00   0.5890060180740135E-05  -0.2233684511495637E-03   0.2945688064150526E-05   0.6797929688263740E-08   0.1247832261970433E-07   0.5895325735185256E-05
  0.8372499999999999E+02   0.9995540121343494E+00   0.5872154117938732E-05  -0.2230187972050990E-03   0.2936732005408926E-05   0.6781311041585521E-08   0.1243927611311593E-07   0.5877395442789919E-05
  0.8377500000000001E+02   0.9995547093121947E+00   0.5855577452848029E-05  -0.2226701306082823E-03   0.2928440802720035E-05   0.6766203853405417E-08   0.1240040175300335E-07   0.5860795806137435E-05
  0.8382500000000000E+02   0.9995554050703556E+00   0.5841053549673419E-05  -0.2223221741300963E-03   0.2921176217084309E-05   0.6753447227004032E-08   0.1236166871539382E-07   0.5846250820821560E-05
  0.8387499999999999E+02   0.9995560995243020E+00   0.5829572869351570E-05  -0.2219748700206248E-03   0.2915433587667461E-05   0.6744191263782134E-08   0.1232307092866261E-07   0.5834751817644115E-05
  0.8392500000000000E+02   0.9995567923139330E+00   0.5822177083756661E-05  -0.2216283983678125E-03   0.2911733864791258E-05   0.6739648078322172E-08   0.1228462876101348E-07   0.5827341383857993E-05
  0.8397500000000001E+02   0.9995574826529022E+00   0.5819803030824233E-05  -0.2212831524299741E-03   0.2910545570111162E-05   0.6740911232397325E-08   0.1224638597516938E-07   0.5824957179170261E-05
  0.8402499999999999E+02   0.9995581693871863E+00   0.5823194608160631E-05  -0.2209397093438925E-03   0.2912240733701559E-05   0.6748853261674956E-08   0.1220840625047996E-07   0.5828343751569895E-05
  0.8407500000000000E+02   0.9995588510192923E+00   0.5832838434631145E-05  -0.2205988180185026E-03   0.2917062717903228E-05   0.6764050400726780E-08   0.1217077165126078E-07   0.5837988143325129E-05
  0.8412499999999999E+02   0.9995595257015175E+00   0.5848868299026898E-05  -0.2202614025059724E-03   0.2925078431391187E-05   0.6786670824515971E-08   0.1213358279220377E-07   0.5854024257499097E-05
  0.8417500000000000E+02   0.9995601912384738E+00   0.5870897702581631E-05  -0.2199285607387136E-03   0.2936094582346504E-05   0.6816279009624619E-08   0.1209695844035451E-07   0.5876065255727068E-05
  0.8422499999999999E+02   0.9995608451671413E+00   0.5897766156047401E-05  -0.2196015244942950E-03   0.2949530799483810E-05   0.6851539209818207E-08   0.1206103079835266E-07   0.5902949635137896E-05
  0.8427499999999999E+02   0.9995614850069614E+00   0.5927229115102271E-05  -0.2192815343214916E-03   0.2964264566033310E-05   0.6889852366547439E-08   0.1202593145981207E-07   0.5932430893898967E-05
  0.8432499999999999E+02   0.9995621087775571E+00   0.5955702441149340E-05  -0.2189695806242842E-03   0.2978503422219921E-05   0.6927055154317697E-08   0.1199176286786800E-07   0.5960921768579027E-05
  0.8437500000000000E+02   0.9995627158116991E+00   0.5978291199045675E-05  -0.2186659970901950E-03   0.2989799366982519E-05   0.6957448875128212E-08   0.1195855408210236E-07   0.5983523054722064E-05
  0.8442500000000000E+02   0.9995633076729490E+00   0.5989405114295103E-05  -0.2183700017682755E-03   0.2995356653185204E-05   0.6974511621544234E-08   0.1192621164309323E-07   0.5994639597132164E-05
  0.8447499999999999E+02   0.9995638886677464E+00   0.5984090761480472E-05  -0.2180794409699649E-03   0.2992698026652880E-05   0.6972448096102617E-08   0.1189449350685926E-07   0.5989313637239148E-05
  0.8452500000000001E+02   0.9995644653438872E+00   0.5959686493919533E-05  -0.2177910400833483E-03   0.2980492371493315E-05   0.6948121213372398E-08   0.1186303864166406E-07   0.5964881187179980E-05
  0.8457499999999999E+02   0.9995650448656600E+00   0.5916889500131888E-05  -0.2175012161813594E-03   0.2959088355382028E-05   0.6902304771895776E-08   0.1183145702740608E-07   0.5922040022985209E-05
  0.8462500000000000E+02   0.9995656330171776E+00   0.5859491234876306E-05  -0.2172070765746881E-03   0.2930382117171070E-05   0.6839386224845591E-08   0.1179943809562624E-07   0.5864584892266620E-05
  0.8467500000000000E+02   0.9995662329258808E+00   0.5792942055887915E-05  -0.2169070571987897E-03   0.2897099429255569E-05   0.6765700957679378E-08   0.1176681832944395E-07   0.5797970902531095E-05
  0.8472499999999999E+02   0.9995668450078716E+00   0.5722659281777593E-05  -0.2166009499545707E-03   0.2861949541878289E-05   0.6687560783649457E-08   0.1173358193644735E-07   0.5727620101435242E-05
  0.8477500000000001E+02   0.9995674677877902E+00   0.5652904730674606E-05  -0.2162894926811543E-03   0.2827063829538771E-05   0.6609941332349578E-08   0.1169981464365953E-07   0.5657798031807541E-05
  0.8482499999999999E+02   0.9995680989197359E+00   0.5586449338933521E-05  -0.2159738585831850E-03   0.2793828063293808E-05   0.6536085670816901E-08   0.1166564760550749E-07   0.5591278053833179E-05
  0.8487500000000000E+02   0.9995687359504104E+00   0.5524776183381623E-05  -0.2156552745764539E-03   0.2762983943751851E-05   0.6467736836322802E-08   0.1163121608107140E-07   0.5529544542323568E-05
  0.8492500000000000E+02   0.9995693767095971E+00   0.5468474688811044E-05  -0.2153348260054422E-03   0.2734826247739734E-05   0.6405595158566801E-08   0.1159663866706639E-07   0.5473187437685914E-05
  0.8497499999999999E+02   0.9995700194212029E+00   0.5417597147172294E-05  -0.2150134011094096E-03   0.2709381126837130E-05   0.6349733040388162E-08   0.1156201170449045E-07   0.5422259076720398E-05
  0.8502500000000001E+02   0.9995706626754954E+00   0.5371898012368009E-05  -0.2146917049077324E-03   0.2686525780984203E-05   0.6299873738903523E-08   0.1152741110092993E-07   0.5376513697169004E-05
  0.8507500000000000E+02   0.9995713053631700E+00   0.5330968269142422E-05  -0.2143702921721946E-03   0.2666055657701500E-05   0.6255548012593028E-08   0.1149289610812877E-07   0.5335541924845268E-05
  0.8512499999999999E+02   0.9995719466172046E+00   0.5294304537499299E-05  -0.2140495965073930E-03   0.2647719011935819E-05   0.6216174695396241E-08   0.1145851260396602E-07   0.5298839939167634E-05
  0.8517500000000000E+02   0.9995725857743064E+00   0.5261346507616297E-05  -0.2137299496307588E-03   0.2631235627666316E-05   0.6181104350733373E-08   0.1142429527609104E-07   0.5265846941276285E-05
  0.8522499999999999E+02   0.9995732223527518E+00   0.5231504848852137E-05  -0.2134115924554703E-03   0.2616310775475021E-05   0.6149651882539004E-08   0.1139026890482834E-07   0.5235973087583842E-05
  0.8527500000000001E+02   0.9995738560352412E+00   0.5204191343360620E-05  -0.2130946836645942E-03   0.2602650282618974E-05   0.6121131878255634E-08   0.1135644936869608E-07   0.5208629649518902E-05
  0.8532500000000000E+02   0.9995744866427971E+00   0.5178848549682954E-05  -0.2127793127654209E-03   0.2589975368020364E-05   0.6094893523307156E-08   0.1132284511735602E-07   0.5183258702678390E-05
  0.8537499999999999E+02   0.9995751140978624E+00   0.5154962276931495E-05  -0.2124655185439250E-03   0.2578028880708709E-05   0.6070335396523135E-08   0.1128945919413913E-07   0.5159345611817328E-05
  0.8542500000000000E+02   0.9995757383984322E+00   0.5132045755262705E-05  -0.2121533020020827E-03   0.2566567383376546E-05   0.6046886967968351E-08   0.1125629063717985E-07   0.5136403187871170E-05
  0.8547500000000001E+02   0.9995763596315337E+00   0.5109616275260708E-05  -0.2118426196159318E-03   0.2555349469556019E-05   0.6023981152409142E-08   0.1122333377865494E-07   0.5113948307211317E-05
  0.8552500000000001E+02   0.9995769780204299E+00   0.5087210991165439E-05  -0.2115333597297875E-03   0.2544143666840201E-05   0.6001072965269504E-08   0.1119057579128425E-07   0.5091517727735225E-05
  0.8557499999999999E+02   0.9995775939511780E+00   0.5064465787478647E-05  -0.2112253292734234E-03   0.2532767878468426E-05   0.5977732679504394E-08   0.1115799538672311E-07   0.5068747021751846E-05
  0.8562500000000000E+02   0.9995782079201054E+00   0.5041216399292747E-05  -0.2109182800296150E-03   0.2521139954149217E-05   0.5953765590920382E-08   0.1112556571076184E-07   0.5045471781605536E-05
  0.8567500000000000E+02   0.9995788204064801E+00   0.5017540937817222E-05  -0.2106119723130906E-03   0.2509298957311134E-05   0.5929262960036325E-08   0.1109326111628536E-07   0.5021770181114949E-05
  0.8572500000000001E+02   0.9995794317452881E+00   0.4993701495367084E-05  -0.2103062385945265E-03   0.2497375961428346E-05   0.5904533801746871E-08   0.1106106380802057E-07   0.4997904531196613E-05
  0.8577499999999999E+02   0.9995800420754324E+00   0.4970023434912456E-05  -0.2100010094068239E-03   0.2485533682038371E-05   0.5879962708758229E-08   0.1102896642986279E-07   0.4974200467325704E-05
  0.8582499999999999E+02   0.9995806513735750E+00   0.4946788338533921E-05  -0.2096962964207583E-03   0.2473912939648072E-05   0.5855883344614740E-08   0.1099697014745765E-07   0.4950939807389293E-05
  0.8587500000000000E+02   0.9995812595277660E+00   0.4924185469451335E-05  -0.2093921556222123E-03   0.2462608385603982E-05   0.5832520801104217E-08   0.1096508070072108E-07   0.4928311972549359E-05
  0.8592500000000000E+02   0.9995818664012061E+00   0.4902315777345810E-05  -0.2090886554245719E-03   0.2451670505162373E-05   0.5809996026819369E-08   0.1093330503941818E-07   0.4906417995838414E-05
  0.8597499999999999E+02   0.9995824718658221E+00   0.4881217982364204E-05  -0.2087858598770476E-03   0.2441118662241060E-05   0.5788356454219257E-08   0.1090164957769033E-07   0.4885296628167430E-05
  0.8602499999999999E+02   0.9995830758120243E+00   0.4860892386063248E-05  -0.2084838237854658E-03   0.2430953007410052E-05   0.5767604037578603E-08   0.1087011970416941E-07   0.4864948169425057E-05
  0.8607499999999999E+02   0.9995836781488752E+00   0.4841315039197258E-05  -0.2081825926273373E-03   0.2421161563290045E-05   0.5747711940880202E-08   0.1083871978942199E-07   0.4845348648306262E-05
  0.8612500000000000E+02   0.9995842788032947E+00   0.4822445540439281E-05  -0.2078822029495386E-03   0.2411724124743599E-05   0.5728633718422603E-08   0.1080745323951269E-07   0.4826457627680430E-05
  0.8617500000000001E+02   0.9995848777198688E+00   0.4804232815851082E-05  -0.2075826824643467E-03   0.2402615149223146E-05   0.5710310127597520E-08   0.1077632251649232E-07   0.4808223988967021E-05
  0.8622499999999999E+02   0.9995854748601645E+00   0.4786620438681263E-05  -0.2072840503913875E-03   0.2393806417230648E-05   0.5692675418887914E-08   0.1074532918387347E-07   0.4790591256419902E-05
  0.8627499999999999E+02   0.9995860702009186E+00   0.4769551185839617E-05  -0.2069863183639109E-03   0.2385269311032806E-05   0.5675662739531520E-08   0.1071447400963538E-07   0.4773502157427171E-05
  0.8632499999999999E+02   0.9995866637313965E+00   0.4752970321910014E-05  -0.2066894917497342E-03   0.2376976457010808E-05   0.5659208040952084E-08   0.1068375711041821E-07   0.4756901909271327E-05
  0.8637500000000000E+02   0.9995872554505244E+00   0.4736827533477058E-05  -0.2063935710850950E-03   0.2368902693024896E-05   0.5643252391814820E-08   0.1065317810531258E-07   0.4740740155066345E-05
  0.8642500000000000E+02   0.9995878453642639E+00   0.4721077775257975E-05  -0.2060985533877124E-03   0.2361025491567311E-05   0.5627743001902374E-08   0.1062273625522585E-07   0.4724971810585789E-05
  0.8647499999999999E+02   0.9995884334834487E+00   0.4705681387649981E-05  -0.2058044332389208E-03   0.2353325018546659E-05   0.5612633380480161E-08   0.1059243057685408E-07   0.4709557181895649E-05
  0.8652499999999999E+02   0.9995890198221200E+00   0.4690603797090823E-05  -0.2055112036160045E-03   0.2345783983435270E-05   0.5597882997265253E-08   0.1056225992976162E-07   0.4694461665451502E-05
  0.8657500000000000E+02   0.9995896043963038E+00   0.4675815018274131E-05  -0.2052188565035973E-03   0.2338387390323370E-05   0.5583456705546796E-08   0.1053222307992976E-07   0.4679655249885714E-05
  0.8662500000000000E+02   0.9995901872231426E+00   0.4661289093132101E-05  -0.2049273833277798E-03   0.2331122257350467E-05   0.5569324087696134E-08   0.1050231874456048E-07   0.4665111954510316E-05
  0.8667500000000000E+02   0.9995907683202937E+00   0.4647003540893623E-05  -0.2046367752576161E-03   0.2323977341675784E-05   0.5555458811596549E-08   0.1047254562294343E-07   0.4650809278905922E-05
  0.8672500000000001E+02   0.9995913477055235E+00   0.4632938855056880E-05  -0.2043470234071032E-03   0.2316942887910989E-05   0.5541838040916320E-08   0.1044290241691496E-07   0.4636727699465641E-05
  0.8677499999999999E+02   0.9995919253964387E+00   0.4619078060764654E-05  -0.2040581189705071E-03   0.2310010406760733E-05   0.5528441915595247E-08   0.1041338784438436E-07   0.4622850226393349E-05
  0.8682500000000000E+02   0.9995925014103157E+00   0.4605406334089176E-05  -0.2037700533070730E-03   0.2303172484624555E-05   0.5515253104640800E-08   0.1038400064762533E-07   0.4609162022664277E-05
  0.8687499999999999E+02   0.9995930757639961E+00   0.4591910678925640E-05  -0.2034828179937609E-03   0.2296422622009251E-05   0.5502256426379084E-08   0.1035473959827946E-07   0.4595650080643307E-05
  0.8692500000000000E+02   0.9995936484738276E+00   0.4578579654846535E-05  -0.2031964048541113E-03   0.2289755097427061E-05   0.5489438528468358E-08   0.1032560349992323E-07   0.4582302949707446E-05
  0.8697500000000001E+02   0.9995942195556368E+00   0.4565403148747836E-05  -0.2029108059727891E-03   0.2283164853194449E-05   0.5476787619320886E-08   0.1029659118918712E-07   0.4569110507697377E-05
  0.8702499999999999E+02   0.9995947890247212E+00   0.4552372183485816E-05  -0.2026260136984703E-03   0.2276647399730112E-05   0.5464293242980832E-08   0.1026770153570654E-07   0.4556063769391102E-05
  0.8707499999999999E+02   0.9995953568958559E+00   0.4539478757446007E-05  -0.2023420206418436E-03   0.2270198735322367E-05   0.5451946090360436E-08   0.1023893344159777E-07   0.4543154725936035E-05
  0.8712500000000000E+02   0.9995959231833071E+00   0.4526715709833189E-05  -0.2020588196672835E-03   0.2263815278759766E-05   0.5439737840721512E-08   0.1021028584031452E-07   0.4530376210023990E-05
  0.8717500000000000E+02   0.9995964879008530E+00   0.4514076607292874E-05  -0.2017764038839687E-03   0.2257493812629740E-05   0.5427661028248508E-08   0.1018175769547087E-07   0.4517721782415827E-05
  0.8722500000000001E+02   0.9995970510618044E+00   0.4501555648212133E-05  -0.2014947666342248E-03   0.2251231435458794E-05   0.5415708929422233E-08   0.1015334799940517E-07   0.4505185636160479E-05
  0.8727499999999999E+02   0.9995976126790304E+00   0.4489147581683582E-05  -0.2012139014818670E-03   0.2245025521185835E-05   0.5403875467648773E-08   0.1012505577176475E-07   0.4492762515489622E-05
  0.8732499999999999E+02   0.9995981727649809E+00   0.4476847638651044E-05  -0.2009338021997653E-03   0.2238873684727640E-05   0.5392155132225533E-08   0.1009688005803155E-07   0.4480447646904406E-05
  0.8737500000000000E+02   0.9995987313317110E+00   0.4464651473198879E-05  -0.2006544627585205E-03   0.2232773752617232E-05   0.5380542909247090E-08   0.1006881992817773E-07   0.4468236680414484E-05
  0.8742500000000000E+02   0.9995992883909036E+00   0.4452555112311274E-05  -0.2003758773151398E-03   0.2226723737878153E-05   0.5369034222481577E-08   0.1004087447533724E-07   0.4456125639254238E-05
  0.8747500000000001E+02   0.9995998439538908E+00   0.4440554912725484E-05  -0.2000980402016017E-03   0.2220721818446446E-05   0.5357624882598306E-08   0.1001304281448185E-07   0.4444110876698997E-05
  0.8752499999999999E+02   0.9996003980316749E+00   0.4428647523746040E-05  -0.1998209459151967E-03   0.2214766318573779E-05   0.5346311043413084E-08   0.9985324081288882E-08   0.4432189038847310E-05
  0.8757499999999999E+02   0.9996009506349476E+00   0.4416829855084586E-05  -0.1995445891082026E-03   0.2208855692743901E-05   0.5335089164050203E-08   0.9957717430955059E-08   0.4420357032433143E-05
  0.8762500000000000E+02   0.9996015017741084E+00   0.4405099048951244E-05  -0.1992689645793355E-03   0.2202988511715331E-05   0.5323955976109792E-08   0.9930222037199543E-08   0.4408611996893236E-05
  0.8767500000000001E+02   0.9996020514592806E+00   0.4393452455755002E-05  -0.1989940672653123E-03   0.2197163450368936E-05   0.5312908455084036E-08   0.9902837091288409E-08   0.4396951280046571E-05
  0.8772499999999999E+02   0.9996025997003279E+00   0.4381887612878044E-05  -0.1987198922327460E-03   0.2191379277092807E-05   0.5301943795392302E-08   0.9875561801102074E-08   0.4385372416850398E-05
  0.8777499999999999E+02   0.9996031465068683E+00   0.4370402226077232E-05  -0.1984464346710402E-03   0.2185634844480996E-05   0.5291059388509055E-08   0.9848395390310997E-08   0.4373873110785685E-05
  0.8782499999999999E+02   0.9996036918882882E+00   0.4358994153138074E-05  -0.1981736898855058E-03   0.2179929081158739E-05   0.5280252803743393E-08   0.9821337097581559E-08   0.4362451217496956E-05
  0.8787500000000000E+02   0.9996042358537545E+00   0.4347661389466355E-05  -0.1979016532912548E-03   0.2174260984576712E-05   0.5269521771299510E-08   0.9794386175866422E-08   0.4351104730371478E-05
  0.8792500000000000E+02   0.9996047784122264E+00   0.4336402055351837E-05  -0.1976303204070939E-03   0.2168629614641505E-05   0.5258864167305323E-08   0.9767541891701653E-08   0.4339831767791933E-05
  0.8797499999999998E+02   0.9996053195724663E+00   0.4325214384679083E-05  -0.1973596868505290E-03   0.2163034088069810E-05   0.5248278000544392E-08   0.9740803524620015E-08   0.4328630561837459E-05
  0.8802499999999999E+02   0.9996058593430498E+00   0.4314096714894786E-05  -0.1970897483322132E-03   0.2157473573371002E-05   0.5237761400666693E-08   0.9714170366515014E-08   0.4317499448242284E-05
  0.8807500000000000E+02   0.9996063977323750E+00   0.4303047478068875E-05  -0.1968205006518398E-03   0.2151947286376718E-05   0.5227312607686590E-08   0.9687641721152810E-08   0.4306436857449067E-05
  0.8812500000000000E+02   0.9996069347486711E+00   0.4292065192910746E-05  -0.1965519396933679E-03   0.2146454486248109E-05   0.5216929962604797E-08   0.9661216903623155E-08   0.4295441306618189E-05
  0.8817500000000000E+02   0.9996074704000066E+00   0.4281148457621518E-05  -0.1962840614211370E-03   0.2140994471901184E-05   0.5206611899014062E-08   0.9634895239882412E-08   0.4284511392473784E-05
  0.8822499999999999E+02   0.9996080046942966E+00   0.4270295943480223E-05  -0.1960168618765357E-03   0.2135566578799216E-05   0.5196356935568398E-08   0.9608676066355093E-08   0.4273645784884342E-05
  0.8827499999999999E+02   0.9996085376393099E+00   0.4259506389075827E-05  -0.1957503371734504E-03   0.2130170176068116E-05   0.5186163669212104E-08   0.9582558729419440E-08   0.4262843221089699E-05
  0.8832500000000000E+02   0.9996090692426761E+00   0.4248778595108906E-05  -0.1954844834962666E-03   0.2124804663896705E-05   0.5176030769078933E-08   0.9556542585147073E-08   0.4252102500498163E-05
  0.8837500000000000E+02   0.9996095995118902E+00   0.4238111419697208E-05  -0.1952192970958722E-03   0.2119469471188986E-05   0.5165956970983937E-08   0.9530626998849903E-08   0.4241422479987981E-05
  0.8842500000000000E+02   0.9996101284543198E+00   0.4227503774127584E-05  -0.1949547742872149E-03   0.2114164053439637E-05   0.5155941072440317E-08   0.9504811344782474E-08   0.4230802069655537E-05
  0.8847499999999999E+02   0.9996106560772099E+00   0.4216954619004653E-05  -0.1946909114468598E-03   0.2108887890807927E-05   0.5145981928142839E-08   0.9479095005846877E-08   0.4220240228960638E-05
  0.8852499999999999E+02   0.9996111823876879E+00   0.4206462960752457E-05  -0.1944277050096588E-03   0.2103640486368158E-05   0.5136078445866317E-08   0.9453477373213869E-08   0.4209735963225096E-05
  0.8857500000000000E+02   0.9996117073927674E+00   0.4196027848431115E-05  -0.1941651514676401E-03   0.2098421364517642E-05   0.5126229582734462E-08   0.9427957846162774E-08   0.4199288320446590E-05
  0.8862500000000000E+02   0.9996122310993546E+00   0.4185648370835015E-05  -0.1939032473665669E-03   0.2093230069525474E-05   0.5116434341819712E-08   0.9402535831696715E-08   0.4188896388394283E-05
  0.8867500000000000E+02   0.9996127535142502E+00   0.4175323653843094E-05  -0.1936419893049379E-03   0.2088066164207385E-05   0.5106691769039382E-08   0.9377210744397571E-08   0.4178559291956777E-05
  0.8872499999999999E+02   0.9996132746441548E+00   0.4165052857995447E-05  -0.1933813739312118E-03   0.2082929228713774E-05   0.5097000950317824E-08   0.9351982006110414E-08   0.4168276190716568E-05
  0.8877500000000001E+02   0.9996137944956720E+00   0.4154835176273283E-05  -0.1931213979424751E-03   0.2077818859419444E-05   0.5087361008987555E-08   0.9326849045769893E-08   0.4158046276728040E-05
  0.8882499999999999E+02   0.9996143130753118E+00   0.4144669832062103E-05  -0.1928620580826657E-03   0.2072734667904963E-05   0.5077771103405677E-08   0.9301811299185309E-08   0.4147868772478838E-05
  0.8887500000000000E+02   0.9996148303894937E+00   0.4134556077280087E-05  -0.1926033511409075E-03   0.2067676280020650E-05   0.5068230424764386E-08   0.9276868208838079E-08   0.4137742929016588E-05
  0.8892500000000000E+02   0.9996153464445502E+00   0.4124493190655818E-05  -0.1923452739498455E-03   0.2062643335025245E-05   0.5058738195076906E-08   0.9252019223680927E-08   0.4127668024225088E-05
  0.8897499999999999E+02   0.9996158612467294E+00   0.4114480476141228E-05  -0.1920878233843126E-03   0.2057635484792206E-05   0.5049293665322248E-08   0.9227263798970683E-08   0.4117643361235831E-05
  0.8902500000000001E+02   0.9996163748021978E+00   0.4104517261447017E-05  -0.1918309963599985E-03   0.2052652393077253E-05   0.5039896113733790E-08   0.9202601396102428E-08   0.4107668266962129E-05
  0.8907499999999999E+02   0.9996168871170427E+00   0.4094602896689376E-05  -0.1915747898322273E-03   0.2047693734841581E-05   0.5030544844218529E-08   0.9178031482455641E-08   0.4097742090744609E-05
  0.8912500000000000E+02   0.9996173981972750E+00   0.4084736753137851E-05  -0.1913192007942932E-03   0.2042759195625648E-05   0.5021239184895103E-08   0.9153553531199104E-08   0.4087864203097961E-05
  0.8917500000000001E+02   0.9996179080488313E+00   0.4074918222055352E-05  -0.1910642262772377E-03   0.2037848470969052E-05   0.5011978486739931E-08   0.9129167021235234E-08   0.4078033994549904E-05
  0.8922499999999999E+02   0.9996184166775762E+00   0.4065146713622236E-05  -0.1908098633474076E-03   0.2032961265872450E-05   0.5002762122332035E-08   0.9104871436933035E-08   0.4068250874564292E-05
  0.8927499999999999E+02   0.9996189240893043E+00   0.4055421655936999E-05  -0.1905561091066765E-03   0.2028097294297791E-05   0.4993589484687759E-08   0.9080666268117049E-08   0.4058514270540913E-05
  0.8932500000000000E+02   0.9996194302897421E+00   0.4045742494087275E-05  -0.1903029606905582E-03   0.2023256278703710E-05   0.4984459986177951E-08   0.9056551009855675E-08   0.4048823626885638E-05
  0.8937500000000000E+02   0.9996199352845502E+00   0.4036108689284940E-05  -0.1900504152680949E-03   0.2018437949612987E-05   0.4975373057520347E-08   0.9032525162419967E-08   0.4039178404144745E-05
  0.8942500000000000E+02   0.9996204390793247E+00   0.4026519718060229E-05  -0.1897984700398592E-03   0.2013642045209503E-05   0.4966328146841148E-08   0.9008588231063606E-08   0.4029578078198306E-05
  0.8947499999999999E+02   0.9996209416795998E+00   0.4016975071509839E-05  -0.1895471222380651E-03   0.2008868310962218E-05   0.4957324718799895E-08   0.8984739726004572E-08   0.4020022139507592E-05
  0.8952499999999999E+02   0.9996214430908482E+00   0.4007474254594734E-05  -0.1892963691253469E-03   0.2004116499273984E-05   0.4948362253772622E-08   0.8960979162280840E-08   0.4010510092412251E-05
  0.8957500000000000E+02   0.9996219433184834E+00   0.3998016785483718E-05  -0.1890462079939814E-03   0.1999386369153262E-05   0.4939440247088620E-08   0.8937306059649130E-08   0.4001041454473272E-05
  0.8962500000000000E+02   0.9996224423678615E+00   0.3988602194939040E-05  -0.1887966361647786E-03   0.1994677685906852E-05   0.4930558208316460E-08   0.8913719942453058E-08   0.3991615755858025E-05
  0.8967500000000000E+02   0.9996229402442814E+00   0.3979230025740894E-05  -0.1885476509876360E-03   0.1989990220852077E-05   0.4921715660595597E-08   0.8890220339649312E-08   0.3982232538764234E-05
  0.8972499999999999E+02   0.9996234369529879E+00   0.3969899832147769E-05  -0.1882992498389857E-03   0.1985323751046894E-05   0.4912912140009932E-08   0.8866806784540845E-08   0.3972891356879830E-05
  0.8977499999999999E+02   0.9996239324991716E+00   0.3960611179389941E-05  -0.1880514301229042E-03   0.1980678059036585E-05   0.4904147195000194E-08   0.8843478814856745E-08   0.3963591774875966E-05
  0.8982500000000000E+02   0.9996244268879707E+00   0.3951363643193601E-05  -0.1878041892690030E-03   0.1976052932615763E-05   0.4895420385812192E-08   0.8820235972529027E-08   0.3954333367930715E-05
  0.8987500000000001E+02   0.9996249201244723E+00   0.3942156809333397E-05  -0.1875575247330952E-03   0.1971448164604591E-05   0.4886731283978299E-08   0.8797077803731520E-08   0.3945115721281186E-05
  0.8992500000000000E+02   0.9996254122137134E+00   0.3932990273211344E-05  -0.1873114339956405E-03   0.1966863552638190E-05   0.4878079471829807E-08   0.8774003858710409E-08   0.3935938429802047E-05
  0.8997499999999999E+02   0.9996259031606820E+00   0.3923863639460058E-05  -0.1870659145618569E-03   0.1962298898968208E-05   0.4869464542037733E-08   0.8751013691771890E-08   0.3926801097608382E-05
  0.9002499999999999E+02   0.9996263929703184E+00   0.3914776521568836E-05  -0.1868209639607210E-03   0.1957754010275816E-05   0.4860886097180319E-08   0.8728106861166176E-08   0.3917703337681424E-05
  0.9007500000000000E+02   0.9996268816475158E+00   0.3905728541530678E-05  -0.1865765797445240E-03   0.1953228697495176E-05   0.4852343749335037E-08   0.8705282929024155E-08   0.3908644771515249E-05
  0.9012500000000000E+02   0.9996273691971217E+00   0.3896719329509053E-05  -0.1863327594889830E-03   0.1948722775646792E-05   0.4843837119693665E-08   0.8682541461346269E-08   0.3899625028783215E-05
  0.9017499999999998E+02   0.9996278556239386E+00   0.3887748523522937E-05  -0.1860895007917973E-03   0.1944236063679980E-05   0.4835365838198709E-08   0.8659882027846787E-08   0.3890643747022715E-05
  0.9022499999999999E+02   0.9996283409327251E+00   0.3878815769148819E-05  -0.1858468012728709E-03   0.1939768384323846E-05   0.4826929543199636E-08   0.8637304201954091E-08   0.3881700571336891E-05
  0.9027500000000001E+02   0.9996288251281968E+00   0.3869920719238771E-05  -0.1856046585735349E-03   0.1935319563946283E-05   0.4818527881127882E-08   0.8614807560718114E-08   0.3872795154112436E-05
  0.9032500000000000E+02   0.9996293082150268E+00   0.3861063033653215E-05  -0.1853630703563258E-03   0.1930889432420320E-05   0.4810160506188999E-08   0.8592391684769990E-08   0.3863927154752113E-05
  0.9037500000000000E+02   0.9996297901978469E+00   0.3852242379007676E-05  -0.1851220343046522E-03   0.1926477822997474E-05   0.4801827080071140E-08   0.8570056158271692E-08   0.3855096239421260E-05
  0.9042499999999998E+02   0.9996302710812484E+00   0.3843458428432522E-05  -0.1848815481220178E-03   0.1922084572187589E-05   0.4793527271668678E-08   0.8547800568824975E-08   0.3846302080807293E-05
  0.9047499999999999E+02   0.9996307508697824E+00   0.3834710861344781E-05  -0.1846416095320214E-03   0.1917709519644713E-05   0.4785260756819921E-08   0.8525624507452766E-08   0.3837544357891317E-05
  0.9052500000000001E+02   0.9996312295679612E+00   0.3825999363231485E-05  -0.1844022162776904E-03   0.1913352508058749E-05   0.4777027218058252E-08   0.8503527568519214E-08   0.3828822755731245E-05
  0.9057499999999999E+02   0.9996317071802586E+00   0.3817323625443563E-05  -0.1841633661212594E-03   0.1909013383052375E-05   0.4768826344375575E-08   0.8481509349691301E-08   0.3820136965255506E-05
  0.9062500000000000E+02   0.9996321837111106E+00   0.3808683344999847E-05  -0.1839250568440587E-03   0.1904691993083022E-05   0.4760657830997543E-08   0.8459569451910847E-08   0.3811486683066846E-05
  0.9067500000000000E+02   0.9996326591649165E+00   0.3800078224400474E-05  -0.1836872862455152E-03   0.1900388189349552E-05   0.4752521379169711E-08   0.8437707479285189E-08   0.3802871611255555E-05
  0.9072499999999999E+02   0.9996331335460386E+00   0.3791507971449090E-05  -0.1834500521439297E-03   0.1896101825703341E-05   0.4744416695953952E-08   0.8415923039141597E-08   0.3794291457221497E-05
  0.9077500000000001E+02   0.9996336068588040E+00   0.3782972299083430E-05  -0.1832133523747004E-03   0.1891832758563544E-05   0.4736343494034612E-08   0.8394215741847297E-08   0.3785745933504519E-05
  0.9082500000000000E+02   0.9996340791075045E+00   0.3774470925213681E-05  -0.1829771847914330E-03   0.1887580846836261E-05   0.4728301491533725E-08   0.8372585200895018E-08   0.3777234757622662E-05
  0.9087499999999999E+02   0.9996345502963970E+00   0.3766003572568272E-05  -0.1827415472646088E-03   0.1883345951837409E-05   0.4720290411834851E-08   0.8351031032764592E-08   0.3768757651917788E-05
  0.9092500000000000E+02   0.9996350204297051E+00   0.3757569968546516E-05  -0.1825064376818064E-03   0.1879127937219028E-05   0.4712309983414894E-08   0.8329552856927492E-08   0.3760314343408085E-05
  0.9097499999999999E+02   0.9996354895116184E+00   0.3749169845077924E-05  -0.1822718539474799E-03   0.1874926668898918E-05   0.4704359939683652E-08   0.8308150295810811E-08   0.3751904563647232E-05
  0.9102499999999999E+02   0.9996359575462940E+00   0.3740802938487593E-05  -0.1820377939824036E-03   0.1870742014993316E-05   0.4696440018830444E-08   0.8286822974731179E-08   0.3743528048589661E-05
  0.9107500000000000E+02   0.9996364245378562E+00   0.3732468989367492E-05  -0.1818042557235611E-03   0.1866573845752526E-05   0.4688549963677563E-08   0.8265570521869530E-08   0.3735184538461709E-05
  0.9112499999999999E+02   0.9996368904903981E+00   0.3724167742453255E-05  -0.1815712371238121E-03   0.1862422033499297E-05   0.4680689521540126E-08   0.8244392568225894E-08   0.3726873777638282E-05
  0.9117500000000000E+02   0.9996373554079806E+00   0.3715898946506139E-05  -0.1813387361516705E-03   0.1858286452569786E-05   0.4672858444091918E-08   0.8223288747584526E-08   0.3718595514524706E-05
  0.9122499999999999E+02   0.9996378192946347E+00   0.3707662354200002E-05  -0.1811067507913044E-03   0.1854166979257038E-05   0.4665056487237058E-08   0.8202258696499467E-08   0.3710349501443577E-05
  0.9127499999999999E+02   0.9996382821543606E+00   0.3699457722012855E-05  -0.1808752790415369E-03   0.1850063491756744E-05   0.4657283410986949E-08   0.8181302054189716E-08   0.3702135494526211E-05
  0.9132500000000000E+02   0.9996387439911280E+00   0.3691284810122894E-05  -0.1806443189171780E-03   0.1845975870115241E-05   0.4649538979342432E-08   0.8160418462645904E-08   0.3693953253608570E-05
  0.9137500000000000E+02   0.9996392048088779E+00   0.3683143382308726E-05  -0.1804138684466938E-03   0.1841903996179621E-05   0.4641822960180792E-08   0.8139607566405460E-08   0.3685802542131378E-05
  0.9142500000000000E+02   0.9996396646115221E+00   0.3675033205853501E-05  -0.1801839256736493E-03   0.1837847753549776E-05   0.4634135125147283E-08   0.8118869012669672E-08   0.3677683127044162E-05
  0.9147499999999999E+02   0.9996401234029434E+00   0.3666954051452901E-05  -0.1799544886558202E-03   0.1833807027532384E-05   0.4626475249551109E-08   0.8098202451210048E-08   0.3669594778713142E-05
  0.9152499999999999E+02   0.9996405811869968E+00   0.3658905693126648E-05  -0.1797255554651933E-03   0.1829781705096652E-05   0.4618843112265476E-08   0.8077607534355071E-08   0.3661537270832648E-05
  0.9157500000000000E+02   0.9996410379675091E+00   0.3650887908133421E-05  -0.1794971241875221E-03   0.1825771674831766E-05   0.4611238495631593E-08   0.8057083916937310E-08   0.3653510380339951E-05
  0.9162500000000000E+02   0.9996414937482800E+00   0.3642900476889035E-05  -0.1792691929223267E-03   0.1821776826905962E-05   0.4603661185366416E-08   0.8036631256280624E-08   0.3645513887333350E-05
  0.9167499999999998E+02   0.9996419485330821E+00   0.3634943182887632E-05  -0.1790417597825611E-03   0.1817797053027118E-05   0.4596110970473896E-08   0.8016249212157631E-08   0.3637547574993289E-05
  0.9172499999999999E+02   0.9996424023256609E+00   0.3627015812625854E-05  -0.1788148228949460E-03   0.1813832246404829E-05   0.4588587643159649E-08   0.7995937446807098E-08   0.3629611229506442E-05
  0.9177500000000001E+02   0.9996428551297363E+00   0.3619118155529746E-05  -0.1785883803988586E-03   0.1809882301713849E-05   0.4581090998748773E-08   0.7975695624822200E-08   0.3621704639992546E-05
  0.9182500000000000E+02   0.9996433069490017E+00   0.3611250003884358E-05  -0.1783624304466658E-03   0.1805947115058879E-05   0.4573620835606789E-08   0.7955523413168400E-08   0.3613827598433922E-05
  0.9187500000000000E+02   0.9996437577871252E+00   0.3603411152765816E-05  -0.1781369712039460E-03   0.1802026583940600E-05   0.4566176955063417E-08   0.7935420481191249E-08   0.3605979899607478E-05
  0.9192500000000000E+02   0.9996442076477492E+00   0.3595601399975837E-05  -0.1779120008488233E-03   0.1798120607222917E-05   0.4558759161339160E-08   0.7915386500545063E-08   0.3598161341019157E-05
  0.9197499999999999E+02   0.9996446565344917E+00   0.3587820545978527E-05  -0.1776875175714121E-03   0.1794229085101349E-05   0.4551367261474525E-08   0.7895421145132037E-08   0.3590371722840654E-05
  0.9202500000000001E+02   0.9996451044509458E+00   0.3580068393839354E-05  -0.1774635195748164E-03   0.1790351919072513E-05   0.4544001065261741E-08   0.7875524091179688E-08   0.3582610847848342E-05
  0.9207500000000000E+02   0.9996455514006802E+00   0.3572344749166249E-05  -0.1772400050737977E-03   0.1786489011904659E-05   0.4536660385178916E-08   0.7855695017111055E-08   0.3574878521364292E-05
  0.9212499999999999E+02   0.9996459973872399E+00   0.3564649420052640E-05  -0.1770169722954407E-03   0.1782640267609184E-05   0.4529345036326429E-08   0.7835933603592758E-08   0.3567174551199259E-05
  0.9217500000000000E+02   0.9996464424141459E+00   0.3556982217022455E-05  -0.1767944194783766E-03   0.1778805591413126E-05   0.4522054836365566E-08   0.7816239533455076E-08   0.3559498747597619E-05
  0.9222499999999999E+02   0.9996468864848962E+00   0.3549342952976910E-05  -0.1765723448731160E-03   0.1774984889732549E-05   0.4514789605459212E-08   0.7796612491710644E-08   0.3551850923184096E-05
  0.9227500000000001E+02   0.9996473296029651E+00   0.3541731443143053E-05  -0.1763507467418268E-03   0.1771178070146809E-05   0.4507549166214557E-08   0.7777052165523993E-08   0.3544230892912257E-05
  0.9232500000000000E+02   0.9996477717718046E+00   0.3534147505023991E-05  -0.1761296233578902E-03   0.1767385041373661E-05   0.4500333343627727E-08   0.7757558244161792E-08   0.3536638474014678E-05
  0.9237499999999999E+02   0.9996482129948442E+00   0.3526590958350671E-05  -0.1759089730061225E-03   0.1763605713245140E-05   0.4493141965030194E-08   0.7738130419001999E-08   0.3529073485954676E-05
  0.9242500000000000E+02   0.9996486532754906E+00   0.3519061625035230E-05  -0.1756887939824425E-03   0.1759839996684234E-05   0.4485974860036990E-08   0.7718768383494170E-08   0.3521535750379604E-05
  0.9247500000000001E+02   0.9996490926171288E+00   0.3511559329125793E-05  -0.1754690845935380E-03   0.1756087803682274E-05   0.4478831860496561E-08   0.7699471833120060E-08   0.3514025091075604E-05
  0.9252499999999999E+02   0.9996495310231222E+00   0.3504083896762696E-05  -0.1752498431573102E-03   0.1752349047277040E-05   0.4471712800442268E-08   0.7680240465422547E-08   0.3506541333923776E-05
  0.9257499999999999E+02   0.9996499684968124E+00   0.3496635156136010E-05  -0.1750310680023182E-03   0.1748623641531516E-05   0.4464617516045361E-08   0.7661073979946935E-08   0.3499084306857654E-05
  0.9262499999999999E+02   0.9996504050415201E+00   0.3489212937444396E-05  -0.1748127574676683E-03   0.1744911501513314E-05   0.4457545845569478E-08   0.7641972078221442E-08   0.3491653839822020E-05
  0.9267500000000000E+02   0.9996508406605448E+00   0.3481817072855189E-05  -0.1745949099030142E-03   0.1741212543274710E-05   0.4450497629326548E-08   0.7622934463747535E-08   0.3484249764732943E-05
  0.9272500000000001E+02   0.9996512753571650E+00   0.3474447396465658E-05  -0.1743775236683343E-03   0.1737526683833264E-05   0.4443472709634023E-08   0.7603960841970928E-08   0.3476871915438988E-05
  0.9277499999999999E+02   0.9996517091346392E+00   0.3467103744265450E-05  -0.1741605971340432E-03   0.1733853841153043E-05   0.4436470930773476E-08   0.7585050920281838E-08   0.3469520127683622E-05
  0.9282499999999999E+02   0.9996521419962054E+00   0.3459785954100054E-05  -0.1739441286804366E-03   0.1730193934126347E-05   0.4429492138950353E-08   0.7566204407957164E-08   0.3462194239068640E-05
  0.9287500000000000E+02   0.9996525739450813E+00   0.3452493865635401E-05  -0.1737281166981353E-03   0.1726546882555998E-05   0.4422536182255015E-08   0.7547421016190044E-08   0.3454894089018719E-05
  0.9292500000000000E+02   0.9996530049844652E+00   0.3445227320323429E-05  -0.1735125595874187E-03   0.1722912607138125E-05   0.4415602910624869E-08   0.7528700458022685E-08   0.3447619518746946E-05
  0.9297499999999999E+02   0.9996534351175353E+00   0.3437986161368631E-05  -0.1732974557584477E-03   0.1719291029445427E-05   0.4408692175807642E-08   0.7510042448356741E-08   0.3440370371221328E-05
  0.9302500000000001E+02   0.9996538643474507E+00   0.3430770233695585E-05  -0.1730828036313747E-03   0.1715682071910939E-05   0.4401803831325751E-08   0.7491446703953942E-08   0.3433146491132283E-05
  0.9307499999999999E+02   0.9996542926773513E+00   0.3423579383917292E-05  -0.1728686016354564E-03   0.1712085657812192E-05   0.4394937732441583E-08   0.7472912943350338E-08   0.3425947724860945E-05
  0.9312500000000000E+02   0.9996547201103578E+00   0.3416413460304483E-05  -0.1726548482099410E-03   0.1708501711255865E-05   0.4388093736123897E-08   0.7454440886924513E-08   0.3418773920448426E-05
  0.9317500000000000E+02   0.9996551466495724E+00   0.3409272312755703E-05  -0.1724415418030700E-03   0.1704930157162819E-05   0.4381271701015087E-08   0.7436030256802555E-08   0.3411624927565882E-05
  0.9322499999999999E+02   0.9996555722980787E+00   0.3402155792768227E-05  -0.1722286808726325E-03   0.1701370921253556E-05   0.4374471487399390E-08   0.7417680776897524E-08   0.3404500597485375E-05
  0.9327500000000001E+02   0.9996559970589415E+00   0.3395063753409751E-05  -0.1720162638855216E-03   0.1697823930034055E-05   0.4367692957171994E-08   0.7399392172862712E-08   0.3397400783051546E-05
  0.9332499999999999E+02   0.9996564209352078E+00   0.3387996049290810E-05  -0.1718042893177341E-03   0.1694289110781982E-05   0.4360935973808924E-08   0.7381164172083344E-08   0.3390325338653996E-05
  0.9337500000000000E+02   0.9996568439299065E+00   0.3380952536537960E-05  -0.1715927556542596E-03   0.1690766391533271E-05   0.4354200402337840E-08   0.7362996503658811E-08   0.3383274120200434E-05
  0.9342500000000000E+02   0.9996572660460487E+00   0.3373933072767615E-05  -0.1713816613891916E-03   0.1687255701069045E-05   0.4347486109309534E-08   0.7344888898404062E-08   0.3376246985090485E-05
  0.9347499999999999E+02   0.9996576872866277E+00   0.3366937517060594E-05  -0.1711710050251725E-03   0.1683756968902882E-05   0.4340792962770257E-08   0.7326841088793904E-08   0.3369243792190206E-05
  0.9352500000000001E+02   0.9996581076546196E+00   0.3359965729937284E-05  -0.1709607850736150E-03   0.1680270125268394E-05   0.4334120832234729E-08   0.7308852808974174E-08   0.3362264401807223E-05
  0.9357499999999999E+02   0.9996585271529830E+00   0.3353017573333460E-05  -0.1707510000547030E-03   0.1676795101107131E-05   0.4327469588659880E-08   0.7290923794753856E-08   0.3355308675666515E-05
  0.9362500000000000E+02   0.9996589457846594E+00   0.3346092910576688E-05  -0.1705416484972799E-03   0.1673331828056784E-05   0.4320839104419281E-08   0.7273053783587716E-08   0.3348376476886797E-05
  0.9367500000000000E+02   0.9996593635525737E+00   0.3339191606363330E-05  -0.1703327289381829E-03   0.1669880238439678E-05   0.4314229253278193E-08   0.7255242514511827E-08   0.3341467669957489E-05
  0.9372499999999999E+02   0.9996597804596334E+00   0.3332313526736117E-05  -0.1701242399232417E-03   0.1666440265251562E-05   0.4307639910369336E-08   0.7237489728221204E-08   0.3334582120716273E-05
  0.9377500000000001E+02   0.9996601965087302E+00   0.3325458539062239E-05  -0.1699161800062798E-03   0.1663011842150643E-05   0.4301070952169156E-08   0.7219795166977020E-08   0.3327719696327141E-05
  0.9382500000000000E+02   0.9996606117027385E+00   0.3318626512011998E-05  -0.1697085477492255E-03   0.1659594903446915E-05   0.4294522256474782E-08   0.7202158574608745E-08   0.3320880265259040E-05
  0.9387499999999999E+02   0.9996610260445169E+00   0.3311817315537968E-05  -0.1695013417225555E-03   0.1656189384091734E-05   0.4287993702381528E-08   0.7184579696544467E-08   0.3314063697264993E-05
  0.9392500000000000E+02   0.9996614395369082E+00   0.3305030820854629E-05  -0.1692945605041851E-03   0.1652795219667631E-05   0.4281485170260929E-08   0.7167058279709379E-08   0.3307269863361709E-05
  0.9397500000000001E+02   0.9996618521827384E+00   0.3298266900418512E-05  -0.1690882026806895E-03   0.1649412346378384E-05   0.4274996541739360E-08   0.7149594072622161E-08   0.3300498635809716E-05
  0.9402500000000001E+02   0.9996622639848183E+00   0.3291525427908773E-05  -0.1688822668461931E-03   0.1646040701039299E-05   0.4268527699677114E-08   0.7132186825293692E-08   0.3293749888093898E-05
  0.9407499999999999E+02   0.9996626749459430E+00   0.3284806278208243E-05  -0.1686767516025922E-03   0.1642680221067733E-05   0.4262078528148038E-08   0.7114836289238917E-08   0.3287023494904527E-05
  0.9412499999999999E+02   0.9996630850688917E+00   0.3278109327384904E-05  -0.1684716555597765E-03   0.1639330844473831E-05   0.4255648912419621E-08   0.7097542217488572E-08   0.3280319332118713E-05
  0.9417500000000000E+02   0.9996634943564287E+00   0.3271434452673787E-05  -0.1682669773352963E-03   0.1635992509851469E-05   0.4249238738933581E-08   0.7080304364554114E-08   0.3273637276782288E-05
  0.9422500000000001E+02   0.9996639028113027E+00   0.3264781532459290E-05  -0.1680627155540293E-03   0.1632665156369415E-05   0.4242847895286892E-08   0.7063122486392885E-08   0.3266977207092093E-05
  0.9427499999999999E+02   0.9996643104362475E+00   0.3258150446257859E-05  -0.1678588688488469E-03   0.1629348723762661E-05   0.4236476270213231E-08   0.7045996340457396E-08   0.3260339002378640E-05
  0.9432499999999999E+02   0.9996647172339821E+00   0.3251541074701099E-05  -0.1676554358595039E-03   0.1626043152323979E-05   0.4230123753564913E-08   0.7028925685595294E-08   0.3253722543089201E-05
  0.9437500000000000E+02   0.9996651232072101E+00   0.3244953299519215E-05  -0.1674524152339707E-03   0.1622748382895641E-05   0.4223790236295173E-08   0.7011910282154580E-08   0.3247127710771239E-05
  0.9442500000000000E+02   0.9996655283586214E+00   0.3238387003524868E-05  -0.1672498056266569E-03   0.1619464356861338E-05   0.4217475610440920E-08   0.6994949891828053E-08   0.3240554388056219E-05
  0.9447500000000001E+02   0.9996659326908904E+00   0.3231842070597308E-05  -0.1670476057000769E-03   0.1616191016138254E-05   0.4211179769105817E-08   0.6978044277786361E-08   0.3234002458643754E-05
  0.9452499999999999E+02   0.9996663362066777E+00   0.3225318385666913E-05  -0.1668458141231843E-03   0.1612928303169321E-05   0.4204902606443767E-08   0.6961193204532189E-08   0.3227471807286094E-05
  0.9457499999999999E+02   0.9996667389086292E+00   0.3218815834700031E-05  -0.1666444295728153E-03   0.1609676160915648E-05   0.4198644017642788E-08   0.6944396438014542E-08   0.3220962319772970E-05
  0.9462500000000000E+02   0.9996671407993770E+00   0.3212334304684141E-05  -0.1664434507322454E-03   0.1606434532849093E-05   0.4192403898909201E-08   0.6927653745501916E-08   0.3214473882916724E-05
  0.9467500000000000E+02   0.9996675418815392E+00   0.3205873683613345E-05  -0.1662428762921886E-03   0.1603203362945010E-05   0.4186182147452218E-08   0.6910964895659429E-08   0.3208006384537787E-05
  0.9472499999999999E+02   0.9996679421577195E+00   0.3199433860474137E-05  -0.1660427049502422E-03   0.1599982595675128E-05   0.4179978661468805E-08   0.6894329658496340E-08   0.3201559713450434E-05
  0.9477499999999999E+02   0.9996683416305083E+00   0.3193014725231475E-05  -0.1658429354105539E-03   0.1596772176000587E-05   0.4173793340128905E-08   0.6877747805332284E-08   0.3195133759448829E-05
  0.9482499999999999E+02   0.9996687403024824E+00   0.3186616168815157E-05  -0.1656435663845990E-03   0.1593572049365126E-05   0.4167626083560988E-08   0.6861219108855799E-08   0.3188728413293389E-05
  0.9487500000000000E+02   0.9996691381762046E+00   0.3180238083106451E-05  -0.1654445965902918E-03   0.1590382161688390E-05   0.4161476792837880E-08   0.6844743343044543E-08   0.3182343566697400E-05
  0.9492500000000000E+02   0.9996695352542246E+00   0.3173880360925025E-05  -0.1652460247524301E-03   0.1587202459359399E-05   0.4155345369962930E-08   0.6828320283196217E-08   0.3175979112313923E-05
  0.9497499999999999E+02   0.9996699315390789E+00   0.3167542896016091E-05  -0.1650478496023622E-03   0.1584032889230113E-05   0.4149231717856406E-08   0.6811949705895089E-08   0.3169634943722925E-05
  0.9502499999999999E+02   0.9996703270332904E+00   0.3161225583037863E-05  -0.1648500698779864E-03   0.1580873398609160E-05   0.4143135740342242E-08   0.6795631389006209E-08   0.3163310955418720E-05
  0.9507500000000000E+02   0.9996707217393694E+00   0.3154928317549213E-05  -0.1646526843238627E-03   0.1577723935255668E-05   0.4137057342135006E-08   0.6779365111678791E-08   0.3157007042797613E-05
  0.9512500000000000E+02   0.9996711156598127E+00   0.3148650995997628E-05  -0.1644556916913231E-03   0.1574584447373233E-05   0.4130996428827192E-08   0.6763150654349548E-08   0.3150723102145838E-05
  0.9517500000000000E+02   0.9996715087971050E+00   0.3142393515707328E-05  -0.1642590907372510E-03   0.1571454883603979E-05   0.4124952906876692E-08   0.6746987798636565E-08   0.3144459030627652E-05
  0.9522499999999999E+02   0.9996719011537173E+00   0.3136155774867674E-05  -0.1640628802258570E-03   0.1568335193022764E-05   0.4118926683594593E-08   0.6730876327479859E-08   0.3138214726273748E-05
  0.9527499999999999E+02   0.9996722927321087E+00   0.3129937672521785E-05  -0.1638670589272362E-03   0.1565225325131480E-05   0.4112917667133199E-08   0.6714816025017074E-08   0.3131990087969838E-05
  0.9532500000000000E+02   0.9996726835347255E+00   0.3123739108555349E-05  -0.1636716256177007E-03   0.1562125229853463E-05   0.4106925766474256E-08   0.6698806676605422E-08   0.3125785015445458E-05
  0.9537499999999999E+02   0.9996730735640015E+00   0.3117559983685690E-05  -0.1634765790798909E-03   0.1559034857528020E-05   0.4100950891417487E-08   0.6682848068825346E-08   0.3119599409263021E-05
  0.9542500000000000E+02   0.9996734628223584E+00   0.3111400199450989E-05  -0.1632819181026646E-03   0.1555954158905040E-05   0.4094992952569259E-08   0.6666939989465993E-08   0.3113433170807020E-05
  0.9547500000000001E+02   0.9996738513122053E+00   0.3105259658199747E-05  -0.1630876414809856E-03   0.1552883085139725E-05   0.4089051861331546E-08   0.6651082227510753E-08   0.3107286202273482E-05
  0.9552499999999999E+02   0.9996742390359397E+00   0.3099138263080449E-05  -0.1628937480157022E-03   0.1549821587787415E-05   0.4083127529891090E-08   0.6635274573113896E-08   0.3101158406659610E-05
  0.9557500000000000E+02   0.9996746259959464E+00   0.3093035918031356E-05  -0.1627002365139907E-03   0.1546769618798489E-05   0.4077219871208720E-08   0.6619516817631498E-08   0.3095049687753573E-05
  0.9562500000000000E+02   0.9996750121945989E+00   0.3086952527770580E-05  -0.1625071057886895E-03   0.1543727130513397E-05   0.4071328799008971E-08   0.6603808753561976E-08   0.3088959950124560E-05
  0.9567500000000000E+02   0.9996753976342584E+00   0.3080887997786260E-05  -0.1623143546587436E-03   0.1540694075657747E-05   0.4065454227769807E-08   0.6588150174577092E-08   0.3082889099112942E-05
  0.9572500000000001E+02   0.9996757823172747E+00   0.3074842234326947E-05  -0.1621219819489816E-03   0.1537670407337495E-05   0.4059596072712589E-08   0.6572540875498769E-08   0.3076837040820648E-05
  0.9577499999999999E+02   0.9996761662459857E+00   0.3068815144392185E-05  -0.1619299864897839E-03   0.1534656079034237E-05   0.4053754249792243E-08   0.6556980652267027E-08   0.3070803682101735E-05
  0.9582499999999999E+02   0.9996765494227179E+00   0.3062806635723201E-05  -0.1617383671177475E-03   0.1531651044600548E-05   0.4047928675687557E-08   0.6541469301988975E-08   0.3064788930553057E-05
  0.9587500000000000E+02   0.9996769318497862E+00   0.3056816616793837E-05  -0.1615471226749099E-03   0.1528655258255452E-05   0.4042119267791733E-08   0.6526006622870846E-08   0.3058792694505197E-05
  0.9592500000000000E+02   0.9996773135294944E+00   0.3050844996801564E-05  -0.1613562520090817E-03   0.1525668674579920E-05   0.4036325944203023E-08   0.6510592414240061E-08   0.3052814883013456E-05
  0.9597499999999999E+02   0.9996776944641347E+00   0.3044891685658721E-05  -0.1611657539735134E-03   0.1522691248512496E-05   0.4030548623715636E-08   0.6495226476513487E-08   0.3046855405849089E-05
  0.9602499999999999E+02   0.9996780746559882E+00   0.3038956593983853E-05  -0.1609756274274510E-03   0.1519722935344959E-05   0.4024787225810724E-08   0.6479908611237340E-08   0.3040914173490632E-05
  0.9607499999999999E+02   0.9996784541073251E+00   0.3033039633093259E-05  -0.1607858712353583E-03   0.1516763690718100E-05   0.4019041670647615E-08   0.6464638621019740E-08   0.3034991097115429E-05
  0.9612500000000000E+02   0.9996788328204043E+00   0.3027140714992605E-05  -0.1605964842674723E-03   0.1513813470617520E-05   0.4013311879055096E-08   0.6449416309570680E-08   0.3029086088591245E-05
  0.9617500000000001E+02   0.9996792107974738E+00   0.3021259752368757E-05  -0.1604074653992482E-03   0.1510872231369555E-05   0.4007597772522962E-08   0.6434241481652651E-08   0.3023199060468079E-05
  0.9622499999999999E+02   0.9996795880407711E+00   0.3015396658581730E-05  -0.1602188135116922E-03   0.1507939929637238E-05   0.4001899273193670E-08   0.6419113943102788E-08   0.3017329925970108E-05
  0.9627499999999999E+02   0.9996799645525222E+00   0.3009551347656725E-05  -0.1600305274912506E-03   0.1505016522416328E-05   0.3996216303854092E-08   0.6404033500819290E-08   0.3011478598987710E-05
  0.9632499999999999E+02   0.9996803403349434E+00   0.3003723734276389E-05  -0.1598426062295877E-03   0.1502101967031427E-05   0.3990548787927523E-08   0.6388999962739046E-08   0.3005644994069715E-05
  0.9637500000000000E+02   0.9996807153902394E+00   0.2997913733773127E-05  -0.1596550486238080E-03   0.1499196221132145E-05   0.3984896649465728E-08   0.6374013137850879E-08   0.2999829026415705E-05
  0.9642500000000001E+02   0.9996810897206052E+00   0.2992121262121571E-05  -0.1594678535761229E-03   0.1496299242689325E-05   0.3979259813141158E-08   0.6359072836164422E-08   0.2994030611868471E-05
  0.9647499999999999E+02   0.9996814633282247E+00   0.2986346235931200E-05  -0.1592810199941841E-03   0.1493410989991356E-05   0.3973638204239353E-08   0.6344178868732218E-08   0.2988249666906631E-05
  0.9652499999999999E+02   0.9996818362152721E+00   0.2980588572439009E-05  -0.1590945467905280E-03   0.1490531421640507E-05   0.3968031748651365E-08   0.6329331047601049E-08   0.2982486108637276E-05
  0.9657500000000000E+02   0.9996822083839108E+00   0.2974848189502402E-05  -0.1589084328831314E-03   0.1487660496549369E-05   0.3962440372866457E-08   0.6314529185851791E-08   0.2976739854788863E-05
  0.9662500000000000E+02   0.9996825798362939E+00   0.2969125005592089E-05  -0.1587226771948558E-03   0.1484798173937306E-05   0.3956864003964772E-08   0.6299773097550850E-08   0.2971010823704102E-05
  0.9667500000000000E+02   0.9996829505745648E+00   0.2963418939785181E-05  -0.1585372786538919E-03   0.1481944413326996E-05   0.3951302569610240E-08   0.6285062597781162E-08   0.2965298934333037E-05
  0.9672499999999999E+02   0.9996833206008567E+00   0.2957729911758367E-05  -0.1583522361930934E-03   0.1479099174541023E-05   0.3945755998043563E-08   0.6270397502585032E-08   0.2959604106226210E-05
  0.9677499999999999E+02   0.9996836899172928E+00   0.2952057841781183E-05  -0.1581675487506429E-03   0.1476262417698512E-05   0.3940224218075311E-08   0.6255777629012772E-08   0.2953926259527933E-05
  0.9682500000000000E+02   0.9996840585259862E+00   0.2946402650709413E-05  -0.1579832152694971E-03   0.1473434103211820E-05   0.3934707159079129E-08   0.6241202795074447E-08   0.2948265314969669E-05
  0.9687500000000000E+02   0.9996844264290404E+00   0.2940764259978588E-05  -0.1577992346976087E-03   0.1470614191783293E-05   0.3929204750985089E-08   0.6226672819753350E-08   0.2942621193863526E-05
  0.9692500000000000E+02   0.9996847936285490E+00   0.2935142591597581E-05  -0.1576156059879263E-03   0.1467802644402058E-05   0.3923716924273122E-08   0.6212187523001797E-08   0.2936993818095843E-05
  0.9697499999999999E+02   0.9996851601265958E+00   0.2929537568142315E-05  -0.1574323280979506E-03   0.1464999422340879E-05   0.3918243609966575E-08   0.6197746725702028E-08   0.2931383110120890E-05
  0.9702499999999999E+02   0.9996855259252555E+00   0.2923949112749545E-05  -0.1572493999900670E-03   0.1462204487153040E-05   0.3912784739625842E-08   0.6183350249688472E-08   0.2925788992954633E-05
  0.9707500000000000E+02   0.9996858910265924E+00   0.2918377149110761E-05  -0.1570668206318793E-03   0.1459417800669305E-05   0.3907340245342144E-08   0.6168997917769833E-08   0.2920211390168645E-05
  0.9712500000000000E+02   0.9996862554326622E+00   0.2912821601466164E-05  -0.1568845889950987E-03   0.1456639324994898E-05   0.3901910059731361E-08   0.6154689553637799E-08   0.2914650225884057E-05
  0.9717500000000000E+02   0.9996866191455105E+00   0.2907282394598771E-05  -0.1567027040566549E-03   0.1453869022506557E-05   0.3896494115928023E-08   0.6140424981950360E-08   0.2909105424765664E-05
  0.9722499999999999E+02   0.9996869821671738E+00   0.2901759453828555E-05  -0.1565211647976961E-03   0.1451106855849601E-05   0.3891092347579327E-08   0.6126204028249444E-08   0.2903576912016053E-05
  0.9727499999999999E+02   0.9996873444996793E+00   0.2896252705006721E-05  -0.1563399702045887E-03   0.1448352787935072E-05   0.3885704688839306E-08   0.6112026519035346E-08   0.2898064613369872E-05
  0.9732500000000000E+02   0.9996877061450451E+00   0.2890762074510036E-05  -0.1561591192678069E-03   0.1445606781936893E-05   0.3880331074363050E-08   0.6097892281675894E-08   0.2892568455088154E-05
  0.9737500000000000E+02   0.9996880671052800E+00   0.2885287489235264E-05  -0.1559786109825989E-03   0.1442868801289087E-05   0.3874971439301038E-08   0.6083801144454808E-08   0.2887088363952740E-05
  0.9742500000000000E+02   0.9996884273823838E+00   0.2879828876593695E-05  -0.1557984443486538E-03   0.1440138809683042E-05   0.3869625719293585E-08   0.6069752936541862E-08   0.2881624267260802E-05
  0.9747499999999999E+02   0.9996887869783470E+00   0.2874386164505711E-05  -0.1556186183705455E-03   0.1437416771064791E-05   0.3864293850465306E-08   0.6055747488023720E-08   0.2876176092819403E-05
  0.9752500000000001E+02   0.9996891458951517E+00   0.2868959281395474E-05  -0.1554391320568449E-03   0.1434702649632356E-05   0.3858975769419726E-08   0.6041784629830979E-08   0.2870743768940173E-05
  0.9757499999999999E+02   0.9996895041347704E+00   0.2863548156185673E-05  -0.1552599844208968E-03   0.1431996409833118E-05   0.3853671413233946E-08   0.6027864193795041E-08   0.2865327224434054E-05
  0.9762500000000000E+02   0.9996898616991673E+00   0.2858152718292357E-05  -0.1550811744802649E-03   0.1429298016361238E-05   0.3848380719453408E-08   0.6013986012601210E-08   0.2859926388606123E-05
  0.9767500000000000E+02   0.9996902185902976E+00   0.2852772897619844E-05  -0.1549027012569537E-03   0.1426607434155106E-05   0.3843103626086728E-08   0.6000149919802363E-08   0.2854541191250491E-05
  0.9772499999999999E+02   0.9996905748101078E+00   0.2847408624555681E-05  -0.1547245637776307E-03   0.1423924628394821E-05   0.3837840071600596E-08   0.5986355749832463E-08   0.2849171562645261E-05
  0.9777499999999999E+02   0.9996909303605358E+00   0.2842059829965706E-05  -0.1545467610728490E-03   0.1421249564499723E-05   0.3832589994914775E-08   0.5972603337942792E-08   0.2843817433547577E-05
  0.9782499999999999E+02   0.9996912852435108E+00   0.2836726445189174E-05  -0.1543692921776030E-03   0.1418582208125951E-05   0.3827353335397173E-08   0.5958892520241435E-08   0.2838478735188749E-05
  0.9787500000000000E+02   0.9996916394609536E+00   0.2831408402033929E-05  -0.1541921561312165E-03   0.1415922525164034E-05   0.3822130032858964E-08   0.5945223133681112E-08   0.2833155399269414E-05
  0.9792500000000000E+02   0.9996919930147764E+00   0.2826105632771692E-05  -0.1540153519774545E-03   0.1413270481736530E-05   0.3816920027549829E-08   0.5931595016064224E-08   0.2827847357954818E-05
  0.9797499999999999E+02   0.9996923459068828E+00   0.2820818070133354E-05  -0.1538388787639677E-03   0.1410626044195671E-05   0.3811723260153206E-08   0.5918008005996560E-08   0.2822554543870106E-05
  0.9802499999999999E+02   0.9996926981391686E+00   0.2815545647304395E-05  -0.1536627355426257E-03   0.1407989179121076E-05   0.3806539671781663E-08   0.5904461942909598E-08   0.2817276890095721E-05
  0.9807500000000000E+02   0.9996930497135206E+00   0.2810288297920318E-05  -0.1534869213697387E-03   0.1405359853317461E-05   0.3801369203972304E-08   0.5890956667074124E-08   0.2812014330162854E-05
  0.9812500000000000E+02   0.9996934006318180E+00   0.2805045956062194E-05  -0.1533114353052811E-03   0.1402738033812418E-05   0.3796211798682281E-08   0.5877492019537120E-08   0.2806766798048959E-05
  0.9817500000000000E+02   0.9996937508959312E+00   0.2799818556252224E-05  -0.1531362764138899E-03   0.1400123687854189E-05   0.3791067398284323E-08   0.5864067842195116E-08   0.2801534228173324E-05
  0.9822499999999999E+02   0.9996941005077229E+00   0.2794606033449380E-05  -0.1529614437636440E-03   0.1397516782909488E-05   0.3785935945562355E-08   0.5850683977697198E-08   0.2796316555392701E-05
  0.9827499999999999E+02   0.9996944494690474E+00   0.2789408323045130E-05  -0.1527869364273959E-03   0.1394917286661364E-05   0.3780817383707199E-08   0.5837340269543771E-08   0.2791113714997025E-05
  0.9832500000000000E+02   0.9996947977817511E+00   0.2784225360859176E-05  -0.1526127534814403E-03   0.1392325167007066E-05   0.3775711656312293E-08   0.5824036561981263E-08   0.2785925642705141E-05
  0.9837500000000000E+02   0.9996951454476726E+00   0.2779057083135290E-05  -0.1524388940062904E-03   0.1389740392055966E-05   0.3770618707369515E-08   0.5810772700058374E-08   0.2780752274660642E-05
  0.9842500000000000E+02   0.9996954924686421E+00   0.2773903426537185E-05  -0.1522653570863453E-03   0.1387162930127485E-05   0.3765538481265035E-08   0.5797548529597371E-08   0.2775593547427730E-05
  0.9847499999999999E+02   0.9996958388464825E+00   0.2768764328144440E-05  -0.1520921418100007E-03   0.1384592749749064E-05   0.3760470922775239E-08   0.5784363897199365E-08   0.2770449397987133E-05
  0.9852499999999999E+02   0.9996961845830082E+00   0.2763639725448496E-05  -0.1519192472697606E-03   0.1382029819654154E-05   0.3755415977062704E-08   0.5771218650249538E-08   0.2765319763732099E-05
  0.9857500000000000E+02   0.9996965296800266E+00   0.2758529556348695E-05  -0.1517466725615702E-03   0.1379474108780240E-05   0.3750373589672249E-08   0.5758112636863346E-08   0.2760204582464426E-05
  0.9862500000000000E+02   0.9996968741393367E+00   0.2753433759148372E-05  -0.1515744167855937E-03   0.1376925586266882E-05   0.3745343706527011E-08   0.5745045705942481E-08   0.2755103792390551E-05
  0.9867499999999998E+02   0.9996972179627303E+00   0.2748352272551004E-05  -0.1514024790457702E-03   0.1374384221453792E-05   0.3740326273924606E-08   0.5732017707138008E-08   0.2750017332117689E-05
  0.9872499999999999E+02   0.9996975611519912E+00   0.2743285035656399E-05  -0.1512308584497024E-03   0.1371849983878926E-05   0.3735321238533316E-08   0.5719028490838878E-08   0.2744945140650021E-05
  0.9877500000000001E+02   0.9996979037088957E+00   0.2738231987956942E-05  -0.1510595541091009E-03   0.1369322843276608E-05   0.3730328547388338E-08   0.5706077908202491E-08   0.2739887157384935E-05
  0.9882500000000000E+02   0.9996982456352128E+00   0.2733193069333909E-05  -0.1508885651390068E-03   0.1366802769575684E-05   0.3725348147888115E-08   0.5693165811092894E-08   0.2734843322109326E-05
  0.9887500000000000E+02   0.9996985869327039E+00   0.2728168220053784E-05  -0.1507178906586804E-03   0.1364289732897682E-05   0.3720379987790654E-08   0.5680292052144873E-08   0.2729813574995920E-05
  0.9892499999999998E+02   0.9996989276031228E+00   0.2723157380764669E-05  -0.1505475297907122E-03   0.1361783703555014E-05   0.3715424015209952E-08   0.5667456484693899E-08   0.2724797856599668E-05
  0.9897499999999999E+02   0.9996992676482163E+00   0.2718160492492721E-05  -0.1503774816615788E-03   0.1359284652049197E-05   0.3710480178612457E-08   0.5654658962815068E-08   0.2719796107854184E-05
  0.9902500000000001E+02   0.9996996070697233E+00   0.2713177496638621E-05  -0.1502077454013095E-03   0.1356792549069083E-05   0.3705548426813533E-08   0.5641899341295051E-08   0.2714808270068205E-05
  0.9907499999999999E+02   0.9996999458693759E+00   0.2708208334974131E-05  -0.1500383201437083E-03   0.1354307365489142E-05   0.3700628708974058E-08   0.5629177475645884E-08   0.2709834284922146E-05
  0.9912499999999999E+02   0.9997002840488989E+00   0.2703252949638636E-05  -0.1498692050261319E-03   0.1351829072367725E-05   0.3695720974596973E-08   0.5616493222085374E-08   0.2704874094464636E-05
  0.9917500000000000E+02   0.9997006216100095E+00   0.2698311283135792E-05  -0.1497003991896007E-03   0.1349357640945395E-05   0.3690825173523959E-08   0.5603846437542547E-08   0.2699927641109157E-05
  0.9922499999999999E+02   0.9997009585544182E+00   0.2693383278330159E-05  -0.1495319017786878E-03   0.1346893042643238E-05   0.3685941255932088E-08   0.5591236979646469E-08   0.2694994867630677E-05
  0.9927500000000001E+02   0.9997012948838281E+00   0.2688468878443915E-05  -0.1493637119414082E-03   0.1344435249061222E-05   0.3681069172330573E-08   0.5578664706715141E-08   0.2690075717162360E-05
  0.9932500000000000E+02   0.9997016305999356E+00   0.2683568027053621E-05  -0.1491958288294404E-03   0.1341984231976576E-05   0.3676208873557553E-08   0.5566129477769268E-08   0.2685170133192318E-05
  0.9937499999999999E+02   0.9997019657044294E+00   0.2678680668086961E-05  -0.1490282515980157E-03   0.1339539963342163E-05   0.3671360310776865E-08   0.5553631152521172E-08   0.2680278059560357E-05
  0.9942500000000000E+02   0.9997023001989920E+00   0.2673806745819612E-05  -0.1488609794056961E-03   0.1337102415284911E-05   0.3666523435474949E-08   0.5541169591355442E-08   0.2675399440454831E-05
  0.9947499999999999E+02   0.9997026340852985E+00   0.2668946204872077E-05  -0.1486940114145963E-03   0.1334671560104232E-05   0.3661698199457709E-08   0.5528744655342776E-08   0.2670534220409482E-05
  0.9952499999999999E+02   0.9997029673650171E+00   0.2664098990206603E-05  -0.1485273467903836E-03   0.1332247370270476E-05   0.3656884554847462E-08   0.5516356206237215E-08   0.2665682344300342E-05
  0.9957500000000000E+02   0.9997033000398093E+00   0.2659265047124125E-05  -0.1483609847019451E-03   0.1329829818423410E-05   0.3652082454079934E-08   0.5504004106448661E-08   0.2660843757342681E-05
  0.9962499999999999E+02   0.9997036321113301E+00   0.2654444321261236E-05  -0.1481949243217207E-03   0.1327418877370693E-05   0.3647291849901243E-08   0.5491688219064982E-08   0.2656018405087968E-05
  0.9967500000000000E+02   0.9997039635812268E+00   0.2649636758587210E-05  -0.1480291648255916E-03   0.1325014520086395E-05   0.3642512695364989E-08   0.5479408407841028E-08   0.2651206233420890E-05
  0.9972499999999999E+02   0.9997042944511411E+00   0.2644842305401045E-05  -0.1478637053924370E-03   0.1322616719709513E-05   0.3637744943829305E-08   0.5467164537163151E-08   0.2646407188556393E-05
  0.9977499999999999E+02   0.9997046247227072E+00   0.2640060908328575E-05  -0.1476985452051327E-03   0.1320225449542528E-05   0.3632988548954041E-08   0.5454956472120496E-08   0.2641621217036783E-05
  0.9982500000000000E+02   0.9997049543975528E+00   0.2635292514319563E-05  -0.1475336834491081E-03   0.1317840683049951E-05   0.3628243464697880E-08   0.5442784078395659E-08   0.2636848265728826E-05
  0.9987500000000000E+02   0.9997052834772994E+00   0.2630537070644878E-05  -0.1473691193136784E-03   0.1315462393856912E-05   0.3623509645315564E-08   0.5430647222360583E-08   0.2632088281820911E-05
  0.9992500000000000E+02   0.9997056119635617E+00   0.2625794524893691E-05  -0.1472048519912672E-03   0.1313090555747756E-05   0.3618787045355136E-08   0.5418545771016533E-08   0.2627341212820238E-05
  0.9997499999999999E+02   0.9997059398579475E+00   0.2621064824970677E-05  -0.1470408806775181E-03   0.1310725142664642E-05   0.3614075619655185E-08   0.5406479591999781E-08   0.2622607006550034E-05
