#   omega (eV)      epsilon_1       epsilon_2       n               kappa           mu (cm^(-1))    R               epsinv
  0.2500000000000000E-01   0.1174557345555571E+01   0.9584328395605829E-05   0.8376996893949928E-01   0.4421754002366561E-05   0.3048798896338070E-11   0.1616133231833688E-02   0.6947254925765677E-05
  0.7500000000000000E-01   0.1174559736440005E+01   0.2875396576345105E-04   0.8377107205165046E-01   0.1326570089613939E-04   0.2744009790887586E-10   0.1616174120542453E-02   0.2084239069069336E-04
  0.1250000000000000E+00   0.1174564518452018E+01   0.4792654523668284E-04   0.8377327838478865E-01   0.2211096462357450E-04   0.7622753833121950E-10   0.1616255903424014E-02   0.3473940442724108E-04
  0.1750000000000000E+00   0.1174571692077992E+01   0.6710402947096724E-04   0.8377658815662570E-01   0.3095842362912783E-04   0.1494208077148448E-09   0.1616378591408605E-02   0.4863954888821805E-04
  0.2250000000000000E+00   0.1174581258047731E+01   0.8628838300178123E-04   0.8378100169383118E-01   0.3980895719103856E-04   0.2470344442841119E-09   0.1616542200897076E-02   0.6254407798512671E-04
  0.2750000000000000E+00   0.1174593217334730E+01   0.1054815729997700E-03   0.8378651943215321E-01   0.4866344575638232E-04   0.3690878452264093E-09   0.1616746753767416E-02   0.7645424725386481E-04
  0.3250000000000000E+00   0.1174607571156546E+01   0.1246855700295290E-03   0.8379314191658116E-01   0.5752277127766047E-04   0.5156052777682995E-09   0.1616992277383557E-02   0.9037131432264550E-04
  0.3749999999999999E+00   0.1174624320975251E+01   0.1439023488128285E-03   0.8380086980154866E-01   0.6638781755138190E-04   0.6866158930572067E-09   0.1617278804606336E-02   0.1042965393827967E-03
  0.4250000000000000E+00   0.1174643468497992E+01   0.1631338889972892E-03   0.8380970385117870E-01   0.7525947055909069E-04   0.8821537428732045E-09   0.1617606373806719E-02   0.1182311856630942E-03
  0.4749999999999999E+00   0.1174665015677626E+01   0.1823821759315567E-03   0.8381964493956895E-01   0.8413861881130871E-04   0.1102257799200648E-08   0.1617975028881231E-02   0.1321765199083083E-03
  0.5250000000000000E+00   0.1174688964713468E+01   0.2016492014480227E-03   0.8383069405112020E-01   0.9302615369486466E-04   0.1346971976694626E-08   0.1618384819269666E-02   0.1461338128626463E-03
  0.5750000000000001E+00   0.1174715318052121E+01   0.2209369646541733E-03   0.8384285228090715E-01   0.1019229698240938E-03   0.1616345158082589E-08   0.1618835799975100E-02   0.1601043397587916E-03
  0.6249999999999999E+00   0.1174744078388408E+01   0.2402474727336977E-03   0.8385612083509009E-01   0.1108299653964180E-03   0.1910431222547317E-08   0.1619328031586109E-02   0.1740893808132806E-03
  0.6749999999999999E+00   0.1174775248666404E+01   0.2595827417584940E-03   0.8387050103137228E-01   0.1197480425528162E-03   0.2229289077142996E-08   0.1619861580301439E-02   0.1880902217289563E-03
  0.7250000000000001E+00   0.1174808832080562E+01   0.2789447975127533E-03   0.8388599429950072E-01   0.1286781077437167E-03   0.2572982691302231E-08   0.1620436517956973E-02   0.2021081542052699E-03
  0.7749999999999999E+00   0.1174844832076938E+01   0.2983356763303733E-03   0.8390260218180945E-01   0.1376210721008730E-03   0.2941581134498364E-08   0.1621052922055043E-02   0.2161444764572510E-03
  0.8250000000000000E+00   0.1174883252354529E+01   0.3177574259469766E-03   0.8392032633381108E-01   0.1465778518157976E-03   0.3335158617133887E-08   0.1621710875796266E-02   0.2302004937439782E-03
  0.8749999999999999E+00   0.1174924096866700E+01   0.3372121063678591E-03   0.8393916852483274E-01   0.1555493685253490E-03   0.3753794534732660E-08   0.1622410468113779E-02   0.2442775189074209E-03
  0.9249999999999999E+00   0.1174967369822727E+01   0.3567017907532655E-03   0.8395913063869864E-01   0.1645365497051014E-03   0.4197573515521015E-08   0.1623151793709971E-02   0.2583768729225698E-03
  0.9750000000000001E+00   0.1175013075689446E+01   0.3762285663224819E-03   0.8398021467446171E-01   0.1735403290711676E-03   0.4666585471490899E-08   0.1623934953095812E-02   0.2724998854598362E-03
  0.1025000000000000E+01   0.1175061219193009E+01   0.3957945352782307E-03   0.8400242274718384E-01   0.1825616469911432E-03   0.5160925653045584E-08   0.1624760052632774E-02   0.2866478954606956E-03
  0.1075000000000000E+01   0.1175111805320753E+01   0.4154018157530328E-03   0.8402575708876436E-01   0.1916014509049244E-03   0.5680694707338234E-08   0.1625627204577343E-02   0.3008222517276811E-03
  0.1125000000000000E+01   0.1175164839323186E+01   0.4350525427791970E-03   0.8405022004882245E-01   0.2006606957561447E-03   0.6225998740421819E-08   0.1626536527128336E-02   0.3150243135298142E-03
  0.1175000000000000E+01   0.1175220326716090E+01   0.4547488692842692E-03   0.8407581409562970E-01   0.2097403444350592E-03   0.6796949383339697E-08   0.1627488144476924E-02   0.3292554512246936E-03
  0.1225000000000000E+01   0.1175278273282745E+01   0.4744929671138265E-03   0.8410254181709664E-01   0.2188413682337257E-03   0.7393663862296082E-08   0.1628482186859488E-02   0.3435170468984892E-03
  0.1275000000000000E+01   0.1175338685076276E+01   0.4942870280836397E-03   0.8413040592181598E-01   0.2279647473143955E-03   0.8016265073057196E-08   0.1629518790613450E-02   0.3578104950251829E-03
  0.1325000000000000E+01   0.1175401568422125E+01   0.5141332650633612E-03   0.8415940924016119E-01   0.2371114711920889E-03   0.8664881659746217E-08   0.1630598098236033E-02   0.3721372031464940E-03
  0.1375000000000000E+01   0.1175466929920663E+01   0.5340339130940166E-03   0.8418955472544210E-01   0.2462825392323828E-03   0.9339648098207993E-08   0.1631720258446021E-02   0.3864985925740058E-03
  0.1425000000000000E+01   0.1175534776449926E+01   0.5539912305417463E-03   0.8422084545512498E-01   0.2554789611655163E-03   0.1004070478413371E-07   0.1632885426248855E-02   0.4008960991151241E-03
  0.1475000000000000E+01   0.1175605115168496E+01   0.5740075002903893E-03   0.8425328463210868E-01   0.2647017576179870E-03   0.1076819812615082E-07   0.1634093763004725E-02   0.4153311738246021E-03
  0.1525000000000000E+01   0.1175677953518526E+01   0.5940850309757225E-03   0.8428687558607084E-01   0.2739519606629066E-03   0.1152228064410045E-07   0.1635345436500233E-02   0.4298052837835107E-03
  0.1575000000000000E+01   0.1175753299228914E+01   0.6142261582643359E-03   0.8432162177487501E-01   0.2832306143904694E-03   0.1230311107274203E-07   0.1636640621023300E-02   0.4443199129076579E-03
  0.1625000000000000E+01   0.1175831160318624E+01   0.6344332461803472E-03   0.8435752678605013E-01   0.2925387754999760E-03   0.1311085447114414E-07   0.1637979497441765E-02   0.4588765627876003E-03
  0.1675000000000000E+01   0.1175911545100176E+01   0.6547086884834375E-03   0.8439459433833862E-01   0.3018775139149965E-03   0.1394568233804261E-07   0.1639362253285565E-02   0.4734767535625929E-03
  0.1725000000000000E+01   0.1175994462183296E+01   0.6750549101019062E-03   0.8443282828331955E-01   0.3112479134233388E-03   0.1480777273346869E-07   0.1640789082832770E-02   0.4881220248309630E-03
  0.1775000000000000E+01   0.1176079920478732E+01   0.6954743686247971E-03   0.8447223260710635E-01   0.3206510723436663E-03   0.1569731040697686E-07   0.1642260187199475E-02   0.5028139365996434E-03
  0.1825000000000000E+01   0.1176167929202260E+01   0.7159695558573982E-03   0.8451281143212697E-01   0.3300881042207063E-03   0.1661448693282736E-07   0.1643775774433881E-02   0.5175540702757626E-03
  0.1875000000000000E+01   0.1176258497878865E+01   0.7365429994448665E-03   0.8455456901898328E-01   0.3395601385512094E-03   0.1755950085251104E-07   0.1645336059614466E-02   0.5323440297035126E-03
  0.1925000000000000E+01   0.1176351636347118E+01   0.7571972645690566E-03   0.8459750976839842E-01   0.3490683215429594E-03   0.1853255782503546E-07   0.1646941264952621E-02   0.5471854422497249E-03
  0.1975000000000000E+01   0.1176447354763757E+01   0.7779349557240792E-03   0.8464163822325510E-01   0.3586138169093387E-03   0.1953387078542793E-07   0.1648591619899901E-02   0.5620799599419020E-03
  0.2025000000000000E+01   0.1176545663608469E+01   0.7987587185766618E-03   0.8468695907072377E-01   0.3681978067022105E-03   0.2056366011195251E-07   0.1650287361259860E-02   0.5770292606628273E-03
  0.2075000000000000E+01   0.1176646573688904E+01   0.8196712419178383E-03   0.8473347714449364E-01   0.3778214921860721E-03   0.2162215380258036E-07   0.1652028733305042E-02   0.5920350494061838E-03
  0.2125000000000000E+01   0.1176750096145905E+01   0.8406752597131647E-03   0.8478119742710266E-01   0.3874860947567531E-03   0.2270958766130343E-07   0.1653815987898979E-02   0.6070990595980804E-03
  0.2175000000000000E+01   0.1176856242458988E+01   0.8617735532592873E-03   0.8483012505237575E-01   0.3971928569082098E-03   0.2382620549493455E-07   0.1655649384623632E-02   0.6222230544898185E-03
  0.2225000000000000E+01   0.1176965024452066E+01   0.8829689534554412E-03   0.8488026530797677E-01   0.4069430432513136E-03   0.2497225932109747E-07   0.1657529190912494E-02   0.6374088286277382E-03
  0.2275000000000000E+01   0.1177076454299443E+01   0.9042643431993241E-03   0.8493162363807749E-01   0.4167379415889244E-03   0.2614800958817784E-07   0.1659455682189549E-02   0.6526582094066073E-03
  0.2325000000000000E+01   0.1177190544532082E+01   0.9256626599176570E-03   0.8498420564615117E-01   0.4265788640519371E-03   0.2735372540807929E-07   0.1661429142014422E-02   0.6679730587135839E-03
  0.2375000000000000E+01   0.1177307308044166E+01   0.9471668982428368E-03   0.8503801709789749E-01   0.4364671483014861E-03   0.2858968480271253E-07   0.1663449862234029E-02   0.6833552746705685E-03
  0.2425000000000000E+01   0.1177426758099962E+01   0.9687801128482471E-03   0.8509306392430460E-01   0.4464041588030225E-03   0.2985617496523853E-07   0.1665518143141002E-02   0.6988067934835423E-03
  0.2475000000000000E+01   0.1177548908341017E+01   0.9905054214560934E-03   0.8514935222485631E-01   0.4563912881785735E-03   0.3115349253719015E-07   0.1667634293639266E-02   0.7143295914084070E-03
  0.2525000000000000E+01   0.1177673772793689E+01   0.1012346008033115E-02   0.8520688827089340E-01   0.4664299586441666E-03   0.3248194390271317E-07   0.1669798631417163E-02   0.7299256868438551E-03
  0.2575000000000000E+01   0.1177801365877040E+01   0.1034305126191211E-02   0.8526567850913724E-01   0.4765216235401767E-03   0.3384184550129979E-07   0.1672011483128503E-02   0.7455971425629754E-03
  0.2625000000000000E+01   0.1177931702411115E+01   0.1056386102811917E-02   0.8532572956538353E-01   0.4866677689632146E-03   0.3523352416053572E-07   0.1674273184581938E-02   0.7613460680966247E-03
  0.2675000000000000E+01   0.1178064797625619E+01   0.1078592341915754E-02   0.8538704824838028E-01   0.4968699155091305E-03   0.3665731745054694E-07   0.1676584080939235E-02   0.7771746222830205E-03
  0.2725000000000000E+01   0.1178200667169032E+01   0.1100927328800013E-02   0.8544964155389700E-01   0.5071296201378621E-03   0.3811357406202555E-07   0.1678944526922842E-02   0.7930850159997932E-03
  0.2775000000000000E+01   0.1178339327118168E+01   0.1123394634471184E-02   0.8551351666899842E-01   0.5174484781720765E-03   0.3960265420992511E-07   0.1681354887033308E-02   0.8090795150965791E-03
  0.2825000000000000E+01   0.1178480793988232E+01   0.1145997920401533E-02   0.8557868097653887E-01   0.5278281254430328E-03   0.4112493006516334E-07   0.1683815535777296E-02   0.8251604435484940E-03
  0.2875000000000000E+01   0.1178625084743376E+01   0.1168740943642813E-02   0.8564514205988516E-01   0.5382702405987204E-03   0.4268078621694673E-07   0.1686326857906573E-02   0.8413301868532914E-03
  0.2925000000000000E+01   0.1178772216807822E+01   0.1191627562334352E-02   0.8571290770788975E-01   0.5487765475912344E-03   0.4427062016865216E-07   0.1688889248668928E-02   0.8575911956979393E-03
  0.2975000000000000E+01   0.1178922208077551E+01   0.1214661741647460E-02   0.8578198592012565E-01   0.5593488183625174E-03   0.4589484287056517E-07   0.1691503114071585E-02   0.8739459899236272E-03
  0.3024999999999999E+01   0.1179075076932637E+01   0.1237847560213584E-02   0.8585238491240421E-01   0.5699888757501054E-03   0.4755387929319463E-07   0.1694168871158020E-02   0.8903971628220585E-03
  0.3075000000000000E+01   0.1179230842250230E+01   0.1261189217090026E-02   0.8592411312259318E-01   0.5806985966374090E-03   0.4924816904536857E-07   0.1696886948299015E-02   0.9069473858002911E-03
  0.3125000000000000E+01   0.1179389523418270E+01   0.1284691039324269E-02   0.8599717921676020E-01   0.5914799153763963E-03   0.5097816704187266E-07   0.1699657785499043E-02   0.9235994134564692E-03
  0.3175000000000000E+01   0.1179551140349953E+01   0.1308357490186616E-02   0.8607159209565807E-01   0.6023348275144736E-03   0.5274434422604584E-07   0.1702481834718774E-02   0.9403560891148082E-03
  0.3225000000000000E+01   0.1179715713499032E+01   0.1332193178150585E-02   0.8614736090158348E-01   0.6132653938618258E-03   0.5454718835349436E-07   0.1705359560215097E-02   0.9572203508749855E-03
  0.3275000000000000E+01   0.1179883263875986E+01   0.1356202866712238E-02   0.8622449502563456E-01   0.6242737449408340E-03   0.5638720484396984E-07   0.1708291438899812E-02   0.9741952382392945E-03
  0.3325000000000000E+01   0.1180053813065147E+01   0.1380391485153058E-02   0.8630300411539249E-01   0.6353620858653289E-03   0.5826491770947938E-07   0.1711277960718164E-02   0.9912838993902809E-03
  0.3375000000000000E+01   0.1180227383242829E+01   0.1404764140366935E-02   0.8638289808306698E-01   0.6465327017047371E-03   0.6018087056790160E-07   0.1714319629048990E-02   0.1008489599202748E-02
  0.3425000000000000E+01   0.1180403997196570E+01   0.1429326129890573E-02   0.8646418711413340E-01   0.6577879633967269E-03   0.6213562775279768E-07   0.1717416961127756E-02   0.1025815728087071E-02
  0.3475000000000000E+01   0.1180583678345530E+01   0.1454082956298748E-02   0.8654688167650382E-01   0.6691303342821017E-03   0.6412977553178008E-07   0.1720570488494414E-02   0.1043265811776284E-02
  0.3525000000000000E+01   0.1180766450762166E+01   0.1479040343152110E-02   0.8663099253026818E-01   0.6805623773476677E-03   0.6616392344778007E-07   0.1723780757467731E-02   0.1060843522187699E-02
  0.3574999999999999E+01   0.1180952339195261E+01   0.1504204252716362E-02   0.8671653073805285E-01   0.6920867632770660E-03   0.6823870579990648E-07   0.1727048329648256E-02   0.1078552689511659E-02
  0.3625000000000000E+01   0.1181141369094414E+01   0.1529580905708979E-02   0.8680350767603873E-01   0.7037062794266052E-03   0.7035478328339652E-07   0.1730373782451877E-02   0.1096397315706074E-02
  0.3675000000000000E+01   0.1181333566636091E+01   0.1555176803373991E-02   0.8689193504568893E-01   0.7154238398634436E-03   0.7251284481150846E-07   0.1733757709676326E-02   0.1114381589606525E-02
  0.3725000000000000E+01   0.1181528958751365E+01   0.1580998752238992E-02   0.8698182488623707E-01   0.7272424966279719E-03   0.7471360954623928E-07   0.1737200722102967E-02   0.1132509903899168E-02
  0.3775000000000000E+01   0.1181727573155429E+01   0.1607053891972757E-02   0.8707318958798482E-01   0.7391654524116502E-03   0.7695782916959625E-07   0.1740703448136296E-02   0.1150786874248716E-02
  0.3825000000000000E+01   0.1181929438379020E+01   0.1633349726839748E-02   0.8716604190646193E-01   0.7511960748771619E-03   0.7924629043301887E-07   0.1744266534483676E-02   0.1169217360928315E-02
  0.3874999999999999E+01   0.1182134583801848E+01   0.1659894161342021E-02   0.8726039497749438E-01   0.7633379128908581E-03   0.8157981802965693E-07   0.1747890646877705E-02   0.1187806493364108E-02
  0.3925000000000000E+01   0.1182343039688128E+01   0.1686695540753664E-02   0.8735626233322935E-01   0.7755947149899072E-03   0.8395927784286591E-07   0.1751576470843718E-02   0.1206559698087677E-02
  0.3975000000000000E+01   0.1182554837224286E+01   0.1713762697392632E-02   0.8745365791913939E-01   0.7879704504704806E-03   0.8638558063484490E-07   0.1755324712514063E-02   0.1225482730687396E-02
  0.4025000000000000E+01   0.1182770008558871E+01   0.1741105003645622E-02   0.8755259611203381E-01   0.8004693335614377E-03   0.8885968625227814E-07   0.1759136099491014E-02   0.1244581712469523E-02
  0.4074999999999999E+01   0.1182988586844660E+01   0.1768732432970818E-02   0.8765309173905411E-01   0.8130958512437004E-03   0.9138260844172272E-07   0.1763011381758372E-02   0.1263863172686508E-02
  0.4125000000000000E+01   0.1183210606282838E+01   0.1796655630360067E-02   0.8775516009761186E-01   0.8258547953929452E-03   0.9395542038702710E-07   0.1766951332641135E-02   0.1283334097369988E-02
  0.4175000000000000E+01   0.1183436102169000E+01   0.1824885994057398E-02   0.8785881697614761E-01   0.8387513000675576E-03   0.9657926110515657E-07   0.1770956749809696E-02   0.1303001986027192E-02
  0.4225000000000000E+01   0.1183665110940552E+01   0.1853435770718129E-02   0.8796407867551581E-01   0.8517908849410250E-03   0.9925534286652342E-07   0.1775028456322216E-02   0.1322874917731113E-02
  0.4275000000000000E+01   0.1183897670224769E+01   0.1882318166668133E-02   0.8807096203065479E-01   0.8649795060954406E-03   0.1019849598425842E-06   0.1779167301693377E-02   0.1342961628468288E-02
  0.4325000000000000E+01   0.1184133818886369E+01   0.1911547478504061E-02   0.8817948443202273E-01   0.8783236156587700E-03   0.1047694982286173E-06   0.1783374162970821E-02   0.1363271602015792E-02
  0.4375000000000000E+01   0.1184373597072865E+01   0.1941139246981812E-02   0.8828966384599446E-01   0.8918302320918237E-03   0.1076104481449594E-06   0.1787649945789601E-02   0.1383815177114718E-02
  0.4425000000000000E+01   0.1184617046255060E+01   0.1971110438990720E-02   0.8840151883302183E-01   0.9055070233199111E-03   0.1105094176873795E-06   0.1791995585359765E-02   0.1404603674303875E-02
  0.4475000000000000E+01   0.1184864209258817E+01   0.2001479663416530E-02   0.8851506856177682E-01   0.9193624053643218E-03   0.1134681495782813E-06   0.1796412047319403E-02   0.1425649546482871E-02
  0.4525000000000000E+01   0.1185115130282423E+01   0.2032267427853313E-02   0.8863033281667665E-01   0.9334056596581825E-03   0.1164885409657814E-06   0.1800900328353363E-02   0.1446966558085156E-02
  0.4575000000000000E+01   0.1185369854891232E+01   0.2063496444392935E-02   0.8874733199498919E-01   0.9476470728115784E-03   0.1195726670260742E-06   0.1805461456430534E-02   0.1468569998630809E-02
  0.4625000000000000E+01   0.1185628429977588E+01   0.2095191993990241E-02   0.8886608708800758E-01   0.9620981031714769E-03   0.1227228091400894E-06   0.1810096490444964E-02   0.1490476937317633E-02
  0.4675000000000000E+01   0.1185890903668638E+01   0.2127382359928556E-02   0.8898661963834797E-01   0.9767715789910528E-03   0.1259414885238720E-06   0.1814806518949341E-02   0.1512706526025532E-02
  0.4725000000000000E+01   0.1186157325157163E+01   0.2160099341206507E-02   0.8910895166196275E-01   0.9916819331574817E-03   0.1292315062627488E-06   0.1819592657531242E-02   0.1535280358309720E-02
  0.4774999999999999E+01   0.1186427744419991E+01   0.2193378855319695E-02   0.8923310551865304E-01   0.1006845478808362E-02   0.1325959906724391E-06   0.1824456044189685E-02   0.1558222890998991E-02
  0.4825000000000000E+01   0.1186702211774267E+01   0.2227261635285830E-02   0.8935910370830147E-01   0.1022280728046417E-02   0.1360384526758537E-06   0.1829397831804907E-02   0.1581561931745190E-02
  0.4875000000000000E+01   0.1186980777203114E+01   0.2261794015073053E-02   0.8948696856147897E-01   0.1038008751063562E-02   0.1395628492500772E-06   0.1834419176446303E-02   0.1605329188326054E-02
  0.4925000000000000E+01   0.1187263489359460E+01   0.2297028776365383E-02   0.8961672178265245E-01   0.1054053563260006E-02   0.1431736536473510E-06   0.1839521219835339E-02   0.1629560860535855E-02
  0.4975000000000000E+01   0.1187550394132771E+01   0.2333025991281122E-02   0.8974838379322181E-01   0.1070442510389541E-02   0.1468759285482496E-06   0.1844705063819805E-02   0.1654298228491919E-02
  0.5025000000000000E+01   0.1187841532646270E+01   0.2369853732141007E-02   0.8988197281377452E-01   0.1087206592665579E-02   0.1506753939421520E-06   0.1849971734366492E-02   0.1679588146437163E-02
  0.5074999999999999E+01   0.1188136938559143E+01   0.2407588424292049E-02   0.9001750362813365E-01   0.1104380625209397E-02   0.1545784747824322E-06   0.1855322132650597E-02   0.1705483284163839E-02
  0.5124999999999999E+01   0.1188436634608543E+01   0.2446314495849435E-02   0.9015498599944327E-01   0.1122003076290422E-02   0.1585923044259188E-06   0.1860756971848207E-02   0.1732041872255496E-02
  0.5175000000000000E+01   0.1188740628474616E+01   0.2486122861361803E-02   0.9029442277656163E-01   0.1140115371328142E-02   0.1627246504839905E-06   0.1866276700870359E-02   0.1759326625322469E-02
  0.5225000000000000E+01   0.1189048908296279E+01   0.2527107739816281E-02   0.9043580784107674E-01   0.1158760433967970E-02   0.1669837249731652E-06   0.1871881420698605E-02   0.1787402492265308E-02
  0.5274999999999999E+01   0.1189361438423715E+01   0.2569361438891933E-02   0.9057912416353031E-01   0.1177980295956345E-02   0.1713778469192949E-06   0.1877570803744611E-02   0.1816332976338401E-02
  0.5325000000000000E+01   0.1189678156068854E+01   0.2612966994885412E-02   0.9072434227176762E-01   0.1197812725735592E-02   0.1759149410716451E-06   0.1883344028182373E-02   0.1846174950638554E-02
  0.5375000000000000E+01   0.1189998969333475E+01   0.2657988581046881E-02   0.9087141935073673E-01   0.1218286836513170E-02   0.1806018574367261E-06   0.1889199736010746E-02   0.1876971912016297E-02
  0.5424999999999999E+01   0.1190323757268703E+01   0.2704458991295094E-02   0.9102029927223976E-01   0.1239417356899359E-02   0.1854434543648129E-06   0.1895136026696649E-02   0.1908745188592453E-02
  0.5475000000000001E+01   0.1190652374325000E+01   0.2752363126302129E-02   0.9117091463393368E-01   0.1261197072516129E-02   0.1904413580475062E-06   0.1901150529402588E-02   0.1941482344481676E-02
  0.5525000000000000E+01   0.1190984664064250E+01   0.2801618907360509E-02   0.9132319303799141E-01   0.1283588090692662E-02   0.1955924801397364E-06   0.1907240643913056E-02   0.1975123780775912E-02
  0.5574999999999999E+01   0.1191320485501979E+01   0.2852062763469586E-02   0.9147706915168285E-01   0.1306515200400071E-02   0.2008877852666556E-06   0.1913404015538735E-02   0.2009552560462321E-02
  0.5625000000000000E+01   0.1191659747030551E+01   0.2903448380382272E-02   0.9163250023636005E-01   0.1329865307121957E-02   0.2063119460408437E-06   0.1919639156346746E-02   0.2044593575843037E-02
  0.5675000000000000E+01   0.1192002437532378E+01   0.2955457336331103E-02   0.9178948038246704E-01   0.1353492312133183E-02   0.2118438455432190E-06   0.1925946023346962E-02   0.2080021086280667E-02
  0.5725000000000000E+01   0.1192348656701723E+01   0.3007710698949342E-02   0.9194805437041564E-01   0.1377222426887100E-02   0.2174571888767484E-06   0.1932326587545057E-02   0.2115566901260685E-02
  0.5775000000000000E+01   0.1192698664140628E+01   0.3059787414710534E-02   0.9210834011859692E-01   0.1400862580345398E-02   0.2231216513182027E-06   0.1938785756243626E-02   0.2150933234822304E-02
  0.5825000000000000E+01   0.1193052948035496E+01   0.3111289810472271E-02   0.9227056010296542E-01   0.1424230371172404E-02   0.2288075572894743E-06   0.1945332680271889E-02   0.2185838528186776E-02
  0.5875000000000000E+01   0.1193412254425844E+01   0.3161988654018321E-02   0.9243505476197966E-01   0.1447220427537112E-02   0.2344967063680652E-06   0.1951981372773588E-02   0.2220119096311734E-02
  0.5925000000000000E+01   0.1193777493316182E+01   0.3211999760808958E-02   0.9260223955414548E-01   0.1469885217386919E-02   0.2401961097313678E-06   0.1958749070676562E-02   0.2253852997565714E-02
  0.5975000000000000E+01   0.1194149515111238E+01   0.3261869730079003E-02   0.9277250266958337E-01   0.1492474289987364E-02   0.2459455450936821E-06   0.1965652155415397E-02   0.2287420236281874E-02
  0.6024999999999999E+01   0.1194528868268457E+01   0.3312487863560735E-02   0.9294609413610710E-01   0.1515393980239717E-02   0.2518122196693602E-06   0.1972701633527202E-02   0.2321441032144574E-02
  0.6075000000000000E+01   0.1194915670975972E+01   0.3364868149022239E-02   0.9312306710101459E-01   0.1539107649583290E-02   0.2578751367250895E-06   0.1979900648321299E-02   0.2356622901257543E-02
  0.6125000000000000E+01   0.1195309636288567E+01   0.3419921108468766E-02   0.9330328934035648E-01   0.1564031290225136E-02   0.2642078534641465E-06   0.1987244813921194E-02   0.2393600634260902E-02
  0.6175000000000000E+01   0.1195710195707846E+01   0.3478300100167527E-02   0.9348649981656054E-01   0.1590463211366137E-02   0.2708661795247736E-06   0.1994724405101667E-02   0.2432828581150083E-02
  0.6225000000000001E+01   0.1196116651959630E+01   0.3540332347602248E-02   0.9367237858138222E-01   0.1618552510302245E-02   0.2778819525021011E-06   0.2002327136270578E-02   0.2474532461732953E-02
  0.6274999999999999E+01   0.1196528330509721E+01   0.3606011655630197E-02   0.9386061606983098E-01   0.1648295771259394E-02   0.2852614378178327E-06   0.2010040961390083E-02   0.2518704451395635E-02
  0.6324999999999999E+01   0.1196944727990981E+01   0.3675045629531207E-02   0.9405098094573283E-01   0.1679558673926867E-02   0.2929880466103840E-06   0.2017856861181141E-02   0.2565136315415387E-02
  0.6375000000000000E+01   0.1197365643117364E+01   0.3746975491588588E-02   0.9424337992472753E-01   0.1712130756434798E-02   0.3010310617103158E-06   0.2025771357169879E-02   0.2613503069929820E-02
  0.6425000000000000E+01   0.1197791236043911E+01   0.3821376435743010E-02   0.9443788490748006E-01   0.1745816957015361E-02   0.3093613339614449E-06   0.2033787742096906E-02   0.2663502682987248E-02
  0.6475000000000000E+01   0.1198221946943531E+01   0.3898085839959034E-02   0.9463469581085371E-01   0.1780541880719173E-02   0.3179700084038978E-06   0.2041914693886813E-02   0.2715015180663260E-02
  0.6525000000000000E+01   0.1198658263119244E+01   0.3977342369936754E-02   0.9483403421559666E-01   0.1816413376656835E-02   0.3268807907034582E-06   0.2050161996850919E-02   0.2768199767600231E-02
  0.6574999999999999E+01   0.1199100431549690E+01   0.4059733433575892E-02   0.9503601207821921E-01   0.1853698594748088E-02   0.3361468687866595E-06   0.2058535118936792E-02   0.2823458583574005E-02
  0.6624999999999999E+01   0.1199548269882551E+01   0.4145955575666967E-02   0.9524054538314441E-01   0.1892714615590040E-02   0.3458320273858376E-06   0.2067031515801987E-02   0.2881270276010563E-02
  0.6675000000000000E+01   0.1200001177636594E+01   0.4236500326606434E-02   0.9544735919824210E-01   0.1933685033348900E-02   0.3559845897276525E-06   0.2075640645852598E-02   0.2941971673131623E-02
  0.6725000000000001E+01   0.1200458349522687E+01   0.4331406014830696E-02   0.9565608498997813E-01   0.1976626641411075E-02   0.3666157559120959E-06   0.2084347832047409E-02   0.3005585232534132E-02
  0.6774999999999999E+01   0.1200919120186301E+01   0.4430184344079349E-02   0.9586641791055506E-01   0.2021315860981581E-02   0.3776919040548899E-06   0.2093140724311658E-02   0.3071767697276948E-02
  0.6824999999999999E+01   0.1201383323183116E+01   0.4531988074652302E-02   0.9607828059029311E-01   0.2067365148505451E-02   0.3891473153556167E-06   0.2102016204446722E-02   0.3139925762798739E-02
  0.6875000000000000E+01   0.1201851500069295E+01   0.4636020105575068E-02   0.9629191860418684E-01   0.2114409504850546E-02   0.4009184080276394E-06   0.2110984626867231E-02   0.3209498883840377E-02
  0.6924999999999999E+01   0.1202324789077431E+01   0.4742058439994933E-02   0.9650784986569527E-01   0.2162345869469042E-02   0.4129896149845449E-06   0.2120068063739817E-02   0.3280322504852319E-02
  0.6975000000000001E+01   0.1202804440876512E+01   0.4850838345611511E-02   0.9672664399194297E-01   0.2211507476446039E-02   0.4254287308612705E-06   0.2129291359349019E-02   0.3352892988489412E-02
  0.7024999999999999E+01   0.1203291131922884E+01   0.4964037619105743E-02   0.9694860934369620E-01   0.2262657328165868E-02   0.4383886557914271E-06   0.2138669036594341E-02   0.3428358591128884E-02
  0.7075000000000000E+01   0.1203784395028158E+01   0.5083809677056890E-02   0.9717353343817092E-01   0.2316775570189863E-02   0.4520688694447329E-06   0.2148194084486541E-02   0.3508198184333031E-02
  0.7125000000000000E+01   0.1204282420634101E+01   0.5212044651975007E-02   0.9740059228296016E-01   0.2374722908219054E-02   0.4666507871483653E-06   0.2157833585467944E-02   0.3593712244335712E-02
  0.7174999999999999E+01   0.1204782289910364E+01   0.5349618670223120E-02   0.9762845643939722E-01   0.2436898678618800E-02   0.4822292731329684E-06   0.2167532560206956E-02   0.3685505923300636E-02
  0.7225000000000000E+01   0.1205280571393139E+01   0.5495826817844050E-02   0.9785556259246175E-01   0.2502982635013606E-02   0.4987580063765417E-06   0.2177224914902671E-02   0.3783098920608144E-02
  0.7274999999999999E+01   0.1205774187587681E+01   0.5648137785916927E-02   0.9808050791465162E-01   0.2571823170162278E-02   0.5160220914198583E-06   0.2186849858873895E-02   0.3884756378446853E-02
  0.7325000000000000E+01   0.1206261418048637E+01   0.5802421870208638E-02   0.9830250650114247E-01   0.2641540848656254E-02   0.5336532421689462E-06   0.2196371391794770E-02   0.3987643987725495E-02
  0.7374999999999999E+01   0.1206742759986657E+01   0.5953779624603063E-02   0.9852178110972454E-01   0.2709905132053261E-02   0.5512013903424027E-06   0.2205795611148595E-02   0.4088394357414501E-02
  0.7424999999999999E+01   0.1207221215026997E+01   0.6097878872452727E-02   0.9873969407348104E-01   0.2774942466056440E-02   0.5682567896010943E-06   0.2215177433239590E-02   0.4184022342636874E-02
  0.7475000000000001E+01   0.1207701669162390E+01   0.6232326475753114E-02   0.9895846580562284E-01   0.2835560519197752E-02   0.5845804807920338E-06   0.2224609861329797E-02   0.4272866233609751E-02
  0.7525000000000000E+01   0.1208189501076359E+01   0.6357393471290987E-02   0.9918054205778759E-01   0.2891878644153054E-02   0.6001789517439272E-06   0.2234197775700254E-02   0.4355088172964016E-02
  0.7575000000000000E+01   0.1208689077788839E+01   0.6475706619133978E-02   0.9940790943744116E-01   0.2945088244111118E-02   0.6152833197839472E-06   0.2244028607571064E-02   0.4432466925870037E-02
  0.7625000000000001E+01   0.1209202869383823E+01   0.6591155454716124E-02   0.9964169215652774E-01   0.2996955963805849E-02   0.6302522458576657E-06   0.2254154259878700E-02   0.4507651304759855E-02
  0.7675000000000000E+01   0.1209731455825735E+01   0.6707684984411851E-02   0.9988215455114813E-01   0.3049274395741604E-02   0.6454596282537979E-06   0.2264590168991231E-02   0.4583332448412794E-02
  0.7725000000000000E+01   0.1210274150320013E+01   0.6828545322457748E-02   0.1001289843279336E+00   0.3103520323405210E-02   0.6612219683623729E-06   0.2275326704142297E-02   0.4661727208777730E-02
  0.7775000000000000E+01   0.1210829735692731E+01   0.6956163767331831E-02   0.1003816275839469E+00   0.3160796033374864E-02   0.6777836084653346E-06   0.2286343306110818E-02   0.4744487521826561E-02
  0.7824999999999999E+01   0.1211396924111305E+01   0.7092452489357820E-02   0.1006394982895003E+00   0.3221968910065545E-02   0.6953442760065379E-06   0.2297617631188290E-02   0.4832908973476125E-02
  0.7874999999999999E+01   0.1211974404021424E+01   0.7239227234243409E-02   0.1009020002055365E+00   0.3287861786467759E-02   0.7140988066877923E-06   0.2309126744307638E-02   0.4928216957459228E-02
  0.7925000000000000E+01   0.1212560559854994E+01   0.7398459090113223E-02   0.1011684000216659E+00   0.3359367690703645E-02   0.7342619176097145E-06   0.2320841753710036E-02   0.5031740468891027E-02
  0.7974999999999999E+01   0.1213153065368725E+01   0.7572220925449013E-02   0.1014376429315811E+00   0.3437426064944914E-02   0.7560634606070278E-06   0.2332719664772586E-02   0.5144878900778053E-02
  0.8024999999999999E+01   0.1213748555819107E+01   0.7762334643445154E-02   0.1017082038291475E+00   0.3522863230239199E-02   0.7797134324388241E-06   0.2344696469139668E-02   0.5268865920158655E-02
  0.8074999999999999E+01   0.1214342520318388E+01   0.7969815891682424E-02   0.1019780382539357E+00   0.3616140982405808E-02   0.8053452049965529E-06   0.2356684343370242E-02   0.5404396180308226E-02
  0.8125000000000000E+01   0.1214929484546752E+01   0.8194240447306293E-02   0.1022446648334292E+00   0.3717069680053568E-02   0.8329487185244719E-06   0.2368574485159677E-02   0.5551199101335282E-02
  0.8174999999999999E+01   0.1215503511414274E+01   0.8433157299780572E-02   0.1025053916145149E+00   0.3824542430323633E-02   0.8623060577601789E-06   0.2380246301946637E-02   0.5707643785138075E-02
  0.8225000000000000E+01   0.1216059020366834E+01   0.8681689458665456E-02   0.1027576865523778E+00   0.3936354089631231E-02   0.8929440686260927E-06   0.2391583172302508E-02   0.5870469086893178E-02
  0.8275000000000000E+01   0.1216591869355014E+01   0.8932499645049968E-02   0.1029996669333275E+00   0.4049185105325107E-02   0.9241230980633081E-06   0.2402493926762463E-02   0.6034756855499671E-02
  0.8325000000000001E+01   0.1217100523906520E+01   0.9176305491542483E-02   0.1032306285652520E+00   0.4158833726124990E-02   0.9548826265029508E-06   0.2412936821607632E-02   0.6194272091793476E-02
  0.8375000000000000E+01   0.1217586984833391E+01   0.9403029961328852E-02   0.1034514664005450E+00   0.4260735631627508E-02   0.9841552104107343E-06   0.2422939592283119E-02   0.6342229088859473E-02
  0.8424999999999999E+01   0.1218057072216556E+01   0.9603432143643240E-02   0.1036648045578483E+00   0.4350701455724404E-02   0.1010935354393549E-05   0.2432607360813529E-02   0.6472382893190661E-02
  0.8475000000000000E+01   0.1218519802325696E+01   0.9770771797362392E-02   0.1038747161186946E+00   0.4425670619450888E-02   0.1034458297747583E-05   0.2442112526638721E-02   0.6580149554286099E-02
  0.8524999999999999E+01   0.1218985958967954E+01   0.9901928314896625E-02   0.1040860777997155E+00   0.4484219353000874E-02   0.1054327243307515E-05   0.2451667850274228E-02   0.6663366725764871E-02
  0.8574999999999999E+01   0.1219466352887170E+01   0.9997586444306634E-02   0.1043037822169908E+00   0.4526646836360356E-02   0.1070545015371167E-05   0.2461492026850426E-02   0.6722430718423613E-02
  0.8625000000000000E+01   0.1219970396695095E+01   0.1006154064499635E-01   0.1045320917206687E+00   0.4554661978776108E-02   0.1083451431331428E-05   0.2471780337963398E-02   0.6759839147133077E-02
  0.8674999999999999E+01   0.1220505392295483E+01   0.1009956090917809E-01   0.1047743141265149E+00   0.4570870620377913E-02   0.1093610331432519E-05   0.2482688916875317E-02   0.6779432653571343E-02
  0.8725000000000000E+01   0.1221076514303866E+01   0.1011835104652166E-01   0.1050327937065663E+00   0.4578303514677644E-02   0.1101702178958299E-05   0.2494333017632219E-02   0.6785692362944265E-02
  0.8775000000000000E+01   0.1221687166452241E+01   0.1012491553537171E-01   0.1053090717219627E+00   0.4580128669168566E-02   0.1108457372274675E-05   0.2506793240947404E-02   0.6783308312048311E-02
  0.8824999999999999E+01   0.1222339341561407E+01   0.1012633599057168E-01   0.1056040493011443E+00   0.4579549069566348E-02   0.1114632297944704E-05   0.2520122304746862E-02   0.6777022821483513E-02
  0.8875000000000000E+01   0.1223033777319211E+01   0.1012975057292839E-01   0.1059180583655497E+00   0.4579792551673888E-02   0.1121007092814821E-05   0.2534347916150401E-02   0.6771611870610709E-02
  0.8925000000000001E+01   0.1223769912390819E+01   0.1014230839395482E-01   0.1062508423853754E+00   0.4584090698672496E-02   0.1128380620893567E-05   0.2549471554842358E-02   0.6771851715046449E-02
  0.8975000000000000E+01   0.1224545775376534E+01   0.1017098364475634E-01   0.1066015068061050E+00   0.4595594521695542E-02   0.1137549627563340E-05   0.2565465717198519E-02   0.6782392937922538E-02
  0.9024999999999999E+01   0.1225357939817278E+01   0.1022226893590862E-01   0.1069684994085129E+00   0.4617235694317721E-02   0.1149273643987848E-05   0.2582272362479790E-02   0.6807554723718611E-02
  0.9074999999999999E+01   0.1226201597503578E+01   0.1030183560063230E-01   0.1073496442568345E+00   0.4651573084464247E-02   0.1164235063487789E-05   0.2599803743872565E-02   0.6851098424241695E-02
  0.9125000000000000E+01   0.1227070719963117E+01   0.1041423084850192E-01   0.1077422155595440E+00   0.4700656299914269E-02   0.1183002229889797E-05   0.2617945100215104E-02   0.6916027836965263E-02
  0.9175000000000001E+01   0.1227958249699915E+01   0.1056261645448118E-01   0.1081430248769562E+00   0.4765908469104884E-02   0.1205996264275762E-05   0.2636558017652261E-02   0.7004419935127822E-02
  0.9225000000000000E+01   0.1228856296658096E+01   0.1074849546852708E-01   0.1085485103512369E+00   0.4848004109951616E-02   0.1233455672127026E-05   0.2655483892010780E-02   0.7117250551172473E-02
  0.9274999999999999E+01   0.1229756387453645E+01   0.1097135958220576E-01   0.1089548491300605E+00   0.4946711577487777E-02   0.1265390879059281E-05   0.2674548399762753E-02   0.7254169667907436E-02
  0.9325000000000001E+01   0.1230649891430061E+01   0.1122823663461801E-01   0.1093581486693402E+00   0.5060690566020598E-02   0.1301525903734606E-05   0.2693569554206865E-02   0.7413211151370915E-02
  0.9375000000000000E+01   0.1231528790087798E+01   0.1151322912986980E-01   0.1097547918414896E+00   0.5187285161781160E-02   0.1341237204831352E-05   0.2712372996375569E-02   0.7590494233361812E-02
  0.9424999999999999E+01   0.1232386912619939E+01   0.1181729623332158E-01   0.1101419912938377E+00   0.5322425566277727E-02   0.1383519063753057E-05   0.2730817531293674E-02   0.7780079529959430E-02
  0.9475000000000001E+01   0.1233221570070436E+01   0.1212867987505531E-01   0.1105185233068202E+00   0.5460818356698552E-02   0.1427023554830468E-05   0.2748830196342325E-02   0.7974240012711603E-02
  0.9525000000000000E+01   0.1234035174633663E+01   0.1243436864056851E-01   0.1108854561084145E+00   0.5596602499472727E-02   0.1470224442840033E-05   0.2766442882571017E-02   0.8164405553339079E-02
  0.9574999999999999E+01   0.1234836075760960E+01   0.1272266418938550E-01   0.1112465278573775E+00   0.5724501211228255E-02   0.1511717450993644E-05   0.2783814490182820E-02   0.8342829087716259E-02
  0.9625000000000000E+01   0.1235637812180556E+01   0.1298626829678803E-01   0.1116078138935725E+00   0.5841209523033886E-02   0.1550592628618848E-05   0.2801220732005496E-02   0.8504602584119721E-02
  0.9674999999999999E+01   0.1236456544349272E+01   0.1322471769331528E-01   0.1119765757901792E+00   0.5946491131756841E-02   0.1586740626747674E-05   0.2819004480616341E-02   0.8649261260828109E-02
  0.9725000000000000E+01   0.1237307396162394E+01   0.1344503130582604E-01   0.1123596179886879E+00   0.6043473301438548E-02   0.1620952953671207E-05   0.2837499884394181E-02   0.8781229390258792E-02
  0.9775000000000000E+01   0.1238201085190948E+01   0.1366026652895103E-01   0.1127617715628144E+00   0.6138001357543905E-02   0.1654771141959287E-05   0.2856958700714988E-02   0.8908897382041557E-02
  0.9824999999999999E+01   0.1239141992377926E+01   0.1388672459078310E-01   0.1131850238551004E+00   0.6237383854973013E-02   0.1690165463329714E-05   0.2877504431452828E-02   0.9042804318966022E-02
  0.9874999999999998E+01   0.1240127935173452E+01   0.1414100479611729E-01   0.1136284146143196E+00   0.6349067880516822E-02   0.1729184232983421E-05   0.2899122019409802E-02   0.9193710473601520E-02
  0.9924999999999999E+01   0.1241151102938523E+01   0.1443778099726668E-01   0.1140884563867126E+00   0.6479638539695617E-02   0.1773680892857097E-05   0.2921673283615702E-02   0.9371138820295956E-02
  0.9975000000000000E+01   0.1242199371421898E+01   0.1478850551130663E-01   0.1145597267598812E+00   0.6634236441638736E-02   0.1825147812262952E-05   0.2944921928797506E-02   0.9582528695197542E-02
  0.1002500000000000E+02   0.1243257457250130E+01   0.1520074474860018E-01   0.1150353889746494E+00   0.6816261124491434E-02   0.1884624328339852E-05   0.2968556204109257E-02   0.9832813535072387E-02
  0.1007500000000000E+02   0.1244307776410869E+01   0.1567769558756184E-01   0.1155075783506749E+00   0.7027157812205084E-02   0.1952625487809464E-05   0.2992205543065999E-02   0.1012412873699414E-01
  0.1012500000000000E+02   0.1245331200070933E+01   0.1621753806122999E-01   0.1159677400116852E+00   0.7266132111068091E-02   0.2029048901714318E-05   0.3015454729852519E-02   0.1045542142015820E-01
  0.1017500000000000E+02   0.1246308087615289E+01   0.1681252096147818E-01   0.1164070873441794E+00   0.7529744818027572E-02   0.2113045595752189E-05   0.3037863618870761E-02   0.1082188683393989E-01
  0.1022500000000000E+02   0.1247220013985143E+01   0.1744798597086577E-01   0.1168173678607041E+00   0.7811476823774640E-02   0.2202879074615281E-05   0.3059001921330193E-02   0.1121435177314259E-01
  0.1027500000000000E+02   0.1248052459317855E+01   0.1810187393021590E-01   0.1171920576606411E+00   0.8101504931981236E-02   0.2295840556696687E-05   0.3078506169450492E-02   0.1161893983134460E-01
  0.1032500000000000E+02   0.1248798324269301E+01   0.1874552048864600E-01   0.1175279266495701E+00   0.8387047894564225E-02   0.2388324730611184E-05   0.3096157899371881E-02   0.1201752522453055E-01
  0.1037500000000000E+02   0.1249461481191851E+01   0.1934651156078895E-01   0.1178266263017831E+00   0.8653627989160959E-02   0.2476170350306636E-05   0.3111967896095593E-02   0.1238947241781427E-01
  0.1042500000000000E+02   0.1250058922175215E+01   0.1987377328689336E-01   0.1180956608600749E+00   0.8887331371810272E-02   0.2555298437764990E-05   0.3126235756162950E-02   0.1271480214893451E-01
  0.1047500000000000E+02   0.1250619954102877E+01   0.2030392650196137E-01   0.1183480485464816E+00   0.9077642031186271E-02   0.2622534901607223E-05   0.3139548585113791E-02   0.1297821216869321E-01
  0.1052500000000000E+02   0.1251181783432898E+01   0.2062681679585798E-01   0.1186003711774453E+00   0.9219922202486876E-02   0.2676353978333654E-05   0.3152698978930695E-02   0.1317265652404287E-01
  0.1057500000000000E+02   0.1251782504932390E+01   0.2084796713887299E-01   0.1188696540161180E+00   0.9316530779094962E-02   0.2717244957042460E-05   0.3166538283397297E-02   0.1330103733300237E-01
  0.1062500000000000E+02   0.1252453892795556E+01   0.2098691861704994E-01   0.1191701408558652E+00   0.9376107282937593E-02   0.2747550597877886E-05   0.3181814589728583E-02   0.1337529157771511E-01
  0.1067500000000000E+02   0.1253216429805422E+01   0.2107231089459709E-01   0.1195110558060875E+00   0.9411390260645655E-02   0.2770868136892920E-05   0.3199050960193107E-02   0.1341334930707581E-01
  0.1072500000000000E+02   0.1254077712247961E+01   0.2113579470460730E-01   0.1198958700610431E+00   0.9436499977205576E-02   0.2791273781958895E-05   0.3218494472265650E-02   0.1343526821419530E-01
  0.1077500000000000E+02   0.1255033777205985E+01   0.2120678476271856E-01   0.1203228800646809E+00   0.9464586120696833E-02   0.2812633197655494E-05   0.3240131607463532E-02   0.1345984371447693E-01
  0.1082500000000000E+02   0.1256072021194699E+01   0.2130906905595390E-01   0.1207865055238766E+00   0.9506301579707921E-02   0.2838139154122784E-05   0.3263743513252661E-02   0.1350238286690883E-01
  0.1087500000000000E+02   0.1257174422030959E+01   0.2145925019467493E-01   0.1212787296882241E+00   0.9569097150644140E-02   0.2870082771464959E-05   0.3288972756221638E-02   0.1357365949450811E-01
  0.1092500000000000E+02   0.1258320323244071E+01   0.2166643452675207E-01   0.1217903469036337E+00   0.9657078342025218E-02   0.2909788294823306E-05   0.3315383728931952E-02   0.1367969098724480E-01
  0.1097500000000000E+02   0.1259488612068223E+01   0.2193252976271224E-01   0.1223119384587052E+00   0.9771138046002008E-02   0.2957630187021219E-05   0.3342511363022948E-02   0.1382192591873472E-01
  0.1102500000000000E+02   0.1260659475484150E+01   0.2225274353745793E-01   0.1228346571738816E+00   0.9909180926721202E-02   0.3013079207224821E-05   0.3369901262006973E-02   0.1399757105680054E-01
  0.1107500000000000E+02   0.1261816022554551E+01   0.2261618356098662E-01   0.1233509490877325E+00   0.1006639268847954E-01   0.3074764054654807E-05   0.3397147508474793E-02   0.1419998053370271E-01
  0.1112500000000000E+02   0.1262945966976092E+01   0.2300671897753080E-01   0.1238552998319480E+00   0.1023562329642038E-01   0.3140570203990717E-05   0.3423932994108728E-02   0.1441919618691077E-01
  0.1117500000000000E+02   0.1264043333348771E+01   0.2340439730399948E-01   0.1243449915878196E+00   0.1040801421232258E-01   0.3207817118568269E-05   0.3450072302190114E-02   0.1464281838889573E-01
  0.1122500000000000E+02   0.1265109861941408E+01   0.2378765996413069E-01   0.1248207283645981E+00   0.1057397830795495E-01   0.3273549837167746E-05   0.3475550466328263E-02   0.1485736261497867E-01
  0.1127500000000000E+02   0.1266155566402668E+01   0.2413632958382821E-01   0.1252868886599585E+00   0.1072452270930252E-01   0.3334945307914206E-05   0.3500545067265525E-02   0.1505009711639540E-01
  0.1132500000000000E+02   0.1267197911553835E+01   0.2443491820809987E-01   0.1257511683427921E+00   0.1085271723238373E-01   0.3389775141968837E-05   0.3525418035698103E-02   0.1521109726033445E-01
  0.1137500000000000E+02   0.1268259426669628E+01   0.2467543368186368E-01   0.1262235290962486E+00   0.1095494501951348E-01   0.3436812188446683E-05   0.3550670218017946E-02   0.1533501584219772E-01
  0.1142500000000000E+02   0.1269364157607251E+01   0.2485881089240697E-01   0.1267146278618652E+00   0.1103154706510771E-01   0.3476056470813065E-05   0.3576864979892917E-02   0.1542202345845511E-01
  0.1147500000000000E+02   0.1270533877182417E+01   0.2499449093118703E-01   0.1272341331309585E+00   0.1108664570942479E-01   0.3508706615489414E-05   0.3604540226672930E-02   0.1547760487551654E-01
  0.1152500000000000E+02   0.1271785088795201E+01   0.2509833981943993E-01   0.1277893881408603E+00   0.1112722822335386E-01   0.3536894632994374E-05   0.3634133128633021E-02   0.1551130831802128E-01
  0.1157500000000000E+02   0.1273127497694722E+01   0.2518965979803005E-01   0.1283847233875339E+00   0.1116182241567749E-01   0.3563282874554162E-05   0.3665935501838506E-02   0.1553490223523760E-01
  0.1162500000000000E+02   0.1274564027525116E+01   0.2528820948582917E-01   0.1290214563789058E+00   0.1119917134566055E-01   0.3590649743841164E-05   0.3700084681074844E-02   0.1556051042869445E-01
  0.1167500000000000E+02   0.1276091971326652E+01   0.2541191403676966E-01   0.1296983982892035E+00   0.1124721167846792E-01   0.3621562215198716E-05   0.3736582715304765E-02   0.1559916078789833E-01
  0.1172500000000000E+02   0.1277704678387553E+01   0.2557553682534425E-01   0.1304126019115839E+00   0.1131247863925736E-01   0.3658177850317751E-05   0.3775331016954528E-02   0.1565992989968606E-01
  0.1177500000000000E+02   0.1279393260823953E+01   0.2579023692128076E-01   0.1311601207030524E+00   0.1139990548166218E-01   0.3702170011807288E-05   0.3816168328824693E-02   0.1574964516279302E-01
  0.1182500000000000E+02   0.1281148009544223E+01   0.2606376049411954E-01   0.1319366398129913E+00   0.1151290610154009E-01   0.3754743760709274E-05   0.3858904027903977E-02   0.1587299044129906E-01
  0.1187500000000000E+02   0.1282959405776024E+01   0.2640099179971914E-01   0.1327379275917819E+00   0.1165361870412870E-01   0.3816705184554898E-05   0.3903343244503049E-02   0.1603284314571716E-01
  0.1192500000000000E+02   0.1284818740228594E+01   0.2680464923144725E-01   0.1335601124929675E+00   0.1182321472678563E-01   0.3888554203526271E-05   0.3949303375844229E-02   0.1623070628421053E-01
  0.1197500000000000E+02   0.1286718405780141E+01   0.2727598976360786E-01   0.1343998145969767E+00   0.1202221183952605E-01   0.3970581279420440E-05   0.3996623064375759E-02   0.1646714772588908E-01
  0.1202500000000000E+02   0.1288651936669027E+01   0.2781544600092769E-01   0.1352541643694809E+00   0.1225075708767664E-01   0.4062956812028861E-05   0.4045165063225411E-02   0.1674219792955486E-01
  0.1207500000000000E+02   0.1290613854852347E+01   0.2842315473949998E-01   0.1361207358718555E+00   0.1250886188503907E-01   0.4165806843088783E-05   0.4094814228838285E-02   0.1705568029882579E-01
  0.1212500000000000E+02   0.1292599371179582E+01   0.2909934963636405E-01   0.1369974158101026E+00   0.1279657685749047E-01   0.4279270590106013E-05   0.4145471617475504E-02   0.1740745801392574E-01
  0.1217500000000000E+02   0.1294603983986321E+01   0.2984459339844548E-01   0.1378822274289424E+00   0.1311409594026250E-01   0.4403535671177508E-05   0.4197045555095846E-02   0.1779758379019466E-01
  0.1222500000000000E+02   0.1296623021671409E+01   0.3065982620237252E-01   0.1387731298140333E+00   0.1346177978724322E-01   0.4538846985916936E-05   0.4249440655757952E-02   0.1822634024895519E-01
  0.1227500000000000E+02   0.1298651185503740E+01   0.3154621286610929E-01   0.1396678172282724E+00   0.1384009111656378E-01   0.4685485976587099E-05   0.4302546026633675E-02   0.1869416212722079E-01
  0.1232500000000000E+02   0.1300682159839364E+01   0.3250478395272598E-01   0.1405635477180129E+00   0.1424944012008803E-01   0.4843718782893853E-05   0.4356224221967617E-02   0.1920143879021619E-01
  0.1237500000000000E+02   0.1302708365514445E+01   0.3353588543051159E-01   0.1414570338131429E+00   0.1468994646188383E-01   0.5013714649313788E-05   0.4410302810298290E-02   0.1974820633308901E-01
  0.1242500000000000E+02   0.1304720936047676E+01   0.3463847720732933E-01   0.1423444297037253E+00   0.1516113542756673E-01   0.5195439797923407E-05   0.4464570643214621E-02   0.2033375254425332E-01
  0.1247500000000000E+02   0.1306709992907443E+01   0.3580935301716848E-01   0.1432214477553428E+00   0.1566159954726109E-01   0.5388536908005812E-05   0.4518781002288232E-02   0.2095617522579441E-01
  0.1252500000000000E+02   0.1308665280618958E+01   0.3704239293781345E-01   0.1440836305847353E+00   0.1618867360198191E-01   0.5592206419087641E-05   0.4572663637326689E-02   0.2161195506006686E-01
  0.1257500000000000E+02   0.1310577186711380E+01   0.3832800217363853E-01   0.1449267896616884E+00   0.1673818907886852E-01   0.5805112699306439E-05   0.4625947078090700E-02   0.2229562704671484E-01
  0.1262500000000000E+02   0.1312438106249407E+01   0.3965292480140663E-01   0.1457475935556318E+00   0.1730438930198865E-01   0.6025344128963947E-05   0.4678391221441691E-02   0.2299965410042011E-01
  0.1267500000000000E+02   0.1314244012825718E+01   0.4100062764889894E-01   0.1465442470434710E+00   0.1788008956245036E-01   0.6250458127858565E-05   0.4729827873794211E-02   0.2371461151727779E-01
  0.1272500000000000E+02   0.1315995980738931E+01   0.4235239930453856E-01   0.1473171518636025E+00   0.1845714553981216E-01   0.6477635704043570E-05   0.4780203830479080E-02   0.2442976635400646E-01
  0.1277500000000000E+02   0.1317701304236880E+01   0.4368918147573306E-01   0.1480693968827327E+00   0.1902723894320284E-01   0.6703951645733311E-05   0.4829617986811500E-02   0.2513406891338340E-01
  0.1282500000000000E+02   0.1319373836082199E+01   0.4499395240085409E-01   0.1488069142526061E+00   0.1958290459547172E-01   0.6926736615248697E-05   0.4878342314417980E-02   0.2581746677559492E-01
  0.1287500000000000E+02   0.1321033270177076E+01   0.4625426826747293E-01   0.1495381809571017E+00   0.2011863069609475E-01   0.7143973726278780E-05   0.4926817830523661E-02   0.2647233211151400E-01
  0.1292500000000000E+02   0.1322703327298761E+01   0.4746442951381818E-01   0.1502734451342016E+00   0.2063180268769942E-01   0.7354648473872467E-05   0.4975621598153653E-02   0.2709470931054056E-01
  0.1297500000000000E+02   0.1324409103509437E+01   0.4862675981547894E-01   0.1510235861912630E+00   0.2112326819313273E-01   0.7558970873906720E-05   0.5025408230456718E-02   0.2768509132200755E-01
  0.1302500000000000E+02   0.1326174087951378E+01   0.4975168816559248E-01   0.1517988257689462E+00   0.2159738621559109E-01   0.7758417008950592E-05   0.5076836562891371E-02   0.2824853655020065E-01
  0.1307500000000000E+02   0.1328017440314842E+01   0.5085663838106233E-01   0.1526075449579454E+00   0.2206155885562848E-01   0.7955584372428620E-05   0.5130496009059671E-02   0.2879410993061047E-01
  0.1312500000000000E+02   0.1329952005290863E+01   0.5196402575630297E-01   0.1534554164316884E+00   0.2252537246608892E-01   0.8153901959644661E-05   0.5186846051704705E-02   0.2933380164241413E-01
  0.1317500000000000E+02   0.1331983295067971E+01   0.5309882306247050E-01   0.1543449546170479E+00   0.2299954742734850E-01   0.8357263711765640E-05   0.5246177200752876E-02   0.2988117807605390E-01
  0.1322500000000000E+02   0.1334109406882177E+01   0.5428614970364144E-01   0.1552754723137977E+00   0.2349489407704492E-01   0.8569655515068262E-05   0.5308595179880678E-02   0.3045002531597731E-01
  0.1327500000000000E+02   0.1336321659469170E+01   0.5554920244592162E-01   0.1562433514796795E+00   0.2402141485822757E-01   0.8794827095687279E-05   0.5374024777138487E-02   0.3105317543325533E-01
  0.1332500000000000E+02   0.1338605668792678E+01   0.5690766710329481E-01   0.1572425068317251E+00   0.2458761528691832E-01   0.9036033227390707E-05   0.5442227178127905E-02   0.3170160568884428E-01
  0.1337500000000000E+02   0.1340942620511328E+01   0.5837660081099968E-01   0.1582649358228192E+00   0.2520002074030220E-01   0.9295845161917934E-05   0.5512824661804941E-02   0.3240381274123935E-01
  0.1342500000000000E+02   0.1343310586857483E+01   0.5996569045551850E-01   0.1593012871168789E+00   0.2586285856916885E-01   0.9576019274419215E-05   0.5585328323080917E-02   0.3316541106080900E-01
  0.1347500000000000E+02   0.1345685832755874E+01   0.6167877613856472E-01   0.1603414218342465E+00   0.2657785673162647E-01   0.9877406382710964E-05   0.5659166856058075E-02   0.3398888982857935E-01
  0.1352500000000000E+02   0.1348044129802178E+01   0.6351356157251892E-01   0.1613749742847779E+00   0.2734412355132465E-01   0.1019988966144557E-04   0.5733716527985194E-02   0.3487347659999066E-01
  0.1357500000000000E+02   0.1350362133206611E+01   0.6546149344937768E-01   0.1623919355032692E+00   0.2815809859392885E-01   0.1054234818796335E-04   0.5808333815084187E-02   0.3581508649768016E-01
  0.1362500000000000E+02   0.1352618872665011E+01   0.6750785865603420E-01   0.1633832821807002E+00   0.2901359323708619E-01   0.1090265378648713E-04   0.5882392548596909E-02   0.3680637141245414E-01
  0.1367500000000000E+02   0.1354797365635061E+01   0.6963220408917514E-01   0.1643416565051594E+00   0.2990196378362874E-01   0.1127771819752807E-04   0.5955326769258662E-02   0.3783691536849951E-01
  0.1372500000000000E+02   0.1356886287350049E+01   0.7180921209885772E-01   0.1652620717411641E+00   0.3081247293647796E-01   0.1166361298120939E-04   0.6026678845684046E-02   0.3889364152391645E-01
  0.1377500000000000E+02   0.1358881539429749E+01   0.7401014926318328E-01   0.1661425795163232E+00   0.3173289037000956E-01   0.1205578324763049E-04   0.6096149964462898E-02   0.3996149516970202E-01
  0.1382500000000000E+02   0.1360787471122649E+01   0.7620493561795022E-01   0.1669847971583862E+00   0.3265035491615213E-01   0.1244936610833937E-04   0.6163647297555724E-02   0.4102443893278947E-01
  0.1387500000000000E+02   0.1362617456281710E+01   0.7836475607990916E-01   0.1677941704243739E+00   0.3355246928978570E-01   0.1283960524791259E-04   0.6229319775978117E-02   0.4206673940475780E-01
  0.1392500000000000E+02   0.1364393549167321E+01   0.8046497652243742E-01   0.1685798530470257E+00   0.3442853148316231E-01   0.1322232704122630E-04   0.6293573460167214E-02   0.4307444610957671E-01
  0.1397500000000000E+02   0.1366145053885920E+01   0.8248797754859932E-01   0.1693541290756757E+00   0.3527074283895612E-01   0.1359441787051704E-04   0.6357058906520829E-02   0.4403688333525538E-01
  0.1402500000000000E+02   0.1367906036508821E+01   0.8442543594968618E-01   0.1701313841659948E+00   0.3607519509865124E-01   0.1395422594361187E-04   0.6420626993584506E-02   0.4494792078714625E-01
  0.1407500000000000E+02   0.1369712039137657E+01   0.8627961332831939E-01   0.1709267291692071E+00   0.3684244760111346E-01   0.1430181218003578E-04   0.6485255691690680E-02   0.4580678676791908E-01
  0.1412500000000000E+02   0.1371596449458427E+01   0.8806336329260393E-01   0.1717544636083606E+00   0.3757756681438922E-01   0.1463899641539231E-04   0.6551956560945675E-02   0.4661824913806856E-01
  0.1417500000000000E+02   0.1373587070433645E+01   0.8979880434925555E-01   0.1726266088553086E+00   0.3828959861183565E-01   0.1496918216624740E-04   0.6621674299885323E-02   0.4739210197088577E-01
  0.1422500000000000E+02   0.1375703393074258E+01   0.9151485112303373E-01   0.1735517270017353E+00   0.3899054852777632E-01   0.1529698399647897E-04   0.6695193967057020E-02   0.4814202540071807E-01
  0.1427500000000000E+02   0.1377954923591198E+01   0.9324397625853209E-01   0.1745341796418518E+00   0.3969402418198029E-01   0.1562771344062991E-04   0.6773068377135523E-02   0.4888399194194457E-01
  0.1432500000000000E+02   0.1380340716995396E+01   0.9501864699276230E-01   0.1755738966105658E+00   0.4041372782549938E-01   0.1596679448011413E-04   0.6855573779800492E-02   0.4963444617686964E-01
  0.1437500000000000E+02   0.1382850091766663E+01   0.9686785010026175E-01   0.1766666478175321E+00   0.4116197662266163E-01   0.1631917754309298E-04   0.6942697092166782E-02   0.5040848182431365E-01
  0.1442500000000000E+02   0.1385464389191493E+01   0.9881403093190687E-01   0.1778047617308696E+00   0.4194839167855480E-01   0.1668880839511492E-04   0.7034154271114815E-02   0.5121819888431885E-01
  0.1447500000000000E+02   0.1388159601324522E+01   0.1008706825656099E+00   0.1789782152310258E+00   0.4277885768476387E-01   0.1707819421910765E-04   0.7129437583631424E-02   0.5207137242691894E-01
  0.1452500000000000E+02   0.1390909693322379E+01   0.1030407709679384E+00   0.1801760197743794E+00   0.4365483166978655E-01   0.1748810093861764E-04   0.7227889209835400E-02   0.5297052851064106E-01
  0.1457500000000000E+02   0.1393690441696530E+01   0.1053161820089737E+00   0.1813878283262309E+00   0.4457307730949955E-01   0.1791741588761484E-04   0.7328798660251759E-02   0.5391251264490043E-01
  0.1462500000000000E+02   0.1396483556163939E+01   0.1076784018987841E+00   0.1826056674907381E+00   0.4552591149307485E-01   0.1836321490402723E-04   0.7431520489900074E-02   0.5488864548050467E-01
  0.1467500000000000E+02   0.1399280729731174E+01   0.1101006416603705E+00   0.1838256503739069E+00   0.4650205105185704E-01   0.1882107437117875E-04   0.7535605638237556E-02   0.5588556661662045E-01
  0.1472500000000000E+02   0.1402087091066526E+01   0.1125515250538739E+00   0.1850494554864679E+00   0.4748811306261941E-01   0.1928565569170398E-04   0.7640934234708758E-02   0.5688683934162499E-01
  0.1477500000000000E+02   0.1404923385495892E+01   0.1150002323950291E+00   0.1862852933966570E+00   0.4847073171823290E-01   0.1975155342275934E-04   0.7747831162414281E-02   0.5787529940738191E-01
  0.1482500000000000E+02   0.1407826191706021E+01   0.1174226396994759E+00   0.1875480694781613E+00   0.4943911017895656E-01   0.2021433877824007E-04   0.7857140913450905E-02   0.5883597379268712E-01
  0.1487500000000000E+02   0.1410845686521411E+01   0.1198076058024089E+00   0.1888585294730880E+00   0.5038766296924692E-01   0.2067166139153096E-04   0.7970238925419405E-02   0.5975920315144911E-01
  0.1492500000000000E+02   0.1414040919418260E+01   0.1221623022110121E+00   0.1902413563255918E+00   0.5131829000974257E-01   0.2112422131090363E-04   0.8088965215395472E-02   0.6064344642226981E-01
  0.1497500000000000E+02   0.1417473144306872E+01   0.1245155147406141E+00   0.1917224311142141E+00   0.5224182724503933E-01   0.2157641973572178E-04   0.8215482023559966E-02   0.6149721430288946E-01
  0.1502500000000000E+02   0.1421198262053763E+01   0.1269182333326077E+00   0.1933256895055682E+00   0.5317837135694024E-01   0.2203655518805625E-04   0.8352075476124174E-02   0.6233972162099307E-01
  0.1507500000000000E+02   0.1425259629579643E+01   0.1294414785210348E+00   0.1950701022528702E+00   0.5415643746631264E-01   0.2251653716447847E-04   0.8500934668890606E-02   0.6320014046585110E-01
  0.1512500000000000E+02   0.1429682290366567E+01   0.1321719463547519E+00   0.1969672362811092E+00   0.5521117970003948E-01   0.2303120189525971E-04   0.8663944178859823E-02   0.6411567057664985E-01
  0.1517500000000000E+02   0.1434469165996228E+01   0.1352064369247391E+00   0.1990196431506692E+00   0.5638207751520091E-01   0.2359738978582294E-04   0.8842516843825345E-02   0.6512888834332053E-01
  0.1522500000000000E+02   0.1439599144730254E+01   0.1386460392340200E+00   0.2012200661844101E+00   0.5771050748195509E-01   0.2423295561832948E-04   0.9037477087977679E-02   0.6628490337924255E-01
  0.1527500000000000E+02   0.1445026546159037E+01   0.1425907236274315E+00   0.2035512564905551E+00   0.5923749522858419E-01   0.2495583456171604E-04   0.9248988107883887E-02   0.6762874004258915E-01
  0.1532500000000000E+02   0.1450681267276588E+01   0.1471345045610278E+00   0.2059861026238856E+00   0.6100174133056120E-01   0.2578320536744804E-04   0.9476504753024398E-02   0.6920313961179057E-01
  0.1537500000000000E+02   0.1456469037870014E+01   0.1523608591564374E+00   0.2084878169829021E+00   0.6303781346212488E-01   0.2673070773384010E-04   0.9718730595041953E-02   0.7104673828245360E-01
  0.1542500000000000E+02   0.1462271566747823E+01   0.1583377462399776E+00   0.2110100574269536E+00   0.6537424906957402E-01   0.2781160664626272E-04   0.9973562203648367E-02   0.7319238626464629E-01
  0.1547500000000000E+02   0.1467946864684260E+01   0.1651114329410205E+00   0.2134970601756068E+00   0.6803124554629204E-01   0.2903576496443074E-04   0.1023801452119854E-01   0.7566526713517818E-01
  0.1552500000000000E+02   0.1473330620850122E+01   0.1726984468667780E+00   0.2158840925788235E+00   0.7101764383663167E-01   0.3040829435897413E-04   0.1050813724702058E-01   0.7848046328940959E-01
  0.1557500000000000E+02   0.1478240120725834E+01   0.1810753994274392E+00   0.2180987777779773E+00   0.7432705899178062E-01   0.3192781485638246E-04   0.1077895278248956E-01   0.8163970076831305E-01
  0.1562500000000000E+02   0.1482482695214612E+01   0.1901672717353405E+00   0.2200640543636401E+00   0.7793331467114148E-01   0.3358438241224191E-04   0.1104447056596042E-01   0.8512721880359898E-01
  0.1567500000000000E+02   0.1485870810719444E+01   0.1998360964915725E+00   0.2217036192171105E+00   0.8178583305647855E-01   0.3535735943374912E-04   0.1129785654894833E-01   0.8890508501798018E-01
  0.1572500000000000E+02   0.1488245197303753E+01   0.2098737064793441E+00   0.2229504968986322E+00   0.8580629674364494E-01   0.3721379880924534E-04   0.1153184985777722E-01   0.9290884038818392E-01
  0.1577500000000000E+02   0.1489505353363675E+01   0.2200038377145728E+00   0.2237586806764940E+00   0.8988857083855563E-01   0.3910821874975197E-04   0.1173950301194055E-01   0.9704505138348565E-01
  0.1582500000000000E+02   0.1489643181003763E+01   0.2298992777814396E+00   0.2241164869261998E+00   0.9390416689784357E-01   0.4098479574304939E-04   0.1191525529653632E-01   0.1011929401246340E+00
  0.1587500000000000E+02   0.1488771196206003E+01   0.2392175028409588E+00   0.2240585755226188E+00   0.9771489192779173E-01   0.4278274856791733E-04   0.1205622059275020E-01   0.1052123050817637E+00
  0.1592500000000000E+02   0.1487133930866127E+01   0.2476525572778013E+00   0.2236722696718161E+00   0.1011923549367596E+00   0.4444483888204975E-04   0.1216340760280114E-01   0.1089588866375220E+00
  0.1597500000000000E+02   0.1485092744149848E+01   0.2549930994468108E+00   0.2230939995009311E+00   0.1042410066400692E+00   0.4592758988031812E-04   0.1224247112475503E-01   0.1123059394457382E+00
  0.1602500000000000E+02   0.1483081751871696E+01   0.2611705137330154E+00   0.2224941676274881E+00   0.1068187156425755E+00   0.4721060678197080E-04   0.1230362333055188E-01   0.1151676729610281E+00
  0.1607500000000000E+02   0.1481543565629667E+01   0.2662814092666523E+00   0.2220529115537990E+00   0.1089483960756186E+00   0.4830210024149802E-04   0.1236056608965106E-01   0.1175180270090873E+00
  0.1612500000000000E+02   0.1480862075178306E+01   0.2705771101382288E+00   0.2219330147623848E+00   0.1107168342574183E+00   0.4923881302115931E-04   0.1242866056401818E-01   0.1193987087544861E+00
  0.1617500000000000E+02   0.1481310239803658E+01   0.2744248899931387E+00   0.2222572911117187E+00   0.1122615066356169E+00   0.5008057978906835E-04   0.1252283825783290E-01   0.1209139118734636E+00
  0.1622500000000000E+02   0.1483023457084808E+01   0.2782548410288536E+00   0.2230954897218105E+00   0.1137502522767629E+00   0.5090158036282896E-04   0.1265581120752818E-01   0.1222139652237797E+00
  0.1627500000000000E+02   0.1485998461898402E+01   0.2825079540685922E+00   0.2244616801365518E+00   0.1153600633860126E+00   0.5178102887851453E-04   0.1283694567871884E-01   0.1234736388879508E+00
  0.1632500000000000E+02   0.1490109785654292E+01   0.2875960329445363E+00   0.2263195555047091E+00   0.1172598249997620E+00   0.5279546556159249E-04   0.1307186271799808E-01   0.1248713501296201E+00
  0.1637500000000000E+02   0.1495133357463319E+01   0.2938766834186011E+00   0.2285915845120559E+00   0.1195990136686946E+00   0.5401359689980703E-04   0.1336258725775603E-01   0.1265734756460472E+00
  0.1642500000000000E+02   0.1500768909670803E+01   0.3016407093547952E+00   0.2311683893115093E+00   0.1225018088400880E+00   0.5549349426947072E-04   0.1370796817839066E-01   0.1287250566946533E+00
  0.1647500000000000E+02   0.1506656885490127E+01   0.3111063899090289E+00   0.2339161955805671E+00   0.1260646351118890E+00   0.5728130276032100E-04   0.1410411830031654E-01   0.1314458790156612E+00
  0.1652500000000000E+02   0.1512389443435182E+01   0.3224148896033857E+00   0.2366817801975514E+00   0.1303548312775669E+00   0.5941044321050982E-04   0.1454471338755905E-01   0.1348298015461325E+00
  0.1657500000000000E+02   0.1517518033057051E+01   0.3356223768208917E+00   0.2392955670439230E+00   0.1354085279355302E+00   0.6190044143372143E-04   0.1502108899097527E-01   0.1389451086314032E+00
  0.1662500000000000E+02   0.1521561865570075E+01   0.3506864820099754E+00   0.2415743232182415E+00   0.1412265361210810E+00   0.6475482790480611E-04   0.1552215878938238E-01   0.1438341119896461E+00
  0.1667500000000000E+02   0.1524022622367800E+01   0.3674472500554229E+00   0.2433253739286376E+00   0.1477679365998820E+00   0.6795794597040662E-04   0.1603424680607649E-01   0.1495108704976140E+00
  0.1672500000000000E+02   0.1524410858377469E+01   0.3856058096372031E+00   0.2443544178629147E+00   0.1549421146024668E+00   0.7147098993756231E-04   0.1654098538364278E-01   0.1559565795149548E+00
  0.1677500000000000E+02   0.1522288213250642E+01   0.4047075718353610E+00   0.2444787566284798E+00   0.1626012375381110E+00   0.7522818220407861E-04   0.1702348205068299E-01   0.1631129247908443E+00
  0.1682500000000000E+02   0.1517325876635579E+01   0.4241402164258663E+00   0.2435467714893780E+00   0.1705364953494591E+00   0.7913463414059105E-04   0.1746098671524162E-01   0.1708745768354723E+00
  0.1687500000000000E+02   0.1509373243448652E+01   0.4431583139762161E+00   0.2414625226548146E+00   0.1784823568530047E+00   0.8306790660474646E-04   0.1783226261968131E-01   0.1790830327500736E+00
  0.1692500000000000E+02   0.1498522294140804E+01   0.4609436172358463E+00   0.2382115020559172E+00   0.1861328280630970E+00   0.8688520809533601E-04   0.1811773805563776E-01   0.1875250103643980E+00
  0.1697500000000000E+02   0.1485146349534856E+01   0.4767008837618532E+00   0.2338806806592788E+00   0.1931713865181622E+00   0.9043713012754856E-04   0.1830226959815312E-01   0.1959390912881486E+00
  0.1702500000000000E+02   0.1469891772205602E+01   0.4897747018575511E+00   0.2286647054136313E+00   0.1993117811961026E+00   0.9358673221594843E-04   0.1837802472351717E-01   0.2040335941375672E+00
  0.1707500000000000E+02   0.1453611869926963E+01   0.4997591034303514E+00   0.2228521397586665E+00   0.2043415909338722E+00   0.9623026349392480E-04   0.1834672561583453E-01   0.2115161639067570E+00
  0.1712500000000000E+02   0.1437251812029116E+01   0.5065674481891682E+00   0.2167913456194375E+00   0.2081570722921635E+00   0.9831413067570295E-04   0.1822046949272155E-01   0.2181314719399047E+00
  0.1717500000000000E+02   0.1421712720402912E+01   0.5104404370168963E+00   0.2108428863103331E+00   0.2107789717344356E+00   0.9984313740367097E-04   0.1802066496584976E-01   0.2236991612685753E+00
  0.1722500000000000E+02   0.1407731154402383E+01   0.5118914663619984E+00   0.2053304511764045E+00   0.2123448660333735E+00   0.1008777037980693E-03   0.1777521510111427E-01   0.2281420728597057E+00
  0.1727500000000000E+02   0.1395802325168779E+01   0.5116095651149110E+00   0.2005024055326319E+00   0.2130814410521414E+00   0.1015214643817544E-03   0.1751466170099072E-01   0.2314966527020622E+00
  0.1732500000000000E+02   0.1386156998570891E+01   0.5103501686910743E+00   0.1965113245399857E+00   0.2132659165960193E+00   0.1019034503778268E-03   0.1726828730523337E-01   0.2339029534095614E+00
  0.1737500000000000E+02   0.1378783912463906E+01   0.5088402991722781E+00   0.1934121982423889E+00   0.2131871535759725E+00   0.1021598005996419E-03   0.1706104012092205E-01   0.2355781904340923E+00
  0.1742500000000000E+02   0.1373479599823802E+01   0.5077127148052117E+00   0.1911747557191246E+00   0.2131142858625728E+00   0.1024187667679401E-03   0.1691173092583555E-01   0.2367821822561729E+00
  0.1747500000000000E+02   0.1369907028663541E+01   0.5074710418404279E+00   0.1897032461899861E+00   0.2132763121667522E+00   0.1027907415871448E-03   0.1683249472661862E-01   0.2377835582143118E+00
  0.1752500000000000E+02   0.1367649847475608E+01   0.5084797732079942E+00   0.1888576994983684E+00   0.2138522438061949E+00   0.1033632200405774E-03   0.1682920408512714E-01   0.2388330321971717E+00
  0.1757500000000000E+02   0.1366255787224312E+01   0.5109701878367520E+00   0.1884727856571806E+00   0.2149692420404077E+00   0.1041995518594300E-03   0.1690242057685011E-01   0.2401463002480439E+00
  0.1762500000000000E+02   0.1365268085170778E+01   0.5150540989377762E+00   0.1883725938249741E+00   0.2167056450199635E+00   0.1053400554088960E-03   0.1704852413445835E-01   0.2418960111328582E+00
  0.1767500000000000E+02   0.1364246813541129E+01   0.5207397889795170E+00   0.1883812467349186E+00   0.2190962666275033E+00   0.1068042641129397E-03   0.1726078105273222E-01   0.2442105672094276E+00
  0.1772500000000000E+02   0.1362783073754667E+01   0.5279470534112715E+00   0.1883301136400131E+00   0.2221382119965384E+00   0.1085934693024135E-03   0.1753023287064704E-01   0.2471771246064478E+00
  0.1777500000000000E+02   0.1360508885608700E+01   0.5365202596849760E+00   0.1880626445209157E+00   0.2257962836216127E+00   0.1106931104745620E-03   0.1784637757182354E-01   0.2508465601947894E+00
  0.1782500000000000E+02   0.1357104903091641E+01   0.5462395787918439E+00   0.1874377584961002E+00   0.2300076677213216E+00   0.1130748564453195E-03   0.1819766597532300E-01   0.2552388534341010E+00
  0.1787500000000000E+02   0.1352307244546774E+01   0.5568311651291794E+00   0.1863324773584272E+00   0.2346859652569993E+00   0.1156984021967794E-03   0.1857185770331059E-01   0.2603479758513511E+00
  0.1792500000000000E+02   0.1345913961396878E+01   0.5679772220083268E+00   0.1846442273502285E+00   0.2397248088899900E+00   0.1185130943771766E-03   0.1895628394264258E-01   0.2661458578550160E+00
  0.1797500000000000E+02   0.1337791087293395E+01   0.5793267624393563E+00   0.1822930044594875E+00   0.2450013491808695E+00   0.1214595219042116E-03   0.1933805802471558E-01   0.2725853000896580E+00
  0.1802500000000000E+02   0.1327877835031781E+01   0.5905075964362488E+00   0.1792234348074129E+00   0.2503798597475672E+00   0.1244711945511516E-03   0.1970426629402245E-01   0.2796018586545669E+00
  0.1807500000000000E+02   0.1316190322812779E+01   0.6011397522737606E+00   0.1754066596959949E+00   0.2557156484161994E+00   0.1274764039019479E-03   0.2004216457561592E-01   0.2871148190201269E+00
  0.1812500000000000E+02   0.1302823166488579E+01   0.6108502379137613E+00   0.1708419161880030E+00   0.2608593993211961E+00   0.1304003320933409E-03   0.2033940106912361E-01   0.2950274351527766E+00
  0.1817500000000000E+02   0.1287948312305580E+01   0.6192887955326771E+00   0.1655576438053918E+00   0.2656620197310795E+00   0.1331674494855160E-03   0.2058428392231605E-01   0.3032266857061000E+00
  0.1822500000000000E+02   0.1271810562308642E+01   0.6261440821786787E+00   0.1596119055429752E+00   0.2699800162389216E+00   0.1357042185181204E-03   0.2076610874956599E-01   0.3115829056757884E+00
  0.1827500000000000E+02   0.1254719357122619E+01   0.6311594886666861E+00   0.1530918617986947E+00   0.2736813560032189E+00   0.1379420865261284E-03   0.2087555490188762E-01   0.3199497840138740E+00
  0.1832500000000000E+02   0.1237036567294584E+01   0.6341475681409461E+00   0.1461119959394810E+00   0.2766516581222623E+00   0.1398206939022023E-03   0.2090514678553408E-01   0.3281653449663078E+00
  0.1837500000000000E+02   0.1219160364467922E+01   0.6350018171977317E+00   0.1388107959851510E+00   0.2788004027694569E+00   0.1412911424874136E-03   0.2084975729150854E-01   0.3360546003444251E+00
  0.1842500000000000E+02   0.1201505729778713E+01   0.6337044292940209E+00   0.1313456885355131E+00   0.2800666656158512E+00   0.1423190741056178E-03   0.2070710683931825E-01   0.3434345051349229E+00
  0.1847500000000000E+02   0.1184482764953147E+01   0.6303287469676504E+00   0.1238862206595848E+00   0.2804237365761652E+00   0.1428872280621608E-03   0.2047818940630119E-01   0.3501216091161794E+00
  0.1852500000000000E+02   0.1168474563602243E+01   0.6250355674676279E+00   0.1166057765900357E+00   0.2798819335219646E+00   0.1429971146317493E-03   0.2016754417429561E-01   0.3559423466772329E+00
  0.1857500000000000E+02   0.1153816779958084E+01   0.6180631959549535E+00   0.1096724374389986E+00   0.2784890275284187E+00   0.1426694882194140E-03   0.1978329565257609E-01   0.3607452869604138E+00
  0.1862500000000000E+02   0.1140781026276211E+01   0.6097120518245291E+00   0.1032398523539204E+00   0.2763279673606882E+00   0.1419434367203502E-03   0.1933691014569598E-01   0.3644140038402982E+00
  0.1867500000000000E+02   0.1129563773827747E+01   0.6003254833305016E+00   0.9743909960068375E-01   0.2735119805504183E+00   0.1408741008480610E-03   0.1884265958632628E-01   0.3668787184948799E+00
  0.1872500000000000E+02   0.1120281612745714E+01   0.5902689951921479E+00   0.9237242606642737E-01   0.2701775425244273E+00   0.1395292519154585E-03   0.1831683551176698E-01   0.3681247261163073E+00
  0.1877500000000000E+02   0.1112972753276939E+01   0.5799101969863293E+00   0.8810947538869573E-01   0.2664760348581530E+00   0.1379851326524468E-03   0.1777680252198099E-01   0.3681959718597583E+00
  0.1882500000000000E+02   0.1107603774915624E+01   0.5696014365674511E+00   0.8468621889534278E-01   0.2625650748783090E+00   0.1363220583705780E-03   0.1724000876090069E-01   0.3671929578573447E+00
  0.1887500000000000E+02   0.1104080045290480E+01   0.5596664245529491E+00   0.8210639214412718E-01   0.2586004613853193E+00   0.1346202671238136E-03   0.1672307333489804E-01   0.3652652343267581E+00
  0.1892500000000000E+02   0.1102258019130360E+01   0.5503913818596392E+00   0.8034490983236275E-01   0.2547294742866162E+00   0.1329564099038975E-03   0.1624104799063961E-01   0.3625997390853876E+00
  0.1897500000000000E+02   0.1101957754491582E+01   0.5420205395050540E+00   0.7935254382032064E-01   0.2510859601009491E+00   0.1314009199975228E-03   0.1580691108932337E-01   0.3594069099959142E+00
  0.1902500000000000E+02   0.1102974338091211E+01   0.5347553092621039E+00   0.7906111537217742E-01   0.2477873132689348E+00   0.1300163364283532E-03   0.1543130778491946E-01   0.3559066529041555E+00
  0.1907500000000000E+02   0.1105087362297517E+01   0.5287561641674552E+00   0.7938854496556536E-01   0.2449331923308133E+00   0.1288565151159524E-03   0.1512251218821439E-01   0.3523159352832259E+00
  0.1912500000000000E+02   0.1108068033837614E+01   0.5241461925391228E+00   0.8024327084003602E-01   0.2426056272174359E+00   0.1279665631792703E-03   0.1488656181193598E-01   0.3488391640907590E+00
  0.1917500000000000E+02   0.1111683852883196E+01   0.5210153562574273E+00   0.8152773916458411E-01   0.2408700846914388E+00   0.1273832808421465E-03   0.1472750331328383E-01   0.3456618131510424E+00
  0.1922500000000000E+02   0.1115701059088975E+01   0.5194246258574576E+00   0.8314084547776091E-01   0.2397770465522170E+00   0.1271358840346710E-03   0.1464768911546063E-01   0.3429471692973461E+00
  0.1927500000000000E+02   0.1119885209035737E+01   0.5194093268652814E+00   0.8497934840296750E-01   0.2393636927881736E+00   0.1272467958430455E-03   0.1464807262880475E-01   0.3408356627100102E+00
  0.1932500000000000E+02   0.1124000355791991E+01   0.5209811805639877E+00   0.8693837881768274E-01   0.2396553432636563E+00   0.1277323231888381E-03   0.1472846118691111E-01   0.3394460482485718E+00
  0.1937500000000000E+02   0.1127807379664627E+01   0.5241286468037977E+00   0.8891123836261161E-01   0.2406663777260332E+00   0.1286030666706428E-03   0.1488769724108078E-01   0.3388776699458806E+00
  0.1942500000000000E+02   0.1131062099943461E+01   0.5288152844995078E+00   0.9078873361328199E-01   0.2424004154992441E+00   0.1298639414012628E-03   0.1512374807971545E-01   0.3392131083899043E+00
  0.1947500000000000E+02   0.1133513901508197E+01   0.5349759605926054E+00   0.9245834010209686E-01   0.2448495933229860E+00   0.1315137149272867E-03   0.1543369199192733E-01   0.3405206226905029E+00
  0.1952500000000000E+02   0.1134905743988250E+01   0.5425108964021432E+00   0.9380354410036218E-01   0.2479928408205839E+00   0.1335439993971428E-03   0.1581359506406380E-01   0.3428559137222815E+00
  0.1957500000000000E+02   0.1134976570121838E+01   0.5512777859760655E+00   0.9470377363116578E-01   0.2517931331082656E+00   0.1359376772410996E-03   0.1625827910158093E-01   0.3462628310582423E+00
  0.1962500000000000E+02   0.1133467249540245E+01   0.5610826001514432E+00   0.9503539771312242E-01   0.2561938186305260E+00   0.1386668035786257E-03   0.1676098939117134E-01   0.3507727170940824E+00
  0.1967500000000000E+02   0.1130131200446070E+01   0.5716702345201092E+00   0.9467432454248792E-01   0.2611142975144846E+00   0.1416901258102190E-03   0.1731298324878865E-01   0.3564021367170436E+00
  0.1972500000000000E+02   0.1124750596950315E+01   0.5827168597182854E+00   0.9350072759762562E-01   0.2664455747544354E+00   0.1449504993576426E-03   0.1790307842227670E-01   0.3631487996814678E+00
  0.1977500000000000E+02   0.1117158436507249E+01   0.5938265959345073E+00   0.9140631722146519E-01   0.2720465268362606E+00   0.1483726557173296E-03   0.1851722535618502E-01   0.3709855770452455E+00
  0.1982500000000000E+02   0.1107265571229365E+01   0.6045357403520081E+00   0.8830428690203851E-01   0.2777420559799854E+00   0.1518619717232566E-03   0.1913819779641387E-01   0.3798526848390554E+00
  0.1987500000000000E+02   0.1095090077534753E+01   0.6143278607334717E+00   0.8414154344974212E-01   0.2833245642347946E+00   0.1553050433231572E-03   0.1974552706339900E-01   0.3896484071704078E+00
  0.1992500000000000E+02   0.1080784283345329E+01   0.6226621780620754E+00   0.7891207906649744E-01   0.2885602034416089E+00   0.1585728960406393E-03   0.2031582605716930E-01   0.4002192025903797E+00
  0.1997500000000000E+02   0.1064652988780566E+01   0.6290154439249198E+00   0.7266947078986163E-01   0.2932009631362695E+00   0.1615274633317490E-03   0.2082364383818498E-01   0.4113506971379796E+00
  0.2002500000000000E+02   0.1047155828209805E+01   0.6329340303671317E+00   0.6553575387956267E-01   0.2970027181456138E+00   0.1640314564321092E-03   0.2124294262525792E-01   0.4227618563848551E+00
  0.2007500000000000E+02   0.1028888259888193E+01   0.6340889483103439E+00   0.5770367935930998E-01   0.2997479164932256E+00   0.1659609527227299E-03   0.2154918446063713E-01   0.4341053586621296E+00
  0.2012500000000000E+02   0.1010539692615602E+01   0.6323234616692112E+00   0.4942998002764032E-01   0.3012699626003427E+00   0.1672191127847080E-03   0.2172186031353561E-01   0.4449775057078628E+00
  0.2017500000000000E+02   0.9928329982628398E+00   0.6276825323479857E+00   0.4101884583441251E-01   0.3014751053065117E+00   0.1677487108163079E-03   0.2174712271658276E-01   0.4549404168707311E+00
  0.2022500000000000E+02   0.9764551814520764E+00   0.6204164394524893E+00   0.3279704680644890E-01   0.3003573845272421E+00   0.1675409742216557E-03   0.2162005254862122E-01   0.4635573202120722E+00
  0.2027500000000000E+02   0.9619919642576934E+00   0.6109569398040415E+00   0.2508434004308802E-01   0.2980032549216198E+00   0.1666387744129594E-03   0.2134606677141234E-01   0.4704384292029657E+00
  0.2032500000000000E+02   0.9498780646932971E+00   0.5998711322947613E+00   0.1816413432729891E-01   0.2945846902626835E+00   0.1651333985724067E-03   0.2094109685012377E-01   0.4752908759698498E+00
  0.2037500000000000E+02   0.9403703638727854E+00   0.5878031374866559E+00   0.1225932424378140E-01   0.2903421699403857E+00   0.1631555787008325E-03   0.2043042200533207E-01   0.4779629694800280E+00
  0.2042500000000000E+02   0.9335449342128184E+00   0.5754151207129391E+00   0.7516776146723414E-02   0.2855610617788572E+00   0.1608626598991982E-03   0.1984635128839202E-01   0.4784724392548755E+00
  0.2047500000000000E+02   0.9293134643864200E+00   0.5633370979597786E+00   0.4001721404682135E-02   0.2805458825168263E+00   0.1584243747570469E-03   0.1922520588189076E-01   0.4770113110787748E+00
  0.2052500000000000E+02   0.9274515999386839E+00   0.5521307994103669E+00   0.1701091835645263E-02   0.2755965846051799E+00   0.1560095518286183E-03   0.1860416909645834E-01   0.4739259594048845E+00
  0.2057500000000000E+02   0.9276314180983608E+00   0.5422684656617465E+00   0.5332808144564716E-03   0.2709897192127022E+00   0.1537753949512926E-03   0.1801851846215267E-01   0.4696774094430426E+00
  0.2062500000000000E+02   0.9294519202005165E+00   0.5341241552884655E+00   0.3612223164857209E-03   0.2669656436959947E+00   0.1518600450241131E-03   0.1749957303403017E-01   0.4647914534407754E+00
  0.2067500000000000E+02   0.9324639416981212E+00   0.5279734376389659E+00   0.1005960032962161E-02   0.2637214256054880E+00   0.1503782841992823E-03   0.1707346054584288E-01   0.4598090643173713E+00
  0.2072500000000000E+02   0.9361883424327608E+00   0.5239970415480731E+00   0.2258711272193903E-02   0.2614080754074712E+00   0.1494196556356151E-03   0.1676061148838929E-01   0.4552452200577188E+00
  0.2077500000000000E+02   0.9401282794386503E+00   0.5222846457757997E+00   0.3890457597217623E-02   0.2601302969976788E+00   0.1490480029856640E-03   0.1657576545814179E-01   0.4515601901435154E+00
  0.2082500000000000E+02   0.9437776901291434E+00   0.5228360777272544E+00   0.5659050348050920E-02   0.2599469857832556E+00   0.1493014371870408E-03   0.1652823534378318E-01   0.4491433757508485E+00
  0.2087500000000000E+02   0.9466289290045725E+00   0.5255584688894187E+00   0.7314571716239060E-02   0.2608710742633180E+00   0.1501919317086624E-03   0.1662219790419385E-01   0.4483070752932790E+00
  0.2092500000000000E+02   0.9481829201573440E+00   0.5302593328947962E+00   0.8604209260180129E-02   0.2628678960618983E+00   0.1517040615013011E-03   0.1685683912141784E-01   0.4492863385226891E+00
  0.2097500000000000E+02   0.9479652041617209E+00   0.5366371367026816E+00   0.9278187785065617E-02   0.2658519440910394E+00   0.1537927994318414E-03   0.1722625983823897E-01   0.4522410647668600E+00
  0.2102500000000000E+02   0.9455506812071625E+00   0.5442727576446860E+00   0.9098334237257699E-02   0.2696827153401669E+00   0.1563807562571034E-03   0.1771913270373589E-01   0.4572572032197601E+00
  0.2107500000000000E+02   0.9405983360915928E+00   0.5526270929210219E+00   0.7850543071275862E-02   0.2741612319009981E+00   0.1593557792782880E-03   0.1831819408193576E-01   0.4643449358237043E+00
  0.2112500000000000E+02   0.9328944367255154E+00   0.5610514768357344E+00   0.5361627449302242E-02   0.2790296851985365E+00   0.1625703418758488E-03   0.1899975328951357E-01   0.4734328798722249E+00
  0.2117500000000000E+02   0.9223986377481010E+00   0.5688174974138568E+00   0.1519687010694382E-02   0.2839771922565227E+00   0.1658444995680104E-03   0.1973349634909270E-01   0.4843586278761151E+00
  0.2122500000000000E+02   0.9092829060103450E+00   0.5751701393464584E+00  -0.3704713220135103E-02   0.2886544516362569E+00   0.1689741034355322E-03   0.2048292594458866E-01   0.4968574151164821E+00
  0.2127500000000000E+02   0.8939500837555757E+00   0.5794022968499625E+00  -0.1024112991051196E-01   0.2926987139794849E+00   0.1717451870522166E-03   0.2120677026714416E-01   0.5105523814655151E+00
  0.2132500000000000E+02   0.8770197098419579E+00   0.5809405132392021E+00  -0.1791124760874252E-01   0.2957678274110604E+00   0.1739538973405925E-03   0.2186156485034616E-01   0.5249515669199221E+00
  0.2137500000000000E+02   0.8592751236255505E+00   0.5794243096225418E+00  -0.2643529818521539E-01   0.2975787374698667E+00   0.1754293331634302E-03   0.2240534439881109E-01   0.5394578876272708E+00
  0.2142500000000000E+02   0.8415769524843859E+00   0.5747588369195094E+00  -0.3545503833067187E-01   0.2979429989063341E+00   0.1760549367714055E-03   0.2280201918907851E-01   0.5533979592694399E+00
  0.2147500000000000E+02   0.8247596311788286E+00   0.5671256608134115E+00  -0.4457099129900677E-01   0.2967911041263436E+00   0.1757835553941215E-03   0.2302567079585603E-01   0.5660727855983796E+00
  0.2152500000000000E+02   0.8095339966405543E+00   0.5569482275728843E+00  -0.5338729507682860E-01   0.2941795650302872E+00   0.1746424655154726E-03   0.2306384135598473E-01   0.5768276584090969E+00
  0.2157500000000000E+02   0.7964167987699124E+00   0.5448219029655234E+00  -0.6155513363372722E-01   0.2902791216041885E+00   0.1727272254367924E-03   0.2291902353334968E-01   0.5851312285821240E+00
  0.2162500000000000E+02   0.7856983801540658E+00   0.5314273410792471E+00  -0.6880640154009166E-01   0.2853473981984892E+00   0.1701861546081422E-03   0.2260797670718877E-01   0.5906474477354967E+00
  0.2167500000000000E+02   0.7774477896634888E+00   0.5174470561730506E+00  -0.7497251278559824E-01   0.2796928001195263E+00   0.1671993502081118E-03   0.2215905155748629E-01   0.5932824873878552E+00
  0.2172500000000000E+02   0.7715455223806447E+00   0.5034995406622258E+00  -0.7998754277991971E-01   0.2736373495330734E+00   0.1639567694659432E-03   0.2160818354777454E-01   0.5931938423694031E+00
  0.2177500000000000E+02   0.7677305631803460E+00   0.4900969821726924E+00  -0.8387848544331000E-01   0.2674847028398027E+00   0.1606391162437486E-03   0.2099444369227005E-01   0.5907592443610914E+00
  0.2182500000000000E+02   0.7656498721000802E+00   0.4776254174002417E+00  -0.8674730854127288E-01   0.2614968572593728E+00   0.1574036933194602E-03   0.2035596735742370E-01   0.5865142760550451E+00
  0.2187500000000000E+02   0.7649025417454967E+00   0.4663419967616051E+00  -0.8874961891174038E-01   0.2558802753007778E+00   0.1543757438676805E-03   0.1972680253394073E-01   0.5810747707776411E+00
  0.2192500000000000E+02   0.7650752471451508E+00   0.4563829526151517E+00  -0.9007366341220613E-01   0.2507801644287926E+00   0.1516446095113900E-03   0.1913487420638421E-01   0.5750608234044475E+00
  0.2197500000000000E+02   0.7657689141210884E+00   0.4477768451861281E+00  -0.9092183716533397E-01   0.2462807179252227E+00   0.1492634539473597E-03   0.1860097891046543E-01   0.5690346363486805E+00
  0.2202500000000000E+02   0.7666183536370929E+00   0.4404595400907273E+00  -0.9149544594772230E-01   0.2424090986259284E+00   0.1472512621721032E-03   0.1813856639288177E-01   0.5634576687716363E+00
  0.2207500000000000E+02   0.7673071347012071E+00   0.4342893067553203E+00  -0.9198249780927870E-01   0.2391414844469053E+00   0.1455961279450003E-03   0.1775403206842006E-01   0.5586667049475779E+00
  0.2212500000000000E+02   0.7675795826224863E+00   0.4290619588562086E+00  -0.9254786080204125E-01   0.2364102415557861E+00   0.1442592793696788E-03   0.1744729617985563E-01   0.5548650887727229E+00
  0.2217500000000000E+02   0.7672508660391730E+00   0.4245268855908472E+00  -0.9332514958975724E-01   0.2341119781798082E+00   0.1431797024114961E-03   0.1721253653313908E-01   0.5521245410552330E+00
  0.2222500000000000E+02   0.7662149945135726E+00   0.4204050714350566E+00  -0.9441005430697591E-01   0.2321166845074300E+00   0.1422794967900462E-03   0.1703903319980688E-01   0.5503938834880788E+00
  0.2227500000000000E+02   0.7644494942978153E+00   0.4164097678060815E+00  -0.9585533077803843E-01   0.2302782850914844E+00   0.1414701752576130E-03   0.1691214999901444E-01   0.5495126549070505E+00
  0.2232500000000000E+02   0.7620148870563053E+00   0.4122694587689698E+00  -0.9766814363622556E-01   0.2284466938972637E+00   0.1406599754018405E-03   0.1681450389517445E-01   0.5492292125575993E+00
  0.2237500000000000E+02   0.7590471660126971E+00   0.4077514182228260E+00  -0.9981069923460151E-01   0.2264809289980061E+00   0.1397619251028119E-03   0.1672735379413601E-01   0.5492239067023705E+00
  0.2242500000000000E+02   0.7557423970467805E+00   0.4026829402458998E+00  -0.1022049667060498E+00   0.2242621786224875E+00   0.1387019864132829E-03   0.1663217925835480E-01   0.5491379705001408E+00
  0.2247500000000000E+02   0.7523342179455103E+00   0.3969667750852008E+00  -0.1047417138747536E+00   0.2217051666750311E+00   0.1374262534576676E-03   0.1651233523987322E-01   0.5486077840172555E+00
  0.2252500000000000E+02   0.7490668637805268E+00   0.3905878106128637E+00  -0.1072931997753129E+00   0.2187660105840775E+00   0.1359060652656189E-03   0.1635459130962813E-01   0.5473023685044563E+00
  0.2257500000000000E+02   0.7461677059800250E+00   0.3836095973976441E+00  -0.1097279514607821E+00   0.2154451541116454E+00   0.1341401172014665E-03   0.1615032752637987E-01   0.5449599351903354E+00
  0.2262500000000000E+02   0.7438235780671433E+00   0.3761614443522747E+00  -0.1119254563337090E+00   0.2117848366643554E+00   0.1321531874508964E-03   0.1589618798569859E-01   0.5414179244291675E+00
  0.2267500000000000E+02   0.7421642309867011E+00   0.3684187495999598E+00  -0.1137885699599626E+00   0.2078616553068579E+00   0.1299917736606102E-03   0.1559408663878149E-01   0.5366310553908248E+00
  0.2272500000000000E+02   0.7412544929490110E+00   0.3605803098960171E+00  -0.1152519941780682E+00   0.2037757121368347E+00   0.1277175278930206E-03   0.1525058971783727E-01   0.5306737935421745E+00
  0.2277500000000000E+02   0.7410947862139703E+00   0.3528463134505497E+00  -0.1162861068710748E+00   0.1996383197061907E+00   0.1253996960455534E-03   0.1487582051088723E-01   0.5237268663382536E+00
  0.2282500000000000E+02   0.7416282103800574E+00   0.3453997795191653E+00  -0.1168963881437758E+00   0.1955601669396178E+00   0.1231077454338856E-03   0.1448210570646528E-01   0.5160508878127468E+00
  0.2287500000000000E+02   0.7427517581148484E+00   0.3383928608576998E+00  -0.1171193938111749E+00   0.1916413490599013E+00   0.1209050704476954E-03   0.1408259099064833E-01   0.5079525516778939E+00
  0.2292500000000000E+02   0.7443293422406516E+00   0.3319381747205315E+00  -0.1170165344678072E+00   0.1879639810245288E+00   0.1188442491943317E-03   0.1369000658354905E-01   0.4997494974810373E+00
  0.2297500000000000E+02   0.7462049078295115E+00   0.3261044892786375E+00  -0.1166668534787539E+00   0.1845874857990479E+00   0.1169639339374410E-03   0.1331568774798645E-01   0.4917389270168596E+00
  0.2302500000000000E+02   0.7482146519275443E+00   0.3209157479620696E+00  -0.1161596948520551E+00   0.1815462284831828E+00   0.1152871922362386E-03   0.1296888015256988E-01   0.4841730504963661E+00
  0.2307500000000000E+02   0.7501980219356449E+00   0.3163524788471133E+00  -0.1155877739390273E+00   0.1788489968394577E+00   0.1138210035756052E-03   0.1265630552600040E-01   0.4772423447377682E+00
  0.2312500000000000E+02   0.7520075715247652E+00   0.3123549495027126E+00  -0.1150408399614360E+00   0.1764798668726707E+00   0.1125566350660551E-03   0.1238193681998661E-01   0.4710660515216661E+00
  0.2317500000000000E+02   0.7535178797982957E+00   0.3088278233891616E+00  -0.1145999241329172E+00   0.1744001563850798E+00   0.1114707197030252E-03   0.1214693136920337E-01   0.4656885888927229E+00
  0.2322500000000000E+02   0.7546336121373348E+00   0.3056464104413322E+00  -0.1143321235702404E+00   0.1725513697490260E+00   0.1105269857096437E-03   0.1194968700842806E-01   0.4610805185990679E+00
  0.2327500000000000E+02   0.7552964917014590E+00   0.3026647716592565E+00  -0.1142859628435486E+00   0.1708591932396992E+00   0.1096786846247296E-03   0.1178600984470675E-01   0.4571431565458520E+00
  0.2332500000000000E+02   0.7554905687458680E+00   0.2997258604648052E+00  -0.1144875555709129E+00   0.1692386495245961E+00   0.1088717981376087E-03   0.1164940390208257E-01   0.4537165283822318E+00
  0.2337500000000000E+02   0.7552448649598733E+00   0.2966735388042666E+00  -0.1149379867186104E+00   0.1676004248020667E+00   0.1080490435573929E-03   0.1153150401872471E-01   0.4505908798525330E+00
  0.2342500000000000E+02   0.7546323912287319E+00   0.2933657487331356E+00  -0.1156124634656108E+00   0.1658581428469329E+00   0.1071545433931009E-03   0.1142266826893439E-01   0.4475221250544731E+00
  0.2347500000000000E+02   0.7537648156160508E+00   0.2896875034283953E+00  -0.1164617511836332E+00   0.1639360286985173E+00   0.1061388073894592E-03   0.1131272276015151E-01   0.4442513092585141E+00
  0.2352500000000000E+02   0.7527827173692011E+00   0.2855619165250314E+00  -0.1174161685519954E+00   0.1617760865030387E+00   0.1049634627459775E-03   0.1119181380838164E-01   0.4405273586169785E+00
  0.2357500000000000E+02   0.7518422693204483E+00   0.2809574488653072E+00  -0.1183919812140328E+00   0.1593437462446203E+00   0.1036050481993148E-03   0.1105128101702122E-01   0.4361312543541891E+00
  0.2362500000000000E+02   0.7511000670532468E+00   0.2758900387814761E+00  -0.1192995146354598E+00   0.1566310246026942E+00   0.1020572350876408E-03   0.1088443530620997E-01   0.4308986730565409E+00
  0.2367500000000000E+02   0.7506983454261776E+00   0.2704197154653045E+00  -0.1200518746266518E+00   0.1536566234234374E+00   0.1003310749634252E-03   0.1068712318900924E-01   0.4247375637124607E+00
  0.2372500000000000E+02   0.7507527744869459E+00   0.2646423957633224E+00  -0.1205729826829255E+00   0.1504629665408076E+00   0.9845324467475417E-04   0.1045798901173590E-01   0.4176374892077059E+00
  0.2377500000000000E+02   0.7513444109875504E+00   0.2586784709286755E+00  -0.1208037815314942E+00   0.1471107731669241E+00   0.9646265162236667E-04   0.1019840393293362E-01   0.4096689293564743E+00
  0.2382500000000000E+02   0.7525164232988961E+00   0.2526602239698721E+00  -0.1207058954813619E+00   0.1436721926551462E+00   0.9440604880443214E-04   0.9912096270661587E-02   0.4009727723594371E+00
  0.2387500000000000E+02   0.7542752372034939E+00   0.2467200050584173E+00  -0.1202625886424316E+00   0.1402236632620243E+00   0.9233341131924345E-04   0.9604571255692411E-02   0.3917422403299076E+00
  0.2392500000000000E+02   0.7565950493414417E+00   0.2409805626221157E+00  -0.1194773712878106E+00   0.1368395057459014E+00   0.9029373866430443E-04   0.9282434143909972E-02   0.3822008240766912E+00
  0.2397500000000000E+02   0.7594243531437285E+00   0.2355482229556416E+00  -0.1183709293911303E+00   0.1335869192658130E+00   0.8833173127243978E-04   0.8952725901606721E-02   0.3725800783243053E+00
  0.2402500000000000E+02   0.7626931865295710E+00   0.2305089631417101E+00  -0.1169771528662052E+00   0.1305226494931130E+00   0.8648553366783935E-04   0.8622353124266962E-02   0.3631004306392596E+00
  0.2407500000000000E+02   0.7663201095637462E+00   0.2259269726326605E+00  -0.1153389529436939E+00   0.1276912628765720E+00   0.8478551652132687E-04   0.8297656672900468E-02   0.3539568958194874E+00
  0.2412500000000000E+02   0.7702183018900183E+00   0.2218450840857851E+00  -0.1135043686902312E+00   0.1251247475173770E+00   0.8325392710987282E-04   0.7984128898194621E-02   0.3453102578149472E+00
  0.2417500000000000E+02   0.7743005179773733E+00   0.2182864341993001E+00  -0.1115232477600421E+00   0.1228430758874520E+00   0.8190517777931230E-04   0.7686264617881790E-02   0.3372832501673746E+00
  0.2422500000000000E+02   0.7784828917117442E+00   0.2152568181760599E+00  -0.1094446035706665E+00   0.1208553780254033E+00   0.8074654693859647E-04   0.7407518169868113E-02   0.3299606845320833E+00
  0.2427500000000000E+02   0.7826877265000816E+00   0.2127473563451970E+00  -0.1073146263992598E+00   0.1191614440186570E+00   0.7977911021961787E-04   0.7150336042233208E-02   0.3233923121267925E+00
  0.2432500000000000E+02   0.7868454577443917E+00   0.2107372459618151E+00  -0.1051752616087920E+00   0.1177533638266955E+00   0.7899877620843361E-04   0.6916238297357721E-02   0.3175973244584699E+00
  0.2437500000000000E+02   0.7908959584385550E+00   0.2091964941063552E+00  -0.1030632527994055E+00   0.1166171944450224E+00   0.7839735412452695E-04   0.6705928773937558E-02   0.3125696602182806E+00
  0.2442500000000000E+02   0.7947893044217702E+00   0.2080886049984768E+00  -0.1010095645112797E+00   0.1157346044985190E+00   0.7796362008968575E-04   0.6519421198802791E-02   0.3082835682127343E+00
  0.2447500000000000E+02   0.7984860488804690E+00   0.2073732248275151E+00  -0.9903913167140788E-01   0.1150844793138582E+00   0.7768437032680130E-04   0.6356174200808310E-02   0.3046991101785796E+00
  0.2452500000000000E+02   0.8019569967645224E+00   0.2070087350692403E+00  -0.9717091720061311E-01   0.1146444764646769E+00   0.7754545413883909E-04   0.6215231977783153E-02   0.3017674411028962E+00
  0.2457500000000000E+02   0.8051824346018153E+00   0.2069547424794929E+00  -0.9541828422801124E-01   0.1143925080902578E+00   0.7753277012705409E-04   0.6095368847164246E-02   0.2994357757329772E+00
  0.2462500000000000E+02   0.8081507696633502E+00   0.2071743560709772E+00  -0.9378969800441239E-01   0.1143081002360895E+00   0.7763319115240992E-04   0.5995235392928303E-02   0.2976519537170122E+00
  0.2467500000000000E+02   0.8108565672140190E+00   0.2076360864255288E+00  -0.9228976188299176E-01   0.1143735510002937E+00   0.7783536362424953E-04   0.5913502019710651E-02   0.2963684775732283E+00
  0.2472500000000000E+02   0.8132980400271915E+00   0.2083151681273460E+00  -0.9092056334088738E-01   0.1145747883666300E+00   0.7813031158312411E-04   0.5848993264963121E-02   0.2955458465239324E+00
  0.2477500000000000E+02   0.8154741271075118E+00   0.2091941047006993E+00  -0.8968326607425547E-01   0.1149018231261931E+00   0.7851177120770567E-04   0.5800804077756665E-02   0.2951549722979510E+00
  0.2482500000000000E+02   0.8173813808626369E+00   0.2102622716051117E+00  -0.8857984177410771E-01   0.1153487059219723E+00   0.7897618955529167E-04   0.5768388171363721E-02   0.2951784597958318E+00
  0.2487500000000000E+02   0.8190109468907792E+00   0.2115144812842920E+00  -0.8761479959363860E-01   0.1159129286567159E+00   0.7952234175101438E-04   0.5751608871101222E-02   0.2956105732715312E+00
  0.2492500000000000E+02   0.8203459576352407E+00   0.2129485023057245E+00  -0.8679674905459800E-01   0.1165942532975368E+00   0.8015054959884508E-04   0.5750744534924242E-02   0.2964557809250402E+00
  0.2497500000000000E+02   0.8213596694712654E+00   0.2145616178379659E+00  -0.8613962479015524E-01   0.1173929976932731E+00   0.8086151648687371E-04   0.5766443158832762E-02   0.2977258604379802E+00
  0.2502500000000000E+02   0.8220146597267760E+00   0.2163463976872598E+00  -0.8566340570511954E-01   0.1183078524020480E+00   0.8165482441765902E-04   0.5799623566374606E-02   0.2994356347855533E+00
  0.2507500000000000E+02   0.8222633757126145E+00   0.2182859433256871E+00  -0.8539417090873624E-01   0.1193333436014573E+00   0.8252716821694617E-04   0.5851323152622021E-02   0.3015974776354502E+00
  0.2512500000000000E+02   0.8220502963034806E+00   0.2203489574243724E+00  -0.8536334580895111E-01   0.1204570997754623E+00   0.8347043277808628E-04   0.5922494491580781E-02   0.3042147809402808E+00
  0.2517500000000000E+02   0.8213159184071972E+00   0.2224851035731934E+00  -0.8560600591110401E-01   0.1216571330364423E+00   0.8446975785260521E-04   0.6013755812872196E-02   0.3072746316126197E+00
  0.2522500000000000E+02   0.8200026881619555E+00   0.2246212667087538E+00  -0.8615813452679499E-01   0.1228994179383763E+00   0.8550178731261570E-04   0.6125104540180642E-02   0.3107400319878732E+00
  0.2527500000000000E+02   0.8180628174170828E+00   0.2266594871722054E+00  -0.8705279501563168E-01   0.1241361416819751E+00   0.8653336639718034E-04   0.6255610095752081E-02   0.3145421584937406E+00
  0.2532500000000000E+02   0.8154676169881522E+00   0.2284774715780872E+00  -0.8831530483644912E-01   0.1253050933015277E+00   0.8752102001790124E-04   0.6403112913498116E-02   0.3185734130522751E+00
  0.2537500000000000E+02   0.8122175237427196E+00   0.2299325887302254E+00  -0.8995770782398893E-01   0.1263307160046548E+00   0.8841158995554412E-04   0.6563970610016370E-02   0.3226823782316574E+00
  0.2542500000000000E+02   0.8083514487340522E+00   0.2308700160967386E+00  -0.9197312808605140E-01   0.1271273038484579E+00   0.8914438441826404E-04   0.6732906680083405E-02   0.3266721755207158E+00
  0.2547500000000000E+02   0.8039535766583397E+00   0.2311351070480268E+00  -0.9433090281317502E-01   0.1276046117538817E+00   0.8965504966148800E-04   0.6903025999799741E-02   0.3303039963959541E+00
  0.2552500000000000E+02   0.7991555460735014E+00   0.2305890948601713E+00  -0.9697362338820126E-01   0.1276757251130102E+00   0.8988107873189853E-04   0.7066056506074242E-02   0.3333074919117556E+00
  0.2557500000000000E+02   0.7941322994273781E+00   0.2291261120271568E+00  -0.9981721549359690E-01   0.1272664374229248E+00   0.8976844902372097E-04   0.7212849793957641E-02   0.3353990014772594E+00
  0.2562500000000000E+02   0.7890909492276639E+00   0.2266885602768202E+00  -0.1027548305721304E+00   0.1263247593862047E+00   0.8927843033793180E-04   0.7334122732293625E-02   0.3363071144211919E+00
  0.2567500000000000E+02   0.7842536120500758E+00   0.2232775862124520E+00  -0.1056645848555523E+00   0.1248287736522150E+00   0.8839330014088451E-04   0.7421356147662680E-02   0.3358029283390053E+00
  0.2572500000000000E+02   0.7798368318816201E+00   0.2189561196177668E+00  -0.1084202302183779E+00   0.1227910990350288E+00   0.8711971825236917E-04   0.7467705990900055E-02   0.3337301769727596E+00
  0.2577500000000000E+02   0.7760312953059164E+00   0.2138435447992995E+00  -0.1109029955277692E+00   0.1202588377441657E+00   0.8548892746011318E-04   0.7468753711095249E-02   0.3300290853017770E+00
  0.2582500000000000E+02   0.7729855430160842E+00   0.2081030810270948E+00  -0.1130124450388004E+00   0.1173089069080558E+00   0.8355366614453540E-04   0.7422944608699036E-02   0.3247482572903134E+00
  0.2587500000000000E+02   0.7707962715799801E+00   0.2019246047011043E+00  -0.1146744465824601E+00   0.1140397472554776E+00   0.8138245689913261E-04   0.7331633973698911E-02   0.3180413692150095E+00
  0.2592500000000000E+02   0.7695060538232136E+00   0.1955063740702490E+00  -0.1158451358319683E+00   0.1105611595849872E+00   0.7905248789560540E-04   0.7198756292118721E-02   0.3101492129611057E+00
  0.2597500000000000E+02   0.7691075750028682E+00   0.1890387831997203E+00  -0.1165107837866575E+00   0.1069842052005713E+00   0.7664245598073336E-04   0.7030217154876899E-02   0.3013712706752015E+00
  0.2602500000000000E+02   0.7695523435451613E+00   0.1826921876730171E+00  -0.1166843492650470E+00   0.1034127423877354E+00   0.7422650050920498E-04   0.6833152613175032E-02   0.2920331083546637E+00
  0.2607500000000000E+02   0.7707614930486670E+00   0.1766095310889653E+00  -0.1163999805476006E+00   0.9993748709875366E-01   0.7186988243020382E-04   0.6615198604627139E-02   0.2824558474584954E+00
  0.2612500000000000E+02   0.7726366084181898E+00   0.1709034081579868E+00  -0.1157067789498694E+00   0.9663277072000660E-01   0.6962655755361480E-04   0.6383875532305593E-02   0.2729322079275753E+00
  0.2617500000000000E+02   0.7750691738346479E+00   0.1656565497885243E+00  -0.1146628720153626E+00   0.9355563239826016E-01   0.6753840832300650E-04   0.6146141388046372E-02   0.2637111154980094E+00
  0.2622500000000000E+02   0.7779479543278446E+00   0.1609245077344532E+00  -0.1133304442794577E+00   0.9074660717525122E-01   0.6563569463188446E-04   0.5908120019236231E-02   0.2549906194573301E+00
  0.2627500000000000E+02   0.7811641971795495E+00   0.1567394224584612E+00  -0.1117719892711693E+00   0.8823152420618299E-01   0.6393824313280353E-04   0.5674979628135454E-02   0.2469174355244016E+00
  0.2632500000000000E+02   0.7846149074510558E+00   0.1531140215008839E+00  -0.1100477599972419E+00   0.8602372948710672E-01   0.6245695963680562E-04   0.5450921951621127E-02   0.2395908893471842E+00
  0.2637500000000000E+02   0.7882046303676962E+00   0.1500452942373323E+00  -0.1082142261032684E+00   0.8412631072914349E-01   0.6119536146536059E-04   0.5239241000251162E-02   0.2330691603009624E+00
  0.2642500000000000E+02   0.7918462152700474E+00   0.1475175520313308E+00  -0.1063232755978272E+00   0.8253406853021321E-01   0.6015094331218571E-04   0.5042416322651921E-02   0.2273761981571335E+00
  0.2647500000000000E+02   0.7954609971364924E+00   0.1455047841118801E+00  -0.1044218954433065E+00   0.8123511694376682E-01   0.5931628880749941E-04   0.4862214882571598E-02   0.2225082496238504E+00
  0.2652500000000000E+02   0.7989787543710596E+00   0.1439723597615222E+00  -0.1025520988963899E+00   0.8021209898896441E-01   0.5867991363218003E-04   0.4699784840921899E-02   0.2184394359445914E+00
  0.2657500000000000E+02   0.8023377104849444E+00   0.1428782187608957E+00  -0.1007509176342738E+00   0.7944307175994805E-01   0.5822687652554953E-04   0.4555732427484234E-02   0.2151262068539043E+00
  0.2662500000000000E+02   0.8054847532712632E+00   0.1421737475596771E+00  -0.9905033218392667E-01   0.7890215882109716E-01   0.5793922673060166E-04   0.4430179311928115E-02   0.2125107572899813E+00
  0.2667500000000000E+02   0.8083759503794892E+00   0.1418045666980634E+00  -0.9747707050940035E-01   0.7856009086555867E-01   0.5779637463284322E-04   0.4322802595228007E-02   0.2105236527306939E+00
  0.2672500000000000E+02   0.8109773444325450E+00   0.1417114574922129E+00  -0.9605226068910955E-01   0.7838476237588925E-01   0.5777547866730619E-04   0.4232863003813887E-02   0.2090859911412668E+00
  0.2677500000000000E+02   0.8132659159323398E+00   0.1418316294628744E+00  -0.9479097844497497E-01   0.7834192218899184E-01   0.5785193571358199E-04   0.4159229214840421E-02   0.2081114511794293E+00
  0.2682500000000000E+02   0.8152305160363309E+00   0.1421004690716859E+00  -0.9370178055146017E-01   0.7839608752522463E-01   0.5800004253084371E-04   0.4100407388052330E-02   0.2075085449463498E+00
  0.2687500000000000E+02   0.8168725087643021E+00   0.1424538130475501E+00  -0.9278635403704150E-01   0.7851172305523636E-01   0.5819386120478793E-04   0.4054584668235595E-02   0.2071833107574546E+00
  0.2692500000000000E+02   0.8182058427148391E+00   0.1428306630619609E+00  -0.9203942898457418E-01   0.7865466167887937E-01   0.5840827384347990E-04   0.4019693378394244E-02   0.2070425496973162E+00
  0.2697500000000000E+02   0.8192563132163762E+00   0.1431761227383776E+00  -0.9144909015109903E-01   0.7879367088091346E-01   0.5862015733354187E-04   0.3993498801172202E-02   0.2069975404863657E+00
  0.2702500000000000E+02   0.8200598829508350E+00   0.1434442245825605E+00  -0.9099757477520343E-01   0.7890200323012708E-01   0.5880955923767236E-04   0.3973708259475642E-02   0.2069679860427186E+00
  0.2707500000000000E+02   0.8206600891697365E+00   0.1436002586743506E+00  -0.9066256523054528E-01   0.7895873038085016E-01   0.5896072485608485E-04   0.3958093630042327E-02   0.2068857913410529E+00
  0.2712500000000000E+02   0.8211047446395048E+00   0.1436222426065532E+00  -0.9041889102615441E-01   0.7894966220691541E-01   0.5906282495999585E-04   0.3944614834073502E-02   0.2066981898169437E+00
  0.2717500000000000E+02   0.8214422907843244E+00   0.1435012865298431E+00  -0.9024046850759626E-01   0.7886770160815915E-01   0.5911026817428097E-04   0.3931529614015757E-02   0.2063697579759039E+00
  0.2722500000000000E+02   0.8217182419910450E+00   0.1432407838710155E+00  -0.9010225246093817E-01   0.7871257196670126E-01   0.5910254524023742E-04   0.3917475848490541E-02   0.2058829917847490E+00
  0.2727500000000000E+02   0.8219721469219817E+00   0.1428545518179332E+00  -0.8998196709666639E-01   0.7848995660128191E-01   0.5904362870216335E-04   0.3901516669059067E-02   0.2052373364409631E+00
  0.2732500000000000E+02   0.8222353925595607E+00   0.1423642058344641E+00  -0.8986142537718311E-01   0.7821018128665912E-01   0.5894102111693045E-04   0.3883144663128829E-02   0.2044468082385936E+00
  0.2737500000000000E+02   0.8225300219061342E+00   0.1417961428225485E+00  -0.8972732159119834E-01   0.7788663011967725E-01   0.5880459103882609E-04   0.3862247856694634E-02   0.2035365600226960E+00
  0.2742500000000000E+02   0.8228685707590200E+00   0.1411785166224618E+00  -0.8957147029422841E-01   0.7753410180812727E-01   0.5864535083418228E-04   0.3839045396716703E-02   0.2025388710249378E+00
  0.2747500000000000E+02   0.8232547916578347E+00   0.1405385305995117E+00  -0.8939054336057639E-01   0.7716729140841830E-01   0.5847431595607986E-04   0.3814003897369580E-02   0.2014890683647214E+00
  0.2752500000000000E+02   0.8236850462510374E+00   0.1399002734009893E+00  -0.8918541140484004E-01   0.7679953480805102E-01   0.5830155111687745E-04   0.3787746070263141E-02   0.2004218233885370E+00
  0.2757500000000000E+02   0.8241501141026113E+00   0.1392832160746799E+00  -0.8896022173781593E-01   0.7644189606098416E-01   0.5813546681851655E-04   0.3760961987585233E-02   0.1993681445438604E+00
  0.2762500000000000E+02   0.8246371753287541E+00   0.1387013944250824E+00  -0.8872134624671779E-01   0.7610262451216933E-01   0.5798239007283817E-04   0.3734330929953166E-02   0.1983532482398069E+00
  0.2767500000000000E+02   0.8251317593855787E+00   0.1381632308228441E+00  -0.8847631748807328E-01   0.7578696718120449E-01   0.5784640179104207E-04   0.3708459042466525E-02   0.1973953609457837E+00
  0.2772500000000000E+02   0.8256194970494894E+00   0.1376719052929967E+00  -0.8823284856092783E-01   0.7549729395038231E-01   0.5772941180837104E-04   0.3683835524512911E-02   0.1965054063372993E+00
  0.2777500000000000E+02   0.8260875567715810E+00   0.1372261609214265E+00  -0.8799800835370675E-01   0.7523347655947209E-01   0.5763142936928420E-04   0.3660808069884685E-02   0.1956874637968493E+00
  0.2782500000000000E+02   0.8265256859983912E+00   0.1368214160877297E+00  -0.8777760163910675E-01   0.7499345353368558E-01   0.5755097943604510E-04   0.3639576763035448E-02   0.1949398434467812E+00
  0.2787500000000000E+02   0.8269268132823848E+00   0.1364510501377637E+00  -0.8757578358141171E-01   0.7477390871614303E-01   0.5748561100979684E-04   0.3620204498325874E-02   0.1942565996434308E+00
  0.2792500000000000E+02   0.8272872007081112E+00   0.1361077275637337E+00  -0.8739491938386357E-01   0.7457098938778747E-01   0.5743244155493339E-04   0.3602641075840484E-02   0.1936292926963923E+00
  0.2797500000000000E+02   0.8276061705261371E+00   0.1357846294715469E+00  -0.8723568081965127E-01   0.7438099113771221E-01   0.5738868171146300E-04   0.3586757357062792E-02   0.1930488046886345E+00
  0.2802500000000000E+02   0.8278854648927697E+00   0.1354764727799057E+00  -0.8709735202525926E-01   0.7420094195172837E-01   0.5735208777680488E-04   0.3572385250339265E-02   0.1925070208075749E+00
  0.2807500000000000E+02   0.8281283304986118E+00   0.1351802196969966E+00  -0.8697829839344295E-01   0.7402902880574083E-01   0.5732129707048785E-04   0.3559358934451017E-02   0.1919982058199078E+00
  0.2812500000000000E+02   0.8283384459035587E+00   0.1348954130111067E+00  -0.8687653707017673E-01   0.7386482687581204E-01   0.5729601372073869E-04   0.3547552742261450E-02   0.1915199389576947E+00
  0.2817500000000000E+02   0.8285188235780825E+00   0.1346241140804255E+00  -0.8679033818067350E-01   0.7370931326559932E-01   0.5727702890325066E-04   0.3536911601993469E-02   0.1910735193226283E+00
  0.2822500000000000E+02   0.8286708176302718E+00   0.1343704648894765E+00  -0.8671878454779214E-01   0.7356467132795645E-01   0.5726607818252841E-04   0.3527470868948028E-02   0.1906638136748145E+00
  0.2827500000000000E+02   0.8287933516269949E+00   0.1341399366398639E+00  -0.8666222487893016E-01   0.7343391475409117E-01   0.5726555668453698E-04   0.3519363667121827E-02   0.1902985813706906E+00
  0.2832500000000001E+02   0.8288824516697919E+00   0.1339383591773500E+00  -0.8662256997095896E-01   0.7332037927250479E-01   0.5727812773538004E-04   0.3512815308742483E-02   0.1899873680480679E+00
  0.2837500000000000E+02   0.8289311330963214E+00   0.1337708444988086E+00  -0.8660340082393025E-01   0.7322714175828807E-01   0.5730627048691999E-04   0.3508125754976670E-02   0.1897401024801175E+00
  0.2842500000000000E+02   0.8289296505661641E+00   0.1336407229487141E+00  -0.8660987854296287E-01   0.7315643108529071E-01   0.5735181626284107E-04   0.3505642243745864E-02   0.1895655553031566E+00
  0.2847499999999999E+02   0.8288660855144531E+00   0.1335486043283131E+00  -0.8664846582523078E-01   0.7310909290198810E-01   0.5741552237856057E-04   0.3505725040116187E-02   0.1894698237239398E+00
  0.2852500000000000E+02   0.8287272146558042E+00   0.1334916610743898E+00  -0.8672648698379481E-01   0.7308416327191850E-01   0.5749672717856317E-04   0.3508709747639146E-02   0.1894549958879181E+00
  0.2857500000000000E+02   0.8284995790358671E+00   0.1334632097835889E+00  -0.8685156729718246E-01   0.7307859544179071E-01   0.5759312222570462E-04   0.3514869803942960E-02   0.1895181269268935E+00
  0.2862500000000000E+02   0.8281706545851920E+00   0.1334526422847227E+00  -0.8703100318647250E-01   0.7308717095022021E-01   0.5770066776255057E-04   0.3524382737040554E-02   0.1896506298461061E+00
  0.2867500000000000E+02   0.8277300119315854E+00   0.1334457283681083E+00  -0.8727112257576630E-01   0.7310261111968912E-01   0.5781366591157880E-04   0.3537303519952194E-02   0.1898381504407285E+00
  0.2872500000000000E+02   0.8271703463697966E+00   0.1334252785890618E+00  -0.8757669946525204E-01   0.7311588739067963E-01   0.5792499232766920E-04   0.3553547917998600E-02   0.1900609562451796E+00
  0.2877500000000000E+02   0.8264882610880999E+00   0.1333721172910437E+00  -0.8795048698416230E-01   0.7311670879030870E-01   0.5802647099478410E-04   0.3572888015297298E-02   0.1902948238650260E+00
  0.2882500000000000E+02   0.8256847018525419E+00   0.1332662752361031E+00  -0.8839292698470236E-01   0.7309414285000108E-01   0.5810935914706468E-04   0.3594961061840309E-02   0.1905123564801336E+00
  0.2887500000000000E+02   0.8247649727196223E+00   0.1330882730827655E+00  -0.8890207956776741E-01   0.7303730482648194E-01   0.5816489172227577E-04   0.3619291371636940E-02   0.1906846063614004E+00
  0.2892500000000000E+02   0.8237383107222834E+00   0.1328203392618881E+00  -0.8947379189659199E-01   0.7293603307616368E-01   0.5818482047171572E-04   0.3645323299938367E-02   0.1907828228104583E+00
  0.2897500000000000E+02   0.8226170590844855E+00   0.1324473974402458E+00  -0.9010209358049548E-01   0.7278146070334045E-01   0.5816187576742212E-04   0.3672461543123167E-02   0.1907801050709726E+00
  0.2902500000000000E+02   0.8214155445076873E+00   0.1319576767432297E+00  -0.9077976989545078E-01   0.7256639941241527E-01   0.5809008280676248E-04   0.3700113467207319E-02   0.1906527253906656E+00
  0.2907500000000000E+02   0.8201488218485470E+00   0.1313428443575534E+00  -0.9149903058014808E-01   0.7228547287155122E-01   0.5796488012914092E-04   0.3727727255254314E-02   0.1903809103179724E+00
  0.2912500000000000E+02   0.8188314859082704E+00   0.1305976304636388E+00  -0.9225216818594861E-01   0.7193497240453404E-01   0.5778301619146828E-04   0.3754819680845220E-02   0.1899489327982140E+00
  0.2917500000000000E+02   0.8174767551992236E+00   0.1297189987548623E+00  -0.9303209204928475E-01   0.7151245243503768E-01   0.5754223534234208E-04   0.3780988404044174E-02   0.1893444686961124E+00
  0.2922499999999999E+02   0.8160960027766909E+00   0.1287049975368423E+00  -0.9383263499578931E-01   0.7101612930865382E-01   0.5724080196642225E-04   0.3805905762449751E-02   0.1885572949069393E+00
  0.2927500000000000E+02   0.8146988478145929E+00   0.1275534921592041E+00  -0.9464855924398896E-01   0.7044418687437604E-01   0.5687694437183726E-04   0.3829293805025237E-02   0.1875775323048173E+00
  0.2932500000000000E+02   0.8132938372337402E+00   0.1262610182554854E+00  -0.9547523181906470E-01   0.6979411879975682E-01   0.5644832264155600E-04   0.3850883386383320E-02   0.1863937445583498E+00
  0.2937500000000000E+02   0.8118896506350127E+00   0.1248220005280835E+00  -0.9630799243410548E-01   0.6906224658569966E-01   0.5595163338830923E-04   0.3870363084808871E-02   0.1849912756012514E+00
  0.2942499999999999E+02   0.8104966656935531E+00   0.1232285511068642E+00  -0.9714129199162214E-01   0.6824354132813033E-01   0.5538245702472412E-04   0.3887326154557352E-02   0.1833512311419380E+00
  0.2947500000000000E+02   0.8091286366020684E+00   0.1214709947741567E+00  -0.9796773116238278E-01   0.6733184552847950E-01   0.5473542876654320E-04   0.3901225336501921E-02   0.1814504733727765E+00
  0.2952500000000000E+02   0.8078041778105455E+00   0.1195391676251328E+00  -0.9877716868345210E-01   0.6632053886745438E-01   0.5400477299012891E-04   0.3911345784288749E-02   0.1792628953747246E+00
  0.2957500000000000E+02   0.8065477241955815E+00   0.1174244072053014E+00  -0.9955608925171244E-01   0.6520362112711675E-01   0.5318518335743008E-04   0.3916805233436031E-02   0.1767620685006377E+00
  0.2962500000000000E+02   0.8053896728216126E+00   0.1151220101408800E+00  -0.1002874111448074E+00   0.6397710311431951E-01   0.5227296355582384E-04   0.3916587511678172E-02   0.1739251182339409E+00
  0.2967500000000000E+02   0.8043655117547598E+00   0.1126338033803889E+00  -0.1009508656363073E+00   0.6264051600478215E-01   0.5126727646621381E-04   0.3909610491383215E-02   0.1707374079764173E+00
  0.2972500000000000E+02   0.8035139051245573E+00   0.1099703926974215E+00  -0.1015239925454396E+00   0.6119829120923029E-01   0.5017129967143760E-04   0.3894823113844792E-02   0.1671973503032946E+00
  0.2977500000000000E+02   0.8028739058821138E+00   0.1071526525734054E+00  -0.1019836800721525E+00   0.5966074902848913E-01   0.4899307112137681E-04   0.3871319416454737E-02   0.1633204996255304E+00
  0.2982500000000000E+02   0.8024816611526872E+00   0.1042121248031611E+00  -0.1023080579252451E+00   0.5804448047194506E-01   0.4774584381054581E-04   0.3838452416290918E-02   0.1591420879366584E+00
  0.2987500000000000E+02   0.8023671021805292E+00   0.1011901881762985E+00  -0.1024784649741101E+00   0.5637201127067080E-01   0.4644785217743920E-04   0.3795929112765528E-02   0.1547173885441388E+00
  0.2992500000000000E+02   0.8025511261647893E+00   0.9813610252586677E-01  -0.1024811867888445E+00   0.5467077741510178E-01   0.4512150750354040E-04   0.3743870800662015E-02   0.1501197025269268E+00
  0.2997500000000000E+02   0.8030436693020104E+00   0.9510424960982693E-01  -0.1023087070533726E+00   0.5297157851317234E-01   0.4379215314469083E-04   0.3682829874906513E-02   0.1454362531896733E+00
  0.3002500000000000E+02   0.8038428697961748E+00   0.9215102732721148E-01  -0.1019603269918565E+00   0.5130676856320569E-01   0.4248658952149583E-04   0.3613763401334231E-02   0.1407626967399976E+00
  0.3007500000000000E+02   0.8049352876479243E+00   0.8933186938492771E-01  -0.1014421446166432E+00   0.4970846832495586E-01   0.4123160205517173E-04   0.3537972215543869E-02   0.1361971842690189E+00
  0.3012500000000000E+02   0.8062969505914264E+00   0.8669876770734881E-01  -0.1007665101909417E+00   0.4820703893365798E-01   0.4005269136561907E-04   0.3457019864416472E-02   0.1318348869390279E+00
  0.3017500000000000E+02   0.8078948778946442E+00   0.8429851041340740E-01  -0.9995115496810858E-01   0.4682996421734226E-01   0.3897313097381236E-04   0.3372647243808451E-02   0.1277636599127241E+00
  0.3022500000000000E+02   0.8096887083391249E+00   0.8217166645417436E-01  -0.9901821548555101E-01   0.4560118077107284E-01   0.3801338900906058E-04   0.3286696673702212E-02   0.1240611703283942E+00
  0.3027500000000000E+02   0.8116321094224885E+00   0.8035219170630904E-01  -0.9799335251546637E-01   0.4454079796994335E-01   0.3719086996606830E-04   0.3201054719830939E-02   0.1207934613821776E+00
  0.3032500000000000E+02   0.8136737416219572E+00   0.7886742189653585E-01  -0.9690510971219302E-01   0.4366508035019533E-01   0.3651987358047108E-04   0.3117617864870391E-02   0.1180146473244300E+00
  0.3037500000000000E+02   0.8157576662361796E+00   0.7773815567324506E-01  -0.9578459008847995E-01   0.4298652446149527E-01   0.3601163270108424E-04   0.3038280295442835E-02   0.1157672625681843E+00
  0.3042500000000000E+02   0.8178232020225338E+00   0.7697850432661014E-01  -0.9466546016050470E-01   0.4251384484914134E-01   0.3567427554700969E-04   0.2964939069495294E-02   0.1140827102657481E+00
  0.3047500000000000E+02   0.8198043543924609E+00   0.7659517950215812E-01  -0.9358422404717048E-01   0.4225168048384905E-01   0.3551255288484770E-04   0.2899508603194965E-02   0.1129812394921523E+00
  0.3052500000000000E+02   0.8216290744328960E+00   0.7658590227070712E-01  -0.9258063672093919E-01   0.4219983910964575E-01   0.3552717375969967E-04   0.2843933228516691E-02   0.1124708959971161E+00
  0.3057500000000000E+02   0.8232187729999817E+00   0.7693666001256776E-01  -0.9169803593147896E-01   0.4235191767501439E-01   0.3571360885088745E-04   0.2800182940057018E-02   0.1125449310627199E+00
  0.3062500000000000E+02   0.8244887309522877E+00   0.7761765205474440E-01  -0.9098325671914409E-01   0.4269319164276555E-01   0.3606026488077753E-04   0.2770213173862974E-02   0.1131772441643638E+00
  0.3067500000000000E+02   0.8253502952580346E+00   0.7857802146797806E-01  -0.9048565463879976E-01   0.4319779114466411E-01   0.3654603821874970E-04   0.2755865329446047E-02   0.1143156537459706E+00
  0.3072500000000000E+02   0.8257159530629514E+00   0.7973995889476879E-01  -0.9025463938069667E-01   0.4382542761223114E-01   0.3713746419626799E-04   0.2758683362382264E-02   0.1158732637878874E+00
  0.3077500000000000E+02   0.8255083453115877E+00   0.8099354649813104E-01  -0.9033510120289956E-01   0.4451834219679864E-01   0.3778602758713075E-04   0.2779628369983906E-02   0.1177190745212121E+00
  0.3082500000000000E+02   0.8246737093249663E+00   0.8219470898975240E-01  -0.9076036065048820E-01   0.4519969512578451E-01   0.3842667285572739E-04   0.2818695311302923E-02   0.1196703544264950E+00
  0.3087500000000000E+02   0.8231987915454398E+00   0.8316947166572321E-01  -0.9154298184068455E-01   0.4577512749818277E-01   0.3897900251349431E-04   0.2874480588942812E-02   0.1214909464469620E+00
  0.3092500000000000E+02   0.8211278982009594E+00   0.8372759977996651E-01  -0.9266503804096071E-01   0.4613929986737704E-01   0.3935273315612588E-04   0.2943813436534178E-02   0.1229008536589195E+00
  0.3097500000000000E+02   0.8185741779311367E+00   0.8368664388859286E-01  -0.9407089865428686E-01   0.4618829650371119E-01   0.3945821659470106E-04   0.3021623636825939E-02   0.1236016918422154E+00
  0.3102500000000000E+02   0.8157182016429417E+00   0.8290314066710147E-01  -0.9566643599591818E-01   0.4583659391123034E-01   0.3922096911212028E-04   0.3101223516625647E-02   0.1233183836497832E+00
  0.3107500000000000E+02   0.8127894264975136E+00   0.8130268593360448E-01  -0.9732756394403097E-01   0.4503443479942675E-01   0.3859668861157562E-04   0.3175082874128484E-02   0.1218498268460497E+00
  0.3112500000000000E+02   0.8100325127134468E+00   0.7889810103621596E-01  -0.9891777892787401E-01   0.4377963474983525E-01   0.3758163639016344E-04   0.3235974961656088E-02   0.1191134832763984E+00
  0.3117500000000000E+02   0.8076677628204256E+00   0.7578788435038110E-01  -0.1003101844201051E+00   0.4211889644517763E-01   0.3621409513636439E-04   0.3278166960070496E-02   0.1151667255026034E+00
  0.3122500000000000E+02   0.8058583384000810E+00   0.7213496618644219E-01  -0.1014070021602661E+00   0.4013772996220678E-01   0.3456602551029558E-04   0.3298263662547230E-02   0.1101951441746237E+00
  0.3127500000000000E+02   0.8046937388568145E+00   0.6813383664505057E-01  -0.1021506835572458E+00   0.3794280142407097E-01   0.3272810829724025E-04   0.3295454623505003E-02   0.1044718315936405E+00
  0.3132500000000000E+02   0.8041914944778883E+00   0.6397743544106305E-01  -0.1025246976294050E+00   0.3564300614851059E-01   0.3079353855059240E-04   0.3271175637805062E-02   0.9830325323350611E-01
  0.3137500000000000E+02   0.8043121258286791E+00   0.5983265270243194E-01  -0.1025461983727556E+00   0.3333467003758000E-01   0.2884523539375944E-04   0.3228407568141659E-02   0.9197977246584964E-01
  0.3142500000000000E+02   0.8049796055478206E+00   0.5582777603822913E-01  -0.1022548241353367E+00   0.3109333112509271E-01   0.2694863241003888E-04   0.3170895250342584E-02   0.8574260854087311E-01
  0.3147500000000000E+02   0.8061007518464555E+00   0.5205042429401746E-01  -0.1017015474329772E+00   0.2897167647638463E-01   0.2514974337349147E-04   0.3102495863558375E-02   0.7976982767116260E-01
  0.3152500000000000E+02   0.8075799861498544E+00   0.4855224033509936E-01  -0.1009398929531009E+00   0.2700166538062547E-01   0.2347685072096859E-04   0.3026745923581228E-02   0.7417733988054560E-01
  0.3157500000000000E+02   0.8093286435104955E+00   0.4535659524684570E-01  -0.1000202131700459E+00   0.2519867440945958E-01   0.2194397231018965E-04   0.2946640312283980E-02   0.6902855120907793E-01
  0.3162500000000000E+02   0.8112696506522569E+00   0.4246664370697679E-01  -0.9898667645892911E-01   0.2356604647092160E-01   0.2055471484572113E-04   0.2864569656981505E-02   0.6434711785450656E-01
  0.3167500000000000E+02   0.8133389500215898E+00   0.3987230325398741E-01  -0.9787621602690444E-01   0.2209913094097990E-01   0.1930572035108997E-04   0.2782354355995840E-02   0.6012924003019024E-01
  0.3172500000000000E+02   0.8154849737885105E+00   0.3755565062508254E-01  -0.9671868514963688E-01   0.2078845759767763E-01   0.1818938816755606E-04   0.2701325407079006E-02   0.5635380534449529E-01
  0.3177500000000000E+02   0.8176671475475529E+00   0.3549475913844547E-01  -0.9553763413998695E-01   0.1962202103605222E-01   0.1719584367996374E-04   0.2622419113080962E-02   0.5298995088570731E-01
  0.3182500000000000E+02   0.8198540586925699E+00   0.3366623414987505E-01  -0.9435132193419360E-01   0.1858680687403862E-01   0.1631426043849250E-04   0.2546267277082276E-02   0.5000227167602617E-01
  0.3187500000000000E+02   0.8220216525988232E+00   0.3204675962800211E-01  -0.9317373652080629E-01   0.1766973505214177E-01   0.1553368246816137E-04   0.2473274518209904E-02   0.4735414998762968E-01
  0.3192500000000000E+02   0.8241516370669059E+00   0.3061394059750934E-01  -0.9201550924033008E-01   0.1685818475373738E-01   0.1484348600377217E-04   0.2403680264092190E-02   0.4500970290276483E-01
  0.3197499999999999E+02   0.8262301663466411E+00   0.2934666963998250E-01  -0.9088467534270361E-01   0.1614023482171810E-01   0.1423359467270257E-04   0.2337605999039708E-02   0.4293477343965755E-01
  0.3202500000000000E+02   0.8282468176744667E+00   0.2822518901801723E-01  -0.8978726989213492E-01   0.1550472108573586E-01   0.1369453495330773E-04   0.2275089602960592E-02   0.4109729542903252E-01
  0.3207500000000000E+02   0.8301938456297997E+00   0.2723097462379832E-01  -0.8872776589644715E-01   0.1494118530374531E-01   0.1321739622658457E-04   0.2216108935213151E-02   0.3946727711020877E-01
  0.3212500000000000E+02   0.8320656879337753E+00   0.2634653627969120E-01  -0.8770936926258077E-01   0.1443977137986985E-01   0.1279374369181227E-04   0.2160596733612723E-02   0.3801658407225161E-01
  0.3217500000000000E+02   0.8338586904359903E+00   0.2555520903451652E-01  -0.8673418893554030E-01   0.1399111229442093E-01   0.1241552218159109E-04   0.2108448725867893E-02   0.3671865851497010E-01
  0.3222500000000000E+02   0.8355710124744390E+00   0.2484099790528043E-01  -0.8580330426762339E-01   0.1358624354104667E-01   0.1207498259995866E-04   0.2059526754413689E-02   0.3554828331497922E-01
  0.3227500000000000E+02   0.8372026632150065E+00   0.2418852860352404E-01  -0.8491675733199788E-01   0.1321657280762805E-01   0.1176465770933964E-04   0.2013658753858836E-02   0.3448147786989318E-01
  0.3232500000000000E+02   0.8387556050034163E+00   0.2358314315843726E-01  -0.8407350566707150E-01   0.1287392782300338E-01   0.1147740735329716E-04   0.1970637557514093E-02   0.3349558894047280E-01
  0.3237499999999999E+02   0.8402338450752733E+00   0.2301115678514716E-01  -0.8327137879303148E-01   0.1255069180388989E-01   0.1120654229359017E-04   0.1930220621656186E-02   0.3256960555171691E-01
  0.3242500000000000E+02   0.8416434297105221E+00   0.2246025876581676E-01  -0.8250708572740528E-01   0.1224001756112944E-01   0.1094601951148572E-04   0.1892132653389621E-02   0.3168467863352257E-01
  0.3247499999999999E+02   0.8429922641999026E+00   0.2191999926925639E-01  -0.8177631569374322E-01   0.1193608901834064E-01   0.1069068174599876E-04   0.1856072619983043E-02   0.3082476781158402E-01
  0.3252500000000000E+02   0.8442897140319078E+00   0.2138226670365224E-01  -0.8107395684213015E-01   0.1163437844800466E-01   0.1043649535430648E-04   0.1821725623447728E-02   0.2997728392766858E-01
  0.3257500000000000E+02   0.8455459954291275E+00   0.2084164158006408E-01  -0.8039442913403760E-01   0.1133183738786956E-01   0.1018073071771439E-04   0.1788778780508160E-02   0.2913356751799521E-01
  0.3262500000000000E+02   0.8467714235852923E+00   0.2029552564934737E-01  -0.7973209467971565E-01   0.1102696591504179E-01   0.9922034773833099E-05   0.1756938931692146E-02   0.2828905886875984E-01
  0.3267500000000000E+02   0.8479756338025973E+00   0.1974399109113143E-01  -0.7908168309558583E-01   0.1071972982223826E-01   0.9660367054952114E-05   0.1725949202875980E-02   0.2744307799573396E-01
  0.3272499999999999E+02   0.8491669052335098E+00   0.1918936075991875E-01  -0.7843866126434629E-01   0.1041133126648184E-01   0.9396802791899246E-05   0.1695601514242065E-02   0.2659822564096528E-01
  0.3277500000000001E+02   0.8503516925658205E+00   0.1863559364832317E-01  -0.7779948990732288E-01   0.1010387298877680E-01   0.9133237915399941E-05   0.1665743082719000E-02   0.2575950662565337E-01
  0.3282500000000000E+02   0.8515344177951498E+00   0.1808758766632955E-01  -0.7716173825185801E-01   0.9799977101115232E-02   0.8872050148388630E-05   0.1636276426416255E-02   0.2493333273153312E-01
  0.3287500000000000E+02   0.8527175133066603E+00   0.1755051442641970E-01  -0.7652406132440703E-01   0.9502421065561192E-02   0.8615772532089744E-05   0.1607153802327313E-02   0.2412656818894716E-01
  0.3292500000000000E+02   0.8539016597988149E+00   0.1702927317300980E-01  -0.7588607054086061E-01   0.9213838591837159E-02   0.8366822890822475E-05   0.1578367937603881E-02   0.2334574319081913E-01
  0.3297500000000000E+02   0.8550861396689587E+00   0.1652810856399970E-01  -0.7524814091518395E-01   0.8936510049494141E-02   0.8127312231102364E-05   0.1549941176496337E-02   0.2259650091686020E-01
  0.3302500000000000E+02   0.8562692280679702E+00   0.1605039601986202E-01  -0.7461119744525813E-01   0.8672244561178679E-02   0.7898934912447751E-05   0.1521914867552970E-02   0.2188328478042455E-01
  0.3307500000000000E+02   0.8574485616632537E+00   0.1559856940208573E-01  -0.7397651354015833E-01   0.8422340054094394E-02   0.7682928956742397E-05   0.1494340217259184E-02   0.2120923060775339E-01
  0.3312499999999999E+02   0.8586214489501942E+00   0.1517415190189456E-01  -0.7334554134657056E-01   0.8187599897779009E-02   0.7480087723606132E-05   0.1467271195254512E-02   0.2057620799590605E-01
  0.3317500000000000E+02   0.8597851078123293E+00   0.1477784968319367E-01  -0.7271978185896155E-01   0.7968383986892071E-02   0.7290803239452320E-05   0.1440759560729705E-02   0.1998495278415348E-01
  0.3322500000000000E+02   0.8609368319437374E+00   0.1440967419831886E-01  -0.7210069397003893E-01   0.7764675598245132E-02   0.7115124403857980E-05   0.1414851752022679E-02   0.1943524153276606E-01
  0.3327500000000000E+02   0.8620740970119454E+00   0.1406906859181307E-01  -0.7148963653116902E-01   0.7576150544648905E-02   0.6952817856953801E-05   0.1389587228574990E-02   0.1892607249086661E-01
  0.3332500000000000E+02   0.8631946212416641E+00   0.1375502307213906E-01  -0.7088783540222110E-01   0.7402240330204766E-02   0.6803423905700353E-05   0.1364997828107394E-02   0.1845583114203481E-01
  0.3337500000000000E+02   0.8642963952308256E+00   0.1346617196231953E-01  -0.7029636739510303E-01   0.7242185299733226E-02   0.6666303762490759E-05   0.1341107749719903E-02   0.1802242968004660E-01
  0.3342500000000000E+02   0.8653776938912056E+00   0.1320087087748259E-01  -0.6971615406499676E-01   0.7095076913979275E-02   0.6540677198985646E-05   0.1317933854561609E-02   0.1762341799424785E-01
  0.3347499999999999E+02   0.8664370805805446E+00   0.1295725628823643E-01  -0.6914795984838873E-01   0.6959890363524387E-02   0.6425651630037196E-05   0.1295486063902280E-02   0.1725606917035052E-01
  0.3352500000000001E+02   0.8674734104231487E+00   0.1273329200648985E-01  -0.6859239072264611E-01   0.6835509974182601E-02   0.6320244802327381E-05   0.1273767716845761E-02   0.1691744571436286E-01
  0.3357500000000000E+02   0.8684858368101616E+00   0.1252680824813376E-01  -0.6804989119753269E-01   0.6720750461755079E-02   0.6223403849723145E-05   0.1252775821852035E-02   0.1660445424477718E-01
  0.3362500000000000E+02   0.8694738222467757E+00   0.1233553913145712E-01  -0.6752073897992228E-01   0.6614377202321239E-02   0.6134023611524382E-05   0.1232501196973371E-02   0.1631389665555841E-01
  0.3367499999999999E+02   0.8704371521419225E+00   0.1215716387097095E-01  -0.6700503804176028E-01   0.6515128359029178E-02   0.6050966842663716E-05   0.1212928543271895E-02   0.1604252492013588E-01
  0.3372500000000000E+02   0.8713759479418032E+00   0.1198935555088919E-01  -0.6650271200242353E-01   0.6421740965422236E-02   0.5973088287097510E-05   0.1194036533018259E-02   0.1578710485204616E-01
  0.3377500000000000E+02   0.8722906744186794E+00   0.1182983924997281E-01  -0.6601350059070787E-01   0.6332981931459769E-02   0.5899263552570519E-05   0.1175798015842658E-02   0.1554449133082778E-01
  0.3382500000000000E+02   0.8731821352472813E+00   0.1167645859569038E-01  -0.6553696231667705E-01   0.6247683495667259E-02   0.5828422389688876E-05   0.1158180447770077E-02   0.1531171395365774E-01
  0.3387500000000000E+02   0.8740514515265826E+00   0.1152724690157776E-01  -0.6507248620420802E-01   0.6164781082747957E-02   0.5759584511680284E-05   0.1141146626645580E-02   0.1508606824147972E-01
  0.3392500000000000E+02   0.8749000197708415E+00   0.1138049643921381E-01  -0.6461931443946078E-01   0.6083350134813775E-02   0.5691894767053499E-05   0.1124655772976404E-02   0.1486520412697558E-01
  0.3397500000000000E+02   0.8757294489365702E+00   0.1123481776952412E-01  -0.6417657616679329E-01   0.6002637614853352E-02   0.5624653624723931E-05   0.1108664933522005E-02   0.1464720132571350E-01
  0.3402500000000000E+02   0.8765414797408826E+00   0.1108918096735917E-01  -0.6374333069515969E-01   0.5922083831772733E-02   0.5557338837472114E-05   0.1093130617996706E-02   0.1443062106492761E-01
  0.3407500000000000E+02   0.8773378930400625E+00   0.1094293225593389E-01  -0.6331861650320048E-01   0.5841331133902735E-02   0.5489614945120547E-05   0.1078010522797291E-02   0.1421452582338140E-01
  0.3412500000000000E+02   0.8781204164870462E+00   0.1079578278393046E-01  -0.6290150112413895E-01   0.5760217734251538E-02   0.5421328856124636E-05   0.1063265164713871E-02   0.1399846290912350E-01
  0.3417500000000000E+02   0.8788906394161285E+00   0.1064777032558968E-01  -0.6249112660293799E-01   0.5678757091123574E-02   0.5352491763337062E-05   0.1048859251027514E-02   0.1378241295738234E-01
  0.3422499999999999E+02   0.8796499447276731E+00   0.1049919860411918E-01  -0.6208674584688578E-01   0.5597105360025750E-02   0.5283249629353118E-05   0.1034762649594267E-02   0.1356670952102558E-01
  0.3427500000000000E+02   0.8803994638167277E+00   0.1035056183392430E-01  -0.6168774664913235E-01   0.5515520977670670E-02   0.5213845964990262E-05   0.1020950883402953E-02   0.1335193968149395E-01
  0.3432500000000000E+02   0.8811400570525599E+00   0.1020246340031273E-01  -0.6129366205460485E-01   0.5434321143843291E-02   0.5144581336624726E-05   0.1007405142969939E-02   0.1313883731391494E-01
  0.3437500000000000E+02   0.8818723188313859E+00   0.1005553728393746E-01  -0.6090416759950834E-01   0.5353839798348249E-02   0.5075773930888844E-05   0.9941118710201254E-03   0.1292818021294751E-01
  0.3442500000000000E+02   0.8825966034851216E+00   0.9910379254762028E-02  -0.6051906741867319E-01   0.5274390842362375E-02   0.5007724750924816E-05   0.9810620161892841E-03   0.1272070019946512E-01
  0.3447500000000000E+02   0.8833130666897778E+00   0.9767492600041949E-02  -0.6013827208944511E-01   0.5196239143472977E-02   0.4940689909218825E-05   0.9682500720083349E-03   0.1251701235800563E-01
  0.3452500000000000E+02   0.8840217164770273E+00   0.9627250807864387E-02  -0.5976177136714556E-01   0.5119580609832686E-02   0.4874861316137720E-05   0.9556730166776280E-03   0.1231756648049697E-01
  0.3457500000000000E+02   0.8847224682561303E+00   0.9489877631664326E-02  -0.5938960480191380E-01   0.5044531551060427E-02   0.4810356059239337E-05   0.9433292545161955E-03   0.1212262117679964E-01
  0.3462500000000001E+02   0.8854151990423039E+00   0.9355443509568129E-02  -0.5902183280182083E-01   0.4971126767704155E-02   0.4747214029959090E-05   0.9312176388228994E-03   0.1193223921772226E-01
  0.3467500000000000E+02   0.8860997970343201E+00   0.9223876396110459E-02  -0.5865851019784785E-01   0.4899325322444409E-02   0.4685402880816740E-05   0.9193366341870737E-03   0.1174630149072267E-01
  0.3472500000000000E+02   0.8867762035736426E+00   0.9094984543850597E-02  -0.5829966388792507E-01   0.4829022670524019E-02   0.4624829120702583E-05   0.9076836574909832E-03   0.1156453629145051E-01
  0.3477499999999999E+02   0.8874444452702793E+00   0.8968488469762418E-02  -0.5794527573262098E-01   0.4760067668434585E-02   0.4565353989239269E-05   0.8962546218357439E-03   0.1138656031123200E-01
  0.3482500000000000E+02   0.8881046547303099E+00   0.8844059111589806E-02  -0.5759527152673949E-01   0.4692282861270016E-02   0.4506812620945812E-05   0.8850436953819666E-03   0.1121192742079278E-01
  0.3487500000000000E+02   0.8887570789635679E+00   0.8721358958236350E-02  -0.5724951652761900E-01   0.4625486335532520E-02   0.4449034882993223E-05   0.8740432757464380E-03   0.1104018110585800E-01
  0.3492500000000000E+02   0.8894020752878777E+00   0.8600082753653839E-02  -0.5690781762879449E-01   0.4559513329879776E-02   0.4391866160611627E-05   0.8632441684492186E-03   0.1087090621137172E-01
  0.3497499999999999E+02   0.8900400954285214E+00   0.8479994326562150E-02  -0.5656993180007319E-01   0.4494235774540267E-02   0.4335186323276516E-05   0.8526359443063423E-03   0.1070377562252295E-01
  0.3502500000000000E+02   0.8906716595024146E+00   0.8360956317473729E-02  -0.5623557989077232E-01   0.4429578048993446E-02   0.4278925199448242E-05   0.8422074364243163E-03   0.1053858781356061E-01
  0.3507500000000000E+02   0.8912973225495672E+00   0.8242950157987062E-02  -0.5590446437850649E-01   0.4365527558903648E-02   0.4223073170000596E-05   0.8319473247375771E-03   0.1037529195250516E-01
  0.3512499999999999E+02   0.8919176370440297E+00   0.8126084619218470E-02  -0.5557628923977675E-01   0.4302139244617915E-02   0.4167685970381585E-05   0.8218447477022308E-03   0.1021399847864597E-01
  0.3517500000000000E+02   0.8925331151965181E+00   0.8010592489365401E-02  -0.5525077991918814E-01   0.4239533793253722E-02   0.4112883421764191E-05   0.8118898793609070E-03   0.1005497464726980E-01
  0.3522500000000000E+02   0.8931441947318796E+00   0.7896816269150741E-02  -0.5492770144449288E-01   0.4177890030858277E-02   0.4058842493312379E-05   0.8020744167314974E-03   0.9898626215552157E-02
  0.3527500000000000E+02   0.8937512111831075E+00   0.7785184946122060E-02  -0.5460687307646606E-01   0.4117432592014045E-02   0.4005785707001222E-05   0.7923919366130838E-03   0.9745467919678875E-02
  0.3532500000000000E+02   0.8943543787118537E+00   0.7676184708087577E-02  -0.5428817843096401E-01   0.4058416387008875E-02   0.3953966320399913E-05   0.7828380998480030E-03   0.9596086393811439E-02
  0.3537500000000000E+02   0.8949537802568308E+00   0.7570326756292832E-02  -0.5397157065211888E-01   0.4001109544620783E-02   0.3903651893681302E-05   0.7734107011065364E-03   0.9451099548786515E-02
  0.3542500000000000E+02   0.8955493666671114E+00   0.7468115176566575E-02  -0.5365707282269527E-01   0.3945776399915633E-02   0.3855107759478588E-05   0.7641095796163333E-03   0.9311116159635164E-02
  0.3547500000000000E+02   0.8961409635983023E+00   0.7370017230395179E-02  -0.5334477426360307E-01   0.3892661779087572E-02   0.3808581621010183E-05   0.7549364181735009E-03   0.9176698645401852E-02
  0.3552500000000000E+02   0.8967282844510746E+00   0.7276437616270782E-02  -0.5303482363846523E-01   0.3841977402077542E-02   0.3764290095132548E-05   0.7458944630385866E-03   0.9048330989270227E-02
  0.3557500000000000E+02   0.8973109475295066E+00   0.7187697417796244E-02  -0.5272741983272633E-01   0.3793890780902265E-02   0.3722407591575486E-05   0.7369881963192064E-03   0.8926392686171084E-02
  0.3562500000000000E+02   0.8978884958245176E+00   0.7104017759758764E-02  -0.5242280145552936E-01   0.3748516622535301E-02   0.3683057561138145E-05   0.7282229867225056E-03   0.8811138721680579E-02
  0.3567500000000000E+02   0.8984604182691096E+00   0.7025507739129921E-02  -0.5212123557821324E-01   0.3705910503974384E-02   0.3646305908393699E-05   0.7196047362448134E-03   0.8702685008333511E-02
  0.3572500000000000E+02   0.8990261718356333E+00   0.6952156024301765E-02  -0.5182300604554213E-01   0.3666064494618863E-02   0.3612156270737111E-05   0.7111395315891044E-03   0.8600998481856137E-02
  0.3577500000000000E+02   0.8995852043288194E+00   0.6883825609775171E-02  -0.5152840143927984E-01   0.3628904450181318E-02   0.3580546910472333E-05   0.7028333016624129E-03   0.8505891172179239E-02
  0.3582500000000000E+02   0.9001369780719686E+00   0.6820251524367962E-02  -0.5123770259120131E-01   0.3594288866133811E-02   0.3551349125412749E-05   0.6946914777225629E-03   0.8417017947474148E-02
  0.3587499999999999E+02   0.9006809948129919E+00   0.6761041742724038E-02  -0.5095116947331024E-01   0.3562009416824153E-02   0.3524367317851457E-05   0.6867186514551455E-03   0.8333878187857394E-02
  0.3592500000000000E+02   0.9012168220433103E+00   0.6705682046728530E-02  -0.5066902736236423E-01   0.3531793568315463E-02   0.3499341122660770E-05   0.6789182288610905E-03   0.8255822259574549E-02
  0.3597499999999999E+02   0.9017441205068955E+00   0.6653546011035469E-02  -0.5039145239367182E-01   0.3503309878479410E-02   0.3475950223277469E-05   0.6712920842545375E-03   0.8182064189555189E-02
  0.3602500000000000E+02   0.9022626720006498E+00   0.6603911514491220E-02  -0.5011855697396339E-01   0.3476176718145553E-02   0.3453822610597506E-05   0.6638402282570916E-03   0.8111702224366461E-02
  0.3607500000000000E+02   0.9027724057104993E+00   0.6555985070688060E-02  -0.4985037597301245E-01   0.3449975090713632E-02   0.3432546991788370E-05   0.6565605150006226E-03   0.8043748831259962E-02
  0.3612500000000000E+02   0.9032734204437001E+00   0.6508934712211121E-02  -0.4958685507780769E-01   0.3424265934760398E-02   0.3411689771700947E-05   0.6494484244660144E-03   0.7977171023981183E-02
  0.3617500000000000E+02   0.9037659994358023E+00   0.6461931107750968E-02  -0.4932784305126292E-01   0.3398611740398017E-02   0.3390816481300424E-05   0.6424969628038660E-03   0.7910940616066323E-02
  0.3622499999999999E+02   0.9042506142045506E+00   0.6414195113715001E-02  -0.4907308974576707E-01   0.3372601534643787E-02   0.3369516750880715E-05   0.6356967230984933E-03   0.7844092210379227E-02
  0.3627500000000000E+02   0.9047279144413417E+00   0.6365048297098073E-02  -0.4882225144979757E-01   0.3345877417128273E-02   0.3347431041066123E-05   0.6290361385489011E-03   0.7775784711153229E-02
  0.3632500000000000E+02   0.9051987022942163E+00   0.6313961501447400E-02  -0.4857490442999679E-01   0.3318160058446155E-02   0.3324276554099902E-05   0.6225019387013441E-03   0.7705360364752237E-02
  0.3637500000000000E+02   0.9056638914977851E+00   0.6260595722725637E-02  -0.4833056642765354E-01   0.3289270150888850E-02   0.3299869295445142E-05   0.6160797896292090E-03   0.7632394357524161E-02
  0.3642500000000000E+02   0.9061244542690852E+00   0.6204829801677183E-02  -0.4808872457476032E-01   0.3259142927425326E-02   0.3274139349221818E-05   0.6097550666911729E-03   0.7556728292707225E-02
  0.3647500000000000E+02   0.9065813611326803E+00   0.6146770866127139E-02  -0.4784886701610092E-01   0.3227833614430557E-02   0.3247137153302258E-05   0.6035136817881737E-03   0.7478482607714308E-02
  0.3652500000000000E+02   0.9070355202489554E+00   0.6086745862057266E-02  -0.4761051478297351E-01   0.3195512947452504E-02   0.3219029809431533E-05   0.5973428736273400E-03   0.7398045925658133E-02
  0.3657500000000000E+02   0.9074877229713724E+00   0.6025275359973756E-02  -0.4737325038464035E-01   0.3162453375577880E-02   0.3190087963477928E-05   0.5912318738760280E-03   0.7316042807808644E-02
  0.3662499999999999E+02   0.9079386011863003E+00   0.5963033414310860E-02  -0.4713674019983394E-01   0.3129007941580949E-02   0.3160665173219788E-05   0.5851723835734102E-03   0.7233284534674229E-02
  0.3667500000000000E+02   0.9083885998187617E+00   0.5900798969906894E-02  -0.4690074889151064E-01   0.3095584726902287E-02   0.3131172615228524E-05   0.5791588270353831E-03   0.7150709637026081E-02
  0.3672499999999999E+02   0.9088379653094077E+00   0.5839404820368312E-02  -0.4666514542329525E-01   0.3062620018734706E-02   0.3102052285963223E-05   0.5731883861199010E-03   0.7069321519666958E-02
  0.3677500000000000E+02   0.9092867485176364E+00   0.5779689466278986E-02  -0.4642990149166892E-01   0.3030553010900903E-02   0.3073751536504717E-05   0.5672608477095407E-03   0.6990129715425014E-02
  0.3682500000000000E+02   0.9097348188565918E+00   0.5722455735547595E-02  -0.4619508405489781E-01   0.2999804068884124E-02   0.3046701017837344E-05   0.5613783160453427E-03   0.6914099488485737E-02
  0.3687500000000000E+02   0.9101818857197185E+00   0.5668438191475170E-02  -0.4596084403176814E-01   0.2970757623528777E-02   0.3021297153710048E-05   0.5555448474832648E-03   0.6842112259061838E-02
  0.3692500000000000E+02   0.9106275233546758E+00   0.5618279612437803E-02  -0.4572740319245838E-01   0.2943749842148565E-02   0.2997889337230409E-05   0.5497660601612613E-03   0.6774937191444815E-02
  0.3697499999999999E+02   0.9110711960468511E+00   0.5572515482970028E-02  -0.4549504089231382E-01   0.2919060519171877E-02   0.2976771328408380E-05   0.5440487587456815E-03   0.6713212644903818E-02
  0.3702500000000001E+02   0.9115122815037638E+00   0.5531564617719946E-02  -0.4526408175827290E-01   0.2896908198398494E-02   0.2958175884560973E-05   0.5384005990097021E-03   0.6657435188163633E-02
  0.3707500000000000E+02   0.9119500914298828E+00   0.5495723733533468E-02  -0.4503488486055329E-01   0.2877447378133267E-02   0.2942271480159231E-05   0.5328298018398630E-03   0.6607953505591208E-02
  0.3712500000000000E+02   0.9123838892739756E+00   0.5465163895944518E-02  -0.4480783438088320E-01   0.2860766708865446E-02   0.2929160019825259E-05   0.5273449134800411E-03   0.6564964659304519E-02
  0.3717500000000000E+02   0.9128129059244721E+00   0.5439927176586658E-02  -0.4458333137221238E-01   0.2846887308549748E-02   0.2918874656992300E-05   0.5219545993593406E-03   0.6528510670251905E-02
  0.3722500000000000E+02   0.9132363546871556E+00   0.5419922464467764E-02  -0.4436178591186768E-01   0.2835760638579863E-02   0.2911377147603620E-05   0.5166674528952523E-03   0.6498474115390387E-02
  0.3727500000000000E+02   0.9136534471955204E+00   0.5404920102903044E-02  -0.4414360878465207E-01   0.2827265765326327E-02   0.2906554554570110E-05   0.5114917980759897E-03   0.6474572316136780E-02
  0.3732500000000000E+02   0.9140634119690457E+00   0.5394545825005322E-02  -0.4392920179844539E-01   0.2821206251227886E-02   0.2904215548223592E-05   0.5064354652909255E-03   0.6456350653662657E-02
  0.3737500000000000E+02   0.9144655171245379E+00   0.5388275288483462E-02  -0.4371894594462766E-01   0.2817307352076569E-02   0.2904086996672199E-05   0.5015055238822004E-03   0.6443176534836902E-02
  0.3742500000000000E+02   0.9148590982212765E+00   0.5385431299360251E-02  -0.4351318688934769E-01   0.2815214609099494E-02   0.2905811972649250E-05   0.4967079624901356E-03   0.6434236471449041E-02
  0.3747500000000000E+02   0.9152435913451469E+00   0.5385186455213051E-02  -0.4331221773835203E-01   0.2814495259091872E-02   0.2908950661338955E-05   0.4920473196450514E-03   0.6428539497354211E-02
  0.3752500000000000E+02   0.9156185703113929E+00   0.5386574268870294E-02  -0.4311625965712584E-01   0.2814644058503991E-02   0.2912985848044148E-05   0.4875262819032226E-03   0.6424930542588476E-02
  0.3757500000000000E+02   0.9159837853762952E+00   0.5388511650125188E-02  -0.4292544170462875E-01   0.2815095022336908E-02   0.2917334583667217E-05   0.4831452837970920E-03   0.6422117171781288E-02
  0.3762500000000000E+02   0.9163391993096384E+00   0.5389834731875339E-02  -0.4273978204119311E-01   0.2815240114839535E-02   0.2921367161184410E-05   0.4789021601863685E-03   0.6418712047534604E-02
  0.3767500000000000E+02   0.9166850154488382E+00   0.5389348329299797E-02  -0.4255917331354797E-01   0.2814455044679607E-02   0.2924433628857617E-05   0.4747919130134317E-03   0.6413291480065441E-02
  0.3772499999999999E+02   0.9170216918831661E+00   0.5385886916891926E-02  -0.4238337526738245E-01   0.2812131064660535E-02   0.2925896764337161E-05   0.4708066559870622E-03   0.6404467588615834E-02
  0.3777500000000001E+02   0.9173499366225023E+00   0.5378382275431816E-02  -0.4221201727138080E-01   0.2807710251338439E-02   0.2925168937354879E-05   0.4669357881593505E-03   0.6390968369855214E-02
  0.3782500000000000E+02   0.9176706806931231E+00   0.5365930540740686E-02  -0.4204461234965950E-01   0.2800720477131073E-02   0.2921748943524141E-05   0.4631664194484890E-03   0.6371717098853462E-02
  0.3787500000000000E+02   0.9179850293861211E+00   0.5347850038443311E-02  -0.4188058260886751E-01   0.2790805582985154E-02   0.2915254114039192E-05   0.4594840312933882E-03   0.6345900877581517E-02
  0.3792500000000000E+02   0.9182941957234477E+00   0.5323721629104360E-02  -0.4171929394425222E-01   0.2777746434558108E-02   0.2905443139440488E-05   0.4558733121441814E-03   0.6313018525750703E-02
  0.3797500000000000E+02   0.9185994236433289E+00   0.5293405502485659E-02  -0.4156009611545397E-01   0.2761469697281773E-02   0.2892226204965822E-05   0.4523190717065500E-03   0.6272900607589147E-02
  0.3802500000000000E+02   0.9189019104746925E+00   0.5257032050019411E-02  -0.4140236320185220E-01   0.2742043088891103E-02   0.2875661017027200E-05   0.4488071202070308E-03   0.6225698743475957E-02
  0.3807500000000000E+02   0.9192027383645840E+00   0.5214968710352527E-02  -0.4124552939518100E-01   0.2719658092995762E-02   0.2855935623143825E-05   0.4453250048991423E-03   0.6171846407087541E-02
  0.3812500000000000E+02   0.9195028224427043E+00   0.5167768432398833E-02  -0.4108911606529653E-01   0.2694603074685055E-02   0.2833340996706827E-05   0.4418625238041209E-03   0.6111997864191553E-02
  0.3817500000000000E+02   0.9198028802449312E+00   0.5116107748543396E-02  -0.4093274773561351E-01   0.2667230966579305E-02   0.2808237682708425E-05   0.4384119780223872E-03   0.6046954713845615E-02
  0.3822500000000000E+02   0.9201034232020178E+00   0.5060723009285980E-02  -0.4077615654346134E-01   0.2637925987666129E-02   0.2781021156423509E-05   0.4349681675432138E-03   0.5977590177444496E-02
  0.3827500000000000E+02   0.9204047677386483E+00   0.5002352267618639E-02  -0.4061917646334889E-01   0.2607073304414206E-02   0.2752090012662625E-05   0.4315281711506968E-03   0.5904780036810531E-02
  0.3832500000000000E+02   0.9207070613222975E+00   0.4941688178236447E-02  -0.4046172972379736E-01   0.2575034436518089E-02   0.2721819976095209E-05   0.4280909727868730E-03   0.5829346610925604E-02
  0.3837500000000000E+02   0.9210103178354445E+00   0.4879344780065711E-02  -0.4030380835396319E-01   0.2542129906599312E-02   0.2690545374955327E-05   0.4246570035971996E-03   0.5752019196925077E-02
  0.3842500000000000E+02   0.9213144567534799E+00   0.4815838735504460E-02  -0.4014545374045331E-01   0.2508629434673869E-02   0.2658548466842716E-05   0.4212276637084673E-03   0.5673411670176885E-02
  0.3847499999999999E+02   0.9216193414408971E+00   0.4751583845218469E-02  -0.3998673664171959E-01   0.2474749061589351E-02   0.2626056036002006E-05   0.4178048752181884E-03   0.5594015847299087E-02
  0.3852500000000000E+02   0.9219248130529617E+00   0.4686896542009685E-02  -0.3982773949414509E-01   0.2440654002824687E-02   0.2593242055422302E-05   0.4143907024373578E-03   0.5514207885459048E-02
  0.3857500000000000E+02   0.9222307177558586E+00   0.4622009521151731E-02  -0.3966854220365235E-01   0.2406465748689395E-02   0.2560234890286448E-05   0.4109870604122332E-03   0.5434264339967848E-02
  0.3862500000000000E+02   0.9225369260837529E+00   0.4557090541727383E-02  -0.3950921203920732E-01   0.2372271862910050E-02   0.2527127434698054E-05   0.4075955199133248E-03   0.5354384356974827E-02
  0.3867500000000000E+02   0.9228433441706664E+00   0.4492263586718167E-02  -0.3934979776437209E-01   0.2338137011923673E-02   0.2493988642223344E-05   0.4042172069436142E-03   0.5274714663276859E-02
  0.3872500000000000E+02   0.9231499173279124E+00   0.4427629890781746E-02  -0.3919032776054265E-01   0.2304113925321867E-02   0.2460875074155932E-05   0.4008527872041331E-03   0.5195374401023144E-02
  0.3877500000000000E+02   0.9234566270057601E+00   0.4363286772400559E-02  -0.3903081159934951E-01   0.2270253211584450E-02   0.2427841314298472E-05   0.3975025204796544E-03   0.5116477366958615E-02
  0.3882500000000000E+02   0.9237634825957463E+00   0.4299342712514856E-02  -0.3887124430413402E-01   0.2236611217298401E-02   0.2394948369936821E-05   0.3941663662990521E-03   0.5038149818291590E-02
  0.3887500000000001E+02   0.9240705097944834E+00   0.4235927685915484E-02  -0.3871161240297083E-01   0.2203255412511640E-02   0.2362269485431573E-05   0.3908441204218591E-03   0.4960542677111727E-02
  0.3892500000000000E+02   0.9243777373456589E+00   0.4173198346174548E-02  -0.3855190082619542E-01   0.2170267094896062E-02   0.2329893121972123E-05   0.3875355617682068E-03   0.4883837668752196E-02
  0.3897500000000000E+02   0.9246851838920803E+00   0.4111338243373930E-02  -0.3839209974603974E-01   0.2137741506849168E-02   0.2297923178794229E-05   0.3842405913619369E-03   0.4808247612050017E-02
  0.3902499999999999E+02   0.9249928464113550E+00   0.4050553756538248E-02  -0.3823221059090376E-01   0.2105785721430160E-02   0.2266476813942164E-05   0.3809593485028600E-03   0.4734011671003636E-02
  0.3907500000000000E+02   0.9253006913125783E+00   0.3991066790613372E-02  -0.3807225067346232E-01   0.2074514844492004E-02   0.2235680432923179E-05   0.3776922942464131E-03   0.4661386809014111E-02
  0.3912500000000000E+02   0.9256086487985635E+00   0.3933105480399760E-02  -0.3791225611826898E-01   0.2044047180421859E-02   0.2205664527602050E-05   0.3744402576350749E-03   0.4590636911406234E-02
  0.3917500000000000E+02   0.9259166106231423E+00   0.3876894151152386E-02  -0.3775228302197908E-01   0.2014499012441377E-02   0.2176558058649601E-05   0.3712044451986777E-03   0.4522021048135478E-02
  0.3922500000000000E+02   0.9262244309658968E+00   0.3822643631260709E-02  -0.3759240699133071E-01   0.1985979567820323E-02   0.2148482994847349E-05   0.3679864183257582E-03   0.4455782164804180E-02
  0.3927500000000000E+02   0.9265319298571737E+00   0.3770542746303298E-02  -0.3743272135468800E-01   0.1958586599582860E-02   0.2121549478521850E-05   0.3647880457654830E-03   0.4392137175251228E-02
  0.3932500000000000E+02   0.9268388984355066E+00   0.3720751507687962E-02  -0.3727333442129732E-01   0.1932402851567110E-02   0.2095851912492341E-05   0.3616114396297614E-03   0.4331269056005633E-02
  0.3937499999999999E+02   0.9271451053003789E+00   0.3673396201848303E-02  -0.3711436617224184E-01   0.1907493513661355E-02   0.2071466093064790E-05   0.3584588830004801E-03   0.4273321181014512E-02
  0.3942500000000000E+02   0.9274503033073298E+00   0.3628566331968890E-02  -0.3695594472317665E-01   0.1883904641790179E-02   0.2048447370983079E-05   0.3553327559771988E-03   0.4218393836379342E-02
  0.3947500000000000E+02   0.9277542363010320E+00   0.3586313188226748E-02  -0.3679820282143420E-01   0.1861662425637008E-02   0.2026829722254989E-05   0.3522354651720180E-03   0.4166542648287994E-02
  0.3952500000000000E+02   0.9280566454560411E+00   0.3546649730385808E-02  -0.3664127454940702E-01   0.1840773139168345E-02   0.2006625557240983E-05   0.3491693796904597E-03   0.4117778549508815E-02
  0.3957500000000000E+02   0.9283572750618941E+00   0.3509551449669948E-02  -0.3648529231915909E-01   0.1821223600269353E-02   0.1987826085017643E-05   0.3461367748558547E-03   0.4072068890379192E-02
  0.3962500000000000E+02   0.9286558777263603E+00   0.3474957918065123E-02  -0.3633038417183310E-01   0.1802981987285540E-02   0.1970402071591577E-05   0.3431397835491710E-03   0.4029339348888787E-02
  0.3967500000000000E+02   0.9289522190650620E+00   0.3442774812225941E-02  -0.3617667134627955E-01   0.1785998901393500E-02   0.1954304873864454E-05   0.3401803541459594E-03   0.3989476387230042E-02
  0.3972500000000000E+02   0.9292460819927647E+00   0.3412876296033180E-02  -0.3602426605681508E-01   0.1770208614107256E-02   0.1939467685225529E-05   0.3372602136510266E-03   0.3952330115617199E-02
  0.3977500000000000E+02   0.9295372707326721E+00   0.3385107742804106E-02  -0.3587326941943358E-01   0.1755530489630602E-02   0.1925806983271068E-05   0.3343808347162324E-03   0.3917717537489073E-02
  0.3982500000000000E+02   0.9298256146206034E+00   0.3359288860116201E-02  -0.3572376948623246E-01   0.1741870614360352E-02   0.1913224216821368E-05   0.3315434056957438E-03   0.3885426245881587E-02
  0.3987500000000000E+02   0.9301109717096427E+00   0.3335217334668223E-02  -0.3557583938476927E-01   0.1729123694153723E-02   0.1901607800894508E-05   0.3287488036398746E-03   0.3855218704360956E-02
  0.3992500000000000E+02   0.9303932320894868E+00   0.3312673131695024E-02  -0.3542953560641326E-01   0.1717175288887609E-02   0.1890835498780746E-05   0.3259975710231550E-03   0.3826837266143615E-02
  0.3997500000000000E+02   0.9306723207380617E+00   0.3291423556610517E-02  -0.3528489653783273E-01   0.1705904439973140E-02   0.1880777255842929E-05   0.3232898978932826E-03   0.3800010054465461E-02
  0.4002500000000000E+02   0.9309481996387438E+00   0.3271229113992941E-02  -0.3514194137338422E-01   0.1695186708938943E-02   0.1871298508831288E-05   0.3206256118450501E-03   0.3774457743999734E-02
  0.4007500000000000E+02   0.9312208688439774E+00   0.3251850085680651E-02  -0.3500066957336467E-01   0.1684897586531473E-02   0.1862263929860266E-05   0.3180041785932604E-03   0.3749901152981237E-02
  0.4012499999999999E+02   0.9314903661633598E+00   0.3233053608882473E-02  -0.3486106103447517E-01   0.1674916158883710E-02   0.1853541483076247E-05   0.3154247157896403E-03   0.3726069394050152E-02
  0.4017500000000000E+02   0.9317567652141925E+00   0.3214620888658823E-02  -0.3472307710779121E-01   0.1665128841486763E-02   0.1845006586786563E-05   0.3128860220101553E-03   0.3702708163854457E-02
  0.4022499999999999E+02   0.9320201716980693E+00   0.3196354055147321E-02  -0.3458666253451470E-01   0.1655432927588695E-02   0.1836546100607955E-05   0.3103866215398466E-03   0.3679587609625452E-02
  0.4027500000000000E+02   0.9322807179477786E+00   0.3178082104223016E-02  -0.3445174827624009E-01   0.1645739660627678E-02   0.1828061813279278E-05   0.3079248238376237E-03   0.3656509129382318E-02
  0.4032500000000000E+02   0.9325385560000164E+00   0.3159665365092129E-02  -0.3431825510716768E-01   0.1635976542894459E-02   0.1819473106457757E-05   0.3054987946320488E-03   0.3633310468818572E-02
  0.4037500000000000E+02   0.9327938496556790E+00   0.3140998031016768E-02  -0.3418609772899495E-01   0.1626088640695199E-02   0.1810718520177818E-05   0.3031066338229378E-03   0.3609868585222466E-02
  0.4042500000000000E+02   0.9330467661518839E+00   0.3122008463636120E-02  -0.3405518908527594E-01   0.1616038736560767E-02   0.1801756043656344E-05   0.3007464540940348E-03   0.3586099949566527E-02
  0.4047499999999999E+02   0.9332974681553771E+00   0.3102657212788925E-02  -0.3392544450790624E-01   0.1605806298877477E-02   0.1792562087244483E-05   0.2984164536517010E-03   0.3561958224004137E-02
  0.4052500000000000E+02   0.9335461067772860E+00   0.3082932944857101E-02  -0.3379678533356012E-01   0.1595385369278354E-02   0.1783129236257512E-05   0.2961149769146284E-03   0.3537429540275004E-02
  0.4057500000000000E+02   0.9337928162052007E+00   0.3062846701881645E-02  -0.3366914168185731E-01   0.1584781586718858E-02   0.1773463021224527E-05   0.2938405582272068E-03   0.3512525867190563E-02
  0.4062500000000000E+02   0.9340377103696695E+00   0.3042425085541257E-02  -0.3354245417974067E-01   0.1574008655992782E-02   0.1763578041045386E-05   0.2915919455295660E-03   0.3487277151714625E-02
  0.4067500000000000E+02   0.9342808818400257E+00   0.3021703052851461E-02  -0.3341667453160391E-01   0.1563084616314468E-02   0.1753493832639293E-05   0.2893681030696970E-03   0.3461723023393225E-02
  0.4072499999999999E+02   0.9345224029141238E+00   0.3000717019332169E-02  -0.3329176495393660E-01   0.1552028270033918E-02   0.1743230889580142E-05   0.2871681943564662E-03   0.3435904860667304E-02
  0.4077500000000000E+02   0.9347623286582454E+00   0.2979498900370387E-02  -0.3316769660102936E-01   0.1540856097740910E-02   0.1732807198163647E-05   0.2849915483608896E-03   0.3409858941552948E-02
  0.4082500000000000E+02   0.9350007014870700E+00   0.2958071601564028E-02  -0.3304444719428112E-01   0.1529579923803574E-02   0.1722235592904221E-05   0.2828376133178098E-03   0.3383611262286818E-02
  0.4087499999999999E+02   0.9352375567578606E+00   0.2936446315173105E-02  -0.3292199812742524E-01   0.1518205516766589E-02   0.1711522146613982E-05   0.2807059033114011E-03   0.3357174430309254E-02
  0.4092500000000000E+02   0.9354729287877842E+00   0.2914621810439486E-02  -0.3280033135356630E-01   0.1506732221340817E-02   0.1700665713270397E-05   0.2785959431736157E-03   0.3330546843193713E-02
  0.4097499999999999E+02   0.9357068566842752E+00   0.2892585732824515E-02  -0.3267942636959764E-01   0.1495153629353967E-02   0.1689658641958796E-05   0.2765072171482651E-03   0.3303714167085508E-02
  0.4102500000000000E+02   0.9359393894013035E+00   0.2870317758564809E-02  -0.3255925760151557E-01   0.1483459209836822E-02   0.1678488581598811E-05   0.2744391263311880E-03   0.3276652935401853E-02
  0.4107500000000000E+02   0.9361705894977351E+00   0.2847794291789242E-02  -0.3243979246125550E-01   0.1471636736195151E-02   0.1667141202135308E-05   0.2723909591204068E-03   0.3249335907145184E-02
  0.4112500000000000E+02   0.9364005351784147E+00   0.2824994248873932E-02  -0.3232099029155200E-01   0.1459675274823350E-02   0.1655603572614296E-05   0.2703618778082198E-03   0.3221738662212849E-02
  0.4117500000000000E+02   0.9366293203445508E+00   0.2801905360076351E-02  -0.3220280233979789E-01   0.1447568440397630E-02   0.1643867866829589E-05   0.2683509230336520E-03   0.3193846781360189E-02
  0.4122499999999999E+02   0.9368570525632590E+00   0.2778530347425733E-02  -0.3208517280711465E-01   0.1435317586509102E-02   0.1631935022386179E-05   0.2663570361428631E-03   0.3165662878678924E-02
  0.4127500000000000E+02   0.9370838490740829E+00   0.2754892327266285E-02  -0.3196804091138372E-01   0.1422934594979676E-02   0.1619817969317736E-05   0.2643790977024371E-03   0.3137212743707879E-02
  0.4132500000000000E+02   0.9373098311604655E+00   0.2731038848386943E-02  -0.3185134379444143E-01   0.1410443959655244E-02   0.1607544077668099E-05   0.2624159786792939E-03   0.3108549922836630E-02
  0.4137500000000000E+02   0.9375351173963998E+00   0.2707044114443321E-02  -0.3173502000956030E-01   0.1397883931767340E-02   0.1595156551448927E-05   0.2604665993974834E-03   0.3079758227753834E-02
  0.4142500000000000E+02   0.9377598164014179E+00   0.2683009139596067E-02  -0.3161901326193572E-01   0.1385306597475457E-02   0.1582714612089050E-05   0.2585299905572545E-03   0.3050951887629108E-02
  0.4147500000000000E+02   0.9379840197763116E+00   0.2659059821047591E-02  -0.3150327605475478E-01   0.1372776879520928E-02   0.1570292451837808E-05   0.2566053505306654E-03   0.3022273329614625E-02
  0.4152500000000000E+02   0.9382077958381199E+00   0.2635343143322667E-02  -0.3138777292137207E-01   0.1360370574337557E-02   0.1557977074255936E-05   0.2546920938674171E-03   0.2993888835632983E-02
  0.4157500000000000E+02   0.9384311846354496E+00   0.2612021917226091E-02  -0.3127248299524299E-01   0.1348171633083313E-02   0.1545865251516414E-05   0.2527898873299647E-03   0.2965982537338623E-02
  0.4162500000000000E+02   0.9386541945310952E+00   0.2589268570537945E-02  -0.3115740176961024E-01   0.1336268953939110E-02   0.1534059898134744E-05   0.2508986715646154E-03   0.2938749340518595E-02
  0.4167500000000000E+02   0.9388768004258191E+00   0.2567258532909493E-02  -0.3104254200907242E-01   0.1324752966055157E-02   0.1522666178679179E-05   0.2490186683693855E-03   0.2912387398363804E-02
  0.4172500000000000E+02   0.9390989435038924E+00   0.2546163698047063E-02  -0.3092793387499770E-01   0.1313712254769827E-02   0.1511787634711938E-05   0.2471503751139682E-03   0.2887090684655117E-02
  0.4177500000000000E+02   0.9393205322386887E+00   0.2526146321981572E-02  -0.3081362440023983E-01   0.1303230413458051E-02   0.1501522544919668E-05   0.2452945489605753E-03   0.2863042075743423E-02
  0.4182500000000000E+02   0.9395414443231216E+00   0.2507353556221794E-02  -0.3069967648654548E-01   0.1293383224681752E-02   0.1491960639056969E-05   0.2434521840076751E-03   0.2840407167620046E-02
  0.4187500000000000E+02   0.9397615291884956E+00   0.2489912649798383E-02  -0.3058616759864485E-01   0.1284236188187334E-02   0.1483180189144718E-05   0.2416244843374672E-03   0.2819328866615741E-02
  0.4192500000000000E+02   0.9399806108382820E+00   0.2473926711160232E-02  -0.3047318829649837E-01   0.1275842339426092E-02   0.1475245416144147E-05   0.2398128352914284E-03   0.2799922629505118E-02
  0.4197499999999999E+02   0.9401984908353359E+00   0.2459470818649329E-02  -0.3036084068934886E-01   0.1268240249495415E-02   0.1468204088606857E-05   0.2380187742761973E-03   0.2782272112615644E-02
  0.4202500000000001E+02   0.9404149514246486E+00   0.2446588218472306E-02  -0.3024923682114189E-01   0.1261452071691262E-02   0.1462085158801101E-05   0.2362439611748663E-03   0.2766424932988437E-02
  0.4207500000000000E+02   0.9406297589318131E+00   0.2435286358045813E-02  -0.3013849691534753E-01   0.1255481504472734E-02   0.1456896285677464E-05   0.2344901471550047E-03   0.2752388254693266E-02
  0.4212500000000000E+02   0.9408426677337464E+00   0.2425532574225091E-02  -0.3002874732660898E-01   0.1250311577554462E-02   0.1452621135488738E-05   0.2327591394589624E-03   0.2740123994239070E-02
  0.4217500000000000E+02   0.9410534252355841E+00   0.2417249393669820E-02  -0.2992011797585825E-01   0.1245902238806383E-02   0.1449216432393788E-05   0.2310527587714829E-03   0.2729543594279819E-02
  0.4222500000000000E+02   0.9412617783842226E+00   0.2410309609171470E-02  -0.2981273899580716E-01   0.1242187826026842E-02   0.1446608855022917E-05   0.2293727851521654E-03   0.2720502547340603E-02
  0.4227500000000000E+02   0.9414674822747365E+00   0.2404531569599253E-02  -0.2970673630045162E-01   0.1239074648643452E-02   0.1444692040294316E-05   0.2277208885203712E-03   0.2712795159184330E-02
  0.4232500000000000E+02   0.9416703113210179E+00   0.2399675448993555E-02  -0.2960222583592065E-01   0.1236439073173207E-02   0.1443324155271435E-05   0.2260985405783502E-03   0.2706150409793837E-02
  0.4237500000000000E+02   0.9418700732201128E+00   0.2395441606692780E-02  -0.2949930639448461E-01   0.1234126684543343E-02   0.1442326710540397E-05   0.2245069071777909E-03   0.2700230158867117E-02
  0.4242500000000000E+02   0.9420666254997954E+00   0.2391472446074065E-02  -0.2939805109993754E-01   0.1231953247561582E-02   0.1441485472969339E-05   0.2229467237339415E-03   0.2694631274697996E-02
  0.4247500000000000E+02   0.9422598937879594E+00   0.2387359315963432E-02  -0.2929849800756379E-01   0.1229708263077373E-02   0.1440554426000480E-05   0.2214181613845365E-03   0.2688893418643419E-02
  0.4252500000000000E+02   0.9424498901278056E+00   0.2382655837287717E-02  -0.2920064068111206E-01   0.1227161830308266E-02   0.1439263636966292E-05   0.2199206977092888E-03   0.2682514036470755E-02
  0.4257500000000000E+02   0.9426367288242880E+00   0.2376898443927757E-02  -0.2910442004073599E-01   0.1224075221368030E-02   0.1437331540119840E-05   0.2184530117991773E-03   0.2674971442148983E-02
  0.4262500000000000E+02   0.9428206366878191E+00   0.2369633835649484E-02  -0.2900971909472960E-01   0.1220215012574706E-02   0.1434481488499659E-05   0.2170129273863748E-03   0.2665755655548646E-02
  0.4267500000000000E+02   0.9430019544503314E+00   0.2360451536221906E-02  -0.2891636221477500E-01   0.1215369842707600E-02   0.1430461514573744E-05   0.2155974273115368E-03   0.2654404966658034E-02
  0.4272499999999999E+02   0.9431811268408057E+00   0.2349018122113003E-02  -0.2882412024811953E-01   0.1209368030594591E-02   0.1425065242137771E-05   0.2142027559367772E-03   0.2640544371167335E-02
  0.4277500000000000E+02   0.9433586804120064E+00   0.2335108414455695E-02  -0.2873272193432774E-01   0.1202093629215112E-02   0.1418151099485106E-05   0.2128246128833285E-03   0.2623920591970100E-02
  0.4282500000000000E+02   0.9435351904809265E+00   0.2318628538608581E-02  -0.2864187092550530E-01   0.1193498293372887E-02   0.1409656720759963E-05   0.2114584238136219E-03   0.2604427962954009E-02
  0.4287500000000000E+02   0.9437112409220321E+00   0.2299626603438224E-02  -0.2855126648544759E-01   0.1183606774141610E-02   0.1399605909211664E-05   0.2100996564384227E-03   0.2582120401563617E-02
  0.4292500000000000E+02   0.9438873822994989E+00   0.2278288793540974E-02  -0.2846062504358660E-01   0.1172514903805719E-02   0.1388106755622545E-05   0.2087441381050205E-03   0.2557206988263904E-02
  0.4297500000000000E+02   0.9440640943291780E+00   0.2254921399188288E-02  -0.2836969951955781E-01   0.1160380341202460E-02   0.1375341159326629E-05   0.2073883295248030E-03   0.2530031740429602E-02
  0.4302500000000000E+02   0.9442417577198091E+00   0.2229921931928945E-02  -0.2827829381852620E-01   0.1147407697977519E-02   0.1361547604882625E-05   0.2060295183833513E-03   0.2501041117798759E-02
  0.4307500000000000E+02   0.9444206383689082E+00   0.2203744222814317E-02  -0.2818627096512838E-01   0.1133830566997084E-02   0.1347000135417678E-05   0.2046659137724522E-03   0.2470744764990712E-02
  0.4312500000000000E+02   0.9446008843658542E+00   0.2176862858263435E-02  -0.2809355464290875E-01   0.1119893210227465E-02   0.1331986772249273E-05   0.2032966420418522E-03   0.2439675513631087E-02
  0.4317500000000000E+02   0.9447825340294175E+00   0.2149741537610823E-02  -0.2800012505204375E-01   0.1105834266555809E-02   0.1316790188270457E-05   0.2019216611208474E-03   0.2408353800757228E-02
  0.4322500000000000E+02   0.9449655317954755E+00   0.2122808374592730E-02  -0.2790601072510190E-01   0.1091874035851292E-02   0.1301672509931923E-05   0.2005416199844055E-03   0.2377259903653066E-02
  0.4327499999999999E+02   0.9451497483241550E+00   0.2096439385337462E-02  -0.2781127817059703E-01   0.1078205979078072E-02   0.1286865045972687E-05   0.1991576920093172E-03   0.2346815388664312E-02
  0.4332500000000000E+02   0.9453350015486067E+00   0.2070949882942833E-02  -0.2771602103234017E-01   0.1064992290185477E-02   0.1272562811202800E-05   0.1977714071091605E-03   0.2317373457917686E-02
  0.4337500000000000E+02   0.9455210762118560E+00   0.2046592488219723E-02  -0.2762035002809893E-01   0.1052362875076038E-02   0.1258923089474837E-05   0.1963845004589517E-03   0.2289216740405997E-02
  0.4342500000000000E+02   0.9457077404009410E+00   0.2023560002638197E-02  -0.2752438443520355E-01   0.1040416834237509E-02   0.1246066986748858E-05   0.1949987878962850E-03   0.2262560552268188E-02
  0.4347500000000000E+02   0.9458947584492521E+00   0.2001991363355482E-02  -0.2742824544692424E-01   0.1029225532195028E-02   0.1234082899085967E-05   0.1936160714680235E-03   0.2237559622012382E-02
  0.4352500000000000E+02   0.9460819002185882E+00   0.1981979147140046E-02  -0.2733205139352468E-01   0.1018836464170323E-02   0.1223030963021254E-05   0.1922380738752458E-03   0.2214316554875201E-02
  0.4357500000000000E+02   0.9462689471698423E+00   0.1963577457094014E-02  -0.2723591461724395E-01   0.1009277319444519E-02   0.1212947774327507E-05   0.1908663978072049E-03   0.2192890724189260E-02
  0.4362499999999999E+02   0.9464556958218709E+00   0.1946809403480588E-02  -0.2713993969232398E-01   0.1000559835329703E-02   0.1203850888464419E-05   0.1895025049851738E-03   0.2173306702798196E-02
  0.4367500000000000E+02   0.9466419592410110E+00   0.1931673715636382E-02  -0.2704422265914197E-01   0.9926832034009569E-03   0.1195742813588044E-05   0.1881477096592308E-03   0.2155561714322274E-02
  0.4372500000000000E+02   0.9468275671569293E+00   0.1918150271861372E-02  -0.2694885096565247E-01   0.9856369183495325E-03   0.1188614359580590E-05   0.1868031818524565E-03   0.2139631865390449E-02
  0.4377500000000000E+02   0.9470123652096695E+00   0.1906204508463004E-02  -0.2685390385615638E-01   0.9794030495608350E-03   0.1182447313699012E-05   0.1854699564774168E-03   0.2125477115996408E-02
  0.4382500000000000E+02   0.9471962137285772E+00   0.1895790779955331E-02  -0.2675945300110438E-01   0.9739579725696949E-03   0.1177216482175933E-05   0.1841489453331497E-03   0.2113045069645718E-02
  0.4387500000000000E+02   0.9473789863437730E+00   0.1886854805622807E-02  -0.2666556321316615E-01   0.9692736300647500E-03   0.1172891176867029E-05   0.1828409498041982E-03   0.2102273735813363E-02
  0.4392500000000000E+02   0.9475605686430503E+00   0.1879335368028351E-02  -0.2657229314002030E-01   0.9653184077175028E-03   0.1169436245710822E-05   0.1815466727757427E-03   0.2093093451091997E-02
  0.4397500000000000E+02   0.9477408570134935E+00   0.1873165438194366E-02  -0.2647969586220744E-01   0.9620577147866231E-03   0.1166812752377536E-05   0.1802667288435178E-03   0.2085428155388330E-02
  0.4402500000000000E+02   0.9479197577466018E+00   0.1868272898108240E-02  -0.2638781935553747E-01   0.9594543573148270E-03   0.1164978408885864E-05   0.1790016523486157E-03   0.2079196214644684E-02
  0.4407500000000000E+02   0.9480971864359630E+00   0.1864581018666736E-02  -0.2629670680312590E-01   0.9574687852522925E-03   0.1163887858054124E-05   0.1777519031266277E-03   0.2074310967219624E-02
  0.4412500000000000E+02   0.9482730676554276E+00   0.1862008832491001E-02  -0.2620639676326453E-01   0.9560592852027264E-03   0.1163492891820674E-05   0.1765178701467001E-03   0.2070681149892870E-02
  0.4417500000000000E+02   0.9484473348720305E+00   0.1860471516985510E-02  -0.2611692321664005E-01   0.9551821780959911E-03   0.1163742677161348E-05   0.1752998734402438E-03   0.2068211332363868E-02
  0.4422499999999999E+02   0.9486199305215857E+00   0.1859880873717797E-02  -0.2602831552992513E-01   0.9547920660187024E-03   0.1164584043601662E-05   0.1740981648836295E-03   0.2066802456272354E-02
  0.4427500000000000E+02   0.9487908061570219E+00   0.1860145956005868E-02  -0.2594059838192475E-01   0.9548421548602964E-03   0.1165961865349901E-05   0.1729129284988390E-03   0.2066352536583552E-02
  0.4432500000000000E+02   0.9489599225719622E+00   0.1861173858748310E-02  -0.2585379170232172E-01   0.9552846599899587E-03   0.1167819547603606E-05   0.1717442809604474E-03   0.2066757541026884E-02
  0.4437499999999999E+02   0.9491272498066721E+00   0.1862870645555197E-02  -0.2576791067068185E-01   0.9560712821713953E-03   0.1170099602174088E-05   0.1705922729369552E-03   0.2067912419970650E-02
  0.4442500000000000E+02   0.9492927669614224E+00   0.1865142352023221E-02  -0.2568296581417062E-01   0.9571537223414112E-03   0.1172744274666204E-05   0.1694568917453863E-03   0.2069712218959299E-02
  0.4447499999999999E+02   0.9494564617730943E+00   0.1867895975393850E-02  -0.2559896322662136E-01   0.9584841892098045E-03   0.1175696167111882E-05   0.1683380655673692E-03   0.2072053174491586E-02
  0.4452500000000000E+02   0.9496183299519202E+00   0.1871040344843243E-02  -0.2551590491052969E-01   0.9600158454466399E-03   0.1178898789388878E-05   0.1672356691844960E-03   0.2074833675997569E-02
  0.4457500000000000E+02   0.9497783743217822E+00   0.1874486767372852E-02  -0.2543378921968109E-01   0.9617031386056270E-03   0.1182296972628354E-05   0.1661495308760843E-03   0.2077954977884404E-02
  0.4462500000000000E+02   0.9499366038528672E+00   0.1878149363810820E-02  -0.2535261135684608E-01   0.9635019729676120E-03   0.1185837089571779E-05   0.1650794398296897E-03   0.2081321567266707E-02
  0.4467500000000000E+02   0.9500930327122281E+00   0.1881945047133529E-02  -0.2527236386214970E-01   0.9653696978318648E-03   0.1189467050188332E-05   0.1640251531936342E-03   0.2084841134806968E-02
  0.4472499999999999E+02   0.9502476794788793E+00   0.1885793147467366E-02  -0.2519303701692088E-01   0.9672649145306216E-03   0.1193136073587789E-05   0.1629864017950648E-03   0.2088424153832879E-02
  0.4477500000000000E+02   0.9504005666700814E+00   0.1889614748322033E-02  -0.2511461908783785E-01   0.9691471353042521E-03   0.1196794275400174E-05   0.1619628935877679E-03   0.2091983139457932E-02
  0.4482500000000000E+02   0.9505517207017458E+00   0.1893331858571372E-02  -0.2503709634836193E-01   0.9709763579106770E-03   0.1200392148157450E-05   0.1609543140918970E-03   0.2095431725658882E-02
  0.4487500000000000E+02   0.9507011723588681E+00   0.1896866595444273E-02  -0.2496045283857362E-01   0.9727126458442149E-03   0.1203880045098052E-05   0.1599603234328173E-03   0.2098683754225620E-02
  0.4492500000000000E+02   0.9508489577852742E+00   0.1900140586754943E-02  -0.2488466985869142E-01   0.9743158209191442E-03   0.1207207799721553E-05   0.1589805500469160E-03   0.2101652605755719E-02
  0.4497499999999999E+02   0.9509951199223173E+00   0.1903074808661885E-02  -0.2480972523237179E-01   0.9757453790827420E-03   0.1210324619695900E-05   0.1580145816492351E-03   0.2104251011578780E-02
  0.4502500000000000E+02   0.9511397102425211E+00   0.1905590053538353E-02  -0.2473559241875978E-01   0.9769607291751884E-03   0.1213179381100062E-05   0.1570619545886383E-03   0.2106391561339405E-02
  0.4507500000000000E+02   0.9512827905473640E+00   0.1907608169216514E-02  -0.2466223959160496E-01   0.9779218270077827E-03   0.1215721416089363E-05   0.1561221431788104E-03   0.2107988061946474E-02
  0.4512499999999999E+02   0.9514244345402891E+00   0.1909054127854924E-02  -0.2458962883351690E-01   0.9785902345757847E-03   0.1217901834907330E-05   0.1551945509128478E-03   0.2108957811869720E-02
  0.4517500000000000E+02   0.9515647288582871E+00   0.1909858876382035E-02  -0.2451771560762461E-01   0.9789305797448078E-03   0.1219675355621997E-05   0.1542785055753961E-03   0.2109224737430704E-02
  0.4522500000000000E+02   0.9517037732577587E+00   0.1909962802184212E-02  -0.2444644866254997E-01   0.9789123311404685E-03   0.1221002539094345E-05   0.1533732601054915E-03   0.2108723207270233E-02
  0.4527500000000000E+02   0.9518416797082786E+00   0.1909319533232550E-02  -0.2437577049690265E-01   0.9785117443244520E-03   0.1221852252514834E-05   0.1524780006122526E-03   0.2107402215001252E-02
  0.4532500000000000E+02   0.9519785702501534E+00   0.1907899699815971E-02  -0.2430561845708823E-01   0.9777137882043137E-03   0.1222204124333515E-05   0.1515918622259952E-03   0.2105229518716162E-02
  0.4537500000000000E+02   0.9521145736087723E+00   0.1905694233827688E-02  -0.2423592647195649E-01   0.9765138344032902E-03   0.1222050718487381E-05   0.1507139525533366E-03   0.2102195269732908E-02
  0.4542500000000000E+02   0.9522498207128104E+00   0.1902716785039697E-02  -0.2416662734887953E-01   0.9749188941296620E-03   0.1221399155703360E-05   0.1498433815209652E-03   0.2098314667036846E-02
  0.4547499999999999E+02   0.9523844394105534E+00   0.1899004897258921E-02  -0.2409765548043108E-01   0.9729482196263142E-03   0.1220271948091461E-05   0.1489792954949833E-03   0.2093629244080170E-02
  0.4552500000000000E+02   0.9525185487938032E+00   0.1894619704600535E-02  -0.2402894975183301E-01   0.9706331474272605E-03   0.1218706886742834E-05   0.1481209129077066E-03   0.2088206524196333E-02
  0.4557500000000000E+02   0.9526522536014443E+00   0.1889644061952559E-02  -0.2396045640727718E-01   0.9680161394880228E-03   0.1216755919791809E-05   0.1472675583308580E-03   0.2082137950677249E-02
  0.4562500000000000E+02   0.9527856391741099E+00   0.1884179188664558E-02  -0.2389213163358672E-01   0.9651490627864045E-03   0.1214483064283160E-05   0.1464186920537241E-03   0.2075535179543372E-02
  0.4567500000000000E+02   0.9529187673696347E+00   0.1878340053049686E-02  -0.2382394365135732E-01   0.9620908241058284E-03   0.1211961491517736E-05   0.1455739327242803E-03   0.2068524986846872E-02
  0.4572500000000000E+02   0.9530516737405206E+00   0.1872249834399005E-02  -0.2375587415932523E-01   0.9589045326069191E-03   0.1209269997324283E-05   0.1447330713823853E-03   0.2061243162567530E-02
  0.4577500000000000E+02   0.9531843661420948E+00   0.1866033855592901E-02  -0.2368791904565104E-01   0.9556543916617549E-03   0.1206489107055457E-05   0.1438960761030019E-03   0.2053827825150341E-02
  0.4582500000000000E+02   0.9533168248083442E+00   0.1859813381900282E-02  -0.2362008834731266E-01   0.9524025226779987E-03   0.1203697068912068E-05   0.1430630873137845E-03   0.2046412593229042E-02
  0.4587500000000000E+02   0.9534490038227065E+00   0.1853699640095690E-02  -0.2355240549502535E-01   0.9492059023584627E-03   0.1200965964509816E-05   0.1422344045264978E-03   0.2039120005030031E-02
  0.4592500000000000E+02   0.9535808338364247E+00   0.1847788343850230E-02  -0.2348490591937458E-01   0.9461135598676512E-03   0.1198358123306038E-05   0.1414104656536300E-03   0.2032055500401260E-02
  0.4597500000000000E+02   0.9537122258506595E+00   0.1842154936101715E-02  -0.2341763511250228E-01   0.9431641417741202E-03   0.1195922980171981E-05   0.1405918202620592E-03   0.2025302197032000E-02
  0.4602500000000000E+02   0.9538430758745472E+00   0.1836850694140252E-02  -0.2335064624172156E-01   0.9403839193011305E-03   0.1193694474269976E-05   0.1397790980925859E-03   0.2018916620375186E-02
  0.4607500000000000E+02   0.9539732702875164E+00   0.1831899800182094E-02  -0.2328399740315135E-01   0.9377852903564194E-03   0.1191689060182330E-05   0.1389729740324312E-03   0.2012925498992519E-02
  0.4612500000000000E+02   0.9541026917549412E+00   0.1827297463636507E-02  -0.2321774859277925E-01   0.9353658202756931E-03   0.1189904391958443E-05   0.1381741305672021E-03   0.2007323718367826E-02
  0.4617500000000000E+02   0.9542312255563002E+00   0.1823009187903208E-02  -0.2315195846713458E-01   0.9331078685700953E-03   0.1188318745504795E-05   0.1373832186533561E-03   0.2002073533181393E-02
  0.4622499999999999E+02   0.9543587661721202E+00   0.1818971294385353E-02  -0.2308668097227984E-01   0.9309788591047651E-03   0.1186891258187466E-05   0.1366008180125413E-03   0.1997105159646439E-02
  0.4627500000000000E+02   0.9544852239333277E+00   0.1815092834220863E-02  -0.2302196194158401E-01   0.9289322602522690E-03   0.1185563076785711E-05   0.1358273980888569E-03   0.1992318889048687E-02
  0.4632500000000000E+02   0.9546105314650218E+00   0.1811259015766963E-02  -0.2295783579932076E-01   0.9269093403193910E-03   0.1184259504078116E-05   0.1350632813147263E-03   0.1987588861074099E-02
  0.4637500000000000E+02   0.9547346495660703E+00   0.1807336235015689E-02  -0.2289432255343060E-01   0.9248417426755353E-03   0.1182893208369803E-05   0.1343086108310613E-03   0.1982768591004611E-02
  0.4642500000000000E+02   0.9548575720758828E+00   0.1803178703172898E-02  -0.2283142530681748E-01   0.9226548775062029E-03   0.1181368499934038E-05   0.1335633252788395E-03   0.1977698243381289E-02
  0.4647500000000000E+02   0.9549793292178975E+00   0.1798636516397386E-02  -0.2276912854814850E-01   0.9202720508231538E-03   0.1179586580518298E-05   0.1328271435550871E-03   0.1972213481651002E-02
  0.4652500000000001E+02   0.9550999889070190E+00   0.1793564817351899E-02  -0.2270739748429174E-01   0.9176191514879855E-03   0.1177451543033865E-05   0.1320995623267272E-03   0.1966155509744170E-02
  0.4657500000000000E+02   0.9552196555926735E+00   0.1787833484098365E-02  -0.2264617863335061E-01   0.9146296075245345E-03   0.1174876755937647E-05   0.1313798684751930E-03   0.1959381687372200E-02
  0.4662500000000000E+02   0.9553384663936478E+00   0.1781336591787335E-02  -0.2258540180289947E-01   0.9112492258009630E-03   0.1171791138645593E-05   0.1306671674482929E-03   0.1951775892930000E-02
  0.4667500000000000E+02   0.9554565845557976E+00   0.1774000777081144E-02  -0.2252498343742593E-01   0.9074404701000248E-03   0.1168144754028803E-05   0.1299604268093000E-03   0.1943257681561043E-02
  0.4672500000000000E+02   0.9555741905921983E+00   0.1765791639195884E-02  -0.2246483115098641E-01   0.9031857346242558E-03   0.1163913141748199E-05   0.1292585323398582E-03   0.1933789290350173E-02
  0.4677499999999999E+02   0.9556914717875413E+00   0.1756717458507871E-02  -0.2240484909628104E-01   0.8984892452074396E-03   0.1159099908340764E-05   0.1285603522398360E-03   0.1923379703699667E-02
  0.4682500000000000E+02   0.9558086109953930E+00   0.1746829794325940E-02  -0.2234494369511508E-01   0.8933773640614128E-03   0.1153737271308784E-05   0.1278648036763754E-03   0.1912085299344362E-02
  0.4687500000000000E+02   0.9559257757695734E+00   0.1736220892531818E-02  -0.2228502919760789E-01   0.8878972626894188E-03   0.1147884496076220E-05   0.1271709154870509E-03   0.1900006999769274E-02
  0.4692500000000000E+02   0.9560431088199430E+00   0.1725018220376543E-02  -0.2222503256358976E-01   0.8821141253489546E-03   0.1141624420214717E-05   0.1264778813709174E-03   0.1887284277302574E-02
  0.4697499999999999E+02   0.9561607205783327E+00   0.1713376772626863E-02  -0.2216489726427762E-01   0.8761072126748625E-03   0.1135058477788541E-05   0.1257850993025334E-03   0.1874086719323400E-02
  0.4702500000000000E+02   0.9562786843489789E+00   0.1701469999336340E-02  -0.2210458576161445E-01   0.8699652204942058E-03   0.1128300777029422E-05   0.1250921948660707E-03   0.1860604085817509E-02
  0.4707500000000000E+02   0.9563970341681418E+00   0.1689480261957188E-02  -0.2204408060156160E-01   0.8637813977323349E-03   0.1121471826831518E-05   0.1243990283082081E-03   0.1847035853313419E-02
  0.4712500000000000E+02   0.9565157651792311E+00   0.1677589639515318E-02  -0.2198338422050805E-01   0.8576488438175752E-03   0.1114692456147603E-05   0.1237056869429608E-03   0.1833581145992354E-02
  0.4717500000000000E+02   0.9566348360952700E+00   0.1665971718055005E-02  -0.2192251768393128E-01   0.8516563095338910E-03   0.1108078349505250E-05   0.1230124658206636E-03   0.1820429748023046E-02
  0.4722500000000000E+02   0.9567541731950829E+00   0.1654784757313155E-02  -0.2186151864063057E-01   0.8458847028558855E-03   0.1101735465994298E-05   0.1223198401789802E-03   0.1807754628797888E-02
  0.4727500000000000E+02   0.9568736752810785E+00   0.1644166390419932E-02  -0.2180043878531646E-01   0.8404043794388341E-03   0.1095756452411587E-05   0.1216284331683807E-03   0.1795706151552632E-02
  0.4732500000000000E+02   0.9569932190925986E+00   0.1634229814608862E-02  -0.2173934108852615E-01   0.8352731962191423E-03   0.1090218030016716E-05   0.1209389818428780E-03   0.1784407918896946E-02
  0.4737500000000000E+02   0.9571126647875360E+00   0.1625061295193942E-02  -0.2167829699208035E-01   0.8305352371298598E-03   0.1085179243370357E-05   0.1202523036298905E-03   0.1773954059901457E-02
  0.4742500000000000E+02   0.9572318612440046E+00   0.1616718736581615E-02  -0.2161738369713795E-01   0.8262200848840277E-03   0.1080680412875657E-05   0.1195692646343294E-03   0.1764407688210123E-02
  0.4747500000000000E+02   0.9573506510667972E+00   0.1609231065868995E-02  -0.2155668160388635E-01   0.8223425085608857E-03   0.1076742625730128E-05   0.1188907503428813E-03   0.1755800251519943E-02
  0.4752500000000000E+02   0.9574688752920376E+00   0.1602598212977358E-02  -0.2149627190629944E-01   0.8189024563552274E-03   0.1073367624281953E-05   0.1182176386729866E-03   0.1748131534695329E-02
  0.4757500000000000E+02   0.9575863778575453E+00   0.1596791540413315E-02  -0.2143623430747621E-01   0.8158852781981333E-03   0.1070537995944739E-05   0.1175507749074493E-03   0.1741370154351240E-02
  0.4762500000000000E+02   0.9577030099418160E+00   0.1591754660297028E-02  -0.2137664480294854E-01   0.8132621461790674E-03   0.1068217624765791E-05   0.1168909478838255E-03   0.1735454475132378E-02
  0.4767500000000000E+02   0.9578186342711593E+00   0.1587404662459961E-02  -0.2131757348103458E-01   0.8109906847444552E-03   0.1066352422303073E-05   0.1162388668585401E-03   0.1730293972051052E-02
  0.4772500000000000E+02   0.9579331294551588E+00   0.1583633852845697E-02  -0.2125908230940787E-01   0.8090158612058401E-03   0.1064871406350303E-05   0.1155951387148059E-03   0.1725771145647189E-02
  0.4777500000000000E+02   0.9580463943404268E+00   0.1580312154734488E-02  -0.2120122291288062E-01   0.8072712143334800E-03   0.1063688232503063E-05   0.1149602455937670E-03   0.1721744154979398E-02
  0.4782500000000000E+02   0.9581583522797630E+00   0.1577290345829600E-02  -0.2114403439482171E-01   0.8056805093149935E-03   0.1062703298271474E-05   0.1143345235479948E-03   0.1718050356005235E-02
  0.4787499999999999E+02   0.9582689551103043E+00   0.1574404282905351E-02  -0.2108754130747559E-01   0.8041598964876744E-03   0.1061806526064850E-05   0.1137181433735407E-03   0.1714510909910238E-02
  0.4792500000000000E+02   0.9583781865366008E+00   0.1571480196878580E-02  -0.2103175192631801E-01   0.8026206161286566E-03   0.1060880885801297E-05   0.1131110952779024E-03   0.1710936551289030E-02
  0.4797500000000000E+02   0.9584860645431470E+00   0.1568341025436203E-02  -0.2097665702003604E-01   0.8009722325222944E-03   0.1059806640210039E-05   0.1125131793752444E-03   0.1707134480447987E-02
  0.4802500000000000E+02   0.9585926424374827E+00   0.1564813597505825E-02  -0.2092222931968779E-01   0.7991263025094085E-03   0.1058466192376370E-05   0.1119240040542742E-03   0.1702916178114961E-02
  0.4807500000000000E+02   0.9586980081679086E+00   0.1560736314509975E-02  -0.2086842386869037E-01   0.7970002972821433E-03   0.1056749299420631E-05   0.1113429939491685E-03   0.1698105756904581E-02
  0.4812499999999999E+02   0.9588022816781784E+00   0.1555966817885243E-02  -0.2081517937489497E-01   0.7945215168327081E-03   0.1054558308875711E-05   0.1107694085267030E-03   0.1692548295007826E-02
  0.4817500000000000E+02   0.9589056102490896E+00   0.1550389026113855E-02  -0.2076242059027034E-01   0.7916306822336245E-03   0.1051812999398267E-05   0.1102023712348824E-03   0.1686117482146230E-02
  0.4822500000000000E+02   0.9590081620098474E+00   0.1543918899491473E-02  -0.2071006162480327E-01   0.7882848781501263E-03   0.1048454586981811E-05   0.1096409078857616E-03   0.1678721880617876E-02
  0.4827500000000000E+02   0.9591101180409186E+00   0.1536508365895521E-02  -0.2065800997929534E-01   0.7844595562899519E-03   0.1044448505225369E-05   0.1090839916915985E-03   0.1670309185776900E-02
  0.4832500000000000E+02   0.9592116636879875E+00   0.1528147013798327E-02  -0.2060617098070716E-01   0.7801493988013603E-03   0.1039785682713942E-05   0.1085305913918803E-03   0.1660868058256267E-02
  0.4837500000000000E+02   0.9593129798212375E+00   0.1518861404172319E-02  -0.2055445224518981E-01   0.7753679659139886E-03   0.1034482205501034E-05   0.1079797184154556E-03   0.1650427366966312E-02
  0.4842500000000000E+02   0.9594142347799343E+00   0.1508712126743927E-02  -0.2050276779100024E-01   0.7701461919098135E-03   0.1028577438550056E-05   0.1074304691328724E-03   0.1639052979555424E-02
  0.4847499999999999E+02   0.9595155776379899E+00   0.1497788976937029E-02  -0.2045104147674637E-01   0.7645299216054819E-03   0.1022130851952373E-05   0.1068820589492565E-03   0.1626842509800874E-02
  0.4852500000000000E+02   0.9596171332352370E+00   0.1486204812867451E-02  -0.2039920953790697E-01   0.7585767729762576E-03   0.1015217924924548E-05   0.1063338461177301E-03   0.1613918630427269E-02
  0.4857500000000000E+02   0.9597189991821549E+00   0.1474088739699304E-02  -0.2034722211557294E-01   0.7523526564598827E-03   0.1007925563901609E-05   0.1057853444832555E-03   0.1600421655507731E-02
  0.4862499999999999E+02   0.9598212448087852E+00   0.1461579257241570E-02  -0.2029504379237856E-01   0.7459282756408902E-03   0.1000347466860788E-05   0.1052362256454229E-03   0.1586502084166366E-02
  0.4867500000000000E+02   0.9599239118309175E+00   0.1448817912371377E-02  -0.2024265325152164E-01   0.7393758858658065E-03   0.9925798049528657E-06   0.1046863120511821E-03   0.1572313694715422E-02
  0.4872499999999999E+02   0.9600270163730265E+00   0.1435943850553362E-02  -0.2019004224299303E-01   0.7327665121104415E-03   0.9847174944734696E-06   0.1041355631763749E-03   0.1558007618070078E-02
  0.4877500000000000E+02   0.9601305519252959E+00   0.1423089493982080E-02  -0.2013721407286528E-01   0.7261677422699390E-03   0.9768512198819206E-06   0.1035840572053979E-03   0.1543727637844769E-02
  0.4882500000000000E+02   0.9602344928141240E+00   0.1410377416840749E-02  -0.2008418183043814E-01   0.7196421318492794E-03   0.9690652618695124E-06   0.1030319705259396E-03   0.1529606793656688E-02
  0.4887500000000000E+02   0.9603387978152147E+00   0.1397918360620493E-02  -0.2003096654264447E-01   0.7132461908967683E-03   0.9614360970756059E-06   0.1024795570203231E-03   0.1515765225374990E-02
  0.4892500000000000E+02   0.9604434136160430E+00   0.1385810243588543E-02  -0.1997759540544564E-01   0.7070298786494922E-03   0.9540316745034099E-06   0.1019271286682007E-03   0.1502309099387965E-02
  0.4897499999999999E+02   0.9605482779219827E+00   0.1374137968555063E-02  -0.1992410019725244E-01   0.7010365058622631E-03   0.9469112384248917E-06   0.1013750384756261E-03   0.1489330403661221E-02
  0.4902500000000000E+02   0.9606533220840108E+00   0.1362973816286617E-02  -0.1987051593670341E-01   0.6953029362182703E-03   0.9401255548687121E-06   0.1008236662843160E-03   0.1476907380135549E-02
  0.4907500000000000E+02   0.9607584731971455E+00   0.1352378219602603E-02  -0.1981687981074653E-01   0.6898599821538888E-03   0.9337174029119142E-06   0.1002734076337031E-03   0.1465105371447319E-02
  0.4912500000000000E+02   0.9608636556739444E+00   0.1342400736361488E-02  -0.1976323037079875E-01   0.6847329022707870E-03   0.9277222068839725E-06   0.9972466556266586E-04   0.1453977884236942E-02
  0.4917500000000000E+02   0.9609687923362974E+00   0.1333081070414268E-02  -0.1970960697489421E-01   0.6799419232807512E-03   0.9221687059588395E-06   0.9917784504457316E-04   0.1443567704966549E-02
  0.4922499999999999E+02   0.9610738050934765E+00   0.1324450022347590E-02  -0.1965604944111099E-01   0.6755027261567373E-03   0.9170795794710269E-06   0.9863334963423128E-04   0.1433907939851788E-02
  0.4927500000000000E+02   0.9611786152880603E+00   0.1316530282695610E-02  -0.1960259787059926E-01   0.6714268519256255E-03   0.9124719670468343E-06   0.9809157984967681E-04   0.1425022884126046E-02
  0.4932500000000000E+02   0.9612831437972720E+00   0.1309337007318474E-02  -0.1954929259552451E-01   0.6677219963381188E-03   0.9083578409234287E-06   0.9755293279654346E-04   0.1416928655274689E-02
  0.4937500000000000E+02   0.9613873109784913E+00   0.1302878137292746E-02  -0.1949617420662131E-01   0.6643921742164120E-03   0.9047442032381262E-06   0.9701780255107308E-04   0.1409633549518763E-02
  0.4942500000000000E+02   0.9614910365466449E+00   0.1297154444415182E-02  -0.1944328361561165E-01   0.6614377438554426E-03   0.9016330939107465E-06   0.9648658083704907E-04   0.1403138101211172E-02
  0.4947500000000000E+02   0.9615942394695495E+00   0.1292159299431678E-02  -0.1939066210858331E-01   0.6588552900231299E-03   0.8990214057833152E-06   0.9595965755300613E-04   0.1397434842175074E-02
  0.4952500000000000E+02   0.9616968379660057E+00   0.1287878174903485E-02  -0.1933835134708994E-01   0.6566373716523861E-03   0.8969005139742980E-06   0.9543742072468224E-04   0.1392507774028046E-02
  0.4957500000000000E+02   0.9617987496906444E+00   0.1284287909909144E-02  -0.1928639327415760E-01   0.6547721481079467E-03   0.8952557371232270E-06   0.9492025547350024E-04   0.1388331583033160E-02
  0.4962500000000000E+02   0.9618998921884993E+00   0.1281355781193122E-02  -0.1923482988291503E-01   0.6532429067807086E-03   0.8940656604942356E-06   0.9440854160875575E-04   0.1384870645774732E-02
  0.4967500000000000E+02   0.9620001836994797E+00   0.1279038446244600E-02  -0.1918370280700699E-01   0.6520275253913967E-03   0.8933013657203173E-06   0.9390264947722520E-04   0.1382077896415528E-02
  0.4972499999999999E+02   0.9620995443859381E+00   0.1277280848827150E-02  -0.1913305269550791E-01   0.6510979151337646E-03   0.8929256298217336E-06   0.9340293375085798E-04   0.1379893653218438E-02
  0.4977500000000000E+02   0.9621978980422624E+00   0.1276015206347556E-02  -0.1908291834233222E-01   0.6504195054852126E-03   0.8928921768177819E-06   0.9290972491621614E-04   0.1378244533052937E-02
  0.4982500000000000E+02   0.9622951743203257E+00   0.1275160229290951E-02  -0.1903333555292031E-01   0.6499508472133929E-03   0.8931450874976496E-06   0.9242331836458230E-04   0.1377042615757648E-02
  0.4987500000000000E+02   0.9623913114653363E+00   0.1274620751903091E-02  -0.1898433575099534E-01   0.6496434248472727E-03   0.8936184940358640E-06   0.9194396118403487E-04   0.1376185051346396E-02
  0.4992500000000000E+02   0.9624862595009110E+00   0.1274287974217023E-02  -0.1893594435656887E-01   0.6494417805274096E-03   0.8942367018039009E-06   0.9147183703256635E-04   0.1375554325507149E-02
  0.4997499999999999E+02   0.9625799837303429E+00   0.1274040520088152E-02  -0.1888817900296147E-01   0.6492840534697819E-03   0.8949148850509683E-06   0.9100704981957740E-04   0.1375019403706347E-02
  0.5002500000000000E+02   0.9626724683372697E+00   0.1273746494530898E-02  -0.1884104770327288E-01   0.6491030283876393E-03   0.8955604892522350E-06   0.9054960731781358E-04   0.1374437951157087E-02
  0.5007500000000000E+02   0.9627637197828963E+00   0.1273266667373498E-02  -0.1879454712055573E-01   0.6488277575491306E-03   0.8960754343618752E-06   0.9009940621872410E-04   0.1373659765285274E-02
  0.5012500000000000E+02   0.9628537696238749E+00   0.1272458813659550E-02  -0.1874866113315077E-01   0.6483857719516529E-03   0.8963591459098275E-06   0.8965622045565076E-04   0.1372531453312340E-02
  0.5017500000000000E+02   0.9629426763346435E+00   0.1271183106050846E-02  -0.1870335990716676E-01   0.6477058282450599E-03   0.8963123457771526E-06   0.8921969475679268E-04   0.1370902242018532E-02
  0.5022500000000000E+02   0.9630305257311401E+00   0.1269308292749632E-02  -0.1865859968140349E-01   0.6467210556578707E-03   0.8958414197857022E-06   0.8878934525899290E-04   0.1368630632593736E-02
  0.5027500000000000E+02   0.9631174296750626E+00   0.1266718229707684E-02  -0.1861432342812008E-01   0.6453722832661015E-03   0.8948630613856924E-06   0.8836456854820709E-04   0.1365591436069455E-02
  0.5032500000000000E+02   0.9632035228933140E+00   0.1263318200906833E-02  -0.1857046247386307E-01   0.6436112591899594E-03   0.8933087928729405E-06   0.8794465968708582E-04   0.1361682579451598E-02
  0.5037500000000000E+02   0.9632889579627959E+00   0.1259040390730957E-02  -0.1852693905478697E-01   0.6414034377665095E-03   0.8911289130124821E-06   0.8752883872255905E-04   0.1356830997521107E-02
  0.5042500000000000E+02   0.9633738987545930E+00   0.1253847896101441E-02  -0.1848366965667092E-01   0.6387300227918022E-03   0.8882954331232232E-06   0.8711628400114416E-04   0.1350996950725940E-02
  0.5047499999999999E+02   0.9634585128584052E+00   0.1247736793714418E-02  -0.1844056887430012E-01   0.6355890199554461E-03   0.8848036507649019E-06   0.8670616958021893E-04   0.1344176247097217E-02
  0.5052500000000000E+02   0.9635429636696089E+00   0.1240735995755382E-02  -0.1839755344258920E-01   0.6319951626581522E-03   0.8806721622154127E-06   0.8629770333620376E-04   0.1336400081018669E-02
  0.5057500000000000E+02   0.9636274028803116E+00   0.1232904898603276E-02  -0.1835454606177889E-01   0.6279787135248463E-03   0.8759413060889995E-06   0.8589016219967828E-04   0.1327732493830063E-02
  0.5062500000000000E+02   0.9637119640577275E+00   0.1224329101160665E-02  -0.1831147866859628E-01   0.6235832825569679E-03   0.8706702240331505E-06   0.8548292134075333E-04   0.1318265754509018E-02
  0.5067500000000000E+02   0.9637967578312169E+00   0.1215114689926749E-02  -0.1826829488779136E-01   0.6188629151932431E-03   0.8649328829850821E-06   0.8507547500072764E-04   0.1308114196320114E-02
  0.5072500000000000E+02   0.9638818689799169E+00   0.1205381718191969E-02  -0.1822495151533765E-01   0.6138787699139616E-03   0.8588134991081490E-06   0.8466744782600391E-04   0.1297407185744366E-02
  0.5077500000000001E+02   0.9639673554645382E+00   0.1195257531682746E-02  -0.1818141901112147E-01   0.6086957177358031E-03   0.8524018248562877E-06   0.8425859676749786E-04   0.1286281926903744E-02
  0.5082500000000000E+02   0.9640532492261126E+00   0.1184870522275224E-02  -0.1813768109142555E-01   0.6033791599174063E-03   0.8457887137803066E-06   0.8384880464300667E-04   0.1274876728454373E-02
  0.5087500000000000E+02   0.9641395584143343E+00   0.1174344753139107E-02  -0.1809373359311284E-01   0.5979922897510445E-03   0.8390622821154312E-06   0.8343806717373592E-04   0.1263325210832297E-02
  0.5092500000000000E+02   0.9642262706228805E+00   0.1163795729014601E-02  -0.1804958282484770E-01   0.5925939378703949E-03   0.8323048672678421E-06   0.8302647564558679E-04   0.1251751748772800E-02
  0.5097500000000000E+02   0.9643133566951368E+00   0.1153327418152050E-02  -0.1800524362780020E-01   0.5872370553244129E-03   0.8255908651024638E-06   0.8261419734250596E-04   0.1240268263735728E-02
  0.5102499999999999E+02   0.9644007747051150E+00   0.1143030492354637E-02  -0.1796073734719983E-01   0.5819678172881541E-03   0.8189854280830115E-06   0.8220145564048759E-04   0.1228972329794640E-02
  0.5107500000000000E+02   0.9644884737937518E+00   0.1132981651259516E-02  -0.1791608987767523E-01   0.5768252791751755E-03   0.8125439341356773E-06   0.8178851124458632E-04   0.1217946448392669E-02
  0.5112500000000000E+02   0.9645763976296819E+00   0.1123243838396651E-02  -0.1787132990001350E-01   0.5718414870641633E-03   0.8063120932629374E-06   0.8137564559755285E-04   0.1207258284213160E-02
  0.5117500000000000E+02   0.9646644873500205E+00   0.1113867134083290E-02  -0.1782648738291959E-01   0.5670419329041473E-03   0.8003265416936923E-06   0.8096314706204993E-04   0.1196961630224394E-02
  0.5122500000000000E+02   0.9647526839107348E+00   0.1104890114488344E-02  -0.1778159238562649E-01   0.5624462471498151E-03   0.7946157752375228E-06   0.8055130012301289E-04   0.1187097874639191E-02
  0.5127499999999999E+02   0.9648409298334291E+00   0.1096341487245417E-02  -0.1773667416803459E-01   0.5580690322102926E-03   0.7892012875031808E-06   0.8014037758965097E-04   0.1177697765302135E-02
  0.5132500000000000E+02   0.9649291703756231E+00   0.1088241843203564E-02  -0.1769176059455457E-01   0.5539207549873736E-03   0.7840987986567092E-06   0.7973063559536057E-04   0.1168783298595834E-02
  0.5137500000000000E+02   0.9650173541771919E+00   0.1080605394985552E-02  -0.1764687780478458E-01   0.5500086326242731E-03   0.7793194819442588E-06   0.7932231108444230E-04   0.1160369593548610E-02
  0.5142500000000000E+02   0.9651054334499531E+00   0.1073441602077419E-02  -0.1760205011687155E-01   0.5463374603973481E-03   0.7748711154848890E-06   0.7891562141929996E-04   0.1152466643222405E-02
  0.5147500000000000E+02   0.9651933637838964E+00   0.1066756607305770E-02  -0.1755730012609003E-01   0.5429103434951889E-03   0.7707591044641382E-06   0.7851076572293507E-04   0.1145080862615691E-02
  0.5152500000000000E+02   0.9652811036451612E+00   0.1060554430284070E-02  -0.1751264896036253E-01   0.5397293049940155E-03   0.7669873334499442E-06   0.7810792757498057E-04   0.1138216374705518E-02
  0.5157500000000000E+02   0.9653686136397568E+00   0.1054837880059396E-02  -0.1746811665501924E-01   0.5367957508250281E-03   0.7635588203188363E-06   0.7770727869466317E-04   0.1131875994234041E-02
  0.5162499999999999E+02   0.9654558556146168E+00   0.1049609162446823E-02  -0.1742372261033021E-01   0.5341107792848580E-03   0.7604761526870458E-06   0.7730898326432067E-04   0.1126061883151386E-02
  0.5167500000000000E+02   0.9655427916647970E+00   0.1044870168120849E-02  -0.1737948609676820E-01   0.5316753280319504E-03   0.7577416952880641E-06   0.7691320256818980E-04   0.1120775863036550E-02
  0.5172500000000000E+02   0.9656293831130358E+00   0.1040622436066196E-02  -0.1733542677429301E-01   0.5294901558576779E-03   0.7553575628601625E-06   0.7652009964069245E-04   0.1116019379004972E-02
  0.5177500000000000E+02   0.9657155895259663E+00   0.1036866794006422E-02  -0.1729156519294051E-01   0.5275556600926073E-03   0.7533253581776034E-06   0.7612984363430010E-04   0.1111793117149931E-02
  0.5182500000000000E+02   0.9658013678304488E+00   0.1033602683477935E-02  -0.1724792324242908E-01   0.5258715335856312E-03   0.7516456792672283E-06   0.7574261362744094E-04   0.1108096284046871E-02
  0.5187500000000000E+02   0.9658866715942865E+00   0.1030827183026076E-02  -0.1720452451810417E-01   0.5244362681465481E-03   0.7503174041202647E-06   0.7535860159579313E-04   0.1104925563055154E-02
  0.5192500000000000E+02   0.9659714505383685E+00   0.1028533749631666E-02  -0.1716139456913701E-01   0.5232465147117265E-03   0.7493367661099931E-06   0.7497801426432354E-04   0.1102273769219117E-02
  0.5197500000000000E+02   0.9660556503521616E+00   0.1026710707431285E-02  -0.1711856099242448E-01   0.5222963150407870E-03   0.7486962399589654E-06   0.7460107354255117E-04   0.1100128234105548E-02
  0.5202500000000000E+02   0.9661392128909136E+00   0.1025339526002305E-02  -0.1707605333236817E-01   0.5215762264610978E-03   0.7483832678890092E-06   0.7422801522453998E-04   0.1098468965982271E-02
  0.5207500000000000E+02   0.9662220768394019E+00   0.1024392950127326E-02  -0.1703390274342731E-01   0.5210723711562254E-03   0.7483788701572696E-06   0.7385908561535565E-04   0.1097266651676910E-02
  0.5212499999999999E+02   0.9663041789306575E+00   0.1023833071063257E-02  -0.1699214137051919E-01   0.5207654557770752E-03   0.7486562050617444E-06   0.7349453574027315E-04   0.1096480596428288E-02
  0.5217500000000000E+02   0.9663854558042602E+00   0.1023609467103955E-02  -0.1695080140428562E-01   0.5206298263434736E-03   0.7491791716175477E-06   0.7313461282172980E-04   0.1096056738324453E-02
  0.5222500000000000E+02   0.9664658465712861E+00   0.1023657587970607E-02  -0.1690991377715567E-01   0.5206326471583231E-03   0.7499011830368296E-06   0.7277954879871471E-04   0.1095925923796156E-02
  0.5227500000000000E+02   0.9665452961144604E+00   0.1023897609479585E-02  -0.1686950648571084E-01   0.5207333188392777E-03   0.7507642781613502E-06   0.7242954584396343E-04   0.1096002686034698E-02
  0.5232500000000000E+02   0.9666237590853565E+00   0.1024234033742316E-02  -0.1682960255877153E-01   0.5208832753752342E-03   0.7516987750593786E-06   0.7208475913437119E-04   0.1096184820287098E-02
  0.5237499999999999E+02   0.9667012044611156E+00   0.1024556342206748E-02  -0.1679021774112821E-01   0.5210263164046661E-03   0.7526236960726032E-06   0.7174527756415424E-04   0.1096354084186073E-02
  0.5242500000000000E+02   0.9667776203928542E+00   0.1024741005521611E-02  -0.1675135802907024E-01   0.5210996292186631E-03   0.7534481928723456E-06   0.7141110364533382E-04   0.1096378347697902E-02
  0.5247499999999999E+02   0.9668530189286413E+00   0.1024655094487083E-02  -0.1671301726974772E-01   0.5210356246362406E-03   0.7540741578568249E-06   0.7108213445837172E-04   0.1096115453481345E-02
  0.5252500000000000E+02   0.9669274400510044E+00   0.1024161602558732E-02  -0.1667517510904981E-01   0.5207646428901612E-03   0.7544001110698442E-06   0.7075814608325273E-04   0.1095418905542746E-02
  0.5257500000000000E+02   0.9670009543708638E+00   0.1023126376716704E-02  -0.1663779562252465E-01   0.5202184770587160E-03   0.7543262949645488E-06   0.7043878429156132E-04   0.1094145275856972E-02
  0.5262500000000000E+02   0.9670736638124137E+00   0.1021426275659361E-02  -0.1660082696762566E-01   0.5193345203401622E-03   0.7537607037635804E-06   0.7012356422237979E-04   0.1092162921805088E-02
  0.5267500000000000E+02   0.9671456997468031E+00   0.1018957875614591E-02  -0.1656420233287959E-01   0.5180601916422687E-03   0.7526255514633591E-06   0.6981188114170874E-04   0.1089361288179526E-02
  0.5272499999999999E+02   0.9672172183029087E+00   0.1015645793328510E-02  -0.1652784232209592E-01   0.5163571664939513E-03   0.7508634933637799E-06   0.6950303314838953E-04   0.1085659799557927E-02
  0.5277500000000000E+02   0.9672883929771307E+00   0.1011449572215320E-02  -0.1649165871163727E-01   0.5142048774544991E-03   0.7484428193331743E-06   0.6919625496680477E-04   0.1081015216708913E-02
  0.5282500000000000E+02   0.9673594051109394E+00   0.1006368144885387E-02  -0.1645555929162690E-01   0.5116027823616061E-03   0.7453608808836657E-06   0.6889076007752055E-04   0.1075426402427653E-02
  0.5287499999999999E+02   0.9674304332011577E+00   0.1000441162845859E-02  -0.1641945330051375E-01   0.5085710398619362E-03   0.7416452143664412E-06   0.6858578683130737E-04   0.1068935738755223E-02
  0.5292500000000000E+02   0.9675016422470256E+00   0.9937469301864337E-03  -0.1638325684085629E-01   0.5051494584134234E-03   0.7373521495926625E-06   0.6828064331222255E-04   0.1061626914204358E-02
  0.5297499999999999E+02   0.9675731743487542E+00   0.9863971947033821E-03  -0.1634689765875919E-01   0.5013948476122374E-03   0.7325630754744514E-06   0.6797474583521897E-04   0.1053619351888486E-02
  0.5302500000000000E+02   0.9676451415473153E+00   0.9785295132158172E-03  -0.1631031878374822E-01   0.4973771362559916E-03   0.7273788801897473E-06   0.6766764707413302E-04   0.1045060044817605E-02
  0.5307500000000000E+02   0.9677176214954506E+00   0.9702982099613132E-03  -0.1627348072911572E-01   0.4931747751806448E-03   0.7219133122738444E-06   0.6735905162266784E-04   0.1036113887758215E-02
  0.5312499999999999E+02   0.9677906560813579E+00   0.9618650318019199E-03  -0.1623636219098790E-01   0.4888699860589157E-03   0.7162860779787791E-06   0.6704881882256371E-04   0.1026953685877307E-02
  0.5317500000000000E+02   0.9678642527017888E+00   0.9533904803849621E-03  -0.1619895940031635E-01   0.4845443545189866E-03   0.7106164042898024E-06   0.6673695447085849E-04   0.1017750888307385E-02
  0.5322499999999999E+02   0.9679383875836086E+00   0.9450265308808030E-03  -0.1616128443336429E-01   0.4802751283966910E-03   0.7050176005766785E-06   0.6642359420569624E-04   0.1008667805503207E-02
  0.5327500000000000E+02   0.9680130104170259E+00   0.9369111149611463E-03  -0.1612336285533189E-01   0.4761324131448931E-03   0.6995929078315626E-06   0.6610898184592500E-04   0.9998517142435126E-03
  0.5332500000000000E+02   0.9680880495777742E+00   0.9291644317124881E-03  -0.1608523106461412E-01   0.4721772967783894E-03   0.6944326917726218E-06   0.6579344580027336E-04   0.9914309183275537E-03
  0.5337500000000000E+02   0.9681634173372355E+00   0.9218869077226972E-03  -0.1604693364329146E-01   0.4684608134492511E-03   0.6896128549664551E-06   0.6547737606513461E-04   0.9835125736961671E-03
  0.5342500000000000E+02   0.9682390146365411E+00   0.9151584786112942E-03  -0.1600852092943905E-01   0.4650235790027960E-03   0.6851942305125602E-06   0.6516120352696993E-04   0.9761819273924371E-03
  0.5347499999999999E+02   0.9683147351871136E+00   0.9090388047876751E-03  -0.1597004693203696E-01   0.4618959016204314E-03   0.6812226733896418E-06   0.6484538247110582E-04   0.9695025561821752E-03
  0.5352500000000000E+02   0.9683904688246594E+00   0.9035680449528499E-03  -0.1593156762560732E-01   0.4590981761160101E-03   0.6777295714521555E-06   0.6453037650109119E-04   0.9635172021639876E-03
  0.5357500000000000E+02   0.9684661041705923E+00   0.8987678677788446E-03  -0.1589313959714722E-01   0.4566413993958574E-03   0.6747325387204896E-06   0.6421664755082969E-04   0.9582488635911363E-03
  0.5362500000000000E+02   0.9685415307408597E+00   0.8946424637623181E-03  -0.1585481897421404E-01   0.4545276860624476E-03   0.6722361131485193E-06   0.6390464733286613E-04   0.9537018863400509E-03
  0.5367500000000000E+02   0.9686166406907297E+00   0.8911794097838473E-03  -0.1581666053832509E-01   0.4527507091673089E-03   0.6702323478514528E-06   0.6359481038951114E-04   0.9498628982146400E-03
  0.5372500000000000E+02   0.9686913304014233E+00   0.8883503289063003E-03  -0.1577871691903754E-01   0.4512960368655349E-03   0.6687012517342087E-06   0.6328754786881860E-04   0.9467015243943383E-03
  0.5377500000000000E+02   0.9687655021059443E+00   0.8861113724972851E-03  -0.1574103776841074E-01   0.4501413786917539E-03   0.6676110988635663E-06   0.6298324120882206E-04   0.9441709125564484E-03
  0.5382500000000000E+02   0.9688390657202730E+00   0.8844036281542337E-03  -0.1570366883141339E-01   0.4492567939902015E-03   0.6669186836960249E-06   0.6268223506516371E-04   0.9422081776457383E-03
  0.5387500000000000E+02   0.9689119409931949E+00   0.8831536222310940E-03  -0.1566665085470442E-01   0.4486049482108593E-03   0.6665696491530731E-06   0.6238482905271106E-04   0.9407349458378620E-03
  0.5392500000000000E+02   0.9689840600133870E+00   0.8822741349647758E-03  -0.1563001831414224E-01   0.4481415277687410E-03   0.6664990526402915E-06   0.6209126818884215E-04   0.9396582295999695E-03
  0.5397499999999999E+02   0.9690553700171818E+00   0.8816655711327858E-03  -0.1559379798972460E-01   0.4478159368217709E-03   0.6666323551715511E-06   0.6180173231686306E-04   0.9388718922547441E-03
  0.5402500000000000E+02   0.9691258363299347E+00   0.8812181190969876E-03  -0.1555800747277003E-01   0.4475723942020956E-03   0.6668870124906716E-06   0.6151632522836816E-04   0.9382589497024781E-03
  0.5407500000000000E+02   0.9691954451601471E+00   0.8808148750589188E-03  -0.1552265374792405E-01   0.4473515202824107E-03   0.6671748059524155E-06   0.6123506464243892E-04   0.9376948973350101E-03
  0.5412500000000000E+02   0.9692642058683882E+00   0.8803360006091774E-03  -0.1548773204187770E-01   0.4470924483424639E-03   0.6674049694899075E-06   0.6095787455635907E-04   0.9370521345135250E-03
  0.5417500000000000E+02   0.9693321522789682E+00   0.8796638232434596E-03  -0.1545322515814473E-01   0.4467354145691845E-03   0.6674880492001386E-06   0.6068458165349984E-04   0.9362053905279305E-03
  0.5422499999999999E+02   0.9693993426184415E+00   0.8786885992674571E-03  -0.1541910350905629E-01   0.4462246842281382E-03   0.6673402871118365E-06   0.6041491733663989E-04   0.9350378536649705E-03
  0.5427500000000000E+02   0.9694658577702130E+00   0.8773144705005345E-03  -0.1538532600271625E-01   0.4455115760863395E-03   0.6668881762373519E-06   0.6014852648433258E-04   0.9334475051160522E-03
  0.5432500000000000E+02   0.9695317977288869E+00   0.8754650059947025E-03  -0.1535184184397187E-01   0.4445572759889201E-03   0.6660727247413652E-06   0.5988498321692177E-04   0.9313530104135526E-03
  0.5437500000000000E+02   0.9695972763958630E+00   0.8730876729454562E-03  -0.1531859317752948E-01   0.4433351066122376E-03   0.6648529278374568E-06   0.5962381292249371E-04   0.9286984710981269E-03
  0.5442500000000000E+02   0.9696624151286863E+00   0.8701566561989242E-03  -0.1528551836374115E-01   0.4418319586165836E-03   0.6632079996908071E-06   0.5936451873962074E-04   0.9254564193513368E-03
  0.5447499999999999E+02   0.9697273356775863E+00   0.8666736422121075E-03  -0.1525255556542104E-01   0.4400486881739171E-03   0.6611380642231527E-06   0.5910660987394940E-04   0.9216286472764517E-03
  0.5452500000000000E+02   0.9697921532568131E+00   0.8626664650970381E-03  -0.1521964626607575E-01   0.4379994289214467E-03   0.6586632167212792E-06   0.5884962875392823E-04   0.9172447622033785E-03
  0.5457500000000000E+02   0.9698569704755843E+00   0.8581858172339895E-03  -0.1518673835151885E-01   0.4357099211872261E-03   0.6558211005718206E-06   0.5859317420945586E-04   0.9123586836395087E-03
  0.5462500000000000E+02   0.9699218727008062E+00   0.8533004857348152E-03  -0.1515378846434978E-01   0.4332150927423894E-03   0.6526633425541005E-06   0.5833691853760489E-04   0.9070435727468525E-03
  0.5467500000000000E+02   0.9699869251828046E+00   0.8480917350213158E-03  -0.1512076346312830E-01   0.4305562060600742E-03   0.6492513144358334E-06   0.5808061732159158E-04   0.9013858543097261E-03
  0.5472500000000000E+02   0.9700521720065216E+00   0.8426474921151366E-03  -0.1508764095455783E-01   0.4277779055041070E-03   0.6456517199277192E-06   0.5782411194618118E-04   0.8954790297579360E-03
  0.5477500000000000E+02   0.9701176366929034E+00   0.8370569159134086E-03  -0.1505440898770971E-01   0.4249254596150396E-03   0.6419324519389231E-06   0.5756732567425898E-04   0.8894178996196421E-03
  0.5482500000000000E+02   0.9701833241090798E+00   0.8314057805189448E-03  -0.1502106508368339E-01   0.4220424168713724E-03   0.6381590522200109E-06   0.5731025476470502E-04   0.8832936528502993E-03
  0.5487500000000000E+02   0.9702492232664683E+00   0.8257729208675505E-03  -0.1498761481443700E-01   0.4191688009648661E-03   0.6343919681384687E-06   0.5705295637408352E-04   0.8771900869802673E-03
  0.5492500000000000E+02   0.9703153105851622E+00   0.8202278167723308E-03  -0.1495407014491890E-01   0.4163398842189023E-03   0.6306846703110943E-06   0.5679553493752828E-04   0.8711810398559548E-03
  0.5497500000000000E+02   0.9703815532586200E+00   0.8148292556772981E-03  -0.1492044772435097E-01   0.4135855088022826E-03   0.6270825906607183E-06   0.5653812846330954E-04   0.8653289692179738E-03
  0.5502500000000000E+02   0.9704479124381812E+00   0.8096249256886200E-03  -0.1488676726908811E-01   0.4109298803367982E-03   0.6236227717563587E-06   0.5628089580981140E-04   0.8596845219683062E-03
  0.5507500000000000E+02   0.9705143460490389E+00   0.8046517468171409E-03  -0.1485305013269766E-01   0.4083917363422412E-03   0.6203340838118611E-06   0.5602400563467296E-04   0.8542868885821639E-03
  0.5512500000000000E+02   0.9705808111320219E+00   0.7999367401558539E-03  -0.1481931811688986E-01   0.4059847877989374E-03   0.6172378583117260E-06   0.5576762737441874E-04   0.8491647294313178E-03
  0.5517499999999999E+02   0.9706472656707444E+00   0.7954982496325168E-03  -0.1478559254381473E-01   0.4037183396893708E-03   0.6143487976476083E-06   0.5551192435785992E-04   0.8443374757126947E-03
  0.5522500000000000E+02   0.9707136699095891E+00   0.7913473576658084E-03  -0.1475189358692464E-01   0.4015980099402636E-03   0.6116760397634285E-06   0.5525704898175766E-04   0.8398168361319854E-03
  0.5527499999999999E+02   0.9707799871969197E+00   0.7874893659594493E-03  -0.1471823984291465E-01   0.3996264813802594E-03   0.6092242790807746E-06   0.5500313977122229E-04   0.8356083723711275E-03
  0.5532500000000000E+02   0.9708461844040547E+00   0.7839252405082666E-03  -0.1468464811905801E-01   0.3978042354723151E-03   0.6069948658367030E-06   0.5475032009193101E-04   0.8317130360452484E-03
  0.5537500000000000E+02   0.9709122319783725E+00   0.7806529432505657E-03  -0.1465113340627910E-01   0.3961302284485423E-03   0.6049868235270216E-06   0.5449869825810174E-04   0.8281285847592897E-03
  0.5542499999999999E+02   0.9709781036922486E+00   0.7776685913526356E-03  -0.1461770900661818E-01   0.3946024799007976E-03   0.6031977381219146E-06   0.5424836877405830E-04   0.8248508146539388E-03
  0.5547500000000000E+02   0.9710437761509675E+00   0.7749673997521330E-03  -0.1458438678302010E-01   0.3932185513187581E-03   0.6016244837711845E-06   0.5399941444804301E-04   0.8218745624380933E-03
  0.5552499999999999E+02   0.9711092281237831E+00   0.7725443747060711E-03  -0.1455117749885770E-01   0.3919758982233578E-03   0.6002637588954783E-06   0.5375190911896694E-04   0.8191944428159605E-03
  0.5557500000000000E+02   0.9711744397634006E+00   0.7703947370284829E-03  -0.1451809121405601E-01   0.3908720850987331E-03   0.5991124148943469E-06   0.5350592073849858E-04   0.8168052988571662E-03
  0.5562500000000001E+02   0.9712393917801678E+00   0.7685140644458977E-03  -0.1448513770417137E-01   0.3899048577794090E-03   0.5981675679494245E-06   0.5326151455279658E-04   0.8147023542728930E-03
  0.5567500000000000E+02   0.9713040646377618E+00   0.7668981535703935E-03  -0.1445232686853748E-01   0.3890720735678185E-03   0.5974264929691558E-06   0.5301875613208824E-04   0.8128810683079640E-03
  0.5572499999999999E+02   0.9713684378366922E+00   0.7655426135304949E-03  -0.1441966909383252E-01   0.3883714952116768E-03   0.5968863077221697E-06   0.5277771400375074E-04   0.8113367061875211E-03
  0.5577499999999999E+02   0.9714324893502313E+00   0.7644422152516765E-03  -0.1438717554029922E-01   0.3878004609318740E-03   0.5965434645977298E-06   0.5253846165657160E-04   0.8100636507063942E-03
  0.5582500000000000E+02   0.9714961952743150E+00   0.7635900327028309E-03  -0.1435485831940575E-01   0.3873554489402018E-03   0.5963930771869207E-06   0.5230107870067799E-04   0.8090544935792246E-03
  0.5587500000000001E+02   0.9715595297484451E+00   0.7629764252695052E-03  -0.1432273053403799E-01   0.3870315613968071E-03   0.5964281191146805E-06   0.5206565098962554E-04   0.8082989587353844E-03
  0.5592500000000000E+02   0.9716224651983482E+00   0.7625879241440134E-03  -0.1429080615549871E-01   0.3868219597149837E-03   0.5966385435596815E-06   0.5183226953924340E-04   0.8077827242317062E-03
  0.5597499999999999E+02   0.9716849729423057E+00   0.7624061006709596E-03  -0.1425909971607209E-01   0.3867172907461585E-03   0.5970103840228576E-06   0.5160102811498043E-04   0.8074862253290728E-03
  0.5602500000000000E+02   0.9717470241902222E+00   0.7624065111118909E-03  -0.1422762580243886E-01   0.3867051517509330E-03   0.5975249102792074E-06   0.5137201941092147E-04   0.8073835387051269E-03
  0.5607500000000000E+02   0.9718085914454785E+00   0.7625578296669895E-03  -0.1419639834486242E-01   0.3867696508648759E-03   0.5981579275900079E-06   0.5114532981668414E-04   0.8074414660940436E-03
  0.5612500000000000E+02   0.9718696502920419E+00   0.7628212978253426E-03  -0.1416542971105605E-01   0.3868911279920742E-03   0.5988793206088241E-06   0.5092103287141427E-04   0.8076189527550336E-03
  0.5617499999999998E+02   0.9719301815110912E+00   0.7631506293822168E-03  -0.1413472963300910E-01   0.3870461067657511E-03   0.5996529529718400E-06   0.5069918164340835E-04   0.8078669880322864E-03
  0.5622499999999999E+02   0.9719901734221421E+00   0.7634925109759208E-03  -0.1410430402003093E-01   0.3872075484704383E-03   0.6004370347380458E-06   0.5047980044983164E-04   0.8081291357667780E-03
  0.5627500000000000E+02   0.9720496242857698E+00   0.7637878205506970E-03  -0.1407415374061582E-01   0.3873454699704436E-03   0.6011850568915289E-06   0.5026287653304588E-04   0.8083428238385241E-03
  0.5632500000000000E+02   0.9721085445453226E+00   0.7639736435965834E-03  -0.1404427348599901E-01   0.3874279661104715E-03   0.6018473592810457E-06   0.5004835251224692E-04   0.8084414771017418E-03
  0.5637500000000000E+02   0.9721669586350756E+00   0.7639860947673031E-03  -0.1401465085358500E-01   0.3874226404219390E-03   0.6023733418617127E-06   0.4983612058887130E-04   0.8083575015801867E-03
  0.5642500000000000E+02   0.9722249060576509E+00   0.7637638516954570E-03  -0.1398526580091153E-01   0.3872983968722539E-03   0.6027142496298695E-06   0.4962601954635845E-04   0.8080260212455390E-03
  0.5647499999999999E+02   0.9722824414505822E+00   0.7632521883205181E-03  -0.1395609061215930E-01   0.3870274848076305E-03   0.6028263667521277E-06   0.4941783549321098E-04   0.8073891423782623E-03
  0.5652500000000000E+02   0.9723396334327177E+00   0.7624071763845187E-03  -0.1392709048330887E-01   0.3865876290822152E-03   0.6026743604162571E-06   0.4921130701461015E-04   0.8064003950900002E-03
  0.5657500000000000E+02   0.9723965621473287E+00   0.7611996330071221E-03  -0.1389822476807079E-01   0.3859640313638466E-03   0.6022344412987360E-06   0.4900613492317832E-04   0.8050289056903808E-03
  0.5662500000000000E+02   0.9724533155868573E+00   0.7596183577146441E-03  -0.1386944884150421E-01   0.3851510111020557E-03   0.6014969778454049E-06   0.4880199618913055E-04   0.8032628171156583E-03
  0.5667500000000000E+02   0.9725099849651390E+00   0.7576722442393058E-03  -0.1384071644651408E-01   0.3841530759154549E-03   0.6004682322570753E-06   0.4859856099300214E-04   0.8011115190359751E-03
  0.5672499999999999E+02   0.9725666595577277E+00   0.7553909740876478E-03  -0.1381198230994163E-01   0.3829852728574999E-03   0.5991709802835339E-06   0.4839551132067530E-04   0.7986063779722054E-03
  0.5677500000000000E+02   0.9726234215217187E+00   0.7528241819891928E-03  -0.1378320476894224E-01   0.3816727648674934E-03   0.5976439206769398E-06   0.4819255924152343E-04   0.7957998514206703E-03
  0.5682500000000000E+02   0.9726803412089233E+00   0.7500391909441900E-03  -0.1375434814710386E-01   0.3802496819808856E-03   0.5959399445194315E-06   0.4798946305386996E-04   0.7927630895480749E-03
  0.5687500000000000E+02   0.9727374733985865E+00   0.7471176014857989E-03  -0.1372538466421624E-01   0.3787573916375399E-03   0.5941234838356049E-06   0.4778603984278930E-04   0.7895823256709562E-03
  0.5692499999999999E+02   0.9727948547197804E+00   0.7441511464193412E-03  -0.1369629574273301E-01   0.3772423966407599E-03   0.5922672613084772E-06   0.4758217358584925E-04   0.7863544906567287E-03
  0.5697500000000000E+02   0.9728525023470302E+00   0.7412372666055427E-03  -0.1366707266858025E-01   0.3757540917806539E-03   0.5904488005125114E-06   0.4737781862172168E-04   0.7831825332088286E-03
  0.5702499999999999E+02   0.9729104138771477E+00   0.7384748256021200E-03  -0.1363771665299207E-01   0.3743425909881026E-03   0.5887470285118967E-06   0.4717299891609656E-04   0.7801708880305008E-03
  0.5707500000000000E+02   0.9729685681636819E+00   0.7359602806978573E-03  -0.1360823840877123E-01   0.3730567860332795E-03   0.5872392249615300E-06   0.4696780400595063E-04   0.7774214277612915E-03
  0.5712500000000001E+02   0.9730269268150420E+00   0.7337844950747942E-03  -0.1357865739003961E-01   0.3719427304427957E-03   0.5859984675299647E-06   0.4676238272285440E-04   0.7750300940954302E-03
  0.5717499999999999E+02   0.9730854360537344E+00   0.7320302409508058E-03  -0.1354900084891308E-01   0.3710423739145539E-03   0.5850916166459145E-06   0.4655693579466768E-04   0.7730842608181306E-03
  0.5722500000000000E+02   0.9731440286754727E+00   0.7307703299258199E-03  -0.1351930284158032E-01   0.3703926148939460E-03   0.5845777919162974E-06   0.4635170825081131E-04   0.7716607613225975E-03
  0.5727499999999999E+02   0.9732026259205713E+00   0.7300662274319007E-03  -0.1348960327892390E-01   0.3700245987566202E-03   0.5845072286762994E-06   0.4614698227580941E-04   0.7708244292975409E-03
  0.5732500000000000E+02   0.9732611391584971E+00   0.7299669667127218E-03  -0.1345994707196874E-01   0.3699631680164401E-03   0.5849203690879694E-06   0.4594307083256584E-04   0.7706269574374586E-03
  0.5737500000000001E+02   0.9733194713759458E+00   0.7305081712912814E-03  -0.1343038337707303E-01   0.3702263677001550E-03   0.5858470359857595E-06   0.4574031205953611E-04   0.7711058722039882E-03
  0.5742499999999999E+02   0.9733775185402871E+00   0.7317110178689863E-03  -0.1340096490448106E-01   0.3708249206822631E-03   0.5873055550530551E-06   0.4553906416535930E-04   0.7722834469565303E-03
  0.5747499999999999E+02   0.9734351709784504E+00   0.7335810186497834E-03  -0.1337174721927492E-01   0.3717616116213223E-03   0.5893017277762747E-06   0.4533970031741659E-04   0.7741654254545277E-03
  0.5752500000000001E+02   0.9734923149627425E+00   0.7361065694515374E-03  -0.1334278793770760E-01   0.3730305522791149E-03   0.5918276111109006E-06   0.4514260285808200E-04   0.7767394988243280E-03
  0.5757500000000000E+02   0.9735488347256378E+00   0.7392572954407889E-03  -0.1331414570642431E-01   0.3746163443125802E-03   0.5948601282638996E-06   0.4494815609655116E-04   0.7799735692225167E-03
  0.5762500000000001E+02   0.9736046151288221E+00   0.7429823276989163E-03  -0.1328587885043575E-01   0.3764932069854793E-03   0.5983596167961127E-06   0.4475673693534952E-04   0.7838139402760939E-03
  0.5767500000000000E+02   0.9736595451782909E+00   0.7472087562271407E-03  -0.1325804359266691E-01   0.3786241941853177E-03   0.6022685115630833E-06   0.4456870272876350E-04   0.7881836928078033E-03
  0.5772499999999999E+02   0.9737135224959745E+00   0.7518406176110461E-03  -0.1323069178910108E-01   0.3809606821751481E-03   0.6065104522023720E-06   0.4438437606990129E-04   0.7929816229850056E-03
  0.5777500000000000E+02   0.9737664587198525E+00   0.7567588687168772E-03  -0.1320386819369157E-01   0.3834423566961328E-03   0.6109901820651288E-06   0.4420402669046537E-04   0.7980822181626836E-03
  0.5782500000000000E+02   0.9738182856076537E+00   0.7618228420191338E-03  -0.1317760736692264E-01   0.3859979504449675E-03   0.6155946437487223E-06   0.4402785132990274E-04   0.8033371923227173E-03
  0.5787499999999999E+02   0.9738689613789115E+00   0.7668736374501134E-03  -0.1315193046363372E-01   0.3885469613424893E-03   0.6201956462625348E-06   0.4385595323047663E-04   0.8085790602378734E-03
  0.5792500000000000E+02   0.9739184765843013E+00   0.7717397467858195E-03  -0.1312684226023375E-01   0.3910025015541681E-03   0.6246543528674047E-06   0.4368832370711870E-04   0.8136270623151082E-03
  0.5797499999999999E+02   0.9739668586020307E+00   0.7762449145593709E-03  -0.1310232887726603E-01   0.3932752793287494E-03   0.6288276038077181E-06   0.4352482881388075E-04   0.8182954446933895E-03
  0.5802500000000000E+02   0.9740141738052558E+00   0.7802178354183011E-03  -0.1307835668156654E-01   0.3952785110654227E-03   0.6325757606611447E-06   0.4336520422933710E-04   0.8224036737377198E-03
  0.5807500000000001E+02   0.9740605265898789E+00   0.7835028406284006E-03  -0.1305487277865802E-01   0.3969333344976760E-03   0.6357713939735327E-06   0.4320906089884581E-04   0.8257876930745109E-03
  0.5812499999999999E+02   0.9741060548253722E+00   0.7859703477723191E-03  -0.1303180731697962E-01   0.3981741020628540E-03   0.6383078236097142E-06   0.4305590263660002E-04   0.8283109323266948E-03
  0.5817500000000000E+02   0.9741509218501150E+00   0.7875256636575767E-03  -0.1300907754251168E-01   0.3989528402635826E-03   0.6401063647637451E-06   0.4290515497450519E-04   0.8298735825007130E-03
  0.5822500000000000E+02   0.9741953057601480E+00   0.7881148346475236E-03  -0.1298659322454332E-01   0.3992422135491914E-03   0.6411212093564469E-06   0.4275620246109577E-04   0.8304187622457116E-03
  0.5827500000000000E+02   0.9742393872729220E+00   0.7877266461576630E-03  -0.1296426280347862E-01   0.3990365376207369E-03   0.6413411969424257E-06   0.4260842991373214E-04   0.8299346280269396E-03
  0.5832500000000000E+02   0.9742833377325153E+00   0.7863905006820959E-03  -0.1294199946720487E-01   0.3983507049523013E-03   0.6407882355855069E-06   0.4246126230699753E-04   0.8284521421421011E-03
  0.5837499999999999E+02   0.9743273087774934E+00   0.7841705921844079E-03  -0.1291972638542493E-01   0.3972172340719893E-03   0.6395126931303641E-06   0.4231419828183712E-04   0.8260389378236241E-03
  0.5842500000000000E+02   0.9743714248382727E+00   0.7811573664573106E-03  -0.1289738051078326E-01   0.3956819438193397E-03   0.6375865484001948E-06   0.4216683357390483E-04   0.8227903233537391E-03
  0.5847500000000000E+02   0.9744157790805186E+00   0.7774575815472700E-03  -0.1287491463436785E-01   0.3937989182289390E-03   0.6350953625675328E-06   0.4201887257791345E-04   0.8188188094647418E-03
  0.5852500000000000E+02   0.9744604328205745E+00   0.7731843168268264E-03  -0.1285229768232565E-01   0.3916254452152934E-03   0.6321301665766253E-06   0.4187012825479991E-04   0.8142435810933538E-03
  0.5857500000000000E+02   0.9745054179475017E+00   0.7684480690958797E-03  -0.1282951348930184E-01   0.3892175057887287E-03   0.6287801960704002E-06   0.4172051219193264E-04   0.8091811133921928E-03
  0.5862500000000000E+02   0.9745507415754910E+00   0.7633497190636877E-03  -0.1280655844190404E-01   0.3866262106942719E-03   0.6251271208618693E-06   0.4157001759118899E-04   0.8037377579195608E-03
  0.5867499999999999E+02   0.9745963920338503E+00   0.7579757609228399E-03  -0.1278343844447394E-01   0.3838953834650633E-03   0.6212411001147555E-06   0.4141869826335849E-04   0.7980047132344620E-03
  0.5872500000000000E+02   0.9746423453421000E+00   0.7523958447931860E-03  -0.1276016563903593E-01   0.3810603151361941E-03   0.6171787151888204E-06   0.4126664649373217E-04   0.7920554325918004E-03
  0.5877500000000001E+02   0.9746885714548710E+00   0.7466624291542202E-03  -0.1273675524181028E-01   0.3781475878488215E-03   0.6129826248680599E-06   0.4111397212432678E-04   0.7859452550103355E-03
  0.5882500000000000E+02   0.9747350397380390E+00   0.7408121836196738E-03  -0.1271322276913445E-01   0.3751757851439570E-03   0.6086826576887287E-06   0.4096078456719114E-04   0.7797128806669358E-03
  0.5887499999999999E+02   0.9747817233140017E+00   0.7348687042416278E-03  -0.1268958183622138E-01   0.3721568671423282E-03   0.6042979897678880E-06   0.4080717885160311E-04   0.7733832291623176E-03
  0.5892499999999999E+02   0.9748286020709689E+00   0.7288460792224385E-03  -0.1266584263265502E-01   0.3690979764975689E-03   0.5998400340819941E-06   0.4065322627587938E-04   0.7669711936334711E-03
  0.5897499999999999E+02   0.9748756642652238E+00   0.7227528515946402E-03  -0.1264201111058716E-01   0.3660034454208436E-03   0.5953156717367116E-06   0.4049896978947499E-04   0.7604858129423390E-03
  0.5902500000000001E+02   0.9749229067610117E+00   0.7165959553260935E-03  -0.1261808886298921E-01   0.3628767892359421E-03   0.5907304779156740E-06   0.4034442385569074E-04   0.7539344158026498E-03
  0.5907500000000000E+02   0.9749703340547146E+00   0.7103842494355998E-03  -0.1259407361764886E-01   0.3597224963183577E-03   0.5860916325747331E-06   0.4018957822275712E-04   0.7473263415336377E-03
  0.5912499999999999E+02   0.9750179563183373E+00   0.7041313429215062E-03  -0.1256996022785095E-01   0.3565474588376841E-03   0.5814102602159051E-06   0.4003440476024434E-04   0.7406759140781055E-03
  0.5917500000000000E+02   0.9750657867662696E+00   0.6978574930279907E-03  -0.1254574200577463E-01   0.3533619341748141E-03   0.5767030155388511E-06   0.3987886631647319E-04   0.7340044404672701E-03
  0.5922499999999999E+02   0.9751138386895146E+00   0.6915904671926249E-03  -0.1252141222427816E-01   0.3501799814973306E-03   0.5719928197572652E-06   0.3972292644915061E-04   0.7273411184641264E-03
  0.5927500000000001E+02   0.9751621225046643E+00   0.6853653749198845E-03  -0.1249696561118752E-01   0.3470193766766865E-03   0.5673087477184375E-06   0.3956655890007887E-04   0.7207228601328853E-03
  0.5932500000000001E+02   0.9752106431278684E+00   0.6792235846543758E-03  -0.1247239967897096E-01   0.3439010638454922E-03   0.5626851561771477E-06   0.3940975583134821E-04   0.7141931526215665E-03
  0.5937499999999999E+02   0.9752593979120152E+00   0.6732109262493353E-03  -0.1244771576916426E-01   0.3408482452013525E-03   0.5581602151379581E-06   0.3925253409446592E-04   0.7078001674291696E-03
  0.5942500000000000E+02   0.9753083752911399E+00   0.6673754294443628E-03  -0.1242291973862997E-01   0.3378852358884922E-03   0.5537740466428435E-06   0.3909493912124785E-04   0.7015943818203812E-03
  0.5947499999999999E+02   0.9753575541770980E+00   0.6617648580640330E-03  -0.1239802226485809E-01   0.3350362154912104E-03   0.5495666844944026E-06   0.3893704634864115E-04   0.6956259857876283E-03
  0.5952500000000000E+02   0.9754069040668921E+00   0.6564242723312256E-03  -0.1237303879140228E-01   0.3323239938326175E-03   0.5455760471339018E-06   0.3877896036479757E-04   0.6899423191597646E-03
  0.5957500000000000E+02   0.9754563857574110E+00   0.6513937987242709E-03  -0.1234798916575564E-01   0.3297688819435781E-03   0.5418360731104139E-06   0.3862081215213350E-04   0.6845855276679228E-03
  0.5962499999999999E+02   0.9755059525333580E+00   0.6467067227079689E-03  -0.1232289703765954E-01   0.3273877266002731E-03   0.5383751161899556E-06   0.3846275488994001E-04   0.6795905592784910E-03
  0.5967500000000000E+02   0.9755555516923093E+00   0.6423879586001965E-03  -0.1229778908676882E-01   0.3251931358978348E-03   0.5352146468904826E-06   0.3830495877232490E-04   0.6749835577981164E-03
  0.5972500000000000E+02   0.9756051262912144E+00   0.6384529036311489E-03  -0.1227269413827348E-01   0.3231928994177908E-03   0.5323682681471661E-06   0.3814760522154713E-04   0.6707806610435505E-03
  0.5977500000000000E+02   0.9756546170312985E+00   0.6349066559497142E-03  -0.1224764220854990E-01   0.3213895927159942E-03   0.5298410300498289E-06   0.3799088076546660E-04   0.6669871820997240E-03
  0.5982500000000000E+02   0.9757039642328853E+00   0.6317435701229466E-03  -0.1222266350540346E-01   0.3197803527082657E-03   0.5276290232845660E-06   0.3783497073414412E-04   0.6635971456116646E-03
  0.5987499999999999E+02   0.9757531098788996E+00   0.6289471357194100E-03  -0.1219778739366939E-01   0.3183568166242125E-03   0.5257192408255788E-06   0.3768005284355372E-04   0.6605931636774609E-03
  0.5992500000000000E+02   0.9758019997187694E+00   0.6264901890567254E-03  -0.1217304133036745E-01   0.3171052295942896E-03   0.5240897178273420E-06   0.3752629069462185E-04   0.6579466616198304E-03
  0.5997500000000000E+02   0.9758505854188186E+00   0.6243354972728576E-03  -0.1214844977644602E-01   0.3160067406542858E-03   0.5227099840701357E-06   0.3737382723532130E-04   0.6556184944560715E-03
  0.6002500000000000E+02   0.9758988267198672E+00   0.6224367783704137E-03  -0.1212403310498644E-01   0.3150379193487167E-03   0.5215418840538341E-06   0.3722277831399660E-04   0.6535600206183736E-03
  0.6007500000000000E+02   0.9759466935201148E+00   0.6207402310551325E-03  -0.1209980654730858E-01   0.3141715302664624E-03   0.5205408287258132E-06   0.3707322658372508E-04   0.6517147101859582E-03
  0.6012500000000000E+02   0.9759941677483508E+00   0.6191866349993668E-03  -0.1207577924525582E-01   0.3133775961714588E-03   0.5196575321793144E-06   0.3692521617727536E-04   0.6500203510871327E-03
  0.6017500000000000E+02   0.9760412448406057E+00   0.6177140392572126E-03  -0.1205195350421107E-01   0.3126247586845376E-03   0.5188402509718422E-06   0.3677874872329112E-04   0.6484118717515221E-03
  0.6022500000000000E+02   0.9760879345980212E+00   0.6162609829979580E-03  -0.1202832435927303E-01   0.3118819082532380E-03   0.5180374819905732E-06   0.3663378136886350E-04   0.6468247215551727E-03
  0.6027500000000001E+02   0.9761342612017463E+00   0.6147700956951056E-03  -0.1200487956801910E-01   0.3111200060514013E-03   0.5172009928651768E-06   0.3649022746151810E-04   0.6451986486453653E-03
  0.6032499999999999E+02   0.9761802622056254E+00   0.6131918200826926E-03  -0.1198160012053218E-01   0.3103139679167404E-03   0.5162889706715335E-06   0.3634796038641079E-04   0.6434816058498876E-03
  0.6037500000000000E+02   0.9762259864237818E+00   0.6114879151309298E-03  -0.1195846130861411E-01   0.3094444368911941E-03   0.5152690007309428E-06   0.3620682074323660E-04   0.6416334251333977E-03
  0.6042499999999999E+02   0.9762714907684609E+00   0.6096343549651843E-03  -0.1193543432615285E-01   0.3084992500208838E-03   0.5141205505524609E-06   0.3606662661635701E-04   0.6396288577487368E-03
  0.6047500000000000E+02   0.9763168362492080E+00   0.6076232638227498E-03  -0.1191248829381253E-01   0.3074744173082057E-03   0.5128366522299761E-06   0.3592718621981637E-04   0.6374596026281631E-03
  0.6052500000000001E+02   0.9763620834827721E+00   0.6054636225407614E-03  -0.1188959253123267E-01   0.3063744789875109E-03   0.5114245551876044E-06   0.3578831179431819E-04   0.6351350456791892E-03
  0.6057499999999999E+02   0.9764072881489305E+00   0.6031806344314451E-03  -0.1186671885650570E-01   0.3052121843995723E-03   0.5099052485046156E-06   0.3564983340060558E-04   0.6326815925262588E-03
  0.6062499999999999E+02   0.9764524968372579E+00   0.6008138156233755E-03  -0.1184384368773306E-01   0.3040075254226886E-03   0.5083119013780310E-06   0.3551161125877191E-04   0.6301406631899205E-03
  0.6067500000000000E+02   0.9764977436607812E+00   0.5984140365055443E-03  -0.1182094975642800E-01   0.3027862391729737E-03   0.5066874074542707E-06   0.3537354552698346E-04   0.6275655867008508E-03
  0.6072499999999999E+02   0.9765430478833502E+00   0.5960398509839389E-03  -0.1179802730787338E-01   0.3015779503860769E-03   0.5050813133123261E-06   0.3523558283108896E-04   0.6250177491216476E-03
  0.6077500000000001E+02   0.9765884126523919E+00   0.5937534889537805E-03  -0.1177507474206585E-01   0.3004141434698211E-03   0.5035464460757802E-06   0.3509771934071568E-04   0.6225623890200450E-03
  0.6082500000000000E+02   0.9766338247849505E+00   0.5916168554791468E-03  -0.1175209872163785E-01   0.2993261380640690E-03   0.5021355301291581E-06   0.3496000062320834E-04   0.6202644009165243E-03
  0.6087499999999999E+02   0.9766792554519307E+00   0.5896877961847752E-03  -0.1172911382526531E-01   0.2983431994375848E-03   0.5008980134662387E-06   0.3482251880771502E-04   0.6181844190618756E-03
  0.6092500000000000E+02   0.9767246615580290E+00   0.5880167804381551E-03  -0.1170614184907481E-01   0.2974908604300753E-03   0.4998772338655337E-06   0.3468540771816206E-04   0.6163753406105402E-03
  0.6097499999999999E+02   0.9767699876221526E+00   0.5866440505664263E-03  -0.1168321085486579E-01   0.2967894793499646E-03   0.4991079679859700E-06   0.3454883659376283E-04   0.6148793387821848E-03
  0.6102500000000001E+02   0.9768151680128285E+00   0.5855972088021356E-03  -0.1166035403881516E-01   0.2962530194934292E-03   0.4986143415345433E-06   0.3441300285108505E-04   0.6137253362253867E-03
  0.6107500000000000E+02   0.9768601294667356E+00   0.5848891768981668E-03  -0.1163760845707285E-01   0.2958880173420497E-03   0.4984080471550768E-06   0.3427812411125421E-04   0.6129268701581230E-03
  0.6112499999999999E+02   0.9769047938961976E+00   0.5845164706532659E-03  -0.1161501360533790E-01   0.2956927101783537E-03   0.4984868225308692E-06   0.3414442948058364E-04   0.6124802884145922E-03
  0.6117500000000000E+02   0.9769490815546277E+00   0.5844577803313706E-03  -0.1159260981754773E-01   0.2956563185062205E-03   0.4988331824569633E-06   0.3401214988825971E-04   0.6123632665221491E-03
  0.6122500000000001E+02   0.9769929146606877E+00   0.5846729301761537E-03  -0.1157043643272682E-01   0.2957585202460208E-03   0.4994134688031468E-06   0.3388150719919297E-04   0.6125337220068530E-03
  0.6127499999999999E+02   0.9770362215674409E+00   0.5851023926737257E-03  -0.1154852968635256E-01   0.2959692054927419E-03   0.5001773702678524E-06   0.3375270187510048E-04   0.6129293094015310E-03
  0.6132500000000000E+02   0.9770789414899832E+00   0.5856676360068624E-03  -0.1152692031940117E-01   0.2962486526168759E-03   0.5010581527381590E-06   0.3362589918388272E-04   0.6134677870749537E-03
  0.6137500000000000E+02   0.9771210296682636E+00   0.5862726581425264E-03  -0.1150563096739876E-01   0.2965483044259965E-03   0.5019739068429153E-06   0.3350121436777949E-04   0.6140486255729121E-03
  0.6142500000000000E+02   0.9771624626480768E+00   0.5868070724063148E-03  -0.1148467348976556E-01   0.2968123288881750E-03   0.5028301310549997E-06   0.3337869774770096E-04   0.6145562392046026E-03
  0.6147500000000000E+02   0.9772032431401596E+00   0.5871510194657236E-03  -0.1146404651255029E-01   0.2969801034521391E-03   0.5035238936470211E-06   0.3325832137739725E-04   0.6148651286058320E-03
  0.6152499999999998E+02   0.9772434037184149E+00   0.5871819625890534E-03  -0.1144373355824191E-01   0.2969896517385780E-03   0.5039496312420482E-06   0.3313996940594175E-04   0.6148469939232141E-03
  0.6157500000000000E+02   0.9772830085190554E+00   0.5867830800349326E-03  -0.1142370218655131E-01   0.2967818879194202E-03   0.5040063474461113E-06   0.3302343454062727E-04   0.6143795193700118E-03
  0.6162500000000000E+02   0.9773221521818152E+00   0.5858525516043662E-03  -0.1140390452993700E-01   0.2963053133068475E-03   0.5036056151821489E-06   0.3290842270289060E-04   0.6133560936834123E-03
  0.6167500000000000E+02   0.9773609555810474E+00   0.5843126494716501E-03  -0.1138427945258691E-01   0.2955206139894813E-03   0.5026794495651409E-06   0.3279456701247891E-04   0.6116953259752441E-03
  0.6172500000000000E+02   0.9773995584097583E+00   0.5821173214304378E-03  -0.1136475630100786E-01   0.2944044960669407E-03   0.5011869209244307E-06   0.3268145069658764E-04   0.6093489839354155E-03
  0.6177500000000000E+02   0.9774381092979492E+00   0.5792570150465514E-03  -0.1134525990166968E-01   0.2929521255261161E-03   0.4991184222111991E-06   0.3256863672824225E-04   0.6063070442577563E-03
  0.6182500000000000E+02   0.9774767546953006E+00   0.5757598744005641E-03  -0.1132571618364975E-01   0.2911777335696908E-03   0.4964968284451411E-06   0.3245570046215766E-04   0.6025989460185559E-03
  0.6187500000000000E+02   0.9775156280485093E+00   0.5716890738779879E-03  -0.1130605765232329E-01   0.2891132682175128E-03   0.4933753271103627E-06   0.3234226076580641E-04   0.5982907999957557E-03
  0.6192500000000000E+02   0.9775548407482222E+00   0.5671367629493051E-03  -0.1128622796811385E-01   0.2868053318321811E-03   0.4898323099396333E-06   0.3222800542275597E-04   0.5934790496793473E-03
  0.6197500000000000E+02   0.9775944759250272E+00   0.5622156756374285E-03  -0.1126618508430877E-01   0.2843109374616505E-03   0.4859642203988266E-06   0.3211270783502828E-04   0.5882816868609514E-03
  0.6202500000000000E+02   0.9776345855702446E+00   0.5570497534430418E-03  -0.1124590270327619E-01   0.2816927661619954E-03   0.4818775124114414E-06   0.3199623386111253E-04   0.5828284338809709E-03
  0.6207499999999999E+02   0.9776751908330290E+00   0.5517650950901224E-03  -0.1122537012614944E-01   0.2790145895837343E-03   0.4776808527780975E-06   0.3187853944124514E-04   0.5772512677777441E-03
  0.6212500000000000E+02   0.9777162848653549E+00   0.5464822463065659E-03  -0.1120459081380387E-01   0.2763373703142163E-03   0.4734784469946516E-06   0.3175966101183302E-04   0.5716763474605149E-03
  0.6217500000000000E+02   0.9777578373376550E+00   0.5413104096235621E-03  -0.1118358010281495E-01   0.2737163333512637E-03   0.4693649980870501E-06   0.3163970136498141E-04   0.5662179514340467E-03
  0.6222500000000000E+02   0.9777997997287452E+00   0.5363437238581132E-03  -0.1116236252977887E-01   0.2711990844271769E-03   0.4654224377837494E-06   0.3151881359375810E-04   0.5609745829615500E-03
  0.6227499999999999E+02   0.9778421106409586E+00   0.5316594303827391E-03  -0.1114096914288709E-01   0.2688246826860209E-03   0.4617182812631169E-06   0.3139718527929632E-04   0.5560270512315763E-03
  0.6232500000000000E+02   0.9778847006202689E+00   0.5273175468401427E-03  -0.1111943506389668E-01   0.2666234758462542E-03   0.4583052848819287E-06   0.3127502437601253E-04   0.5514381313043343E-03
  0.6237499999999999E+02   0.9779274961977682E+00   0.5233616002897437E-03  -0.1109779744396655E-01   0.2646174712408373E-03   0.4552220244112233E-06   0.3115254755000939E-04   0.5472533336485308E-03
  0.6242500000000000E+02   0.9779704230661400E+00   0.5198199968126267E-03  -0.1107609385704844E-01   0.2628210287887840E-03   0.4524940306054634E-06   0.3102997115478236E-04   0.5435023402749746E-03
  0.6247500000000001E+02   0.9780134084431554E+00   0.5167076832844027E-03  -0.1105436110452351E-01   0.2612417017488939E-03   0.4501351851429377E-06   0.3090750463799126E-04   0.5402007468622870E-03
  0.6252499999999999E+02   0.9780563827540771E+00   0.5140278556751293E-03  -0.1103263436437718E-01   0.2598811010031441E-03   0.4481491640980289E-06   0.3078534595655375E-04   0.5373518535752419E-03
  0.6257500000000000E+02   0.9780992807970249E+00   0.5117735642443948E-03  -0.1101094660193991E-01   0.2587357071779490E-03   0.4465307985422011E-06   0.3066367849928111E-04   0.5349483478131826E-03
  0.6262499999999999E+02   0.9781420425537100E+00   0.5099291472691688E-03  -0.1098932816004938E-01   0.2577975960160769E-03   0.4452672920312543E-06   0.3054266903397395E-04   0.5329738072198414E-03
  0.6267500000000000E+02   0.9781846137850619E+00   0.5084714869534817E-03  -0.1096780645806428E-01   0.2570550737749681E-03   0.4443392885680811E-06   0.3042246627186643E-04   0.5314040162049311E-03
  0.6272500000000001E+02   0.9782269465167029E+00   0.5073711237382290E-03  -0.1094640574664230E-01   0.2564932409558890E-03   0.4437218218382634E-06   0.3030319974853404E-04   0.5302081337836033E-03
  0.6277499999999999E+02   0.9782689994795575E+00   0.5065932899863570E-03  -0.1092514688525315E-01   0.2560945151881164E-03   0.4433851983936712E-06   0.3018497883790986E-04   0.5293497764465583E-03
  0.6282500000000000E+02   0.9783107385306671E+00   0.5060989329233671E-03  -0.1090404712973525E-01   0.2558391485956013E-03   0.4432958756021216E-06   0.3006789183209241E-04   0.5287880890926493E-03
  0.6287500000000001E+02   0.9783521370419582E+00   0.5058457915215379E-03  -0.1088311993607127E-01   0.2557057723495953E-03   0.4434173910206961E-06   0.2995200512463142E-04   0.5284788716350306E-03
  0.6292500000000000E+02   0.9783931762135639E+00   0.5057895744490306E-03  -0.1086237480230712E-01   0.2556719922305764E-03   0.4437113847998563E-06   0.2983736262018807E-04   0.5283758105395928E-03
  0.6297499999999999E+02   0.9784338452466361E+00   0.5058852585061639E-03  -0.1084181718148824E-01   0.2557150450217640E-03   0.4441387326705990E-06   0.2972398555012259E-04   0.5284318356226107E-03
  0.6302499999999999E+02   0.9784741413015905E+00   0.5060884925201661E-03  -0.1082144850303701E-01   0.2558125081433895E-03   0.4446607769072452E-06   0.2961187289362436E-04   0.5286005864577705E-03
  0.6307500000000000E+02   0.9785140691736796E+00   0.5063570553068269E-03  -0.1080126633698242E-01   0.2559430365583765E-03   0.4452406106033121E-06   0.2950100258208437E-04   0.5288379347774635E-03
  0.6312500000000000E+02   0.9785536406391212E+00   0.5066522840955446E-03  -0.1078126472467367E-01   0.2560870847004983E-03   0.4458443419688653E-06   0.2939133360056295E-04   0.5291034756296837E-03
  0.6317500000000000E+02   0.9785928734594509E+00   0.5069403681266364E-03  -0.1076143468220292E-01   0.2562275602163668E-03   0.4464422457958269E-06   0.2928280900187182E-04   0.5293618774220579E-03
  0.6322499999999999E+02   0.9786317900741350E+00   0.5071933962135958E-03  -0.1074176486134892E-01   0.2563503533243316E-03   0.4470097034399261E-06   0.2917535973124235E-04   0.5295839748231612E-03
  0.6327500000000000E+02   0.9786704160543356E+00   0.5073900595037023E-03  -0.1072224233119667E-01   0.2564446918827673E-03   0.4475278430237963E-06   0.2906890904383364E-04   0.5297475014935557E-03
  0.6332500000000000E+02   0.9787087784258590E+00   0.5075159403375657E-03  -0.1070285342582977E-01   0.2565032872555222E-03   0.4479838172044744E-06   0.2896337720586705E-04   0.5298373906010844E-03
  0.6337500000000000E+02   0.9787469039898292E+00   0.5075633600804015E-03  -0.1068358459313046E-01   0.2565222572758278E-03   0.4483706925421549E-06   0.2885868612118577E-04   0.5298456148963238E-03
  0.6342500000000000E+02   0.9787848177716566E+00   0.5075308054293206E-03  -0.1066442317869942E-01   0.2565008361773458E-03   0.4486869655814219E-06   0.2875476352778441E-04   0.5297705868014479E-03
  0.6347499999999999E+02   0.9788225417126112E+00   0.5074219955397282E-03  -0.1064535808712763E-01   0.2564409030105983E-03   0.4489357587656624E-06   0.2865154646131582E-04   0.5296161836757595E-03
  0.6352500000000000E+02   0.9788600936877705E+00   0.5072446842271961E-03  -0.1062638027829188E-01   0.2563463761899546E-03   0.4491237779077602E-06   0.2854898377246508E-04   0.5293904967187023E-03
  0.6357499999999999E+02   0.9788974868958464E+00   0.5070093082917215E-03  -0.1060748307568471E-01   0.2562225302996231E-03   0.4492601283403499E-06   0.2844703759353020E-04   0.5291044194768726E-03
  0.6362500000000000E+02   0.9789347296275765E+00   0.5067275940473367E-03  -0.1058866228341027E-01   0.2560752918077463E-03   0.4493550884017451E-06   0.2834568375672236E-04   0.5287701929785133E-03
  0.6367500000000000E+02   0.9789718253861519E+00   0.5064112219347423E-03  -0.1056991612526315E-01   0.2559105641661764E-03   0.4494189287004508E-06   0.2824491125603680E-04   0.5284000117533313E-03
  0.6372499999999999E+02   0.9790087733093701E+00   0.5060706281479753E-03  -0.1055124503132776E-01   0.2557336221844043E-03   0.4494608475473173E-06   0.2814472090631328E-04   0.5280047731071425E-03
  0.6377500000000000E+02   0.9790455688301931E+00   0.5057139976069175E-03  -0.1053265130410608E-01   0.2555486031314942E-03   0.4494880715130096E-06   0.2804512338446457E-04   0.5275930263236164E-03
  0.6382500000000000E+02   0.9790822045092028E+00   0.5053464788451869E-03  -0.1051413869779461E-01   0.2553581100088330E-03   0.4495051492283776E-06   0.2794613684226947E-04   0.5271701536466655E-03
  0.6387500000000000E+02   0.9791186709767382E+00   0.5049696316274167E-03  -0.1049571194215615E-01   0.2551629324510302E-03   0.4495134491245521E-06   0.2784778426452860E-04   0.5267377942656672E-03
  0.6392500000000000E+02   0.9791549579312777E+00   0.5045811039913429E-03  -0.1047737623799638E-01   0.2549618835762480E-03   0.4495108592885589E-06   0.2775009071936352E-04   0.5262935077829410E-03
  0.6397500000000000E+02   0.9791910551510086E+00   0.5041745271771415E-03  -0.1045913674600518E-01   0.2547517469461644E-03   0.4494916802497954E-06   0.2765308061690668E-04   0.5258306650473811E-03
  0.6402499999999999E+02   0.9792269534851208E+00   0.5037396137783673E-03  -0.1044099808587429E-01   0.2545273262149972E-03   0.4494466986569463E-06   0.2755677506504397E-04   0.5253385509740808E-03
  0.6407500000000000E+02   0.9792626457985044E+00   0.5032624450018960E-03  -0.1042296385898711E-01   0.2542815903269314E-03   0.4493634302177059E-06   0.2746118939049159E-04   0.5248026645504397E-03
  0.6412500000000000E+02   0.9792981278473029E+00   0.5027259354164990E-03  -0.1040503620607269E-01   0.2540059083815155E-03   0.4492265224236946E-06   0.2736633088260538E-04   0.5242052038362822E-03
  0.6417500000000000E+02   0.9793333990629741E+00   0.5021104661783840E-03  -0.1038721541110954E-01   0.2536903696060137E-03   0.4490183098533861E-06   0.2727219681610274E-04   0.5235257264968786E-03
  0.6422499999999999E+02   0.9793684632195850E+00   0.5013946787199078E-03  -0.1036949956424271E-01   0.2533241843794891E-03   0.4487195156914612E-06   0.2717877281591689E-04   0.5227419774615331E-03
  0.6427499999999999E+02   0.9794033289541038E+00   0.5005564188058129E-03  -0.1035188429898370E-01   0.2528961612033406E-03   0.4483100911968308E-06   0.2708603163954088E-04   0.5218308731445923E-03
  0.6432500000000000E+02   0.9794380101040945E+00   0.4995738146829932E-03  -0.1033436262166942E-01   0.2523952513933832E-03   0.4477701792607688E-06   0.2699393246495653E-04   0.5207696252401595E-03
  0.6437500000000000E+02   0.9794725258235890E+00   0.4984264624475727E-03  -0.1031692485298952E-01   0.2518111479139597E-03   0.4470811785989541E-06   0.2690242077992147E-04   0.5195369760650602E-03
  0.6442499999999998E+02   0.9795069004383237E+00   0.4970966773366635E-03  -0.1029955870118437E-01   0.2511349174929676E-03   0.4462268720331714E-06   0.2681142896503698E-04   0.5181145024120770E-03
  0.6447499999999999E+02   0.9795411630081275E+00   0.4955707531433566E-03  -0.1028224948317946E-01   0.2503596368179587E-03   0.4451945672601730E-06   0.2672087764325590E-04   0.5164879276816374E-03
  0.6452500000000001E+02   0.9795753465784468E+00   0.4938401561718000E-03  -0.1026498050275393E-01   0.2494809956419725E-03   0.4439761839970160E-06   0.2663067782912506E-04   0.5146483656233506E-03
  0.6457500000000000E+02   0.9796094871248440E+00   0.4919025686982701E-03  -0.1024773358379605E-01   0.2484978238440419E-03   0.4425692106814254E-06   0.2654073385242099E-04   0.5125934070946695E-03
  0.6462500000000000E+02   0.9796436222221505E+00   0.4897626935133541E-03  -0.1023048974263985E-01   0.2474124977773895E-03   0.4409774503805983E-06   0.2645094695799183E-04   0.5103279577190253E-03
  0.6467499999999998E+02   0.9796777895001901E+00   0.4874327387176488E-03  -0.1021322996819829E-01   0.2462311850773615E-03   0.4392114819169160E-06   0.2636121940628518E-04   0.5078647422513330E-03
  0.6472499999999999E+02   0.9797120249756734E+00   0.4849325216790315E-03  -0.1019593606462477E-01   0.2449638970722053E-03   0.4372887795681081E-06   0.2627145883038680E-04   0.5052244120333378E-03
  0.6477500000000001E+02   0.9797463613695335E+00   0.4822891616036359E-03  -0.1017859150130052E-01   0.2436243333709778E-03   0.4352334619267065E-06   0.2618158255941199E-04   0.5024352237584953E-03
  0.6482499999999999E+02   0.9797808265261035E+00   0.4795363675991192E-03  -0.1016118221134366E-01   0.2422295221106931E-03   0.4330756741382502E-06   0.2609152160590666E-04   0.4995322967737712E-03
  0.6487500000000000E+02   0.9798154420427138E+00   0.4767133675302621E-03  -0.1014369728378939E-01   0.2407992787549763E-03   0.4308506425057760E-06   0.2600122404187275E-04   0.4965564961876245E-03
  0.6492500000000000E+02   0.9798502221961353E+00   0.4738635558178818E-03  -0.1012612950578318E-01   0.2393555229320756E-03   0.4285974704172512E-06   0.2591065755141415E-04   0.4935530232865963E-03
  0.6497499999999999E+02   0.9798851732194090E+00   0.4710329599437999E-03  -0.1010847572774376E-01   0.2379215037173349E-03   0.4263577645520674E-06   0.2581981103750812E-04   0.4905698172795178E-03
  0.6502500000000001E+02   0.9799202929447742E+00   0.4682686323924698E-03  -0.1009073704356533E-01   0.2365209872842043E-03   0.4241741871896600E-06   0.2572869526040114E-04   0.4876558796407629E-03
  0.6507500000000000E+02   0.9799555707922587E+00   0.4656170666722626E-03  -0.1007291879618988E-01   0.2351774567607771E-03   0.4220890237028478E-06   0.2563734257828715E-04   0.4848596238845474E-03
  0.6512500000000000E+02   0.9799909880548950E+00   0.4631227153997135E-03  -0.1005503043332923E-01   0.2339133636905274E-03   0.4201428361195248E-06   0.2554580593240656E-04   0.4822273320610090E-03
  0.6517500000000000E+02   0.9800265184145138E+00   0.4608266597656613E-03  -0.1003708524671332E-01   0.2327494560139690E-03   0.4183732480393029E-06   0.2545415725877634E-04   0.4798017693834297E-03
  0.6522499999999999E+02   0.9800621286182533E+00   0.4587654485062664E-03  -0.1001910003016437E-01   0.2317041917274590E-03   0.4168138781149374E-06   0.2536248551412553E-04   0.4776209758793278E-03
  0.6527499999999999E+02   0.9800977792546451E+00   0.4569700960166727E-03  -0.1000109468739241E-01   0.2307932329846250E-03   0.4154934135019507E-06   0.2527089447693906E-04   0.4757172242692438E-03
  0.6532500000000000E+02   0.9801334255870314E+00   0.4554652076993953E-03  -0.9983091810864875E-02   0.2300290045209926E-03   0.4144347950111966E-06   0.2517950043264583E-04   0.4741161108207997E-03
  0.6537500000000000E+02   0.9801690184277908E+00   0.4542681889399620E-03  -0.9965116240108318E-02   0.2294202943712301E-03   0.4136544748632036E-06   0.2508842978405770E-04   0.4728357337272233E-03
  0.6542500000000000E+02   0.9802045050656846E+00   0.4533884939259408E-03  -0.9947194593235786E-02   0.2289718747575619E-03   0.4131617075361381E-06   0.2499781655406392E-04   0.4718859133612552E-03
  0.6547499999999999E+02   0.9802398302867357E+00   0.4528268826092393E-03  -0.9929354751305741E-02   0.2286841271288750E-03   0.4129578449723227E-06   0.2490779967726181E-04   0.4712674213188893E-03
  0.6552499999999999E+02   0.9802749375524336E+00   0.4525746784850322E-03  -0.9911625263302359E-02   0.2285526676370628E-03   0.4130356294724920E-06   0.2481851992063454E-04   0.4709712105174717E-03
  0.6557500000000000E+02   0.9803097704132852E+00   0.4526130557915764E-03  -0.9894034632348059E-02   0.2285679874797590E-03   0.4133785103779750E-06   0.2473011624166373E-04   0.4709776759820074E-03
  0.6562500000000001E+02   0.9803442742356557E+00   0.4529124302362125E-03  -0.9876610443792511E-02   0.2287151455129328E-03   0.4139600523822378E-06   0.2464272139774713E-04   0.4712560232715396E-03
  0.6567500000000000E+02   0.9803783982997742E+00   0.4534320782399323E-03  -0.9859378305953514E-02   0.2289735762300856E-03   0.4147435502645012E-06   0.2455645667703333E-04   0.4717638744120242E-03
  0.6572499999999999E+02   0.9804120982812959E+00   0.4541201584047198E-03  -0.9842360597248856E-02   0.2293171007995447E-03   0.4156820101170172E-06   0.2447142574012785E-04   0.4724472918529684E-03
  0.6577499999999999E+02   0.9804453390548724E+00   0.4549143436117671E-03  -0.9825575050785629E-02   0.2297142463738646E-03   0.4167186898921475E-06   0.2438770775043038E-04   0.4732414370538447E-03
  0.6582500000000000E+02   0.9804780976581106E+00   0.4557432770198216E-03  -0.9809033257998867E-02   0.2301289813415192E-03   0.4177883977151742E-06   0.2430535022022243E-04   0.4740720853754125E-03
  0.6587500000000001E+02   0.9805103661395722E+00   0.4565290229169106E-03  -0.9792739230850223E-02   0.2305219528295010E-03   0.4188197087862087E-06   0.2422436227914391E-04   0.4748581749829976E-03
  0.6592499999999998E+02   0.9805421539080399E+00   0.4571905805436750E-03  -0.9776688215831664E-02   0.2308522608500887E-03   0.4197381682536354E-06   0.2414470932264967E-04   0.4755154605927270E-03
  0.6597499999999999E+02   0.9805734891356740E+00   0.4576483643458741E-03  -0.9760865985639189E-02   0.2310797203553243E-03   0.4204703965589360E-06   0.2406631013699057E-04   0.4759611717422732E-03
  0.6602500000000001E+02   0.9806044187818939E+00   0.4578293464294727E-03  -0.9745248827208397E-02   0.2311674576098980E-03   0.4209488222812741E-06   0.2398903753486245E-04   0.4761193593785327E-03
  0.6607500000000000E+02   0.9806350069250853E+00   0.4576723486463434E-03  -0.9729804384091656E-02   0.2310845821032156E-03   0.4211165741231616E-06   0.2391272321012740E-04   0.4759263979514578E-03
  0.6612500000000000E+02   0.9806653313169643E+00   0.4571328224305654E-03  -0.9714493396185242E-02   0.2308085998341544E-03   0.4209319233378562E-06   0.2383716693528425E-04   0.4753359549422448E-03
  0.6617499999999998E+02   0.9806954783741471E+00   0.4561864234648781E-03  -0.9699272228493983E-02   0.2303272181226423E-03   0.4203716355961009E-06   0.2376214947753708E-04   0.4743227074207416E-03
  0.6622499999999999E+02   0.9807255371233539E+00   0.4548308095598017E-03  -0.9684095928203074E-02   0.2296392533381080E-03   0.4194326992768090E-06   0.2368744787620596E-04   0.4728842112733287E-03
  0.6627500000000001E+02   0.9807555928365724E+00   0.4530853524624641E-03  -0.9668921438296452E-02   0.2287544853790197E-03   0.4181321360723049E-06   0.2361285121323525E-04   0.4710406014424310E-03
  0.6632500000000000E+02   0.9807857211632725E+00   0.4509887977053222E-03  -0.9653710560222240E-02   0.2276924761138041E-03   0.4165049152229217E-06   0.2353817487845314E-04   0.4688321585463758E-03
  0.6637499999999999E+02   0.9808159834662720E+00   0.4485952412419495E-03  -0.9638432308832989E-02   0.2264805379553252E-03   0.4146003021910041E-06   0.2346327162510012E-04   0.4663151252274085E-03
  0.6642500000000000E+02   0.9808464238285640E+00   0.4459690313336216E-03  -0.9623064423646466E-02   0.2251511597824561E-03   0.4124771963861163E-06   0.2338803833707255E-04   0.4635564048978534E-03
  0.6647499999999999E+02   0.9808770678930329E+00   0.4431792980415432E-03  -0.9607593954657490E-02   0.2237392448368861E-03   0.4101991028714477E-06   0.2331241820001725E-04   0.4606278732545593E-03
  0.6652500000000001E+02   0.9809079234085213E+00   0.4402947594812883E-03  -0.9592016986589402E-02   0.2222794883688486E-03   0.4078293376221996E-06   0.2323639867768620E-04   0.4576009776613171E-03
  0.6657500000000000E+02   0.9809389821474014E+00   0.4373792945025534E-03  -0.9576337670655910E-02   0.2208041422767989E-03   0.4054269216609926E-06   0.2316000619107935E-04   0.4545421336575399E-03
  0.6662499999999999E+02   0.9809702227587415E+00   0.4344885662817369E-03  -0.9560566783939128E-02   0.2193413103873030E-03   0.4030434317584237E-06   0.2308329862159816E-04   0.4515092144677559E-03
  0.6667500000000000E+02   0.9810016141190278E+00   0.4316677868879875E-03  -0.9544720037567456E-02   0.2179138198467479E-03   0.4007208964386137E-06   0.2300635673869746E-04   0.4485492271551233E-03
  0.6672499999999999E+02   0.9810331188084028E+00   0.4289505658638978E-03  -0.9528816321552225E-02   0.2165386398576714E-03   0.3984906899113831E-06   0.2292927546861164E-04   0.4456971161227277E-03
  0.6677499999999999E+02   0.9810646964372299E+00   0.4263586991283416E-03  -0.9512876025238426E-02   0.2152267751939022E-03   0.3963732955734459E-06   0.2285215566784124E-04   0.4429755444267144E-03
  0.6682500000000000E+02   0.9810963066441201E+00   0.4239027219201321E-03  -0.9496919523680702E-02   0.2139835454707940E-03   0.3943787795879946E-06   0.2277509682025920E-04   0.4403954694487207E-03
  0.6687499999999999E+02   0.9811279116628168E+00   0.4215830543367554E-03  -0.9480965881746961E-02   0.2128091635876756E-03   0.3925078185718534E-06   0.2269819088632487E-04   0.4379573344977077E-03
  0.6692500000000000E+02   0.9811594784043765E+00   0.4193915909393294E-03  -0.9465031802980195E-02   0.2116995383326596E-03   0.3907531458255743E-06   0.2262151741228080E-04   0.4356527217586122E-03
  0.6697500000000001E+02   0.9811909800254540E+00   0.4173136104160269E-03  -0.9449130837939745E-02   0.2106472385254915E-03   0.3891013025925366E-06   0.2254513994817974E-04   0.4334663375416428E-03
  0.6702499999999999E+02   0.9812223969617431E+00   0.4153298966658225E-03  -0.9433272862576114E-02   0.2096425638412357E-03   0.3875345945001424E-06   0.2246910380388206E-04   0.4313782168246798E-03
  0.6707500000000000E+02   0.9812537174086453E+00   0.4134189647318749E-03  -0.9417463835666773E-02   0.2086746685100506E-03   0.3860331546779730E-06   0.2239343516463646E-04   0.4293660363017270E-03
  0.6712500000000000E+02   0.9812849372392193E+00   0.4115592758165038E-03  -0.9401705840311192E-02   0.2077326794538971E-03   0.3845770058744893E-06   0.2231814156791665E-04   0.4274074156639914E-03
  0.6717500000000000E+02   0.9813160593693024E+00   0.4097313119977028E-03  -0.9385997404472546E-02   0.2068067435571058E-03   0.3831480005324741E-06   0.2224321369485737E-04   0.4254820727590536E-03
  0.6722499999999999E+02   0.9813470926132362E+00   0.4079193726684696E-03  -0.9370334078627862E-02   0.2058889344329644E-03   0.3817315090260479E-06   0.2216862834946049E-04   0.4235736893879825E-03
  0.6727499999999999E+02   0.9813780501169930E+00   0.4061129602290309E-03  -0.9354709226701119E-02   0.2049739518329606E-03   0.3803177306602882E-06   0.2209435239699633E-04   0.4216713502535910E-03
  0.6732500000000000E+02   0.9814089474999804E+00   0.4043076478895205E-03  -0.9339114964013406E-02   0.2040595596316663E-03   0.3789025250389443E-06   0.2202034733122989E-04   0.4197704438956805E-03
  0.6737500000000000E+02   0.9814398008713595E+00   0.4025053676379264E-03  -0.9323543158537562E-02   0.2031467311342088E-03   0.3774877032022265E-06   0.2194657406446163E-04   0.4178729613938345E-03
  0.6742500000000000E+02   0.9814706249015019E+00   0.4007141153195454E-03  -0.9307986404292534E-02   0.2022395001778390E-03   0.3760807728671009E-06   0.2187299750771874E-04   0.4159871897724125E-03
  0.6747499999999999E+02   0.9815014311189616E+00   0.3989471315407240E-03  -0.9292438880883269E-02   0.2013445476736182E-03   0.3746941901001895E-06   0.2179959054175616E-04   0.4141268611720565E-03
  0.6752500000000001E+02   0.9815322265691826E+00   0.3972216695815344E-03  -0.9276897030438658E-02   0.2004705797164289E-03   0.3733442193992339E-06   0.2172633706863283E-04   0.4123098733217474E-03
  0.6757500000000000E+02   0.9815630129203295E+00   0.3955574949278019E-03  -0.9261360008858688E-02   0.1996275702597704E-03   0.3720495362159691E-06   0.2165323395988754E-04   0.4105567315316581E-03
  0.6762500000000000E+02   0.9815937860449121E+00   0.3939752708571765E-03  -0.9245829896906810E-02   0.1988259463072365E-03   0.3708297160009117E-06   0.2158029185438868E-04   0.4088888726022488E-03
  0.6767500000000000E+02   0.9816245360542929E+00   0.3924949721840926E-03  -0.9230311682724923E-02   0.1980757873460515E-03   0.3697037430888884E-06   0.2150753488071014E-04   0.4073270182150486E-03
  0.6772499999999999E+02   0.9816552477248240E+00   0.3911344410079473E-03  -0.9214813046695247E-02   0.1973860964810636E-03   0.3686886468867483E-06   0.2143499946677009E-04   0.4058896760002992E-03
  0.6777500000000001E+02   0.9816859012328720E+00   0.3899081626215164E-03  -0.9199343990419218E-02   0.1967641827125244E-03   0.3677983397842083E-06   0.2136273244603515E-04   0.4045918693981519E-03
  0.6782499999999999E+02   0.9817164731104502E+00   0.3888263047447545E-03  -0.9183916354379318E-02   0.1962151761374837E-03   0.3670426986023319E-06   0.2129078867803633E-04   0.4034441410783438E-03
  0.6787500000000000E+02   0.9817469373395159E+00   0.3878940347599830E-03  -0.9168543265645757E-02   0.1957416834738115E-03   0.3664269047136513E-06   0.2121922838171685E-04   0.4024518450884578E-03
  0.6792500000000000E+02   0.9817772665156868E+00   0.3871111103141903E-03  -0.9153238550581144E-02   0.1953435815584243E-03   0.3659510397889941E-06   0.2114811434679349E-04   0.4016147228415823E-03
  0.6797499999999999E+02   0.9818074330260406E+00   0.3864717282662780E-03  -0.9138016140472716E-02   0.1950179412277600E-03   0.3656099242698630E-06   0.2107750915307402E-04   0.4009267472638870E-03
  0.6802500000000001E+02   0.9818374101970043E+00   0.3859646131464411E-03  -0.9122889492294117E-02   0.1947590720652940E-03   0.3653931819731866E-06   0.2100747249928456E-04   0.4003762154665388E-03
  0.6807500000000000E+02   0.9818671733753765E+00   0.3855733257144904E-03  -0.9107871043242177E-02   0.1945586782087138E-03   0.3652855135817317E-06   0.2093805872517624E-04   0.3999460697099812E-03
  0.6812499999999999E+02   0.9818967009084343E+00   0.3852767715484213E-03  -0.9092971716230136E-02   0.1944061150800961E-03   0.3652671610466001E-06   0.2086931460280357E-04   0.3996144257609164E-03
  0.6817500000000000E+02   0.9819259749896521E+00   0.3850498864442166E-03  -0.9078200493215172E-02   0.1942887353148699E-03   0.3653145418313744E-06   0.2080127747032288E-04   0.3993552844917038E-03
  0.6822500000000001E+02   0.9819549823374788E+00   0.3848644688013115E-03  -0.9063564072784969E-02   0.1941923088342167E-03   0.3654010255301206E-06   0.2073397377829880E-04   0.3991393957396556E-03
  0.6827500000000001E+02   0.9819837146786654E+00   0.3846901198480548E-03  -0.9049066626375946E-02   0.1941014973054235E-03   0.3654978163749009E-06   0.2066741810773233E-04   0.3989352337987973E-03
  0.6832499999999999E+02   0.9820121690168021E+00   0.3844952428320126E-03  -0.9034709662875673E-02   0.1940003583279936E-03   0.3655748956842846E-06   0.2060161269663266E-04   0.3987100338470916E-03
  0.6837499999999999E+02   0.9820403476814109E+00   0.3842480454569741E-03  -0.9020492003949943E-02   0.1938728512328157E-03   0.3656019715253701E-06   0.2053654747727492E-04   0.3984308315340817E-03
  0.6842500000000000E+02   0.9820682581715823E+00   0.3839174892309063E-03  -0.9006409863032028E-02   0.1937033160718245E-03   0.3655493819669240E-06   0.2047220058333181E-04   0.3980654473278985E-03
  0.6847500000000001E+02   0.9820959128272876E+00   0.3834741372413143E-03  -0.8992457011250177E-02   0.1934769013386145E-03   0.3653889054720254E-06   0.2040853924297483E-04   0.3975833653723651E-03
  0.6852499999999999E+02   0.9821233283765409E+00   0.3828908683448654E-03  -0.8978625005987007E-02   0.1931799242711483E-03   0.3650944474152741E-06   0.2034552094144914E-04   0.3969564736875016E-03
  0.6857499999999999E+02   0.9821505254131112E+00   0.3821434484027785E-03  -0.8964903454467654E-02   0.1928001590129464E-03   0.3646425931400233E-06   0.2028309472426627E-04   0.3961596560260815E-03
  0.6862500000000000E+02   0.9821775278546501E+00   0.3812109732503168E-03  -0.8951280287216146E-02   0.1923270600464504E-03   0.3640130408909708E-06   0.2022120252606378E-04   0.3951712506386967E-03
  0.6867500000000000E+02   0.9822043624148475E+00   0.3800762175509381E-03  -0.8937742024420881E-02   0.1917519381311681E-03   0.3631889466368284E-06   0.2015978044972771E-04   0.3939734113740404E-03
  0.6872500000000001E+02   0.9822310580987333E+00   0.3787259329229769E-03  -0.8924274030608581E-02   0.1910681106393446E-03   0.3621572218208734E-06   0.2009875997764207E-04   0.3925524161147540E-03
  0.6877500000000001E+02   0.9822576457034311E+00   0.3771511341979206E-03  -0.8910860766549344E-02   0.1902710458968529E-03   0.3609088209843910E-06   0.2003806915796746E-04   0.3908989628529115E-03
  0.6882499999999999E+02   0.9822841572848942E+00   0.3753473942178853E-03  -0.8897486058308868E-02   0.1893585118279540E-03   0.3594390387539696E-06   0.1997763385695268E-04   0.3890084745821637E-03
  0.6887500000000000E+02   0.9823106255412966E+00   0.3733151389048055E-03  -0.8884133408329276E-02   0.1883307247358433E-03   0.3577478083166185E-06   0.1991737918809781E-04   0.3868814044609260E-03
  0.6892500000000000E+02   0.9823370830702057E+00   0.3710599024285331E-03  -0.8870786370172246E-02   0.1871904779547334E-03   0.3558399628626675E-06   0.1985723121149244E-04   0.3845234996320133E-03
  0.6897499999999999E+02   0.9823635614798687E+00   0.3685924758968708E-03  -0.8857428996842831E-02   0.1859432167885849E-03   0.3537253959126048E-06   0.1979711894171089E-04   0.3819459547186885E-03
  0.6902500000000001E+02   0.9823900903707126E+00   0.3659288703034470E-03  -0.8844046354574808E-02   0.1845970197513206E-03   0.3514190438892282E-06   0.1973697662084210E-04   0.3791653728701034E-03
  0.6907499999999999E+02   0.9824166962434313E+00   0.3630900208007941E-03  -0.8830625073638521E-02   0.1831624493178927E-03   0.3489406199412445E-06   0.1967674612328952E-04   0.3762034587941774E-03
  0.6912500000000000E+02   0.9824434014247786E+00   0.3601011852890040E-03  -0.8817153890202767E-02   0.1816522484737968E-03   0.3463140525517819E-06   0.1961637928367933E-04   0.3730863950854220E-03
  0.6917500000000000E+02   0.9824702231221778E+00   0.3569910311361026E-03  -0.8803624123200682E-02   0.1800808799468788E-03   0.3435666214981635E-06   0.1955583989885431E-04   0.3698438954677956E-03
  0.6922499999999999E+02   0.9824971727178630E+00   0.3537904507341547E-03  -0.8790030030348839E-02   0.1784639286593269E-03   0.3407278288558174E-06   0.1949510516113953E-04   0.3665079771641731E-03
  0.6927500000000001E+02   0.9825242553920837E+00   0.3505311890712626E-03  -0.8776368998155926E-02   0.1768174093655211E-03   0.3378280839057778E-06   0.1943416633253981E-04   0.3631115386182573E-03
  0.6932499999999999E+02   0.9825514701278625E+00   0.3472443955410424E-03  -0.8762641539449501E-02   0.1751570360908982E-03   0.3348973092777637E-06   0.1937302855611656E-04   0.3596868588801468E-03
  0.6937500000000000E+02   0.9825788101053582E+00   0.3439592227665154E-03  -0.8748851094362631E-02   0.1734975153099463E-03   0.3319635864701524E-06   0.1931170980176085E-04   0.3562641458890816E-03
  0.6942500000000000E+02   0.9826062634513171E+00   0.3407015872528249E-03  -0.8735003652202145E-02   0.1718519207820819E-03   0.3290519518754154E-06   0.1925023903813998E-04   0.3528702526151485E-03
  0.6947499999999999E+02   0.9826338142757203E+00   0.3374931844998918E-03  -0.8721107228454761E-02   0.1702311967706106E-03   0.3261834336303714E-06   0.1918865379466497E-04   0.3495276570119655E-03
  0.6952499999999999E+02   0.9826614439072322E+00   0.3343508214492958E-03  -0.8707171241529310E-02   0.1686438213560206E-03   0.3233743913368240E-06   0.1912699731943177E-04   0.3462537708762874E-03
  0.6957500000000000E+02   0.9826891322311935E+00   0.3312860984213481E-03  -0.8693205837794982E-02   0.1670956460564420E-03   0.3206361913084299E-06   0.1906531555249515E-04   0.3430606108629080E-03
  0.6962500000000000E+02   0.9827168590355838E+00   0.3283054456850284E-03  -0.8679221212627097E-02   0.1655899143396479E-03   0.3179752240083588E-06   0.1900365412610096E-04   0.3399548369021987E-03
  0.6967500000000000E+02   0.9827446052773646E+00   0.3254104983125114E-03  -0.8665226971642737E-02   0.1641274507694501E-03   0.3153932495373481E-06   0.1894205558438210E-04   0.3369381409979037E-03
  0.6972500000000001E+02   0.9827723541903012E+00   0.3225987761675557E-03  -0.8651231571920270E-02   0.1627070040542243E-03   0.3128880406428886E-06   0.1888055699263654E-04   0.3340079519814249E-03
  0.6977499999999999E+02   0.9828000921640394E+00   0.3198646213312341E-03  -0.8637241878621249E-02   0.1613257199298943E-03   0.3104542784194710E-06   0.1881918808440793E-04   0.3311584067464486E-03
  0.6982500000000000E+02   0.9828278093335066E+00   0.3172003304473892E-03  -0.8623262867735515E-02   0.1599797123366785E-03   0.3080846412129602E-06   0.1875797007160804E-04   0.3283815231605547E-03
  0.6987499999999999E+02   0.9828554998301345E+00   0.3145974032251404E-03  -0.8609297499406976E-02   0.1586646931586249E-03   0.3057710111102881E-06   0.1869691521340472E-04   0.3256684930565522E-03
  0.6992500000000000E+02   0.9828831616651404E+00   0.3120478119211675E-03  -0.8595346776837709E-02   0.1573766125197551E-03   0.3035057059983630E-06   0.1863602719661355E-04   0.3230109967417451E-03
  0.6997500000000001E+02   0.9829107962422545E+00   0.3095451838496776E-03  -0.8581409992080680E-02   0.1561122551914247E-03   0.3012826322193772E-06   0.1857530231976854E-04   0.3204024272689999E-03
  0.7002499999999999E+02   0.9829384075322115E+00   0.3070857852376189E-03  -0.8567485142409237E-02   0.1548697367877473E-03   0.2990982486225566E-06   0.1851473139667289E-04   0.3178389088815176E-03
  0.7007499999999999E+02   0.9829660009798011E+00   0.3046692050906663E-03  -0.8553569481552947E-02   0.1536488486480045E-03   0.2969522422835854E-06   0.1845430221283542E-04   0.3153200047813112E-03
  0.7012500000000000E+02   0.9829935822489254E+00   0.3022986644419163E-03  -0.8539660152612094E-02   0.1524512137764624E-03   0.2948478416536916E-06   0.1839400229593884E-04   0.3128490370367503E-03
  0.7017500000000000E+02   0.9830211559335383E+00   0.2999809171495088E-03  -0.8525754838155986E-02   0.1512802367854453E-03   0.2927917323074898E-06   0.1833382171742952E-04   0.3104329836839667E-03
  0.7022500000000001E+02   0.9830487243660776E+00   0.2977257562570653E-03  -0.8511852361131833E-02   0.1501408549189771E-03   0.2907935870084627E-06   0.1827375563976299E-04   0.3080819676072984E-03
  0.7027499999999999E+02   0.9830762866382434E+00   0.2955451848217038E-03  -0.8497953178661977E-02   0.1490391198733244E-03   0.2888652657676438E-06   0.1821380636559692E-04   0.3058083982436865E-03
  0.7032499999999999E+02   0.9831038379157432E+00   0.2934523423088460E-03  -0.8484059727573601E-02   0.1479816563656141E-03   0.2870197733873852E-06   0.1815398472155932E-04   0.3036258604654551E-03
  0.7037500000000000E+02   0.9831313690876304E+00   0.2914602910450210E-03  -0.8470176601179658E-02   0.1469750501532760E-03   0.2852700755934528E-06   0.1809431070046082E-04   0.3015478588381258E-03
  0.7042500000000000E+02   0.9831588667526674E+00   0.2895807613733191E-03  -0.8456310556095081E-02   0.1460252152558839E-03   0.2836278697079739E-06   0.1803481336896645E-04   0.2995865193769678E-03
  0.7047499999999999E+02   0.9831863135186595E+00   0.2878229342504099E-03  -0.8442470361227916E-02   0.1451367800894340E-03   0.2821023868468858E-06   0.1797553010390271E-04   0.2977513303013760E-03
  0.7052499999999999E+02   0.9832136885806728E+00   0.2861923149633870E-03  -0.8428666506147930E-02   0.1443125195819114E-03   0.2806992784755081E-06   0.1791650524016589E-04   0.2960479773268304E-03
  0.7057499999999999E+02   0.9832409685498206E+00   0.2846897313101236E-03  -0.8414910783123286E-02   0.1435528500811578E-03   0.2794196204880284E-06   0.1785778819892430E-04   0.2944773079654704E-03
  0.7062500000000000E+02   0.9832681285203906E+00   0.2833104822565777E-03  -0.8401215749002655E-02   0.1428554001659935E-03   0.2782590609550358E-06   0.1779943112911754E-04   0.2930344516926125E-03
  0.7067500000000001E+02   0.9832951433802254E+00   0.2820436735363213E-03  -0.8387594064475534E-02   0.1422146757382642E-03   0.2772071480938555E-06   0.1774148605848095E-04   0.2917081336186172E-03
  0.7072499999999999E+02   0.9833219893760456E+00   0.2808718048322682E-03  -0.8374057704824578E-02   0.1416218519768524E-03   0.2762469029241877E-06   0.1768400153686796E-04   0.2904802484198445E-03
  0.7077499999999999E+02   0.9833486459299803E+00   0.2797707129937347E-03  -0.8360617044057439E-02   0.1410647448066132E-03   0.2753547406108778E-06   0.1762701878914691E-04   0.2893258024349499E-03
  0.7082500000000000E+02   0.9833750976564402E+00   0.2787100139642716E-03  -0.8347279838063271E-02   0.1405280338054023E-03   0.2745008827180159E-06   0.1757056749640297E-04   0.2882133713434624E-03
  0.7087500000000000E+02   0.9834013364467823E+00   0.2776542021626148E-03  -0.8334050173622765E-02   0.1399938165726206E-03   0.2736504192258646E-06   0.1751466149685967E-04   0.2871062374516508E-03
  0.7092500000000000E+02   0.9834273633828611E+00   0.2765645348209400E-03  -0.8320927503716935E-02   0.1394425588334559E-03   0.2727651492376586E-06   0.1745929491880337E-04   0.2859643383181420E-03
  0.7097499999999999E+02   0.9834531901375068E+00   0.2754017285800275E-03  -0.8307905941533633E-02   0.1388544540336887E-03   0.2718062311213207E-06   0.1740443946608688E-04   0.2847470548690762E-03
  0.7102499999999999E+02   0.9834788394660937E+00   0.2741293221997604E-03  -0.8294974012732381E-02   0.1382111187380833E-03   0.2707375016957654E-06   0.1735004367551153E-04   0.2834166878690486E-03
  0.7107500000000000E+02   0.9835043444405105E+00   0.2727173408997921E-03  -0.8282115041754134E-02   0.1374974400664733E-03   0.2695291074765353E-06   0.1729603484775930E-04   0.2819422459225321E-03
  0.7112500000000000E+02   0.9835297462573845E+00   0.2711457012309138E-03  -0.8269308256936836E-02   0.1367032922790505E-03   0.2681608945266465E-06   0.1724232395708539E-04   0.2803029649610572E-03
  0.7117500000000000E+02   0.9835550907494141E+00   0.2694067092082351E-03  -0.8256530549462404E-02   0.1358247961831785E-03   0.2666249150662794E-06   0.1718881321286643E-04   0.2784908901309246E-03
  0.7122499999999999E+02   0.9835804240620744E+00   0.2675060990671972E-03  -0.8243758653064925E-02   0.1348648427479966E-03   0.2649264991234867E-06   0.1713540525272068E-04   0.2765119488586975E-03
  0.7127499999999999E+02   0.9836057882066509E+00   0.2654623407361115E-03  -0.8230971386051888E-02   0.1338327438532285E-03   0.2630836146689669E-06   0.1708201244767077E-04   0.2743852341133054E-03
  0.7132500000000000E+02   0.9836312172586247E+00   0.2633043311383296E-03  -0.8218151567923271E-02   0.1327430682234160E-03   0.2611246220041975E-06   0.1702856471077819E-04   0.2721406169864829E-03
  0.7137500000000000E+02   0.9836567348064476E+00   0.2610679421257896E-03  -0.8205287305550035E-02   0.1316139009334580E-03   0.2590848838054145E-06   0.1697501457639160E-04   0.2698151774744444E-03
  0.7142500000000000E+02   0.9836823529334761E+00   0.2587921014847427E-03  -0.8192372506362622E-02   0.1304648675362214E-03   0.2570028970954848E-06   0.1692133901288341E-04   0.2674491528303332E-03
  0.7147499999999999E+02   0.9837080726597346E+00   0.2565150804714448E-03  -0.8179406655532406E-02   0.1293152623532767E-03   0.2549166142021173E-06   0.1686753818102190E-04   0.2650820997258871E-03
  0.7152499999999999E+02   0.9837338854999264E+00   0.2542714877044219E-03  -0.8166394030385660E-02   0.1281825329238803E-03   0.2528604508083877E-06   0.1681363190422084E-04   0.2627497869126996E-03
  0.7157500000000000E+02   0.9837597756723094E+00   0.2520902167402223E-03  -0.8153342586691870E-02   0.1270812452993804E-03   0.2508632306708271E-06   0.1675965485181916E-04   0.2604820740020243E-03
  0.7162500000000000E+02   0.9837857225134402E+00   0.2499933582122043E-03  -0.8140262741187954E-02   0.1260225356576663E-03   0.2489470824613231E-06   0.1670565137357270E-04   0.2583017875238305E-03
  0.7167500000000000E+02   0.9838117027649907E+00   0.2479959266925168E-03  -0.8127166218630522E-02   0.1250139726818955E-03   0.2471271440689418E-06   0.1665167067582353E-04   0.2562244392734514E-03
  0.7172499999999999E+02   0.9838376925394330E+00   0.2461061824147008E-03  -0.8114065060781828E-02   0.1240597198455999E-03   0.2454118590304238E-06   0.1659776272785551E-04   0.2542585595760811E-03
  0.7177500000000001E+02   0.9838636688948559E+00   0.2443263314151325E-03  -0.8100970832484289E-02   0.1231608884727871E-03   0.2438036519528676E-06   0.1654397502711030E-04   0.2524064216509949E-03
  0.7182499999999999E+02   0.9838896110324238E+00   0.2426534341596315E-03  -0.8087894018010022E-02   0.1223159958912919E-03   0.2422998150403396E-06   0.1649035018018776E-04   0.2506649813499899E-03
  0.7187500000000000E+02   0.9839155011694539E+00   0.2410804133999246E-03  -0.8074843580967328E-02   0.1215214735909378E-03   0.2408934975363880E-06   0.1643692417781536E-04   0.2490269192815848E-03
  0.7192500000000001E+02   0.9839413251449183E+00   0.2395971060440110E-03  -0.8061826659119808E-02   0.1207721975438450E-03   0.2395747433339091E-06   0.1638372523743590E-04   0.2474817282034905E-03
  0.7197499999999999E+02   0.9839670727952863E+00   0.2381913393499362E-03  -0.8048848374993089E-02   0.1200620307561179E-03   0.2383315572530331E-06   0.1633077312858239E-04   0.2460168252997838E-03
  0.7202499999999999E+02   0.9839927381107916E+00   0.2368500242648219E-03  -0.8035911757174330E-02   0.1193843744305200E-03   0.2371509929133686E-06   0.1627807895473368E-04   0.2446186819108287E-03
  0.7207499999999999E+02   0.9840183191582484E+00   0.2355602496021762E-03  -0.8023017779289821E-02   0.1187327195207868E-03   0.2360202459450753E-06   0.1622564541443764E-04   0.2432739538756787E-03
  0.7212500000000000E+02   0.9840438177469240E+00   0.2343103364729115E-03  -0.8010165528490765E-02   0.1181011782231329E-03   0.2349277118544210E-06   0.1617346758309717E-04   0.2419705705895333E-03
  0.7217500000000001E+02   0.9840692388249834E+00   0.2330907838425158E-03  -0.7997352509732769E-02   0.1174849605654922E-03   0.2338639389992028E-06   0.1612153423300127E-04   0.2406987114167007E-03
  0.7222499999999999E+02   0.9840945896253709E+00   0.2318950165571316E-03  -0.7984575076334322E-02   0.1168807514132029E-03   0.2328223871404923E-06   0.1606982964456898E-04   0.2394515779466874E-03
  0.7227499999999999E+02   0.9841198786235364E+00   0.2307198484097739E-03  -0.7971828955351756E-02   0.1162869438308471E-03   0.2317999027821043E-06   0.1601833577392160E-04   0.2382258718644133E-03
  0.7232500000000000E+02   0.9841451144107080E+00   0.2295656000859322E-03  -0.7959109815500742E-02   0.1157036984852699E-03   0.2307968494412072E-06   0.1596703456067081E-04   0.2370219163749684E-03
  0.7237500000000000E+02   0.9841703046096540E+00   0.2284358605354813E-03  -0.7946413813638253E-02   0.1151328233254169E-03   0.2298168796645992E-06   0.1591591011691731E-04   0.2358434094243942E-03
  0.7242500000000001E+02   0.9841954549547653E+00   0.2273369366781724E-03  -0.7933738058405693E-02   0.1145774961811756E-03   0.2288663922831245E-06   0.1586495055378755E-04   0.2346968551512400E-03
  0.7247499999999999E+02   0.9842205686249088E+00   0.2262770827355299E-03  -0.7921080946450942E-02   0.1140418763012322E-03   0.2279537653754903E-06   0.1581414927366153E-04   0.2335907678873738E-03
  0.7252499999999999E+02   0.9842456458665162E+00   0.2252656229423683E-03  -0.7908442352356548E-02   0.1135306621681659E-03   0.2270884785595762E-06   0.1576350566190502E-04   0.2325347661993860E-03
  0.7257500000000000E+02   0.9842706838921066E+00   0.2243120752548628E-03  -0.7895823679738845E-02   0.1130486498337512E-03   0.2262802326663616E-06   0.1571302521774487E-04   0.2315386681058512E-03
  0.7262500000000000E+02   0.9842956770008808E+00   0.2234253543899295E-03  -0.7883227800418946E-02   0.1126003312566637E-03   0.2255381458842245E-06   0.1566271924005103E-04   0.2306116683542828E-03
  0.7267500000000000E+02   0.9843206168515743E+00   0.2226130920136513E-03  -0.7870658916857787E-02   0.1121895517023097E-03   0.2248700649625994E-06   0.1561260421414333E-04   0.2297616367968197E-03
  0.7272499999999999E+02   0.9843454928238172E+00   0.2218810730976121E-03  -0.7858122379991284E-02   0.1118192257088621E-03   0.2242819910504319E-06   0.1556270103061713E-04   0.2289945368400552E-03
  0.7277499999999999E+02   0.9843702924273433E+00   0.2212327602205599E-03  -0.7845624482959779E-02   0.1114910973936234E-03   0.2237775921815261E-06   0.1551303411854048E-04   0.2283139348184876E-03
  0.7282500000000000E+02   0.9843950017504363E+00   0.2206688671773900E-03  -0.7833172235079622E-02   0.1112055256244035E-03   0.2233577637183743E-06   0.1546363051006396E-04   0.2277205603878426E-03
  0.7287500000000000E+02   0.9844196059718261E+00   0.2201869511400217E-03  -0.7820773103855316E-02   0.1109612785528867E-03   0.2230202058350848E-06   0.1541451878802748E-04   0.2272118861680234E-03
  0.7292499999999998E+02   0.9844440899863921E+00   0.2197810179629009E-03  -0.7808434699661304E-02   0.1107553347807249E-03   0.2227590126404902E-06   0.1536572781746379E-04   0.2267817210205376E-03
  0.7297499999999999E+02   0.9844684392070461E+00   0.2194411755978249E-03  -0.7796164371664305E-02   0.1105827087731720E-03   0.2225643084579222E-06   0.1531728514039423E-04   0.2264198529969035E-03
  0.7302499999999999E+02   0.9844926405947678E+00   0.2191534209534337E-03  -0.7783968688797160E-02   0.1104363435167565E-03   0.2224220180919138E-06   0.1526921493687392E-04   0.2261118299545452E-03
  0.7307500000000000E+02   0.9845166839275065E+00   0.2188996957631444E-03  -0.7771852800389834E-02   0.1103071387265874E-03   0.2223139093945905E-06   0.1522153553961208E-04   0.2258390176424004E-03
  0.7312500000000000E+02   0.9845405632415682E+00   0.2186583792134238E-03  -0.7759819709902138E-02   0.1101841991268159E-03   0.2222180799061683E-06   0.1517425664299160E-04   0.2255791082490466E-03
  0.7317499999999998E+02   0.9845642782720990E+00   0.2184053739070387E-03  -0.7747869549132202E-02   0.1100553816940649E-03   0.2221100489066722E-06   0.1512737655658029E-04   0.2253072408638350E-03
  0.7322499999999999E+02   0.9845878356075718E+00   0.2181158617743222E-03  -0.7735998996547311E-02   0.1099081804609191E-03   0.2219645357133395E-06   0.1508088006681628E-04   0.2249978128152471E-03
  0.7327500000000001E+02   0.9846112492041895E+00   0.2177666485990087E-03  -0.7724201018153520E-02   0.1097309078899508E-03   0.2217578446454509E-06   0.1503473759498371E-04   0.2246268979397157E-03
  0.7332500000000000E+02   0.9846345399369518E+00   0.2173388069677894E-03  -0.7712465093774434E-02   0.1095140265912585E-03   0.2214705638040118E-06   0.1498890626462328E-04   0.2241749724308370E-03
  0.7337500000000000E+02   0.9846577340306178E+00   0.2168201395386942E-03  -0.7700778007720066E-02   0.1092513904744254E-03   0.2210900915941143E-06   0.1494333315201697E-04   0.2236294551369874E-03
  0.7342500000000000E+02   0.9846808604933464E+00   0.2162069131585412E-03  -0.7689125141967623E-02   0.1089411184723101E-03   0.2206124294520690E-06   0.1489796044030763E-04   0.2229864956171599E-03
  0.7347499999999999E+02   0.9847039479746192E+00   0.2155044268383897E-03  -0.7677492059404711E-02   0.1085858806556924E-03   0.2200427910469495E-06   0.1485273161979110E-04   0.2222515593236047E-03
  0.7352500000000001E+02   0.9847270216581470E+00   0.2147262584283568E-03  -0.7665866069412997E-02   0.1081925185712582E-03   0.2193948637747689E-06   0.1480759752594600E-04   0.2214386499933016E-03
  0.7357499999999999E+02   0.9847501007886633E+00   0.2138923805765283E-03  -0.7654237474018055E-02   0.1077710958487254E-03   0.2186889110145143E-06   0.1476252105418760E-04   0.2205683659323256E-03
  0.7362500000000000E+02   0.9847731972244483E+00   0.2130266037019280E-03  -0.7642600297175117E-02   0.1073336097285725E-03   0.2179491780020200E-06   0.1471747981519266E-04   0.2196652623830962E-03
  0.7367500000000000E+02   0.9847963151039444E+00   0.2121538945130774E-03  -0.7630952452677087E-02   0.1068926399092271E-03   0.2172011596789152E-06   0.1467246659622107E-04   0.2187550857708949E-03
  0.7372499999999999E+02   0.9848194514441038E+00   0.2112980286296429E-03  -0.7619295442585439E-02   0.1064601657706950E-03   0.2164691997278710E-06   0.1462748801861018E-04   0.2178623527793099E-03
  0.7377499999999999E+02   0.9848425973379489E+00   0.2104798388550395E-03  -0.7607633753741516E-02   0.1060466837583522E-03   0.2157746905616977E-06   0.1458256206249154E-04   0.2170085439748571E-03
  0.7382500000000000E+02   0.9848657394046583E+00   0.2097161128615941E-03  -0.7595974127053595E-02   0.1056606520097104E-03   0.2151349323068607E-06   0.1453771514331942E-04   0.2162109673766975E-03
  0.7387500000000000E+02   0.9848888612269829E+00   0.2090190441589838E-03  -0.7584324833186273E-02   0.1053082137804051E-03   0.2145625552374953E-06   0.1449297925485501E-04   0.2154821927732436E-03
  0.7392500000000000E+02   0.9849119446297665E+00   0.2083960716147781E-03  -0.7572695028335574E-02   0.1049931166599291E-03   0.2140653391072042E-06   0.1444838945557270E-04   0.2148298868426399E-03
  0.7397499999999999E+02   0.9849349707631964E+00   0.2078499442218384E-03  -0.7561094208417773E-02   0.1047167452872349E-03   0.2136462633782995E-06   0.1440398176047459E-04   0.2142568806138353E-03
  0.7402499999999999E+02   0.9849579210305190E+00   0.2073788935487679E-03  -0.7549531741651627E-02   0.1044782083244402E-03   0.2133036684955776E-06   0.1435979135438265E-04   0.2137613479821800E-03
  0.7407500000000000E+02   0.9849807779355495E+00   0.2069768612928261E-03  -0.7538016441581252E-02   0.1042744531889885E-03   0.2130314745899077E-06   0.1431585097719267E-04   0.2133370410040130E-03
  0.7412500000000000E+02   0.9850035259229232E+00   0.2066337947493168E-03  -0.7526556143782948E-02   0.1041004149926920E-03   0.2128194710625425E-06   0.1427218933969039E-04   0.2129735951187776E-03
  0.7417500000000000E+02   0.9850261522494543E+00   0.2063360750290597E-03  -0.7515157266924644E-02   0.1039492323433663E-03   0.2126537441856413E-06   0.1422882949784696E-04   0.2126569710709043E-03
  0.7422499999999999E+02   0.9850486478659009E+00   0.2060671695206592E-03  -0.7503824368601419E-02   0.1038125760986258E-03   0.2125173377155470E-06   0.1418578722798352E-04   0.2123701277885574E-03
  0.7427499999999999E+02   0.9850710082170585E+00   0.2058085900904613E-03  -0.7492559742328320E-02   0.1036811321218055E-03   0.2123912317001698E-06   0.1414306958063698E-04   0.2120940101675883E-03
  0.7432500000000000E+02   0.9850932338042291E+00   0.2055411844443912E-03  -0.7481363134249186E-02   0.1035452518521287E-03   0.2122556692802913E-06   0.1410067390909718E-04   0.2118088799938497E-03
  0.7437500000000000E+02   0.9851153303244339E+00   0.2052466937420350E-03  -0.7470231673068484E-02   0.1033957369802678E-03   0.2120917639590058E-06   0.1405858771899144E-04   0.2114959210387338E-03
  0.7442500000000000E+02   0.9851373082309545E+00   0.2049093970420223E-03  -0.7459160091491945E-02   0.1032246678438495E-03   0.2118832031049233E-06   0.1401678962076893E-04   0.2111389334459127E-03
  0.7447499999999999E+02   0.9851591816597591E+00   0.2045175725209062E-03  -0.7448141267095032E-02   0.1030261395016649E-03   0.2116177686797136E-06   0.1397525147152537E-04   0.2107258391612725E-03
  0.7452500000000001E+02   0.9851809668167903E+00   0.2040644813136304E-03  -0.7437167034769709E-02   0.1027967573115741E-03   0.2112883697400210E-06   0.1393394150607815E-04   0.2102496953626459E-03
  0.7457500000000000E+02   0.9852026800729814E+00   0.2035486481782149E-03  -0.7426229146383689E-02   0.1025357782742750E-03   0.2108933504587524E-06   0.1389282797414427E-04   0.2097089833036060E-03
  0.7462500000000000E+02   0.9852243361079654E+00   0.2029733616343715E-03  -0.7415320205889642E-02   0.1022448591874669E-03   0.2104359900698359E-06   0.1385188263247192E-04   0.2091070929539539E-03
  0.7467499999999998E+02   0.9852459464406954E+00   0.2023454947233331E-03  -0.7404434409510885E-02   0.1019274625728148E-03   0.2099232958999157E-06   0.1381108345841113E-04   0.2084511077303391E-03
  0.7472499999999999E+02   0.9852675185885341E+00   0.2016738925674788E-03  -0.7393567969326109E-02   0.1015880443948436E-03   0.2093643417763627E-06   0.1377041614473209E-04   0.2077501430189879E-03
  0.7477500000000001E+02   0.9852890559474367E+00   0.2009676401899568E-03  -0.7382719173603780E-02   0.1012311814794533E-03   0.2087684753573535E-06   0.1372987422247055E-04   0.2070135614781765E-03
  0.7482500000000000E+02   0.9853105583396883E+00   0.2002345075265807E-03  -0.7371888110866087E-02   0.1008607882087389E-03   0.2081437024793252E-06   0.1368945793431794E-04   0.2062493710372606E-03
  0.7487499999999999E+02   0.9853320230720419E+00   0.1994797950357985E-03  -0.7361076136856770E-02   0.1004795350254173E-03   0.2074954817707325E-06   0.1364917217189529E-04   0.2054630357157358E-03
  0.7492500000000000E+02   0.9853534462967010E+00   0.1987057106588864E-03  -0.7350285188971739E-02   0.1000885346029209E-03   0.2068260675671856E-06   0.1360902387842459E-04   0.2046568338968239E-03
  0.7497499999999999E+02   0.9853748244574857E+00   0.1979113245509821E-03  -0.7339517057797229E-02   0.9968731905413496E-04   0.2061344520426288E-06   0.1356901933022465E-04   0.2038298117912513E-03
  0.7502500000000001E+02   0.9853961556134432E+00   0.1970930797594777E-03  -0.7328772720398891E-02   0.9927409717495690E-04   0.2054168865969638E-06   0.1352916168526842E-04   0.2029783095218452E-03
  0.7507500000000000E+02   0.9854174404499736E+00   0.1962457774154025E-03  -0.7318051831023409E-02   0.9884625069357917E-04   0.2046679002497487E-06   0.1348944914769616E-04   0.2020969758704726E-03
  0.7512499999999999E+02   0.9854386828158604E+00   0.1953638939186900E-03  -0.7307352450610316E-02   0.9840099773125904E-04   0.2038816685932307E-06   0.1344987403883343E-04   0.2011801248423787E-03
  0.7517500000000000E+02   0.9854598896767616E+00   0.1944430252429382E-03  -0.7296671070230909E-02   0.9793612027702513E-04   0.2030535209566220E-06   0.1341042296336731E-04   0.2002232230226326E-03
  0.7522499999999999E+02   0.9854810704629865E+00   0.1934812065563328E-03  -0.7286002939612235E-02   0.9745062884640837E-04   0.2021813232648712E-06   0.1337107809410539E-04   0.1992242484128415E-03
  0.7527500000000001E+02   0.9855022359064014E+00   0.1924798514776352E-03  -0.7275342652969030E-02   0.9694523554598747E-04   0.2012664686311653E-06   0.1333181938173113E-04   0.1981846574828271E-03
  0.7532500000000000E+02   0.9855233965791476E+00   0.1914441162372522E-03  -0.7264684885012640E-02   0.9642253746915281E-04   0.2003142700873425E-06   0.1329262728191687E-04   0.1971097599680845E-03
  0.7537499999999999E+02   0.9855445614222640E+00   0.1903826167636940E-03  -0.7254025132029773E-02   0.9588687417695845E-04   0.1993336773060599E-06   0.1325348546082643E-04   0.1960084273610801E-03
  0.7542500000000000E+02   0.9855657365504318E+00   0.1893065765808142E-03  -0.7243360313872849E-02   0.9534389850097899E-04   0.1983363957901245E-06   0.1321438295357797E-04   0.1948922153623355E-03
  0.7547500000000001E+02   0.9855869245361650E+00   0.1882286078512456E-03  -0.7232689134458847E-02   0.9479996258495814E-04   0.1973356179116843E-06   0.1317531541208840E-04   0.1937741086862177E-03
  0.7552499999999999E+02   0.9856081242450451E+00   0.1871613840396467E-03  -0.7222012164720737E-02   0.9426144935372012E-04   0.1963446351976566E-06   0.1313628532648138E-04   0.1926671543928744E-03
  0.7557500000000000E+02   0.9856293311638979E+00   0.1861164394461054E-03  -0.7211331677283828E-02   0.9373416789725400E-04   0.1953755783058414E-06   0.1309730134306311E-04   0.1915832259748429E-03
  0.7562500000000000E+02   0.9856505380786872E+00   0.1851032510786447E-03  -0.7200651305010908E-02   0.9322289107157376E-04   0.1944384486252595E-06   0.1305837695444647E-04   0.1905320782542188E-03
  0.7567500000000000E+02   0.9856717359344267E+00   0.1841286618063210E-03  -0.7189975607882482E-02   0.9273106499859336E-04   0.1935405048238137E-06   0.1301952887657499E-04   0.1895207537421115E-03
  0.7572499999999999E+02   0.9856929147349204E+00   0.1831966257382056E-03  -0.7179309619831931E-02   0.9226068086275301E-04   0.1926859859483320E-06   0.1298077537520174E-04   0.1885533207993337E-03
  0.7577499999999999E+02   0.9857140643905621E+00   0.1823082151741279E-03  -0.7168658421755625E-02   0.9181227845019650E-04   0.1918761087892108E-06   0.1294213470828149E-04   0.1876308811065839E-03
  0.7582500000000000E+02   0.9857351754725299E+00   0.1814618229999392E-03  -0.7158026761681979E-02   0.9138504812003037E-04   0.1911092711207438E-06   0.1290362375736908E-04   0.1867517783198828E-03
  0.7587500000000000E+02   0.9857562398644500E+00   0.1806535131823116E-03  -0.7147418726593746E-02   0.9097700735723030E-04   0.1903814118571145E-06   0.1286525686115000E-04   0.1859119591266318E-03
  0.7592500000000000E+02   0.9857772513112187E+00   0.1798774989081379E-03  -0.7136837466056090E-02   0.9058524160019295E-04   0.1896865072610132E-06   0.1282704484905277E-04   0.1851054656036574E-03
  0.7597499999999999E+02   0.9857982058512974E+00   0.1791267473627052E-03  -0.7126284974540376E-02   0.9020620883196204E-04   0.1890172027546355E-06   0.1278899429763222E-04   0.1843250578058770E-03
  0.7602500000000001E+02   0.9858191020930244E+00   0.1783937101279984E-03  -0.7115761952305677E-02   0.8983610741911542E-04   0.1883655798666146E-06   0.1275110707878706E-04   0.1835629655125635E-03
  0.7607499999999999E+02   0.9858399412727594E+00   0.1776711532279428E-03  -0.7105267776149504E-02   0.8947129411695095E-04   0.1877240314787791E-06   0.1271338030859300E-04   0.1828117423915647E-03
  0.7612500000000000E+02   0.9858607270311551E+00   0.1769530158652368E-03  -0.7094800612103547E-02   0.8910871650905059E-04   0.1870861708368547E-06   0.1267580680596585E-04   0.1820651495701828E-03
  0.7617500000000000E+02   0.9858814648770464E+00   0.1762351795175029E-03  -0.7084357685431475E-02   0.8874630029328783E-04   0.1864476492757845E-06   0.1263837610816932E-04   0.1813189468698195E-03
  0.7622499999999999E+02   0.9859021613754326E+00   0.1755160057477444E-03  -0.7073935689556832E-02   0.8838322008881646E-04   0.1858067322773406E-06   0.1260107596856314E-04   0.1805714459926531E-03
  0.7627500000000001E+02   0.9859228231755149E+00   0.1747965245097441E-03  -0.7063531275522950E-02   0.8801999423703672E-04   0.1851645075108301E-06   0.1256389412056590E-04   0.1798237040669068E-03
  0.7632499999999999E+02   0.9859434560512738E+00   0.1740802276432448E-03  -0.7053141535124485E-02   0.8765838078806042E-04   0.1845246751450780E-06   0.1252681999457844E-04   0.1790793109854402E-03
  0.7637500000000000E+02   0.9859640641301056E+00   0.1733725201742095E-03  -0.7042764389327827E-02   0.8730110117359928E-04   0.1838929743346653E-06   0.1248984607508357E-04   0.1783438247162752E-03
  0.7642500000000000E+02   0.9859846494289908E+00   0.1726799640241153E-03  -0.7032398821821051E-02   0.8695145935236282E-04   0.1832763870966709E-06   0.1245296869092109E-04   0.1776239931038680E-03
  0.7647499999999999E+02   0.9860052117269252E+00   0.1720094810532406E-03  -0.7022044943229000E-02   0.8661294048738798E-04   0.1826822958653800E-06   0.1241618819699038E-04   0.1769269339130969E-03
  0.7652500000000001E+02   0.9860257487161677E+00   0.1713676574721371E-03  -0.7011703914927669E-02   0.8628886067830122E-04   0.1821177454809039E-06   0.1237950865929428E-04   0.1762594192408516E-03
  0.7657500000000000E+02   0.9860462563243698E+00   0.1707602287523256E-03  -0.7001377786810536E-02   0.8598210759433693E-04   0.1815888942564618E-06   0.1234293724243029E-04   0.1756273456926272E-03
  0.7662499999999999E+02   0.9860667290941487E+00   0.1701917537637262E-03  -0.6991069306132691E-02   0.8569497640107040E-04   0.1811006642855030E-06   0.1230648350453489E-04   0.1750353992876101E-03
  0.7667500000000000E+02   0.9860871605358672E+00   0.1696654333737432E-03  -0.6980781739852393E-02   0.8542907843768176E-04   0.1806565442365550E-06   0.1227015874924054E-04   0.1744868690281090E-03
  0.7672499999999999E+02   0.9861075434151583E+00   0.1691830024647369E-03  -0.6970518729835784E-02   0.8518528687000223E-04   0.1802584696360026E-06   0.1223397550069435E-04   0.1739835360434021E-03
  0.7677500000000001E+02   0.9861278699837523E+00   0.1687446239948489E-03  -0.6960284176619758E-02   0.8496368337843066E-04   0.1799067048924909E-06   0.1219794708367762E-04   0.1735255648841076E-03
  0.7682499999999999E+02   0.9861481322018896E+00   0.1683487337477026E-03  -0.6950082127420432E-02   0.8476348002140603E-04   0.1795996722813676E-06   0.1216208722126603E-04   0.1731113441404240E-03
  0.7687499999999999E+02   0.9861683220288977E+00   0.1679918207295326E-03  -0.6939916629831400E-02   0.8458290869944911E-04   0.1793337115889586E-06   0.1212640951434724E-04   0.1727372609039710E-03
  0.7692500000000000E+02   0.9861884318704136E+00   0.1676681795852023E-03  -0.6929791506664174E-02   0.8441909653074014E-04   0.1791028089523069E-06   0.1209092664903080E-04   0.1723974464569778E-03
  0.7697500000000001E+02   0.9862084552557889E+00   0.1673697356452506E-03  -0.6919710014904656E-02   0.8426797779249177E-04   0.1788984022958619E-06   0.1205564920745390E-04   0.1720835966155293E-03
  0.7702500000000001E+02   0.9862283877616244E+00   0.1670861084710962E-03  -0.6909674380760733E-02   0.8412432593526174E-04   0.1787094411164210E-06   0.1202058406156423E-04   0.1717850372304595E-03
  0.7707499999999999E+02   0.9862482280854302E+00   0.1668051155363293E-03  -0.6899685259133648E-02   0.8398200718517266E-04   0.1785229175686104E-06   0.1198573252689429E-04   0.1714892421097712E-03
  0.7712500000000000E+02   0.9862679790206811E+00   0.1665138750882694E-03  -0.6889741242740666E-02   0.8383453580302278E-04   0.1783250413052042E-06   0.1195108871799960E-04   0.1711829668272572E-03
  0.7717500000000000E+02   0.9862876479528330E+00   0.1662005035047207E-03  -0.6879838612419475E-02   0.8367592863712813E-04   0.1781030559542195E-06   0.1191663876904646E-04   0.1708539935651613E-03
  0.7722500000000001E+02   0.9863072464906558E+00   0.1658561324406045E-03  -0.6869971522765250E-02   0.8350172066336144E-04   0.1778474055476044E-06   0.1188236157870065E-04   0.1704932045747148E-03
  0.7727499999999999E+02   0.9863267890545250E+00   0.1654767100625758E-03  -0.6860132712889433E-02   0.8330987180818584E-04   0.1775536776500181E-06   0.1184823136365796E-04   0.1700964335720223E-03
  0.7732499999999999E+02   0.9863462906286593E+00   0.1650639797229651E-03  -0.6850314638081056E-02   0.8310125963681560E-04   0.1772236707970451E-06   0.1181422162904616E-04   0.1696654714981504E-03
  0.7737500000000000E+02   0.9863657642547508E+00   0.1646252596251026E-03  -0.6840510731648042E-02   0.8287956838955438E-04   0.1768651778156167E-06   0.1178030952889704E-04   0.1692078397445823E-03
  0.7742500000000000E+02   0.9863852189636155E+00   0.1641720891243621E-03  -0.6830716446215135E-02   0.8265060742561284E-04   0.1764905497938031E-06   0.1174647940403836E-04   0.1687353984060557E-03
  0.7747499999999999E+02   0.9864046586268829E+00   0.1637182058475539E-03  -0.6820929831809042E-02   0.8242129277846588E-04   0.1761145345615703E-06   0.1171272467940281E-04   0.1682622667804801E-03
  0.7752500000000001E+02   0.9864240818102908E+00   0.1632774507746897E-03  -0.6811151609675270E-02   0.8219859246271027E-04   0.1757520292405910E-06   0.1167904800858699E-04   0.1678026699762044E-03
  0.7757499999999999E+02   0.9864434823711702E+00   0.1628620434360900E-03  -0.6801384871429561E-02   0.8198865813712767E-04   0.1754162227800106E-06   0.1164546013781693E-04   0.1673691661327116E-03
  0.7762500000000000E+02   0.9864628504190672E+00   0.1624813793395365E-03  -0.6791634595394336E-02   0.8179621970529119E-04   0.1751172942298352E-06   0.1161197816352385E-04   0.1669714106048498E-03
  0.7767500000000000E+02   0.9864821733414186E+00   0.1621412550767370E-03  -0.6781907130197440E-02   0.8162419525013200E-04   0.1748615673100531E-06   0.1157862370175364E-04   0.1666153599066448E-03
  0.7772499999999999E+02   0.9865014367829291E+00   0.1618433171010126E-03  -0.6772209701698784E-02   0.8147341359246773E-04   0.1746509031792917E-06   0.1154542115783696E-04   0.1663027057000743E-03
  0.7777499999999999E+02   0.9865206256547299E+00   0.1615845628951610E-03  -0.6762549904953508E-02   0.8134236323836680E-04   0.1744821475128798E-06   0.1151239596097269E-04   0.1660303627411693E-03
  0.7782499999999999E+02   0.9865397253713509E+00   0.1613568638520105E-03  -0.6752935081523304E-02   0.8122695226149711E-04   0.1743465989746936E-06   0.1147957242341957E-04   0.1657899791747472E-03
  0.7787500000000000E+02   0.9865587235248334E+00   0.1611466867057154E-03  -0.6743371476763071E-02   0.8112036812948661E-04   0.1742296903612350E-06   0.1144697087278887E-04   0.1655676507832824E-03
  0.7792500000000000E+02   0.9865776120601720E+00   0.1609354056888278E-03  -0.6733863144768093E-02   0.8101323488101764E-04   0.1741113076435337E-06   0.1141460396282597E-04   0.1653442420255599E-03
  0.7797499999999999E+02   0.9865963896877217E+00   0.1607007075734098E-03  -0.6724410734053721E-02   0.8089432042328320E-04   0.1739672933709619E-06   0.1138247263305840E-04   0.1650968296845393E-03
  0.7802499999999999E+02   0.9866150638261058E+00   0.1604194276257721E-03  -0.6715010509579122E-02   0.8075196410048998E-04   0.1737725058994924E-06   0.1135056293365396E-04   0.1648016163331749E-03
  0.7807500000000000E+02   0.9866336510629345E+00   0.1600716000812083E-03  -0.6705654120871873E-02   0.8057611560223613E-04   0.1735052068347952E-06   0.1131884542868633E-04   0.1644380912896323E-03
  0.7812500000000000E+02   0.9866521753158566E+00   0.1596447091443169E-03  -0.6696329527740796E-02   0.8036047479237387E-04   0.1731516827973307E-06   0.1128727852300728E-04   0.1639933974115668E-03
  0.7817500000000000E+02   0.9866706637369427E+00   0.1591365930342952E-03  -0.6687023061922259E-02   0.8010395350156372E-04   0.1727094230012489E-06   0.1125581556920463E-04   0.1634653140930446E-03
  0.7822500000000001E+02   0.9866891415431934E+00   0.1585557394196915E-03  -0.6677722029269528E-02   0.7981082420883928E-04   0.1721874759632158E-06   0.1122441368392791E-04   0.1628625604885651E-03
  0.7827499999999999E+02   0.9867076275764036E+00   0.1579188246338778E-03  -0.6668416944784150E-02   0.7948948132111270E-04   0.1716038122843541E-06   0.1119304119724753E-04   0.1622022674231708E-03
  0.7832500000000000E+02   0.9867261319964531E+00   0.1572465747348433E-03  -0.6659102693726715E-02   0.7915035772777610E-04   0.1709808524056105E-06   0.1116168139391748E-04   0.1615057255122562E-03
  0.7837499999999999E+02   0.9867446564136747E+00   0.1565595406533066E-03  -0.6649778464959843E-02   0.7880379812639121E-04   0.1703408836818535E-06   0.1113033209874958E-04   0.1607940451642846E-03
  0.7842500000000000E+02   0.9867631957719762E+00   0.1558750000539252E-03  -0.6640446803015676E-02   0.7845849951926468E-04   0.1697026866284647E-06   0.1109900233332939E-04   0.1600849741225991E-03
  0.7847500000000001E+02   0.9867817409313769E+00   0.1552054035979782E-03  -0.6631112308108755E-02   0.7812072912742438E-04   0.1690798308602971E-06   0.1106770785330494E-04   0.1593913015668225E-03
  0.7852499999999999E+02   0.9868002811090333E+00   0.1545581411449416E-03  -0.6621780407395916E-02   0.7779420672638043E-04   0.1684804035106400E-06   0.1103646698807943E-04   0.1587206181339188E-03
  0.7857499999999999E+02   0.9868188057606690E+00   0.1539361464120856E-03  -0.6612456407932066E-02   0.7748040903324388E-04   0.1679076513033476E-06   0.1100529747292395E-04   0.1580759372050802E-03
  0.7862500000000000E+02   0.9868373058261797E+00   0.1533389013767940E-03  -0.6603144869690381E-02   0.7717907530353499E-04   0.1673610614620812E-06   0.1097421438289184E-04   0.1574567267499855E-03
  0.7867500000000000E+02   0.9868557744275992E+00   0.1527635589715184E-03  -0.6593849254252659E-02   0.7688877246070964E-04   0.1668375759802928E-06   0.1094322900427229E-04   0.1568600625852999E-03
  0.7872500000000001E+02   0.9868742071335864E+00   0.1522060400165319E-03  -0.6584571791696359E-02   0.7660744724442545E-04   0.1663327823817221E-06   0.1091234844041322E-04   0.1562817550604879E-03
  0.7877499999999999E+02   0.9868926018721182E+00   0.1516620276742330E-03  -0.6575313524556092E-02   0.7633292676282908E-04   0.1658419969512128E-06   0.1088157580665179E-04   0.1557173703812479E-03
  0.7882499999999999E+02   0.9869109585478743E+00   0.1511277908972528E-03  -0.6566074500420127E-02   0.7606333295958931E-04   0.1653611649583449E-06   0.1085091091294151E-04   0.1551630762217406E-03
  0.7887500000000000E+02   0.9869292784331285E+00   0.1506007580716323E-03  -0.6556854078518470E-02   0.7579737133922271E-04   0.1648874907753586E-06   0.1082035131317575E-04   0.1546162307499788E-03
  0.7892500000000000E+02   0.9869475634421568E+00   0.1500797750295387E-03  -0.6547651294934176E-02   0.7553446082500232E-04   0.1644197245691575E-06   0.1078989353331085E-04   0.1540756475207055E-03
  0.7897500000000001E+02   0.9869658154337466E+00   0.1495650352183589E-03  -0.6538465213661748E-02   0.7527469860749341E-04   0.1639580906558664E-06   0.1075953423607440E-04   0.1535415237371815E-03
  0.7902499999999999E+02   0.9869840356793724E+00   0.1490577460264390E-03  -0.6529295194278695E-02   0.7501869219967996E-04   0.1635039261400945E-06   0.1072927109590641E-04   0.1530150976263302E-03
  0.7907499999999999E+02   0.9870022245789066E+00   0.1485596547782773E-03  -0.6520141035028959E-02   0.7476732086599622E-04   0.1630591641370102E-06   0.1069910325373582E-04   0.1524981617602837E-03
  0.7912500000000000E+02   0.9870203816272125E+00   0.1480725707177360E-03  -0.6511002989632586E-02   0.7452149503583824E-04   0.1626258106220757E-06   0.1066903135279061E-04   0.1519925722892489E-03
  0.7917500000000001E+02   0.9870385055710789E+00   0.1475979854327833E-03  -0.6501881688299682E-02   0.7428196526612639E-04   0.1622055274877654E-06   0.1063905726155145E-04   0.1514998592685794E-03
  0.7922499999999999E+02   0.9870565946692602E+00   0.1471368385278886E-03  -0.6492778006850664E-02   0.7404920430910724E-04   0.1617993737564254E-06   0.1060918363170970E-04   0.1510209861232637E-03
  0.7927499999999999E+02   0.9870746469768359E+00   0.1466894263050176E-03  -0.6483692923601514E-02   0.7382336115683786E-04   0.1614077031874814E-06   0.1057941342251259E-04   0.1505562559376853E-03
  0.7932500000000000E+02   0.9870926606014429E+00   0.1462554238742653E-03  -0.6474627390406384E-02   0.7360427217380005E-04   0.1610301864008576E-06   0.1054974947752722E-04   0.1501053341911256E-03
  0.7937500000000000E+02   0.9871106339054883E+00   0.1458339848513948E-03  -0.6465582230891109E-02   0.7339151127690763E-04   0.1606659185735829E-06   0.1052019419517170E-04   0.1496673511317263E-03
  0.7942500000000000E+02   0.9871285656456313E+00   0.1454238883644079E-03  -0.6456558070258800E-02   0.7318446392336591E-04   0.1603135797036658E-06   0.1049074930580307E-04   0.1492410526981540E-03
  0.7947499999999998E+02   0.9871464550479420E+00   0.1450237106587353E-03  -0.6447555297469654E-02   0.7298241347599696E-04   0.1599716226165616E-06   0.1046141575650246E-04   0.1488249766711090E-03
  0.7952499999999999E+02   0.9871643018187464E+00   0.1446320023471007E-03  -0.6438574059787316E-02   0.7278463040683904E-04   0.1596384679114103E-06   0.1043219370212539E-04   0.1484176345980673E-03
  0.7957500000000000E+02   0.9871821060930680E+00   0.1442474516288725E-03  -0.6429614288729901E-02   0.7259045443751310E-04   0.1593126841438224E-06   0.1040308259809153E-04   0.1480176792997453E-03
  0.7962500000000000E+02   0.9871998683284632E+00   0.1438690119686867E-03  -0.6420675753500582E-02   0.7239935879190756E-04   0.1589931294059220E-06   0.1037408138080185E-04   0.1476240358879683E-03
  0.7967500000000000E+02   0.9872175891616451E+00   0.1434959745656996E-03  -0.6411758133143097E-02   0.7221098666389431E-04   0.1586790323823226E-06   0.1034518870613153E-04   0.1472359761177053E-03
  0.7972499999999999E+02   0.9872352692545648E+00   0.1431279744136916E-03  -0.6402861094000678E-02   0.7202515426487778E-04   0.1583700002230668E-06   0.1031640320184861E-04   0.1468531245883468E-03
  0.7977499999999999E+02   0.9872529091602867E+00   0.1427649326790030E-03  -0.6393984357213167E-02   0.7184182182444065E-04   0.1580659559323723E-06   0.1028772368460441E-04   0.1464753996002250E-03
  0.7982500000000000E+02   0.9872705092341906E+00   0.1424069526321832E-03  -0.6385127743402053E-02   0.7166104121849692E-04   0.1577670240611853E-06   0.1025914930073999E-04   0.1461029063584780E-03
  0.7987500000000000E+02   0.9872880696041637E+00   0.1420541959297791E-03  -0.6376291187671024E-02   0.7148289371012262E-04   0.1574733941851112E-06   0.1023067957001985E-04   0.1457358100231450E-03
  0.7992500000000000E+02   0.9873055901991582E+00   0.1417067678397763E-03  -0.6367474725234246E-02   0.7130743219209263E-04   0.1571851937904641E-06   0.1020231433476094E-04   0.1453742179443534E-03
  0.7997499999999999E+02   0.9873230708234433E+00   0.1413646350252126E-03  -0.6358678454050914E-02   0.7113463981412910E-04   0.1569023968223555E-06   0.1017405363617658E-04   0.1450180953089445E-03
  0.8002499999999999E+02   0.9873405112563333E+00   0.1410275908740599E-03  -0.6349902484641734E-02   0.7096441253651670E-04   0.1566247846980894E-06   0.1014589755152705E-04   0.1446672295711325E-03
  0.8007500000000000E+02   0.9873579113538047E+00   0.1406952737800048E-03  -0.6341146888954263E-02   0.7079656832901051E-04   0.1563519660214869E-06   0.1011784603053564E-04   0.1443212492059351E-03
  0.8012500000000000E+02   0.9873752711281435E+00   0.1403672341688154E-03  -0.6332411660285198E-02   0.7063088089818356E-04   0.1560834505774235E-06   0.1008989876938139E-04   0.1439796924653488E-03
  0.8017500000000000E+02   0.9873925907845051E+00   0.1400430363002326E-03  -0.6323696694883529E-02   0.7046713091296858E-04   0.1558187622978924E-06   0.1006205515556208E-04   0.1436421118019520E-03
  0.8022499999999999E+02   0.9874098707001737E+00   0.1397223715884357E-03  -0.6315001802387199E-02   0.7030516302544063E-04   0.1555575654744867E-06   0.1003431430532321E-04   0.1433081901014179E-03
  0.8027500000000001E+02   0.9874271113442079E+00   0.1394051539451191E-03  -0.6306326746255420E-02   0.7014493384498047E-04   0.1552997714136005E-06   0.1000667519593003E-04   0.1429778384697399E-03
  0.8032499999999999E+02   0.9874443131503664E+00   0.1390915680783288E-03  -0.6297671307709196E-02   0.6998653624037135E-04   0.1550455930463433E-06   0.9979136870728031E-05   0.1426512457651280E-03
  0.8037500000000000E+02   0.9874614763699983E+00   0.1387820506850527E-03  -0.6289035359751227E-02   0.6983018987583362E-04   0.1547955248888782E-06   0.9951698673307816E-05   0.1423288593038589E-03
  0.8042500000000000E+02   0.9874786009385237E+00   0.1384771998307388E-03  -0.6280418934347498E-02   0.6967619561357418E-04   0.1545502427760069E-06   0.9924360456785561E-05   0.1420112919201747E-03
  0.8047499999999999E+02   0.9874956863868426E+00   0.1381776237171616E-03  -0.6271822267000071E-02   0.6952485942000124E-04   0.1543104355308622E-06   0.9897122718717860E-05   0.1416991668760277E-03
  0.8052499999999999E+02   0.9875127318202080E+00   0.1378837509237926E-03  -0.6263245807375584E-02   0.6937639688884116E-04   0.1540765929574829E-06   0.9869986626926054E-05   0.1413929232765487E-03
  0.8057499999999999E+02   0.9875297359774053E+00   0.1375956287637947E-03  -0.6254690189526735E-02   0.6923083178628380E-04   0.1538487797588175E-06   0.9842953917349057E-05   0.1410926093153518E-03
  0.8062500000000000E+02   0.9875466973764249E+00   0.1373127383925734E-03  -0.6246156158597249E-02   0.6908790302726504E-04   0.1536264273630801E-06   0.9816026655856466E-05   0.1407976927155945E-03
  0.8067500000000001E+02   0.9875636145475799E+00   0.1370338602331420E-03  -0.6237644453530256E-02   0.6894699696980727E-04   0.1534081813135154E-06   0.9789206864405474E-05   0.1405069227772661E-03
  0.8072499999999999E+02   0.9875804863440651E+00   0.1367570327940496E-03  -0.6229155650818163E-02   0.6880712669911918E-04   0.1531918527157400E-06   0.9762496029433539E-05   0.1402182881870858E-03
  0.8077499999999999E+02   0.9875973122952093E+00   0.1364796551290436E-03  -0.6220689986773720E-02   0.6866698358171049E-04   0.1529745305149507E-06   0.9735894549365534E-05   0.1399291220971686E-03
  0.8082500000000000E+02   0.9876140929289257E+00   0.1361987721876621E-03  -0.6212247195301557E-02   0.6852508083505643E-04   0.1527528993164427E-06   0.9709401238432228E-05   0.1396363946981192E-03
  0.8087500000000000E+02   0.9876308299538966E+00   0.1359115369325144E-03  -0.6203826416241842E-02   0.6837998602993194E-04   0.1525237567612022E-06   0.9683013058570173E-05   0.1393371869945625E-03
  0.8092500000000001E+02   0.9876475261920674E+00   0.1356157651586121E-03  -0.6195426229340439E-02   0.6823060022961222E-04   0.1522846369145645E-06   0.9656725247892680E-05   0.1390292595906877E-03
  0.8097499999999999E+02   0.9876641852163849E+00   0.1353104240737092E-03  -0.6187044836513667E-02   0.6807640379947055E-04   0.1520343615297957E-06   0.9630531909970828E-05   0.1387115535398855E-03
  0.8102499999999999E+02   0.9876808107655398E+00   0.1349958815654087E-03  -0.6178680356303867E-02   0.6791758181128943E-04   0.1517733242795251E-06   0.9604426943970920E-05   0.1383844458353492E-03
  0.8107500000000000E+02   0.9876974061128845E+00   0.1346738220401252E-03  -0.6170331141386209E-02   0.6775498169359064E-04   0.1515034009187934E-06   0.9578405033223382E-05   0.1380496630750927E-03
  0.8112500000000000E+02   0.9877139735874980E+00   0.1343468713806652E-03  -0.6161996019524385E-02   0.6758992453628513E-04   0.1512275316599047E-06   0.9552462382687491E-05   0.1377098969378248E-03
  0.8117500000000000E+02   0.9877305143652435E+00   0.1340180835459661E-03  -0.6153674398686526E-02   0.6742394678819196E-04   0.1509491461491400E-06   0.9526597026212432E-05   0.1373682778433567E-03
  0.8122499999999999E+02   0.9877470285235047E+00   0.1336904622837983E-03  -0.6145366239499461E-02   0.6725855962352692E-04   0.1506716258880396E-06   0.9500808720509617E-05   0.1370278846345646E-03
  0.8127499999999999E+02   0.9877635152617842E+00   0.1333666301631818E-03  -0.6137071944257388E-02   0.6709508242956702E-04   0.1503979308110551E-06   0.9475098584091165E-05   0.1366914053044204E-03
  0.8132500000000000E+02   0.9877799731675405E+00   0.1330486682380592E-03  -0.6128792223169310E-02   0.6693456214295258E-04   0.1501304170390904E-06   0.9449468671663587E-05   0.1363609726584851E-03
  0.8137500000000000E+02   0.9877964004380518E+00   0.1327380828885181E-03  -0.6120527982733326E-02   0.6677775657198201E-04   0.1498707975708114E-06   0.9423921622481444E-05   0.1360381303625892E-03
  0.8142499999999998E+02   0.9878127950203757E+00   0.1324358288042875E-03  -0.6112280255316849E-02   0.6662514596634144E-04   0.1496201662712621E-06   0.9398460439598587E-05   0.1357238565565061E-03
  0.8147499999999999E+02   0.9878291546777184E+00   0.1321423204099984E-03  -0.6104050165762209E-02   0.6647693877414287E-04   0.1493790088946242E-06   0.9373088384756990E-05   0.1354185756384623E-03
  0.8152499999999999E+02   0.9878454770238438E+00   0.1318573841843411E-03  -0.6095838914074614E-02   0.6633304766541859E-04   0.1491471472999519E-06   0.9347808922601704E-05   0.1351221094863184E-03
  0.8157500000000000E+02   0.9878617595895358E+00   0.1315801339646841E-03  -0.6087647741989000E-02   0.6619302681255292E-04   0.1489235963029063E-06   0.9322625614539359E-05   0.1348335497604675E-03
  0.8162500000000000E+02   0.9878779999973593E+00   0.1313087921916354E-03  -0.6079477845058245E-02   0.6605598197476686E-04   0.1487063587845648E-06   0.9297541845442952E-05   0.1345510748070526E-03
  0.8167499999999998E+02   0.9878941963133112E+00   0.1310405370081036E-03  -0.6071330195761671E-02   0.6592049358728783E-04   0.1484922493505737E-06   0.9272560280431828E-05   0.1342717930407511E-03
  0.8172499999999999E+02   0.9879103475922992E+00   0.1307715212935398E-03  -0.6063205269109528E-02   0.6578462633981989E-04   0.1482769122986736E-06   0.9247682030634267E-05   0.1339917624745653E-03
  0.8177500000000001E+02   0.9879264545142453E+00   0.1304972445710891E-03  -0.6055102722662076E-02   0.6564611626285999E-04   0.1480552400085323E-06   0.9222905692300726E-05   0.1337063717720360E-03
  0.8182500000000000E+02   0.9879425198402704E+00   0.1302133831859240E-03  -0.6047021167054578E-02   0.6550278834055845E-04   0.1478223131164209E-06   0.9198226677414349E-05   0.1334111908000021E-03
  0.8187500000000000E+02   0.9879585483241424E+00   0.1299169424697427E-03  -0.6038958210546896E-02   0.6535313609266314E-04   0.1475747098895730E-06   0.9173637389940761E-05   0.1331031510468200E-03
  0.8192500000000000E+02   0.9879745458683215E+00   0.1296072839431918E-03  -0.6030910883568219E-02   0.6519683829323278E-04   0.1473116783570902E-06   0.9149128554804814E-05   0.1327815979927983E-03
  0.8197499999999999E+02   0.9879905181350872E+00   0.1292864813415199E-03  -0.6022876337372418E-02   0.6503493806030585E-04   0.1470355493807535E-06   0.9124691357995280E-05   0.1324486558290704E-03
  0.8202500000000001E+02   0.9880064692108453E+00   0.1289587729064734E-03  -0.6014852515941249E-02   0.6486956733352073E-04   0.1467511227619080E-06   0.9100319473364209E-05   0.1321086662804130E-03
  0.8207499999999999E+02   0.9880224009008012E+00   0.1286294042587720E-03  -0.6006838510784096E-02   0.6470336479280070E-04   0.1464643571332428E-06   0.9076010102123857E-05   0.1317670030796246E-03
  0.8212500000000000E+02   0.9880383128094560E+00   0.1283034437613773E-03  -0.5998834520440366E-02   0.6453887994159283E-04   0.1461810236970484E-06   0.9051763807206160E-05   0.1314288582802406E-03
  0.8217500000000000E+02   0.9880542029321390E+00   0.1279850095330827E-03  -0.5990841552911297E-02   0.6437818426795478E-04   0.1459058243512219E-06   0.9027583578741082E-05   0.1310984503329252E-03
  0.8222499999999999E+02   0.9880700683513952E+00   0.1276769996888384E-03  -0.5982861075345958E-02   0.6422273554908808E-04   0.1456420806679034E-06   0.9003473756061592E-05   0.1307787477413355E-03
  0.8227499999999999E+02   0.9880859057636340E+00   0.1273811656414271E-03  -0.5974894749113280E-02   0.6407341472994126E-04   0.1453918133448057E-06   0.8979439221326940E-05   0.1304715442029616E-03
  0.8232500000000000E+02   0.9881017117569140E+00   0.1270983056752580E-03  -0.5966944290061060E-02   0.6393062330532072E-04   0.1451559593362931E-06   0.8955484978406777E-05   0.1301776569887195E-03
  0.8237500000000000E+02   0.9881174828932744E+00   0.1268284088050388E-03  -0.5959011427096983E-02   0.6379435569710273E-04   0.1449345329815152E-06   0.8931616029907066E-05   0.1298970744181957E-03
  0.8242500000000000E+02   0.9881332157078585E+00   0.1265706579399320E-03  -0.5951097902628821E-02   0.6366420086218950E-04   0.1447266268529758E-06   0.8907837378574380E-05   0.1296289592338911E-03
  0.8247500000000001E+02   0.9881489067588404E+00   0.1263232729455543E-03  -0.5943205447456190E-02   0.6353926336895887E-04   0.1445302294365989E-06   0.8884153949512389E-05   0.1293714879951366E-03
  0.8252499999999999E+02   0.9881645528689730E+00   0.1260832513717498E-03  -0.5935335659284169E-02   0.6341803299857299E-04   0.1443419249993455E-06   0.8860570222810208E-05   0.1291215856512188E-03
  0.8257500000000000E+02   0.9881801516713085E+00   0.1258461697913711E-03  -0.5927489728248525E-02   0.6329828482882417E-04   0.1441566617993951E-06   0.8837089412626409E-05   0.1288747221542264E-03
  0.8262499999999999E+02   0.9881957024489111E+00   0.1256063231762845E-03  -0.5919668014569668E-02   0.6317714933833207E-04   0.1439679069115102E-06   0.8813712216673265E-05   0.1286250551945596E-03
  0.8267500000000000E+02   0.9882112070018275E+00   0.1253574930798109E-03  -0.5911869612498122E-02   0.6305149877956282E-04   0.1437685227810635E-06   0.8790435544835641E-05   0.1283662168010729E-03
  0.8272499999999999E+02   0.9882266699963805E+00   0.1250943792405547E-03  -0.5904092174633613E-02   0.6291866723111493E-04   0.1435524082825585E-06   0.8767252043937654E-05   0.1280927792519366E-03
  0.8277499999999999E+02   0.9882420982746603E+00   0.1248142047015384E-03  -0.5896332259233472E-02   0.6277725792179972E-04   0.1433163449716211E-06   0.8744151184546469E-05   0.1278018986506414E-03
  0.8282500000000000E+02   0.9882574991602789E+00   0.1245176221606990E-03  -0.5888586182365985E-02   0.6262759909501518E-04   0.1430610471727655E-06   0.8721121827567086E-05   0.1274942429817452E-03
  0.8287500000000000E+02   0.9882728785425999E+00   0.1242083353656191E-03  -0.5880850981485830E-02   0.6247155357999542E-04   0.1427907386118707E-06   0.8698155080581964E-05   0.1271736044159665E-03
  0.8292500000000000E+02   0.9882882397051627E+00   0.1238916870122704E-03  -0.5873125004698387E-02   0.6231180854700055E-04   0.1425115386167448E-06   0.8675246006284297E-05   0.1268454533553077E-03
  0.8297499999999999E+02   0.9883035832801725E+00   0.1235730584197661E-03  -0.5865407933649980E-02   0.6215107059242066E-04   0.1422296257933548E-06   0.8652393638766630E-05   0.1265152997495930E-03
  0.8302500000000001E+02   0.9883189079906155E+00   0.1232567924260012E-03  -0.5857700410265898E-02   0.6199152398850105E-04   0.1419499976442069E-06   0.8629599837467955E-05   0.1261875901785508E-03
  0.8307500000000000E+02   0.9883342115903003E+00   0.1229458201213126E-03  -0.5850003563937389E-02   0.6183464294224321E-04   0.1416760368129896E-06   0.8606867867535646E-05   0.1258653256428020E-03
  0.8312500000000000E+02   0.9883494916025654E+00   0.1226417829353183E-03  -0.5842318639974309E-02   0.6168125300180857E-04   0.1414096469682055E-06   0.8584201297612096E-05   0.1255501865805745E-03
  0.8317499999999998E+02   0.9883647457448145E+00   0.1223453597745251E-03  -0.5834646786077147E-02   0.6153169559722076E-04   0.1411516257814682E-06   0.8561603374583530E-05   0.1252428678500709E-03
  0.8322499999999999E+02   0.9883799720969105E+00   0.1220566001742362E-03  -0.5826988967639002E-02   0.6138599560628343E-04   0.1409020462111212E-06   0.8539076781991744E-05   0.1249434198719677E-03
  0.8327500000000001E+02   0.9883951691170211E+00   0.1217751763484089E-03  -0.5819345959776179E-02   0.6124398812908401E-04   0.1406605454856738E-06   0.8516623624292085E-05   0.1246515067295808E-03
  0.8332500000000000E+02   0.9884103355923387E+00   0.1215005383823067E-03  -0.5811718372114250E-02   0.6110539654690029E-04   0.1404265031827009E-06   0.8494245505739592E-05   0.1243665650953827E-03
  0.8337499999999999E+02   0.9884254705832911E+00   0.1212319894418937E-03  -0.5804106676850052E-02   0.6096987035254677E-04   0.1401991274487479E-06   0.8471943616999633E-05   0.1240878812618956E-03
  0.8342500000000000E+02   0.9884405733967929E+00   0.1209687112080125E-03  -0.5796511222208034E-02   0.6083699794532176E-04   0.1399774839292660E-06   0.8449718777605184E-05   0.1238146172044704E-03
  0.8347499999999999E+02   0.9884556436051424E+00   0.1207097782602249E-03  -0.5788932222941412E-02   0.6070631386659073E-04   0.1397605120054229E-06   0.8427571410887698E-05   0.1235458253176201E-03
  0.8352500000000001E+02   0.9884706811029551E+00   0.1204542056448124E-03  -0.5781369731703845E-02   0.6057732272242128E-04   0.1395470795313921E-06   0.8405501463837889E-05   0.1232804971018336E-03
  0.8357500000000000E+02   0.9884856861611840E+00   0.1202010640810458E-03  -0.5773823611884055E-02   0.6044955712075462E-04   0.1393361161730208E-06   0.8383508332894455E-05   0.1230176810654760E-03
  0.8362499999999999E+02   0.9885006594114469E+00   0.1199496567101144E-03  -0.5766293545490853E-02   0.6032266655787667E-04   0.1391268186066272E-06   0.8361590893188795E-05   0.1227566636054987E-03
  0.8367500000000000E+02   0.9885156017110702E+00   0.1196996903352989E-03  -0.5758779101022515E-02   0.6019650353415660E-04   0.1389188500590690E-06   0.8339747701687804E-05   0.1224971442473971E-03
  0.8372499999999999E+02   0.9885305139119765E+00   0.1194513452615062E-03  -0.5751279849694368E-02   0.6007115867518951E-04   0.1387124228069205E-06   0.8317977337457048E-05   0.1222393071097343E-03
  0.8377500000000001E+02   0.9885453966310052E+00   0.1192051973218919E-03  -0.5743795480944169E-02   0.5994692151785674E-04   0.1385082092139842E-06   0.8296278734911518E-05   0.1219837410967972E-03
  0.8382500000000000E+02   0.9885602501190900E+00   0.1189620393669790E-03  -0.5736325868221259E-02   0.5982419073635584E-04   0.1383071355549593E-06   0.8274651369101298E-05   0.1217312572031929E-03
  0.8387499999999999E+02   0.9885750742517864E+00   0.1187226987724938E-03  -0.5728871073749642E-02   0.5970338236649130E-04   0.1381101704657530E-06   0.8253095263173508E-05   0.1214827017476312E-03
  0.8392500000000000E+02   0.9885898685907385E+00   0.1184879178744201E-03  -0.5721431317613490E-02   0.5958486967663384E-04   0.1379181858854369E-06   0.8231610893786188E-05   0.1212388340112345E-03
  0.8397500000000001E+02   0.9886046324493853E+00   0.1182583024388705E-03  -0.5714006944711025E-02   0.5946895725418035E-04   0.1377318967448258E-06   0.8210199092147444E-05   0.1210002735092935E-03
  0.8402499999999999E+02   0.9886193649237465E+00   0.1180343030016854E-03  -0.5706598409269348E-02   0.5935587162342975E-04   0.1375518387507023E-06   0.8188860996860805E-05   0.1207674809119995E-03
  0.8407500000000000E+02   0.9886340648839689E+00   0.1178161860412660E-03  -0.5699206279092150E-02   0.5924574675253457E-04   0.1373783342412637E-06   0.8167598063699870E-05   0.1205407285762884E-03
  0.8412499999999999E+02   0.9886487309467310E+00   0.1176039608680941E-03  -0.5691831249434287E-02   0.5913858729325015E-04   0.1372114062580212E-06   0.8146412102275595E-05   0.1203200257814322E-03
  0.8417500000000000E+02   0.9886633614652888E+00   0.1173972411189780E-03  -0.5684474148006990E-02   0.5903419893719579E-04   0.1370506159730120E-06   0.8125305286016950E-05   0.1201049770698191E-03
  0.8422499999999999E+02   0.9886779545906661E+00   0.1171950373806683E-03  -0.5677135904209152E-02   0.5893208414112159E-04   0.1368948190945706E-06   0.8104280058635203E-05   0.1198945701382795E-03
  0.8427499999999999E+02   0.9886925084744134E+00   0.1169955110442289E-03  -0.5669817447173431E-02   0.5883131835737734E-04   0.1367418760984937E-06   0.8083338837219676E-05   0.1196869240712151E-03
  0.8432499999999999E+02   0.9887070216825453E+00   0.1167957825927268E-03  -0.5662519497624752E-02   0.5873045363517692E-04   0.1365884250909315E-06   0.8062483415253740E-05   0.1194790932506519E-03
  0.8437500000000000E+02   0.9887214938285822E+00   0.1165919733674178E-03  -0.5655242249565373E-02   0.5862753962277169E-04   0.1364299270728866E-06   0.8041714059564093E-05   0.1192671100832481E-03
  0.8442500000000000E+02   0.9887359262664717E+00   0.1163797001971495E-03  -0.5647985021850710E-02   0.5852037228471190E-04   0.1362612415996601E-06   0.8021028535244414E-05   0.1190464909459895E-03
  0.8447499999999999E+02   0.9887503224582794E+00   0.1161551008224130E-03  -0.5640746073302672E-02   0.5840700952081440E-04   0.1360778263311512E-06   0.8000421611138615E-05   0.1188132850642992E-03
  0.8452500000000001E+02   0.9887646875769083E+00   0.1159160846848603E-03  -0.5633522802476643E-02   0.5828640010650444E-04   0.1358772050230772E-06   0.7979885665125244E-05   0.1185653539083498E-03
  0.8457499999999999E+02   0.9887790272726940E+00   0.1156631374970492E-03  -0.5626312367861042E-02   0.5815878825820154E-04   0.1356599173499281E-06   0.7959412470866423E-05   0.1183031941626357E-03
  0.8462500000000000E+02   0.9887933461569510E+00   0.1153991300285502E-03  -0.5619112450403474E-02   0.5802561748392136E-04   0.1354293034284591E-06   0.7938995359322750E-05   0.1180297421353944E-03
  0.8467500000000000E+02   0.9888076468140559E+00   0.1151282370870468E-03  -0.5611921750270255E-02   0.5788898700881929E-04   0.1351902426577390E-06   0.7918630598470854E-05   0.1177492680103001E-03
  0.8472499999999999E+02   0.9888219297367136E+00   0.1148546398633190E-03  -0.5604740019396814E-02   0.5775099926841938E-04   0.1349476335178779E-06   0.7898317447353638E-05   0.1174660485060309E-03
  0.8477500000000001E+02   0.9888361939450998E+00   0.1145816469279525E-03  -0.5597567750161736E-02   0.5761331791431323E-04   0.1347053601678833E-06   0.7878057245317349E-05   0.1171834677614453E-03
  0.8482499999999999E+02   0.9888504377792835E+00   0.1143114239191764E-03  -0.5590405776929042E-02   0.5747703189071075E-04   0.1344659714309890E-06   0.7857852271571904E-05   0.1169037408319932E-03
  0.8487500000000000E+02   0.9888646594960737E+00   0.1140451530275272E-03  -0.5583254975931595E-02   0.5734273562779100E-04   0.1342308645528246E-06   0.7837704896643005E-05   0.1166280768132592E-03
  0.8492500000000000E+02   0.9888788575671871E+00   0.1137833463498498E-03  -0.5576116115341034E-02   0.5721068660648103E-04   0.1340006508448698E-06   0.7817617164835254E-05   0.1163569993577841E-03
  0.8497499999999999E+02   0.9888930307526503E+00   0.1135261223227850E-03  -0.5568989818356185E-02   0.5708094435935190E-04   0.1337754791250980E-06   0.7797590696704520E-05   0.1160906294353570E-03
  0.8502500000000001E+02   0.9889071780702418E+00   0.1132733806185586E-03  -0.5561876578568548E-02   0.5695345841571011E-04   0.1335552405834053E-06   0.7777626737401926E-05   0.1158288642404296E-03
  0.8507500000000000E+02   0.9889212987458329E+00   0.1130248937002596E-03  -0.5554776784931548E-02   0.5682811434039930E-04   0.1333396760471143E-06   0.7757726230335389E-05   0.1155714708546402E-03
  0.8512499999999999E+02   0.9889353921761164E+00   0.1127803547971649E-03  -0.5547690740503208E-02   0.5670475785869764E-04   0.1331284321790985E-06   0.7737889872219593E-05   0.1153181353294752E-03
  0.8517500000000000E+02   0.9889494579040111E+00   0.1125394089830670E-03  -0.5540618674814479E-02   0.5658321048422336E-04   0.1329210979150092E-06   0.7718118149653358E-05   0.1150684944806328E-03
  0.8522499999999999E+02   0.9889634955997466E+00   0.1123016777140181E-03  -0.5533560753381295E-02   0.5646328185750281E-04   0.1327172332982037E-06   0.7698411367353889E-05   0.1148221609881039E-03
  0.8527500000000001E+02   0.9889775050425526E+00   0.1120667788020911E-03  -0.5526517086912652E-02   0.5634477978930951E-04   0.1325163930186499E-06   0.7678769675262372E-05   0.1145787438254445E-03
  0.8532500000000000E+02   0.9889914861007845E+00   0.1118343398455809E-03  -0.5519487741304174E-02   0.5622751701367138E-04   0.1323181422919132E-06   0.7659193097534557E-05   0.1143378619958092E-03
  0.8537499999999999E+02   0.9890054387132351E+00   0.1116040012175969E-03  -0.5512472747036146E-02   0.5611131269080697E-04   0.1321220604319791E-06   0.7639681559506084E-05   0.1140991475902604E-03
  0.8542500000000000E+02   0.9890193628808288E+00   0.1113754090300676E-03  -0.5505472103350617E-02   0.5599598886965522E-04   0.1319277325612074E-06   0.7620234899818927E-05   0.1138622385946970E-03
  0.8547500000000001E+02   0.9890332586769950E+00   0.1111482103133218E-03  -0.5498485773037021E-02   0.5588136806393831E-04   0.1317347439160602E-06   0.7600852856453930E-05   0.1136267739586695E-03
  0.8552500000000001E+02   0.9890471262695336E+00   0.1109220701615483E-03  -0.5491513671440185E-02   0.5576728187159103E-04   0.1315427001816362E-06   0.7581535037186159E-05   0.1133924111175001E-03
  0.8557499999999999E+02   0.9890609659272465E+00   0.1106967179121070E-03  -0.5484555663126445E-02   0.5565359419124844E-04   0.1313512823488886E-06   0.7562280911849511E-05   0.1131588731946394E-03
  0.8562500000000000E+02   0.9890747779855245E+00   0.1104719998578633E-03  -0.5477611579185471E-02   0.5554022772342004E-04   0.1311603095208451E-06   0.7543089861734816E-05   0.1129260028836656E-03
  0.8567500000000000E+02   0.9890885627759846E+00   0.1102478989820345E-03  -0.5470681252605747E-02   0.5542717389211374E-04   0.1309697627620117E-06   0.7523961277991565E-05   0.1126937826203210E-03
  0.8572500000000001E+02   0.9891023205587323E+00   0.1100245025597060E-03  -0.5463764552329886E-02   0.5531447655609083E-04   0.1307797470608208E-06   0.7504894654911654E-05   0.1124623014620479E-03
  0.8577499999999999E+02   0.9891160514946103E+00   0.1098019385786039E-03  -0.5456861397207580E-02   0.5520220004376168E-04   0.1305904160721487E-06   0.7485889626767898E-05   0.1122316900931664E-03
  0.8582499999999999E+02   0.9891297556616647E+00   0.1095803198253548E-03  -0.5449971747716997E-02   0.5509040104192629E-04   0.1304019057176098E-06   0.7466945943402312E-05   0.1120020636657517E-03
  0.8587500000000000E+02   0.9891434330919735E+00   0.1093597181945596E-03  -0.5443095587448710E-02   0.5497911567923526E-04   0.1302143035409211E-06   0.7448063418332247E-05   0.1117734955353621E-03
  0.8592500000000000E+02   0.9891570838034150E+00   0.1091401658628375E-03  -0.5436232907134353E-02   0.5486836011624316E-04   0.1300276499644694E-06   0.7429241884598837E-05   0.1115460184595222E-03
  0.8597499999999999E+02   0.9891707078161186E+00   0.1089216675830539E-03  -0.5429383696375134E-02   0.5475813672631265E-04   0.1298419528077299E-06   0.7410481172178901E-05   0.1113196371645090E-03
  0.8602499999999999E+02   0.9891843051570570E+00   0.1087042116635275E-03  -0.5422547941333566E-02   0.5464843961549785E-04   0.1296572002885080E-06   0.7391781101849901E-05   0.1110943395688082E-03
  0.8607499999999999E+02   0.9891978758601698E+00   0.1084877760658006E-03  -0.5415725624670631E-02   0.5453925768831340E-04   0.1294733682439135E-06   0.7373141485163584E-05   0.1108701030170827E-03
  0.8612500000000000E+02   0.9892114199663327E+00   0.1082723315220002E-03  -0.5408916725561874E-02   0.5443057621507177E-04   0.1292904238174346E-06   0.7354562124593774E-05   0.1106468974673656E-03
  0.8617500000000001E+02   0.9892249375237558E+00   0.1080578439777647E-03  -0.5402121219496681E-02   0.5432237806009433E-04   0.1291083283529766E-06   0.7336042813083250E-05   0.1104246879884181E-03
  0.8622499999999999E+02   0.9892384285880755E+00   0.1078442770865384E-03  -0.5395339078232864E-02   0.5421464493570332E-04   0.1289270403603725E-06   0.7317583334017072E-05   0.1102034373092339E-03
  0.8627499999999999E+02   0.9892518932217395E+00   0.1076315944745491E-03  -0.5388570270105086E-02   0.5410735854090197E-04   0.1287465182168883E-06   0.7299183462154041E-05   0.1099831081339545E-03
  0.8632499999999999E+02   0.9892653314928485E+00   0.1074197614169863E-03  -0.5381814760607395E-02   0.5400050140402955E-04   0.1285667221733609E-06   0.7280842965286581E-05   0.1097636648548750E-03
  0.8637500000000000E+02   0.9892787434737997E+00   0.1072087458333120E-03  -0.5375072513075785E-02   0.5389405738311408E-04   0.1283876155518674E-06   0.7262561606149790E-05   0.1095450745695089E-03
  0.8642500000000000E+02   0.9892921292400053E+00   0.1069985187166671E-03  -0.5368343489331906E-02   0.5378801188172289E-04   0.1282091652693949E-06   0.7244339144203205E-05   0.1093273075192468E-03
  0.8647499999999999E+02   0.9893054888688233E+00   0.1067890541791239E-03  -0.5361627650220746E-02   0.5368235187168606E-04   0.1280313419026922E-06   0.7226175337107374E-05   0.1091103371353920E-03
  0.8652499999999999E+02   0.9893188224387308E+00   0.1065803292754721E-03  -0.5354924956025853E-02   0.5357706580448314E-04   0.1278541194876198E-06   0.7208069941855749E-05   0.1088941398588602E-03
  0.8657500000000000E+02   0.9893321300287196E+00   0.1063723237215818E-03  -0.5348235366774312E-02   0.5347214346963243E-04   0.1276774751912225E-06   0.7190022715599472E-05   0.1086786948521514E-03
  0.8662500000000000E+02   0.9893454117178700E+00   0.1061650195793657E-03  -0.5341558842449579E-02   0.5336757583629127E-04   0.1275013889425200E-06   0.7172033416217394E-05   0.1084639836772059E-03
  0.8667500000000000E+02   0.9893586675850601E+00   0.1059584009482208E-03  -0.5334895343138579E-02   0.5326335489811627E-04   0.1273258430697796E-06   0.7154101802705160E-05   0.1082499899799032E-03
  0.8672500000000001E+02   0.9893718977087742E+00   0.1057524536822751E-03  -0.5328244829127637E-02   0.5315947353109880E-04   0.1271508219675397E-06   0.7136227635424293E-05   0.1080366992009529E-03
  0.8677499999999999E+02   0.9893851021669817E+00   0.1055471651407655E-03  -0.5321607260963535E-02   0.5305592536805854E-04   0.1269763118023257E-06   0.7118410676256326E-05   0.1078240983206642E-03
  0.8682500000000000E+02   0.9893982810370635E+00   0.1053425239724092E-03  -0.5314982599490259E-02   0.5295270469022912E-04   0.1268023002582548E-06   0.7100650688691085E-05   0.1076121756384732E-03
  0.8687499999999999E+02   0.9894114343957731E+00   0.1051385199314893E-03  -0.5308370805868767E-02   0.5284980633478804E-04   0.1266287763199478E-06   0.7082947437869301E-05   0.1074009205848940E-03
  0.8692500000000000E+02   0.9894245623192190E+00   0.1049351437220773E-03  -0.5301771841585756E-02   0.5274722561653418E-04   0.1264557300885927E-06   0.7065300690595892E-05   0.1071903235622402E-03
  0.8697500000000001E+02   0.9894376648828639E+00   0.1047323868665322E-03  -0.5295185668453994E-02   0.5264495826177020E-04   0.1262831526266370E-06   0.7047710215330921E-05   0.1069803758101637E-03
  0.8702499999999999E+02   0.9894507421615306E+00   0.1045302415945847E-03  -0.5288612248609326E-02   0.5254300035253546E-04   0.1261110358267753E-06   0.7030175782172028E-05   0.1067710692922433E-03
  0.8707499999999999E+02   0.9894637942294171E+00   0.1043287007497183E-03  -0.5282051544503341E-02   0.5244134827953493E-04   0.1259393723013601E-06   0.7012697162825682E-05   0.1065623966002551E-03
  0.8712500000000000E+02   0.9894768211601135E+00   0.1041277577100040E-03  -0.5275503518894387E-02   0.5233999870233508E-04   0.1257681552888842E-06   0.6995274130574366E-05   0.1063543508732218E-03
  0.8717500000000000E+02   0.9894898230266206E+00   0.1039274063209831E-03  -0.5268968134838792E-02   0.5223894851561785E-04   0.1255973785746996E-06   0.6977906460244793E-05   0.1061469257287810E-03
  0.8722500000000001E+02   0.9895027999013706E+00   0.1037276408385928E-03  -0.5262445355679879E-02   0.5213819482048301E-04   0.1254270364236011E-06   0.6960593928170523E-05   0.1059401152048195E-03
  0.8727499999999999E+02   0.9895157518562473E+00   0.1035284558804691E-03  -0.5255935145037860E-02   0.5203773489996342E-04   0.1252571235223145E-06   0.6943336312157385E-05   0.1057339137096751E-03
  0.8732499999999999E+02   0.9895286789626049E+00   0.1033298463842498E-03  -0.5249437466801066E-02   0.5193756619805945E-04   0.1250876349302567E-06   0.6926133391452693E-05   0.1055283159794951E-03
  0.8737500000000000E+02   0.9895415812912883E+00   0.1031318075717459E-03  -0.5242952285114955E-02   0.5183768630172365E-04   0.1249185660372321E-06   0.6908984946708888E-05   0.1053233170415938E-03
  0.8742500000000000E+02   0.9895544589126501E+00   0.1029343349180415E-03  -0.5236479564373786E-02   0.5173809292532390E-04   0.1247499125269560E-06   0.6891890759954604E-05   0.1051189121828513E-03
  0.8747500000000001E+02   0.9895673118965687E+00   0.1027374241247485E-03  -0.5230019269211850E-02   0.5163878389719523E-04   0.1245816703454890E-06   0.6874850614564715E-05   0.1049150969223590E-03
  0.8752499999999999E+02   0.9895801403124636E+00   0.1025410710967777E-03  -0.5223571364494917E-02   0.5153975714795996E-04   0.1244138356738278E-06   0.6857864295231307E-05   0.1047118669876620E-03
  0.8757499999999999E+02   0.9895929442293115E+00   0.1023452719220930E-03  -0.5217135815313134E-02   0.5144101070034717E-04   0.1242464049040220E-06   0.6840931587938627E-05   0.1045092182940503E-03
  0.8762500000000000E+02   0.9896057237156602E+00   0.1021500228540046E-03  -0.5210712586973587E-02   0.5134254266028952E-04   0.1240793746182921E-06   0.6824052279937386E-05   0.1043071469264477E-03
  0.8767500000000001E+02   0.9896184788396418E+00   0.1019553202956364E-03  -0.5204301644993303E-02   0.5124435120911240E-04   0.1239127415707162E-06   0.6807226159720438E-05   0.1041056491235226E-03
  0.8772499999999999E+02   0.9896312096689852E+00   0.1017611607862524E-03  -0.5197902955093814E-02   0.5114643459665868E-04   0.1237465026711157E-06   0.6790453017002697E-05   0.1039047212637011E-03
  0.8777499999999999E+02   0.9896439162710280E+00   0.1015675409891868E-03  -0.5191516483194047E-02   0.5104879113521901E-04   0.1235806549708340E-06   0.6773732642696877E-05   0.1037043598528192E-03
  0.8782499999999999E+02   0.9896565987127274E+00   0.1013744576811570E-03  -0.5185142195406112E-02   0.5095141919415798E-04   0.1234151956501501E-06   0.6757064828896927E-05   0.1035045615131892E-03
  0.8787500000000000E+02   0.9896692570606699E+00   0.1011819077427736E-03  -0.5178780058028964E-02   0.5085431719514166E-04   0.1232501220071060E-06   0.6740449368856120E-05   0.1033053229738898E-03
  0.8792500000000000E+02   0.9896818913810815E+00   0.1009898881500902E-03  -0.5172430037544751E-02   0.5075748360788870E-04   0.1230854314475636E-06   0.6723886056972226E-05   0.1031066410621216E-03
  0.8797499999999998E+02   0.9896945017398361E+00   0.1007983959670610E-03  -0.5166092100613806E-02   0.5066091694637701E-04   0.1229211214763324E-06   0.6707374688769319E-05   0.1029085126954876E-03
  0.8802499999999999E+02   0.9897070882024640E+00   0.1006074283387884E-03  -0.5159766214069772E-02   0.5056461576544819E-04   0.1227571896892310E-06   0.6690915060880036E-05   0.1027109348750849E-03
  0.8807500000000000E+02   0.9897196508341601E+00   0.1004169824854668E-03  -0.5153452344916931E-02   0.5046857865776188E-04   0.1225936337659703E-06   0.6674506971033678E-05   0.1025139046793058E-03
  0.8812500000000000E+02   0.9897321896997905E+00   0.1002270556969340E-03  -0.5147150460325656E-02   0.5037280425105569E-04   0.1224304514637552E-06   0.6658150218039553E-05   0.1023174192582622E-03
  0.8817500000000000E+02   0.9897447048639001E+00   0.1000376453277607E-03  -0.5140860527629187E-02   0.5027729120567571E-04   0.1222676406115206E-06   0.6641844601773840E-05   0.1021214758287595E-03
  0.8822499999999999E+02   0.9897571963907188E+00   0.9984874879281493E-04  -0.5134582514320307E-02   0.5018203821234553E-04   0.1221051991047275E-06   0.6625589923166276E-05   0.1019260716697561E-03
  0.8827499999999999E+02   0.9897696643441678E+00   0.9966036356324562E-04  -0.5128316388048115E-02   0.5008704399014637E-04   0.1219431249006555E-06   0.6609385984187228E-05   0.1017312041182517E-03
  0.8832500000000000E+02   0.9897821087878651E+00   0.9947248716283916E-04  -0.5122062116615256E-02   0.4999230728468465E-04   0.1217814160141339E-06   0.6593232587835991E-05   0.1015368705655576E-03
  0.8837500000000000E+02   0.9897945297851313E+00   0.9928511716470800E-04  -0.5115819667975363E-02   0.4989782686642649E-04   0.1216200705136654E-06   0.6577129538129712E-05   0.1013430684539057E-03
  0.8842500000000000E+02   0.9898069273989946E+00   0.9909825118827398E-04  -0.5109589010230065E-02   0.4980360152918037E-04   0.1214590865178969E-06   0.6561076640091284E-05   0.1011497952733600E-03
  0.8847499999999999E+02   0.9898193016921957E+00   0.9891188689651649E-04  -0.5103370111626648E-02   0.4970963008871300E-04   0.1212984621924034E-06   0.6545073699739011E-05   0.1009570485589981E-03
  0.8852499999999999E+02   0.9898316527271924E+00   0.9872602199345669E-04  -0.5097162940555733E-02   0.4961591138148394E-04   0.1211381957467493E-06   0.6529120524076330E-05   0.1007648258883348E-03
  0.8857500000000000E+02   0.9898439805661642E+00   0.9854065422185342E-04  -0.5090967465549268E-02   0.4952244426348660E-04   0.1209782854318005E-06   0.6513216921082474E-05   0.1005731248789615E-03
  0.8862500000000000E+02   0.9898562852710165E+00   0.9835578136109058E-04  -0.5084783655277869E-02   0.4942922760918548E-04   0.1208187295372607E-06   0.6497362699701470E-05   0.1003819431863823E-03
  0.8867500000000000E+02   0.9898685669033842E+00   0.9817140122523518E-04  -0.5078611478549711E-02   0.4933626031053942E-04   0.1206595263894105E-06   0.6481557669835207E-05   0.1001912785020245E-03
  0.8872499999999999E+02   0.9898808255246360E+00   0.9798751166125019E-04  -0.5072450904307080E-02   0.4924354127610235E-04   0.1205006743490271E-06   0.6465801642330548E-05   0.1000011285514067E-03
  0.8877500000000001E+02   0.9898930611958776E+00   0.9780411054734819E-04  -0.5066301901626602E-02   0.4915106943019527E-04   0.1203421718094719E-06   0.6450094428975921E-05   0.9981149109245207E-04
  0.8882499999999999E+02   0.9899052739779555E+00   0.9762119579147057E-04  -0.5060164439715686E-02   0.4905884371214103E-04   0.1201840171949239E-06   0.6434435842488263E-05   0.9962236391392908E-04
  0.8887500000000000E+02   0.9899174639314604E+00   0.9743876532988192E-04  -0.5054038487911638E-02   0.4896686307555713E-04   0.1200262089587505E-06   0.6418825696506869E-05   0.9943374483401079E-04
  0.8892500000000000E+02   0.9899296311167298E+00   0.9725681712586878E-04  -0.5047924015680105E-02   0.4887512648770106E-04   0.1198687455819996E-06   0.6403263805585558E-05   0.9924563169894058E-04
  0.8897499999999999E+02   0.9899417755938519E+00   0.9707534916853281E-04  -0.5041820992613411E-02   0.4878363292886309E-04   0.1197116255720044E-06   0.6387749985184606E-05   0.9905802238179447E-04
  0.8902500000000001E+02   0.9899538974226676E+00   0.9689435947167049E-04  -0.5035729388429000E-02   0.4869238139180254E-04   0.1195548474610884E-06   0.6372284051663016E-05   0.9887091478133217E-04
  0.8907499999999999E+02   0.9899659966627740E+00   0.9671384607273213E-04  -0.5029649172967887E-02   0.4860137088122392E-04   0.1193984098053650E-06   0.6356865822270834E-05   0.9868430682092901E-04
  0.8912500000000000E+02   0.9899780733735268E+00   0.9653380703185152E-04  -0.5023580316193987E-02   0.4851060041328871E-04   0.1192423111836196E-06   0.6341495115143748E-05   0.9849819644758044E-04
  0.8917500000000001E+02   0.9899901276140431E+00   0.9635424043094273E-04  -0.5017522788191897E-02   0.4842006901516075E-04   0.1190865501962702E-06   0.6326171749293810E-05   0.9831258163097501E-04
  0.8922499999999999E+02   0.9900021594432038E+00   0.9617514437285673E-04  -0.5011476559166006E-02   0.4832977572458186E-04   0.1189311254643993E-06   0.6310895544603541E-05   0.9812746036262875E-04
  0.8927499999999999E+02   0.9900141689196559E+00   0.9599651698059263E-04  -0.5005441599439497E-02   0.4823971958947477E-04   0.1187760356288493E-06   0.6295666321819836E-05   0.9794283065507529E-04
  0.8932500000000000E+02   0.9900261561018149E+00   0.9581835639656106E-04  -0.4999417879452905E-02   0.4814989966757246E-04   0.1186212793493791E-06   0.6280483902546740E-05   0.9775869054110952E-04
  0.8937500000000000E+02   0.9900381210478669E+00   0.9564066078189334E-04  -0.4993405369763004E-02   0.4806031502607035E-04   0.1184668553038745E-06   0.6265348109239129E-05   0.9757503807307795E-04
  0.8942500000000000E+02   0.9900500638157719E+00   0.9546342831579371E-04  -0.4987404041041588E-02   0.4797096474130028E-04   0.1183127621876096E-06   0.6250258765196152E-05   0.9739187132221309E-04
  0.8947499999999999E+02   0.9900619844632639E+00   0.9528665719493132E-04  -0.4981413864074913E-02   0.4788184789842440E-04   0.1181589987125544E-06   0.6235215694556360E-05   0.9720918837800891E-04
  0.8952499999999999E+02   0.9900738830478546E+00   0.9511034563286882E-04  -0.4975434809762147E-02   0.4779296359114750E-04   0.1180055636067252E-06   0.6220218722290371E-05   0.9702698734763326E-04
  0.8957500000000000E+02   0.9900857596268349E+00   0.9493449185952526E-04  -0.4969466849114146E-02   0.4770431092144659E-04   0.1178524556135754E-06   0.6205267674194417E-05   0.9684526635537584E-04
  0.8962500000000000E+02   0.9900976142572765E+00   0.9475909412066908E-04  -0.4963509953253342E-02   0.4761588899931565E-04   0.1176996734914217E-06   0.6190362376886683E-05   0.9666402354212659E-04
  0.8967500000000000E+02   0.9901094469960341E+00   0.9458415067744105E-04  -0.4957564093412081E-02   0.4752769694252536E-04   0.1175472160129055E-06   0.6175502657799801E-05   0.9648325706488517E-04
  0.8972499999999999E+02   0.9901212578997476E+00   0.9440965980590360E-04  -0.4951629240931843E-02   0.4743973387639619E-04   0.1173950819644841E-06   0.6160688345175605E-05   0.9630296509629697E-04
  0.8977499999999999E+02   0.9901330470248427E+00   0.9423561979661542E-04  -0.4945705367262576E-02   0.4735199893358415E-04   0.1172432701459533E-06   0.6145919268060156E-05   0.9612314582421556E-04
  0.8982500000000000E+02   0.9901448144275342E+00   0.9406202895422851E-04  -0.4939792443961477E-02   0.4726449125387784E-04   0.1170917793699945E-06   0.6131195256297473E-05   0.9594379745128753E-04
  0.8987500000000001E+02   0.9901565601638260E+00   0.9388888559710748E-04  -0.4933890442692657E-02   0.4717720998400674E-04   0.1169406084617489E-06   0.6116516140525440E-05   0.9576491819456065E-04
  0.8992500000000000E+02   0.9901682842895143E+00   0.9371618805696839E-04  -0.4927999335225475E-02   0.4709015427745918E-04   0.1167897562584139E-06   0.6101881752168476E-05   0.9558650628511166E-04
  0.8997499999999999E+02   0.9901799868601879E+00   0.9354393467853625E-04  -0.4922119093434763E-02   0.4700332329430993E-04   0.1166392216088619E-06   0.6087291923434901E-05   0.9540855996769338E-04
  0.9002499999999999E+02   0.9901916679312310E+00   0.9337212381922030E-04  -0.4916249689299157E-02   0.4691671620105653E-04   0.1164890033732792E-06   0.6072746487309649E-05   0.9523107750039992E-04
  0.9007500000000000E+02   0.9902033275578234E+00   0.9320075384880490E-04  -0.4910391094900768E-02   0.4683033217046354E-04   0.1163391004228236E-06   0.6058245277550314E-05   0.9505405715434804E-04
  0.9012500000000000E+02   0.9902149657949429E+00   0.9302982314915616E-04  -0.4904543282424401E-02   0.4674417038141475E-04   0.1161895116393000E-06   0.6043788128682131E-05   0.9487749721337438E-04
  0.9017499999999998E+02   0.9902265826973669E+00   0.9285933011394242E-04  -0.4898706224156668E-02   0.4665823001877231E-04   0.1160402359148525E-06   0.6029374875992668E-05   0.9470139597374715E-04
  0.9022499999999999E+02   0.9902381783196729E+00   0.9268927314836766E-04  -0.4892879892485436E-02   0.4657251027324235E-04   0.1158912721516710E-06   0.6015005355527432E-05   0.9452575174389079E-04
  0.9027500000000001E+02   0.9902497527162406E+00   0.9251965066891823E-04  -0.4887064259898821E-02   0.4648701034124737E-04   0.1157426192617138E-06   0.6000679404084363E-05   0.9435056284412469E-04
  0.9032500000000000E+02   0.9902613059412531E+00   0.9235046110312061E-04  -0.4881259298985197E-02   0.4640172942480413E-04   0.1155942761664430E-06   0.5986396859210792E-05   0.9417582760641272E-04
  0.9037500000000000E+02   0.9902728380486984E+00   0.9218170288930967E-04  -0.4875464982431410E-02   0.4631666673140675E-04   0.1154462417965715E-06   0.5972157559196129E-05   0.9400154437412382E-04
  0.9042499999999998E+02   0.9902843490923702E+00   0.9201337447640843E-04  -0.4869681283023342E-02   0.4623182147391582E-04   0.1152985150918242E-06   0.5957961343070216E-05   0.9382771150180444E-04
  0.9047499999999999E+02   0.9902958391258699E+00   0.9184547432371584E-04  -0.4863908173644127E-02   0.4614719287045124E-04   0.1151510950007080E-06   0.5943808050596052E-05   0.9365432735495886E-04
  0.9052500000000001E+02   0.9903073082026073E+00   0.9167800090070528E-04  -0.4858145627274491E-02   0.4606278014429073E-04   0.1150039804802940E-06   0.5929697522267671E-05   0.9348139030984096E-04
  0.9057499999999999E+02   0.9903187563758017E+00   0.9151095268683034E-04  -0.4852393616991191E-02   0.4597858252377183E-04   0.1148571704960090E-06   0.5915629599303443E-05   0.9330889875325310E-04
  0.9062500000000000E+02   0.9903301836984842E+00   0.9134432817133897E-04  -0.4846652115967354E-02   0.4589459924219816E-04   0.1147106640214354E-06   0.5901604123643995E-05   0.9313685108235361E-04
  0.9067500000000000E+02   0.9903415902234974E+00   0.9117812585309555E-04  -0.4840921097471251E-02   0.4581082953774973E-04   0.1145644600381215E-06   0.5887620937946385E-05   0.9296524570447272E-04
  0.9072499999999999E+02   0.9903529760034976E+00   0.9101234424040979E-04  -0.4835200534865636E-02   0.4572727265339655E-04   0.1144185575353992E-06   0.5873679885579609E-05   0.9279408103693506E-04
  0.9077500000000001E+02   0.9903643410909558E+00   0.9084698185087211E-04  -0.4829490401607628E-02   0.4564392783681563E-04   0.1142729555102086E-06   0.5859780810621542E-05   0.9262335550688906E-04
  0.9082500000000000E+02   0.9903756855381584E+00   0.9068203721119606E-04  -0.4823790671247830E-02   0.4556079434031147E-04   0.1141276529669318E-06   0.5845923557853953E-05   0.9245306755114372E-04
  0.9087499999999999E+02   0.9903870093972088E+00   0.9051750885706637E-04  -0.4818101317429657E-02   0.4547787142073935E-04   0.1139826489172323E-06   0.5832107972758115E-05   0.9228321561601063E-04
  0.9092500000000000E+02   0.9903983127200280E+00   0.9035339533299192E-04  -0.4812422313889342E-02   0.4539515833943118E-04   0.1138379423799007E-06   0.5818333901512040E-05   0.9211379815715173E-04
  0.9097499999999999E+02   0.9904095955583566E+00   0.9018969519216603E-04  -0.4806753634454597E-02   0.4531265436212494E-04   0.1136935323807081E-06   0.5804601190984504E-05   0.9194481363943389E-04
  0.9102499999999999E+02   0.9904208579637547E+00   0.9002640699632958E-04  -0.4801095253044396E-02   0.4523035875889562E-04   0.1135494179522634E-06   0.5790909688731794E-05   0.9177626053678706E-04
  0.9107500000000000E+02   0.9904320999876034E+00   0.8986352931564079E-04  -0.4795447143668974E-02   0.4514827080408945E-04   0.1134055981338781E-06   0.5777259242994987E-05   0.9160813733206877E-04
  0.9112499999999999E+02   0.9904433216811065E+00   0.8970106072854852E-04  -0.4789809280428492E-02   0.4506638977626000E-04   0.1132620719714347E-06   0.5763649702694077E-05   0.9144044251693228E-04
  0.9117500000000000E+02   0.9904545230952904E+00   0.8953899982167010E-04  -0.4784181637512930E-02   0.4498471495810638E-04   0.1131188385172610E-06   0.5750080917424988E-05   0.9127317459169981E-04
  0.9122499999999999E+02   0.9904657042810059E+00   0.8937734518967382E-04  -0.4778564189201528E-02   0.4490324563641400E-04   0.1129758968300088E-06   0.5736552737455640E-05   0.9110633206524004E-04
  0.9127499999999999E+02   0.9904768652889290E+00   0.8921609543516450E-04  -0.4772956909862236E-02   0.4482198110199674E-04   0.1128332459745372E-06   0.5723065013721938E-05   0.9093991345484901E-04
  0.9132500000000000E+02   0.9904880061695616E+00   0.8905524916857338E-04  -0.4767359773951374E-02   0.4474092064964134E-04   0.1126908850218001E-06   0.5709617597824380E-05   0.9077391728613555E-04
  0.9137500000000000E+02   0.9904991269732328E+00   0.8889480500805165E-04  -0.4761772756012972E-02   0.4466006357805361E-04   0.1125488130487378E-06   0.5696210342023851E-05   0.9060834209291024E-04
  0.9142500000000000E+02   0.9905102277500996E+00   0.8873476157936681E-04  -0.4756195830678212E-02   0.4457940918980606E-04   0.1124070291381721E-06   0.5682843099237721E-05   0.9044318641707747E-04
  0.9147499999999999E+02   0.9905213085501479E+00   0.8857511751580245E-04  -0.4750628972665427E-02   0.4449895679128731E-04   0.1122655323787057E-06   0.5669515723037267E-05   0.9027844880853085E-04
  0.9152499999999999E+02   0.9905323694231940E+00   0.8841587145806150E-04  -0.4745072156778773E-02   0.4441870569265311E-04   0.1121243218646243E-06   0.5656228067641942E-05   0.9011412782505218E-04
  0.9157500000000000E+02   0.9905434104188843E+00   0.8825702205417189E-04  -0.4739525357908780E-02   0.4433865520777879E-04   0.1119833966958027E-06   0.5642979987918186E-05   0.8995022203221333E-04
  0.9162500000000000E+02   0.9905544315866973E+00   0.8809856795939522E-04  -0.4733988551031021E-02   0.4425880465421297E-04   0.1118427559776137E-06   0.5629771339373721E-05   0.8978673000328042E-04
  0.9167499999999998E+02   0.9905654329759440E+00   0.8794050783613807E-04  -0.4728461711206333E-02   0.4417915335313284E-04   0.1117023988208398E-06   0.5616601978155581E-05   0.8962365031912152E-04
  0.9172499999999999E+02   0.9905764146357690E+00   0.8778284035386558E-04  -0.4722944813579710E-02   0.4409970062930036E-04   0.1115623243415884E-06   0.5603471761044999E-05   0.8946098156811615E-04
  0.9177500000000001E+02   0.9905873766151508E+00   0.8762556418901837E-04  -0.4717437833380744E-02   0.4402044581102038E-04   0.1114225316612093E-06   0.5590380545455990E-05   0.8929872234606846E-04
  0.9182500000000000E+02   0.9905983189629038E+00   0.8746867802493051E-04  -0.4711940745921850E-02   0.4394138823009903E-04   0.1112830199062145E-06   0.5577328189428686E-05   0.8913687125612139E-04
  0.9187500000000000E+02   0.9906092417276777E+00   0.8731218055175040E-04  -0.4706453526599486E-02   0.4386252722180382E-04   0.1111437882082012E-06   0.5564314551629795E-05   0.8897542690867400E-04
  0.9192500000000000E+02   0.9906201449579598E+00   0.8715607046636383E-04  -0.4700976150892378E-02   0.4378386212482467E-04   0.1110048357037767E-06   0.5551339491345993E-05   0.8881438792130072E-04
  0.9197499999999999E+02   0.9906310287020745E+00   0.8700034647231914E-04  -0.4695508594361963E-02   0.4370539228123608E-04   0.1108661615344860E-06   0.5538402868482547E-05   0.8865375291867308E-04
  0.9202500000000001E+02   0.9906418930081853E+00   0.8684500727975360E-04  -0.4690050832651171E-02   0.4362711703645982E-04   0.1107277648467406E-06   0.5525504543558058E-05   0.8849352053248258E-04
  0.9207500000000000E+02   0.9906527379242945E+00   0.8669005160532274E-04  -0.4684602841484753E-02   0.4354903573922928E-04   0.1105896447917509E-06   0.5512644377702872E-05   0.8833368940136654E-04
  0.9212499999999999E+02   0.9906635634982451E+00   0.8653547817213047E-04  -0.4679164596668395E-02   0.4347114774155406E-04   0.1104518005254591E-06   0.5499822232654630E-05   0.8817425817083489E-04
  0.9217500000000000E+02   0.9906743697777207E+00   0.8638128570966170E-04  -0.4673736074088830E-02   0.4339345239868584E-04   0.1103142312084753E-06   0.5487037970756192E-05   0.8801522549319937E-04
  0.9222499999999999E+02   0.9906851568102469E+00   0.8622747295371609E-04  -0.4668317249712728E-02   0.4331594906908493E-04   0.1101769360060142E-06   0.5474291454950682E-05   0.8785659002750408E-04
  0.9227500000000001E+02   0.9906959246431917E+00   0.8607403864634351E-04  -0.4662908099586915E-02   0.4323863711438753E-04   0.1100399140878344E-06   0.5461582548779712E-05   0.8769835043945767E-04
  0.9232500000000000E+02   0.9907066733237664E+00   0.8592098153578141E-04  -0.4657508599837379E-02   0.4316151589937406E-04   0.1099031646281795E-06   0.5448911116378743E-05   0.8754050540136756E-04
  0.9237499999999999E+02   0.9907174028990264E+00   0.8576830037639293E-04  -0.4652118726669596E-02   0.4308458479193783E-04   0.1097666868057199E-06   0.5436277022475570E-05   0.8738305359207486E-04
  0.9242500000000000E+02   0.9907281134158721E+00   0.8561599392860702E-04  -0.4646738456367538E-02   0.4300784316305470E-04   0.1096304798034970E-06   0.5423680132385722E-05   0.8722599369689145E-04
  0.9247500000000001E+02   0.9907388049210490E+00   0.8546406095885959E-04  -0.4641367765294002E-02   0.4293129038675335E-04   0.1094945428088685E-06   0.5411120312010974E-05   0.8706932440753811E-04
  0.9252499999999999E+02   0.9907494774611497E+00   0.8531250023953641E-04  -0.4636006629888945E-02   0.4285492584008624E-04   0.1093588750134555E-06   0.5398597427833226E-05   0.8691304442208431E-04
  0.9257499999999999E+02   0.9907601310826131E+00   0.8516131054891638E-04  -0.4630655026670816E-02   0.4277874890310102E-04   0.1092234756130905E-06   0.5386111346915390E-05   0.8675715244488866E-04
  0.9262499999999999E+02   0.9907707658317264E+00   0.8501049067111705E-04  -0.4625312932234560E-02   0.4270275895881281E-04   0.1090883438077667E-06   0.5373661936894506E-05   0.8660164718654136E-04
  0.9267500000000000E+02   0.9907813817546249E+00   0.8486003939604052E-04  -0.4619980323252504E-02   0.4262695539317690E-04   0.1089534788015892E-06   0.5361249065981611E-05   0.8644652736380741E-04
  0.9272500000000001E+02   0.9907919788972938E+00   0.8470995551932099E-04  -0.4614657176473136E-02   0.4255133759506208E-04   0.1088188798027269E-06   0.5348872602956725E-05   0.8629179169957109E-04
  0.9277499999999999E+02   0.9908025573055675E+00   0.8456023784227309E-04  -0.4609343468721327E-02   0.4247590495622454E-04   0.1086845460233656E-06   0.5336532417167173E-05   0.8613743892278164E-04
  0.9282499999999999E+02   0.9908131170251314E+00   0.8441088517184114E-04  -0.4604039176897556E-02   0.4240065687128214E-04   0.1085504766796625E-06   0.5324228378523648E-05   0.8598346776839983E-04
  0.9287500000000000E+02   0.9908236581015223E+00   0.8426189632054979E-04  -0.4598744277978128E-02   0.4232559273768937E-04   0.1084166709917014E-06   0.5311960357498559E-05   0.8582987697734561E-04
  0.9292500000000000E+02   0.9908341805801291E+00   0.8411327010645563E-04  -0.4593458749013513E-02   0.4225071195571283E-04   0.1082831281834494E-06   0.5299728225120053E-05   0.8567666529644722E-04
  0.9297499999999999E+02   0.9908446845061929E+00   0.8396500535309904E-04  -0.4588182567130117E-02   0.4217601392840687E-04   0.1081498474827142E-06   0.5287531852973990E-05   0.8552383147839035E-04
  0.9302500000000001E+02   0.9908551699248090E+00   0.8381710088945814E-04  -0.4582915709527735E-02   0.4210149806159018E-04   0.1080168281211028E-06   0.5275371113195955E-05   0.8537137428166937E-04
  0.9307499999999999E+02   0.9908656368809262E+00   0.8366955554990256E-04  -0.4577658153480657E-02   0.4202716376382241E-04   0.1078840693339808E-06   0.5263245878471717E-05   0.8521929247053864E-04
  0.9312500000000000E+02   0.9908760854193482E+00   0.8352236817414829E-04  -0.4572409876336891E-02   0.4195301044638124E-04   0.1077515703604327E-06   0.5251156022033347E-05   0.8506758481496465E-04
  0.9317500000000000E+02   0.9908865155847343E+00   0.8337553760721415E-04  -0.4567170855517722E-02   0.4187903752324035E-04   0.1076193304432232E-06   0.5239101417656139E-05   0.8491625009058002E-04
  0.9322499999999999E+02   0.9908969274215995E+00   0.8322906269937778E-04  -0.4561941068517372E-02   0.4180524441104705E-04   0.1074873488287590E-06   0.5227081939655787E-05   0.8476528707863703E-04
  0.9327500000000001E+02   0.9909073209743159E+00   0.8308294230613350E-04  -0.4556720492902788E-02   0.4173163052910095E-04   0.1073556247670522E-06   0.5215097462885820E-05   0.8461469456596290E-04
  0.9332499999999999E+02   0.9909176962871128E+00   0.8293717528815024E-04  -0.4551509106313412E-02   0.4165819529933261E-04   0.1072241575116835E-06   0.5203147862735062E-05   0.8446447134491530E-04
  0.9337500000000000E+02   0.9909280534040773E+00   0.8279176051123049E-04  -0.4546306886460738E-02   0.4158493814628273E-04   0.1070929463197668E-06   0.5191233015124615E-05   0.8431461621333895E-04
  0.9342500000000000E+02   0.9909383923691557E+00   0.8264669684627000E-04  -0.4541113811127762E-02   0.4151185849708168E-04   0.1069619904519145E-06   0.5179352796504543E-05   0.8416512797452280E-04
  0.9347499999999999E+02   0.9909487132261532E+00   0.8250198316921790E-04  -0.4535929858168974E-02   0.4143895578142928E-04   0.1068312891722031E-06   0.5167507083851909E-05   0.8401600543715789E-04
  0.9352500000000001E+02   0.9909590160187348E+00   0.8235761836103766E-04  -0.4530755005510145E-02   0.4136622943157502E-04   0.1067008417481402E-06   0.5155695754668267E-05   0.8386724741529591E-04
  0.9357499999999999E+02   0.9909693007904262E+00   0.8221360130766900E-04  -0.4525589231147431E-02   0.4129367888229869E-04   0.1065706474506317E-06   0.5143918686975669E-05   0.8371885272830881E-04
  0.9362500000000000E+02   0.9909795675846145E+00   0.8206993089998927E-04  -0.4520432513147821E-02   0.4122130357089083E-04   0.1064407055539489E-06   0.5132175759315712E-05   0.8357082020084786E-04
  0.9367500000000000E+02   0.9909898164445480E+00   0.8192660603377729E-04  -0.4515284829648136E-02   0.4114910293713432E-04   0.1063110153356985E-06   0.5120466850745320E-05   0.8342314866280524E-04
  0.9372499999999999E+02   0.9910000474133379E+00   0.8178362560967612E-04  -0.4510146158855033E-02   0.4107707642328554E-04   0.1061815760767908E-06   0.5108791840834799E-05   0.8327583694927459E-04
  0.9377500000000001E+02   0.9910102605339582E+00   0.8164098853315708E-04  -0.4505016479044999E-02   0.4100522347405608E-04   0.1060523870614094E-06   0.5097150609665919E-05   0.8312888390051270E-04
  0.9382500000000000E+02   0.9910204558492464E+00   0.8149869371448437E-04  -0.4499895768563245E-02   0.4093354353659481E-04   0.1059234475769821E-06   0.5085543037827476E-05   0.8298228836190217E-04
  0.9387499999999999E+02   0.9910306334019041E+00   0.8135674006868023E-04  -0.4494784005824481E-02   0.4086203606047014E-04   0.1057947569141512E-06   0.5073969006415146E-05   0.8283604918391405E-04
  0.9392500000000000E+02   0.9910407932344979E+00   0.8121512651549021E-04  -0.4489681169311477E-02   0.4079070049765244E-04   0.1056663143667454E-06   0.5062428397026336E-05   0.8269016522207126E-04
  0.9397500000000001E+02   0.9910509353894597E+00   0.8107385197934963E-04  -0.4484587237575610E-02   0.4071953630249699E-04   0.1055381192317515E-06   0.5050921091759544E-05   0.8254463533691275E-04
  0.9402500000000001E+02   0.9910610599090870E+00   0.8093291538935002E-04  -0.4479502189236206E-02   0.4064854293172694E-04   0.1054101708092869E-06   0.5039446973210997E-05   0.8239945839395788E-04
  0.9407499999999999E+02   0.9910711668355445E+00   0.8079231567920612E-04  -0.4474426002980092E-02   0.4057771984441656E-04   0.1052824684025724E-06   0.5028005924471781E-05   0.8225463326367128E-04
  0.9412499999999999E+02   0.9910812562108632E+00   0.8065205178722350E-04  -0.4469358657562150E-02   0.4050706650197480E-04   0.1051550113179061E-06   0.5016597829127251E-05   0.8211015882142854E-04
  0.9417500000000000E+02   0.9910913280769424E+00   0.8051212265626659E-04  -0.4464300131803656E-02   0.4043658236812903E-04   0.1050277988646368E-06   0.5005222571251440E-05   0.8196603394748195E-04
  0.9422500000000001E+02   0.9911013824755492E+00   0.8037252723372729E-04  -0.4459250404593051E-02   0.4036626690890911E-04   0.1049008303551387E-06   0.4993880035406970E-05   0.8182225752692733E-04
  0.9427499999999999E+02   0.9911114194483198E+00   0.8023326447149337E-04  -0.4454209454885505E-02   0.4029611959263138E-04   0.1047741051047856E-06   0.4982570106642260E-05   0.8167882844967023E-04
  0.9432499999999999E+02   0.9911214390367593E+00   0.8009433332591830E-04  -0.4449177261702242E-02   0.4022613988988327E-04   0.1046476224319271E-06   0.4971292670488209E-05   0.8153574561039391E-04
  0.9437500000000000E+02   0.9911314412822433E+00   0.7995573275779077E-04  -0.4444153804130435E-02   0.4015632727350785E-04   0.1045213816578634E-06   0.4960047612956148E-05   0.8139300790852672E-04
  0.9442500000000000E+02   0.9911414262260173E+00   0.7981746173230480E-04  -0.4439139061323205E-02   0.4008668121858865E-04   0.1043953821068218E-06   0.4948834820536085E-05   0.8125061424821046E-04
  0.9447500000000001E+02   0.9911513939091984E+00   0.7967951921903030E-04  -0.4434133012498842E-02   0.4001720120243467E-04   0.1042696231059325E-06   0.4937654180193143E-05   0.8110856353826874E-04
  0.9452499999999999E+02   0.9911613443727745E+00   0.7954190419188418E-04  -0.4429135636941139E-02   0.3994788670456577E-04   0.1041441039852068E-06   0.4926505579366584E-05   0.8096685469217651E-04
  0.9457499999999999E+02   0.9911712776576062E+00   0.7940461562910115E-04  -0.4424146913998395E-02   0.3987873720669774E-04   0.1040188240775124E-06   0.4915388905965803E-05   0.8082548662802859E-04
  0.9462500000000000E+02   0.9911811938044264E+00   0.7926765251320582E-04  -0.4419166823083742E-02   0.3980975219272820E-04   0.1038937827185523E-06   0.4904304048369333E-05   0.8068445826851015E-04
  0.9467500000000000E+02   0.9911910928538413E+00   0.7913101383098478E-04  -0.4414195343674598E-02   0.3974093114872237E-04   0.1037689792468428E-06   0.4893250895421872E-05   0.8054376854086683E-04
  0.9472499999999999E+02   0.9912009748463309E+00   0.7899469857345826E-04  -0.4409232455312440E-02   0.3967227356289870E-04   0.1036444130036904E-06   0.4882229336432059E-05   0.8040341637687453E-04
  0.9477499999999999E+02   0.9912108398222489E+00   0.7885870573585383E-04  -0.4404278137602580E-02   0.3960377892561545E-04   0.1035200833331720E-06   0.4871239261170283E-05   0.8026340071281128E-04
  0.9482499999999999E+02   0.9912206878218245E+00   0.7872303431757859E-04  -0.4399332370213727E-02   0.3953544672935661E-04   0.1033959895821127E-06   0.4860280559865985E-05   0.8012372048942762E-04
  0.9487500000000000E+02   0.9912305188851613E+00   0.7858768332219319E-04  -0.4394395132878315E-02   0.3946727646871869E-04   0.1032721311000657E-06   0.4849353123206684E-05   0.7998437465191890E-04
  0.9492500000000000E+02   0.9912403330522396E+00   0.7845265175738482E-04  -0.4389466405391063E-02   0.3939926764039695E-04   0.1031485072392912E-06   0.4838456842333124E-05   0.7984536214989626E-04
  0.9497499999999999E+02   0.9912501303629153E+00   0.7831793863494203E-04  -0.4384546167609971E-02   0.3933141974317260E-04   0.1030251173547370E-06   0.4827591608839798E-05   0.7970668193735986E-04
  0.9502499999999999E+02   0.9912599108569212E+00   0.7818354297072832E-04  -0.4379634399455434E-02   0.3926373227789946E-04   0.1029019608040180E-06   0.4816757314771304E-05   0.7956833297267082E-04
  0.9507500000000000E+02   0.9912696745738677E+00   0.7804946378465704E-04  -0.4374731080910021E-02   0.3919620474749108E-04   0.1027790369473970E-06   0.4805953852620221E-05   0.7943031421852399E-04
  0.9512500000000000E+02   0.9912794215532428E+00   0.7791570010066642E-04  -0.4369836192018139E-02   0.3912883665690813E-04   0.1026563451477654E-06   0.4795181115324725E-05   0.7929262464192166E-04
  0.9517500000000000E+02   0.9912891518344126E+00   0.7778225094669442E-04  -0.4364949712886368E-02   0.3906162751314559E-04   0.1025338847706238E-06   0.4784438996267658E-05   0.7915526321414645E-04
  0.9522499999999999E+02   0.9912988654566225E+00   0.7764911535465451E-04  -0.4360071623682127E-02   0.3899457682522039E-04   0.1024116551840639E-06   0.4773727389272003E-05   0.7901822891073545E-04
  0.9527499999999999E+02   0.9913085624589967E+00   0.7751629236041121E-04  -0.4355201904634454E-02   0.3892768410415904E-04   0.1022896557587495E-06   0.4763046188600958E-05   0.7888152071145416E-04
  0.9532500000000000E+02   0.9913182428805397E+00   0.7738378100375608E-04  -0.4350340536033226E-02   0.3886094886298540E-04   0.1021678858678984E-06   0.4752395288954617E-05   0.7874513760027066E-04
  0.9537499999999999E+02   0.9913279067601358E+00   0.7725158032838417E-04  -0.4345487498229161E-02   0.3879437061670866E-04   0.1020463448872646E-06   0.4741774585468366E-05   0.7860907856533052E-04
  0.9542500000000000E+02   0.9913375541365503E+00   0.7711968938187047E-04  -0.4340642771633263E-02   0.3872794888231142E-04   0.1019250321951204E-06   0.4731183973710085E-05   0.7847334259893157E-04
  0.9547500000000001E+02   0.9913471850484300E+00   0.7698810721564652E-04  -0.4335806336716819E-02   0.3866168317873777E-04   0.1018039471722391E-06   0.4720623349678566E-05   0.7833792869749885E-04
  0.9552499999999999E+02   0.9913567995343028E+00   0.7685683288497777E-04  -0.4330978174011291E-02   0.3859557302688177E-04   0.1016830892018774E-06   0.4710092609801682E-05   0.7820283586156042E-04
  0.9557500000000000E+02   0.9913663976325792E+00   0.7672586544894036E-04  -0.4326158264107760E-02   0.3852961794957565E-04   0.1015624576697585E-06   0.4699591650933617E-05   0.7806806309572247E-04
  0.9562500000000000E+02   0.9913759793815525E+00   0.7659520397039927E-04  -0.4321346587656372E-02   0.3846381747157868E-04   0.1014420519640557E-06   0.4689120370352108E-05   0.7793360940864588E-04
  0.9567500000000000E+02   0.9913855448193989E+00   0.7646484751598555E-04  -0.4316543125367445E-02   0.3839817111956562E-04   0.1013218714753754E-06   0.4678678665759300E-05   0.7779947381302194E-04
  0.9572500000000001E+02   0.9913950939841784E+00   0.7633479515607448E-04  -0.4311747858009252E-02   0.3833267842211556E-04   0.1012019155967406E-06   0.4668266435275382E-05   0.7766565532554885E-04
  0.9577499999999999E+02   0.9914046269138349E+00   0.7620504596476371E-04  -0.4306960766409684E-02   0.3826733890970084E-04   0.1010821837235749E-06   0.4657883577440681E-05   0.7753215296690840E-04
  0.9582499999999999E+02   0.9914141436461970E+00   0.7607559901985192E-04  -0.4302181831454810E-02   0.3820215211467619E-04   0.1009626752536871E-06   0.4647529991210998E-05   0.7739896576174302E-04
  0.9587500000000000E+02   0.9914236442189782E+00   0.7594645340281708E-04  -0.4297411034088983E-02   0.3813711757126765E-04   0.1008433895872545E-06   0.4637205575956341E-05   0.7726609273863253E-04
  0.9592500000000000E+02   0.9914331286697776E+00   0.7581760819879558E-04  -0.4292648355314843E-02   0.3807223481556197E-04   0.1007243261268077E-06   0.4626910231459410E-05   0.7713353293007177E-04
  0.9597499999999999E+02   0.9914425970360804E+00   0.7568906249656120E-04  -0.4287893776192542E-02   0.3800750338549589E-04   0.1006054842772157E-06   0.4616643857912436E-05   0.7700128537244801E-04
  0.9602499999999999E+02   0.9914520493552574E+00   0.7556081538850443E-04  -0.4283147277840404E-02   0.3794292282084563E-04   0.1004868634456700E-06   0.4606406355917110E-05   0.7686934910601889E-04
  0.9607499999999999E+02   0.9914614856645674E+00   0.7543286597061181E-04  -0.4278408841433490E-02   0.3787849266321638E-04   0.1003684630416700E-06   0.4596197626480005E-05   0.7673772317489011E-04
  0.9612500000000000E+02   0.9914709060011554E+00   0.7530521334244569E-04  -0.4273678448204254E-02   0.3781421245603201E-04   0.1002502824770081E-06   0.4586017571012532E-05   0.7660640662699389E-04
  0.9617500000000001E+02   0.9914803104020545E+00   0.7517785660712406E-04  -0.4268956079442554E-02   0.3775008174452477E-04   0.1001323211657551E-06   0.4575866091329473E-05   0.7647539851406726E-04
  0.9622499999999999E+02   0.9914896989041865E+00   0.7505079487130076E-04  -0.4264241716493977E-02   0.3768610007572525E-04   0.1000145785242455E-06   0.4565743089643951E-05   0.7634469789163073E-04
  0.9627499999999999E+02   0.9914990715443609E+00   0.7492402724514549E-04  -0.4259535340761622E-02   0.3762226699845222E-04   0.9989705397106372E-07   0.4555648468569790E-05   0.7621430381896705E-04
  0.9632499999999999E+02   0.9915084283592770E+00   0.7479755284232427E-04  -0.4254836933704098E-02   0.3755858206330263E-04   0.9977974692702931E-07   0.4545582131115788E-05   0.7608421535910011E-04
  0.9637500000000000E+02   0.9915177693855229E+00   0.7467137077998013E-04  -0.4250146476836636E-02   0.3749504482264185E-04   0.9966265681518342E-07   0.4535543980686667E-05   0.7595443157877429E-04
  0.9642500000000001E+02   0.9915270946595772E+00   0.7454548017871406E-04  -0.4245463951729755E-02   0.3743165483059391E-04   0.9954578306077501E-07   0.4525533921078798E-05   0.7582495154843390E-04
  0.9647499999999999E+02   0.9915364042178086E+00   0.7441988016256571E-04  -0.4240789340009710E-02   0.3736841164303172E-04   0.9942912509124693E-07   0.4515551856479726E-05   0.7569577434220255E-04
  0.9652499999999999E+02   0.9915456980964766E+00   0.7429456985899444E-04  -0.4236122623358485E-02   0.3730531481756743E-04   0.9931268233622246E-07   0.4505597691466769E-05   0.7556689903786290E-04
  0.9657500000000000E+02   0.9915549763317317E+00   0.7416954839886106E-04  -0.4231463783512912E-02   0.3724236391354309E-04   0.9919645422749229E-07   0.4495671331003715E-05   0.7543832471683687E-04
  0.9662500000000000E+02   0.9915642389596163E+00   0.7404481491640885E-04  -0.4226812802264779E-02   0.3717955849202105E-04   0.9908044019900083E-07   0.4485772680439671E-05   0.7531005046416537E-04
  0.9667500000000000E+02   0.9915734860160648E+00   0.7392036854924558E-04  -0.4222169661460606E-02   0.3711689811577474E-04   0.9896463968683363E-07   0.4475901645507201E-05   0.7518207536848897E-04
  0.9672499999999999E+02   0.9915827175369039E+00   0.7379620843832500E-04  -0.4217534343001650E-02   0.3705438234927930E-04   0.9884905212920411E-07   0.4466058132320942E-05   0.7505439852202803E-04
  0.9677499999999999E+02   0.9915919335578530E+00   0.7367233372792908E-04  -0.4212906828843344E-02   0.3699201075870252E-04   0.9873367696644107E-07   0.4456242047375070E-05   0.7492701902056364E-04
  0.9682500000000000E+02   0.9916011341145257E+00   0.7354874356564975E-04  -0.4208287100994967E-02   0.3692978291189555E-04   0.9861851364097561E-07   0.4446453297541209E-05   0.7479993596341795E-04
  0.9687500000000000E+02   0.9916103192424279E+00   0.7342543710237167E-04  -0.4203675141520202E-02   0.3686769837838411E-04   0.9850356159732922E-07   0.4436691790068268E-05   0.7467314845343576E-04
  0.9692500000000000E+02   0.9916194889769609E+00   0.7330241349225430E-04  -0.4199070932535909E-02   0.3680575672935939E-04   0.9838882028210103E-07   0.4426957432578501E-05   0.7454665559696510E-04
  0.9697499999999999E+02   0.9916286433534198E+00   0.7317967189271463E-04  -0.4194474456212793E-02   0.3674395753766924E-04   0.9827428914395572E-07   0.4417250133067573E-05   0.7442045650383889E-04
  0.9702499999999999E+02   0.9916377824069948E+00   0.7305721146440985E-04  -0.4189885694774631E-02   0.3668230037780934E-04   0.9815996763361131E-07   0.4407569799901578E-05   0.7429455028735606E-04
  0.9707500000000000E+02   0.9916469061727716E+00   0.7293503137122009E-04  -0.4185304630498377E-02   0.3662078482591443E-04   0.9804585520382704E-07   0.4397916341815968E-05   0.7416893606426326E-04
  0.9712500000000000E+02   0.9916560146857312E+00   0.7281313078023183E-04  -0.4180731245713609E-02   0.3655941045974986E-04   0.9793195130939197E-07   0.4388289667913034E-05   0.7404361295473688E-04
  0.9717500000000000E+02   0.9916651079807510E+00   0.7269150886172066E-04  -0.4176165522802977E-02   0.3649817685870281E-04   0.9781825540711285E-07   0.4378689687661553E-05   0.7391858008236454E-04
  0.9722499999999999E+02   0.9916741860926054E+00   0.7257016478913483E-04  -0.4171607444201086E-02   0.3643708360377390E-04   0.9770476695580263E-07   0.4369116310893131E-05   0.7379383657412733E-04
  0.9727499999999999E+02   0.9916832490559646E+00   0.7244909773907848E-04  -0.4167056992395168E-02   0.3637613027756866E-04   0.9759148541626890E-07   0.4359569447802314E-05   0.7366938156038206E-04
  0.9732500000000000E+02   0.9916922969053972E+00   0.7232830689129538E-04  -0.4162514149924523E-02   0.3631531646428928E-04   0.9747841025130262E-07   0.4350049008944135E-05   0.7354521417484344E-04
  0.9737500000000000E+02   0.9917013296753689E+00   0.7220779142865253E-04  -0.4157978899379855E-02   0.3625464174972620E-04   0.9736554092566656E-07   0.4340554905231412E-05   0.7342133355456666E-04
  0.9742500000000000E+02   0.9917103474002439E+00   0.7208755053712419E-04  -0.4153451223404048E-02   0.3619410572125004E-04   0.9725287690608469E-07   0.4331087047935123E-05   0.7329773883993011E-04
  0.9747499999999999E+02   0.9917193501142842E+00   0.7196758340577555E-04  -0.4148931104691167E-02   0.3613370796780322E-04   0.9714041766123053E-07   0.4321645348681032E-05   0.7317442917461794E-04
  0.9752500000000001E+02   0.9917283378516516E+00   0.7184788922674700E-04  -0.4144418525986682E-02   0.3607344807989202E-04   0.9702816266171652E-07   0.4312229719448893E-05   0.7305140370560298E-04
  0.9757499999999999E+02   0.9917373106464064E+00   0.7172846719523843E-04  -0.4139913470086909E-02   0.3601332564957853E-04   0.9691611138008314E-07   0.4302840072570031E-05   0.7292866158313004E-04
  0.9762500000000000E+02   0.9917462685325088E+00   0.7160931650949327E-04  -0.4135415919839347E-02   0.3595334027047254E-04   0.9680426329078800E-07   0.4293476320726785E-05   0.7280620196069854E-04
  0.9767500000000000E+02   0.9917552115438192E+00   0.7149043637078343E-04  -0.4130925858141787E-02   0.3589349153772389E-04   0.9669261787019566E-07   0.4284138376949425E-05   0.7268402399504651E-04
  0.9772499999999999E+02   0.9917641397140979E+00   0.7137182598339342E-04  -0.4126443267942981E-02   0.3583377904801435E-04   0.9658117459656651E-07   0.4274826154616293E-05   0.7256212684613340E-04
  0.9777499999999999E+02   0.9917730530770064E+00   0.7125348455460543E-04  -0.4121968132241638E-02   0.3577420239955002E-04   0.9646993295004685E-07   0.4265539567450488E-05   0.7244050967712398E-04
  0.9782499999999999E+02   0.9917819516661075E+00   0.7113541129468381E-04  -0.4117500434086541E-02   0.3571476119205348E-04   0.9635889241265803E-07   0.4256278529518898E-05   0.7231917165437176E-04
  0.9787500000000000E+02   0.9917908355148647E+00   0.7101760541686042E-04  -0.4113040156576764E-02   0.3565545502675627E-04   0.9624805246828691E-07   0.4247042955231405E-05   0.7219811194740321E-04
  0.9792500000000000E+02   0.9917997046566442E+00   0.7090006613731934E-04  -0.4108587282860676E-02   0.3559628350639113E-04   0.9613741260267496E-07   0.4237832759337648E-05   0.7207732972890123E-04
  0.9797499999999999E+02   0.9918085591247141E+00   0.7078279267518223E-04  -0.4104141796136496E-02   0.3553724623518453E-04   0.9602697230340877E-07   0.4228647856926932E-05   0.7195682417468943E-04
  0.9802499999999999E+02   0.9918173989522452E+00   0.7066578425249360E-04  -0.4099703679651512E-02   0.3547834281884917E-04   0.9591673105990982E-07   0.4219488163425447E-05   0.7183659446371630E-04
  0.9807500000000000E+02   0.9918262241723109E+00   0.7054904009420608E-04  -0.4095272916702641E-02   0.3541957286457652E-04   0.9580668836342469E-07   0.4210353594596205E-05   0.7171663977803941E-04
  0.9812500000000000E+02   0.9918350348178887E+00   0.7043255942816614E-04  -0.4090849490635318E-02   0.3536093598102945E-04   0.9569684370701520E-07   0.4201244066535579E-05   0.7159695930280989E-04
  0.9817500000000000E+02   0.9918438309218590E+00   0.7031634148509955E-04  -0.4086433384844046E-02   0.3530243177833494E-04   0.9558719658554893E-07   0.4192159495673260E-05   0.7147755222625694E-04
  0.9822499999999999E+02   0.9918526125170070E+00   0.7020038549859711E-04  -0.4082024582771737E-02   0.3524405986807673E-04   0.9547774649568927E-07   0.4183099798769718E-05   0.7135841773967235E-04
  0.9827499999999999E+02   0.9918613796360216E+00   0.7008469070510066E-04  -0.4077623067910263E-02   0.3518581986328821E-04   0.9536849293588642E-07   0.4174064892916174E-05   0.7123955503739552E-04
  0.9832500000000000E+02   0.9918701323114969E+00   0.6996925634388867E-04  -0.4073228823799013E-02   0.3512771137844511E-04   0.9525943540636726E-07   0.4165054695530476E-05   0.7112096331679796E-04
  0.9837500000000000E+02   0.9918788705759322E+00   0.6985408165706268E-04  -0.4068841834025894E-02   0.3506973402945856E-04   0.9515057340912671E-07   0.4156069124357994E-05   0.7100264177826857E-04
  0.9842500000000000E+02   0.9918875944617318E+00   0.6973916588953307E-04  -0.4064462082226883E-02   0.3501188743366787E-04   0.9504190644791791E-07   0.4147108097469568E-05   0.7088458962519850E-04
  0.9847499999999999E+02   0.9918963040012062E+00   0.6962450828900550E-04  -0.4060089552085366E-02   0.3495417120983360E-04   0.9493343402824323E-07   0.4138171533258991E-05   0.7076680606396642E-04
  0.9852499999999999E+02   0.9919049992265722E+00   0.6951010810596730E-04  -0.4055724227332136E-02   0.3489658497813060E-04   0.9482515565734532E-07   0.4129259350441888E-05   0.7064929030392387E-04
  0.9857500000000000E+02   0.9919136801699527E+00   0.6939596459367366E-04  -0.4051366091745834E-02   0.3483912836014109E-04   0.9471707084419780E-07   0.4120371468055483E-05   0.7053204155738047E-04
  0.9862500000000000E+02   0.9919223468633779E+00   0.6928207700813443E-04  -0.4047015129151954E-02   0.3478180097884776E-04   0.9460917909949639E-07   0.4111507805455434E-05   0.7041505903958963E-04
  0.9867499999999998E+02   0.9919309993387848E+00   0.6916844460810062E-04  -0.4042671323423175E-02   0.3472460245862707E-04   0.9450147993565026E-07   0.4102668282315408E-05   0.7029834196873413E-04
  0.9872499999999999E+02   0.9919396376280183E+00   0.6905506665505104E-04  -0.4038334658478915E-02   0.3466753242524231E-04   0.9439397286677278E-07   0.4093852818625046E-05   0.7018188956591156E-04
  0.9877500000000001E+02   0.9919482617628309E+00   0.6894194241317934E-04  -0.4034005118285222E-02   0.3461059050583709E-04   0.9428665740867324E-07   0.4085061334688644E-05   0.7006570105512050E-04
  0.9882500000000000E+02   0.9919568717748836E+00   0.6882907114938075E-04  -0.4029682686854885E-02   0.3455377632892852E-04   0.9417953307884789E-07   0.4076293751124279E-05   0.6994977566324622E-04
  0.9887500000000000E+02   0.9919654676957457E+00   0.6871645213323905E-04  -0.4025367348246767E-02   0.3449708952440059E-04   0.9407259939647139E-07   0.4067549988861355E-05   0.6983411262004654E-04
  0.9892499999999998E+02   0.9919740495568955E+00   0.6860408463701378E-04  -0.4021059086566026E-02   0.3444052972349771E-04   0.9396585588238841E-07   0.4058829969139964E-05   0.6971871115813828E-04
  0.9897499999999999E+02   0.9919826173897207E+00   0.6849196793562738E-04  -0.4016757885963784E-02   0.3438409655881806E-04   0.9385930205910517E-07   0.4050133613509136E-05   0.6960357051298313E-04
  0.9902500000000001E+02   0.9919911712255184E+00   0.6838010130665243E-04  -0.4012463730637017E-02   0.3432778966430718E-04   0.9375293745078090E-07   0.4041460843825530E-05   0.6948868992287417E-04
  0.9907499999999999E+02   0.9919997110954956E+00   0.6826848403029899E-04  -0.4008176604828328E-02   0.3427160867525147E-04   0.9364676158321966E-07   0.4032811582251922E-05   0.6937406862892203E-04
  0.9912499999999999E+02   0.9920082370307693E+00   0.6815711538940217E-04  -0.4003896492825954E-02   0.3421555322827186E-04   0.9354077398386220E-07   0.4024185751256123E-05   0.6925970587504165E-04
  0.9917500000000000E+02   0.9920167490623678E+00   0.6804599466940938E-04  -0.3999623378962980E-02   0.3415962296131733E-04   0.9343497418177740E-07   0.4015583273608364E-05   0.6914560090793844E-04
  0.9922499999999999E+02   0.9920252472212293E+00   0.6793512115836834E-04  -0.3995357247618236E-02   0.3410381751365881E-04   0.9332936170765467E-07   0.4007004072382038E-05   0.6903175297709545E-04
  0.9927500000000001E+02   0.9920337315382040E+00   0.6782449414691446E-04  -0.3991098083215183E-02   0.3404813652588273E-04   0.9322393609379555E-07   0.3998448070950384E-05   0.6891816133475970E-04
  0.9932500000000000E+02   0.9920422020440530E+00   0.6771411292825863E-04  -0.3986845870222244E-02   0.3399257963988479E-04   0.9311869687410564E-07   0.3989915192986153E-05   0.6880482523592910E-04
  0.9937499999999999E+02   0.9920506587694498E+00   0.6760397679817542E-04  -0.3982600593152474E-02   0.3393714649886399E-04   0.9301364358408727E-07   0.3981405362459870E-05   0.6869174393833968E-04
  0.9942500000000000E+02   0.9920591017449797E+00   0.6749408505499040E-04  -0.3978362236563338E-02   0.3388183674731613E-04   0.9290877576083069E-07   0.3972918503638368E-05   0.6857891670245194E-04
  0.9947499999999999E+02   0.9920675310011404E+00   0.6738443699956889E-04  -0.3974130785057040E-02   0.3382665003102810E-04   0.9280409294300729E-07   0.3964454541084427E-05   0.6846634279143883E-04
  0.9952499999999999E+02   0.9920759465683430E+00   0.6727503193530352E-04  -0.3969906223279307E-02   0.3377158599707154E-04   0.9269959467086112E-07   0.3956013399653305E-05   0.6835402147117217E-04
  0.9957500000000000E+02   0.9920843484769108E+00   0.6716586916810256E-04  -0.3965688535920497E-02   0.3371664429379690E-04   0.9259528048620144E-07   0.3947595004493941E-05   0.6824195201021027E-04
  0.9962499999999999E+02   0.9920927367570815E+00   0.6705694800637841E-04  -0.3961477707714378E-02   0.3366182457082753E-04   0.9249114993239535E-07   0.3939199281045498E-05   0.6813013367978533E-04
  0.9967500000000000E+02   0.9921011114390057E+00   0.6694826776103552E-04  -0.3957273723438792E-02   0.3360712647905360E-04   0.9238720255435979E-07   0.3930826155037700E-05   0.6801856575379060E-04
  0.9972499999999999E+02   0.9921094725527485E+00   0.6683982774545902E-04  -0.3953076567914882E-02   0.3355254967062626E-04   0.9228343789855421E-07   0.3922475552488267E-05   0.6790724750876808E-04
  0.9977499999999999E+02   0.9921178201282894E+00   0.6673162727550353E-04  -0.3948886226007087E-02   0.3349809379895194E-04   0.9217985551297357E-07   0.3914147399701921E-05   0.6779617822389636E-04
  0.9982500000000000E+02   0.9921261541955223E+00   0.6662366566948088E-04  -0.3944702682623480E-02   0.3344375851868611E-04   0.9207645494713996E-07   0.3905841623270064E-05   0.6768535718097760E-04
  0.9987500000000000E+02   0.9921344747842563E+00   0.6651594224814977E-04  -0.3940525922714766E-02   0.3338954348572801E-04   0.9197323575209641E-07   0.3897558150067803E-05   0.6757478366442616E-04
  0.9992500000000000E+02   0.9921427819242157E+00   0.6640845633470359E-04  -0.3936355931274949E-02   0.3333544835721442E-04   0.9187019748039864E-07   0.3889296907254290E-05   0.6746445696125566E-04
  0.9997499999999999E+02   0.9921510756450400E+00   0.6630120725475963E-04  -0.3932192693340553E-02   0.3328147279151422E-04   0.9176733968610826E-07   0.3881057822270201E-05   0.6735437636106729E-04
