#   omega (eV)      epsilon_1       epsilon_2       n               kappa           mu (cm^(-1))    R               epsinv
  0.2500000000000000E-01   0.1918298008814485E+01   0.1652113334174518E-03   0.3850263580061020E+00   0.5964194560719109E-04   0.4112311490990658E-10   0.2606120946167810E-01   0.4489600329036784E-04
  0.7500000000000000E-01   0.1918338993854733E+01   0.4956937627426314E-03   0.3850411639645317E+00   0.1789454983864022E-03   0.3701487041294941E-09   0.2606289511850298E-01   0.1346984864564806E-03
  0.1250000000000000E+00   0.1918420978523697E+01   0.8263555453914724E-03   0.3850707806864577E+00   0.2983080564958278E-03   0.1028416860058782E-08   0.2606626708365510E-01   0.2245324087404182E-03
  0.1750000000000000E+00   0.1918543992013937E+01   0.1157316469910474E-02   0.3851152177869162E+00   0.4177690256553492E-03   0.2016361879386319E-08   0.2607132666084730E-01   0.3144187607799631E-03
  0.2250000000000000E+00   0.1918708078153406E+01   0.1488696654884616E-02   0.3851744897007316E+00   0.5373679150004599E-03   0.3334636062462184E-08   0.2607807580742142E-01   0.4043785801228844E-03
  0.2750000000000000E+00   0.1918913295452466E+01   0.1820616682039890E-02   0.3852486156972692E+00   0.6571443787812332E-03   0.4984110742614286E-08   0.2608651713647922E-01   0.4944329701335120E-03
  0.3250000000000000E+00   0.1919159717166764E+01   0.2153197730438105E-02   0.3853376199001588E+00   0.7771382583955548E-03   0.6965877663478062E-08   0.2609665391973206E-01   0.5846031190425097E-03
  0.3749999999999999E+00   0.1919447431376075E+01   0.2486561712084450E-02   0.3854415313120267E+00   0.8973896248547032E-03   0.9281250708580612E-08   0.2610849009107422E-01   0.6749103191819269E-03
  0.4250000000000000E+00   0.1919776541079313E+01   0.2820831409273302E-02   0.3855603838442978E+00   0.1017938821780824E-02   0.1193176798851963E-07   0.2612203025088944E-01   0.7653759864481137E-03
  0.4749999999999999E+00   0.1920147164305922E+01   0.3156130614005687E-02   0.3856942163521284E+00   0.1138826509038290E-02   0.1491919429220754E-07   0.2613727967109971E-01   0.8560216800362067E-03
  0.5250000000000000E+00   0.1920559434243887E+01   0.3492584269820574E-02   0.3858430726745499E+00   0.1260093707103578E-02   0.1824552390981487E-07   0.2615424430096788E-01   0.9468691224909962E-03
  0.5750000000000001E+00   0.1921013499384681E+01   0.3830318616392100E-02   0.3860070016799124E+00   0.1381781842281300E-02   0.2191298383624857E-07   0.2617293077366796E-01   0.1037940220120232E-02
  0.6249999999999999E+00   0.1921509523685462E+01   0.4169461337257336E-02   0.3861860573167324E+00   0.1503932792877835E-02   0.2592403736525450E-07   0.2619334641363810E-01   0.1129257083818117E-02
  0.6749999999999999E+00   0.1922047686748903E+01   0.4510141711051956E-02   0.3863802986700551E+00   0.1626588936447850E-02   0.3028138808553373E-07   0.2621549924473312E-01   0.1220842050348273E-02
  0.7250000000000001E+00   0.1922628184021079E+01   0.4852490766647347E-02   0.3865897900234645E+00   0.1749793198233932E-02   0.3498798429163348E-07   0.2623939799919624E-01   0.1312717704137687E-02
  0.7749999999999999E+00   0.1923251227007855E+01   0.5196641442599266E-02   0.3868146009268776E+00   0.1873589100924554E-02   0.4004702382380626E-07   0.2626505212747044E-01   0.1404906899635180E-02
  0.8250000000000000E+00   0.1923917043510317E+01   0.5542728751337374E-02   0.3870548062702848E+00   0.1998020815861441E-02   0.4546195935254508E-07   0.2629247180887373E-01   0.1497432784290461E-02
  0.8749999999999999E+00   0.1924625877879762E+01   0.5890889948546633E-02   0.3873104863636021E+00   0.2123133215833951E-02   0.5123650412510721E-07   0.2632166796316289E-01   0.1590318822212667E-02
  0.9249999999999999E+00   0.1925377991292906E+01   0.6241264708214730E-02   0.3875817270228252E+00   0.2248971929605147E-02   0.5737463819303648E-07   0.2635265226301424E-01   0.1683588818570237E-02
  0.9750000000000001E+00   0.1926173662047926E+01   0.6593995303845896E-02   0.3878686196626857E+00   0.2375583398322145E-02   0.6388061514150336E-07   0.2638543714745141E-01   0.1777266944797401E-02
  0.1025000000000000E+01   0.1927013185882092E+01   0.6949226796370141E-02   0.3881712613960326E+00   0.2503014933972037E-02   0.7075896934321141E-07   0.2642003583625344E-01   0.1871377764676267E-02
  0.1075000000000000E+01   0.1927896876311756E+01   0.7307107229308456E-02   0.3884897551401767E+00   0.2631314780054232E-02   0.7801452376168186E-07   0.2645646234537860E-01   0.1965946261367574E-02
  0.1125000000000000E+01   0.1928825064995535E+01   0.7667787831789253E-02   0.3888242097304548E+00   0.2760532174650609E-02   0.8565239833093864E-07   0.2649473150344287E-01   0.2060997865467716E-02
  0.1175000000000000E+01   0.1929798102121612E+01   0.8031423230049200E-02   0.3891747400412919E+00   0.2890717416086357E-02   0.9367801894099115E-07   0.2653485896929419E-01   0.2156558484174537E-02
  0.1225000000000000E+01   0.1930816356820123E+01   0.8398171668093569E-02   0.3895414671150634E+00   0.3021921931387077E-02   0.1020971270610678E-06   0.2657686125072845E-01   0.2252654531649876E-02
  0.1275000000000000E+01   0.1931880217601704E+01   0.8768195238236739E-02   0.3899245182990771E+00   0.3154198347751587E-02   0.1109157900353090E-06   0.2662075572439448E-01   0.2349312960672769E-02
  0.1325000000000000E+01   0.1932990092823310E+01   0.9141660122294004E-02   0.3903240273910251E+00   0.3287600567275148E-02   0.1201404120886081E-06   0.2666656065694125E-01   0.2446561295683826E-02
  0.1375000000000000E+01   0.1934146411182555E+01   0.9518736844250187E-02   0.3907401347932782E+00   0.3422183845174306E-02   0.1297777460835021E-06   0.2671429522746285E-01   0.2544427667328310E-02
  0.1425000000000000E+01   0.1935349622241868E+01   0.9899600535291956E-02   0.3911729876764196E+00   0.3558004871783263E-02   0.1398349060725211E-06   0.2676397955130124E-01   0.2642940848613643E-02
  0.1475000000000000E+01   0.1936600196983888E+01   0.1028443121215565E-01   0.3916227401524590E+00   0.3695121858611244E-02   0.1503193806941792E-06   0.2681563470527287E-01   0.2742130292805367E-02
  0.1525000000000000E+01   0.1937898628399606E+01   0.1067341406981609E-01   0.3920895534581759E+00   0.3833594628772839E-02   0.1612390474649289E-06   0.2686928275438718E-01   0.2842026173195418E-02
  0.1575000000000000E+01   0.1939245432110890E+01   0.1106673978962065E-01   0.3925735961491039E+00   0.3973484712127103E-02   0.1726021880238776E-06   0.2692494678013355E-01   0.2942659424886785E-02
  0.1625000000000000E+01   0.1940641147029132E+01   0.1146460486406133E-01   0.3930750443046740E+00   0.4114855445488103E-02   0.1844175043919739E-06   0.2698265091041568E-01   0.3044061788750389E-02
  0.1675000000000000E+01   0.1942086336051907E+01   0.1186721193947285E-01   0.3935940817451034E+00   0.4257772078298562E-02   0.1966941363127130E-06   0.2704242035122131E-01   0.3146265857722468E-02
  0.1725000000000000E+01   0.1943581586799647E+01   0.1227477017805131E-01   0.3941309002606341E+00   0.4402301884190550E-02   0.2094416797472626E-06   0.2710428142011886E-01   0.3249305125624896E-02
  0.1775000000000000E+01   0.1945127512394504E+01   0.1268749564070445E-01   0.3946856998537875E+00   0.4548514278892566E-02   0.2226702066033288E-06   0.2716826158168229E-01   0.3353214038706197E-02
  0.1825000000000000E+01   0.1946724752283730E+01   0.1310561169237262E-01   0.3952586889953407E+00   0.4696480944981372E-02   0.2363902857841035E-06   0.2723438948495027E-01   0.3458028050118109E-02
  0.1875000000000000E+01   0.1948373973110069E+01   0.1352934943160181E-01   0.3958500848947883E+00   0.4846275964020010E-02   0.2506130056513667E-06   0.2730269500303656E-01   0.3563783677561289E-02
  0.1925000000000000E+01   0.1950075869631850E+01   0.1395894814630621E-01   0.3964601137861092E+00   0.4997975956671059E-02   0.2653499980053162E-06   0.2737320927501500E-01   0.3670518564354677E-02
  0.1975000000000000E+01   0.1951831165695684E+01   0.1439465579783116E-01   0.3970890112297156E+00   0.5151660231426844E-02   0.2806134636930638E-06   0.2744596475021359E-01   0.3778271544206098E-02
  0.2025000000000000E+01   0.1953640615264857E+01   0.1483672953561842E-01   0.3977370224315342E+00   0.5307410942656479E-02   0.2964161999680648E-06   0.2752099523506159E-01   0.3887082709987234E-02
  0.2075000000000000E+01   0.1955505003506782E+01   0.1528543624498870E-01   0.3984044025802402E+00   0.5465313258734405E-02   0.3127716297341785E-06   0.2759833594264557E-01   0.3996993486844704E-02
  0.2125000000000000E+01   0.1957425147943118E+01   0.1574105313079115E-01   0.3990914172037374E+00   0.5625455541086675E-02   0.3296938328206847E-06   0.2767802354514125E-01   0.4108046710010506E-02
  0.2175000000000000E+01   0.1959401899666422E+01   0.1620386833993191E-01   0.3997983425460698E+00   0.5787929535071087E-02   0.3471975794486003E-06   0.2776009622930289E-01   0.4220286707710507E-02
  0.2225000000000000E+01   0.1961436144627557E+01   0.1667418162608498E-01   0.4005254659660411E+00   0.5952830573696002E-02   0.3652983660641903E-06   0.2784459375520491E-01   0.4333759389608939E-02
  0.2275000000000000E+01   0.1963528804998347E+01   0.1715230506021296E-01   0.4012730863589111E+00   0.6120257795281633E-02   0.3840124537328604E-06   0.2793155751844680E-01   0.4448512341270945E-02
  0.2325000000000000E+01   0.1965680840614371E+01   0.1763856379088819E-01   0.4020415146026608E+00   0.6290314376278282E-02   0.4033569093058968E-06   0.2802103061604978E-01   0.4564594925174537E-02
  0.2375000000000000E+01   0.1967893250503164E+01   0.1813329685880914E-01   0.4028310740304222E+00   0.6463107780579395E-02   0.4233496495939938E-06   0.2811305791629157E-01   0.4682058388858447E-02
  0.2425000000000000E+01   0.1970167074503531E+01   0.1863685807036087E-01   0.4036421009308069E+00   0.6638750026806006E-02   0.4440094888055512E-06   0.2820768613274656E-01   0.4800955980854621E-02
  0.2475000000000000E+01   0.1972503394982113E+01   0.1914961693557691E-01   0.4044749450780087E+00   0.6817357975194525E-02   0.4653561895346174E-06   0.2830496390282145E-01   0.4921343075123896E-02
  0.2525000000000000E+01   0.1974903338653901E+01   0.1967195967643125E-01   0.4053299702937025E+00   0.6999053635894485E-02   0.4874105176135184E-06   0.2840494187109954E-01   0.5043277304792125E-02
  0.2575000000000000E+01   0.1977368078513890E+01   0.2020429031203239E-01   0.4062075550429378E+00   0.7183964500679796E-02   0.5101943011791364E-06   0.2850767277783552E-01   0.5166818706073151E-02
  0.2625000000000000E+01   0.1979898835887730E+01   0.2074703182801668E-01   0.4071080930664019E+00   0.7372223900299045E-02   0.5337304943399669E-06   0.2861321155297007E-01   0.5292029873365631E-02
  0.2675000000000000E+01   0.1982496882609839E+01   0.2130062743825803E-01   0.4080319940516364E+00   0.7563971389941611E-02   0.5580432458741794E-06   0.2872161541606779E-01   0.5418976126625111E-02
  0.2725000000000000E+01   0.1985163543338196E+01   0.2186554194793806E-01   0.4089796843459967E+00   0.7759353165580718E-02   0.5831579734375951E-06   0.2883294398261575E-01   0.5547725692242485E-02
  0.2775000000000000E+01   0.1987900198015824E+01   0.2244226322807408E-01   0.4099516077144045E+00   0.7958522514277639E-02   0.6091014438156857E-06   0.2894725937716043E-01   0.5678349898807986E-02
  0.2825000000000000E+01   0.1990708284489822E+01   0.2303130381279824E-01   0.4109482261451833E+00   0.8161640301898778E-02   0.6359018598163569E-06   0.2906462635380282E-01   0.5810923389308781E-02
  0.2875000000000000E+01   0.1993589301299776E+01   0.2363320263204470E-01   0.4119700207075736E+00   0.8368875502116364E-02   0.6635889544715809E-06   0.2918511242461921E-01   0.5945524351501389E-02
  0.2925000000000000E+01   0.1996544810648394E+01   0.2424852689385819E-01   0.4130174924648278E+00   0.8580405771042418E-02   0.6921940932972868E-06   0.2930878799662733E-01   0.6082234768421787E-02
  0.2975000000000000E+01   0.1999576441568367E+01   0.2487787413231965E-01   0.4140911634471347E+00   0.8796418072394559E-02   0.7217503854539316E-06   0.2943572651797506E-01   0.6221140691251093E-02
  0.3024999999999999E+01   0.2002685893300693E+01   0.2552187443912881E-01   0.4151915776889998E+00   0.9017109358722263E-02   0.7522928047567864E-06   0.2956600463409217E-01   0.6362332537048184E-02
  0.3075000000000000E+01   0.2005874938901063E+01   0.2618119289923538E-01   0.4163193023361169E+00   0.9242687314947760E-02   0.7838583216075016E-06   0.2969970235461584E-01   0.6505905414200231E-02
  0.3125000000000000E+01   0.2009145429092381E+01   0.2685653225362281E-01   0.4174749288272195E+00   0.9473371171313479E-02   0.8164860470596993E-06   0.2983690323197764E-01   0.6651959478835385E-02
  0.3175000000000000E+01   0.2012499296383146E+01   0.2754863581548468E-01   0.4186590741568907E+00   0.9709392593797364E-02   0.8502173903944855E-06   0.2997769455262553E-01   0.6800600325898792E-02
  0.3225000000000000E+01   0.2015938559473127E+01   0.2825829066966889E-01   0.4198723822258388E+00   0.9950996661182416E-02   0.8850962317707565E-06   0.3012216754194703E-01   0.6951939419125445E-02
  0.3275000000000000E+01   0.2019465327969737E+01   0.2898633118949340E-01   0.4211155252857255E+00   0.1019844293927670E-01   0.9211691117348444E-06   0.3027041758406476E-01   0.7106094564765400E-02
  0.3325000000000000E+01   0.2023081807440522E+01   0.2973364290996566E-01   0.4223892054862597E+00   0.1045200666430848E-01   0.9584854396300001E-06   0.3042254445778822E-01   0.7263190434645704E-02
  0.3375000000000000E+01   0.2026790304829430E+01   0.3050116680220334E-01   0.4236941565329284E+00   0.1071198004931120E-01   0.9970977232454789E-06   0.3057865259013066E-01   0.7423359145010022E-02
  0.3425000000000000E+01   0.2030593234266882E+01   0.3128990400061617E-01   0.4250311454644555E+00   0.1097867372941451E-01   0.1037061822395933E-05   0.3073885132893686E-01   0.7586740898586733E-02
  0.3475000000000000E+01   0.2034493123306154E+01   0.3210092104236632E-01   0.4264009745598192E+00   0.1125241836443379E-01   0.1078437229534702E-05   0.3090325523631582E-01   0.7753484698530527E-02
  0.3525000000000000E+01   0.2038492619621188E+01   0.3293535568801713E-01   0.4278044833854371E+00   0.1153356642007623E-01   0.1121287380991934E-05   0.3107198440473385E-01   0.7923749144299073E-02
  0.3574999999999999E+01   0.2042594498203612E+01   0.3379442340340463E-01   0.4292425509939171E+00   0.1182249415255076E-01   0.1165680003005715E-05   0.3124516479779687E-01   0.8097703321212426E-02
  0.3625000000000000E+01   0.2046801669099354E+01   0.3467942459598158E-01   0.4307160982865332E+00   0.1211960382549503E-01   0.1211687497400338E-05   0.3142292861793426E-01   0.8275527797455782E-02
  0.3675000000000000E+01   0.2051117185727767E+01   0.3559175271463839E-01   0.4322260905523161E+00   0.1242532619305691E-01   0.1259387372583900E-05   0.3160541470338947E-01   0.8457415744697402E-02
  0.3725000000000000E+01   0.2055544253828347E+01   0.3653290334084955E-01   0.4337735401972524E+00   0.1274012328886454E-01   0.1308862726516529E-05   0.3179276895712066E-01   0.8643574201391677E-02
  0.3775000000000000E+01   0.2060086241081741E+01   0.3750448442160476E-01   0.4353595096775107E+00   0.1306449156770177E-01   0.1360202789476280E-05   0.3198514481040902E-01   0.8834225501330889E-02
  0.3825000000000000E+01   0.2064746687452437E+01   0.3850822782181089E-01   0.4369851146507078E+00   0.1339896545524454E-01   0.1413503535867021E-05   0.3218270372415478E-01   0.9029608894235694E-02
  0.3874999999999999E+01   0.2069529316299730E+01   0.3954600240673604E-01   0.4386515273588685E+00   0.1374412137153745E-01   0.1468868376026620E-05   0.3238561573099644E-01   0.9229982390302061E-02
  0.3925000000000000E+01   0.2074438046300562E+01   0.4061982890491454E-01   0.4403599802556104E+00   0.1410058230641274E-01   0.1526408941073963E-05   0.3259406002148946E-01   0.9435624866862537E-02
  0.3975000000000000E+01   0.2079477004221455E+01   0.4173189685035598E-01   0.4421117698878945E+00   0.1446902304028768E-01   0.1586245976366121E-05   0.3280822557759281E-01   0.9646838482935060E-02
  0.4025000000000000E+01   0.2084650538565528E+01   0.4288458396190921E-01   0.4439082610389045E+00   0.1485017612235745E-01   0.1648510362230478E-05   0.3302831185658558E-01   0.9863951456748838E-02
  0.4074999999999999E+01   0.2089963234102242E+01   0.4408047838970003E-01   0.4457508911325210E+00   0.1524483874091540E-01   0.1713344284425249E-05   0.3325452952818718E-01   0.1008732127275770E-01
  0.4125000000000000E+01   0.2095419927258749E+01   0.4532240434673945E-01   0.4476411748904150E+00   0.1565388064834862E-01   0.1780902581432788E-05   0.3348710126697481E-01   0.1031733839867403E-01
  0.4175000000000000E+01   0.2101025722308143E+01   0.4661345175180154E-01   0.4495807092185404E+00   0.1607825333745320E-01   0.1851354301409338E-05   0.3372626260101375E-01   0.1055443061028499E-01
  0.4225000000000000E+01   0.2106786008224764E+01   0.4795701064195488E-01   0.4515711782786052E+00   0.1651900070750452E-01   0.1924884508654051E-05   0.3397226281569370E-01   0.1079906804297307E-01
  0.4275000000000000E+01   0.2112706475980595E+01   0.4935681127492818E-01   0.4536143586689381E+00   0.1697727150966085E-01   0.2001696388120400E-05   0.3422536590874729E-01   0.1105176911480148E-01
  0.4325000000000000E+01   0.2118793135916184E+01   0.5081697103867837E-01   0.4557121245936306E+00   0.1745433392363349E-01   0.2082013707125757E-05   0.3448585158778780E-01   0.1131310749768770E-01
  0.4375000000000000E+01   0.2125052334614626E+01   0.5234204952428140E-01   0.4578664528326466E+00   0.1795159269306882E-01   0.2166083706408841E-05   0.3475401629469033E-01   0.1158372035155230E-01
  0.4425000000000000E+01   0.2131490770409886E+01   0.5393711340410465E-01   0.4600794272296231E+00   0.1847060933748164E-01   0.2254180508432163E-05   0.3503017423063098E-01   0.1186431808223704E-01
  0.4475000000000000E+01   0.2138115506230256E+01   0.5560781309313911E-01   0.4623532422752752E+00   0.1901312606474579E-01   0.2346609149642543E-05   0.3531465833997207E-01   0.1215569593780536E-01
  0.4525000000000000E+01   0.2144933977855599E+01   0.5736047355407520E-01   0.4646902051638375E+00   0.1958109412893185E-01   0.2443710365360547E-05   0.3560782118806173E-01   0.1245874781880879E-01
  0.4575000000000000E+01   0.2151953994770086E+01   0.5920220201958408E-01   0.4670927354110774E+00   0.2017670750819842E-01   0.2545866280578905E-05   0.3591003563396744E-01   0.1277448274309361E-01
  0.4625000000000000E+01   0.2159183729502887E+01   0.6114101580552559E-01   0.4695633607073906E+00   0.2080244290252810E-01   0.2653507185555221E-05   0.3622169514925897E-01   0.1310404446698833E-01
  0.4675000000000000E+01   0.2166631689506507E+01   0.6318599368455109E-01   0.4721047070865054E+00   0.2146110714149021E-01   0.2767119597768654E-05   0.3654321356126299E-01   0.1344873480588372E-01
  0.4725000000000000E+01   0.2174306663011824E+01   0.6534745429996693E-01   0.4747194806506112E+00   0.2215589308928678E-01   0.2887255823455912E-05   0.3687502389426033E-01   0.1381004118636479E-01
  0.4774999999999999E+01   0.2182217626655451E+01   0.6763716448789893E-01   0.4774104369214742E+00   0.2289044492904645E-01   0.3014545216900682E-05   0.3721757583268400E-01   0.1418966884001987E-01
  0.4825000000000000E+01   0.2190373597714911E+01   0.7006857854115262E-01   0.4801803322937750E+00   0.2366893310647163E-01   0.3149707265288959E-05   0.3757133112235264E-01   0.1458957771081918E-01
  0.4875000000000000E+01   0.2198783407312771E+01   0.7265710536649218E-01   0.4830318499897388E+00   0.2449613788368567E-01   0.3293566451310760E-05   0.3793675594663497E-01   0.1501202341515483E-01
  0.4925000000000000E+01   0.2207455363112669E+01   0.7542039250749075E-01   0.4859674904050737E+00   0.2537753786488667E-01   0.3447068482414079E-05   0.3831430896299354E-01   0.1545960018019773E-01
  0.4975000000000000E+01   0.2216396761884588E+01   0.7837860168457790E-01   0.4889894131421195E+00   0.2631939521960083E-01   0.3611296799396063E-05   0.3870442329358984E-01   0.1593528117217543E-01
  0.5025000000000000E+01   0.2225613206854842E+01   0.8155462674648989E-01   0.4920992163217062E+00   0.2732882165421169E-01   0.3787487122044866E-05   0.3910748043880533E-01   0.1644244748813850E-01
  0.5074999999999999E+01   0.2235107688430173E+01   0.8497416907144793E-01   0.4952976400455316E+00   0.2841379762655831E-01   0.3977035996133395E-05   0.3952377407321555E-01   0.1698489089893917E-01
  0.5124999999999999E+01   0.2244879410915543E+01   0.8866553843050143E-01   0.4985841887766771E+00   0.2958310220224624E-01   0.4181496868826146E-05   0.3995346244472020E-01   0.1756676744776905E-01
  0.5175000000000000E+01   0.2254922406625997E+01   0.9265899971846332E-01   0.5019566865435456E+00   0.3084609581242305E-01   0.4402554588861482E-05   0.4039651024837288E-01   0.1819247124075618E-01
  0.5225000000000000E+01   0.2265224079995763E+01   0.9698546413866099E-01   0.5054108116149145E+00   0.3221229161846553E-01   0.4641967646370226E-05   0.4085262478844123E-01   0.1886639504769807E-01
  0.5274999999999999E+01   0.2275763948130197E+01   0.1016743623069920E+00   0.5089396969421647E+00   0.3369066454843523E-01   0.4901468701480745E-05   0.4132119628047087E-01   0.1959255286108714E-01
  0.5325000000000000E+01   0.2286512934602056E+01   0.1067506376688683E+00   0.5125337105573609E+00   0.3528868048485719E-01   0.5182618296343005E-05   0.4180125596212866E-01   0.2037405894013679E-01
  0.5375000000000000E+01   0.2297433609492640E+01   0.1122308762531802E+00   0.5161805392263130E+00   0.3701105288900824E-01   0.5486610129166849E-05   0.4229146711391661E-01   0.2121247084511691E-01
  0.5424999999999999E+01   0.2308481929081477E+01   0.1181185765323088E+00   0.5198657476530009E+00   0.3885822702258712E-01   0.5814025283289462E-05   0.4279017042817999E-01   0.2210699499062620E-01
  0.5475000000000001E+01   0.2319611588500959E+01   0.1243988274954285E+00   0.5235741669652243E+00   0.4082467076191505E-01   0.6164544710075031E-05   0.4329552992425181E-01   0.2305358502948376E-01
  0.5525000000000000E+01   0.2330782534493477E+01   0.1310340692277157E+00   0.5272926143939134E+00   0.4289749979564816E-01   0.6536698523197531E-05   0.4380585181480096E-01   0.2404419635212463E-01
  0.5574999999999999E+01   0.2341973517312352E+01   0.1379648664891737E+00   0.5310139200641739E+00   0.4505669892387090E-01   0.6927849331926103E-05   0.4432009373377061E-01   0.2506686380671742E-01
  0.5625000000000000E+01   0.2353193934420722E+01   0.1451192783306584E+00   0.5347407448641641E+00   0.4727810831121920E-01   0.7334606353425923E-05   0.4483839170251605E-01   0.2610725121255303E-01
  0.5675000000000000E+01   0.2364487388752982E+01   0.1524281055382657E+00   0.5384867351380009E+00   0.4953832296922374E-01   0.7753563685206725E-05   0.4536228249332195E-01   0.2715125701859647E-01
  0.5725000000000000E+01   0.2375925608170645E+01   0.1598361033604969E+00   0.5422745361515675E+00   0.5181830459294731E-01   0.8181875802451737E-05   0.4589451361222888E-01   0.2818695496791745E-01
  0.5775000000000000E+01   0.2387603111224101E+01   0.1673032946623234E+00   0.5461339938719332E+00   0.5410375016829918E-01   0.8617346376032105E-05   0.4643883766386472E-01   0.2920471937499107E-01
  0.5825000000000000E+01   0.2399643219608049E+01   0.1748062097270540E+00   0.5501040363122682E+00   0.5638531531822917E-01   0.9058496803674099E-05   0.4700029037796668E-01   0.3019708007329148E-01
  0.5875000000000000E+01   0.2412207794362898E+01   0.1823555911864400E+00   0.5542359109274464E+00   0.5866406441401306E-01   0.9505483494771439E-05   0.4758574345423309E-01   0.3116124248738521E-01
  0.5925000000000000E+01   0.2425487778946745E+01   0.1900293297117059E+00   0.5585904319634030E+00   0.6096191976243570E-01   0.9961877155771413E-05   0.4820377720413895E-01   0.3210441822373595E-01
  0.5975000000000000E+01   0.2439664057722641E+01   0.1979951658065251E+00   0.5632257114609807E+00   0.6332903954780789E-01   0.1043602242017639E-04   0.4886326343762864E-01   0.3304786940509132E-01
  0.6024999999999999E+01   0.2454857972218559E+01   0.2064995008544882E+00   0.5681814102500040E+00   0.6584043768940211E-01   0.1094067085837828E-04   0.4957128717868015E-01   0.3402546244303650E-01
  0.6075000000000000E+01   0.2471102018301349E+01   0.2158270309486151E+00   0.5734693100624637E+00   0.6858317145697847E-01   0.1149100566246747E-04   0.5033169689872816E-01   0.3507713463248473E-01
  0.6125000000000000E+01   0.2488342045061599E+01   0.2262570352520538E+00   0.5790739901880291E+00   0.7164231589461877E-01   0.1210235537998275E-04   0.5114493380292604E-01   0.3624149356586777E-01
  0.6175000000000000E+01   0.2506458772297927E+01   0.2380359539617747E+00   0.5849598093774593E+00   0.7509211039719377E-01   0.1278867245113411E-04   0.5200877579396169E-01   0.3755104561568274E-01
  0.6225000000000001E+01   0.2525291951863232E+01   0.2513676926101523E+00   0.5910788232409490E+00   0.7899284716081154E-01   0.1356192428915842E-04   0.5291931317902260E-01   0.3903052215903443E-01
  0.6274999999999999E+01   0.2544660128502726E+01   0.2664142795397213E+00   0.5973772921530520E+00   0.8339115650649770E-01   0.1443204649379147E-04   0.5387180806821813E-01   0.4069710061009387E-01
  0.6324999999999999E+01   0.2564376596219322E+01   0.2833027444304599E+00   0.6038009300660734E+00   0.8832229085276450E-01   0.1540724707675943E-04   0.5486143576198728E-01   0.4256167313138187E-01
  0.6375000000000000E+01   0.2584261082448343E+01   0.3021395561614729E+00   0.6102988199091179E+00   0.9381474805357091E-01   0.1649474089786186E-04   0.5588391768381407E-01   0.4463120070409195E-01
  0.6425000000000000E+01   0.2604140837470082E+01   0.3230336312786897E+00   0.6168241596777333E+00   0.9989757678505899E-01   0.1770199761753706E-04   0.5693582761241379E-01   0.4691233107768506E-01
  0.6475000000000000E+01   0.2623831441256321E+01   0.3461213733583597E+00   0.6233289305411187E+00   0.1066085150231949E+00   0.1903819886795396E-04   0.5801415420274452E-01   0.4941561562088577E-01
  0.6525000000000000E+01   0.2643092783213032E+01   0.3715766268902218E+00   0.6297509998390720E+00   0.1139979748215871E+00   0.2051501526423373E-04   0.5911478451334912E-01   0.5215836267595299E-01
  0.6574999999999999E+01   0.2661570881999364E+01   0.3995831651810959E+00   0.6359965544882384E+00   0.1221222514451110E+00   0.2214546234687623E-04   0.6023005468000890E-01   0.5516341546602400E-01
  0.6624999999999999E+01   0.2678755574366836E+01   0.4302556944868504E+00   0.6419263802480053E+00   0.1310216157261150E+00   0.2393993823723128E-04   0.6134625128434156E-01   0.5845189254611712E-01
  0.6675000000000000E+01   0.2693996155716607E+01   0.4635191968320050E+00   0.6473580669231704E+00   0.1406856244974526E+00   0.2589972692221164E-04   0.6244256617866805E-01   0.6203029069863412E-01
  0.6725000000000001E+01   0.2706611263719267E+01   0.4989897693179160E+00   0.6520948775409543E+00   0.1510172860231347E+00   0.2801000214771997E-04   0.6349315449310308E-01   0.6587553862344703E-01
  0.6774999999999999E+01   0.2716097634180866E+01   0.5359321116598441E+00   0.6559837928565480E+00   0.1618168347938264E+00   0.3023619891437282E-04   0.6447336223894490E-01   0.6992477445217295E-01
  0.6824999999999999E+01   0.2722379192815414E+01   0.5733783789357642E+00   0.6589883562992280E+00   0.1728096453355533E+00   0.3252855916551672E-04   0.6536950006437163E-01   0.7407882930028441E-01
  0.6875000000000000E+01   0.2725959916351227E+01   0.6104428361645761E+00   0.6612396099548501E+00   0.1837311223819082E+00   0.3483771186305402E-04   0.6618859364233841E-01   0.7822682113631806E-01
  0.6924999999999999E+01   0.2727819387594158E+01   0.6467381384892292E+00   0.6630180604376801E+00   0.1944471181266119E+00   0.3713774081372207E-04   0.6696182240455911E-01   0.8228986084928189E-01
  0.6975000000000001E+01   0.2729000185107799E+01   0.6826658547747415E+00   0.6646456178849545E+00   0.2050484041288364E+00   0.3944525770893918E-04   0.6773632455167844E-01   0.8626625880728650E-01
  0.7024999999999999E+01   0.2730045015556108E+01   0.7193637293482106E+00   0.6663246124414108E+00   0.2158534189488556E+00   0.4182148529652906E-04   0.6855637775882653E-01   0.9025180353020482E-01
  0.7075000000000000E+01   0.2730564481318971E+01   0.7582835776661154E+00   0.6680021306985413E+00   0.2273029403591213E+00   0.4435327469427280E-04   0.6944215884456609E-01   0.9441984917590868E-01
  0.7125000000000000E+01   0.2729133707521525E+01   0.8005769691549562E+00   0.6693212716728065E+00   0.2397911602578178E+00   0.4712075387753344E-04   0.7037540578615908E-01   0.9896991452110847E-01
  0.7174999999999999E+01   0.2723538444509257E+01   0.8465092814080027E+00   0.6696702194900890E+00   0.2534959513341873E+00   0.5016341853955174E-04   0.7129605524348494E-01   0.1040674138852027E+00
  0.7225000000000000E+01   0.2711295754333051E+01   0.8950450489635828E+00   0.6683085496386352E+00   0.2682492543592894E+00   0.5345281323356273E-04   0.7210878334551166E-01   0.1097914331713396E+00
  0.7274999999999999E+01   0.2690376730905586E+01   0.9436992873781557E+00   0.6645515039084577E+00   0.2834695367377634E+00   0.5687659435466133E-04   0.7269775615418889E-01   0.1160948039805926E+00
  0.7325000000000000E+01   0.2660036035165791E+01   0.9887795968809112E+00   0.6579959086597267E+00   0.2981851739550463E+00   0.6024040284244305E-04   0.7294988415722793E-01   0.1227767362453234E+00
  0.7374999999999999E+01   0.2621519077358506E+01   0.1026143473311961E+01   0.6487443434591225E+00   0.3111893840251413E+00   0.6329668854661682E-04   0.7278658124478923E-01   0.1294763907150011E+00
  0.7424999999999999E+01   0.2578259047679460E+01   0.1052409649580962E+01   0.6375342071213093E+00   0.3213397451498242E+00   0.6580442448220435E-04   0.7219833158372885E-01   0.1357074891460264E+00
  0.7475000000000001E+01   0.2535239590636461E+01   0.1066202548439569E+01   0.6256619716307577E+00   0.3279287352001056E+00   0.6760594118549727E-04   0.7126763122195032E-01   0.1409532601205480E+00
  0.7525000000000000E+01   0.2497628013853215E+01   0.1068785702200221E+01   0.6146711917611722E+00   0.3309607886898827E+00   0.6868742560336993E-04   0.7016309776865065E-01   0.1448131088044436E+00
  0.7575000000000000E+01   0.2469298153202643E+01   0.1063699216075026E+01   0.6059199166495213E+00   0.3311806538567171E+00   0.6918975435137793E-04   0.6909928607653650E-01   0.1471455929728308E+00
  0.7625000000000001E+01   0.2451947282234475E+01   0.1055628469727237E+01   0.6002309994862267E+00   0.3298362767832142E+00   0.6936373330756702E-04   0.6827797454722204E-01   0.1481293391981152E+00
  0.7675000000000000E+01   0.2445069783414981E+01   0.1049134727832983E+01   0.5977669082407333E+00   0.3283128228598007E+00   0.6949609811763214E-04   0.6783871422480982E-01   0.1482027587398472E+00
  0.7725000000000000E+01   0.2446539031954428E+01   0.1047766051742709E+01   0.5981236781826975E+00   0.3278113158720523E+00   0.6984199262292934E-04   0.6783786469688717E-01   0.1479192115128796E+00
  0.7775000000000000E+01   0.2453377539035224E+01   0.1053687945484270E+01   0.6005399278534183E+00   0.3291664041450796E+00   0.7058462198486033E-04   0.6825613625379122E-01   0.1477964236920015E+00
  0.7824999999999999E+01   0.2462431966818712E+01   0.1067704257749500E+01   0.6041161881764461E+00   0.3328014097791951E+00   0.7182302554625267E-04   0.6902218051808852E-01   0.1482188984515598E+00
  0.7874999999999999E+01   0.2470863510179275E+01   0.1089491631997011E+01   0.6079899258408319E+00   0.3387743960607545E+00   0.7357924623202059E-04   0.7003951102141673E-01   0.1494059175591466E+00
  0.7925000000000000E+01   0.2476460223484854E+01   0.1117939028492505E+01   0.6114530951408903E+00   0.3468729657299653E+00   0.7581653228631998E-04   0.7120967773960117E-01   0.1514280241008153E+00
  0.7974999999999999E+01   0.2477777199407853E+01   0.1151540378819243E+01   0.6140121142165171E+00   0.3567322601473255E+00   0.7846342641888231E-04   0.7244910893294315E-01   0.1542498068531205E+00
  0.8024999999999999E+01   0.2474088488377827E+01   0.1188782585734560E+01   0.6153884493695019E+00   0.3679556413191361E+00   0.8143942507205769E-04   0.7369842781475978E-01   0.1577823771127325E+00
  0.8074999999999999E+01   0.2465158403799106E+01   0.1228433147812658E+01   0.6154624123744667E+00   0.3802109966789824E+00   0.8467620719219417E-04   0.7492327791764891E-01   0.1619330886895975E+00
  0.8125000000000000E+01   0.2450914103527684E+01   0.1269631041414688E+01   0.6141805004668748E+00   0.3932741849648996E+00   0.8812781480882771E-04   0.7610708102678190E-01   0.1666413640378978E+00
  0.8174999999999999E+01   0.2431163416448335E+01   0.1311758484479675E+01   0.6114648630718504E+00   0.4070080938591299E+00   0.9176667569679764E-04   0.7723888876842448E-01   0.1718926460255396E+00
  0.8225000000000000E+01   0.2405484769281585E+01   0.1354179369430403E+01   0.6071633815807309E+00   0.4212948680110218E+00   0.9556882967515185E-04   0.7830152837118434E-01   0.1777101259519746E+00
  0.8275000000000000E+01   0.2373320984975709E+01   0.1395991482513914E+01   0.6010564206923614E+00   0.4359594903939208E+00   0.9949662078009250E-04   0.7926462860000419E-01   0.1841326468275642E+00
  0.8325000000000001E+01   0.2334202516998423E+01   0.1435912060429149E+01   0.5929066754902248E+00   0.4507207115530606E+00   0.1034870363206559E-03   0.8008407800137554E-01   0.1911912291448496E+00
  0.8375000000000000E+01   0.2287976463257985E+01   0.1472326152734010E+01   0.5825209077165616E+00   0.4651837917447950E+00   0.1074492979676815E-03   0.8070605375067594E-01   0.1988936335851134E+00
  0.8424999999999999E+01   0.2234947915192218E+01   0.1503437112302990E+01   0.5697957145294823E+00   0.4788639370039363E+00   0.1112695248772845E-03   0.8107197416115884E-01   0.2072187138719101E+00
  0.8475000000000000E+01   0.2175922539323274E+01   0.1527424791758049E+01   0.5547396330595029E+00   0.4912156219856239E+00   0.1148169667017190E-03   0.8112143491749363E-01   0.2161144744586778E+00
  0.8524999999999999E+01   0.2112213122815660E+01   0.1542560464145215E+01   0.5374868503600569E+00   0.5016499698140409E+00   0.1179476711872691E-03   0.8079298050462060E-01   0.2254896442144992E+00
  0.8574999999999999E+01   0.2045677147688325E+01   0.1547314147251042E+01   0.5183261542683313E+00   0.5095460362390583E+00   0.1205068539511826E-03   0.8002588199256708E-01   0.2351907245850342E+00
  0.8625000000000000E+01   0.1978774192060168E+01   0.1540542720982119E+01   0.4977526514067718E+00   0.5142847584129315E+00   0.1223367530259963E-03   0.7876768598242229E-01   0.2449653388492151E+00
  0.8674999999999999E+01   0.1914532482122481E+01   0.1521801970624189E+01   0.4765170787410775E+00   0.5153350382921823E+00   0.1232972378419471E-03   0.7699035519424247E-01   0.2544259499927046E+00
  0.8725000000000000E+01   0.1856293218872619E+01   0.1491697313141919E+01   0.4556229425869582E+00   0.5123913856739742E+00   0.1232995375397748E-03   0.7471236589586698E-01   0.2630402321570931E+00
  0.8775000000000000E+01   0.1807209985401586E+01   0.1452080117018723E+01   0.4362305512316869E+00   0.5055177651573570E+00   0.1223426095813614E-03   0.7201777550570690E-01   0.2701773314288897E+00
  0.8824999999999999E+01   0.1769652514491534E+01   0.1405921448229343E+01   0.4194724529196845E+00   0.4952267461540137E+00   0.1205349517352364E-03   0.6906050268403287E-01   0.2752237609143891E+00
  0.8875000000000000E+01   0.1744756473567556E+01   0.1356857592617230E+01   0.4062385736337746E+00   0.4824421751961539E+00   0.1180885584152129E-03   0.6604644940298071E-01   0.2777464847889653E+00
  0.8925000000000001E+01   0.1732291016049853E+01   0.1308576959524929E+01   0.3970116167259725E+00   0.4683486321293812E+00   0.1152846998576719E-03   0.6319659828095667E-01   0.2776405293101442E+00
  0.8975000000000000E+01   0.1730846631573200E+01   0.1264272478814469E+01   0.3918079290026009E+00   0.4541835308125000E+00   0.1124242584679865E-03   0.6070430948916986E-01   0.2751879241773802E+00
  0.9024999999999999E+01   0.1738212237193903E+01   0.1226302544260903E+01   0.3902273047155251E+00   0.4410438998361618E+00   0.1097799990039750E-03   0.5870249025879410E-01   0.2709941267607929E+00
  0.9074999999999999E+01   0.1751785296858808E+01   0.1196077514389804E+01   0.3915734206571175E+00   0.4297572433601823E+00   0.1075632785774893E-03   0.5724983310069880E-01   0.2658332154393893E+00
  0.9125000000000000E+01   0.1768914897788758E+01   0.1174106563542045E+01   0.3949950821260582E+00   0.4208282088538386E+00   0.1059087662894434E-03   0.5633552938616729E-01   0.2604734613054594E+00
  0.9175000000000001E+01   0.1787149414847084E+01   0.1160124642871871E+01   0.3996121303936544E+00   0.4144450514820754E+00   0.1048738529233301E-03   0.5589544232849837E-01   0.2555457578598873E+00
  0.9225000000000000E+01   0.1804404838457712E+01   0.1153245803478079E+01   0.4046112010722149E+00   0.4105213608569206E+00   0.1044470857685243E-03   0.5583191408845976E-01   0.2514790329831973E+00
  0.9274999999999999E+01   0.1819079782989862E+01   0.1152123170401613E+01   0.4093117085965947E+00   0.4087538489085951E+00   0.1045610571967069E-03   0.5603206322484554E-01   0.2484931121324607E+00
  0.9325000000000001E+01   0.1830131288775106E+01   0.1155116637951787E+01   0.4132075692829305E+00   0.4086861205172781E+00   0.1051073100421361E-03   0.5638251856260099E-01   0.2466261306628781E+00
  0.9375000000000000E+01   0.1837108933398387E+01   0.1160471272447850E+01   0.4159886444637135E+00   0.4097742156990824E+00   0.1059522286774531E-03   0.5678038760496090E-01   0.2457759733799011E+00
  0.9424999999999999E+01   0.1840137137994731E+01   0.1166498090457819E+01   0.4175432118832789E+00   0.4114506283403052E+00   0.1069530763771854E-03   0.5714083686574244E-01   0.2457429353978349E+00
  0.9475000000000001E+01   0.1839842281983041E+01   0.1171736603266563E+01   0.4179427288964510E+00   0.4131819217333609E+00   0.1079728890854542E-03   0.5740167473020173E-01   0.2462673349285299E+00
  0.9525000000000000E+01   0.1837236816616109E+01   0.1175077103404907E+01   0.4174128883720443E+00   0.4145147518570015E+00   0.1088928006152574E-03   0.5752540260198976E-01   0.2470598180969644E+00
  0.9574999999999999E+01   0.1833584152438853E+01   0.1175832906946808E+01   0.4162975694674085E+00   0.4151080014170234E+00   0.1096210807953635E-03   0.5749947176063294E-01   0.2478247839294564E+00
  0.9625000000000000E+01   0.1830265920965146E+01   0.1173769514540123E+01   0.4150216069912653E+00   0.4147532125095559E+00   0.1100993332763169E-03   0.5733562918411524E-01   0.2482797772640911E+00
  0.9674999999999999E+01   0.1828659598542182E+01   0.1169105569163667E+01   0.4140541376493594E+00   0.4133878392757719E+00   0.1103069465082198E-03   0.5706887703293144E-01   0.2481753919133112E+00
  0.9725000000000000E+01   0.1830021927549124E+01   0.1162494347597780E+01   0.4138699329462432E+00   0.4111037092271128E+00   0.1102643692623341E-03   0.5675573551923226E-01   0.2473195760624283E+00
  0.9775000000000000E+01   0.1835373014857290E+01   0.1154982016370196E+01   0.4149056050748505E+00   0.4081480814789395E+00   0.1100344603292254E-03   0.5647074531577582E-01   0.2456061598539379E+00
  0.9824999999999999E+01   0.1845386734485039E+01   0.1147933082150792E+01   0.4175118618225633E+00   0.4049112790755905E+00   0.1097202089078713E-03   0.5630017740189183E-01   0.2430412558740076E+00
  0.9874999999999998E+01   0.1860303960263308E+01   0.1142920573983077E+01   0.4219088610777917E+00   0.4018965649868571E+00   0.1094575166849374E-03   0.5633295707780021E-01   0.2397568681433861E+00
  0.9924999999999999E+01   0.1879885298658421E+01   0.1141592619098886E+01   0.4281542981407411E+00   0.3996741180505081E+00   0.1094033783231678E-03   0.5665027171465984E-01   0.2360026549008562E+00
  0.9975000000000000E+01   0.1903408324805732E+01   0.1145536306540197E+01   0.4361307535705210E+00   0.3988273016548648E+00   0.1097215607989860E-03   0.5731620086467541E-01   0.2321146933744158E+00
  0.1002500000000000E+02   0.1929699543458940E+01   0.1156156751434946E+01   0.4455520474746850E+00   0.3999014609867216E+00   0.1105685372889022E-03   0.5837135144678616E-01   0.2284696655429141E+00
  0.1007500000000000E+02   0.1957183732277604E+01   0.1174576361803506E+01   0.4559824004783879E+00   0.4033621427764438E+00   0.1120816156191567E-03   0.5983016259242456E-01   0.2254379600899725E+00
  0.1012500000000000E+02   0.1983937555943333E+01   0.1201544891195710E+01   0.4668605152568703E+00   0.4095634447510165E+00   0.1143695497207558E-03   0.6168113458033043E-01   0.2233471740902357E+00
  0.1017500000000000E+02   0.2007748149021261E+01   0.1237343096390731E+01   0.4775236700124579E+00   0.4187219201639923E+00   0.1175044481094636E-03   0.6388849215293084E-01   0.2224608769782191E+00
  0.1022500000000000E+02   0.2026194990054548E+01   0.1281666389837888E+01   0.4872326338225652E+00   0.4308896808375164E+00   0.1215132404279416E-03   0.6639392366134329E-01   0.2229708276254458E+00
  0.1027500000000000E+02   0.2036787961203117E+01   0.1333491493474188E+01   0.4952040669328064E+00   0.4459229087738010E+00   0.1263676203024523E-03   0.6911780102848414E-01   0.2249971184676408E+00
  0.1032500000000000E+02   0.2037197540227418E+01   0.1390958006169900E+01   0.5006605626287404E+00   0.4634485775161999E+00   0.1319732178667885E-03   0.7196030650104578E-01   0.2285903336742858E+00
  0.1037500000000000E+02   0.2025593697367611E+01   0.1451331726830308E+01   0.5029070471810670E+00   0.4828414803006293E+00   0.1381614461490743E-03   0.7480384144443988E-01   0.2337316360380978E+00
  0.1042500000000000E+02   0.2001059375682314E+01   0.1511139872199614E+01   0.5014333914132338E+00   0.5032324047280060E+00   0.1446901126825278E-03   0.7751864393060022E-01   0.2403295455984791E+00
  0.1047500000000000E+02   0.1963969314437382E+01   0.1566550123917167E+01   0.4960264695575280E+00   0.5235703230506669E+00   0.1512597038888421E-03   0.7997328219701708E-01   0.2482153206909820E+00
  0.1052500000000000E+02   0.1916163963062509E+01   0.1613980963161207E+01   0.4868560930936654E+00   0.5427495541290199E+00   0.1575490439648411E-03   0.8205023109332996E-01   0.2571417817939520E+00
  0.1057500000000000E+02   0.1860764308074242E+01   0.1650796980330453E+01   0.4744910769370125E+00   0.5597853409054477E+00   0.1632661267018735E-03   0.8366414638111315E-01   0.2667922601239949E+00
  0.1062500000000000E+02   0.1801602543854294E+01   0.1675839776553815E+01   0.4598173024737644E+00   0.5739895580474300E+00   0.1682004381774496E-03   0.8477773688066782E-01   0.2768056588023841E+00
  0.1067500000000000E+02   0.1742432433203310E+01   0.1689569433983047E+01   0.4438684305010223E+00   0.5850842771722513E+00   0.1722584375012834E-03   0.8540909993793162E-01   0.2868190441530682E+00
  0.1072500000000000E+02   0.1686203516538983E+01   0.1693757890152866E+01   0.4276209435425748E+00   0.5932099475753995E+00   0.1754688049450680E-03   0.8562642682994152E-01   0.2965211492470308E+00
  0.1077500000000000E+02   0.1634643731449040E+01   0.1690877905383092E+01   0.4118213071030987E+00   0.5988285829361036E+00   0.1779565562183374E-03   0.8553062407697154E-01   0.3057021710990854E+00
  0.1082500000000000E+02   0.1588232415112729E+01   0.1683434981871798E+01   0.3968947458732164E+00   0.6025632879088045E+00   0.1798973497644372E-03   0.8523117587253626E-01   0.3142826920032804E+00
  0.1087500000000000E+02   0.1546481509859524E+01   0.1673452893367819E+01   0.3829476604244615E+00   0.6050311740844169E+00   0.1814684835571985E-03   0.8482280409576909E-01   0.3223106494069859E+00
  0.1092500000000000E+02   0.1508365326350308E+01   0.1662210041023812E+01   0.3698427604416579E+00   0.6067156351900894E+00   0.1828103688337873E-03   0.8436927038295071E-01   0.3299274216085450E+00
  0.1097500000000000E+02   0.1472749924398120E+01   0.1650218771263163E+01   0.3573107574249628E+00   0.6079001298103222E+00   0.1840055647721382E-03   0.8389727300141879E-01   0.3373153052973147E+00
  0.1102500000000000E+02   0.1438724710352782E+01   0.1637382361196365E+01   0.3450635798648576E+00   0.6086635552799956E+00   0.1850759932805584E-03   0.8339988669896466E-01   0.3446431627228018E+00
  0.1107500000000000E+02   0.1405790964119539E+01   0.1623247775473866E+01   0.3328835581378466E+00   0.6089233247582718E+00   0.1859946863736374E-03   0.8284672876501015E-01   0.3520242586282771E+00
  0.1112500000000000E+02   0.1373901560233327E+01   0.1607276119198367E+01   0.3206744072444521E+00   0.6085058173240069E+00   0.1867062887622224E-03   0.8219720327258354E-01   0.3594938408523922E+00
  0.1117500000000000E+02   0.1343376046729017E+01   0.1589065543037236E+01   0.3084705635377176E+00   0.6072225036308316E+00   0.1871498925914893E-03   0.8141333136138601E-01   0.3670076591359128E+00
  0.1122500000000000E+02   0.1314738079386900E+01   0.1568482262620898E+01   0.2964109724896680E+00   0.6049325005359742E+00   0.1872783006503075E-03   0.8046938293468954E-01   0.3744580510215242E+00
  0.1127500000000000E+02   0.1288534165065627E+01   0.1545684447406789E+01   0.2846908872483827E+00   0.6015783496049452E+00   0.1870694807347990E-03   0.7935659402728520E-01   0.3817013078577917E+00
  0.1132500000000000E+02   0.1265188367080916E+01   0.1521055074882204E+01   0.2735089177619943E+00   0.5971905864449053E+00   0.1865285680629586E-03   0.7808258681969377E-01   0.3885882872149722E+00
  0.1137500000000000E+02   0.1244927613370610E+01   0.1495083037933987E+01   0.2630252568389502E+00   0.5918658513907402E+00   0.1856816048242849E-03   0.7666648759206113E-01   0.3949898040321474E+00
  0.1142500000000000E+02   0.1227784792945425E+01   0.1468239196006733E+01   0.2533413032813132E+00   0.5857299971535310E+00   0.1845643711383622E-03   0.7513180138770227E-01   0.4008098047952184E+00
  0.1147500000000000E+02   0.1213662785793789E+01   0.1440885810470950E+01   0.2445031285061661E+00   0.5789000354705862E+00   0.1832105433328659E-03   0.7349952434871711E-01   0.4059829040426949E+00
  0.1152500000000000E+02   0.1202428954295367E+01   0.1413240424530926E+01   0.2365241258360551E+00   0.5714568745576990E+00   0.1816429673266519E-03   0.7178365748285614E-01   0.4104577380753150E+00
  0.1157500000000000E+02   0.1194007358719261E+01   0.1385396470615390E+01   0.2294175803992600E+00   0.5634360906753404E+00   0.1798704636251217E-03   0.6999040163992136E-01   0.4141722020471598E+00
  0.1162500000000000E+02   0.1188442124953497E+01   0.1357387792480575E+01   0.2232283600917861E+00   0.5548382610989832E+00   0.1778908276870225E-03   0.6812118406233234E-01   0.4170295044436882E+00
  0.1167500000000000E+02   0.1185916421699972E+01   0.1329274898215014E+01   0.2180541461160224E+00   0.5456550935989333E+00   0.1756990022061895E-03   0.6617860057848583E-01   0.4188843726620626E+00
  0.1172500000000000E+02   0.1186724546716383E+01   0.1301227677789865E+01   0.2140499577537078E+00   0.5359036790370051E+00   0.1732980924051198E-03   0.6417357162893614E-01   0.4195466908342039E+00
  0.1177500000000000E+02   0.1191207062037448E+01   0.1273582625692053E+01   0.2114143901425940E+00   0.5256593598587440E+00   0.1707102152404080E-03   0.6213164804393381E-01   0.4188056833613203E+00
  0.1182500000000000E+02   0.1199667799937660E+01   0.1246861506272056E+01   0.2103609166389691E+00   0.5150783907226799E+00   0.1679842914364989E-03   0.6009656297919375E-01   0.4164719865594976E+00
  0.1187500000000000E+02   0.1212294266041764E+01   0.1221750324831000E+01   0.2110814774499299E+00   0.5044046777940714E+00   0.1651988105778954E-03   0.5812983034788648E-01   0.4124286665876119E+00
  0.1192500000000000E+02   0.1229098785533601E+01   0.1199048373648620E+01   0.2137111659871398E+00   0.4939595215280919E+00   0.1624590619553174E-03   0.5630629444540788E-01   0.4066775326776583E+00
  0.1197500000000000E+02   0.1249888748221708E+01   0.1179603246318797E+01   0.2183016388120016E+00   0.4841178936068161E+00   0.1598898331726169E-03   0.5470669879520033E-01   0.3993665425055270E+00
  0.1202500000000000E+02   0.1274264446843997E+01   0.1164247548751015E+01   0.2248074968743152E+00   0.4752777688421044E+00   0.1576256091523832E-03   0.5340913225289059E-01   0.3907890908474262E+00
  0.1207500000000000E+02   0.1301635949856327E+01   0.1153747891169915E+01   0.2330857380695914E+00   0.4678295497019209E+00   0.1558005482399904E-03   0.5248132523013455E-01   0.3813550519496049E+00
  0.1212500000000000E+02   0.1331247930521913E+01   0.1148769582315026E+01   0.2429050173169549E+00   0.4621308814067153E+00   0.1545400079729877E-03   0.5197521634139662E-01   0.3715425238802963E+00
  0.1217500000000000E+02   0.1362202946321086E+01   0.1149854078787677E+01   0.2539598432459613E+00   0.4584891952405749E+00   0.1539544575004022E-03   0.5192429585593882E-01   0.3618440723771776E+00
  0.1222500000000000E+02   0.1393477704798199E+01   0.1157402205973819E+01   0.2658850965286119E+00   0.4571513675086777E+00   0.1541356447154812E-03   0.5234336579855469E-01   0.3527202784732031E+00
  0.1227500000000000E+02   0.1423931754623709E+01   0.1171654689169139E+01   0.2782678266277341E+00   0.4582978092549442E+00   0.1551541778359170E-03   0.5322982570789199E-01   0.3445682063044281E+00
  0.1232500000000000E+02   0.1452312855892085E+01   0.1192662190549426E+01   0.2906554256837925E+00   0.4620374140206907E+00   0.1570573497506579E-03   0.5456546776897155E-01   0.3377062434739282E+00
  0.1237500000000000E+02   0.1477267691449414E+01   0.1220239496074779E+01   0.3025614143605164E+00   0.4683999858363098E+00   0.1598660605618515E-03   0.5631794786750021E-01   0.3323722060783535E+00
  0.1242500000000000E+02   0.1497370401963249E+01   0.1253902887380270E+01   0.3134719042920326E+00   0.4773238328444222E+00   0.1635700208276064E-03   0.5844144147892245E-01   0.3287295477022537E+00
  0.1247500000000000E+02   0.1511183955836090E+01   0.1292796659524109E+01   0.3228571680266565E+00   0.4886380369592774E+00   0.1681210203890728E-03   0.6087638441122874E-01   0.3268765132953276E+00
  0.1252500000000000E+02   0.1517368774374688E+01   0.1335624628665374E+01   0.3301933931537704E+00   0.5020415210072299E+00   0.1734249442203493E-03   0.6354859073427920E-01   0.3268541844806133E+00
  0.1257500000000000E+02   0.1514846260496687E+01   0.1380614322764182E+01   0.3349990686125373E+00   0.5170843767700348E+00   0.1793343992027361E-03   0.6636842335231392E-01   0.3286507840706430E+00
  0.1262500000000000E+02   0.1503008721419629E+01   0.1425551328568717E+01   0.3368877250579443E+00   0.5331604523883747E+00   0.1856451068877000E-03   0.6923104260382711E-01   0.3322009606256949E+00
  0.1267500000000000E+02   0.1481941317239185E+01   0.1467921080157231E+01   0.3356332919739118E+00   0.5495224957996566E+00   0.1921001199862768E-03   0.7201898767072358E-01   0.3373800333143338E+00
  0.1272500000000000E+02   0.1452593066899201E+01   0.1505175810594624E+01   0.3312366385540100E+00   0.5653299221953305E+00   0.1984056137325076E-03   0.7460828474316886E-01   0.3439945154816179E+00
  0.1277500000000000E+02   0.1416818904483052E+01   0.1535101930757608E+01   0.3239745405831753E+00   0.5797324207161254E+00   0.2042596998727033E-03   0.7687872243884410E-01   0.3517718314653084E+00
  0.1282500000000000E+02   0.1377232711363991E+01   0.1556209675161530E+01   0.3144099206757078E+00   0.5919803444428959E+00   0.2093914060281091E-03   0.7872779424246701E-01   0.3603539646873580E+00
  0.1287500000000000E+02   0.1336868573009282E+01   0.1568031400674428E+01   0.3033488537697555E+00   0.6015394098591161E+00   0.2136020986850232E-03   0.8008627448035333E-01   0.3693013514940220E+00
  0.1292500000000000E+02   0.1298723141860431E+01   0.1571227265233685E+01   0.2917453353744788E+00   0.6081799648141110E+00   0.2167987896048784E-03   0.8093202867794375E-01   0.3781136126373089E+00
  0.1297500000000000E+02   0.1265303721333565E+01   0.1567461254937142E+01   0.2805728675526673E+00   0.6120156434099506E+00   0.2190100689255605E-03   0.8129820164723975E-01   0.3862713044142439E+00
  0.1302500000000000E+02   0.1238301601422737E+01   0.1559094217438097E+01   0.2706932862984186E+00   0.6134817246024027E+00   0.2203806978920278E-03   0.8127287353709467E-01   0.3932969408993050E+00
  0.1307500000000000E+02   0.1218452525128470E+01   0.1548796688820676E+01   0.2627522257242758E+00   0.6132623080241787E+00   0.2211475655842850E-03   0.8098948148659338E-01   0.3988251507563355E+00
  0.1312500000000000E+02   0.1205573197800538E+01   0.1539187393402063E+01   0.2571188976042085E+00   0.6121884717250752E+00   0.2216045389165400E-03   0.8060994645102375E-01   0.4026646316093786E+00
  0.1317500000000000E+02   0.1198713469250046E+01   0.1532564112304825E+01   0.2538724937553434E+00   0.6111323599239351E+00   0.2220649910965142E-03   0.8030441170203519E-01   0.4048333405153036E+00
  0.1322500000000000E+02   0.1196353170552804E+01   0.1530742812058238E+01   0.2528255169361142E+00   0.6109162015640427E+00   0.2228288997094440E-03   0.8023199921661957E-01   0.4055555411298832E+00
  0.1327500000000000E+02   0.1196590923843553E+01   0.1534983867552383E+01   0.2535690624739320E+00   0.6122454332604044E+00   0.2241580172287448E-03   0.8052596386457432E-01   0.4052222055808312E+00
  0.1332500000000000E+02   0.1197300955943641E+01   0.1545969444550594E+01   0.2555260301078885E+00   0.6156660266206299E+00   0.2262593833766171E-03   0.8128471529904703E-01   0.4043281763657725E+00
  0.1337500000000000E+02   0.1196258997059714E+01   0.1563799353582832E+01   0.2580029702840536E+00   0.6215404059140378E+00   0.2292753420639935E-03   0.8256829543383258E-01   0.4034045498305645E+00
  0.1342500000000000E+02   0.1191253955445079E+01   0.1587985831445873E+01   0.2602370818923780E+00   0.6300345602675592E+00   0.2332775039749316E-03   0.8439872165141742E-01   0.4029618049675689E+00
  0.1347500000000000E+02   0.1180207773504788E+01   0.1617444429862646E+01   0.2614397969470323E+00   0.6411104334020636E+00   0.2382625638647804E-03   0.8676232678783000E-01   0.4034516394840352E+00
  0.1352500000000000E+02   0.1161322583937257E+01   0.1650494811609926E+01   0.2608412525948132E+00   0.6545212603938859E+00   0.2441491541887254E-03   0.8961264438610402E-01   0.4052478608375000E+00
  0.1357500000000000E+02   0.1133262310174608E+01   0.1684898851531689E+01   0.2577401870824487E+00   0.6698119646793312E+00   0.2507765546937826E-03   0.9287314581548972E-01   0.4086418534330084E+00
  0.1362500000000000E+02   0.1095355686163472E+01   0.1717969740803680E+01   0.2515612227583561E+00   0.6863306842542591E+00   0.2579075873960412E-03   0.9643991678297413E-01   0.4138465415202876E+00
  0.1367500000000000E+02   0.1047782707223826E+01   0.1746778875985731E+01   0.2419164638299642E+00   0.7032594086879298E+00   0.2652388146923309E-03   0.1001849470205783E+00   0.4210033917889335E+00
  0.1372500000000000E+02   0.9916857571594336E+00   0.1768462615264901E+01   0.2286621525662225E+00   0.7196700132624879E+00   0.2724206046746134E-03   0.1039609609911906E+00   0.4301886035288352E+00
  0.1377500000000000E+02   0.9291438252230968E+00   0.1780591232087544E+01   0.2119363393976108E+00   0.7346059253296180E+00   0.2790873981201807E-03   0.1076085619943376E+00   0.4414163628060212E+00
  0.1382500000000000E+02   0.8629745540339764E+00   0.1781522272940278E+01   0.1921632629608854E+00   0.7471804946059343E+00   0.2848950202914242E-03   0.1109659054685445E+00   0.4546385213516957E+00
  0.1387500000000000E+02   0.7963817815970822E+00   0.1770643087852063E+01   0.1700162989926579E+00   0.7566745392250189E+00   0.2895584912360840E-03   0.1138803019048620E+00   0.4697412509606303E+00
  0.1392500000000000E+02   0.7325240019487481E+00   0.1748429614993788E+01   0.1463425859600456E+00   0.7626121703964713E+00   0.2928823010511791E-03   0.1162203530762498E+00   0.4865401869340073E+00
  0.1397500000000000E+02   0.6741109333804755E+00   0.1716305836723248E+01   0.1220640404206803E+00   0.7647985208044707E+00   0.2947766290616920E-03   0.1178867634543222E+00   0.5047763446672627E+00
  0.1402500000000000E+02   0.6231227321889516E+00   0.1676353024531348E+01   0.9807591263270021E-01   0.7633138133920976E+00   0.2952569872131211E-03   0.1188200389227035E+00   0.5241155968543475E+00
  0.1407500000000000E+02   0.5806975456010124E+00   0.1630957619023833E+01   0.7516259931644531E-01   0.7584702165331760E+00   0.2944293684950702E-03   0.1190038587183913E+00   0.5441545413716941E+00
  0.1412500000000000E+02   0.5471759367572616E+00   0.1582486534381837E+01   0.5394278803480557E-01   0.7507459381796997E+00   0.2924661714306259E-03   0.1184637592633122E+00   0.5644349296025376E+00
  0.1417500000000000E+02   0.5222518662419340E+00   0.1533048064595314E+01   0.3484650525461608E-01   0.7407127804998089E+00   0.2895790226628782E-03   0.1172616156142796E+00   0.5844673192348296E+00
  0.1422500000000000E+02   0.5051693831313402E+00   0.1484357001431112E+01   0.1811924864411329E-01   0.7289701100376570E+00   0.2859935171010408E-03   0.1154870366230270E+00   0.6037624034874935E+00
  0.1427500000000000E+02   0.4949155170671989E+00   0.1437692029631304E+01   0.3844801979315582E-02   0.7160927798782029E+00   0.2819289047020056E-03   0.1132471165082554E+00   0.6218660801214954E+00
  0.1432500000000000E+02   0.4903800901784751E+00   0.1393918689402605E+01  -0.8021910202270721E-02   0.7025955027327438E+00   0.2775838458462616E-03   0.1106560188443603E+00   0.6383925877058055E+00
  0.1437500000000000E+02   0.4904718131002170E+00   0.1353549706585967E+01  -0.1761891775953062E-01   0.6889127503855177E+00   0.2731280275557087E-03   0.1078256680936010E+00   0.6530497493189432E+00
  0.1442500000000000E+02   0.4941923803160188E+00   0.1316820261616509E+01  -0.2514303910542615E-01   0.6753915263671777E+00   0.2686987349025907E-03   0.1048584653160213E+00   0.6656518537898429E+00
  0.1447500000000000E+02   0.5006761835830144E+00   0.1283763512922485E+01  -0.3082028641325385E-01   0.6622938423729099E+00   0.2644012365527020E-03   0.1018425115109422E+00   0.6761185763512405E+00
  0.1452500000000000E+02   0.5092046393460459E+00   0.1254278388338243E+01  -0.3488222973927313E-01   0.6498058718778951E+00   0.2603118656799676E-03   0.9884939651679618E-01   0.6844616080611762E+00
  0.1457500000000000E+02   0.5192031288834367E+00   0.1228186278375308E+01  -0.3754874762175120E-01   0.6380511612096815E+00   0.2564828076282042E-03   0.9593426272007774E-01   0.6907632204512766E+00
  0.1462500000000000E+02   0.5302267496166523E+00   0.1205275927518164E+01  -0.3901698414351684E-01   0.6271057384109713E+00   0.2529477623691521E-03   0.9313762295163208E-01   0.6951521213496735E+00
  0.1467500000000000E+02   0.5419393445751145E+00   0.1185337082351842E+01  -0.3945595116161971E-01   0.6170133914136015E+00   0.2497278004976269E-03   0.9048830937736435E-01   0.6977815713889981E+00
  0.1472500000000000E+02   0.5540889573640611E+00   0.1168183904265399E+01  -0.3900597213115953E-01   0.6077997731453316E+00   0.2468368692375684E-03   0.8800693575486575E-01   0.6988132570047433E+00
  0.1477500000000000E+02   0.5664819824144551E+00   0.1153669232685267E+01  -0.3778201163562878E-01   0.5994843406774878E+00   0.2442865325374283E-03   0.8570933592271131E-01   0.6984084907898039E+00
  0.1482500000000000E+02   0.5789577335516214E+00   0.1141690757703451E+01  -0.3587985060608723E-01   0.5920894602302250E+00   0.2420896511445198E-03   0.8360956315248413E-01   0.6967264923966278E+00
  0.1487500000000000E+02   0.5913647968974405E+00   0.1132190143838824E+01  -0.3338404555530816E-01   0.5856463151848409E+00   0.2402628264400290E-03   0.8172217178376290E-01   0.6939281387315599E+00
  0.1492500000000000E+02   0.6035402582622202E+00   0.1125146154542943E+01  -0.3037665125850320E-01   0.5801975354674078E+00   0.2388275435702862E-03   0.8006363684410650E-01   0.6901827998279809E+00
  0.1497500000000000E+02   0.6152926494631671E+00   0.1120562828135157E+01  -0.2694578747013987E-01   0.5757967098368477E+00   0.2378100489405667E-03   0.7865288765119861E-01   0.6856756951628822E+00
  0.1502500000000000E+02   0.6263892459791145E+00   0.1118453717335194E+01  -0.2319327918286573E-01   0.5725051299808660E+00   0.2372400765639877E-03   0.7751102922184312E-01   0.6806135315394141E+00
  0.1507500000000000E+02   0.6365482064619596E+00   0.1118823123604063E+01  -0.1924077266409041E-01   0.5703862336545044E+00   0.2371485908056167E-03   0.7666039399586613E-01   0.6752268812523200E+00
  0.1512500000000000E+02   0.6454360117274563E+00   0.1121645173661911E+01  -0.1523389408972908E-01   0.5694982630546143E+00   0.2375647386393587E-03   0.7612310203262300E-01   0.6697686485010239E+00
  0.1517500000000000E+02   0.6526707479501324E+00   0.1126841575577419E+01  -0.1134414267278883E-01   0.5698856519313946E+00   0.2385122091031026E-03   0.7591931129692003E-01   0.6645088505806368E+00
  0.1522500000000000E+02   0.6578319450878487E+00   0.1134259050283668E+01  -0.7768276161078558E-02   0.5715696359189396E+00   0.2400051953162823E-03   0.7606531772040134E-01   0.6597266226008583E+00
  0.1527500000000000E+02   0.6604778199302938E+00   0.1143647843181725E+01  -0.4724956208473019E-02   0.5745385912747135E+00   0.2420441643902341E-03   0.7657162952722461E-01   0.6557007181976154E+00
  0.1532500000000000E+02   0.6601707084760235E+00   0.1154643408126119E+01  -0.2448406507544965E-02   0.5787386916418433E+00   0.2446116818179123E-03   0.7744110671365924E-01   0.6526997959863415E+00
  0.1537500000000000E+02   0.6565109808611735E+00   0.1166754247133803E+01  -0.1178859723748982E-02   0.5840656550436575E+00   0.2476686208624029E-03   0.7866723843221179E-01   0.6509735165996413E+00
  0.1542500000000000E+02   0.6491785966875071E+00   0.1179359752156206E+01  -0.1149713021322163E-02   0.5903586190696973E+00   0.2511512090383429E-03   0.8023263736410620E-01   0.6507450513424192E+00
  0.1547500000000000E+02   0.6379795747285326E+00   0.1191722314687644E+01  -0.2571657379879966E-02   0.5973974589277954E+00   0.2549694933333622E-03   0.8210786198698225E-01   0.6522051565475628E+00
  0.1552500000000000E+02   0.6228921782657509E+00   0.1203017390319149E+01  -0.5614634059355583E-02   0.6049050154620628E+00   0.2590078855855016E-03   0.8425072604615769E-01   0.6555076068182847E+00
  0.1557500000000000E+02   0.6041051240194852E+00   0.1212383109409249E+01  -0.1038925504614163E-01   0.6125555505492097E+00   0.2631284013181169E-03   0.8660630055023313E-01   0.6607655690594282E+00
  0.1562500000000000E+02   0.5820386055270124E+00   0.1218987245538089E+01  -0.1693012802431326E-01   0.6199901351306172E+00   0.2671769560669606E-03   0.8910783092886669E-01   0.6680484564025643E+00
  0.1567500000000000E+02   0.5573395585926502E+00   0.1222104436616281E+01  -0.2518405284419489E-01   0.6268385535659236E+00   0.2709926061406807E-03   0.9167875365667305E-01   0.6773789134371123E+00
  0.1572500000000000E+02   0.5308461845972090E+00   0.1221191914274267E+01  -0.3500596875839179E-01   0.6327458381804820E+00   0.2744189787118358E-03   0.9423588560875829E-01   0.6887298195395442E+00
  0.1577500000000000E+02   0.5035230287448169E+00   0.1215949588376985E+01  -0.4616461240347081E-01   0.6374001238520466E+00   0.2773164957700353E-03   0.9669367997046895E-01   0.7020215126135997E+00
  0.1582500000000000E+02   0.4763752373113524E+00   0.1206351771382081E+01  -0.5835816453291565E-01   0.6405576546966457E+00   0.2795735855678165E-03   0.9896922672189337E-01   0.7171197775120310E+00
  0.1587500000000000E+02   0.4503563995545079E+00   0.1192643364281393E+01  -0.7123813447999205E-01   0.6420609031000856E+00   0.2811150853333567E-03   0.1009874785585315E+00   0.7338354430094415E+00
  0.1592500000000000E+02   0.4262862763111488E+00   0.1175301386434543E+01  -0.8443798897907517E-01   0.6418469597291329E+00   0.2819065208031046E-03   0.1026860652581578E+00   0.7519266026411675E+00
  0.1597500000000000E+02   0.4047919132513998E+00   0.1154970500223338E+01  -0.9760214907485865E-01   0.6399452852415696E+00   0.2819537680396914E-03   0.1040190640332731E+00   0.7711044241064309E+00
  0.1602500000000000E+02   0.3862793122354488E+00   0.1132385989086479E+01  -0.1104111983397006E+00   0.6364659643719833E+00   0.2812984989879163E-03   0.1049592282442666E+00   0.7910431631239759E+00
  0.1607500000000000E+02   0.3709354841070614E+00   0.1108298259397996E+01  -0.1226002903412885E+00   0.6315811637486743E+00   0.2800105167299246E-03   0.1054984120327691E+00   0.8113943336222804E+00
  0.1612500000000000E+02   0.3587548110337042E+00   0.1083409927187349E+01  -0.1339693471786427E+00   0.6255032218881706E+00   0.2781784395593911E-03   0.1056462085181794E+00   0.8318040914784554E+00
  0.1617500000000000E+02   0.3495805921395988E+00   0.1058331674825286E+01  -0.1443851943864237E+00   0.6184626936570702E+00   0.2759001834599316E-03   0.1054270828838696E+00   0.8519319666900550E+00
  0.1622500000000000E+02   0.3431524514189710E+00   0.1033558210352189E+01  -0.1537769300102834E+00   0.6106889820226413E+00   0.2732744206974370E-03   0.1048764790693434E+00   0.8714684149618466E+00
  0.1627500000000000E+02   0.3391520452543022E+00   0.1009462078834965E+01  -0.1621264553778843E+00   0.6023952452695209E+00   0.2703937972641839E-03   0.1040364808727065E+00   0.8901485296644213E+00
  0.1632500000000000E+02   0.3372420673188600E+00   0.9863011485378158E+00  -0.1694562600768181E+00   0.5937683358067573E+00   0.2673402908857604E-03   0.1029516086476125E+00   0.9077598027638587E+00
  0.1637500000000000E+02   0.3370960167146905E+00   0.9642350785991028E+00  -0.1758163946944543E+00   0.5849637583130742E+00   0.2641827526274064E-03   0.1016652442664465E+00   0.9241429735478639E+00
  0.1642500000000000E+02   0.3384181107401281E+00   0.9433464583344250E+00  -0.1812722238682590E+00   0.5761050778022168E+00   0.2609764226042046E-03   0.1002170256815141E+00   0.9391864651304334E+00
  0.1647500000000000E+02   0.3409539943953127E+00   0.9236631058703551E+00  -0.1858941321717256E+00   0.5672868495189316E+00   0.2577640410445136E-03   0.9864137056195980E-01   0.9528162734725886E+00
  0.1652500000000000E+02   0.3444936368822668E+00   0.9051789019750780E+00  -0.1897499167436271E+00   0.5585799499934568E+00   0.2545780779459814E-03   0.9696710791934811E-01   0.9649840690839234E+00
  0.1657500000000000E+02   0.3488681783033112E+00   0.8878713613026847E+00  -0.1929001757528442E+00   0.5500381332203057E+00   0.2514435668920905E-03   0.9521804345703196E-01   0.9756564825567450E+00
  0.1662500000000000E+02   0.3539426312816759E+00   0.8717148708975095E+00  -0.1953966122874931E+00   0.5417046983705854E+00   0.2483810442545864E-03   0.9341417625516514E-01   0.9848080595299320E+00
  0.1667500000000000E+02   0.3596063254242508E+00   0.8566891653595664E+00  -0.1972828407179361E+00   0.5336183208826469E+00   0.2454091588052329E-03   0.9157323020910769E-01   0.9924193471493620E+00
  0.1672500000000000E+02   0.3657628339745309E+00   0.8427831685418987E+00  -0.1985970313152408E+00   0.5258173487459445E+00   0.2425466216053488E-03   0.8971216442491568E-01   0.9984802711228239E+00
  0.1677500000000000E+02   0.3723208520348975E+00   0.8299948005252775E+00  -0.1993755814575707E+00   0.5183421722487045E+00   0.2398133001222941E-03   0.8784837691881328E-01   0.1002997670383155E+01
  0.1682500000000000E+02   0.3791871245612513E+00   0.8183276973792570E+00  -0.1996569713250401E+00   0.5112356002738428E+00   0.2372304069250026E-03   0.8600040405331100E-01   0.1006004847387389E+01
  0.1687500000000000E+02   0.3862620900777870E+00   0.8077859936624640E+00  -0.1994850460074074E+00   0.5045414764793629E+00   0.2348198723133515E-03   0.8418802801024888E-01   0.1007570480353736E+01
  0.1692500000000000E+02   0.3934384661338758E+00   0.7983683666963494E+00  -0.1989111442756530E+00   0.4983020054463635E+00   0.2326031033217525E-03   0.8243181731967478E-01   0.1007804344045754E+01
  0.1697500000000000E+02   0.4006026057294232E+00   0.7900624552029394E+00  -0.1979947330263231E+00   0.4925544056488537E+00   0.2305994054371739E-03   0.8075222252300006E-01   0.1006857976001906E+01
  0.1702500000000000E+02   0.4076381339808424E+00   0.7828405785318170E+00  -0.1968024660858141E+00   0.4873275536074144E+00   0.2288243724842201E-03   0.7916841610470697E-01   0.1004919535845232E+01
  0.1707500000000000E+02   0.4144311425891403E+00   0.7766574353282859E+00  -0.1954058304955956E+00   0.4826392389884416E+00   0.2272885364555823E-03   0.7769709563097155E-01   0.1002203357189067E+01
  0.1712500000000000E+02   0.4208760710717058E+00   0.7714501810274816E+00  -0.1938777461582603E+00   0.4784945319093839E+00   0.2259965199343338E-03   0.7635146226807707E-01   0.9989357791963809E+00
  0.1717500000000000E+02   0.4268813291998170E+00   0.7671409855795925E+00  -0.1922886307986208E+00   0.4748855933141684E+00   0.2249468585700674E-03   0.7514055049088168E-01   0.9953395331746386E+00
  0.1722500000000000E+02   0.4323737140598810E+00   0.7636418594844826E+00  -0.1907025251660938E+00   0.4717930570839891E+00   0.2241325686632055E-03   0.7406902880177703E-01   0.9916191496018643E+00
  0.1727500000000000E+02   0.4373007607662424E+00   0.7608612127134954E+00  -0.1891738904471189E+00   0.4691888949734622E+00   0.2235424326687712E-03   0.7313752526823761E-01   0.9879495848900129E+00
  0.1732500000000000E+02   0.4416303595462594E+00   0.7587112980886423E+00  -0.1877456379348029E+00   0.4670404577204000E+00   0.2231628704079416E-03   0.7234346293101368E-01   0.9844696800275242E+00
  0.1737500000000000E+02   0.4453472885576062E+00   0.7571154311512394E+00  -0.1864488269962110E+00   0.4653151862321224E+00   0.2229801648180386E-03   0.7168232362576799E-01   0.9812813130441059E+00
  0.1742500000000000E+02   0.4484467416295725E+00   0.7560137321168319E+00  -0.1853042726044782E+00   0.4639853301635147E+00   0.2229827302352063E-03   0.7114919871317547E-01   0.9784543210152059E+00
  0.1747500000000000E+02   0.4509254272997520E+00   0.7553661599139949E+00  -0.1843260504759203E+00   0.4630319261481426E+00   0.2231630629006690E-03   0.7074043675752976E-01   0.9760365235713702E+00
  0.1752500000000000E+02   0.4527713018419816E+00   0.7551518348154876E+00  -0.1835266037047988E+00   0.4624472997173184E+00   0.2235190108230576E-03   0.7045516790080368E-01   0.9740675250357409E+00
  0.1757500000000000E+02   0.4539533847965225E+00   0.7553640615157956E+00  -0.1829228803655354E+00   0.4622354753084522E+00   0.2240540503539471E-03   0.7029647923489023E-01   0.9725944512112057E+00
  0.1762500000000000E+02   0.4544133197044843E+00   0.7560010110101656E+00  -0.1825427112148541E+00   0.4624100985959078E+00   0.2247763569021872E-03   0.7027203896478990E-01   0.9716874526021883E+00
  0.1767500000000000E+02   0.4540603561414849E+00   0.7570526167379689E+00  -0.1824305052359410E+00   0.4629897651431120E+00   0.2256965941003647E-03   0.7039401837939170E-01   0.9714527526272840E+00
  0.1772500000000000E+02   0.4527712564705491E+00   0.7584848180283033E+00  -0.1826513133108878E+00   0.4639909688365362E+00   0.2268245007380030E-03   0.7067823220329068E-01   0.9720412879106293E+00
  0.1777500000000000E+02   0.4503963067518445E+00   0.7602228082652641E+00  -0.1832923806963067E+00   0.4654191967214737E+00   0.2281645106524718E-03   0.7114249808850009E-01   0.9736515621255896E+00
  0.1782500000000000E+02   0.4467721516250049E+00   0.7621354194677374E+00  -0.1844614601538842E+00   0.4672589842360761E+00   0.2297107878564099E-03   0.7180429311595718E-01   0.9765261085782464E+00
  0.1787500000000000E+02   0.4417415422755167E+00   0.7640232055192060E+00  -0.1862813789510552E+00   0.4694640049740550E+00   0.2314421964045382E-03   0.7267785234851994E-01   0.9809417496239827E+00
  0.1792500000000000E+02   0.4351791990734841E+00   0.7656131239913746E+00  -0.1888806557751397E+00   0.4719485051383078E+00   0.2333178530399454E-03   0.7377091250502001E-01   0.9871944571338656E+00
  0.1797500000000000E+02   0.4270217630974679E+00   0.7665627991253168E+00  -0.1923803829566559E+00   0.4745815870172060E+00   0.2352740213732372E-03   0.7508135996560744E-01   0.9955799197041815E+00
  0.1802500000000000E+02   0.4172982699849400E+00   0.7664768861244211E+00  -0.1968781632185368E+00   0.4771859330809022E+00   0.2372231663260324E-03   0.7659410462877808E-01   0.1006370884851979E+01
  0.1807500000000000E+02   0.4061559903108947E+00   0.7649367094150746E+00  -0.2024306145149507E+00   0.4795424218482704E+00   0.2390559351149034E-03   0.7827856993919602E-01   0.1019792071031133E+01
  0.1812500000000000E+02   0.3938754186679609E+00   0.7615419225751018E+00  -0.2090367312194322E+00   0.4814015723822264E+00   0.2406465899724169E-03   0.8008724939378584E-01   0.1035993137212555E+01
  0.1817500000000000E+02   0.3808684468713978E+00   0.7559596654034989E+00  -0.2166249884652653E+00   0.4825017739093276E+00   0.2418619367148675E-03   0.8195579769686598E-01   0.1055020107076091E+01
  0.1822500000000000E+02   0.3676559794290303E+00   0.7479734210393585E+00  -0.2250471843669258E+00   0.4825928791731173E+00   0.2425731001980592E-03   0.8380505669254300E-01   0.1076786011548450E+01
  0.1827500000000000E+02   0.3548254503480736E+00   0.7375218472413505E+00  -0.2340813598263385E+00   0.4814622654138092E+00   0.2426687387283931E-03   0.8554522657249367E-01   0.1101042509813867E+01
  0.1832500000000000E+02   0.3429738767951553E+00   0.7247185485541436E+00  -0.2434446698680862E+00   0.4789593832005525E+00   0.2420677098579915E-03   0.8708207802749482E-01   0.1127355901853889E+01
  0.1837500000000000E+02   0.3326463967303762E+00   0.7098474730721125E+00  -0.2528151036556968E+00   0.4750146025067766E+00   0.2407290492398806E-03   0.8832470638899752E-01   0.1155093026844324E+01
  0.1842500000000000E+02   0.3242818354246799E+00   0.6933343764356988E+00  -0.2618590530351971E+00   0.4696490414782256E+00   0.2386575231679016E-03   0.8919394563074197E-01   0.1183424441984118E+01
  0.1847500000000000E+02   0.3181749271702554E+00   0.6757005202080858E+00  -0.2702605405014996E+00   0.4629738130595598E+00   0.2359038704110622E-03   0.8963029844934256E-01   0.1211352947157822E+01
  0.1852500000000000E+02   0.3144601577422333E+00   0.6575083362410331E+00  -0.2777477959130112E+00   0.4551791829228133E+00   0.2325598833026908E-03   0.8960018785365143E-01   0.1237773648021869E+01
  0.1857500000000000E+02   0.3131167145597499E+00   0.6393091316685159E+00  -0.2841137467740517E+00   0.4465158597386398E+00   0.2287493685339636E-03   0.8909953166287475E-01   0.1261566320405872E+01
  0.1862500000000000E+02   0.3139897337952335E+00   0.6216004512795700E+00  -0.2892284472729025E+00   0.4372716162419594E+00   0.2246165546776859E-03   0.8815405436228053E-01   0.1281712058859016E+01
  0.1867500000000000E+02   0.3168210373602762E+00   0.6047968891086442E+00  -0.2930430098438630E+00   0.4277465938734618E+00   0.2203136282420975E-03   0.8681629417215053E-01   0.1297416284039421E+01
  0.1872500000000000E+02   0.3212828258133525E+00   0.5892145072626730E+00  -0.2955858443038258E+00   0.4182301721920614E+00   0.2159888734984540E-03   0.8515981476584053E-01   0.1308213211065144E+01
  0.1877500000000000E+02   0.3270095229631393E+00   0.5750665759924556E+00  -0.2969527932292432E+00   0.4089814812250353E+00   0.2117765072918116E-03   0.8327156263973531E-01   0.1314027025724514E+01
  0.1882500000000000E+02   0.3336251553445981E+00   0.5624673509103240E+00  -0.2972930867966651E+00   0.4002147554990459E+00   0.2077888663798625E-03   0.8124352385678488E-01   0.1315173910640124E+01
  0.1887500000000000E+02   0.3407655397921586E+00   0.5514407715168675E+00  -0.2967930158520011E+00   0.3920899421846540E+00   0.2041112087376006E-03   0.7916479188248288E-01   0.1312304072461287E+01
  0.1892500000000000E+02   0.3480957722737551E+00   0.5419318075131964E+00  -0.2956589529563283E+00   0.3847083808247758E+00   0.2007990842742105E-03   0.7711490387682089E-01   0.1306298093128318E+01
  0.1897500000000000E+02   0.3553240021211577E+00   0.5338192287410441E+00  -0.2941009602002510E+00   0.3781130152071599E+00   0.1978780416128505E-03   0.7515893986151502E-01   0.1298141323729598E+01
  0.1902500000000000E+02   0.3622123600276903E+00   0.5269294885357543E+00  -0.2923178350922720E+00   0.3722924744079559E+00   0.1953453668139728E-03   0.7334452844542430E-01   0.1288801009578780E+01
  0.1907500000000000E+02   0.3685853869711474E+00   0.5210519742921992E+00  -0.2904841700192244E+00   0.3671884067099089E+00   0.1931735671648514E-03   0.7170065360146675E-01   0.1279124904679143E+01
  0.1912500000000000E+02   0.3743356188223979E+00   0.5159559816234449E+00  -0.2887398943541858E+00   0.3627055542184277E+00   0.1913153612787631E-03   0.7023803949605884E-01   0.1269771283603208E+01
  0.1917500000000000E+02   0.3794253718730695E+00   0.5114093939827902E+00  -0.2871828114401991E+00   0.3587240895635937E+00   0.1897099488475695E-03   0.6895087774483623E-01   0.1261172335632989E+01
  0.1922500000000000E+02   0.3838835007812085E+00   0.5071982978004639E+00  -0.2858647366804022E+00   0.3551136065195795E+00   0.1882902594172003E-03   0.6781969374236665E-01   0.1253527977535113E+01
  0.1927500000000000E+02   0.3877961558452838E+00   0.5031458684148825E+00  -0.2847918426499072E+00   0.3517478535753010E+00   0.1869907118776587E-03   0.6681516332681067E-01   0.1246825207735616E+01
  0.1932500000000000E+02   0.3912913942936901E+00   0.4991281656981507E+00  -0.2839295918019201E+00   0.3485189165644739E+00   0.1857548022163714E-03   0.6590264849908903E-01   0.1240878070473560E+01
  0.1937500000000000E+02   0.3945187209020222E+00   0.4950843234832226E+00  -0.2832121396697984E+00   0.3453492664169514E+00   0.1845416678196531E-03   0.6504711956458965E-01   0.1235383628542774E+01
  0.1942500000000000E+02   0.3976258609302228E+00   0.4910191898754359E+00  -0.2825554015635541E+00   0.3422000743649981E+00   0.1833307517782801E-03   0.6421800777479937E-01   0.1229988979740789E+01
  0.1947500000000000E+02   0.4007358513421789E+00   0.4869976792802983E+00  -0.2818722883324919E+00   0.3390745624824024E+00   0.1821238693689872E-03   0.6339344797412526E-01   0.1224362990354427E+01
  0.1952500000000000E+02   0.4039275690806797E+00   0.4831315562999747E+00  -0.2810881647600521E+00   0.3360158593986160E+00   0.1809443432982952E-03   0.6256338234733543E-01   0.1218264600885369E+01
  0.1957500000000000E+02   0.4072220990412713E+00   0.4795605958807010E+00  -0.2801545315759607E+00   0.3330996838325627E+00   0.1798333288560077E-03   0.6173112929920256E-01   0.1211598426112108E+01
  0.1962500000000000E+02   0.4105761877018134E+00   0.4764306826235425E+00  -0.2790592942237934E+00   0.3304229313217857E+00   0.1788438611063834E-03   0.6091325219381743E-01   0.1204449098906866E+01
  0.1967500000000000E+02   0.4138828841227197E+00   0.4738713412859746E+00  -0.2778326182838480E+00   0.3280896875734480E+00   0.1780334112372325E-03   0.6013782540773732E-01   0.1197088903490135E+01
  0.1972500000000000E+02   0.4169787146246040E+00   0.4719746411125942E+00  -0.2765480552479321E+00   0.3261962626103267E+00   0.1774557944808821E-03   0.5944141024449190E-01   0.1189958101773714E+01
  0.1977500000000000E+02   0.4196565164767391E+00   0.4707767629934071E+00  -0.2753191406597909E+00   0.3248166119787055E+00   0.1771531653090829E-03   0.5886516255870868E-01   0.1183622413246958E+01
  0.1982500000000000E+02   0.4216832546766356E+00   0.4702431219040066E+00  -0.2742919074966186E+00   0.3239891677946360E+00   0.1771486628651443E-03   0.5845048499435569E-01   0.1178715603453721E+01
  0.1987500000000000E+02   0.4228224578510603E+00   0.4702580091092683E+00  -0.2736337464376454E+00   0.3237058486699776E+00   0.1774401417943707E-03   0.5823454485605697E-01   0.1175876005992211E+01
  0.1992500000000000E+02   0.4228609446994347E+00   0.4706202476369091E+00  -0.2735189298611906E+00   0.3239039990037093E+00   0.1779954219208744E-03   0.5824586897394472E-01   0.1175684151517979E+01
  0.1997500000000000E+02   0.4216389172179307E+00   0.4710470773473819E+00  -0.2741111186991551E+00   0.3244622486180198E+00   0.1787496309888515E-03   0.5850016782347583E-01   0.1178605584097386E+01
  0.2002500000000000E+02   0.4190810959153472E+00   0.4711888952824863E+00  -0.2755435072788824E+00   0.3252016511803645E+00   0.1796054285640878E-03   0.5899657935108810E-01   0.1184939862364148E+01
  0.2007500000000000E+02   0.4152245507151098E+00   0.4706569103573549E+00  -0.2778980447134106E+00   0.3258936684159507E+00   0.1804370296526780E-03   0.5971466522985121E-01   0.1194774912409839E+01
  0.2012500000000000E+02   0.4102369472522437E+00   0.4690636650335124E+00  -0.2811863012452952E+00   0.3262762422628651E+00   0.1810987835727327E-03   0.6061269390382864E-01   0.1207946061174475E+01
  0.2017500000000000E+02   0.4044182756064085E+00   0.4660727060577673E+00  -0.2853356309379098E+00   0.3260780348329321E+00   0.1814384305899039E-03   0.6162790795960938E-01   0.1224001432516315E+01
  0.2022500000000000E+02   0.3981809830456254E+00   0.4614494035925366E+00  -0.2901846836812348E+00   0.3250489197568315E+00   0.1813140461702781E-03   0.6267946596125504E-01   0.1242179586915428E+01
  0.2027500000000000E+02   0.3920081888905012E+00   0.4551019462305257E+00  -0.2954914250201075E+00   0.3229924818470200E+00   0.1806123605386253E-03   0.6367445425503826E-01   0.1261410279457621E+01
  0.2032500000000000E+02   0.3863961068468168E+00   0.4471019447165843E+00  -0.3009544535194115E+00   0.3197945734491563E+00   0.1792651366626770E-03   0.6451675546253283E-01   0.1280352965406355E+01
  0.2037500000000000E+02   0.3817922527658043E+00   0.4376786529877958E+00  -0.3062451299510830E+00   0.3154418598581765E+00   0.1772601589434801E-03   0.6511776176768472E-01   0.1297487154895500E+01
  0.2042500000000000E+02   0.3785427065164337E+00   0.4271881150961013E+00  -0.3110450480330013E+00   0.3100261590953510E+00   0.1746443730099011E-03   0.6540720287787719E-01   0.1311260730606693E+01
  0.2047500000000000E+02   0.3768586132594953E+00   0.4160654180680906E+00  -0.3150819180847785E+00   0.3037337084930332E+00   0.1715185495825693E-03   0.6534203659495320E-01   0.1320285786420018E+01
  0.2052500000000000E+02   0.3768057648896729E+00   0.4047717031303762E+00  -0.3181575818798131E+00   0.2968220312886342E+00   0.1680248401501039E-03   0.6491162768703393E-01   0.1323550154416592E+01
  0.2057500000000000E+02   0.3783145194898189E+00   0.3937466540931852E+00  -0.3201642634538258E+00   0.2895895529805250E+00   0.1643300270310077E-03   0.6413828333073134E-01   0.1320595971266278E+01
  0.2062500000000000E+02   0.3812031051409933E+00   0.3833730902289791E+00  -0.3210882623402993E+00   0.2823438371757405E+00   0.1606077367566233E-03   0.6307333773731048E-01   0.1311615614361481E+01
  0.2067500000000000E+02   0.3852064291512798E+00   0.3739553689489878E+00  -0.3210030064158746E+00   0.2753733613569057E+00   0.1570224091575618E-03   0.6178997679463612E-01   0.1297435263242307E+01
  0.2072500000000000E+02   0.3900041653317147E+00   0.3657094876466643E+00  -0.3200549739991665E+00   0.2689257761010638E+00   0.1537167388342014E-03   0.6037452548210159E-01   0.1279390370327649E+01
  0.2077500000000000E+02   0.3952447136365860E+00   0.3587608809052159E+00  -0.3184462762411339E+00   0.2631933979661929E+00   0.1508030814504557E-03   0.5891786645035239E-01   0.1259129294068108E+01
  0.2082500000000000E+02   0.4005644016400835E+00   0.3531457838286814E+00  -0.3164169068630193E+00   0.2583049430085274E+00   0.1483583243232743E-03   0.5750814419218331E-01   0.1238396328802000E+01
  0.2087500000000000E+02   0.4056033670780724E+00   0.3488130920963263E+00  -0.3142282926814945E+00   0.2543215828050491E+00   0.1464211772215862E-03   0.5622520763141118E-01   0.1218839215512698E+01
  0.2092500000000000E+02   0.4100207287360138E+00   0.3456253382582631E+00  -0.3121483170571565E+00   0.2512353657256244E+00   0.1449907955453310E-03   0.5513662354441243E-01   0.1201866272921423E+01
  0.2097500000000000E+02   0.4135119079784540E+00   0.3433593587541208E+00  -0.3104368426771735E+00   0.2489687529762944E+00   0.1440260353265157E-03   0.5429471954673901E-01   0.1188556323285474E+01
  0.2102500000000000E+02   0.4158302545957522E+00   0.3417091924723472E+00  -0.3093302107571664E+00   0.2473752274925443E+00   0.1434453265043765E-03   0.5373403691853647E-01   0.1179609308513402E+01
  0.2107500000000000E+02   0.4168133251479275E+00   0.3402953686017876E+00  -0.3090234347510944E+00   0.2462423370893957E+00   0.1431279661464225E-03   0.5346876428176676E-01   0.1175319764044784E+01
  0.2112500000000000E+02   0.4164112357315365E+00   0.3386853518378687E+00  -0.3096499511473974E+00   0.2452997232351770E+00   0.1429183416094932E-03   0.5349012530678366E-01   0.1175557788309823E+01
  0.2117500000000000E+02   0.4147109447029138E+00   0.3364286015004204E+00  -0.3112607660561686E+00   0.2442351073671063E+00   0.1426348673862792E-03   0.5376422348732356E-01   0.1179750124129373E+01
  0.2122500000000000E+02   0.4119474696258896E+00   0.3331057754039983E+00  -0.3138071802935658E+00   0.2427202426473269E+00   0.1420848878460024E-03   0.5423136502131212E-01   0.1186865129696581E+01
  0.2127500000000000E+02   0.4084929934405243E+00   0.3283855027688712E+00  -0.3171329921596525E+00   0.2404461622823393E+00   0.1410852495923926E-03   0.5480816582295005E-01   0.1195417699884294E+01
  0.2132500000000000E+02   0.4048192720358640E+00   0.3220761488628736E+00  -0.3209818647754746E+00   0.2371631420097309E+00   0.1394859380726219E-03   0.5539353822696719E-01   0.1203520483181970E+01
  0.2137500000000000E+02   0.4014372693454386E+00   0.3141577080224529E+00  -0.3250225494389346E+00   0.2327171876344267E+00   0.1371919962746343E-03   0.5587878795715698E-01   0.1209010580946172E+01
  0.2142500000000000E+02   0.3988270051630901E+00   0.3047830642676965E+00  -0.3288893937605596E+00   0.2270736458596180E+00   0.1341781364590329E-03   0.5616067251049646E-01   0.1209669274119377E+01
  0.2147500000000000E+02   0.3973752092867482E+00   0.2942474950934652E+00  -0.3322301518935873E+00   0.2203210401966033E+00   0.1304918349486758E-03   0.5615490029532848E-01   0.1203522129639041E+01
  0.2152500000000000E+02   0.3973355896586517E+00   0.2829358256285275E+00  -0.3347502399359821E+00   0.2126538351560625E+00   0.1262439492326806E-03   0.5580689820958440E-01   0.1189164476990633E+01
  0.2157500000000000E+02   0.3988178796110325E+00   0.2712626734893942E+00  -0.3362437658923252E+00   0.2043390777745900E+00   0.1215895988566633E-03   0.5509721880625575E-01   0.1166023372113721E+01
  0.2162500000000000E+02   0.4018021809179878E+00   0.2596204101321382E+00  -0.3366062552381273E+00   0.1956759557819842E+00   0.1167045456662765E-03   0.5404056367931989E-01   0.1134467829338716E+01
  0.2167500000000000E+02   0.4061689936837259E+00   0.2483436195020156E+00  -0.3358296856621664E+00   0.1869577833733881E+00   0.1117626906485289E-03   0.5267934144334344E-01   0.1095724795331286E+01
  0.2172500000000000E+02   0.4117342450343781E+00   0.2376918431501225E+00  -0.3339848039137101E+00   0.1784432581620306E+00   0.1069188113068156E-03   0.5107407633317675E-01   0.1051629117777767E+01
  0.2177500000000000E+02   0.4182812264701017E+00   0.2278473544024836E+00  -0.3311974393283647E+00   0.1703397742479269E+00   0.1022983015695463E-03   0.4929333441268959E-01   0.1004292051041861E+01
  0.2182500000000000E+02   0.4255852132619793E+00   0.2189226028310388E+00  -0.3276248176545850E+00   0.1627979501469561E+00   0.9799352423020290E-04   0.4740523725459404E-01   0.9557857137652404E+00
  0.2187500000000000E+02   0.4334298436972225E+00   0.2109721844928784E+00  -0.3234357839099952E+00   0.1559143829037600E+00   0.9406508107022169E-04   0.4547159038996071E-01   0.9079121925548108E+00
  0.2192500000000000E+02   0.4416163608357870E+00   0.2040055517393122E+00  -0.3187965417854214E+00   0.1497390752199108E+00   0.9054593150156242E-04   0.4354469052469027E-01   0.8620804942889211E+00
  0.2197500000000000E+02   0.4499676554391579E+00   0.1979982338088257E+00  -0.3138617672034525E+00   0.1442845073665614E+00   0.8744656951651910E-04   0.4166627838676986E-01   0.8192775262969327E+00
  0.2202500000000000E+02   0.4583291083507297E+00   0.1929006090232398E+00  -0.3087699857556064E+00   0.1395343120582704E+00   0.8476003451752760E-04   0.3986789621656267E-01   0.7801017491110402E+00
  0.2207500000000000E+02   0.4665679141287995E+00   0.1886441282368365E+00  -0.3036417941219193E+00   0.1354504956245641E+00   0.8246610886764087E-04   0.3817196675004254E-01   0.7448275379602115E+00
  0.2212500000000000E+02   0.4745721351821229E+00   0.1851454011346512E+00  -0.2985796064694760E+00   0.1319789122488596E+00   0.8053450919774071E-04   0.3659308864497256E-01   0.7134765420835579E+00
  0.2217500000000000E+02   0.4822503060745708E+00   0.1823088358074008E+00  -0.2936679006411118E+00   0.1290532003096531E+00   0.7892718245025281E-04   0.3513923993485300E-01   0.6858824442134616E+00
  0.2222500000000000E+02   0.4895320059842927E+00   0.1800286575957703E+00  -0.2889732933220146E+00   0.1265976762229431E+00   0.7759999547646900E-04   0.3381274796883846E-01   0.6617437922026966E+00
  0.2227500000000000E+02   0.4963694268662032E+00   0.1781911641392080E+00  -0.2845441313495050E+00   0.1245298081594573E+00   0.7650419047595570E-04   0.3261100956792917E-01   0.6406649901680158E+00
  0.2232500000000000E+02   0.5027395726085713E+00   0.1766779884636668E+00  -0.2804096303753648E+00   0.1227628911680882E+00   0.7558798491401119E-04   0.3152703261532199E-01   0.6221884286453885E+00
  0.2237500000000000E+02   0.5086463556141354E+00   0.1753709011470944E+00  -0.2765789062351297E+00   0.1212094191464745E+00   0.7479862359913777E-04   0.3054992474651907E-01   0.6058217604282221E+00
  0.2242500000000000E+02   0.5141215922817133E+00   0.1741582586803991E+00  -0.2730404879488849E+00   0.1197853909284520E+00   0.7408503639410353E-04   0.2966547524451205E-01   0.5910640119179233E+00
  0.2247500000000000E+02   0.5192238588567375E+00   0.1729426333618389E+00  -0.2697630046948040E+00   0.1184154147719940E+00   0.7340102645241434E-04   0.2885695693157692E-01   0.5774328859302311E+00
  0.2252500000000000E+02   0.5240344592152475E+00   0.1716485736047454E+00  -0.2666976294255784E+00   0.1170380599412811E+00   0.7270865419392014E-04   0.2810621234864115E-01   0.5644935544703602E+00
  0.2257500000000000E+02   0.5286503823777537E+00   0.1702290567464337E+00  -0.2637825132007143E+00   0.1156105769006565E+00   0.7198127244554701E-04   0.2739499139708491E-01   0.5518869221341455E+00
  0.2262500000000000E+02   0.5331749371444670E+00   0.1686692166345845E+00  -0.2609489263546362E+00   0.1141120165096472E+00   0.7120560161773514E-04   0.2670640216653165E-01   0.5393534724372550E+00
  0.2267500000000000E+02   0.5377074582828250E+00   0.1669864291152920E+00  -0.2581283047671037E+00   0.1125440087472739E+00   0.7038236701394482E-04   0.2602626165112992E-01   0.5267481749927978E+00
  0.2272500000000000E+02   0.5423337913553206E+00   0.1652266801441965E+00  -0.2552590872940940E+00   0.1109289669234565E+00   0.6952532899346239E-04   0.2534412255172002E-01   0.5140429973156647E+00
  0.2277500000000000E+02   0.5471190450178547E+00   0.1634580130501443E+00  -0.2522922593474003E+00   0.1093060858962608E+00   0.6865891261503746E-04   0.2465381581176393E-01   0.5013161082542480E+00
  0.2282500000000000E+02   0.5521034508273825E+00   0.1617624285705903E+00  -0.2491948744540784E+00   0.1077259751343402E+00   0.6781494478653350E-04   0.2395346254498434E-01   0.4887299428589469E+00
  0.2287500000000000E+02   0.5573013678382186E+00   0.1602277206413670E+00  -0.2459513562108070E+00   0.1062449498192860E+00   0.6702913126852129E-04   0.2324502869629620E-01   0.4765027030873959E+00
  0.2292500000000000E+02   0.5627028090627439E+00   0.1589404160173253E+00  -0.2425628809748387E+00   0.1049198752114798E+00   0.6633783625514987E-04   0.2253357852396426E-01   0.4648787357687003E+00
  0.2297500000000000E+02   0.5682765261097162E+00   0.1579804426543537E+00  -0.2390454530071554E+00   0.1038041255411798E+00   0.6577552551666542E-04   0.2182640829188544E-01   0.4541024583634740E+00
  0.2302500000000000E+02   0.5739736807536489E+00   0.1574176034369474E+00  -0.2354273617451212E+00   0.1029448318973654E+00   0.6537299465727116E-04   0.2113221530414646E-01   0.4443986728779905E+00
  0.2307500000000000E+02   0.5797313570186327E+00   0.1573095297511121E+00  -0.2317466022508190E+00   0.1023812782423062E+00   0.6515630527887671E-04   0.2046040187766146E-01   0.4359600524212712E+00
  0.2312500000000000E+02   0.5854754912750156E+00   0.1577005841751041E+00  -0.2280486334750373E+00   0.1021441187966370E+00   0.6514623173323146E-04   0.1982055329658119E-01   0.4289409613861463E+00
  0.2317500000000000E+02   0.5911231162666838E+00   0.1586211491900064E+00  -0.2243846263969269E+00   0.1022550316744895E+00   0.6535798023508042E-04   0.1922207970263301E-01   0.4234558628557393E+00
  0.2322500000000000E+02   0.5965840730733220E+00   0.1600868254527377E+00  -0.2208101653103924E+00   0.1027264591538907E+00   0.6580096060331892E-04   0.1867398060480429E-01   0.4195803309453022E+00
  0.2327500000000000E+02   0.6017625280832380E+00   0.1620972199186598E+00  -0.2173842287898616E+00   0.1035611764301741E+00   0.6647844575220607E-04   0.1818467626125791E-01   0.4173529108248055E+00
  0.2332500000000000E+02   0.6065587437685908E+00   0.1646342020225251E+00  -0.2141681914871009E+00   0.1047515513110097E+00   0.6738702879613889E-04   0.1776184854510324E-01   0.4167765295450266E+00
  0.2337500000000000E+02   0.6108715941035329E+00   0.1676597343386791E+00  -0.2112245487970366E+00   0.1062784941411278E+00   0.6851587432567916E-04   0.1741224123913268E-01   0.4178186971507105E+00
  0.2342500000000000E+02   0.6146022753360160E+00   0.1711136372151426E+00  -0.2086150743655598E+00   0.1081102455154574E+00   0.6984585619661719E-04   0.1714138400797123E-01   0.4204102716696881E+00
  0.2347500000000000E+02   0.6176595125089388E+00   0.1749119071411835E+00  -0.2063981857540244E+00   0.1102013024676440E+00   0.7134877494312866E-04   0.1695322537350082E-01   0.4244430721740721E+00
  0.2352500000000000E+02   0.6199662700223322E+00   0.1789464287883588E+00  -0.2046254324521833E+00   0.1124919227302304E+00   0.7298694137032506E-04   0.1684968829907724E-01   0.4297671085104685E+00
  0.2357500000000000E+02   0.6214675318085539E+00   0.1830870152420261E+00  -0.2033372428660244E+00   0.1149087324608273E+00   0.7471347351686927E-04   0.1683019652014246E-01   0.4361886322244983E+00
  0.2362500000000000E+02   0.6221381735847178E+00   0.1871865687569165E+00  -0.2025583583019400E+00   0.1173669388259712E+00   0.7647364433490947E-04   0.1689125594256185E-01   0.4434705304961754E+00
  0.2367500000000000E+02   0.6219894445361080E+00   0.1910896837607336E+00  -0.2022936847290955E+00   0.1197744584081917E+00   0.7820749862594566E-04   0.1702620354923405E-01   0.4513366578467966E+00
  0.2372500000000000E+02   0.6210723268824809E+00   0.1946442163933848E+00  -0.2025255023208034E+00   0.1220378939764448E+00   0.7985371358470451E-04   0.1722524246729601E-01   0.4594813750411338E+00
  0.2377500000000000E+02   0.6194762736208502E+00   0.1977143836388045E+00  -0.2032129621288160E+00   0.1240697791514329E+00   0.8135434017173339E-04   0.1747585301228380E-01   0.4675847305250933E+00
  0.2382500000000000E+02   0.6173226370185660E+00   0.2001931560125546E+00  -0.2042944811625884E+00   0.1257960082425044E+00   0.8265972610336742E-04   0.1776360130304942E-01   0.4753324128750013E+00
  0.2387500000000000E+02   0.6147533469821466E+00   0.2020114468902790E+00  -0.2056930434932841E+00   0.1271620783599237E+00   0.8373271823227643E-04   0.1807327134276955E-01   0.4824380891004344E+00
  0.2392500000000000E+02   0.6119166796801196E+00   0.2031421051250139E+00  -0.2073236888456941E+00   0.1281368588075980E+00   0.8455128494780228E-04   0.1839015208486592E-01   0.4886645063723565E+00
  0.2397500000000000E+02   0.6089527799162437E+00   0.2035978946706774E+00  -0.2091018767182525E+00   0.1287130976021726E+00   0.8510901225302864E-04   0.1870125359580191E-01   0.4938393132493843E+00
  0.2402500000000000E+02   0.6059816352342255E+00   0.2034240893400989E+00  -0.2109511812169178E+00   0.1289046282673812E+00   0.8541341760417721E-04   0.1899623118351066E-01   0.4978622801953752E+00
  0.2407500000000000E+02   0.6030954584863173E+00   0.2026874996009903E+00  -0.2128089808939099E+00   0.1287409883252707E+00   0.8548252203578818E-04   0.1926786389728414E-01   0.5007023662725133E+00
  0.2412500000000000E+02   0.6003562514711791E+00   0.2014643091553853E+00  -0.2146293565707432E+00   0.1282606568254880E+00   0.8534045891225982E-04   0.1951203924994786E-01   0.5023853464308435E+00
  0.2417500000000000E+02   0.5977981459842927E+00   0.1998289664616693E+00  -0.2163830793803596E+00   0.1275042442317706E+00   0.8501299496105156E-04   0.1972730227513073E-01   0.5029747395139985E+00
  0.2422500000000000E+02   0.5954332906256189E+00   0.1978457544775482E+00  -0.2180551438963449E+00   0.1265087639705131E+00   0.8452371764491668E-04   0.1991410307186041E-01   0.5025499691372680E+00
  0.2427500000000000E+02   0.5932596891398312E+00   0.1955638596131001E+00  -0.2196406522771768E+00   0.1253037207690134E+00   0.8389139148560651E-04   0.2007390953365352E-01   0.5011858429895972E+00
  0.2432500000000000E+02   0.5912694249902204E+00   0.1930160296637025E+00  -0.2211399714717098E+00   0.1239093178452229E+00   0.8312870352477580E-04   0.2020834555256746E-01   0.4989367309430154E+00
  0.2437500000000000E+02   0.5894559713750890E+00   0.1902203709295542E+00  -0.2225540257602547E+00   0.1223367135675043E+00   0.8224237173278894E-04   0.2031848370800282E-01   0.4958276352065664E+00
  0.2442500000000000E+02   0.5878196478513517E+00   0.1871844946113748E+00  -0.2238804266050254E+00   0.1205899844740256E+00   0.8123440501560919E-04   0.2040437942790714E-01   0.4918530301478081E+00
  0.2447500000000000E+02   0.5863706682247950E+00   0.1839110390413450E+00  -0.2251109345186834E+00   0.1186692697277319E+00   0.8010417695681490E-04   0.2046488964153886E-01   0.4869831152894511E+00
  0.2452500000000000E+02   0.5851296063166007E+00   0.1804035302260101E+00  -0.2262305170844529E+00   0.1165744670791703E+00   0.7885089861640792E-04   0.2049777636272976E-01   0.4811760498591356E+00
  0.2457500000000000E+02   0.5841254799626336E+00   0.1766715909360844E+00  -0.2272180216157860E+00   0.1143088192257547E+00   0.7747604762308915E-04   0.2050005554638447E-01   0.4743938568184570E+00
  0.2462500000000000E+02   0.5833919954572153E+00   0.1727346794728692E+00  -0.2280482341736751E+00   0.1118817827225046E+00   0.7598533967959619E-04   0.2046851638702976E-01   0.4666190800135199E+00
  0.2467500000000000E+02   0.5829627537054920E+00   0.1686238337195315E+00  -0.2286948807949625E+00   0.1093107186254172E+00   0.7438992195158411E-04   0.2040031125047813E-01   0.4578690964194524E+00
  0.2472500000000000E+02   0.5828663351232679E+00   0.1643812776963189E+00  -0.2291339871628438E+00   0.1066211734327974E+00   0.7270661914736731E-04   0.2029350820304017E-01   0.4482053700136303E+00
  0.2477500000000000E+02   0.5831221161579178E+00   0.1600581399737579E+00  -0.2293469885593851E+00   0.1038457889592583E+00   0.7095724507955510E-04   0.2014751078657732E-01   0.4377359096591637E+00
  0.2482500000000000E+02   0.5837374402202118E+00   0.1557108432619453E+00  -0.2293230829798200E+00   0.1010221273163343E+00   0.6916716240935190E-04   0.1996328163493695E-01   0.4266105833190371E+00
  0.2487500000000000E+02   0.5847064363738660E+00   0.1513968814359296E+00  -0.2290605178043599E+00   0.9818986115794093E-01   0.6736338893318115E-04   0.1974334957991835E-01   0.4150103863587843E+00
  0.2492500000000000E+02   0.5860104440332772E+00   0.1471706842264841E+00  -0.2285667356072552E+00   0.9538782615391467E-01   0.6557258591266153E-04   0.1949162218054906E-01   0.4031328564056665E+00
  0.2497500000000000E+02   0.5876197445639779E+00   0.1430801156526845E+00  -0.2278575127744865E+00   0.9265136812170799E-01   0.6381922498035164E-04   0.1921305632959393E-01   0.3911762919979807E+00
  0.2502500000000000E+02   0.5894961656257269E+00   0.1391639288885795E+00  -0.2269553595622612E+00   0.9001027987838937E-01   0.6212414011436322E-04   0.1891325305364889E-01   0.3793252260230709E+00
  0.2507500000000000E+02   0.5915961099952309E+00   0.1354502796248151E+00  -0.2258874975942353E+00   0.8748746416306843E-01   0.6050356466984492E-04   0.1859803948509326E-01   0.3677389124802732E+00
  0.2512500000000000E+02   0.5938736327445867E+00   0.1319562327080126E+00  -0.2246837050015120E+00   0.8509832281305910E-01   0.5896866060311946E-04   0.1827308659901760E-01   0.3565437041882352E+00
  0.2517500000000000E+02   0.5962833019802332E+00   0.1286881027626479E+00  -0.2233742508665799E+00   0.8285078295835639E-01   0.5752548494049050E-04   0.1794359265076421E-01   0.3458294045454838E+00
  0.2522500000000000E+02   0.5987826876131912E+00   0.1256424420244308E+00  -0.2219880611856354E+00   0.8074583162303461E-01   0.5617531016521750E-04   0.1761404518279702E-01   0.3356491318414114E+00
  0.2527500000000000E+02   0.6013344040226591E+00   0.1228075057899826E+00  -0.2205511915749453E+00   0.7877842936095188E-01   0.5491521324667916E-04   0.1728806234218748E-01   0.3260219749689420E+00
  0.2532500000000000E+02   0.6039076771100760E+00   0.1201650616337008E+00  -0.2190856386954210E+00   0.7693869365710961E-01   0.5373886065039116E-04   0.1696830783156157E-01   0.3169376863983479E+00
  0.2537500000000000E+02   0.6064794188157852E+00   0.1176924405708859E+00  -0.2176085031789147E+00   0.7521326666322362E-01   0.5263743214437974E-04   0.1665647201694838E-01   0.3083627527317273E+00
  0.2542500000000000E+02   0.6090347859523849E+00   0.1153647424337150E+00  -0.2161315144343974E+00   0.7358679712099489E-01   0.5160063599305499E-04   0.1635331251146649E-01   0.3002473090402216E+00
  0.2547500000000000E+02   0.6115671920191951E+00   0.1131570993877019E+00  -0.2146609310436848E+00   0.7204346750384089E-01   0.5061776818302310E-04   0.1605874878471962E-01   0.2925324537740200E+00
  0.2552500000000000E+02   0.6140777461425928E+00   0.1110468759511596E+00  -0.2131978283278495E+00   0.7056848592267947E-01   0.4967875947908672E-04   0.1577200530849921E-01   0.2851575489471230E+00
  0.2557500000000000E+02   0.6165741223943263E+00   0.1090156542442690E+00  -0.2117387690470068E+00   0.6914944561745799E-01   0.4877514142476640E-04   0.1549179559127903E-01   0.2780670662909990E+00
  0.2562500000000000E+02   0.6190689160396556E+00   0.1070508367453170E+00  -0.2102768219577085E+00   0.6777744387007480E-01   0.4790085356535704E-04   0.1521653539836257E-01   0.2712165036607325E+00
  0.2567500000000000E+02   0.6215776104605597E+00   0.1051467110215793E+00  -0.2088028512146730E+00   0.6644785764395393E-01   0.4705281685138596E-04   0.1494456873998094E-01   0.2645768990045851E+00
  0.2572500000000000E+02   0.6241163407356405E+00   0.1033048688674832E+00  -0.2073069587028870E+00   0.6516070123338136E-01   0.4623121689756651E-04   0.1467438669436366E-01   0.2581375545186258E+00
  0.2577500000000000E+02   0.6266996760908179E+00   0.1015339504912753E+00  -0.2057799350964239E+00   0.6392053977105337E-01   0.4543947447192063E-04   0.1440481859368528E-01   0.2519067647746615E+00
  0.2582500000000000E+02   0.6293386387933332E+00   0.9984877512437779E-01  -0.2042145745221957E+00   0.6273599134114999E-01   0.4468392225215548E-04   0.1413517846453728E-01   0.2459105935496515E+00
  0.2587500000000000E+02   0.6320391294504671E+00   0.9826899872378597E-01  -0.2026067351483216E+00   0.6161890440726559E-01   0.4397324575669115E-04   0.1386535647854308E-01   0.2401900054527919E+00
  0.2592500000000000E+02   0.6348008501465546E+00   0.9681748611083217E-01  -0.2009560774062440E+00   0.6058333176263666E-01   0.4331777198085394E-04   0.1359585388211780E-01   0.2347968599006072E+00
  0.2597500000000000E+02   0.6376167289542297E+00   0.9551858830442778E-01  -0.1992664695064046E+00   0.5964442893102487E-01   0.4272869542071095E-04   0.1332776816633799E-01   0.2297893632313326E+00
  0.2602500000000000E+02   0.6404727749381458E+00   0.9439647879104938E-01  -0.1975461012362091E+00   0.5881738436093996E-01   0.4221731780256118E-04   0.1306274107588429E-01   0.2252275333793598E+00
  0.2607500000000000E+02   0.6433482484234556E+00   0.9347363860062044E-01  -0.1958073800043809E+00   0.5811644889325747E-01   0.4179435035315645E-04   0.1280288430987710E-01   0.2211690836324993E+00
  0.2612500000000000E+02   0.6462160236678154E+00   0.9276950753924039E-01  -0.1940666923856945E+00   0.5755408460152448E-01   0.4146929405102942E-04   0.1255069640726191E-01   0.2176659265017821E+00
  0.2617500000000000E+02   0.6490430476711202E+00   0.9229925459726292E-01  -0.1923441009833774E+00   0.5714020953084333E-01   0.4124988206512313E-04   0.1230898015071700E-01   0.2147612898966635E+00
  0.2622500000000000E+02   0.6517908517112259E+00   0.9207257650669015E-01  -0.1906630152626501E+00   0.5688148338888158E-01   0.4114154556446539E-04   0.1208076405081030E-01   0.2124872685248707E+00
  0.2627500000000000E+02   0.6544161416917134E+00   0.9209241699105206E-01  -0.1890498324651061E+00   0.5678056474850501E-01   0.4114685297313946E-04   0.1186922521910422E-01   0.2108625286095398E+00
  0.2632500000000000E+02   0.6568715702513480E+00   0.9235351515890353E-01  -0.1875334968150358E+00   0.5683527554481747E-01   0.4126487577106768E-04   0.1167760509360709E-01   0.2098898535653516E+00
  0.2637500000000000E+02   0.6591068681165800E+00   0.9284074435986948E-01  -0.1861448777384319E+00   0.5703763595041369E-01   0.4149045309205548E-04   0.1150910475751364E-01   0.2095532655507409E+00
  0.2642500000000000E+02   0.6610705710481384E+00   0.9352729796142691E-01  -0.1849158279602019E+00   0.5737278502621951E-01   0.4181336508948461E-04   0.1136674379464492E-01   0.2098145877617519E+00
  0.2647500000000000E+02   0.6627126006602804E+00   0.9437291915712229E-01  -0.1838777614958247E+00   0.5781788236165034E-01   0.4221748349024597E-04   0.1125316695380180E-01   0.2106095346806836E+00
  0.2652500000000000E+02   0.6639879104244684E+00   0.9532255155957792E-01  -0.1830596074163794E+00   0.5834119136777832E-01   0.4268004595080747E-04   0.1117038811982362E-01   0.2118437410789442E+00
  0.2657500000000000E+02   0.6648612530931973E+00   0.9630597723902083E-01  -0.1824850711053025E+00   0.5890166273124159E-01   0.4317128941545612E-04   0.1111947330499378E-01   0.2133895559326649E+00
  0.2662500000000000E+02   0.6653128314995478E+00   0.9723914512750619E-01  -0.1821692921610962E+00   0.5944943384704768E-01   0.4365475264726229E-04   0.1110018501164944E-01   0.2150848776103678E+00
  0.2667500000000000E+02   0.6653441690927333E+00   0.9802787373161539E-01  -0.1821152306454650E+00   0.5992768016023690E-01   0.4408857748580746E-04   0.1111063824577256E-01   0.2167356547937797E+00
  0.2672500000000000E+02   0.6649830658980620E+00   0.9857432382958679E-01  -0.1823104027991304E+00   0.6027612688667452E-01   0.4442804924749122E-04   0.1114704761994947E-01   0.2181236946858784E+00
  0.2677500000000000E+02   0.6642861758972233E+00   0.9878601827662810E-01  -0.1827248256262990E+00   0.6043620397030313E-01   0.4462937963697543E-04   0.1120366312080991E-01   0.2190208340477964E+00
  0.2682500000000000E+02   0.6633378001511223E+00   0.9858632015788245E-01  -0.1833110708635449E+00   0.6035732617443766E-01   0.4465436472246144E-04   0.1127298325510025E-01   0.2192091682139923E+00
  0.2687500000000000E+02   0.6622441187726107E+00   0.9792444900464006E-01  -0.1840070416654753E+00   0.6000324390329784E-01   0.4447514729856210E-04   0.1134628673802774E-01   0.2185050432985819E+00
  0.2692500000000000E+02   0.6611232320674715E+00   0.9678273073700010E-01  -0.1847414552271575E+00   0.5935707841244823E-01   0.4407805483440459E-04   0.1141444149810285E-01   0.2167825107014160E+00
  0.2697500000000000E+02   0.6600926748075355E+00   0.9517916784446502E-01  -0.1854412175138787E+00   0.5842375645006732E-01   0.4346554433662113E-04   0.1146885835875059E-01   0.2139908840450485E+00
  0.2702500000000000E+02   0.6592569439855405E+00   0.9316457037912351E-01  -0.1860392392886224E+00   0.5722915334253978E-01   0.4265571399757359E-04   0.1150239641689176E-01   0.2101617546950349E+00
  0.2707500000000000E+02   0.6586976032763541E+00   0.9081497713564005E-01  -0.1864810727052751E+00   0.5581614274030236E-01   0.4167949786889026E-04   0.1151003027906577E-01   0.2054033863093370E+00
  0.2712500000000000E+02   0.6584676768689617E+00   0.8822128919512665E-01  -0.1867291356523602E+00   0.5423856494963262E-01   0.4057627072938782E-04   0.1148915855407050E-01   0.1998838907837139E+00
  0.2717500000000000E+02   0.6585907352362173E+00   0.8547847420315423E-01  -0.1867640475506239E+00   0.5255453472371861E-01   0.3938890798070612E-04   0.1143953743569832E-01   0.1938075016874730E+00
  0.2722500000000000E+02   0.6590638819735580E+00   0.8267633273043944E-01  -0.1865833809898508E+00   0.5082041035198463E-01   0.3815928671758125E-04   0.1136291748398443E-01   0.1873894485436529E+00
  0.2727500000000000E+02   0.6598631784469045E+00   0.7989296534739097E-01  -0.1861986473801351E+00   0.4908628198404446E-01   0.3692487973408150E-04   0.1126251266425472E-01   0.1808341996283631E+00
  0.2732500000000000E+02   0.6609499682186006E+00   0.7719117064667198E-01  -0.1856314777478755E+00   0.4739326762851841E-01   0.3571667450628109E-04   0.1114243169267384E-01   0.1743198863767292E+00
  0.2737500000000000E+02   0.6622769062472735E+00   0.7461734719050751E-01  -0.1849098066746926E+00   0.4577244812999932E-01   0.3455830723443352E-04   0.1100716813552073E-01   0.1679895711961320E+00
  0.2742500000000000E+02   0.6637929980333253E+00   0.7220216474826228E-01  -0.1840645735319748E+00   0.4424502381322435E-01   0.3346611211947133E-04   0.1086120027051534E-01   0.1619484307538681E+00
  0.2747500000000000E+02   0.6654474088376635E+00   0.6996225243756675E-01  -0.1831271597733095E+00   0.4282322106470789E-01   0.3244974020847402E-04   0.1070871212290857E-01   0.1562651620270333E+00
  0.2752500000000000E+02   0.6671921166415606E+00   0.6790230177675539E-01  -0.1821275617495185E+00   0.4151154789003884E-01   0.3151305066236017E-04   0.1055342137506770E-01   0.1509758519517621E+00
  0.2757500000000000E+02   0.6689836445340703E+00   0.6601719048922025E-01  -0.1810931743258880E+00   0.4030812078949023E-01   0.3065506665094613E-04   0.1039848818575475E-01   0.1460888965519752E+00
  0.2762500000000000E+02   0.6707841523115124E+00   0.6429392790972881E-01  -0.1800480162127417E+00   0.3920591033438506E-01   0.2987088028489114E-04   0.1024647762869058E-01   0.1415900446554854E+00
  0.2767500000000000E+02   0.6725621362700358E+00   0.6271337333242204E-01  -0.1790122371523349E+00   0.3819385389795302E-01   0.2915246645570063E-04   0.1009935311150758E-01   0.1374471020637900E+00
  0.2772500000000000E+02   0.6742929156419228E+00   0.6125177721388035E-01  -0.1780017863451531E+00   0.3725785299552955E-01   0.2848941764837631E-04   0.9958485364388401E-02   0.1336141841065117E+00
  0.2777500000000000E+02   0.6759589975883586E+00   0.5988224480692190E-01  -0.1770281739822811E+00   0.3638171011071320E-01   0.2786964065022138E-04   0.9824669240942500E-02   0.1300356267553759E+00
  0.2782500000000000E+02   0.6775503259077602E+00   0.5857622758818470E-01  -0.1760983122388491E+00   0.3554806869455397E-01   0.2728006344597064E-04   0.9698147395542606E-02   0.1266497643174840E+00
  0.2787500000000000E+02   0.6790643447851523E+00   0.5730511452897426E-01  -0.1752144697349539E+00   0.3473940341227808E-01   0.2670738852039560E-04   0.9578645046073118E-02   0.1233927684555206E+00
  0.2792500000000000E+02   0.6805057618770762E+00   0.5604192961498319E-01  -0.1743744054679962E+00   0.3393906995261569E-01   0.2613890022762147E-04   0.9465422755421742E-02   0.1202026362127371E+00
  0.2797500000000000E+02   0.6818858888032561E+00   0.5476305701030502E-01  -0.1735717557364806E+00   0.3313237258674994E-01   0.2556329454129237E-04   0.9357353829635946E-02   0.1170232412623584E+00
  0.2802500000000000E+02   0.6832214807105007E+00   0.5344983267602701E-01  -0.1727967245590146E+00   0.3230755623370368E-01   0.2497145928652558E-04   0.9253029305672848E-02   0.1138081679624371E+00
  0.2807500000000000E+02   0.6845330864753152E+00   0.5208978923466752E-01  -0.1720370757925174E+00   0.3145659528446115E-01   0.2435710520879985E-04   0.9150887200220767E-02   0.1105238948152015E+00
  0.2812500000000000E+02   0.6858430361723660E+00   0.5067734485226859E-01  -0.1712793555429960E+00   0.3057565006448796E-01   0.2371714576087466E-04   0.9049355400761685E-02   0.1071518482403311E+00
  0.2817500000000000E+02   0.6871732966319707E+00   0.4921379693766006E-01  -0.1705102081096431E+00   0.2966510101679781E-01   0.2305175252731563E-04   0.8946991762294517E-02   0.1036889500840508E+00
  0.2822500000000000E+02   0.6885434808640583E+00   0.4770660320742179E-01  -0.1697176115736284E+00   0.2872914316407444E-01   0.2236406863311464E-04   0.8842602967682772E-02   0.1001465226417926E+00
  0.2827500000000000E+02   0.6899692794620989E+00   0.4616806955655615E-01  -0.1688918659333016E+00   0.2777500764590704E-01   0.2165962798097352E-04   0.8735326627541114E-02   0.9654772520380096E-01
  0.2832500000000001E+02   0.6914614955892979E+00   0.4461367191688074E-01  -0.1680262167440291E+00   0.2681194576966290E-01   0.2094558252243981E-04   0.8624668171073812E-02   0.9292397485263164E-01
  0.2837500000000000E+02   0.6930257394653365E+00   0.4306028546766748E-01  -0.1671170734387615E+00   0.2585014297594767E-01   0.2022986627547217E-04   0.8510492957680625E-02   0.8931096143776014E-01
  0.2842500000000000E+02   0.6946627146917326E+00   0.4152457187320679E-01  -0.1661638585925094E+00   0.2489971938798104E-01   0.1952041823460305E-04   0.8392981876602094E-02   0.8574486325431763E-01
  0.2847499999999999E+02   0.6963689416628448E+00   0.4002170120212823E-01  -0.1651685803697113E+00   0.2396992989306281E-01   0.1882455371225445E-04   0.8272563411577118E-02   0.8225922921841222E-01
  0.2852500000000000E+02   0.6981377280498466E+00   0.3856449056351841E-01  -0.1641352446620629E+00   0.2306861864747900E-01   0.1814852922137857E-04   0.8149836093958808E-02   0.7888278084841545E-01
  0.2857500000000000E+02   0.6999602082563497E+00   0.3716295548417657E-01  -0.1630692179728525E+00   0.2220192893022969E-01   0.1749730408466364E-04   0.8025493159681783E-02   0.7563817607997707E-01
  0.2862500000000000E+02   0.7018263157760601E+00   0.3582421052944292E-01  -0.1619766270965614E+00   0.2137423112992982E-01   0.1687447185427459E-04   0.7900257471978936E-02   0.7254161852499194E-01
  0.2867500000000000E+02   0.7037256049756925E+00   0.3455262713507366E-01  -0.1608638492601727E+00   0.2058821271411690E-01   0.1628231924057620E-04   0.7774830772756053E-02   0.6960310984343082E-01
  0.2872500000000000E+02   0.7056478869607544E+00   0.3335015384651580E-01  -0.1597371162429932E+00   0.1984507140039297E-01   0.1572196754540580E-04   0.7649858031103707E-02   0.6682712243134380E-01
  0.2877500000000000E+02   0.7075836799221550E+00   0.3221671771955565E-01  -0.1586022333148637E+00   0.1914476065611643E-01   0.1519355722233314E-04   0.7525905466638220E-02   0.6421349382111265E-01
  0.2882500000000000E+02   0.7095244959606727E+00   0.3115064630281048E-01  -0.1574643999366838E+00   0.1848624930535251E-01   0.1469644568336146E-04   0.7403449712444333E-02   0.6175839026694695E-01
  0.2887500000000000E+02   0.7114629959185785E+00   0.3014907067422027E-01  -0.1563281128734396E+00   0.1786777012145337E-01   0.1422939848207580E-04   0.7282875296129529E-02   0.5945523719434841E-01
  0.2892500000000000E+02   0.7133930448076182E+00   0.2920828766002777E-01  -0.1551971314701858E+00   0.1728704337312331E-01   0.1379076257275450E-04   0.7164477849117771E-02   0.5729555788501794E-01
  0.2897500000000000E+02   0.7153096965816730E+00   0.2832407221892594E-01  -0.1540744870970280E+00   0.1674146942425575E-01   0.1337861668902955E-04   0.7048470936272721E-02   0.5526969448147519E-01
  0.2902500000000000E+02   0.7172091310751630E+00   0.2749193912528464E-01  -0.1529625223985996E+00   0.1622828968744983E-01   0.1299089798294174E-04   0.6934994940938080E-02   0.5336740677910528E-01
  0.2907500000000000E+02   0.7190885598039505E+00   0.2670735738200939E-01  -0.1518629497839272E+00   0.1574471801179148E-01   0.1262550628730547E-04   0.6824126932163816E-02   0.5157835613150106E-01
  0.2912500000000000E+02   0.7209461120881148E+00   0.2596592232536174E-01  -0.1507769218708840E+00   0.1528804562316304E-01   0.1228038822078502E-04   0.6715890828358028E-02   0.4989248669679158E-01
  0.2917500000000000E+02   0.7227807090910298E+00   0.2526349020449702E-01  -0.1497051090429959E+00   0.1485572268702158E-01   0.1195360335060107E-04   0.6610267441616076E-02   0.4830031674102615E-01
  0.2922499999999999E+02   0.7245919309547044E+00   0.2459627902138094E-01  -0.1486477808307598E+00   0.1444541898615257E-01   0.1164337419622778E-04   0.6507204149936638E-02   0.4679315094381983E-01
  0.2927500000000000E+02   0.7263798810598674E+00   0.2396093829227356E-01  -0.1476048886068997E+00   0.1405506552771832E-01   0.1134812133736682E-04   0.6406624023572088E-02   0.4536322226351056E-01
  0.2932500000000000E+02   0.7281450511998038E+00   0.2335458961221325E-01  -0.1465761472976614E+00   0.1368287840693796E-01   0.1106648451563665E-04   0.6308434255555192E-02   0.4400377002350277E-01
  0.2937500000000000E+02   0.7298881916977402E+00   0.2277483971801125E-01  -0.1455611137212549E+00   0.1332736611345037E-01   0.1079733051959472E-04   0.6212533744133796E-02   0.4270906007113307E-01
  0.2942499999999999E+02   0.7316101907858821E+00   0.2221976818543846E-01  -0.1445592590303796E+00   0.1298732169352427E-01   0.1053974884010582E-04   0.6118819671816048E-02   0.4147435325229296E-01
  0.2947500000000000E+02   0.7333119675457862E+00   0.2168789280643625E-01  -0.1435700327710804E+00   0.1266180168625462E-01   0.1029303650916483E-04   0.6027192940050625E-02   0.4029582976027655E-01
  0.2952500000000000E+02   0.7349943821749445E+00   0.2117811678697834E-01  -0.1425929164009541E+00   0.1235009436712444E-01   0.1005667405743179E-04   0.5937562358624175E-02   0.3917047861371270E-01
  0.2957500000000000E+02   0.7366581662635925E+00   0.2068966285587563E-01  -0.1416274647548499E+00   0.1205168036391489E-01   0.9830294987303816E-05   0.5849847552890450E-02   0.3809596296547949E-01
  0.2962500000000000E+02   0.7383038742789045E+00   0.2022199989712543E-01  -0.1406733348241156E+00   0.1176618899227714E-01   0.9613651422841241E-05   0.5763980629949103E-02   0.3707047260596843E-01
  0.2967500000000000E+02   0.7399318558170148E+00   0.1977476765160675E-01  -0.1397303021761614E+00   0.1149335359691823E-01   0.9406578584572581E-05   0.5679906722397898E-02   0.3609257459888513E-01
  0.2972500000000000E+02   0.7415422466881603E+00   0.1934770436978328E-01  -0.1387982662141999E+00   0.1123296877534822E-01   0.9208960438145295E-05   0.5597583590925964E-02   0.3516107147087704E-01
  0.2977500000000000E+02   0.7431349757927815E+00   0.1894058116721646E-01  -0.1378772461190512E+00   0.1098485168263636E-01   0.9020698340347468E-05   0.5516980504443667E-02   0.3427487402834642E-01
  0.2982500000000000E+02   0.7447097841712427E+00   0.1855314546059651E-01  -0.1369673696424785E+00   0.1074880879817409E-01   0.8841683857866447E-05   0.5438076624481887E-02   0.3343289312263875E-01
  0.2987500000000000E+02   0.7462662525906028E+00   0.1818507449012230E-01  -0.1360688569223885E+00   0.1052460872364260E-01   0.8671776280501007E-05   0.5360859101357844E-02   0.3263395199493778E-01
  0.2992500000000000E+02   0.7478038344868392E+00   0.1783593877816987E-01  -0.1351820012138727E+00   0.1031196089998397E-01   0.8510784794443295E-05   0.5285321049947874E-02   0.3187671860066414E-01
  0.2997500000000000E+02   0.7493218918594062E+00   0.1750517457979174E-01  -0.1343071479659379E+00   0.1011049966432146E-01   0.8358454894056256E-05   0.5211459522103748E-02   0.3115965579956140E-01
  0.3002500000000000E+02   0.7508197326385888E+00   0.1719206401454483E-01  -0.1334446731269566E+00   0.9919772853155397E-02   0.8214458426460641E-05   0.5139273540279866E-02   0.3048098660865851E-01
  0.3007500000000000E+02   0.7522966489411677E+00   0.1689572162842738E-01  -0.1325949610338759E+00   0.9739234192463128E-02   0.8078386682941878E-05   0.5068762210983922E-02   0.2983867182529875E-01
  0.3012500000000000E+02   0.7537519563457962E+00   0.1661508656355124E-01  -0.1317583818183559E+00   0.9568238964603062E-02   0.7949746149916804E-05   0.4999922903441334E-02   0.2923039811490274E-01
  0.3017500000000000E+02   0.7551850347340668E+00   0.1634892021829491E-01  -0.1309352680172909E+00   0.9406042850798938E-02   0.7827956866849878E-05   0.4932749462627779E-02   0.2865357593811206E-01
  0.3022500000000000E+02   0.7565953712624226E+00   0.1609581013826875E-01  -0.1301258900587722E+00   0.9251804344054020E-02   0.7712353750921700E-05   0.4867230429105853E-02   0.2810534823256712E-01
  0.3027500000000000E+02   0.7579826055903232E+00   0.1585418173228354E-01  -0.1293304305427370E+00   0.9104591620312595E-02   0.7602191664228766E-05   0.4803347261781263E-02   0.2758261228633105E-01
  0.3032500000000000E+02   0.7593465765721035E+00   0.1562232006366882E-01  -0.1285489577581322E+00   0.8963395134326379E-02   0.7496655325768677E-05   0.4741072602546489E-02   0.2708205840728816E-01
  0.3037500000000000E+02   0.7606873682768633E+00   0.1539840419610734E-01  -0.1277813996439735E+00   0.8827147340025734E-02   0.7394875296143029E-05   0.4680368679442226E-02   0.2660022941696726E-01
  0.3042500000000000E+02   0.7620053515967453E+00   0.1518055613318625E-01  -0.1270275203156535E+00   0.8694750685998318E-02   0.7295951069246099E-05   0.4621186008578800E-02   0.2613360427509319E-01
  0.3047500000000000E+02   0.7633012161475146E+00   0.1496690508702056E-01  -0.1262869021638789E+00   0.8565114294433896E-02   0.7198981694044551E-05   0.4563462610357219E-02   0.2567870695170456E-01
  0.3052500000000000E+02   0.7645759861087015E+00   0.1475566558877262E-01  -0.1255589371337487E+00   0.8437198466187276E-02   0.7103103288486049E-05   0.4507123983525738E-02   0.2523223792426637E-01
  0.3057500000000000E+02   0.7658310136233115E+00   0.1454522500693691E-01  -0.1248428308041336E+00   0.8310064476933733E-02   0.7007531383400698E-05   0.4452084061076461E-02   0.2479122072509759E-01
  0.3062500000000000E+02   0.7670679448351135E+00   0.1433423288529697E-01  -0.1241376220534672E+00   0.8182925335201466E-02   0.6911604490853092E-05   0.4398247290129401E-02   0.2435315067989017E-01
  0.3067500000000000E+02   0.7682886567527580E+00   0.1412168196338174E-01  -0.1234422193223712E+00   0.8055191725333198E-02   0.6814824018837513E-05   0.4345511832900537E-02   0.2391612873466300E-01
  0.3072500000000000E+02   0.7694951675750233E+00   0.1390696972152713E-01  -0.1227554519492244E+00   0.7926506783329809E-02   0.6716885103141149E-05   0.4293773697463978E-02   0.2347896162348348E-01
  0.3077500000000000E+02   0.7706895280186097E+00   0.1368993051255458E-01  -0.1220761322595443E+00   0.7796764056426012E-02   0.6617693453725425E-05   0.4242931416168273E-02   0.2304121177824714E-01
  0.3082500000000000E+02   0.7718737053031436E+00   0.1347083195282932E-01  -0.1214031217503810E+00   0.7666105062691854E-02   0.6517365006598204E-05   0.4192890748713839E-02   0.2260318656577665E-01
  0.3087500000000000E+02   0.7730494735263701E+00   0.1325033463618349E-01  -0.1207353935343033E+00   0.7534895945285861E-02   0.6416207753913418E-05   0.4143568842315131E-02   0.2216586560751868E-01
  0.3092500000000000E+02   0.7742183234635536E+00   0.1302942013610092E-01  -0.1200720836164133E+00   0.7403686082406899E-02   0.6314687990718417E-05   0.4094897354098774E-02   0.2173077493147368E-01
  0.3097500000000000E+02   0.7753814014384267E+00   0.1280929716080379E-01  -0.1194125255194904E+00   0.7273154304380979E-02   0.6213385632134926E-05   0.4046824216101156E-02   0.2129982495350384E-01
  0.3102500000000000E+02   0.7765394817560377E+00   0.1259129841328212E-01  -0.1187562657216060E+00   0.7144049894205772E-02   0.6112944621904820E-05   0.3999313954423945E-02   0.2087513374087810E-01
  0.3107500000000000E+02   0.7776929716528300E+00   0.1237678070143198E-01  -0.1181030605314907E+00   0.7017135533371428E-02   0.6014024519970375E-05   0.3952346700667192E-02   0.2045885687321404E-01
  0.3112500000000000E+02   0.7788419431513298E+00   0.1216703848559902E-01  -0.1174528576315028E+00   0.6893137998807784E-02   0.5917258271767283E-05   0.3905916203114720E-02   0.2005304109148733E-01
  0.3117500000000000E+02   0.7799861834671079E+00   0.1196323727531056E-01  -0.1168057670753883E+00   0.6772710254060120E-02   0.5823219366414467E-05   0.3860027228948305E-02   0.1965951242261809E-01
  0.3122500000000000E+02   0.7811252549064220E+00   0.1176636920513056E-01  -0.1161620269243318E+00   0.6656406243886967E-02   0.5732399621247477E-05   0.3814692747048728E-02   0.1927980248789261E-01
  0.3127500000000000E+02   0.7822585561583912E+00   0.1157722964255761E-01  -0.1155219681451018E+00   0.6544667716776539E-02   0.5645197132656348E-05   0.3769931215156154E-02   0.1891511079878895E-01
  0.3132500000000000E+02   0.7833853788737620E+00   0.1139641131610651E-01  -0.1148859822521865E+00   0.6437821053328731E-02   0.5561912762394134E-05   0.3725764195905511E-02   0.1856629686704324E-01
  0.3137500000000000E+02   0.7845049557586180E+00   0.1122431129504869E-01  -0.1142544938378616E+00   0.6336081423479471E-02   0.5482752939454625E-05   0.3682214421964434E-02   0.1823389405432803E-01
  0.3142500000000000E+02   0.7856164985810511E+00   0.1106114600949055E-01  -0.1136279388941621E+00   0.6239561519849048E-02   0.5407836462479834E-05   0.3639304340852861E-02   0.1791813691376825E-01
  0.3147500000000000E+02   0.7867192262028523E+00   0.1090697004553005E-01  -0.1130067488533477E+00   0.6148282431365833E-02   0.5337203232358227E-05   0.3597055104409796E-02   0.1761899476454887E-01
  0.3152500000000000E+02   0.7878123839191404E+00   0.1076169535976089E-01  -0.1123913396079251E+00   0.6062184744235838E-02   0.5270823272459249E-05   0.3555485927384394E-02   0.1733620583023161E-01
  0.3157500000000000E+02   0.7888952560629978E+00   0.1062510857923930E-01  -0.1117821043903342E+00   0.5981138542556784E-02   0.5208604882485523E-05   0.3514613720383003E-02   0.1706930803013415E-01
  0.3162500000000000E+02   0.7899671741181278E+00   0.1049688503299108E-01  -0.1111794092333251E+00   0.5904951540297194E-02   0.5150401245214210E-05   0.3474452898658449E-02   0.1681766417834569E-01
  0.3167500000000000E+02   0.7910275225953085E+00   0.1037659903062610E-01  -0.1105835897286209E+00   0.5833375070884958E-02   0.5096015228937824E-05   0.3435015274571814E-02   0.1658048080103118E-01
  0.3172500000000000E+02   0.7920757447561642E+00   0.1026373065235492E-01  -0.1099949479027623E+00   0.5766108084537902E-02   0.5045202496286201E-05   0.3396309954055171E-02   0.1635682101388306E-01
  0.3177500000000000E+02   0.7931113499582210E+00   0.1015766995977389E-01  -0.1094137482072500E+00   0.5702799666695113E-02   0.4997673350082607E-05   0.3358343173929440E-02   0.1614561293954225E-01
  0.3182500000000000E+02   0.7941339239562852E+00   0.1005772009446806E-01  -0.1088402118700708E+00   0.5643050903123594E-02   0.4953094026592474E-05   0.3321118036954121E-02   0.1594565602150034E-01
  0.3187500000000000E+02   0.7951431429069584E+00   0.9963101194099464E-02  -0.1082745091880524E+00   0.5586417174767376E-02   0.4911088381995923E-05   0.3284634125477447E-02   0.1575562830114441E-01
  0.3192500000000000E+02   0.7961387910590341E+00   0.9872957375666395E-02  -0.1077167497688053E+00   0.5532412142169130E-02   0.4871241085501866E-05   0.3248887003140901E-02   0.1557409820048465E-01
  0.3197499999999999E+02   0.7971207811691901E+00   0.9786369120675320E-02  -0.1071669712589968E+00   0.5480514724278973E-02   0.4833103486090509E-05   0.3213867646973827E-02   0.1539954445704021E-01
  0.3202500000000000E+02   0.7980891756143085E+00   0.9702373122165894E-02  -0.1066251276918880E+00   0.5430180220481782E-02   0.4796203196493599E-05   0.3179561887045829E-02   0.1523038740130426E-01
  0.3207500000000000E+02   0.7990442051218642E+00   0.9619990897428753E-02  -0.1060910791717140E+00   0.5380856300502616E-02   0.4760058075461333E-05   0.3145949962373202E-02   0.1506503356888173E-01
  0.3212500000000000E+02   0.7999862812486923E+00   0.9538266175502378E-02  -0.1055645850516160E+00   0.5332003863047402E-02   0.4724194656064988E-05   0.3113006321825679E-02   0.1490193361606552E-01
  0.3217500000000000E+02   0.8009159985117859E+00   0.9456309314819111E-02  -0.1050453028853434E+00   0.5283121785553142E-02   0.4688170199501424E-05   0.3080699797683689E-02   0.1473965078823818E-01
  0.3222500000000000E+02   0.8018341226962324E+00   0.9373345065145205E-02  -0.1045327950832904E+00   0.5233773505986214E-02   0.4651596581937869E-05   0.3048994249255153E-02   0.1457693419891631E-01
  0.3227500000000000E+02   0.8027415634663411E+00   0.9288758316008788E-02  -0.1040265443081743E+00   0.5183612448002980E-02   0.4614163371719946E-05   0.3017849712525784E-02   0.1441278862063229E-01
  0.3232500000000000E+02   0.8036393318397727E+00   0.9202131612046119E-02  -0.1035259772873935E+00   0.5132402824234517E-02   0.4575656996437155E-05   0.2987224006763013E-02   0.1424653119983892E-01
  0.3237499999999999E+02   0.8045284858787500E+00   0.9113268600547826E-02  -0.1030304951618042E+00   0.5080032571559814E-02   0.4535973056748654E-05   0.2957074658170004E-02   0.1407782615308662E-01
  0.3242500000000000E+02   0.8054100704004681E+00   0.9022199331269704E-02  -0.1025395071285190E+00   0.5026516154712623E-02   0.4495119686675155E-05   0.2927360928162186E-02   0.1390669126007314E-01
  0.3247499999999999E+02   0.8062850578982123E+00   0.8929166143179052E-02  -0.1020524633652418E+00   0.4971986546476271E-02   0.4453211242986756E-05   0.2898045701728970E-02   0.1373347434970835E-01
  0.3252500000000000E+02   0.8071542977549233E+00   0.8834592059747765E-02  -0.1015688832902839E+00   0.4916677470000312E-02   0.4410453192974994E-05   0.2869097010864608E-02   0.1355880290686111E-01
  0.3257500000000000E+02   0.8080184792423651E+00   0.8739036342023783E-02  -0.1010883761032647E+00   0.4860898507542106E-02   0.4367120446363010E-05   0.2840489034405412E-02   0.1338351412202624E-01
  0.3262500000000000E+02   0.8088781112087651E+00   0.8643143448027038E-02  -0.1006106519994356E+00   0.4805006567645948E-02   0.4323532204597263E-05   0.2812202509626831E-02   0.1320857513439842E-01
  0.3267500000000000E+02   0.8097335185024953E+00   0.8547591841569490E-02  -0.1001355240441524E+00   0.4749377306227211E-02   0.4280026532518965E-05   0.2784224586783071E-02   0.1303500346382440E-01
  0.3272499999999999E+02   0.8105848527714358E+00   0.8453048048316415E-02  -0.9966290203590222E-01   0.4694379509314351E-02   0.4236937366633799E-05   0.2756548232555087E-02   0.1286379595639189E-01
  0.3277500000000001E+02   0.8114321137745408E+00   0.8360129547629170E-02  -0.9919278052193603E-01   0.4640354432590530E-02   0.4194575792045940E-05   0.2729171329274060E-02   0.1269587172843941E-01
  0.3282500000000000E+02   0.8122751768587767E+00   0.8269378083552045E-02  -0.9872522339662637E-01   0.4587600972656074E-02   0.4153216427982197E-05   0.2702095622811912E-02   0.1253203146891661E-01
  0.3287500000000000E+02   0.8131138226200360E+00   0.8181243242904904E-02  -0.9826034730541267E-01   0.4536366576792776E-02   0.4113088893679008E-05   0.2675325651187163E-02   0.1237293277081172E-01
  0.3292500000000000E+02   0.8139477656593249E+00   0.8096074944803723E-02  -0.9779830557653169E-01   0.4486843127676310E-02   0.4074373716664640E-05   0.2648867750221059E-02   0.1221907930998961E-01
  0.3297500000000000E+02   0.8147766804308507E+00   0.8014122870587144E-02  -0.9733927379561780E-01   0.4439166697927529E-02   0.4037201726417904E-05   0.2622729193400493E-02   0.1207082075556450E-01
  0.3302500000000000E+02   0.8156002231984840E+00   0.7935540748162530E-02  -0.9688343756863682E-01   0.4393420007046782E-02   0.4001655907405776E-05   0.2596917488592514E-02   0.1192836013778988E-01
  0.3307500000000000E+02   0.8164180499215834E+00   0.7860393635413543E-02  -0.9643098256987415E-01   0.4349636543409590E-02   0.3967774791332582E-05   0.2571439828599561E-02   0.1179176577333275E-01
  0.3312499999999999E+02   0.8172298304271962E+00   0.7788666764097843E-02  -0.9598208667315056E-01   0.4307805547478037E-02   0.3935556670290362E-05   0.2546302676687647E-02   0.1166098550448931E-01
  0.3317500000000000E+02   0.8180352595059188E+00   0.7720274979491321E-02  -0.9553691380868778E-01   0.4267877317139246E-02   0.3904964145875736E-05   0.2521511461064507E-02   0.1153586174797953E-01
  0.3322500000000000E+02   0.8188340656395945E+00   0.7655072253785666E-02  -0.9509560914894322E-01   0.4229768543053548E-02   0.3875928749702415E-05   0.2497070351823965E-02   0.1141614653490722E-01
  0.3327500000000000E+02   0.8196260179871090E+00   0.7592861111343547E-02  -0.9465829527255798E-01   0.4193367582480594E-02   0.3848355551598057E-05   0.2472982097958402E-02   0.1130151627827359E-01
  0.3332500000000000E+02   0.8204109320738691E+00   0.7533402055946619E-02  -0.9422506905607375E-01   0.4158539720290066E-02   0.3822127799658087E-05   0.2449247908763520E-02   0.1119158639108492E-01
  0.3337500000000000E+02   0.8211886743986248E+00   0.7476423224971306E-02  -0.9379599917176240E-01   0.4125132540872765E-02   0.3797111705910942E-05   0.2425867371739936E-02   0.1108592608492276E-01
  0.3342500000000000E+02   0.8219591659301071E+00   0.7421630513853056E-02  -0.9337112420349414E-01   0.4092981545140446E-02   0.3773161502368366E-05   0.2402838406631831E-02   0.1098407370951814E-01
  0.3347499999999999E+02   0.8227223842542676E+00   0.7368718325274829E-02  -0.9295045150959136E-01   0.4061916097934504E-02   0.3750124848597512E-05   0.2380157261412109E-02   0.1088555286412690E-01
  0.3352500000000001E+02   0.8234783639869536E+00   0.7317380919850613E-02  -0.9253395704216005E-01   0.4031765693402686E-02   0.3727848582501310E-05   0.2357818559860463E-02   0.1078988925088463E-01
  0.3357500000000000E+02   0.8242271950178419E+00   0.7267324109319563E-02  -0.9212158635937817E-01   0.4002366396276214E-02   0.3706184685822020E-05   0.2335815411137277E-02   0.1069662789552344E-01
  0.3362500000000000E+02   0.8249690182196708E+00   0.7218276782795903E-02  -0.9171325702958744E-01   0.3973567179451302E-02   0.3684996206774974E-05   0.2314139589057108E-02   0.1060534999652228E-01
  0.3367499999999999E+02   0.8257040184442062E+00   0.7170001544010216E-02  -0.9130886252290193E-01   0.3945235761799715E-02   0.3664162770953979E-05   0.2292781782799892E-02   0.1051568835727542E-01
  0.3372500000000000E+02   0.8264324149107213E+00   0.7122303615713887E-02  -0.9090827752975172E-01   0.3917263483799335E-02   0.3643585245581163E-05   0.2271731912434277E-02   0.1042734018428933E-01
  0.3377500000000000E+02   0.8271544494271961E+00   0.7075037177185912E-02  -0.9051136446222097E-01   0.3889568764651168E-02   0.3623189122732007E-05   0.2250979493375505E-02   0.1034007605611591E-01
  0.3382500000000000E+02   0.8278703732047233E+00   0.7028108457657794E-02  -0.9011798071857491E-01   0.3862098771447428E-02   0.3602926263198934E-05   0.2230514025647153E-02   0.1025374410386374E-01
  0.3387500000000000E+02   0.8285804332647044E+00   0.6981475195205061E-02  -0.8972798616081434E-01   0.3834829089032310E-02   0.3582774786268030E-05   0.2210325378384708E-02   0.1016826886779679E-01
  0.3392500000000000E+02   0.8292848595443475E+00   0.6935142438697136E-02  -0.8934125019792016E-01   0.3807761381639611E-02   0.3562737077767491E-05   0.2190404138671521E-02   0.1008364483346515E-01
  0.3397500000000000E+02   0.8299838537565331E+00   0.6889155051596313E-02  -0.8895765789570309E-01   0.3780919246675165E-02   0.3542836084753301E-05   0.2170741896871448E-02   0.9999925204823222E-02
  0.3402500000000000E+02   0.8306775808689552E+00   0.6843587601390682E-02  -0.8857711464018725E-01   0.3754342639031366E-02   0.3523110234463031E-05   0.2151331447436792E-02   0.9917206939793340E-02
  0.3407500000000000E+02   0.8313661637788222E+00   0.6798532535305436E-02  -0.8819954904076266E-01   0.3728081362623371E-02   0.3503607430522258E-05   0.2132166893253197E-02   0.9835613380866476E-02
  0.3412500000000000E+02   0.8320496814337200E+00   0.6754087629438498E-02  -0.8782491393867620E-01   0.3702188172339775E-02   0.3484378628634751E-05   0.2113243651132719E-02   0.9755275928559308E-02
  0.3417500000000000E+02   0.8327281703452062E+00   0.6710343664201002E-02  -0.8745318555352544E-01   0.3676712009712789E-02   0.3465471481235068E-05   0.2094558364459622E-02   0.9676316144330371E-02
  0.3422499999999999E+02   0.8334016292011573E+00   0.6667373157733169E-02  -0.8708436093231253E-01   0.3651691828032547E-02   0.3446924482564323E-05   0.2076108735181713E-02   0.9598829482430625E-02
  0.3427500000000000E+02   0.8340700261229296E+00   0.6625220825436802E-02  -0.8671845395299671E-01   0.3627151371947148E-02   0.3428761964934498E-05   0.2057893291016151E-02   0.9522871602948971E-02
  0.3432500000000000E+02   0.8347333080269054E+00   0.6583896269196261E-02  -0.8635549018131716E-01   0.3603095185513054E-02   0.3410990214752645E-05   0.2039911105261057E-02   0.9448447971490454E-02
  0.3437500000000000E+02   0.8353914115125414E+00   0.6543369261459501E-02  -0.8599550089943442E-01   0.3579506046140124E-02   0.3393594907352740E-05   0.2022161486764596E-02   0.9375507244170486E-02
  0.3442500000000000E+02   0.8360442746793243E+00   0.6503567885016199E-02  -0.8563851663485067E-01   0.3556343964249753E-02   0.3376540007148752E-05   0.2004643657312385E-02   0.9303938781414410E-02
  0.3447500000000000E+02   0.8366918492455787E+00   0.6464379707979332E-02  -0.8528456053323596E-01   0.3533546843676193E-02   0.3359768238579297E-05   0.1987356433695600E-02   0.9233574514495775E-02
  0.3452500000000000E+02   0.8373341122880645E+00   0.6425656090068109E-02  -0.8493364194734299E-01   0.3511032852165213E-02   0.3343203190870013E-05   0.1970297932369542E-02   0.9164195268829388E-02
  0.3457500000000000E+02   0.8379710768463725E+00   0.6387219599971794E-02  -0.8458575065417717E-01   0.3488704487906025E-02   0.3326753059710061E-05   0.1953465315749861E-02   0.9095541483689580E-02
  0.3462500000000001E+02   0.8386028005639792E+00   0.6348874348133099E-02  -0.8424085215110977E-01   0.3466454232560246E-02   0.3310315937612077E-05   0.1936854600155012E-02   0.9027328021964778E-02
  0.3467500000000000E+02   0.8392293915088209E+00   0.6310418794101987E-02  -0.8389888449665528E-01   0.3444171547938120E-02   0.3293786436024003E-05   0.1920460545136816E-02   0.8959262420811614E-02
  0.3472500000000000E+02   0.8398510103781992E+00   0.6271660286921618E-02  -0.8355975712717323E-01   0.3421750810102699E-02   0.3277063263120564E-05   0.1904276641283496E-02   0.8891065514956430E-02
  0.3477499999999999E+02   0.8404678684864985E+00   0.6232430284197993E-02  -0.8322335197463582E-01   0.3399099604915745E-02   0.3260057213898193E-05   0.1888295207637087E-02   0.8822492930307565E-02
  0.3482500000000000E+02   0.8410802212759788E+00   0.6192598938809168E-02  -0.8288952702397057E-01   0.3376146670048454E-02   0.3242698889346212E-05   0.1872507600439870E-02   0.8753355592650343E-02
  0.3487500000000000E+02   0.8416883575584184E+00   0.6152087619930331E-02  -0.8255812219364944E-01   0.3352848702873843E-02   0.3224945390475780E-05   0.1856904522822589E-02   0.8683537234337823E-02
  0.3492500000000000E+02   0.8422925852224477E+00   0.6110878012109590E-02  -0.8222896713626260E-01   0.3329195296697101E-02   0.3206785265833824E-05   0.1841476412135881E-02   0.8613007001449504E-02
  0.3497499999999999E+02   0.8428932146281695E+00   0.6069016738747531E-02  -0.8190189029124439E-01   0.3305211433597647E-02   0.3188241142941688E-05   0.1826213870492217E-02   0.8541825700243859E-02
  0.3502500000000000E+02   0.8434905412486697E+00   0.6026614954950796E-02  -0.8157672833870100E-01   0.3280957234483777E-02   0.3169369730856145E-05   0.1811108097343651E-02   0.8470144931522759E-02
  0.3507500000000000E+02   0.8440848292233751E+00   0.5983842964305610E-02  -0.8125333514703492E-01   0.3256524999338776E-02   0.3150259199279363E-05   0.1796151282390138E-02   0.8398199223568738E-02
  0.3512499999999999E+02   0.8446762973302235E+00   0.5940920514632388E-02  -0.8093158939427203E-01   0.3232033897627338E-02   0.3131024256778905E-05   0.1781336923159331E-02   0.8326292118908349E-02
  0.3517500000000000E+02   0.8452651084967182E+00   0.5898103898721330E-02  -0.8061140025474200E-01   0.3207622924819583E-02   0.3111799502991175E-05   0.1766660042954781E-02   0.8254777827890481E-02
  0.3522500000000000E+02   0.8458513634433896E+00   0.5855671241706762E-02  -0.8029271083025769E-01   0.3183442879414883E-02   0.3092731770957461E-05   0.1752117299008105E-02   0.8184040413498989E-02
  0.3527500000000000E+02   0.8464350985028630E+00   0.5813907368629601E-02  -0.7997549930498715E-01   0.3159648120369408E-02   0.3073972189436119E-05   0.1737706984589307E-02   0.8114472478652206E-02
  0.3532500000000000E+02   0.8470162871917258E+00   0.5773089444614203E-02  -0.7965977805697066E-01   0.3136388754381511E-02   0.3055668595810451E-05   0.1723428939920457E-02   0.8046455034668217E-02
  0.3537500000000000E+02   0.8475948448039493E+00   0.5733474239372169E-02  -0.7934559112687001E-01   0.3113803716201106E-02   0.3037958755626214E-05   0.1709284393409041E-02   0.7980339742446826E-02
  0.3542500000000000E+02   0.8481706351701095E+00   0.5695287477429986E-02  -0.7903301051187461E-01   0.3092014992087519E-02   0.3020964641756079E-05   0.1695275756611173E-02   0.7916434163678925E-02
  0.3547500000000000E+02   0.8487434787696350E+00   0.5658715377280949E-02  -0.7872213172877673E-01   0.3071123041248956E-02   0.3004787837874609E-05   0.1681406394134852E-02   0.7854990153039745E-02
  0.3552500000000000E+02   0.8493131615487424E+00   0.5623898214103915E-02  -0.7841306899974665E-01   0.3051203323814478E-02   0.2989505988207928E-05   0.1667680384718704E-02   0.7796195144120871E-02
  0.3557500000000000E+02   0.8498794440279988E+00   0.5590925590175132E-02  -0.7810595028815615E-01   0.3032303761979311E-02   0.2975170134146640E-05   0.1654102283475505E-02   0.7740165870693108E-02
  0.3562500000000000E+02   0.8504420705259753E+00   0.5559833067573587E-02  -0.7780091227965125E-01   0.3014442944916236E-02   0.2961802760630207E-05   0.1640676889131694E-02   0.7686944023722172E-02
  0.3567500000000000E+02   0.8510007785342204E+00   0.5530599894408065E-02  -0.7749809529003371E-01   0.2997608929678514E-02   0.2949396414084594E-05   0.1627409015074296E-02   0.7636493451457805E-02
  0.3572500000000000E+02   0.8515553084202038E+00   0.5503147713380043E-02  -0.7719763800453550E-01   0.2981758575845025E-02   0.2937912836332279E-05   0.1614303259852379E-02   0.7588698728740196E-02
  0.3577500000000000E+02   0.8521054136855837E+00   0.5477340349081684E-02  -0.7689967192539160E-01   0.2966817464200373E-02   0.2927282669249458E-05   0.1601363771911031E-02   0.7543365208684659E-02
  0.3582500000000000E+02   0.8526508719520657E+00   0.5452984992516214E-02  -0.7660431543426938E-01   0.2952680570020604E-02   0.2917405904340996E-05   0.1588594004979104E-02   0.7500220975674877E-02
  0.3587499999999999E+02   0.8531914966800511E+00   0.5429835296887211E-02  -0.7631166746634888E-01   0.2939213967331018E-02   0.2908153357963273E-05   0.1575996464685201E-02   0.7458921386678062E-02
  0.3592500000000000E+02   0.8537271493525255E+00   0.5407597020371417E-02  -0.7602180094016331E-01   0.2926257906232927E-02   0.2899369521100346E-05   0.1563572453343840E-02   0.7419057053778463E-02
  0.3597499999999999E+02   0.8542577515037364E+00   0.5385936848097626E-02  -0.7573475627780046E-01   0.2913631603416888E-02   0.2890877134408978E-05   0.1551321827708712E-02   0.7380166115176625E-02
  0.3602500000000000E+02   0.8547832955911218E+00   0.5364494850127688E-02  -0.7545053555563086E-01   0.2901139991115356E-02   0.2882483748745742E-05   0.1539242792542527E-02   0.7341751401919252E-02
  0.3607500000000000E+02   0.8553038533808928E+00   0.5342900658035621E-02  -0.7516909800246996E-01   0.2888582467614112E-02   0.2873990332982512E-05   0.1527331759223785E-02   0.7303302597900375E-02
  0.3612500000000000E+02   0.8558195803459724E+00   0.5320792882830019E-02  -0.7489035765426755E-01   0.2875763390239061E-02   0.2865201690299546E-05   0.1515583301043042E-02   0.7264322730205240E-02
  0.3617500000000000E+02   0.8563307146632448E+00   0.5297840622014651E-02  -0.7461418392618180E-01   0.2862503687646776E-02   0.2855938078033949E-05   0.1503990233222137E-02   0.7224357412504030E-02
  0.3622499999999999E+02   0.8568375698139354E+00   0.5273765245394808E-02  -0.7434040563733813E-01   0.2848652613505248E-02   0.2846047064869126E-05   0.1492543834841111E-02   0.7183024375598534E-02
  0.3627500000000000E+02   0.8573405205310023E+00   0.5248360180890701E-02  -0.7406881862375470E-01   0.2834098411660504E-02   0.2835414396254571E-05   0.1481234212343350E-02   0.7140040191270565E-02
  0.3632500000000000E+02   0.8578399827960400E+00   0.5221506310748763E-02  -0.7379919655747247E-01   0.2818776604026541E-02   0.2823972566410431E-05   0.1470050782854586E-02   0.7095240954916445E-02
  0.3637500000000000E+02   0.8583363895691853E+00   0.5193180935676326E-02  -0.7353130406083097E-01   0.2802674800799370E-02   0.2811705970023924E-05   0.1458982834792076E-02   0.7048594173862222E-02
  0.3642500000000000E+02   0.8588301646995642E+00   0.5163459051384972E-02  -0.7326491079323882E-01   0.2785833358163137E-02   0.2798651922130430E-05   0.1448020108402245E-02   0.7000200184989988E-02
  0.3647500000000000E+02   0.8593216978055244E+00   0.5132506758275831E-02  -0.7299980500444847E-01   0.2768341789993076E-02   0.2784897412040748E-05   0.1437153334105078E-02   0.6950282891115771E-02
  0.3652500000000000E+02   0.8598113227364672E+00   0.5100567745966688E-02  -0.7273580514530542E-01   0.2750331445055939E-02   0.2770572065592785E-05   0.1426374673356717E-02   0.6899171127284625E-02
  0.3657500000000000E+02   0.8602993015804347E+00   0.5067944700234143E-02  -0.7247276847757589E-01   0.2731965449637378E-02   0.2755838288345743E-05   0.1415678023420766E-02   0.6847273193053314E-02
  0.3662499999999999E+02   0.8607858152397123E+00   0.5034977981286718E-02  -0.7221059613358272E-01   0.2713427185255746E-02   0.2740879845825014E-05   0.1405059169586663E-02   0.6795047758849631E-02
  0.3667500000000000E+02   0.8612709605981002E+00   0.5002023954964047E-02  -0.7194923461569391E-01   0.2694908587728338E-02   0.2725890167730339E-05   0.1394515790571890E-02   0.6742974388466511E-02
  0.3672499999999999E+02   0.8617547534668268E+00   0.4969434987372003E-02  -0.7168867417718050E-01   0.2676599352575649E-02   0.2711061473337872E-05   0.1384047340423373E-02   0.6691526405887115E-02
  0.3677500000000000E+02   0.8622371359601764E+00   0.4937542490959988E-02  -0.7142894481477946E-01   0.2658677794977738E-02   0.2696575485724450E-05   0.1373654840513114E-02   0.6641147981504381E-02
  0.3682500000000000E+02   0.8627179867541369E+00   0.4906643714106916E-02  -0.7117011070941259E-01   0.2641303736389482E-02   0.2682596128709453E-05   0.1363340617833431E-02   0.6592236362985259E-02
  0.3687500000000000E+02   0.8631971327738179E+00   0.4876992346362160E-02  -0.7091226390097749E-01   0.2624613455150789E-02   0.2669264264048891E-05   0.1353108022183782E-02   0.6545129332524982E-02
  0.3692500000000000E+02   0.8636743611415616E+00   0.4848792558922432E-02  -0.7065551782812585E-01   0.2608716494227643E-02   0.2656694278136782E-05   0.1342961147371565E-02   0.6500097358419115E-02
  0.3697499999999999E+02   0.8641494305914551E+00   0.4822195844744623E-02  -0.7040000116182998E-01   0.2593693981697228E-02   0.2644972184945326E-05   0.1332904572645690E-02   0.6457339564507311E-02
  0.3702500000000001E+02   0.8646220819284908E+00   0.4797299948235232E-02  -0.7014585216027380E-01   0.2579598079645345E-02   0.2634154867346252E-05   0.1322943132160478E-02   0.6416982542416818E-02
  0.3707500000000000E+02   0.8650920474225708E+00   0.4774149238189625E-02  -0.6989321360419809E-01   0.2566452211734542E-02   0.2624270110085187E-05   0.1313081713522829E-02   0.6379081120025883E-02
  0.3712500000000000E+02   0.8655590592485323E+00   0.4752736029420867E-02  -0.6964222825259381E-01   0.2554251801698951E-02   0.2615317157780552E-05   0.1303325081936924E-02   0.6343620406514566E-02
  0.3717500000000000E+02   0.8660228572052222E+00   0.4733002552069349E-02  -0.6939303469292601E-01   0.2542965359445591E-02   0.2607267635428902E-05   0.1293677724176159E-02   0.6310518696783642E-02
  0.3722500000000000E+02   0.8664831959750126E+00   0.4714843465326749E-02  -0.6914576344473533E-01   0.2532535858017137E-02   0.2600066776514068E-05   0.1284143706345304E-02   0.6279631085020334E-02
  0.3727500000000000E+02   0.8669398521330131E+00   0.4698108985335448E-02  -0.6890053320345613E-01   0.2522882437844871E-02   0.2593634998978095E-05   0.1274726540778232E-02   0.6250753870006419E-02
  0.3732500000000000E+02   0.8673926309996762E+00   0.4682608823094570E-02  -0.6865744717334554E-01   0.2513902542562188E-02   0.2587869939551678E-05   0.1265429060014823E-02   0.6223630003945087E-02
  0.3737500000000000E+02   0.8678413732719296E+00   0.4668117189953159E-02  -0.6841658952350360E-01   0.2505474623880141E-02   0.2582649092346789E-05   0.1256253299136883E-02   0.6197955919478695E-02
  0.3742500000000000E+02   0.8682859611913566E+00   0.4654379113145087E-02  -0.6817802209567669E-01   0.2497461544968509E-02   0.2577833190813805E-05   0.1247200391273004E-02   0.6173390050103159E-02
  0.3747500000000000E+02   0.8687263238433403E+00   0.4641118206231098E-02  -0.6794178158071917E-01   0.2489714759504067E-02   0.2573270419557065E-05   0.1238270484186569E-02   0.6149563230577203E-02
  0.3752500000000000E+02   0.8691624410626900E+00   0.4628045864468796E-02  -0.6770787744393503E-01   0.2482079249892236E-02   0.2568801446426255E-05   0.1229462687872978E-02   0.6126090933632086E-02
  0.3757500000000000E+02   0.8695943453830596E+00   0.4614871622939817E-02  -0.6747629089985829E-01   0.2474399083854412E-02   0.2564265136290320E-05   0.1220775063387906E-02   0.6102586994041767E-02
  0.3762500000000000E+02   0.8700221215357442E+00   0.4601314161965615E-02  -0.6724697520029566E-01   0.2466523313046174E-02   0.2559504665711109E-05   0.1212204661274881E-02   0.6078678138971423E-02
  0.3767500000000000E+02   0.8704459031876862E+00   0.4587112219545400E-02  -0.6701985740066430E-01   0.2458311817208373E-02   0.2554373629826675E-05   0.1203747613888242E-02   0.6054018349878988E-02
  0.3772499999999999E+02   0.8708658668936829E+00   0.4572034528479584E-02  -0.6679484161688332E-01   0.2449640621576262E-02   0.2548741649537614E-05   0.1195399280035484E-02   0.6028301897284835E-02
  0.3777500000000001E+02   0.8712822235820156E+00   0.4555887881954648E-02  -0.6657181360081244E-01   0.2440406208178445E-02   0.2542498974489483E-05   0.1187154433617582E-02   0.6001273874818915E-02
  0.3782500000000000E+02   0.8716952082331041E+00   0.4538522568023717E-02  -0.6635064628015674E-01   0.2430528415160010E-02   0.2535559648734922E-05   0.1179007481610016E-02   0.5972737241909686E-02
  0.3787500000000000E+02   0.8721050686773621E+00   0.4519834689999183E-02  -0.6613120576633957E-01   0.2419951666608687E-02   0.2527862956441027E-05   0.1170952692147551E-02   0.5942555750670030E-02
  0.3792500000000000E+02   0.8725120545724223E+00   0.4499765261875421E-02  -0.6591335726249248E-01   0.2408644474718136E-02   0.2519373070686467E-05   0.1162984411700509E-02   0.5910652623025358E-02
  0.3797500000000000E+02   0.8729164075904055E+00   0.4478296367165052E-02  -0.6569697031992949E-01   0.2396597369858972E-02   0.2510077051608150E-05   0.1155097251808775E-02   0.5877005368737288E-02
  0.3802500000000000E+02   0.8733183536582632E+00   0.4455445021279421E-02  -0.6548192299230549E-01   0.2383819602262620E-02   0.2499981539175638E-05   0.1147286230295509E-02   0.5841637595534935E-02
  0.3807500000000000E+02   0.8737180977876173E+00   0.4431255620039726E-02  -0.6526810460108445E-01   0.2370335088516798E-02   0.2489108625645702E-05   0.1139546858408267E-02   0.5804608978201425E-02
  0.3812500000000000E+02   0.8741158216656458E+00   0.4405791955340252E-02  -0.6505541702140527E-01   0.2356178128389200E-02   0.2477491452981199E-05   0.1131875172664135E-02   0.5766004679096479E-02
  0.3817500000000000E+02   0.8745116838208508E+00   0.4379129730544953E-02  -0.6484377458890223E-01   0.2341389391178930E-02   0.2465170058607637E-05   0.1124267717024065E-02   0.5725925445156822E-02
  0.3822500000000000E+02   0.8749058218819243E+00   0.4351350337342278E-02  -0.6463310288612301E-01   0.2326012579004343E-02   0.2452187901617883E-05   0.1116721486376376E-02   0.5684479378702504E-02
  0.3827500000000000E+02   0.8752983562495646E+00   0.4322536403714657E-02  -0.6442333677309231E-01   0.2310092039280752E-02   0.2438589363356818E-05   0.1109233845584185E-02   0.5641776046041952E-02
  0.3832500000000000E+02   0.8756893944134504E+00   0.4292769335542530E-02  -0.6421441807316386E-01   0.2293671444853570E-02   0.2424418356766994E-05   0.1101802439399398E-02   0.5597923209829476E-02
  0.3837500000000000E+02   0.8760790351649114E+00   0.4262128794063963E-02  -0.6400629331517416E-01   0.2276793510268299E-02   0.2409718021442647E-05   0.1094425107565351E-02   0.5553026103481275E-02
  0.3842500000000000E+02   0.8764673720632198E+00   0.4230693810716847E-02  -0.6379891187517361E-01   0.2259500583998871E-02   0.2394531344642917E-05   0.1087099816835370E-02   0.5507188851550136E-02
  0.3847499999999999E+02   0.8768544956863528E+00   0.4198545062299069E-02  -0.6359222476830051E-01   0.2241835861123753E-02   0.2378902445587301E-05   0.1079824617939972E-02   0.5460517407963820E-02
  0.3852500000000000E+02   0.8772404944092452E+00   0.4165767726005212E-02  -0.6338618422777320E-01   0.2223844905902112E-02   0.2362878199059604E-05   0.1072597631280037E-02   0.5413123251164094E-02
  0.3857500000000000E+02   0.8776254536768685E+00   0.4132454310583185E-02  -0.6318074408801577E-01   0.2205577161498608E-02   0.2346509857937115E-05   0.1065417060834323E-02   0.5365127047260693E-02
  0.3862500000000000E+02   0.8780094539492945E+00   0.4098706913578231E-02  -0.6297586087683438E-01   0.2187087153066119E-02   0.2329854361552414E-05   0.1058281231938934E-02   0.5316661564867438E-02
  0.3867500000000000E+02   0.8783925676667637E+00   0.4064638474316190E-02  -0.6277149543039229E-01   0.2168435154553235E-02   0.2312975081988109E-05   0.1051188645651328E-02   0.5267873283399362E-02
  0.3872500000000000E+02   0.8787748556949612E+00   0.4030372758958208E-02  -0.6256761478497674E-01   0.2149687178789829E-02   0.2295941853125812E-05   0.1044138040669220E-02   0.5218922355209534E-02
  0.3877500000000000E+02   0.8791563637525344E+00   0.3996043002358039E-02  -0.6236419407742333E-01   0.2130914251096766E-02   0.2278830233403535E-05   0.1037128453389933E-02   0.5169980827906990E-02
  0.3882500000000000E+02   0.8795371192932875E+00   0.3961789313450060E-02  -0.6216121820207887E-01   0.2112191023842581E-02   0.2261720056853348E-05   0.1030159267620728E-02   0.5121229269881810E-02
  0.3887500000000001E+02   0.8799171292248277E+00   0.3927755100414036E-02  -0.6195868302077623E-01   0.2093593869117937E-02   0.2244693413128196E-05   0.1023230247434147E-02   0.5072852135664668E-02
  0.3892500000000000E+02   0.8802963787135690E+00   0.3894082869863035E-02  -0.6175659599283101E-01   0.2075198638877551E-02   0.2227832254756770E-05   0.1016341549295322E-02   0.5025032333754134E-02
  0.3897500000000000E+02   0.8806748311781007E+00   0.3860909792314067E-02  -0.6155497617109107E-01   0.2057078302019939E-02   0.2211215853582533E-05   0.1009493712388126E-02   0.4977945507263755E-02
  0.3902499999999999E+02   0.8810524294339295E+00   0.3828363407245547E-02  -0.6135385358426926E-01   0.2039300657582387E-02   0.2194918319575461E-05   0.1002687628582353E-02   0.4931754511420239E-02
  0.3907500000000000E+02   0.8814290978423217E+00   0.3796557777740266E-02  -0.6115326808459254E-01   0.2021926289286134E-02   0.2179006360823080E-05   0.9959244953774626E-03   0.4886604488249850E-02
  0.3912500000000000E+02   0.8818047452456428E+00   0.3765590315355155E-02  -0.6095326777724897E-01   0.2005006878859955E-02   0.2163537413743451E-05   0.9892057562634125E-03   0.4842618821665035E-02
  0.3917500000000000E+02   0.8821792684433361E+00   0.3735539399795746E-02  -0.6075390716306983E-01   0.1988583944231697E-02   0.2148558218389627E-05   0.9825330332565298E-03   0.4799896130793037E-02
  0.3922500000000000E+02   0.8825525559706952E+00   0.3706462831615711E-02  -0.6055524512149757E-01   0.1972688022562362E-02   0.2134103864555834E-05   0.9759080560397478E-03   0.4758508347042768E-02
  0.3927500000000000E+02   0.8829244919760683E+00   0.3678397090488570E-02  -0.6035734284291738E-01   0.1957338283054152E-02   0.2120197296657093E-05   0.9693325913808548E-03   0.4718499835227820E-02
  0.3932500000000000E+02   0.8832949600383527E+00   0.3651357331376534E-02  -0.6016026179467948E-01   0.1942542533022181E-02   0.2106849241932441E-05   0.9628083755615398E-03   0.4679887467100402E-02
  0.3937499999999999E+02   0.8836638468136703E+00   0.3625338035312450E-02  -0.5996406177997748E-01   0.1928297572418935E-02   0.2094058517104929E-05   0.9563370516388660E-03   0.4642661535686723E-02
  0.3942500000000000E+02   0.8840310454385777E+00   0.3600314235496426E-02  -0.5976879912816802E-01   0.1914589854153970E-02   0.2081812670478778E-05   0.9499201126388099E-03   0.4606787404250629E-02
  0.3947500000000000E+02   0.8843964586412499E+00   0.3576243255467053E-02  -0.5957452504221195E-01   0.1901396416142160E-02   0.2070088925336387E-05   0.9435588513387552E-03   0.4572207804762451E-02
  0.3952500000000000E+02   0.8847600015195873E+00   0.3553066915763839E-02  -0.5938128412484456E-01   0.1888686061523904E-02   0.2058855401579217E-05   0.9372543171555894E-03   0.4538845726459768E-02
  0.3957500000000000E+02   0.8851216039375156E+00   0.3530714180616820E-02  -0.5918911310910757E-01   0.1876420771598853E-02   0.2048072601135566E-05   0.9310072807797298E-03   0.4506607854997110E-02
  0.3962500000000000E+02   0.8854812124722282E+00   0.3509104220037129E-02  -0.5899803982866469E-01   0.1864557338115534E-02   0.2037695144783651E-05   0.9248182074949723E-03   0.4475388528175397E-02
  0.3967500000000000E+02   0.8858387918225651E+00   0.3488149850804978E-02  -0.5880808247526614E-01   0.1853049195311068E-02   0.2027673741054074E-05   0.9186872404752333E-03   0.4445074159701901E-02
  0.3972500000000000E+02   0.8861943255704958E+00   0.3467761290959623E-02  -0.5861924920036410E-01   0.1841848416814348E-02   0.2017957350917507E-05   0.9126141956067497E-03   0.4415548046266918E-02
  0.3977500000000000E+02   0.8865478161824375E+00   0.3447850118961307E-02  -0.5843153812063084E-01   0.1830907819533060E-02   0.2008495486355412E-05   0.9065985694065587E-03   0.4386695418654302E-02
  0.3982500000000000E+02   0.8868992841523311E+00   0.3428333277175344E-02  -0.5824493777903694E-01   0.1820183089374760E-02   0.1999240550320286E-05   0.9006395612807784E-03   0.4358408532900914E-02
  0.3987500000000000E+02   0.8872487662282365E+00   0.3409136909636079E-02  -0.5805942809197950E-01   0.1809634817369868E-02   0.1990150095748394E-05   0.8947361106358146E-03   0.4330591535308697E-02
  0.3992500000000000E+02   0.8875963127281306E+00   0.3390199788038038E-02  -0.5787498177903172E-01   0.1799230315759905E-02   0.1981188859132242E-05   0.8888869482521764E-03   0.4303164790424262E-02
  0.3997500000000000E+02   0.8879419840321778E+00   0.3371476068911413E-02  -0.5769156622862093E-01   0.1788945077896540E-02   0.1972330416417080E-05   0.8830906599797477E-03   0.4276068348247305E-02
  0.4002500000000000E+02   0.8882858464262616E+00   0.3352937146821904E-02  -0.5750914570656618E-01   0.1778763757519712E-02   0.1963558320424316E-05   0.8773457594230297E-03   0.4249264255744273E-02
  0.4007500000000000E+02   0.8886279675499139E+00   0.3334572424921714E-02  -0.5732768377294362E-01   0.1768680573047895E-02   0.1954866610861606E-05   0.8716507651080333E-03   0.4222737490262976E-02
  0.4012499999999999E+02   0.8889684117559633E+00   0.3316388909532948E-02  -0.5714714574412783E-01   0.1758699087860503E-02   0.1946259637121411E-05   0.8660042768960932E-03   0.4196495401237320E-02
  0.4017500000000000E+02   0.8893072357082102E+00   0.3298409637128914E-02  -0.5696750102693904E-01   0.1748831371517313E-02   0.1937751193323541E-05   0.8604050462942817E-03   0.4170565675627750E-02
  0.4022499999999999E+02   0.8896444845232392E+00   0.3280671043487774E-02  -0.5678872516268896E-01   0.1739096600628336E-02   0.1929363024762836E-05   0.8548520358429033E-03   0.4144992970770222E-02
  0.4027500000000000E+02   0.8899801887074406E+00   0.3263219469338238E-02  -0.5661080144824981E-01   0.1729519202863352E-02   0.1921122815307170E-05   0.8493444638365338E-03   0.4119834464719428E-02
  0.4032500000000000E+02   0.8903143620619025E+00   0.3246107052088410E-02  -0.5643372204296815E-01   0.1720126676801516E-02   0.1913061798920193E-05   0.8438818320443150E-03   0.4095154643156312E-02
  0.4037500000000000E+02   0.8906470006416178E+00   0.3229387273901757E-02  -0.5625748851604351E-01   0.1710947231159384E-02   0.1905212152015744E-05   0.8384639355708292E-03   0.4071019666892117E-02
  0.4042500000000000E+02   0.8909780827769502E+00   0.3213110425049884E-02  -0.5608211183065581E-01   0.1702007380791068E-02   0.1897604318083560E-05   0.8330908552885161E-03   0.4047491648378971E-02
  0.4047499999999999E+02   0.8913075701063320E+00   0.3197319207325076E-02  -0.5590761179240022E-01   0.1693329618616736E-02   0.1890264397183139E-05   0.8277629341964675E-03   0.4024623121194031E-02
  0.4052500000000000E+02   0.8916354095354262E+00   0.3182044658332754E-02  -0.5573401600745742E-01   0.1684930259204320E-02   0.1883211708028377E-05   0.8224807395454747E-03   0.4002451929714962E-02
  0.4057500000000000E+02   0.8919615360283134E+00   0.3167302537176434E-02  -0.5556135840101473E-01   0.1676817528248326E-02   0.1876456607403194E-05   0.8172450126551383E-03   0.3980996714196139E-02
  0.4062500000000000E+02   0.8922858761435666E+00   0.3153090286358524E-02  -0.5538967734253086E-01   0.1668989958466654E-02   0.1869998637091701E-05   0.8120566081675708E-03   0.3960253133003069E-02
  0.4067500000000000E+02   0.8926083522409531E+00   0.3139384679949916E-02  -0.5521901341754865E-01   0.1661435149804394E-02   0.1863825066221515E-05   0.8069164242269772E-03   0.3940190956759956E-02
  0.4072499999999999E+02   0.8929288872896306E+00   0.3126140284610964E-02  -0.5504940688295845E-01   0.1654128960488286E-02   0.1857909907278463E-05   0.8018253249586623E-03   0.3920752189033961E-02
  0.4077500000000000E+02   0.8932474101931133E+00   0.3113288891818446E-02  -0.5488089485075820E-01   0.1647035212205785E-02   0.1852213503599389E-05   0.7967840568418710E-03   0.3901850407264582E-02
  0.4082500000000000E+02   0.8935638615000185E+00   0.3100740114269904E-02  -0.5471350826971744E-01   0.1640106010927021E-02   0.1846682807610785E-05   0.7917931612682730E-03   0.3883371560384878E-02
  0.4087499999999999E+02   0.8938781992884501E+00   0.3088383359022119E-02  -0.5454726881713479E-01   0.1633282795194960E-02   0.1841252481820307E-05   0.7868528867932065E-03   0.3865176483620738E-02
  0.4092500000000000E+02   0.8941904049005280E+00   0.3076091373235317E-02  -0.5438218587160126E-01   0.1626498214857888E-02   0.1835846945811501E-05   0.7819631062203529E-03   0.3847105369822574E-02
  0.4097499999999999E+02   0.8945004880782238E+00   0.3063725484839520E-02  -0.5421825380377698E-01   0.1619678904335654E-02   0.1830383449687093E-05   0.7771232454371963E-03   0.3828984344792911E-02
  0.4102500000000000E+02   0.8948084909410379E+00   0.3051142516274386E-02  -0.5405544988047994E-01   0.1612749138355348E-02   0.1824776168945377E-05   0.7723322323826714E-03   0.3810634114461593E-02
  0.4107500000000000E+02   0.8951144901888268E+00   0.3038203135559459E-02  -0.5389373310744461E-01   0.1605635245149736E-02   0.1818941187694557E-05   0.7675884750932679E-03   0.3791880385725862E-02
  0.4112500000000000E+02   0.8954185969501771E+00   0.3024781147897506E-02  -0.5373304431634407E-01   0.1598270514324455E-02   0.1812802079448724E-05   0.7628898768496436E-03   0.3772565438614761E-02
  0.4117500000000000E+02   0.8957209538583109E+00   0.3010772969698070E-02  -0.5357330771617441E-01   0.1590600198750081E-02   0.1806295635306735E-05   0.7582338936394017E-03   0.3752559903664395E-02
  0.4122499999999999E+02   0.8960217292268586E+00   0.2996106330782478E-02  -0.5341443397564793E-01   0.1582586106486965E-02   0.1799377167390043E-05   0.7536176344881356E-03   0.3731773556449472E-02
  0.4127500000000000E+02   0.8963211085836867E+00   0.2980747187609717E-02  -0.5325632469945452E-01   0.1574210245800413E-02   0.1792024772345928E-05   0.7490379992880796E-03   0.3710163865539365E-02
  0.4132500000000000E+02   0.8966192842310274E+00   0.2964703947942382E-02  -0.5309887794478907E-01   0.1565477048705788E-02   0.1784242004898552E-05   0.7444918427161606E-03   0.3687741179184567E-02
  0.4137500000000000E+02   0.8969164438400563E+00   0.2948028409808138E-02  -0.5294199424525481E-01   0.1556413858440881E-02   0.1776058588726301E-05   0.7399761481157185E-03   0.3664569814680919E-02
  0.4142500000000000E+02   0.8972127592684885E+00   0.2930813256028988E-02  -0.5278558251427079E-01   0.1547069597931423E-02   0.1767529053154729E-05   0.7354881931028230E-03   0.3640764861273221E-02
  0.4147500000000000E+02   0.8975083767578420E+00   0.2913186427142185E-02  -0.5262956521730722E-01   0.1537511790628346E-02   0.1758729474142864E-05   0.7310256898202372E-03   0.3616485106779202E-02
  0.4152500000000000E+02   0.8978034094267355E+00   0.2895303111058246E-02  -0.5247388232946826E-01   0.1527822324400024E-02   0.1749752751091933E-05   0.7265868869872707E-03   0.3591923013963870E-02
  0.4157500000000000E+02   0.8980979325885913E+00   0.2877336347060899E-02  -0.5231849380006004E-01   0.1518092485838720E-02   0.1740703012033505E-05   0.7221706271382282E-03   0.3567292993077080E-02
  0.4162500000000000E+02   0.8983919819821869E+00   0.2859467301123017E-02  -0.5216338047819824E-01   0.1508417823403818E-02   0.1731689781233169E-05   0.7177763591947215E-03   0.3542819288117718E-02
  0.4167500000000000E+02   0.8986855546102958E+00   0.2841876140822531E-02  -0.5200854366112073E-01   0.1498893329586424E-02   0.1722822470973841E-05   0.7134041123006618E-03   0.3518724631626890E-02
  0.4172500000000000E+02   0.8989786116073563E+00   0.2824734177197882E-02  -0.5185400357159875E-01   0.1489609294263993E-02   0.1714205605865224E-05   0.7090544406490981E-03   0.3495220496085532E-02
  0.4177500000000000E+02   0.8992710824324998E+00   0.2808197623469515E-02  -0.5169979713645523E-01   0.1480648013672101E-02   0.1705934998646918E-05   0.7047283504874257E-03   0.3472499373892680E-02
  0.4182500000000000E+02   0.8995628697001876E+00   0.2792403017594594E-02  -0.5154597542960715E-01   0.1472081379410788E-02   0.1698094913910763E-05   0.7004272198414395E-03   0.3450729140720130E-02
  0.4187500000000000E+02   0.8998538540814827E+00   0.2777464116603235E-02  -0.5139260107912125E-01   0.1463969245740037E-02   0.1690756110730328E-05   0.6961527193599710E-03   0.3430049260183684E-02
  0.4192500000000000E+02   0.9001438988892851E+00   0.2763469918553845E-02  -0.5123974584247337E-01   0.1456358393200045E-02   0.1683974561306586E-05   0.6919067397702614E-03   0.3410568399519354E-02
  0.4197499999999999E+02   0.9004328541595841E+00   0.2750483403448949E-02  -0.5108748844926148E-01   0.1449281872653378E-02   0.1677790601441707E-05   0.6876913283741952E-03   0.3392362946838797E-02
  0.4202500000000001E+02   0.9007205602282299E+00   0.2738540594914317E-02  -0.5093591271169928E-01   0.1442758519468886E-02   0.1672228272788146E-05   0.6835086342375831E-03   0.3375475934482845E-02
  0.4207500000000000E+02   0.9010068509617011E+00   0.2727649612888580E-02  -0.5078510581940132E-01   0.1436792463756692E-02   0.1667294656495641E-05   0.6793608594625305E-03   0.3359915958585357E-02
  0.4212500000000000E+02   0.9012915569226829E+00   0.2717789499109534E-02  -0.5063515667053586E-01   0.1431372521431343E-02   0.1662979064351186E-05   0.6752502122814993E-03   0.3345655823432923E-02
  0.4217500000000000E+02   0.9015745088326987E+00   0.2708908741742361E-02  -0.5048615404859358E-01   0.1426471427084906E-02   0.1659252040876156E-05   0.6711788567084571E-03   0.3332630817824532E-02
  0.4222500000000000E+02   0.9018555417289290E+00   0.2700923596996385E-02  -0.5033818443574489E-01   0.1422044959969035E-02   0.1656064234594635E-05   0.6671488531850097E-03   0.3320736741699479E-02
  0.4227500000000000E+02   0.9021345001901722E+00   0.2693716498181258E-02  -0.5019132926551084E-01   0.1418031115728919E-02   0.1653345315414272E-05   0.6631620851914765E-03   0.3309828037525629E-02
  0.4232500000000000E+02   0.9024112449113584E+00   0.2687135044878444E-02  -0.5004566146782563E-01   0.1414349582860204E-02   0.1651003240864294E-05   0.6592201683556348E-03   0.3299716628235833E-02
  0.4237500000000000E+02   0.9026856607182967E+00   0.2680992252869898E-02  -0.4990124125835416E-01   0.1410901881621615E-02   0.1648924292215230E-05   0.6553243414086362E-03   0.3290172292713133E-02
  0.4242500000000000E+02   0.9029576658215337E+00   0.2675068877492442E-02  -0.4975811127790386E-01   0.1407572592432190E-02   0.1646974386533585E-05   0.6514753425347414E-03   0.3280925570139185E-02
  0.4247500000000000E+02   0.9032272217170353E+00   0.2669118639322923E-02  -0.4961629139339108E-01   0.1404232109174205E-02   0.1645002185266775E-05   0.6476732800788022E-03   0.3271674203029432E-02
  0.4252500000000000E+02   0.9034943426946929E+00   0.2662877012944701E-02  -0.4947577370653911E-01   0.1400741264285554E-02   0.1642844420917129E-05   0.6439175125479148E-03   0.3262093922008121E-02
  0.4257500000000000E+02   0.9037591035044712E+00   0.2656073832582734E-02  -0.4933651853244669E-01   0.1396957958499949E-02   0.1640333615878093E-05   0.6402065580619880E-03   0.3251853877280649E-02
  0.4262500000000000E+02   0.9040216434905418E+00   0.2648449317411259E-02  -0.4919845223579444E-01   0.1392745585889634E-02   0.1637307966677697E-05   0.6365380559966190E-03   0.3240636226430351E-02
  0.4267500000000000E+02   0.9042821655873619E+00   0.2639772304277907E-02  -0.4906146776823384E-01   0.1387982616543365E-02   0.1633622660440095E-05   0.6329088015303129E-03   0.3228158393607167E-02
  0.4272499999999999E+02   0.9045409290862789E+00   0.2629858676784399E-02  -0.4892542847977099E-01   0.1382572279574643E-02   0.1629161388858876E-05   0.6293148658726051E-03   0.3214195541764631E-02
  0.4277500000000000E+02   0.9047982360201826E+00   0.2618587448488917E-02  -0.4879017528330465E-01   0.1376451010306179E-02   0.1623846484343844E-05   0.6257518014772245E-03   0.3198600154126598E-02
  0.4282500000000000E+02   0.9050544122095082E+00   0.2605911934538372E-02  -0.4865553662298960E-01   0.1369594313550795E-02   0.1617646074176920E-05   0.6222149150978312E-03   0.3181315596167701E-02
  0.4287500000000000E+02   0.9053097851562567E+00   0.2591864048217706E-02  -0.4852134009635023E-01   0.1362019011797998E-02   0.1610577008359565E-05   0.6186995765001032E-03   0.3162381268257515E-02
  0.4292500000000000E+02   0.9055646617118330E+00   0.2576550898975921E-02  -0.4838742419194664E-01   0.1353781446608177E-02   0.1602703015180307E-05   0.6152015217399905E-03   0.3141928353737735E-02
  0.4297500000000000E+02   0.9058193085288448E+00   0.2560144254709612E-02  -0.4825364856053271E-01   0.1344971930198380E-02   0.1594128397439015E-05   0.6117171102780175E-03   0.3120166860652955E-02
  0.4302500000000000E+02   0.9060739377018044E+00   0.2542864670587681E-02  -0.4811990155619938E-01   0.1335706395555980E-02   0.1584988358454677E-05   0.6082435048723281E-03   0.3097366167659529E-02
  0.4307500000000000E+02   0.9063286989060259E+00   0.2524962842969200E-02  -0.4798610436021600E-01   0.1326116590594691E-02   0.1575437529296450E-05   0.6047787590759476E-03   0.3073832205148793E-02
  0.4312500000000000E+02   0.9065836781004514E+00   0.2506700868246801E-02  -0.4785221165407316E-01   0.1316340225187861E-02   0.1565638358833992E-05   0.6013218143845117E-03   0.3049884546764834E-02
  0.4317500000000000E+02   0.9068389018094344E+00   0.2488335640540711E-02  -0.4771820936044302E-01   0.1306512245114722E-02   0.1555750764154356E-05   0.5978724230303515E-03   0.3025836138011897E-02
  0.4322500000000000E+02   0.9070943453578679E+00   0.2470105832893491E-02  -0.4758411030728960E-01   0.1296757991768938E-02   0.1545923956882188E-05   0.5944310203571836E-03   0.3001977421696032E-02
  0.4327499999999999E+02   0.9073499432519915E+00   0.2452223041328452E-02  -0.4744994876575714E-01   0.1287188551484011E-02   0.1536290826264326E-05   0.5909985722625036E-03   0.2978565561514000E-02
  0.4332500000000000E+02   0.9076056000859003E+00   0.2434866942082905E-02  -0.4731577471349491E-01   0.1277898215093598E-02   0.1526964805301391E-05   0.5875764198150185E-03   0.2955818574446215E-02
  0.4337500000000000E+02   0.9078612007563280E+00   0.2418183829257821E-02  -0.4718164846323580E-01   0.1268963714519995E-02   0.1518038841687139E-05   0.5841661370918077E-03   0.2933913593464032E-02
  0.4342500000000000E+02   0.9081166192331640E+00   0.2402287674968503E-02  -0.4704763605192730E-01   0.1260444784992110E-02   0.1509585950086512E-05   0.5807694116438667E-03   0.2912988208530827E-02
  0.4347500000000000E+02   0.9083717255511069E+00   0.2387262835490728E-02  -0.4691380556595104E-01   0.1252385591897229E-02   0.1501660805796219E-05   0.5773879512349052E-03   0.2893143812795199E-02
  0.4352500000000000E+02   0.9086263910032396E+00   0.2373167639611422E-02  -0.4678022441219853E-01   0.1244816620672820E-02   0.1494301906053322E-05   0.5740234162890872E-03   0.2874450019987087E-02
  0.4357500000000000E+02   0.9088804917184622E+00   0.2360038268975567E-02  -0.4664695743908231E-01   0.1237756719502347E-02   0.1487533930620363E-05   0.5706773749110767E-03   0.2856949432124409E-02
  0.4362499999999999E+02   0.9091339109067751E+00   0.2347892523096477E-02  -0.4651406575799444E-01   0.1231215080777770E-02   0.1481370045597220E-05   0.5673512761417475E-03   0.2840662260679103E-02
  0.4367500000000000E+02   0.9093865400854528E+00   0.2336733223561129E-02  -0.4638160610052233E-01   0.1225193032406759E-02   0.1475813994574851E-05   0.5640464368921733E-03   0.2825590502364871E-02
  0.4372500000000000E+02   0.9096382795816530E+00   0.2326551139808842E-02  -0.4624963055600317E-01   0.1219685577246560E-02   0.1470861900867321E-05   0.5607640383792518E-03   0.2811721526889874E-02
  0.4377500000000000E+02   0.9098890385644043E+00   0.2317327411014112E-02  -0.4611818655643374E-01   0.1214682667367581E-02   0.1466503762337256E-05   0.5575051285705086E-03   0.2799031046410545E-02
  0.4382500000000000E+02   0.9101387348062091E+00   0.2309035499319874E-02  -0.4598731700349035E-01   0.1210170231734918E-02   0.1462724658722447E-05   0.5542706279319794E-03   0.2787485510310560E-02
  0.4387500000000000E+02   0.9103872943208282E+00   0.2301642745290275E-02  -0.4585706046064342E-01   0.1206130994587387E-02   0.1459505714194348E-05   0.5510613365423776E-03   0.2777044012130357E-02
  0.4392500000000000E+02   0.9106346509740892E+00   0.2295111613163242E-02  -0.4572745135947653E-01   0.1202545130546250E-02   0.1456824868893815E-05   0.5478779413279714E-03   0.2767659815592941E-02
  0.4397500000000000E+02   0.9108807461209735E+00   0.2289400716290037E-02  -0.4559852019222321E-01   0.1199390803936693E-02   0.1454657515456928E-05   0.5447210227622356E-03   0.2759281609872559E-02
  0.4402500000000000E+02   0.9111255282856433E+00   0.2284465705687562E-02  -0.4547029368173783E-01   0.1196644635869440E-02   0.1452977052288844E-05   0.5415910608549971E-03   0.2751854595012968E-02
  0.4407500000000000E+02   0.9113689528718946E+00   0.2280260089434981E-02  -0.4534279493542204E-01   0.1194282134643677E-02   0.1451755396116093E-05   0.5384884406265310E-03   0.2745321479847302E-02
  0.4412500000000000E+02   0.9116109818702265E+00   0.2276736029628053E-02  -0.4521604360079046E-01   0.1192278114000962E-02   0.1450963483315086E-05   0.5354134575208472E-03   0.2739623449251650E-02
  0.4417500000000000E+02   0.9118515835150223E+00   0.2273845138552541E-02  -0.4509005604700389E-01   0.1190607110624281E-02   0.1450571773781561E-05   0.5323663233539462E-03   0.2734701127267487E-02
  0.4422499999999999E+02   0.9120907318419492E+00   0.2271539268726936E-02  -0.4496484559846670E-01   0.1189243798125097E-02   0.1450550753970756E-05   0.5293471734125618E-03   0.2730495530068269E-02
  0.4427500000000000E+02   0.9123284061021094E+00   0.2269771265061220E-02  -0.4484042284321454E-01   0.1188163380938726E-02   0.1450871418828858E-05   0.5263560752149549E-03   0.2726948971012927E-02
  0.4432500000000000E+02   0.9125645900054676E+00   0.2268495624595996E-02  -0.4471679603043932E-01   0.1187341939630857E-02   0.1451505697584498E-05   0.5233930392252601E-03   0.2724005852735009E-02
  0.4437499999999999E+02   0.9127992707903977E+00   0.2267668993285018E-02  -0.4459397155877187E-01   0.1186756690757323E-02   0.1452426777822244E-05   0.5204580314970240E-03   0.2721613262133065E-02
  0.4442500000000000E+02   0.9130324381464051E+00   0.2267250422887405E-02  -0.4447195454113773E-01   0.1186386121089010E-02   0.1453609277773151E-05   0.5175509878436867E-03   0.2719721276610144E-02
  0.4447499999999999E+02   0.9132640830497147E+00   0.2267201316193802E-02  -0.4435074941494310E-01   0.1186209958730048E-02   0.1455029219645885E-05   0.5146718287397160E-03   0.2718282896254660E-02
  0.4452500000000000E+02   0.9134941966023710E+00   0.2267485006174979E-02  -0.4423036055017393E-01   0.1186208952755719E-02   0.1456663767581213E-05   0.5118204737971277E-03   0.2717253537594624E-02
  0.4457500000000000E+02   0.9137227689905749E+00   0.2268065943384820E-02  -0.4411079279490837E-01   0.1186364448039109E-02   0.1458490711992712E-05   0.5089968543891276E-03   0.2716590059054422E-02
  0.4462500000000000E+02   0.9139497886935506E+00   0.2268908503892159E-02  -0.4399205188963307E-01   0.1186657761777428E-02   0.1460487706330009E-05   0.5062009228466874E-03   0.2716249333644738E-02
  0.4467500000000000E+02   0.9141752420775160E+00   0.2269975473992504E-02  -0.4387414468007644E-01   0.1187069391211558E-02   0.1462631290690451E-05   0.5034326566647086E-03   0.2716186436902514E-02
  0.4472499999999999E+02   0.9143991134986487E+00   0.2271226314270513E-02  -0.4375707906389859E-01   0.1187578106223848E-02   0.1464895766870998E-05   0.5006920563367552E-03   0.2716352573237373E-02
  0.4477500000000000E+02   0.9146213860135068E+00   0.2272615350379619E-02  -0.4364086361989428E-01   0.1188160003877647E-02   0.1467252018914344E-05   0.4979791357941039E-03   0.2716692917011198E-02
  0.4482500000000000E+02   0.9148420427550983E+00   0.2274090077225127E-02  -0.4352550688943635E-01   0.1188787622464206E-02   0.1469666399399676E-05   0.4952939049512876E-03   0.2717144591178501E-02
  0.4487500000000000E+02   0.9150610689781478E+00   0.2275589792852763E-02  -0.4341101630844801E-01   0.1189429228042687E-02   0.1472099821889540E-05   0.4926363445441735E-03   0.2717635041138384E-02
  0.4492500000000000E+02   0.9152784547093575E+00   0.2277044793416904E-02  -0.4329739682358014E-01   0.1190048394274625E-02   0.1474507210874552E-05   0.4900063742664673E-03   0.2718081078878590E-02
  0.4497499999999999E+02   0.9154941978602942E+00   0.2278376355501740E-02  -0.4318464926707832E-01   0.1190603993631844E-02   0.1476837458513533E-05   0.4874038161283089E-03   0.2718388865888523E-02
  0.4502500000000000E+02   0.9157083075771918E+00   0.2279497700721193E-02  -0.4307276860830966E-01   0.1191050701632791E-02   0.1479034018374093E-05   0.4848283559084471E-03   0.2718455065525581E-02
  0.4507500000000000E+02   0.9159208075221599E+00   0.2280316074603927E-02  -0.4296174224153770E-01   0.1191340082863978E-02   0.1481036226602076E-05   0.4822795064424649E-03   0.2718169320279377E-02
  0.4512499999999999E+02   0.9161317387167052E+00   0.2280735974810796E-02  -0.4285154850266459E-01   0.1191422276890737E-02   0.1482781378667360E-05   0.4797565771335070E-03   0.2717418093832111E-02
  0.4517500000000000E+02   0.9163411615467975E+00   0.2280663435816525E-02  -0.4274215562412043E-01   0.1191248235371469E-02   0.1484207506817829E-05   0.4772586543094628E-03   0.2716089765691246E-02
  0.4522500000000000E+02   0.9165491565449365E+00   0.2280011129372101E-02  -0.4263352132853104E-01   0.1190772384539752E-02   0.1485256706606787E-05   0.4747845967064848E-03   0.2714080690661791E-02
  0.4527500000000000E+02   0.9167558236406002E+00   0.2278703892287800E-02  -0.4252559322208704E-01   0.1189955510119628E-02   0.1485878763198584E-05   0.4723330493158946E-03   0.2711301760241379E-02
  0.4532500000000000E+02   0.9169612797084463E+00   0.2276684172311977E-02  -0.4241831007644570E-01   0.1188767598769422E-02   0.1486034747201928E-05   0.4699024770899697E-03   0.2707684860188652E-02
  0.4537500000000000E+02   0.9171656544323255E+00   0.2273916817958745E-02  -0.4231160398947087E-01   0.1187190336351190E-02   0.1485700204550384E-05   0.4674912177243503E-03   0.2703188542220192E-02
  0.4542500000000000E+02   0.9173690847164466E+00   0.2270392651978622E-02  -0.4220540330379030E-01   0.1185218970648849E-02   0.1484867570821310E-05   0.4650975502497634E-03   0.2697802245152493E-02
  0.4547499999999999E+02   0.9175717080759169E+00   0.2266130369673648E-02  -0.4209963605732892E-01   0.1182863299240417E-02   0.1483547503734965E-05   0.4627197739152833E-03   0.2691548522261695E-02
  0.4552500000000000E+02   0.9177736555878218E+00   0.2261176482039308E-02  -0.4199423366230937E-01   0.1180147636628243E-02   0.1481768942204708E-05   0.4603562902822439E-03   0.2684482944697769E-02
  0.4557500000000000E+02   0.9179750450499352E+00   0.2255603250362545E-02  -0.4188913447489861E-01   0.1177109733082059E-02   0.1479577847461987E-05   0.4580056809062063E-03   0.2676691620412144E-02
  0.4562500000000000E+02   0.9181759749636533E+00   0.2249504791621096E-02  -0.4178428693371272E-01   0.1173798739128733E-02   0.1477034734337467E-05   0.4556667735791592E-03   0.2668286544524840E-02
  0.4567500000000000E+02   0.9183765198394855E+00   0.2242991729715297E-02  -0.4167965200721990E-01   0.1170272411732301E-02   0.1474211230445248E-05   0.4533386916903041E-03   0.2659399229173975E-02
  0.4572500000000000E+02   0.9185767271453223E+00   0.2236184893444365E-02  -0.4157520478314403E-01   0.1166593823847389E-02   0.1471185985957532E-05   0.4510208834819560E-03   0.2650173209790721E-02
  0.4577500000000000E+02   0.9187766160183692E+00   0.2229208603744477E-02  -0.4147093513707012E-01   0.1162827860657128E-02   0.1468040286848788E-05   0.4487131303595853E-03   0.2640756073348399E-02
  0.4582500000000000E+02   0.9189761776794614E+00   0.2222184055686249E-02  -0.4136684751256103E-01   0.1159037766386536E-02   0.1464853703069777E-05   0.4464155355177843E-03   0.2631291609283984E-02
  0.4587500000000000E+02   0.9191753773519605E+00   0.2215223206629128E-02  -0.4126295991634954E-01   0.1155281956372442E-02   0.1461700043761055E-05   0.4441284956544122E-03   0.2621912571187475E-02
  0.4592500000000000E+02   0.9193741574100827E+00   0.2208423460267988E-02  -0.4115930227250819E-01   0.1151611245487431E-02   0.1458643813448246E-05   0.4418526593332807E-03   0.2612734392134695E-02
  0.4597500000000000E+02   0.9195724414615510E+00   0.2201863316143342E-02  -0.4105591428987587E-01   0.1148066581229709E-02   0.1455737285216800E-05   0.4395888756704356E-03   0.2603850053244864E-02
  0.4602500000000000E+02   0.9197701390935199E+00   0.2195599057738980E-02  -0.4095284298441015E-01   0.1144677319398638E-02   0.1453018243871920E-05   0.4373381366370371E-03   0.2595326190047125E-02
  0.4607500000000000E+02   0.9199671510591377E+00   0.2189662491730288E-02  -0.4085013997280884E-01   0.1141460048624838E-02   0.1450508412287443E-05   0.4351015156331857E-03   0.2587200448951774E-02
  0.4612500000000000E+02   0.9201633747342106E+00   0.2184059728123705E-02  -0.4074785862649344E-01   0.1138417958075369E-02   0.1448212559016730E-05   0.4328801043331280E-03   0.2579480078695128E-02
  0.4617500000000000E+02   0.9203587097114666E+00   0.2178770999108637E-02  -0.4064605115512532E-01   0.1135540746839068E-02   0.1446118290505031E-05   0.4306749493314987E-03   0.2572141750923984E-02
  0.4622499999999999E+02   0.9205530634116088E+00   0.2173751540359681E-02  -0.4054476568264320E-01   0.1132805086996208E-02   0.1444196548436112E-05   0.4284869899621476E-03   0.2565132634610118E-02
  0.4627500000000000E+02   0.9207463565703318E+00   0.2168933585555992E-02  -0.4044404338914720E-01   0.1130175666470070E-02   0.1442402850865276E-05   0.4263169988620653E-03   0.2558372780954798E-02
  0.4632500000000000E+02   0.9209385284110565E+00   0.2164229535217936E-02  -0.4034391581762520E-01   0.1127606843164995E-02   0.1440679322986999E-05   0.4241655273728401E-03   0.2551758887838854E-02
  0.4637500000000000E+02   0.9211295412447006E+00   0.2159536338508796E-02  -0.4024440248009198E-01   0.1125044930234961E-02   0.1438957548818928E-05   0.4220328585814909E-03   0.2545169486744328E-02
  0.4642500000000000E+02   0.9213193841682816E+00   0.2154741060355332E-02  -0.4014550893385349E-01   0.1122431097843789E-02   0.1437162231150854E-05   0.4199189714940392E-03   0.2538471517431352E-02
  0.4647500000000000E+02   0.9215080754872824E+00   0.2149727493810437E-02  -0.4004722552296225E-01   0.1119704818282110E-02   0.1435215571966847E-05   0.4178235202457044E-03   0.2531528123839928E-02
  0.4652500000000001E+02   0.9216956634879387E+00   0.2144383528830202E-02  -0.3994952697923937E-01   0.1116807703913204E-02   0.1433042185434298E-05   0.4157458321101193E-03   0.2524207330287736E-02
  0.4657500000000000E+02   0.9218822252557990E+00   0.2138608826970568E-02  -0.3985237304065892E-01   0.1113687503318242E-02   0.1430574245861308E-05   0.4136849271683514E-03   0.2516391067597189E-02
  0.4662500000000000E+02   0.9220678633847266E+00   0.2132322211774557E-02  -0.3975571016790580E-01   0.1110301948344524E-02   0.1427756476991760E-05   0.4116395607716373E-03   0.2507983855271111E-02
  0.4667500000000000E+02   0.9222527006358696E+00   0.2125468106284738E-02  -0.3965947432780348E-01   0.1106622104069284E-02   0.1424550533235927E-05   0.4096082875238075E-03   0.2498920354591048E-02
  0.4672500000000000E+02   0.9224368728578795E+00   0.2118021365430159E-02  -0.3956359468127035E-01   0.1102634882278996E-02   0.1420938330661756E-05   0.4075895427883040E-03   0.2489171027534258E-02
  0.4677499999999999E+02   0.9226205207200837E+00   0.2109989977195784E-02  -0.3946799788835609E-01   0.1098344444827012E-02   0.1416923966665455E-05   0.4055817352237420E-03   0.2478745285439194E-02
  0.4682500000000000E+02   0.9228037809866149E+00   0.2101415331352348E-02  -0.3937261265121772E-01   0.1093772340361857E-02   0.1412534015486164E-05   0.4035833421364533E-03   0.2467691776191695E-02
  0.4687500000000000E+02   0.9229867781291563E+00   0.2092370040215767E-02  -0.3927737407973741E-01   0.1088956366678424E-02   0.1407816177321515E-05   0.4015929989381345E-03   0.2456095794728684E-02
  0.4692500000000000E+02   0.9231696170205941E+00   0.2082953586684940E-02  -0.3918222749341471E-01   0.1083948302314872E-02   0.1402836454617952E-05   0.3996095748626703E-03   0.2444074143313693E-02
  0.4697499999999999E+02   0.9233523772834534E+00   0.2073286312777423E-02  -0.3908713136094311E-01   0.1078810774859235E-02   0.1397675191139006E-05   0.3976322291471113E-03   0.2431768047297677E-02
  0.4702500000000000E+02   0.9235351096242694E+00   0.2063502403589951E-02  -0.3899205920531190E-01   0.1073613607127729E-02   0.1392422407948025E-05   0.3956604446570528E-03   0.2419334897944939E-02
  0.4707500000000000E+02   0.9237178342210161E+00   0.2053742549258353E-02  -0.3889700043976874E-01   0.1068429996679896E-02   0.1387172892775695E-05   0.3936940388433473E-03   0.2406939625581887E-02
  0.4712500000000000E+02   0.9239005409970387E+00   0.2044146891019285E-02  -0.3880196022163240E-01   0.1063332844233964E-02   0.1382021451303547E-05   0.3917331544010529E-03   0.2394746415634517E-02
  0.4717500000000000E+02   0.9240831914486756E+00   0.2034848707903119E-02  -0.3870695849747441E-01   0.1058391468600770E-02   0.1377058630962810E-05   0.3897782336865001E-03   0.2382911303634883E-02
  0.4722500000000000E+02   0.9242657216110171E+00   0.2025969118409393E-02  -0.3861202845621980E-01   0.1053668850857436E-02   0.1372367106869022E-05   0.3878299816948840E-03   0.2371575970669083E-02
  0.4727500000000000E+02   0.9244480457429696E+00   0.2017612895051844E-02  -0.3851721460837287E-01   0.1049219458583462E-02   0.1368018801266012E-05   0.3858893222868097E-03   0.2360862853066627E-02
  0.4732500000000000E+02   0.9246300603707279E+00   0.2009865347032169E-02  -0.3842257067936772E-01   0.1045087626719861E-02   0.1364072711484981E-05   0.3839573516014478E-03   0.2350871512415539E-02
  0.4737500000000000E+02   0.9248116484234006E+00   0.2002790132403082E-02  -0.3832815745574281E-01   0.1041306422731677E-02   0.1360573357298711E-05   0.3820352914860790E-03   0.2341676101663088E-02
  0.4742500000000000E+02   0.9249926833017069E+00   0.1996427818737827E-02  -0.3823404066702096E-01   0.1037896901717349E-02   0.1357549728929318E-05   0.3801244445716042E-03   0.2333323713362658E-02
  0.4747500000000000E+02   0.9251730328207850E+00   0.1990795014788487E-02  -0.3814028893405852E-01   0.1034867658913726E-02   0.1355014618290834E-05   0.3782261515382948E-03   0.2325833400213688E-02
  0.4752500000000000E+02   0.9253525630476149E+00   0.1985883934481303E-02  -0.3804697177325211E-01   0.1032214607267289E-02   0.1352964241532338E-05   0.3763417502818826E-03   0.2319195703615025E-02
  0.4757500000000000E+02   0.9255311421043138E+00   0.1981662316847097E-02  -0.3795415761957754E-01   0.1029920940120589E-02   0.1351378102633768E-05   0.3744725361821202E-03   0.2313372598853979E-02
  0.4762500000000000E+02   0.9257086440267526E+00   0.1978073699182409E-02  -0.3786191182194809E-01   0.1027957277384257E-02   0.1350219097700804E-05   0.3726197225221207E-03   0.2308297851759646E-02
  0.4767500000000000E+02   0.9258849527526865E+00   0.1975038114485373E-02  -0.3777029457229109E-01   0.1026282031901870E-02   0.1349433909995550E-05   0.3707844003043696E-03   0.2303877867815947E-02
  0.4772500000000000E+02   0.9260599662663767E+00   0.1972453346890050E-02  -0.3767935875424788E-01   0.1024842065289513E-02   0.1348953789021108E-05   0.3689674972303684E-03   0.2299993187888746E-02
  0.4777500000000000E+02   0.9262336008516513E+00   0.1970196919269597E-02  -0.3758914773636368E-01   0.1023573723548316E-02   0.1348695835434465E-05   0.3671697364015894E-03   0.2296500831897580E-02
  0.4782500000000000E+02   0.9264057953102720E+00   0.1968128994445398E-02  -0.3749969318398660E-01   0.1022404346527453E-02   0.1348564919543097E-05   0.3653915962693619E-03   0.2293237700269747E-02
  0.4787499999999999E+02   0.9265765148997993E+00   0.1966096336121232E-02  -0.3741101301739391E-01   0.1021254326981387E-02   0.1348456337970869E-05   0.3636332743758297E-03   0.2290025201982569E-02
  0.4792500000000000E+02   0.9267457546525587E+00   0.1963937392414156E-02  -0.3732310969170249E-01   0.1020039751751600E-02   0.1348259256796003E-05   0.3618946583028790E-03   0.2286675181287143E-02
  0.4797500000000000E+02   0.9269135416764611E+00   0.1961488435704874E-02  -0.3723596900568626E-01   0.1018675590569741E-02   0.1347860901127612E-05   0.3601753077641391E-03   0.2282997065235354E-02
  0.4802500000000000E+02   0.9270799360316782E+00   0.1958590529936782E-02  -0.3714955965009381E-01   0.1017079313597768E-02   0.1347151338941101E-05   0.3584744517207376E-03   0.2278805965422171E-02
  0.4807500000000000E+02   0.9272450298418522E+00   0.1955096924573468E-02  -0.3706383367245791E-01   0.1015174729613616E-02   0.1346028587400821E-05   0.3567910036192704E-03   0.2273931267947883E-02
  0.4812499999999999E+02   0.9274089444403145E+00   0.1950880326775995E-02  -0.3697872796176749E-01   0.1012895760156451E-02   0.1344403665939827E-05   0.3551235963098661E-03   0.2268225074516010E-02
  0.4817500000000000E+02   0.9275718255591404E+00   0.1945839416675417E-02  -0.3689416674873525E-01   0.1010189820004842E-02   0.1342205157514747E-05   0.3534706360489647E-03   0.2261569757390840E-02
  0.4822500000000000E+02   0.9277338368115250E+00   0.1939903974966922E-02  -0.3681006499145489E-01   0.1007020476677693E-02   0.1339382838898325E-05   0.3518303725542848E-03   0.2253883896511385E-02
  0.4827500000000000E+02   0.9278951519513974E+00   0.1933038100647033E-02  -0.3672633239510570E-01   0.1003369118068692E-02   0.1335910012381559E-05   0.3502009798173578E-03   0.2245125993662227E-02
  0.4832500000000000E+02   0.9280559465699743E+00   0.1925241199090647E-02  -0.3664287772317598E-01   0.9992354624111151E-03   0.1331784308327933E-05   0.3485806407716401E-03   0.2235295594012175E-02
  0.4837500000000000E+02   0.9282163899682099E+00   0.1916546682749156E-02  -0.3655961301659427E-01   0.9946368808297461E-03   0.1327026907721855E-05   0.3469676283257695E-03   0.2224431749921756E-02
  0.4842500000000000E+02   0.9283766379091174E+00   0.1907018598800533E-02  -0.3647645735538607E-01   0.9896066439467987E-03   0.1321680322120081E-05   0.3453603758413638E-03   0.2212609077884706E-02
  0.4847499999999999E+02   0.9285368268135363E+00   0.1896746628125600E-02  -0.3639333987041304E-01   0.9841913233925362E-03   0.1315805029253590E-05   0.3437575317325056E-03   0.2199931926443663E-02
  0.4852500000000000E+02   0.9286970697493954E+00   0.1885840047930690E-02  -0.3631020182363109E-01   0.9784476558221040E-03   0.1309475367791276E-05   0.3421579951326701E-03   0.2186527344371677E-02
  0.4857500000000000E+02   0.9288574543232933E+00   0.1874421297625552E-02  -0.3622699770055093E-01   0.9724392015305487E-03   0.1302775130980045E-05   0.3405609320422969E-03   0.2172537592838443E-02
  0.4862499999999999E+02   0.9290180423598835E+00   0.1862619739356261E-02  -0.3614369537451478E-01   0.9662331046742482E-03   0.1295793268900361E-05   0.3389657735810578E-03   0.2158112888749013E-02
  0.4867500000000000E+02   0.9291788710835198E+00   0.1850566084750810E-02  -0.3606027549117263E-01   0.9598971998450217E-03   0.1288620028879192E-05   0.3373721995959178E-03   0.2143404926747442E-02
  0.4872499999999999E+02   0.9293399554152659E+00   0.1838387801230951E-02  -0.3597673027411230E-01   0.9534976275799245E-03   0.1281343755888488E-05   0.3357801117703422E-03   0.2128561543226126E-02
  0.4877500000000000E+02   0.9295012909669029E+00   0.1826205647639054E-02  -0.3589306196890196E-01   0.9470970364389950E-03   0.1274048462273981E-05   0.3341896005664367E-03   0.2113722695398640E-02
  0.4882500000000000E+02   0.9296628573395043E+00   0.1814131345469934E-02  -0.3580928112929005E-01   0.9407533748067502E-03   0.1266812176726009E-05   0.3326009099558465E-03   0.2099017761764009E-02
  0.4887500000000000E+02   0.9298246213984931E+00   0.1802266283613513E-02  -0.3572540491586917E-01   0.9345192193185743E-03   0.1259706006609202E-05   0.3310144031607928E-03   0.2084564044439594E-02
  0.4892500000000000E+02   0.9299865402802227E+00   0.1790701085837094E-02  -0.3564145553433462E-01   0.9284415511812004E-03   0.1252793799102029E-05   0.3294305317350756E-03   0.2070466274216273E-02
  0.4897499999999999E+02   0.9301485639706540E+00   0.1779515838132297E-02  -0.3555745889603812E-01   0.9225618750160847E-03   0.1246132263141670E-05   0.3278498094283774E-03   0.2056816882113100E-02
  0.4902500000000000E+02   0.9303106373733585E+00   0.1768780769896941E-02  -0.3547344354374515E-01   0.9169165732437570E-03   0.1239771410829336E-05   0.3262727915039695E-03   0.2043696797784216E-02
  0.4907500000000000E+02   0.9304727018458121E+00   0.1758557199541095E-02  -0.3538943985345078E-01   0.9115373976799116E-03   0.1233755187482248E-05   0.3247000595728701E-03   0.2031176554669252E-02
  0.4912500000000000E+02   0.9306346962278733E+00   0.1748898582843154E-02  -0.3530547949979113E-01   0.9064520144347473E-03   0.1228122177971911E-05   0.3231322115790183E-03   0.2019317514204809E-02
  0.4917500000000000E+02   0.9307965574155768E+00   0.1739851534224819E-02  -0.3522159515742840E-01   0.9016845347552742E-03   0.1222906298506081E-05   0.3215698563033946E-03   0.2008173058574379E-02
  0.4922499999999999E+02   0.9309582205496055E+00   0.1731456722067652E-02  -0.3513782040236435E-01   0.8972559805327326E-03   0.1218137404102637E-05   0.3200136116187599E-03   0.1997789637563347E-02
  0.4927500000000000E+02   0.9311196188944685E+00   0.1723749566174766E-02  -0.3505418977370423E-01   0.8931846472137735E-03   0.1213841760486314E-05   0.3184641056846531E-03   0.1988207586526970E-02
  0.4932500000000000E+02   0.9312806834849272E+00   0.1716760686990637E-02  -0.3497073895613256E-01   0.8894863380275257E-03   0.1210042343928464E-05   0.3169219802883343E-03   0.1979461657539050E-02
  0.4937500000000000E+02   0.9314413426137385E+00   0.1710516071942408E-02  -0.3488750504467242E-01   0.8861744516226488E-03   0.1206758943404050E-05   0.3153878955805864E-03   0.1971581224140104E-02
  0.4942500000000000E+02   0.9316015212319523E+00   0.1705036934861015E-02  -0.3480452685478153E-01   0.8832599107126581E-03   0.1204008046745563E-05   0.3138625354995077E-03   0.1964590132451185E-02
  0.4947500000000000E+02   0.9317611403319613E+00   0.1700339251143626E-02  -0.3472184524140953E-01   0.8807509228098451E-03   0.1201802497088035E-05   0.3123466132011360E-03   0.1958506179228495E-02
  0.4952500000000000E+02   0.9319201163858101E+00   0.1696432955915824E-02  -0.3463950338946298E-01   0.8786525665138282E-03   0.1200150909059556E-05   0.3108408758084919E-03   0.1953340202769009E-02
  0.4957500000000000E+02   0.9320783609178973E+00   0.1693320797179840E-02  -0.3455754703472258E-01   0.8769661992690210E-03   0.1199056837447075E-05   0.3093461077431360E-03   0.1949094778016611E-02
  0.4962500000000000E+02   0.9322357803024327E+00   0.1690996843445527E-02  -0.3447602456846877E-01   0.8756886863890421E-03   0.1198517696337686E-05   0.3078631318141710E-03   0.1945762515810621E-02
  0.4967500000000000E+02   0.9323922758911487E+00   0.1689444658644897E-02  -0.3439498697125865E-01   0.8748114580234736E-03   0.1198523436155633E-05   0.3063928071171493E-03   0.1943323981418554E-02
  0.4972499999999999E+02   0.9325477445940145E+00   0.1688635179454708E-02  -0.3431448751239463E-01   0.8743194122819470E-03   0.1199055001914473E-05   0.3049360226579366E-03   0.1941745272996954E-02
  0.4977500000000000E+02   0.9327020800515482E+00   0.1688524364608573E-02  -0.3423458114344313E-01   0.8741897005422627E-03   0.1200082620656603E-05   0.3034936854980149E-03   0.1940975339988966E-02
  0.4982500000000000E+02   0.9328551745463747E+00   0.1689050734747718E-02  -0.3415532350949679E-01   0.8743904562817795E-03   0.1201564001233611E-05   0.3020667021683624E-03   0.1940943177408357E-02
  0.4987500000000000E+02   0.9330069217962401E+00   0.1690132985452418E-02  -0.3407676950469407E-01   0.8748795619014937E-03   0.1203442575829914E-05   0.3006559521886178E-03   0.1941555105171924E-02
  0.4992500000000000E+02   0.9331572207411170E+00   0.1691667932692631E-02  -0.3399897131381913E-01   0.8756035876035246E-03   0.1205645968188818E-05   0.2992622528423546E-03   0.1942692429118514E-02
  0.4997499999999999E+02   0.9333059803726638E+00   0.1693529131381566E-02  -0.3392197591509605E-01   0.8764970784765156E-03   0.1208084932997398E-05   0.2978863149889743E-03   0.1944209873333845E-02
  0.5002500000000000E+02   0.9334531255459024E+00   0.1695566579621866E-02  -0.3384582207534281E-01   0.8774824031005173E-03   0.1210653064095134E-05   0.2965286907122414E-03   0.1945935255433507E-02
  0.5007500000000000E+02   0.9335986035565730E+00   0.1697607961720402E-02  -0.3377053694952303E-01   0.8784703978912494E-03   0.1213227600400317E-05   0.2951897150372500E-03   0.1947670922531834E-02
  0.5012500000000000E+02   0.9337423910698022E+00   0.1699461864174730E-02  -0.3369613249900283E-01   0.8793620316194046E-03   0.1215671647505976E-05   0.2938694457147052E-03   0.1949197443812918E-02
  0.5017500000000000E+02   0.9338845007689665E+00   0.1700923291596703E-02  -0.3362260205487777E-01   0.8800512590699545E-03   0.1217838058611207E-05   0.2925676069539687E-03   0.1950279932782069E-02
  0.5022500000000000E+02   0.9340249868994137E+00   0.1701781593152592E-02  -0.3354991745313063E-01   0.8804291209060253E-03   0.1219575065312832E-05   0.2912835445982707E-03   0.1950677124672260E-02
  0.5027500000000000E+02   0.9341639487678529E+00   0.1701830584571723E-02  -0.3347802722720972E-01   0.8803889784778794E-03   0.1220733516016365E-05   0.2900162010566190E-03   0.1950152962138682E-02
  0.5032500000000000E+02   0.9343015312875419E+00   0.1700880249000681E-02  -0.3340685632843243E-01   0.8798325645782834E-03   0.1221175290163400E-05   0.2887641177931201E-03   0.1948489982917062E-02
  0.5037500000000000E+02   0.9344379218793829E+00   0.1698768992937008E-02  -0.3333630773083263E-01   0.8786763206908500E-03   0.1220782160559740E-05   0.2875254709419110E-03   0.1945503337714482E-02
  0.5042500000000000E+02   0.9345733434572459E+00   0.1695375121649683E-02  -0.3326626606080252E-01   0.8768573300641195E-03   0.1219464146044173E-05   0.2862981416594379E-03   0.1941053910159237E-02
  0.5047499999999999E+02   0.9347080437913552E+00   0.1690626086438793E-02  -0.3319660309943839E-01   0.8743380980345679E-03   0.1217166308502397E-05   0.2850798176679344E-03   0.1935058882748434E-02
  0.5052500000000000E+02   0.9348422821466096E+00   0.1684504215294903E-02  -0.3312718469366727E-01   0.8711095133857934E-03   0.1213873054744950E-05   0.2838681171169469E-03   0.1927498275194865E-02
  0.5057500000000000E+02   0.9349763145893883E+00   0.1677048072816030E-02  -0.3305787835539442E-01   0.8671915491506639E-03   0.1209609309730721E-05   0.2826607216903443E-03   0.1918416478793865E-02
  0.5062500000000000E+02   0.9351103796141016E+00   0.1668349226620723E-02  -0.3298856069467415E-01   0.8626315878017009E-03   0.1204438378671200E-05   0.2814555039599038E-03   0.1907918533173030E-02
  0.5067500000000000E+02   0.9352446856861663E+00   0.1658544883688408E-02  -0.3291912386116147E-01   0.8575006106574585E-03   0.1198456810270867E-05   0.2802506349045433E-03   0.1896161677239766E-02
  0.5072500000000000E+02   0.9353794019457743E+00   0.1647807439880409E-02  -0.3284948035035251E-01   0.8518877911978639E-03   0.1191786995514911E-05   0.2790446610462202E-03   0.1883343369791971E-02
  0.5077500000000001E+02   0.9355146527637500E+00   0.1636332333251722E-02  -0.3277956581719832E-01   0.8458942116097084E-03   0.1184568493916110E-05   0.2778365458481625E-03   0.1869687372714628E-02
  0.5082500000000000E+02   0.9356505162296423E+00   0.1624325654144737E-02  -0.3270933985578839E-01   0.8396264541118228E-03   0.1176949132244420E-05   0.2766256755616145E-03   0.1855429560791490E-02
  0.5087500000000000E+02   0.9357870261213613E+00   0.1611992771121069E-02  -0.3263878497836481E-01   0.8331907182597850E-03   0.1169076788250060E-05   0.2754118343655233E-03   0.1840804899719982E-02
  0.5092500000000000E+02   0.9359241765485483E+00   0.1599528869036288E-02  -0.3256790421162981E-01   0.8266879277624214E-03   0.1161092515493658E-05   0.2741951566328615E-03   0.1826036618150912E-02
  0.5097500000000000E+02   0.9360619283096793E+00   0.1587111872594042E-02  -0.3249671780699326E-01   0.8202100715341192E-03   0.1153125362890321E-05   0.2729760652637310E-03   0.1811328114899524E-02
  0.5102499999999999E+02   0.9362002160319114E+00   0.1574897840036040E-02  -0.3242525954636821E-01   0.8138378226459666E-03   0.1145288962327333E-05   0.2717552045216608E-03   0.1796857697172801E-02
  0.5107500000000000E+02   0.9363389553164598E+00   0.1563018616980546E-02  -0.3235357304553566E-01   0.8076393264324525E-03   0.1137679743510027E-05   0.2705333742405267E-03   0.1782775908185283E-02
  0.5112500000000000E+02   0.9364780493262272E+00   0.1551581361080628E-02  -0.3228170834640831E-01   0.8016699562583230E-03   0.1130376503207658E-05   0.2693114702306287E-03   0.1769204997243226E-02
  0.5117500000000000E+02   0.9366173944719796E+00   0.1540669475297340E-02  -0.3220971897591662E-01   0.7959727977775592E-03   0.1123441000676843E-05   0.2680904336889024E-03   0.1756240002111252E-02
  0.5122500000000000E+02   0.9367568850426274E+00   0.1530344495424479E-02  -0.3213765955133185E-01   0.7905796266001337E-03   0.1116919254171013E-05   0.2668712107180365E-03   0.1743950922702030E-02
  0.5127499999999999E+02   0.9368964167672034E+00   0.1520648535531488E-02  -0.3206558393836445E-01   0.7855121743262080E-03   0.1110843253337993E-05   0.2656547218155109E-03   0.1732385531839952E-02
  0.5132500000000000E+02   0.9370358893887339E+00   0.1511606976041513E-02  -0.3199354392047626E-01   0.7807835198556420E-03   0.1105232859425390E-05   0.2644418404093999E-03   0.1721572461897609E-02
  0.5137500000000000E+02   0.9371752083801050E+00   0.1503231163235487E-02  -0.3192158831204817E-01   0.7763994863879039E-03   0.1100097725060520E-05   0.2632333791203467E-03   0.1711524302571394E-02
  0.5142500000000000E+02   0.9373142859498854E+00   0.1495520963800784E-02  -0.3184976243880500E-01   0.7723599632470550E-03   0.1095439118968417E-05   0.2620300823144755E-03   0.1702240530895607E-02
  0.5147500000000000E+02   0.9374530414829183E+00   0.1488467077830008E-02  -0.3177810791055147E-01   0.7686601026020269E-03   0.1091251584017944E-05   0.2608326235780756E-03   0.1693710163163472E-02
  0.5152500000000000E+02   0.9375914015457887E+00   0.1482053057213874E-02  -0.3170666261888389E-01   0.7652913636802936E-03   0.1087524388448629E-05   0.2596416069053263E-03   0.1685914068355794E-02
  0.5157500000000000E+02   0.9377292995682249E+00   0.1476257005242509E-02  -0.3163546090240932E-01   0.7622423920119059E-03   0.1084242751078205E-05   0.2584575705818928E-03   0.1678826915793192E-02
  0.5162499999999999E+02   0.9378666752929311E+00   0.1471052950405429E-02  -0.3156453383161817E-01   0.7594997301294919E-03   0.1081388833809106E-05   0.2572809929282968E-03   0.1672418749438061E-02
  0.5167500000000000E+02   0.9380034740711742E+00   0.1466411896289198E-02  -0.3149390957341169E-01   0.7570483607611089E-03   0.1078942501284731E-05   0.2561122992136245E-03   0.1666656191503938E-02
  0.5172500000000000E+02   0.9381396460709683E+00   0.1462302553436745E-02  -0.3142361380073178E-01   0.7548720856053890E-03   0.1076881850485845E-05   0.2549518691531337E-03   0.1661503282585444E-02
  0.5177500000000000E+02   0.9382751454591107E+00   0.1458691760980988E-02  -0.3135367011563450E-01   0.7529537437854758E-03   0.1075183514529616E-05   0.2538000444618790E-03   0.1656921967745805E-02
  0.5182500000000000E+02   0.9384099296170050E+00   0.1455544608205749E-02  -0.3128410045486285E-01   0.7512752752841176E-03   0.1073822746702550E-05   0.2526571359582055E-03   0.1652872240637701E-02
  0.5187500000000000E+02   0.9385439584519679E+00   0.1452824270774246E-02  -0.3121492544607363E-01   0.7498176370250101E-03   0.1072773294197463E-05   0.2515234297063099E-03   0.1649311962898244E-02
  0.5192500000000000E+02   0.9386771938690499E+00   0.1450491584514206E-02  -0.3114616468117493E-01   0.7485605834634935E-03   0.1072007077121144E-05   0.2503991916702171E-03   0.1646196385242169E-02
  0.5197500000000000E+02   0.9388095994714157E+00   0.1448504392151050E-02  -0.3107783687168686E-01   0.7474823299914683E-03   0.1071493697704293E-05   0.2492846703384218E-03   0.1643477410774800E-02
  0.5202500000000000E+02   0.9389411405580543E+00   0.1446816715504359E-02  -0.3100995985067867E-01   0.7465591262844171E-03   0.1071199817506958E-05   0.2481800967857969E-03   0.1641102660356414E-02
  0.5207500000000000E+02   0.9390717844837190E+00   0.1445377827094333E-02  -0.3094255038784066E-01   0.7457647777604975E-03   0.1071088456570953E-05   0.2470856816857566E-03   0.1639014424012944E-02
  0.5212499999999999E+02   0.9392015014351836E+00   0.1444131319812318E-02  -0.3087562378983788E-01   0.7450701660501559E-03   0.1071118287190332E-05   0.2460016088897476E-03   0.1637148610232519E-02
  0.5217500000000000E+02   0.9393302656576799E+00   0.1443014299315889E-02  -0.3080919326852305E-01   0.7444428327701262E-03   0.1071243014808376E-05   0.2449280253715013E-03   0.1635433834275868E-02
  0.5222500000000000E+02   0.9394580571335743E+00   0.1441956847907875E-02  -0.3074326907599323E-01   0.7438467033049315E-03   0.1071410957132668E-05   0.2438650276060802E-03   0.1633790813736890E-02
  0.5227500000000000E+02   0.9395848636705900E+00   0.1440881926172153E-02  -0.3067785742854579E-01   0.7432420363109253E-03   0.1071564946398923E-05   0.2428126448266143E-03   0.1632132259235182E-02
  0.5232500000000000E+02   0.9397106832994260E+00   0.1439705883398561E-02  -0.3061295927120600E-01   0.7425856870936593E-03   0.1071642684174902E-05   0.2417708200694402E-03   0.1630363453343921E-02
  0.5237499999999999E+02   0.9398355268135650E+00   0.1438339732635000E-02  -0.3054856896906233E-01   0.7418317651588978E-03   0.1071577667728249E-05   0.2407393904520050E-03   0.1628383693532435E-02
  0.5242500000000000E+02   0.9399594202142435E+00   0.1436691304018520E-02  -0.3048467304762259E-01   0.7409327444748536E-03   0.1071300776401574E-05   0.2397180686681661E-03   0.1626088727099330E-02
  0.5247499999999999E+02   0.9400824067623221E+00   0.1434668316043404E-02  -0.3042124913594735E-01   0.7398410468282648E-03   0.1070742551863758E-05   0.2387064281382158E-03   0.1623374222369731E-02
  0.5252500000000000E+02   0.9402045483013439E+00   0.1432182298777065E-02  -0.3035826528560770E-01   0.7385110641916181E-03   0.1069836127430746E-05   0.2377038944938115E-03   0.1620140201024312E-02
  0.5257500000000000E+02   0.9403259255191739E+00   0.1429153173625679E-02  -0.3029567983687775E-01   0.7369015193132628E-03   0.1068520664548755E-05   0.2367097459796387E-03   0.1616296210252122E-02
  0.5262500000000000E+02   0.9404466368733635E+00   0.1425514158324760E-02  -0.3023344197378364E-01   0.7349779936865088E-03   0.1066745051742412E-05   0.2357231248106046E-03   0.1611766859965378E-02
  0.5267500000000000E+02   0.9405667960236499E+00   0.1421216549042652E-02  -0.3017149304864453E-01   0.7327153918738835E-03   0.1064471532017592E-05   0.2347430605023013E-03   0.1606497218567749E-02
  0.5272499999999999E+02   0.9406865277861985E+00   0.1416233863422419E-02  -0.3010976866847470E-01   0.7301000761076467E-03   0.1061678871184547E-05   0.2337685047712217E-03   0.1600457484137891E-02
  0.5277500000000000E+02   0.9408059628249678E+00   0.1410564834768593E-02  -0.3004820143212639E-01   0.7271314084118827E-03   0.1058364681470077E-05   0.2327983759829562E-03   0.1593646355404974E-02
  0.5282500000000000E+02   0.9409252314893432E+00   0.1404234841152883E-02  -0.2998672410717274E-01   0.7238224857594791E-03   0.1054546582211040E-05   0.2318316096133953E-03   0.1586092632910548E-02
  0.5287499999999999E+02   0.9410444573523447E+00   0.1397295526752072E-02  -0.2992527296073577E-01   0.7201999432645335E-03   0.1050262007553806E-05   0.2308672101122606E-03   0.1577854777074163E-02
  0.5292500000000000E+02   0.9411637510654233E+00   0.1389822597742534E-02  -0.2986379092668223E-01   0.7163028164210589E-03   0.1045566639042270E-05   0.2299042991850834E-03   0.1569018404266342E-02
  0.5297499999999999E+02   0.9412832051073616E+00   0.1381912007810474E-02  -0.2980223031150464E-01   0.7121805733763792E-03   0.1040531616170970E-05   0.2289421559505321E-03   0.1559691964980363E-02
  0.5302500000000000E+02   0.9414028898734572E+00   0.1373674941744841E-02  -0.2974055480894355E-01   0.7078905279166580E-03   0.1035239824992548E-05   0.2279802455986424E-03   0.1550001066611535E-02
  0.5307500000000000E+02   0.9415228513566408E+00   0.1365232122845408E-02  -0.2967874069372201E-01   0.7034949042657624E-03   0.1029781655641740E-05   0.2270182348124846E-03   0.1540082035615522E-02
  0.5312499999999999E+02   0.9416431104571152E+00   0.1356707994326199E-02  -0.2961677717564837E-01   0.6990578373652366E-03   0.1024250641041252E-05   0.2260559939671495E-03   0.1530075341122747E-02
  0.5317500000000000E+02   0.9417636637644207E+00   0.1348225262722043E-02  -0.2955466599467482E-01   0.6946425602138269E-03   0.1018739345123192E-05   0.2250935876425665E-03   0.1520119431492106E-02
  0.5322499999999999E+02   0.9418844855173872E+00   0.1339900166892063E-02  -0.2949242040885880E-01   0.6903089656736842E-03   0.1013335777475132E-05   0.2241312560369616E-03   0.1510345394398656E-02
  0.5327500000000000E+02   0.9420055303779780E+00   0.1331838682777822E-02  -0.2943006376295809E-01   0.6861116510271483E-03   0.1008120497129707E-05   0.2231693903450894E-03   0.1500872677448890E-02
  0.5332500000000000E+02   0.9421267366521963E+00   0.1324133723761911E-02  -0.2936762782682378E-01   0.6820984760673452E-03   0.1003164455430736E-05   0.2222085051068005E-03   0.1491805936351520E-02
  0.5337500000000000E+02   0.9422480296404542E+00   0.1316863273215063E-02  -0.2930515106735510E-01   0.6783096019635097E-03   0.9985275347089195E-06   0.2212492100681119E-03   0.1483232938378783E-02
  0.5342500000000000E+02   0.9423693248808028E+00   0.1310089302402182E-02  -0.2924267697600391E-01   0.6747769351464364E-03   0.9942576757865999E-06   0.2202921833995754E-03   0.1475223354656295E-02
  0.5347499999999999E+02   0.9424905311412932E+00   0.1303857285815524E-02  -0.2918025252593170E-01   0.6715238792824162E-03   0.9903904552625189E-06   0.2193381473474367E-03   0.1467828228476530E-02
  0.5352500000000000E+02   0.9426115531065746E+00   0.1298196122436980E-02  -0.2911792678712499E-01   0.6685652965766208E-03   0.9869489697605775E-06   0.2183878466772633E-03   0.1461079902898304E-02
  0.5357500000000000E+02   0.9427322937781554E+00   0.1293118296956724E-02  -0.2905574968946978E-01   0.6659075928114074E-03   0.9839439026889226E-06   0.2174420296867132E-03   0.1454992219790299E-02
  0.5362500000000000E+02   0.9428526566619270E+00   0.1288620160396720E-02  -0.2899377089587019E-01   0.6635488639375811E-03   0.9813736827380650E-06   0.2165014311533553E-03   0.1449560853779534E-02
  0.5367500000000000E+02   0.9429725478483472E+00   0.1284682266648825E-02  -0.2893203873111472E-01   0.6614790714391108E-03   0.9792246861868549E-06   0.2155667563569994E-03   0.1444763708928657E-02
  0.5372500000000000E+02   0.9430918780996413E+00   0.1281269763277646E-02  -0.2887059910758150E-01   0.6596802455472075E-03   0.9774714819248094E-06   0.2146386652722386E-03   0.1440561375634707E-02
  0.5377500000000000E+02   0.9432105650446878E+00   0.1278332895630627E-02  -0.2880949439592317E-01   0.6581267466342811E-03   0.9760771644432365E-06   0.2137177561592068E-03   0.1436897713535558E-02
  0.5382500000000000E+02   0.9433285355463289E+00   0.1275807736914347E-02  -0.2874876220737332E-01   0.6567856427209758E-03   0.9749938613582200E-06   0.2128045480809250E-03   0.1433700686470842E-02
  0.5387500000000000E+02   0.9434457282488109E+00   0.1273617296602587E-02  -0.2868843408367128E-01   0.6556172814647096E-03   0.9741635330317657E-06   0.2118994623302811E-03   0.1430883620115336E-02
  0.5392500000000000E+02   0.9435620962380251E+00   0.1271673177219976E-02  -0.2862853412921706E-01   0.6545761440912764E-03   0.9735191962457578E-06   0.2110028033300720E-03   0.1428347072702745E-02
  0.5397499999999999E+02   0.9436776096608737E+00   0.1269877936415116E-02  -0.2856907766449956E-01   0.6536120619683867E-03   0.9729866947811061E-06   0.2101147402200861E-03   0.1425981494473397E-02
  0.5402500000000000E+02   0.9437922580641867E+00   0.1268128259798388E-02  -0.2851007002402206E-01   0.6526718500467346E-03   0.9724871011993002E-06   0.2092352909728218E-03   0.1423670793738992E-02
  0.5407500000000000E+02   0.9439060521451874E+00   0.1266318957252870E-02  -0.2845150565715204E-01   0.6517013636614217E-03   0.9719397635337137E-06   0.2083643113545052E-03   0.1421296823415547E-02
  0.5412500000000000E+02   0.9440190245750452E+00   0.1264347666567459E-02  -0.2839336770596324E-01   0.6506479188919484E-03   0.9712659117072118E-06   0.2075014912179482E-03   0.1418744657436547E-02
  0.5417500000000000E+02   0.9441312295839627E+00   0.1262119999675094E-02  -0.2833562822028235E-01   0.6494629402554775E-03   0.9703926236449712E-06   0.2066463603409176E-03   0.1415908360014495E-02
  0.5422499999999999E+02   0.9442427410921226E+00   0.1259554726124323E-02  -0.2827824912080390E-01   0.6481046271654929E-03   0.9692568413584339E-06   0.2057983052337294E-03   0.1412696793236109E-02
  0.5427500000000000E+02   0.9443536493324791E+00   0.1256588490174628E-02  -0.2822118393795903E-01   0.6465403800767785E-03   0.9678090493649640E-06   0.2049565970741521E-03   0.1409038898617988E-02
  0.5432500000000000E+02   0.9444640561167599E+00   0.1253179534575381E-02  -0.2816438024855983E-01   0.6447487152693058E-03   0.9660162070176634E-06   0.2041204293686320E-03   0.1404887862399468E-02
  0.5437500000000000E+02   0.9445740691061153E+00   0.1249309974916592E-02  -0.2810778262418867E-01   0.6427204336967693E-03   0.9638635780270096E-06   0.2032889623904801E-03   0.1400223654036793E-02
  0.5442500000000000E+02   0.9446837956155408E+00   0.1244986330225273E-02  -0.2805133581904962E-01   0.6404588925868879E-03   0.9613552228469258E-06   0.2024613702610958E-03   0.1395053608944896E-02
  0.5447499999999999E+02   0.9447933365653932E+00   0.1240238240024120E-02  -0.2799498788173083E-01   0.6379793440165993E-03   0.9585130915122497E-06   0.2016368860163730E-03   0.1389410978353546E-02
  0.5452500000000000E+02   0.9449027811724698E+00   0.1235115538664505E-02  -0.2793869288609241E-01   0.6353074284643717E-03   0.9553748402587870E-06   0.2008148402763756E-03   0.1383351638823714E-02
  0.5457500000000000E+02   0.9450122028527980E+00   0.1229684062981682E-02  -0.2788241303843553E-01   0.6324770169137479E-03   0.9519906551324975E-06   0.1999946901451710E-03   0.1376949383877092E-02
  0.5462500000000000E+02   0.9451216566190273E+00   0.1224020698765169E-02  -0.2782612001550666E-01   0.6295276616487025E-03   0.9484194682160620E-06   0.1991760364591832E-03   0.1370290365030398E-02
  0.5467500000000000E+02   0.9452311780419864E+00   0.1218208206918780E-02  -0.2776979549766101E-01   0.6265019340467577E-03   0.9447249823631521E-06   0.1983586291291850E-03   0.1363467288858717E-02
  0.5472500000000000E+02   0.9453407836532067E+00   0.1212330318011247E-02  -0.2771343096067747E-01   0.6234429007947223E-03   0.9409718828289842E-06   0.1975423617494158E-03   0.1356573917888814E-02
  0.5477500000000000E+02   0.9454504725252257E+00   0.1206467469665439E-02  -0.2765702686172822E-01   0.6203919311369740E-03   0.9372225281080472E-06   0.1967272576469459E-03   0.1349700294751956E-02
  0.5482500000000000E+02   0.9455602286930184E+00   0.1200693418732937E-02  -0.2760059139278070E-01   0.6173869544268369E-03   0.9335343035202730E-06   0.1959134500280053E-03   0.1342928949065844E-02
  0.5487500000000000E+02   0.9456700240691636E+00   0.1195072821011548E-02  -0.2754413898020591E-01   0.6144612156269488E-03   0.9299577140022144E-06   0.1951011588896184E-03   0.1336332190361074E-02
  0.5492500000000000E+02   0.9457798215417290E+00   0.1189659757579510E-02  -0.2748768869062701E-01   0.6116425179120735E-03   0.9265352044792397E-06   0.1942906670332088E-03   0.1329970462893585E-02
  0.5497500000000000E+02   0.9458895780071528E+00   0.1184497109082200E-02  -0.2743126267045315E-01   0.6089529015370989E-03   0.9233006354407787E-06   0.1934822969992453E-03   0.1323891651076900E-02
  0.5502500000000000E+02   0.9459992471617824E+00   0.1179616637665830E-02  -0.2737488470979854E-01   0.6064086867188642E-03   0.9202793082819946E-06   0.1926763901806583E-03   0.1318131177672520E-02
  0.5507500000000000E+02   0.9461087819414316E+00   0.1175039624060846E-02  -0.2731857898767243E-01   0.6040208020206204E-03   0.9174884246697019E-06   0.1918732888684025E-03   0.1312712723320180E-02
  0.5512500000000000E+02   0.9462181365505512E+00   0.1170777914921203E-02  -0.2726236902844004E-01   0.6017953236536365E-03   0.9149378692926354E-06   0.1910733215892397E-03   0.1307649404633919E-02
  0.5517499999999999E+02   0.9463272680590604E+00   0.1166835253269788E-02  -0.2720627688079558E-01   0.5997341602536256E-03   0.9126312184467586E-06   0.1902767918266793E-03   0.1302945268104181E-02
  0.5522500000000000E+02   0.9464361375670653E+00   0.1163208784980053E-02  -0.2715032251907357E-01   0.5978358280346240E-03   0.9105668919407813E-06   0.1894839700561797E-03   0.1298596979679613E-02
  0.5527499999999999E+02   0.9465447109493984E+00   0.1159890651479508E-02  -0.2709452346070040E-01   0.5960962701152269E-03   0.9087393787553612E-06   0.1886950889444893E-03   0.1294595609372517E-02
  0.5532500000000000E+02   0.9466529591976480E+00   0.1156869590827302E-02  -0.2703889459063802E-01   0.5945096799838482E-03   0.9071404757969984E-06   0.1879103415257691E-03   0.1290928423778262E-02
  0.5537500000000000E+02   0.9467608583813708E+00   0.1154132475833400E-02  -0.2698344818160647E-01   0.5930692924372834E-03   0.9057604837891302E-06   0.1871298821421788E-03   0.1287580606838338E-02
  0.5542499999999999E+02   0.9468683892556968E+00   0.1151665720473187E-02  -0.2692819409604263E-01   0.5917681066729296E-03   0.9045893059960911E-06   0.1863538299007829E-03   0.1284536832210241E-02
  0.5547500000000000E+02   0.9469755365513309E+00   0.1149456487003464E-02  -0.2687314015123987E-01   0.5905995068218074E-03   0.9036173960143370E-06   0.1855822743397095E-03   0.1281782612020878E-02
  0.5552499999999999E+02   0.9470822879953078E+00   0.1147493628641359E-02  -0.2681829262277835E-01   0.5895577464839108E-03   0.9028365024339435E-06   0.1848152829134445E-03   0.1279305349628576E-02
  0.5557500000000000E+02   0.9471886331257093E+00   0.1145768308744557E-02  -0.2676365685373283E-01   0.5886382669601769E-03   0.9022401626062752E-06   0.1840529098082765E-03   0.1277095030885579E-02
  0.5562500000000001E+02   0.9472945619788959E+00   0.1144274248522091E-02  -0.2670923792927948E-01   0.5878378245816263E-03   0.9018239061735570E-06   0.1832952054993268E-03   0.1275144500827258E-02
  0.5567500000000000E+02   0.9474000637413609E+00   0.1143007571630525E-02  -0.2665504136936980E-01   0.5871544109287771E-03   0.9015851416316204E-06   0.1825422263763644E-03   0.1273449290956780E-02
  0.5572499999999999E+02   0.9475051254680474E+00   0.1141966234694369E-02  -0.2660107378716026E-01   0.5865869603623701E-03   0.9015227153523056E-06   0.1817940437109957E-03   0.1272006985361877E-02
  0.5577499999999999E+02   0.9476097309736734E+00   0.1141149056242396E-02  -0.2654734345848264E-01   0.5861348513325086E-03   0.9016361509606218E-06   0.1810507512202790E-03   0.1270816140016690E-02
  0.5582500000000000E+02   0.9477138600030125E+00   0.1140554381059580E-02  -0.2649386074796833E-01   0.5857972205167066E-03   0.9019245964071548E-06   0.1803124705024891E-03   0.1269874796872573E-02
  0.5587500000000001E+02   0.9478174877807892E+00   0.1140178441289009E-02  -0.2644063834016852E-01   0.5855721213265862E-03   0.9023855255327262E-06   0.1795793536740941E-03   0.1269178661355723E-02
  0.5592500000000000E+02   0.9479205850326583E+00   0.1140013499455167E-02  -0.2638769122875029E-01   0.5854555705514470E-03   0.9030132601315892E-06   0.1788515826169155E-03   0.1268719038304202E-02
  0.5597499999999999E+02   0.9480231185560855E+00   0.1140045882547104E-02  -0.2633503642335444E-01   0.5854405391970136E-03   0.9037973979756164E-06   0.1781293643471642E-03   0.1268480647891689E-02
  0.5602500000000000E+02   0.9481250524030284E+00   0.1140254041553672E-02  -0.2628269234240077E-01   0.5855159565237155E-03   0.9047212528841962E-06   0.1774129221491005E-03   0.1268439470990549E-02
  0.5607500000000000E+02   0.9482263497126827E+00   0.1140606798180748E-02  -0.2623067787225697E-01   0.5856658103011784E-03   0.9057604353565622E-06   0.1767024822918821E-03   0.1268560803617115E-02
  0.5612500000000000E+02   0.9483269751981976E+00   0.1141061969111610E-02  -0.2617901109083309E-01   0.5858684409697206E-03   0.9068817259135622E-06   0.1759982563960770E-03   0.1268797731710073E-02
  0.5617499999999998E+02   0.9484268982413284E+00   0.1141565584398800E-02  -0.2612770767927952E-01   0.5860961408392003E-03   0.9080424151955980E-06   0.1753004198676605E-03   0.1269090266426408E-02
  0.5622499999999999E+02   0.9485260964795915E+00   0.1142051932790424E-02  -0.2607677908108219E-01   0.5863151777574790E-03   0.9091902989631107E-06   0.1746090872963269E-03   0.1269365397966880E-02
  0.5627500000000000E+02   0.9486245596811804E+00   0.1142444661361985E-02  -0.2602623051365971E-01   0.5864863598762489E-03   0.9102645131107704E-06   0.1739242863198732E-03   0.1269538319768738E-02
  0.5632500000000000E+02   0.9487222935998113E+00   0.1142659115544806E-02  -0.2597605899045707E-01   0.5865662369450992E-03   0.9111973621650398E-06   0.1732459321404128E-03   0.1269515028984906E-02
  0.5637500000000000E+02   0.9488193233999889E+00   0.1142606015345123E-02  -0.2592625156368122E-01   0.5865089872195760E-03   0.9119172237291322E-06   0.1725738055321789E-03   0.1269196408911825E-02
  0.5642500000000000E+02   0.9489156961677858E+00   0.1142196417848410E-02  -0.2587678403649352E-01   0.5862689643007132E-03   0.9123524955264264E-06   0.1719075376328314E-03   0.1268483737363616E-02
  0.5647499999999999E+02   0.9490114820045107E+00   0.1141347722182074E-02  -0.2582762040253994E-01   0.5858037787181426E-03   0.9124363964224663E-06   0.1712466048490891E-03   0.1267285349896224E-02
  0.5652500000000000E+02   0.9491067732704567E+00   0.1139990256938154E-02  -0.2577871323484915E-01   0.5850776781543287E-03   0.9121122585133197E-06   0.1705903366401904E-03   0.1265523947079435E-02
  0.5657500000000000E+02   0.9492016817196450E+00   0.1138073796435832E-02  -0.2573000515696788E-01   0.5840648908720580E-03   0.9113387897665352E-06   0.1699379376758419E-03   0.1263143820393186E-02
  0.5662500000000000E+02   0.9492963335346192E+00   0.1135573236537496E-02  -0.2568143139159085E-01   0.5827525375809073E-03   0.9100946903493293E-06   0.1692885239862479E-03   0.1260117143241053E-02
  0.5667500000000000E+02   0.9493908625911769E+00   0.1132492672466836E-02  -0.2563292321731159E-01   0.5811427230311757E-03   0.9083820108846206E-06   0.1686411705358745E-03   0.1256448486861277E-02
  0.5672499999999999E+02   0.9494854025875952E+00   0.1128867283513162E-02  -0.2558441200778461E-01   0.5792535020089296E-03   0.9062277670413135E-06   0.1679949656390660E-03   0.1252176901396243E-02
  0.5677500000000000E+02   0.9495800788839244E+00   0.1124762724822085E-02  -0.2553583341932808E-01   0.5771185659749812E-03   0.9036835588320928E-06   0.1673490663163858E-03   0.1247375230251689E-02
  0.5682500000000000E+02   0.9496750009544530E+00   0.1120272094813885E-02  -0.2548713126350277E-01   0.5747856856248454E-03   0.9008232375564548E-06   0.1667027484493545E-03   0.1242146734695803E-02
  0.5687500000000000E+02   0.9497702562411794E+00   0.1115510902639663E-02  -0.2543826066039323E-01   0.5723141272689240E-03   0.8977389501793312E-06   0.1660554465249742E-03   0.1236619500527435E-02
  0.5692499999999999E+02   0.9498659059377730E+00   0.1110610720422767E-02  -0.2538919020092179E-01   0.5697713945178413E-03   0.8945361030678294E-06   0.1654067796328367E-03   0.1230939387411122E-02
  0.5697500000000000E+02   0.9499619829000504E+00   0.1105712316692243E-02  -0.2533990301767897E-01   0.5672297040351182E-03   0.8913278808900146E-06   0.1647565627010822E-03   0.1225262405174738E-02
  0.5702499999999999E+02   0.9500584915520273E+00   0.1100959021886506E-02  -0.2529039683154866E-01   0.5647625807254081E-03   0.8882299241962608E-06   0.1641048041719929E-03   0.1219747350587104E-02
  0.5707500000000000E+02   0.9501554094045566E+00   0.1096490907018557E-02  -0.2524068317075612E-01   0.5624418705662076E-03   0.8853556362535884E-06   0.1634516929703950E-03   0.1214549349471498E-02
  0.5712500000000001E+02   0.9502526896637987E+00   0.1092440119734654E-02  -0.2519078603067126E-01   0.5603353477170901E-03   0.8828124014527161E-06   0.1627975784764677E-03   0.1209814685978949E-02
  0.5717499999999999E+02   0.9503502643822331E+00   0.1088927477896619E-02  -0.2514074025527580E-01   0.5585049672615125E-03   0.8806988020054662E-06   0.1621429472841629E-03   0.1205677029875471E-02
  0.5722500000000000E+02   0.9504480476725644E+00   0.1086060215146188E-02  -0.2509058988646296E-01   0.5570057093918634E-03   0.8791027536396715E-06   0.1614883999834792E-03   0.1202254944486533E-02
  0.5727499999999999E+02   0.9505459386297234E+00   0.1083930629838403E-02  -0.2504038666325703E-01   0.5558848874409848E-03   0.8781003644432801E-06   0.1608346302988612E-03   0.1199650399298687E-02
  0.5732500000000000E+02   0.9506438237541155E+00   0.1082615312491308E-02  -0.2499018877711057E-01   0.5551817530602363E-03   0.8777552577787122E-06   0.1601824078819845E-03   0.1197947926802587E-02
  0.5737500000000001E+02   0.9507415788150442E+00   0.1082174608589698E-02  -0.2494005991463966E-01   0.5549272224715540E-03   0.8781180835182149E-06   0.1595325650646399E-03   0.1197214043046608E-02
  0.5742499999999999E+02   0.9508390702226523E+00   0.1082651999144594E-02  -0.2489006855276799E-01   0.5551435608586975E-03   0.8792259607158637E-06   0.1588859870176404E-03   0.1197496579901124E-02
  0.5747499999999999E+02   0.9509361560848866E+00   0.1084073138009685E-02  -0.2484028741579070E-01   0.5558438910159913E-03   0.8811016390881816E-06   0.1582436040627937E-03   0.1198823639904580E-02
  0.5752500000000001E+02   0.9510326872132272E+00   0.1086444364608910E-02  -0.2479079295914932E-01   0.5570314332375864E-03   0.8837522300318540E-06   0.1576063843402905E-03   0.1201201972852386E-02
  0.5757500000000000E+02   0.9511285084083115E+00   0.1089750611226391E-02  -0.2474166471018935E-01   0.5586984349652123E-03   0.8871674387141402E-06   0.1569753246331175E-03   0.1204614684480553E-02
  0.5762500000000001E+02   0.9512234604017321E+00   0.1093952747546004E-02  -0.2469298427305366E-01   0.5608248120365592E-03   0.8913173289548625E-06   0.1563514369062655E-03   0.1209018324060195E-02
  0.5767500000000000E+02   0.9513173828443883E+00   0.1098984555019475E-02  -0.2464483379766635E-01   0.5633766001868366E-03   0.8961497750403240E-06   0.1557357280868337E-03   0.1214339563093871E-02
  0.5772499999999999E+02   0.9514101186981438E+00   0.1104749699336417E-02  -0.2459729373000841E-01   0.5663044054701557E-03   0.9015878990052525E-06   0.1551291708963690E-03   0.1220471870986190E-02
  0.5777500000000000E+02   0.9515015202830712E+00   0.1111119259999560E-02  -0.2455043971442561E-01   0.5695421399719872E-03   0.9075279496860996E-06   0.1545326642921971E-03   0.1227272803708784E-02
  0.5782500000000000E+02   0.9515914570332087E+00   0.1117930554222295E-02  -0.2450433862083912E-01   0.5730064204702658E-03   0.9138382285929123E-06   0.1539469834236181E-03   0.1234562717778766E-02
  0.5787499999999999E+02   0.9516798247055345E+00   0.1124988109553574E-02  -0.2445904382762432E-01   0.5765970677272065E-03   0.9203597676239295E-06   0.1533727210338731E-03   0.1242125850927942E-02
  0.5792500000000000E+02   0.9517665553816825E+00   0.1132067628906037E-02  -0.2441459009847691E-01   0.5801991385973623E-03   0.9269094596944721E-06   0.1528102248393154E-03   0.1249714699015743E-02
  0.5797499999999999E+02   0.9518516271543547E+00   0.1138923582083409E-02  -0.2437098862085207E-01   0.5836868157874004E-03   0.9332861764721571E-06   0.1522595382180026E-03   0.1257058387915193E-02
  0.5802500000000000E+02   0.9519350720061018E+00   0.1145300603061705E-02  -0.2432822297042792E-01   0.5869292471227193E-03   0.9392800381487902E-06   0.1517203538467119E-03   0.1263875238125550E-02
  0.5807500000000001E+02   0.9520169802120479E+00   0.1150948188107598E-02  -0.2428624685627290E-01   0.5897980757159926E-03   0.9446844398578958E-06   0.1511919908140832E-03   0.1269888966198262E-02
  0.5812499999999999E+02   0.9520974997729603E+00   0.1155637385652906E-02  -0.2424498441188416E-01   0.5921759904848502E-03   0.9493097761055379E-06   0.1506734043315018E-03   0.1274847081020818E-02
  0.5817500000000000E+02   0.9521768299858303E+00   0.1159177447610382E-02  -0.2420433348955853E-01   0.5939652569660076E-03   0.9529972043344306E-06   0.1501632330530499E-03   0.1278539238036112E-02
  0.5822500000000000E+02   0.9522552092289620E+00   0.1161430020300874E-02  -0.2416417191875642E-01   0.5950949877422304E-03   0.9556304550852558E-06   0.1496598826537063E-03   0.1280812882493009E-02
  0.5827500000000000E+02   0.9523328981667488E+00   0.1162318587470520E-02  -0.2412436611116153E-01   0.5955259805179845E-03   0.9571437929794919E-06   0.1491616371229675E-03   0.1281583660096356E-02
  0.5832500000000000E+02   0.9524101605519272E+00   0.1161831583136230E-02  -0.2408478089680177E-01   0.5952523131076268E-03   0.9575248008914671E-06   0.1486667832394842E-03   0.1280838850026313E-02
  0.5837499999999999E+02   0.9524872443190410E+00   0.1160018714357311E-02  -0.2404528921118032E-01   0.5942994595618686E-03   0.9568115764117380E-06   0.1481737307796231E-03   0.1278633312040876E-02
  0.5842500000000000E+02   0.9525643655617854E+00   0.1156981264090106E-02  -0.2400578030503697E-01   0.5927193218683755E-03   0.9550849425990172E-06   0.1476811120985251E-03   0.1275078795449885E-02
  0.5847500000000000E+02   0.9526416973184826E+00   0.1152858138621726E-02  -0.2396616549073549E-01   0.5905830811702166E-03   0.9524571010730779E-06   0.1471878493659595E-03   0.1270328554529022E-02
  0.5852500000000000E+02   0.9527193640849511E+00   0.1147809941574917E-02  -0.2392638095415978E-01   0.5879730376777100E-03   0.9490585935892115E-06   0.1466931843740946E-03   0.1264559786291006E-02
  0.5857500000000000E+02   0.9527974419369194E+00   0.1142003337664814E-02  -0.2388638769239537E-01   0.5849745988917385E-03   0.9450254356930382E-06   0.1461966724838156E-03   0.1257956386484443E-02
  0.5862500000000000E+02   0.9528759633303139E+00   0.1135597526231300E-02  -0.2384616905451564E-01   0.5816693487395224E-03   0.9404879317886440E-06   0.1456981473399381E-03   0.1250694031397241E-02
  0.5867499999999999E+02   0.9529549251866340E+00   0.1128733982333438E-02  -0.2380572659911129E-01   0.5781297909078732E-03   0.9355621421412746E-06   0.1451976657044324E-03   0.1242928862750359E-02
  0.5872500000000000E+02   0.9530342987582799E+00   0.1121529946541346E-02  -0.2376507503980585E-01   0.5744160129218265E-03   0.9303444172932844E-06   0.1446954422283959E-03   0.1234790306472893E-02
  0.5877500000000001E+02   0.9531140399122192E+00   0.1114075592963668E-02  -0.2372423697646941E-01   0.5705742348418909E-03   0.9249089598722852E-06   0.1441917828543326E-03   0.1226377947452638E-02
  0.5882500000000000E+02   0.9531940987487184E+00   0.1106434433888164E-02  -0.2368323796719207E-01   0.5666370162407307E-03   0.9193080647725666E-06   0.1436870236083527E-03   0.1217761972728564E-02
  0.5887499999999999E+02   0.9532744277830760E+00   0.1098646317032921E-02  -0.2364210233658071E-01   0.5626247914121235E-03   0.9135745177957340E-06   0.1431814794602192E-03   0.1208986472303401E-02
  0.5892499999999999E+02   0.9533549882015798E+00   0.1090732291553398E-02  -0.2360084997074463E-01   0.5585483618665160E-03   0.9077255627291678E-06   0.1426754060744247E-03   0.1200074798834422E-02
  0.5897499999999999E+02   0.9534357539381351E+00   0.1082700611071310E-02  -0.2355949422877335E-01   0.5544119711708168E-03   0.9017678362478967E-06   0.1421689757623515E-03   0.1191036179119445E-02
  0.5902500000000001E+02   0.9535167135119861E+00   0.1074553170361518E-02  -0.2351804100111765E-01   0.5502166017809385E-03   0.8957026896417391E-06   0.1416622677205137E-03   0.1181872802050576E-02
  0.5907500000000000E+02   0.9535978697361749E+00   0.1066291722437498E-02  -0.2347648885859077E-01   0.5459631592439403E-03   0.8895313543130501E-06   0.1411552715926182E-03   0.1172586663442451E-02
  0.5912499999999999E+02   0.9536792375623350E+00   0.1057923297467820E-02  -0.2343483015584569E-01   0.5416552474611855E-03   0.8832594667771434E-06   0.1406479024497624E-03   0.1163185530888365E-02
  0.5917500000000000E+02   0.9537608404686844E+00   0.1049464354538081E-02  -0.2339305288086047E-01   0.5373012948729583E-03   0.8769005572990495E-06   0.1401400244515463E-03   0.1153687512826219E-02
  0.5922499999999999E+02   0.9538427059099176E+00   0.1040943348085959E-02  -0.2335114298472618E-01   0.5329158686916275E-03   0.8704782298603216E-06   0.1396314798212580E-03   0.1144123882249328E-02
  0.5927500000000001E+02   0.9539248604086781E+00   0.1032401576738009E-02  -0.2330908689484357E-01   0.5285201095276567E-03   0.8640269150143101E-06   0.1391221194681746E-03   0.1134540010206032E-02
  0.5932500000000001E+02   0.9540073248605065E+00   0.1023892382254960E-02  -0.2326687391865778E-01   0.5241413211625270E-03   0.8575912440030646E-06   0.1386118317206537E-03   0.1124994484290277E-02
  0.5937499999999999E+02   0.9540901105427625E+00   0.1015478949154068E-02  -0.2322449828677853E-01   0.5198118438540701E-03   0.8512242462197519E-06   0.1381005662126151E-03   0.1115556688437241E-02
  0.5942500000000000E+02   0.9541732161756943E+00   0.1007231089668527E-02  -0.2318196065723344E-01   0.5155674082074809E-03   0.8449846860264763E-06   0.1375883509024632E-03   0.1106303267712327E-02
  0.5947499999999999E+02   0.9542566262084391E+00   0.9992214624058870E-03  -0.2313926899243668E-01   0.5114451992431204E-03   0.8389339105819583E-06   0.1370753013173636E-03   0.1097313971671971E-02
  0.5952500000000000E+02   0.9543403103290095E+00   0.9915216615713372E-03  -0.2309643880941759E-01   0.5074818543822991E-03   0.8331325731645153E-06   0.1365616221903951E-03   0.1088667357029091E-02
  0.5957500000000000E+02   0.9544242240566985E+00   0.9841985394590162E-03  -0.2305349287586100E-01   0.5037115810753167E-03   0.8276375365119633E-06   0.1360476025040982E-03   0.1080436748593034E-02
  0.5962499999999999E+02   0.9545083101878006E+00   0.9773110127181738E-03  -0.2301046046933031E-01   0.5001645223282834E-03   0.8224991682457243E-06   0.1355336054571149E-03   0.1072686733893299E-02
  0.5967500000000000E+02   0.9545925008363727E+00   0.9709074812502395E-03  -0.2296737633196999E-01   0.4968654360819626E-03   0.8177591393203323E-06   0.1350200550090229E-03   0.1065470332984436E-02
  0.5972500000000000E+02   0.9546767198331160E+00   0.9650238823840050E-03  -0.2292427944204267E-01   0.4938327000045247E-03   0.8134487475728740E-06   0.1345074204899187E-03   0.1058826868045169E-02
  0.5977500000000000E+02   0.9547608853011775E+00   0.9596823287101639E-03  -0.2288121169511748E-01   0.4910776152278437E-03   0.8095877258746891E-06   0.1339962003915949E-03   0.1052780475659154E-02
  0.5982500000000000E+02   0.9548449122987118E+00   0.9548902425272918E-03  -0.2283821655135021E-01   0.4886039644107058E-03   0.8061834641547817E-06   0.1334869060061706E-03   0.1047339165654167E-02
  0.5987499999999999E+02   0.9549287154866770E+00   0.9506399019452960E-03  -0.2279533767014497E-01   0.4864077805762699E-03   0.8032305758291812E-06   0.1329800451539613E-03   0.1042494332609326E-02
  0.5992500000000000E+02   0.9550122118324460E+00   0.9469083462820031E-03  -0.2275261752681068E-01   0.4844772998447920E-03   0.8007107662471106E-06   0.1324761059290923E-03   0.1038220661867973E-02
  0.5997500000000000E+02   0.9550953233854894E+00   0.9436576409981542E-03  -0.2271009599266549E-01   0.4827930981015599E-03   0.7985930049951774E-06   0.1319755402446262E-03   0.1034476429591647E-02
  0.6002500000000000E+02   0.9551779801547718E+00   0.9408355624883673E-03  -0.2266780886341346E-01   0.4813284423764987E-03   0.7968340547852180E-06   0.1314787470094425E-03   0.1031204262265151E-02
  0.6007500000000000E+02   0.9552601230767871E+00   0.9383768164782200E-03  -0.2262578634143009E-01   0.4800499150502588E-03   0.7953794552869868E-06   0.1309860550219147E-03   0.1028332479648595E-02
  0.6012500000000000E+02   0.9553417069913558E+00   0.9362049352848578E-03  -0.2258405151431286E-01   0.4789183851232028E-03   0.7941650876416178E-06   0.1304977060969813E-03   0.1025777179728378E-02
  0.6017500000000000E+02   0.9554227034487712E+00   0.9342349934596958E-03  -0.2254261891988163E-01   0.4778903978541445E-03   0.7931194413487808E-06   0.1300138394923071E-03   0.1023445217984158E-02
  0.6022500000000000E+02   0.9555031030738383E+00   0.9323772257905912E-03  -0.2250149333794416E-01   0.4769200256757711E-03   0.7921666588346937E-06   0.1295344792596729E-03   0.1021238172539466E-02
  0.6027500000000001E+02   0.9555829171349038E+00   0.9305415211881970E-03  -0.2246066898874288E-01   0.4759611668133899E-03   0.7912303395895506E-06   0.1290595265696433E-03   0.1019057265932603E-02
  0.6032499999999999E+02   0.9556621779389252E+00   0.9286426085474324E-03  -0.2242012933182091E-01   0.4749701975311246E-03   0.7902379516760720E-06   0.1285887591677693E-03   0.1016809042032301E-02
  0.6037500000000000E+02   0.9557409377239378E+00   0.9266055712784135E-03  -0.2237984763330447E-01   0.4739087922007427E-03   0.7891255446312847E-06   0.1281218397684670E-03   0.1014411400420899E-02
  0.6042499999999999E+02   0.9558192658613316E+00   0.9243711670725875E-03  -0.2233978839746142E-01   0.4727466435180982E-03   0.7878423192954261E-06   0.1276583343130156E-03   0.1011799415495854E-02
  0.6047500000000000E+02   0.9558972444014521E+00   0.9219003376275837E-03  -0.2229990964532647E-01   0.4714637682467393E-03   0.7863545288485842E-06   0.1271977396896275E-03   0.1008930267225457E-02
  0.6052500000000001E+02   0.9559749622580659E+00   0.9191773107944973E-03  -0.2226016588918911E-01   0.4700520929631693E-03   0.7846481970467615E-06   0.1267395189798200E-03   0.1005786630102195E-02
  0.6057499999999999E+02   0.9560525085692652E+00   0.9162108409113739E-03  -0.2222051152798799E-01   0.4685160875808245E-03   0.7827302587420732E-06   0.1262831409200652E-03   0.1002378023821930E-02
  0.6062499999999999E+02   0.9561299659295815E+00   0.9130333812271018E-03  -0.2218090430828434E-01   0.4668723413410207E-03   0.7806279374101176E-06   0.1258281194254158E-03   0.9987399008776722E-03
  0.6067500000000000E+02   0.9562074042149754E+00   0.9096982800463143E-03  -0.2214130848176410E-01   0.4651481282197866E-03   0.7783864280412360E-06   0.1253740489621905E-03   0.9949305721073394E-03
  0.6072499999999999E+02   0.9562848756107520E+00   0.9062753667529212E-03  -0.2210169734732237E-01   0.4633791490866332E-03   0.7760651893900198E-06   0.1249206323044245E-03   0.9910263716168004E-03
  0.6077500000000001E+02   0.9563624112350544E+00   0.9028454800192450E-03  -0.2206205497698854E-01   0.4616067331337678E-03   0.7737333111864964E-06   0.1244676985501980E-03   0.9871156660923054E-03
  0.6082500000000000E+02   0.9564400194883595E+00   0.8994945525191707E-03  -0.2202237705906429E-01   0.4598748127867416E-03   0.7714644781949877E-06   0.1240152108389916E-03   0.9832923812069737E-03
  0.6087499999999999E+02   0.9565176860190766E+00   0.8963078069364793E-03  -0.2198267091476358E-01   0.4582269558428059E-03   0.7693320053248318E-06   0.1235632646086319E-03   0.9796496524888086E-03
  0.6092500000000000E+02   0.9565953750277192E+00   0.8933644716896815E-03  -0.2194295483036590E-01   0.4567036637084580E-03   0.7674042953144756E-06   0.1231120781725975E-03   0.9762740476534777E-03
  0.6097499999999999E+02   0.9566730315601558E+00   0.8907332421618826E-03  -0.2190325688369754E-01   0.4553400511916275E-03   0.7657409157179001E-06   0.1226619777671517E-03   0.9732406073870632E-03
  0.6102500000000001E+02   0.9567505844590803E+00   0.8884685432806385E-03  -0.2186361343421983E-01   0.4541639363811197E-03   0.7643893468988960E-06   0.1222133790583624E-03   0.9706087654662839E-03
  0.6107500000000000E+02   0.9568279497276594E+00   0.8866075274436085E-03  -0.2182406740262766E-01   0.4531943068203384E-03   0.7633823480692320E-06   0.1217667665664027E-03   0.9684190756540777E-03
  0.6112499999999999E+02   0.9569050341774534E+00   0.8851676858887172E-03  -0.2178466640544974E-01   0.4524400995822054E-03   0.7627358398191379E-06   0.1213226717566419E-03   0.9666906115141389E-03
  0.6117500000000000E+02   0.9569817393515777E+00   0.8841449640746098E-03  -0.2174546074935069E-01   0.4518992392061231E-03   0.7624472116205698E-06   0.1208816498545675E-03   0.9654189187460498E-03
  0.6122500000000001E+02   0.9570579658056936E+00   0.8835123439352877E-03  -0.2170650124298401E-01   0.4515579143977990E-03   0.7624940245418113E-06   0.1204442549238336E-03   0.9645744784790348E-03
  0.6127499999999999E+02   0.9571336178710709E+00   0.8832189720919775E-03  -0.2166783676293060E-01   0.4513901337811563E-03   0.7628331795655326E-06   0.1200110125284568E-03   0.9641017667552274E-03
  0.6132500000000000E+02   0.9572086089977501E+00   0.8831900509111197E-03  -0.2162951152362658E-01   0.4513576714106129E-03   0.7634007414497034E-06   0.1195823894755222E-03   0.9639191457749282E-03
  0.6137500000000000E+02   0.9572828676696767E+00   0.8833278385923084E-03  -0.2159156205540247E-01   0.4514105788212381E-03   0.7641127211289304E-06   0.1191587607618235E-03   0.9639199635264405E-03
  0.6142500000000000E+02   0.9573563436959510E+00   0.8835141859522507E-03  -0.2155401399065449E-01   0.4514884820345167E-03   0.7648671921467593E-06   0.1187403749231395E-03   0.9639753273400657E-03
  0.6147500000000000E+02   0.9574290144299872E+00   0.8836150247839367E-03  -0.2151687888707343E-01   0.4515228754170603E-03   0.7655481079638618E-06   0.1183273203984636E-03   0.9639390030732695E-03
  0.6152499999999998E+02   0.9575008901962635E+00   0.8834870714124058E-03  -0.2148015145586801E-01   0.4514405470297212E-03   0.7660310582255367E-06   0.1179194970082273E-03   0.9636547269004764E-03
  0.6157500000000000E+02   0.9575720179888205E+00   0.8829866959836627E-03  -0.2144380767301657E-01   0.4511681101746141E-03   0.7661909319581236E-06   0.1175165977693523E-03   0.9629658756036304E-03
  0.6162500000000000E+02   0.9576424824446224E+00   0.8819804548167829E-03  -0.2140780428276734E-01   0.4506373843347275E-03   0.7659110619017048E-06   0.1171181064872541E-03   0.9617269474817533E-03
  0.6167500000000000E+02   0.9577124032779033E+00   0.8803562751231387E-03  -0.2137208010912273E-01   0.4497911091793210E-03   0.7650929799083424E-06   0.1167233153969234E-03   0.9598157524500191E-03
  0.6172500000000000E+02   0.9577819288246967E+00   0.8780338635393347E-03  -0.2133655935448098E-01   0.4485882618442303E-03   0.7636655442430192E-06   0.1163313644106452E-03   0.9571447545596244E-03
  0.6177500000000000E+02   0.9578512260307341E+00   0.8749727479770976E-03  -0.2130115671518562E-01   0.4470081649634018E-03   0.7615920506170443E-06   0.1159412996475437E-03   0.9536698336709835E-03
  0.6182500000000000E+02   0.9579204679573439E+00   0.8711765742021541E-03  -0.2126578376495247E-01   0.4450526811831298E-03   0.7588741144093834E-06   0.1155521448206817E-03   0.9493949639357128E-03
  0.6187500000000000E+02   0.9579898204549357E+00   0.8666928662776895E-03  -0.2123035576340226E-01   0.4427460901454888E-03   0.7555516161507417E-06   0.1151629759981452E-03   0.9443719473056475E-03
  0.6192500000000000E+02   0.9580594298658283E+00   0.8616082842066598E-03  -0.2119479793853207E-01   0.4401326650042424E-03   0.7516987170415092E-06   0.1147729892980534E-03   0.9386952386863076E-03
  0.6197500000000000E+02   0.9581294133883880E+00   0.8560402353865662E-03  -0.2115905040934885E-01   0.4372723861545433E-03   0.7474166704127954E-06   0.1143815526009078E-03   0.9324927968426512E-03
  0.6202500000000000E+02   0.9581998531399764E+00   0.8501262798463851E-03  -0.2112307121861834E-01   0.4342355279047796E-03   0.7428246697222250E-06   0.1139882358652950E-03   0.9259145311661301E-03
  0.6207499999999999E+02   0.9582707941943476E+00   0.8440129700843978E-03  -0.2108683733492811E-01   0.4310969564381937E-03   0.7380501574798066E-06   0.1135928189667477E-03   0.9191201334030311E-03
  0.6212500000000000E+02   0.9583422461678940E+00   0.8378455850111007E-03  -0.2105034384155580E-01   0.4279308847703882E-03   0.7332198700151953E-06   0.1131952798651283E-03   0.9122678857268171E-03
  0.6217500000000000E+02   0.9584141874565717E+00   0.8317597739442221E-03  -0.2101360177108569E-01   0.4248066037735355E-03   0.7284525125932211E-06   0.1127957684336041E-03   0.9055055528313223E-03
  0.6222500000000000E+02   0.9584865710427513E+00   0.8258755912498208E-03  -0.2097663513800430E-01   0.4217854347971752E-03   0.7238534956695006E-06   0.1123945721562314E-03   0.8989638818890013E-03
  0.6227499999999999E+02   0.9585593308611832E+00   0.8202939247033762E-03  -0.2093947768575999E-01   0.4189189054239560E-03   0.7195117467203963E-06   0.1119920793739164E-03   0.8927527134508089E-03
  0.6232500000000000E+02   0.9586323879425381E+00   0.8150949883835081E-03  -0.2090216974761960E-01   0.4162479801295252E-03   0.7154983202784224E-06   0.1115887443780604E-03   0.8869593440246921E-03
  0.6237499999999999E+02   0.9587056558403693E+00   0.8103383846086603E-03  -0.2086475547380651E-01   0.4138030926467086E-03   0.7118663807758020E-06   0.1111850569914678E-03   0.8816485997402832E-03
  0.6242500000000000E+02   0.9587790451154992E+00   0.8060642128401598E-03  -0.2082728054038441E-01   0.4116047132547817E-03   0.7086521066262962E-06   0.1107815177637682E-03   0.8768640515587075E-03
  0.6247500000000001E+02   0.9588524668580463E+00   0.8022947697964313E-03  -0.2078979034998929E-01   0.4096642181065430E-03   0.7058761194301031E-06   0.1103786187700696E-03   0.8726298748540242E-03
  0.6252499999999999E+02   0.9589258353589996E+00   0.7990364975543308E-03  -0.2075232866722321E-01   0.4079848852062243E-03   0.7035451387732411E-06   0.1099768292937578E-03   0.8689529789318720E-03
  0.6257500000000000E+02   0.9589990701070965E+00   0.7962819593601235E-03  -0.2071493659890233E-01   0.4065629044696154E-03   0.7016536695709938E-06   0.1095765853493875E-03   0.8658251661164124E-03
  0.6262499999999999E+02   0.9590720972979604E+00   0.7940117337802828E-03  -0.2067765182363401E-01   0.4053883459612878E-03   0.7001856255321912E-06   0.1091782819674532E-03   0.8632252009431803E-03
  0.6267500000000000E+02   0.9591448510175588E+00   0.7921962052487450E-03  -0.2064050798790618E-01   0.4044460750674801E-03   0.6991158689089334E-06   0.1087822673228361E-03   0.8611207652772355E-03
  0.6272500000000001E+02   0.9592172742153791E+00   0.7907972887388243E-03  -0.2060353420971572E-01   0.4037166338458872E-03   0.6984116993060094E-06   0.1083888380615203E-03   0.8594703401935881E-03
  0.6277499999999999E+02   0.9592893195257532E+00   0.7897701577553634E-03  -0.2056675465984592E-01   0.4031771238687527E-03   0.6980343523680113E-06   0.1079982355011648E-03   0.8582250897463529E-03
  0.6282500000000000E+02   0.9593609499377843E+00   0.7890650494872619E-03  -0.2053018822051544E-01   0.4028021282522743E-03   0.6979405736697329E-06   0.1076106426997432E-03   0.8573308268476462E-03
  0.6287500000000001E+02   0.9594321392635290E+00   0.7886292014048558E-03  -0.2049384824705314E-01   0.4025647005858548E-03   0.6980843162459407E-06   0.1072261826585072E-03   0.8567301202579090E-03
  0.6292500000000000E+02   0.9595028723180902E+00   0.7884089341076565E-03  -0.2045774247663323E-01   0.4024374283254692E-03   0.6984185755338740E-06   0.1068449181114702E-03   0.8563645588286411E-03
  0.6297499999999999E+02   0.9595731447107709E+00   0.7883518425157720E-03  -0.2042187313551092E-01   0.4023935513133550E-03   0.6988973288604288E-06   0.1064668534195826E-03   0.8561771319209015E-03
  0.6302499999999999E+02   0.9596429621579005E+00   0.7884090010155570E-03  -0.2038623729034450E-01   0.4024080872622606E-03   0.6994774962899688E-06   0.1060919390129038E-03   0.8561146236332998E-03
  0.6307500000000000E+02   0.9597123392658806E+00   0.7885370394807027E-03  -0.2035082746983363E-01   0.4024588911988395E-03   0.7001207958991792E-06   0.1057200786094929E-03   0.8561298656675139E-03
  0.6312500000000000E+02   0.9597812977925624E+00   0.7886999179034970E-03  -0.2031563255250435E-01   0.4025275609727262E-03   0.7007953398200726E-06   0.1053511391149318E-03   0.8561836620419762E-03
  0.6317500000000000E+02   0.9598498644659172E+00   0.7888702266443820E-03  -0.2028063888031773E-01   0.4026001005751349E-03   0.7014768157906693E-06   0.1049849627295172E-03   0.8562461981447593E-03
  0.6322499999999999E+02   0.9599180685069884E+00   0.7890298703564382E-03  -0.2024583152307147E-01   0.4026672688634845E-03   0.7021491256222381E-06   0.1046213804376761E-03   0.8562977803769144E-03
  0.6327500000000000E+02   0.9599859390547265E+00   0.7891700524879852E-03  -0.2021119559274054E-01   0.4027245713250457E-03   0.7028044036106327E-06   0.1042602258027410E-03   0.8563288165451776E-03
  0.6332500000000000E+02   0.9600535027124959E+00   0.7892905531603955E-03  -0.2017671749560257E-01   0.4027718912450181E-03   0.7034424050981595E-06   0.1039013478956464E-03   0.8563390295382410E-03
  0.6337500000000000E+02   0.9601207814254095E+00   0.7893983714093564E-03  -0.2014238601541785E-01   0.4028127965446301E-03   0.7040693250931283E-06   0.1035446222669737E-03   0.8563359816502424E-03
  0.6342500000000000E+02   0.9601877908575773E+00   0.7895058686311832E-03  -0.2010819314140910E-01   0.4028535921543415E-03   0.7046961660286063E-06   0.1031899591061424E-03   0.8563330583180413E-03
  0.6347499999999999E+02   0.9602545393784594E+00   0.7896285929991102E-03  -0.2007413458535035E-01   0.4029022096814353E-03   0.7053368128415216E-06   0.1028373080642939E-03   0.8563471065284746E-03
  0.6352500000000000E+02   0.9603210277004215E+00   0.7897829803839451E-03  -0.2004020996632105E-01   0.4029670341661682E-03   0.7060059886428272E-06   0.1024866595802051E-03   0.8563959401569358E-03
  0.6357499999999999E+02   0.9603872491472231E+00   0.7899841181475270E-03  -0.2000642267350994E-01   0.4030557630299344E-03   0.7067172571256603E-06   0.1021380428781604E-03   0.8564959144403492E-03
  0.6362500000000000E+02   0.9604531904837478E+00   0.7902437308693727E-03  -0.1997277944266918E-01   0.4031743783708220E-03   0.7074812144318680E-06   0.1017915210612256E-03   0.8566597420502812E-03
  0.6367500000000000E+02   0.9605188332042865E+00   0.7905685101653025E-03  -0.1993928969865000E-01   0.4033262949201472E-03   0.7083039810034229E-06   0.1014471838867141E-03   0.8568946831016392E-03
  0.6372499999999999E+02   0.9605841551591825E+00   0.7909588719108794E-03  -0.1990596472537620E-01   0.4035117261423041E-03   0.7091860697785917E-06   0.1011051388901344E-03   0.8572011992159803E-03
  0.6377500000000000E+02   0.9606491323939930E+00   0.7914081884419116E-03  -0.1987281672748209E-01   0.4037272927170033E-03   0.7101216754730500E-06   0.1007655015404468E-03   0.8575721229394816E-03
  0.6382500000000000E+02   0.9607137410771368E+00   0.7919025126421825E-03  -0.1983985784690745E-01   0.4039658819948701E-03   0.7110984024082734E-06   0.1004283850873528E-03   0.8579923605373339E-03
  0.6387500000000000E+02   0.9607779593977150E+00   0.7924207847129758E-03  -0.1980709919480694E-01   0.4042167536930898E-03   0.7120974249713233E-06   0.1000938907195920E-03   0.8584391178727944E-03
  0.6392500000000000E+02   0.9608417693231835E+00   0.7929354890176227E-03  -0.1977454995504846E-01   0.4044658751623210E-03   0.7130940536950572E-06   0.9976209860069910E-04   0.8588826137421378E-03
  0.6397500000000000E+02   0.9609051581170894E+00   0.7934137059494289E-03  -0.1974221661018538E-01   0.4046964581121391E-03   0.7140586595718543E-06   0.9943306028373655E-04   0.8592872207666557E-03
  0.6402499999999999E+02   0.9609681195318611E+00   0.7938184817404075E-03  -0.1971010233324555E-01   0.4048896574522606E-03   0.7149578890737510E-06   0.9910679292077354E-04   0.8596129501448656E-03
  0.6407500000000000E+02   0.9610306546126560E+00   0.7941104187965536E-03  -0.1967820657795405E-01   0.4050253825453184E-03   0.7157560836071527E-06   0.9878327556633621E-04   0.8598171746256855E-03
  0.6412500000000000E+02   0.9610927720765701E+00   0.7942493735410044E-03  -0.1964652488557006E-01   0.4050831632173778E-03   0.7164168025225948E-06   0.9846244772223475E-04   0.8598564672462293E-03
  0.6417500000000000E+02   0.9611544882661492E+00   0.7941961418490404E-03  -0.1961504890885402E-01   0.4050430093633722E-03   0.7169043419532287E-06   0.9814421008996320E-04   0.8596884259854685E-03
  0.6422499999999999E+02   0.9612158267137360E+00   0.7939140175860412E-03  -0.1958376663450967E-01   0.4048862057601596E-03   0.7171851459973052E-06   0.9782842730449243E-04   0.8592733604246507E-03
  0.6427499999999999E+02   0.9612768173882159E+00   0.7933701293041786E-03  -0.1955266276758438E-01   0.4045959936735030E-03   0.7172290237960503E-06   0.9751493224848632E-04   0.8585757377105823E-03
  0.6432500000000000E+02   0.9613374957217834E+00   0.7925364926595995E-03  -0.1952171922802948E-01   0.4041581074267159E-03   0.7170101149410844E-06   0.9720353142120405E-04   0.8575653203322144E-03
  0.6437500000000000E+02   0.9613979015257559E+00   0.7913907571297730E-03  -0.1949091570380557E-01   0.4035611550186861E-03   0.7165075824369697E-06   0.9689401078927828E-04   0.8562179726270965E-03
  0.6442499999999998E+02   0.9614580778980977E+00   0.7899166680549324E-03  -0.1946023020817622E-01   0.4027968535241757E-03   0.7157060507841551E-06   0.9658614159125786E-04   0.8545161588655278E-03
  0.6447499999999999E+02   0.9615180702017203E+00   0.7881043007184690E-03  -0.1942963960086008E-01   0.4018601482088813E-03   0.7145958392288602E-06   0.9627968569885023E-04   0.8524491943696044E-03
  0.6452500000000001E+02   0.9615779251562835E+00   0.7859501448438924E-03  -0.1939912005125699E-01   0.4007492553366742E-03   0.7131730602011784E-06   0.9597440033051528E-04   0.8500133345466852E-03
  0.6457500000000000E+02   0.9616376900446809E+00   0.7834571210200411E-03  -0.1936864744313693E-01   0.3994656702425856E-03   0.7114396562464162E-06   0.9567004212718618E-04   0.8472117900903330E-03
  0.6462500000000000E+02   0.9616974119976065E+00   0.7806345946543660E-03  -0.1933819773946055E-01   0.3980141741296095E-03   0.7094034347486168E-06   0.9536637079000522E-04   0.8440547393744547E-03
  0.6467499999999998E+02   0.9617571372938630E+00   0.7774984218027691E-03  -0.1930774733911134E-01   0.3964028571109853E-03   0.7070781316879693E-06   0.9506315260437444E-04   0.8405593752539716E-03
  0.6472499999999999E+02   0.9618169106061207E+00   0.7740710218030228E-03  -0.1927727346138230E-01   0.3946431549185387E-03   0.7044834999843597E-06   0.9476016420658058E-04   0.8367499808470040E-03
  0.6477500000000001E+02   0.9618767741334696E+00   0.7703814331193393E-03  -0.1924675458811986E-01   0.3927498770579176E-03   0.7016453828645721E-06   0.9445719688177619E-04   0.8326579872228294E-03
  0.6482499999999999E+02   0.9619367665907703E+00   0.7664652801462184E-03  -0.1921617097881978E-01   0.3907411895805566E-03   0.6985957063229134E-06   0.9415406153094308E-04   0.8283219349429938E-03
  0.6487500000000000E+02   0.9619969220639938E+00   0.7623645667170582E-03  -0.1918550525398288E-01   0.3886385095249196E-03   0.6953723133933529E-06   0.9385059424416159E-04   0.8237872484453899E-03
  0.6492500000000000E+02   0.9620572687815079E+00   0.7581272197215665E-03  -0.1915474302126163E-01   0.3864662719870808E-03   0.6920185694743847E-06   0.9354666221440666E-04   0.8191057405649195E-03
  0.6497499999999999E+02   0.9621178278842498E+00   0.7538063319752278E-03  -0.1912387350211298E-01   0.3842515439062690E-03   0.6885826910382833E-06   0.9324216956680816E-04   0.8143347923330728E-03
  0.6502500000000001E+02   0.9621786122954435E+00   0.7494590914591715E-03  -0.1909289010764059E-01   0.3820234780138427E-03   0.6851167844956422E-06   0.9293706259907707E-04   0.8095361942664274E-03
  0.6507500000000000E+02   0.9622396257892540E+00   0.7451454255897203E-03  -0.1906179091296401E-01   0.3798126215733970E-03   0.6816756199256238E-06   0.9263133394607320E-04   0.8047746802628554E-03
  0.6512500000000000E+02   0.9623008623384053E+00   0.7409264250020629E-03  -0.1903057898932803E-01   0.3776501128030587E-03   0.6783151973474055E-06   0.9232502528821616E-04   0.8001162239390876E-03
  0.6517500000000000E+02   0.9623623057885201E+00   0.7368626339037596E-03  -0.1899926256962048E-01   0.3755668093756422E-03   0.6750911842509947E-06   0.9201822839153814E-04   0.7956261916180090E-03
  0.6522499999999999E+02   0.9624239298696985E+00   0.7330122993685154E-03  -0.1896785504195786E-01   0.3735923960982266E-03   0.6720573084630113E-06   0.9171108445582954E-04   0.7913674518876742E-03
  0.6527499999999999E+02   0.9624856985222409E+00   0.7294296602587519E-03  -0.1893637478313426E-01   0.3717545129132223E-03   0.6692637802138665E-06   0.9140378191341340E-04   0.7873985289945353E-03
  0.6532500000000000E+02   0.9625475664906263E+00   0.7261633318680668E-03  -0.1890484485535149E-01   0.3700779318194699E-03   0.6667557951274474E-06   0.9109655292982853E-04   0.7837718607182587E-03
  0.6537500000000000E+02   0.9626094801322249E+00   0.7232548114627806E-03  -0.1887329259354109E-01   0.3685837955500443E-03   0.6645721417505932E-06   0.9078966888917369E-04   0.7805321879425996E-03
  0.6542500000000000E+02   0.9626713783957948E+00   0.7207371001817068E-03  -0.1884174910621972E-01   0.3672889156897756E-03   0.6627439100376794E-06   0.9048343509791703E-04   0.7777150709971691E-03
  0.6547499999999999E+02   0.9627331939475459E+00   0.7186334152353541E-03  -0.1881024870123438E-01   0.3662051169430402E-03   0.6612932773659938E-06   0.9017818482374236E-04   0.7753455045675949E-03
  0.6552499999999999E+02   0.9627948544550666E+00   0.7169559586606494E-03  -0.1877882823118471E-01   0.3653386103401215E-03   0.6602323414227676E-06   0.8987427262370235E-04   0.7734365946289504E-03
  0.6557500000000000E+02   0.9628562840756296E+00   0.7157047189098155E-03  -0.1874752633485000E-01   0.3646893832718367E-03   0.6595619783410151E-06   0.8957206673953923E-04   0.7719882716204964E-03
  0.6562500000000001E+02   0.9629174052280081E+00   0.7148663112688657E-03  -0.1871638253432839E-01   0.3642506093779121E-03   0.6592707317225578E-06   0.8927194018381995E-04   0.7709860460785855E-03
  0.6567500000000000E+02   0.9629781407474106E+00   0.7144129123266955E-03  -0.1868543613716189E-01   0.3640081063886827E-03   0.6593337836371010E-06   0.8897426004991352E-04   0.7703998659658873E-03
  0.6572499999999999E+02   0.9630384165218646E+00   0.7143014093102155E-03  -0.1865472489336450E-01   0.3639399034313370E-03   0.6597121195613495E-06   0.8867937459737144E-04   0.7701832055848269E-03
  0.6577499999999999E+02   0.9630981646751477E+00   0.7144729595725691E-03  -0.1862428337419686E-01   0.3640160172441869E-03   0.6603520687126763E-06   0.8838759783930017E-04   0.7702725961647630E-03
  0.6582500000000000E+02   0.9631573272873182E+00   0.7148532253318325E-03  -0.1859414107724100E-01   0.3641985722993807E-03   0.6611854668808739E-06   0.8809919172901779E-04   0.7705878833848223E-03
  0.6587500000000001E+02   0.9632158605250132E+00   0.7153535932667045E-03  -0.1856432032287902E-01   0.3644424225039618E-03   0.6621307315374966E-06   0.8781434662413895E-04   0.7710335450169158E-03
  0.6592499999999998E+02   0.9632737388963261E+00   0.7158736812079344E-03  -0.1853483408741863E-01   0.3646964283965718E-03   0.6630951339186823E-06   0.8753316146030981E-04   0.7715013939404296E-03
  0.6597499999999999E+02   0.9633309591715731E+00   0.7163053476298426E-03  -0.1850568400647534E-01   0.3649054996843040E-03   0.6639784742809465E-06   0.8725562588064727E-04   0.7718748986187035E-03
  0.6602500000000001E+02   0.9633875433631250E+00   0.7165382362302368E-03  -0.1847685885766226E-01   0.3650134195492832E-03   0.6646781976355151E-06   0.8698160723697492E-04   0.7720351556702351E-03
  0.6607500000000000E+02   0.9634435400911713E+00   0.7164666133205901E-03  -0.1844833386540912E-01   0.3649663273162575E-03   0.6650957326139855E-06   0.8671084563551009E-04   0.7718682535828154E-03
  0.6612500000000000E+02   0.9634990237345868E+00   0.7159969312771303E-03  -0.1842007113390720E-01   0.3647165708167239E-03   0.6651435333751957E-06   0.8644295977945189E-04   0.7712734173032664E-03
  0.6617499999999998E+02   0.9635540910096506E+00   0.7150552552814245E-03  -0.1839202139011431E-01   0.3642264890175696E-03   0.6647520261118872E-06   0.8617746512494210E-04   0.7701710047376783E-03
  0.6622499999999999E+02   0.9636088550172035E+00   0.7135935217838553E-03  -0.1836412701612866E-01   0.3634715995121237E-03   0.6638754998448272E-06   0.8591380391935454E-04   0.7685092444658524E-03
  0.6627500000000001E+02   0.9636634372722543E+00   0.7115936397149689E-03  -0.1833632610911184E-01   0.3624426871652085E-03   0.6624960150489539E-06   0.8565138442855077E-04   0.7662686498388123E-03
  0.6632500000000000E+02   0.9637179586536138E+00   0.7090687281246980E-03  -0.1830855709120049E-01   0.3611464341706457E-03   0.6606246614496100E-06   0.8538962469134990E-04   0.7634633489968953E-03
  0.6637499999999999E+02   0.9637725304554741E+00   0.7060612550517003E-03  -0.1828076326739414E-01   0.3596044717436929E-03   0.6582999316417240E-06   0.8512799507439944E-04   0.7601390776912288E-03
  0.6642500000000000E+02   0.9638272467078448E+00   0.7026383798522599E-03  -0.1825289673705255E-01   0.3578510074116653E-03   0.6555834773568532E-06   0.8486605409575821E-04   0.7563681605786811E-03
  0.6647499999999999E+02   0.9638821786634606E+00   0.6988852568069646E-03  -0.1822492120180186E-01   0.3559294139256813E-03   0.6525539423551521E-06   0.8460347338279159E-04   0.7522422973418779E-03
  0.6652500000000001E+02   0.9639373719131208E+00   0.6948973156219574E-03  -0.1819681343456236E-01   0.3538882971305381E-03   0.6492998111076366E-06   0.8434004978101837E-04   0.7478642476522831E-03
  0.6657500000000000E+02   0.9639928461209880E+00   0.6907725521795002E-03  -0.1816856341404194E-01   0.3517775691627205E-03   0.6459122347271952E-06   0.8407570489385188E-04   0.7433395280813391E-03
  0.6662499999999999E+02   0.9640485969879312E+00   0.6866046774394636E-03  -0.1814017332435458E-01   0.3496449588757243E-03   0.6424786278219591E-06   0.8381047413236095E-04   0.7387690342587548E-03
  0.6667500000000000E+02   0.9641045998260460E+00   0.6824776719481047E-03  -0.1811165573401485E-01   0.3475332383430490E-03   0.6390775532684480E-06   0.8354448836601848E-04   0.7342431778761968E-03
  0.6672499999999999E+02   0.9641608140706465E+00   0.6784619760343085E-03  -0.1808303129750821E-01   0.3454782826142776E-03   0.6357751174517964E-06   0.8327795146574771E-04   0.7298377861805845E-03
  0.6677499999999999E+02   0.9642171881294643E+00   0.6746122857222959E-03  -0.1805432628521941E-01   0.3435079474255345E-03   0.6326228558415286E-06   0.8301111661785092E-04   0.7256117314015668E-03
  0.6682500000000000E+02   0.9642736641135817E+00   0.6709667574626515E-03  -0.1802557017373985E-01   0.3416416645295769E-03   0.6296569318783222E-06   0.8274426355258483E-04   0.7216060776910037E-03
  0.6687499999999999E+02   0.9643301821547245E+00   0.6675473514828963E-03  -0.1799679344700911E-01   0.3398906169696270E-03   0.6268984021678465E-06   0.8247767804320234E-04   0.7178444541668552E-03
  0.6692500000000000E+02   0.9643866841497837E+00   0.6643610418821002E-03  -0.1796802568933686E-01   0.3382583557671063E-03   0.6243542978827174E-06   0.8221163437326918E-04   0.7143343608490641E-03
  0.6697500000000001E+02   0.9644431168669201E+00   0.6614016610457771E-03  -0.1793929400371630E-01   0.3367417395927660E-03   0.6220193078722265E-06   0.8194638102579333E-04   0.7110691568004184E-03
  0.6702499999999999E+02   0.9644994343966425E+00   0.6586521979102960E-03  -0.1791062176385216E-01   0.3353321054613423E-03   0.6198778966052656E-06   0.8168212961923177E-04   0.7080305358057155E-03
  0.6707500000000000E+02   0.9645555999454498E+00   0.6560874129103351E-03  -0.1788202770108149E-01   0.3340166005589844E-03   0.6179067298836361E-06   0.8141904705242076E-04   0.7051913416601323E-03
  0.6712500000000000E+02   0.9646115869643412E+00   0.6536766553649151E-03  -0.1785352533004791E-01   0.3327796170039614E-03   0.6160773021360161E-06   0.8115725084759021E-04   0.7025185999576460E-03
  0.6717500000000000E+02   0.9646673795961518E+00   0.6513867690928204E-03  -0.1782512272124137E-01   0.3316042713786219E-03   0.6143586585302210E-06   0.8089680771970622E-04   0.6999766434731453E-03
  0.6722499999999999E+02   0.9647229724282340E+00   0.6491849546109870E-03  -0.1779682262720839E-01   0.3304738620106251E-03   0.6127200880728048E-06   0.8063773538661091E-04   0.6975301896366119E-03
  0.6727499999999999E+02   0.9647783695591224E+00   0.6470414325416992E-03  -0.1776862295798975E-01   0.3293732249168543E-03   0.6111336407404688E-06   0.8038000752962953E-04   0.6951472032231281E-03
  0.6732500000000000E+02   0.9648335830308812E+00   0.6449317367143591E-03  -0.1774051757942274E-01   0.3282899011191304E-03   0.6095763055813280E-06   0.8012356161448768E-04   0.6928013601414796E-03
  0.6737500000000000E+02   0.9648886307364205E+00   0.6428384695899079E-03  -0.1771249737864611E-01   0.3272150301588970E-03   0.6080316896968729E-06   0.7986830902008284E-04   0.6904739327339986E-03
  0.6742500000000000E+02   0.9649435339704606E+00   0.6407523845854096E-03  -0.1768455151091886E-01   0.3261439009082895E-03   0.6064910673316684E-06   0.7961414665807196E-04   0.6881549513802558E-03
  0.6747499999999999E+02   0.9649983148385547E+00   0.6386727191397660E-03  -0.1765666871859961E-01   0.3250761209457496E-03   0.6049537236842626E-06   0.7936096907089869E-04   0.6858435608918730E-03
  0.6752500000000001E+02   0.9650529937573584E+00   0.6366067799731996E-03  -0.1762883860358500E-01   0.3240154052712010E-03   0.6034265912006505E-06   0.7910867992901133E-04   0.6835475735593040E-03
  0.6757500000000000E+02   0.9651075872643676E+00   0.6345688629596146E-03  -0.1760105274213586E-01   0.3229690263466103E-03   0.6019232529255232E-06   0.7885720193759563E-04   0.6812823076572277E-03
  0.6762500000000000E+02   0.9651621063087066E+00   0.6325786579519923E-03  -0.1757330555477132E-01   0.3219470020148456E-03   0.6004624524207028E-06   0.7860648439573220E-04   0.6790688731202660E-03
  0.6767500000000000E+02   0.9652165551262608E+00   0.6306593310086059E-03  -0.1754559487867280E-01   0.3209611192749058E-03   0.5990662905942364E-06   0.7835650797712761E-04   0.6769321112585784E-03
  0.6772499999999999E+02   0.9652709307270286E+00   0.6288354871248161E-03  -0.1751792222843906E-01   0.3200238973066682E-03   0.5977583009791097E-06   0.7810728665318942E-04   0.6748984067494039E-03
  0.6777500000000001E+02   0.9653252229544075E+00   0.6271311980420755E-03  -0.1749029276572145E-01   0.3191475836953419E-03   0.5965615784900512E-06   0.7785886699004944E-04   0.6729935701556324E-03
  0.6782499999999999E+02   0.9653794150256059E+00   0.6255682402623261E-03  -0.1746271502398666E-01   0.3183432577205445E-03   0.5954971001515964E-06   0.7761132527539338E-04   0.6712409467893081E-03
  0.6787500000000000E+02   0.9654334844339745E+00   0.6241646389597722E-03  -0.1743520044910229E-01   0.3176200894053298E-03   0.5945823299881827E-06   0.7736476305031643E-04   0.6696598545897090E-03
  0.6792500000000000E+02   0.9654874040866720E+00   0.6229335642170487E-03  -0.1740776282019130E-01   0.3169847779405240E-03   0.5938301538201503E-06   0.7711930164354168E-04   0.6682644007420770E-03
  0.6797499999999999E+02   0.9655411435598920E+00   0.6218825840539441E-03  -0.1738041761070774E-01   0.3164411717410533E-03   0.5932481499278827E-06   0.7687507625419257E-04   0.6670626816870327E-03
  0.6802500000000001E+02   0.9655946703726620E+00   0.6210132474235527E-03  -0.1735318134012276E-01   0.3159900564632589E-03   0.5928381716888049E-06   0.7663223003463837E-04   0.6660563375677650E-03
  0.6807500000000000E+02   0.9656479512034365E+00   0.6203209498565896E-03  -0.1732607095478667E-01   0.3156290868830246E-03   0.5925961985602906E-06   0.7639090851240152E-04   0.6652404101719014E-03
  0.6812499999999999E+02   0.9657009529975478E+00   0.6197950229293861E-03  -0.1729910326439776E-01   0.3153528326819789E-03   0.5925124005193559E-06   0.7615125457715318E-04   0.6646034410990628E-03
  0.6817500000000000E+02   0.9657536439363437E+00   0.6194189838851362E-03  -0.1727229444891620E-01   0.3151529057267114E-03   0.5925713561097456E-06   0.7591340415283047E-04   0.6641277417166999E-03
  0.6822500000000001E+02   0.9658059942603484E+00   0.6191708818400356E-03  -0.1724565963981883E-01   0.3150181364821591E-03   0.5927523639952026E-06   0.7567748257656908E-04   0.6637897666124243E-03
  0.6827500000000001E+02   0.9658579769595723E+00   0.6190236815837909E-03  -0.1721921256900760E-01   0.3149347695338706E-03   0.5930297919548612E-06   0.7544360161273634E-04   0.6635605271964403E-03
  0.6832499999999999E+02   0.9659095683643233E+00   0.6189456358405288E-03  -0.1719296526839631E-01   0.3148866532124272E-03   0.5933734163824786E-06   0.7521185694129398E-04   0.6634059927067275E-03
  0.6837499999999999E+02   0.9659607486885543E+00   0.6189006135663457E-03  -0.1716692779369622E-01   0.3148554068174631E-03   0.5937487211123385E-06   0.7498232587936765E-04   0.6632874438045698E-03
  0.6842500000000000E+02   0.9660115025922086E+00   0.6188483768531644E-03  -0.1714110793858381E-01   0.3148205616551996E-03   0.5941171482106479E-06   0.7475506503540157E-04   0.6631617707465064E-03
  0.6847500000000001E+02   0.9660618198348642E+00   0.6187448324259819E-03  -0.1711551090246322E-01   0.3147596891034978E-03   0.5944363254348242E-06   0.7453010757561323E-04   0.6629817439289345E-03
  0.6852499999999999E+02   0.9661116960849083E+00   0.6185423232866983E-03  -0.1709013887914534E-01   0.3146485490446437E-03   0.5946603332457612E-06   0.7430745982563646E-04   0.6626963269852289E-03
  0.6857499999999999E+02   0.9661611339214580E+00   0.6181900662506554E-03  -0.1706499054750577E-01   0.3144613124498405E-03   0.5947401132912198E-06   0.7408709705713918E-04   0.6622511456593791E-03
  0.6862500000000000E+02   0.9662101440174118E+00   0.6176348729530169E-03  -0.1704006047001905E-01   0.3141709280890682E-03   0.5946241515136750E-06   0.7386895853062590E-04   0.6615892597619441E-03
  0.6867500000000000E+02   0.9662587464227858E+00   0.6168223036479126E-03  -0.1701533844028580E-01   0.3137497093134662E-03   0.5942595811220483E-06   0.7365294217297341E-04   0.6606523980856266E-03
  0.6872500000000001E+02   0.9663069717856703E+00   0.6156983823498590E-03  -0.1699080886227300E-01   0.3131702062913851E-03   0.5935938314774078E-06   0.7343889962437461E-04   0.6593827939123498E-03
  0.6877500000000001E+02   0.9663548622691329E+00   0.6142119389428533E-03  -0.1696645028417776E-01   0.3124063970758735E-03   0.5925768889595405E-06   0.7322663272492689E-04   0.6577256913759605E-03
  0.6882499999999999E+02   0.9664024718684266E+00   0.6123175367271284E-03  -0.1694223523726957E-01   0.3114351763830056E-03   0.5911641328011068E-06   0.7301589272786429E-04   0.6556324782319636E-03
  0.6887500000000000E+02   0.9664498658291409E+00   0.6099788028205533E-03  -0.1691813053195401E-01   0.3102380492230103E-03   0.5893195723726323E-06   0.7280638351593825E-04   0.6530642495928330E-03
  0.6892500000000000E+02   0.9664971189341677E+00   0.6071718293964253E-03  -0.1689409812911080E-01   0.3088028605264974E-03   0.5870191669055232E-06   0.7259776977409640E-04   0.6499954472287314E-03
  0.6897499999999999E+02   0.9665443125719207E+00   0.6038881944615410E-03  -0.1687009663122851E-01   0.3071253312468021E-03   0.5842537913796826E-06   0.7238969041499414E-04   0.6464170913642065E-03
  0.6902500000000001E+02   0.9665915307036358E+00   0.6001371042867170E-03  -0.1684608333340287E-01   0.3052101477261535E-03   0.5810313646650716E-06   0.7218177664503258E-04   0.6423390720477061E-03
  0.6907499999999999E+02   0.9666388550722841E+00   0.5959462173098320E-03  -0.1682201665998151E-01   0.3030713804662834E-03   0.5773777091329978E-06   0.7197367308567748E-04   0.6377910289750659E-03
  0.6912500000000000E+02   0.9666863601815791E+00   0.5913608764644312E-03  -0.1679785871807060E-01   0.3007320934499779E-03   0.5733358705442409E-06   0.7176505958337913E-04   0.6328215275972323E-03
  0.6917500000000000E+02   0.9667341086646207E+00   0.5864417238211570E-03  -0.1677357765280918E-01   0.2982231307521129E-03   0.5689638650995738E-06   0.7155567099150494E-04   0.6274955037200062E-03
  0.6922499999999999E+02   0.9667821476254683E+00   0.5812609392705821E-03  -0.1674914950775863E-01   0.2955812034027672E-03   0.5643310804743465E-06   0.7134531241969731E-04   0.6218902355529334E-03
  0.6927500000000001E+02   0.9668305063791294E+00   0.5758975647512751E-03  -0.1672455937402340E-01   0.2928465112403524E-03   0.5595137725737514E-06   0.7113386818107147E-04   0.6160903374350669E-03
  0.6932499999999999E+02   0.9668791957792454E+00   0.5704324931267578E-03  -0.1669980173186092E-01   0.2900601942984684E-03   0.5545902166826526E-06   0.7092130372580516E-04   0.6101823953208020E-03
  0.6937500000000000E+02   0.9669282090721227E+00   0.5649436958057971E-03  -0.1667488001601158E-01   0.2872619057138478E-03   0.5496360700420520E-06   0.7070766094654127E-04   0.6042498586732718E-03
  0.6942500000000000E+02   0.9669775240116395E+00   0.5595021528569933E-03  -0.1664980553979911E-01   0.2844877420114437E-03   0.5447203986285354E-06   0.7049304811316512E-04   0.5983686851901546E-03
  0.6947499999999999E+02   0.9670271058500821E+00   0.5541687775499624E-03  -0.1662459597381083E-01   0.2817686792251740E-03   0.5399026560508174E-06   0.7027762618342578E-04   0.5926040507495604E-03
  0.6952499999999999E+02   0.9670769107925933E+00   0.5489924453470549E-03  -0.1659927358888402E-01   0.2791295707857479E-03   0.5352307266946765E-06   0.7006159331911498E-04   0.5870082421418512E-03
  0.6957500000000000E+02   0.9671268895493114E+00   0.5440090868319670E-03  -0.1657386344951517E-01   0.2765886865383509E-03   0.5307399989387035E-06   0.6984516920346213E-04   0.5816196889444215E-03
  0.6962500000000000E+02   0.9671769907075669E+00   0.5392417069690240E-03  -0.1654839169889810E-01   0.2741577228698401E-03   0.5264533392073032E-06   0.6962858034802888E-04   0.5764629869341336E-03
  0.6967500000000000E+02   0.9672271637440080E+00   0.5347011516503514E-03  -0.1652288402719515E-01   0.2718421928513571E-03   0.5223817963588739E-06   0.6941204714004792E-04   0.5715497210779082E-03
  0.6972500000000001E+02   0.9672773615787567E+00   0.5303874445856570E-03  -0.1649736437281357E-01   0.2696421063718987E-03   0.5185258669590401E-06   0.6919577301868906E-04   0.5668798984114869E-03
  0.6977499999999999E+02   0.9673275426278478E+00   0.5262915442450253E-03  -0.1647185387891270E-01   0.2675528637999094E-03   0.5148771770933965E-06   0.6897993593356443E-04   0.5624438296913288E-03
  0.6982500000000000E+02   0.9673776723347911E+00   0.5223974024698318E-03  -0.1644637011485117E-01   0.2655663029431517E-03   0.5114204667921200E-06   0.6876468213384439E-04   0.5582243329160021E-03
  0.6987499999999999E+02   0.9674277241643114E+00   0.5186842283407395E-03  -0.1642092657114957E-01   0.2636718502624079E-03   0.5081357840301240E-06   0.6855012232788018E-04   0.5541991554176393E-03
  0.6992500000000000E+02   0.9674776800337187E+00   0.5151288644620181E-03  -0.1639553244040770E-01   0.2618577291236270E-03   0.5050007982527784E-06   0.6833633028554226E-04   0.5503435151575234E-03
  0.6997500000000001E+02   0.9675275301541943E+00   0.5117081674070466E-03  -0.1637019269822082E-01   0.2601121700504007E-03   0.5019931277591570E-06   0.6812334396710252E-04   0.5466326455005426E-03
  0.7002499999999999E+02   0.9675772722677801E+00   0.5084012568855861E-03  -0.1634490849127901E-01   0.2584245541319798E-03   0.4990925480029321E-06   0.6791116920228050E-04   0.5430441988017612E-03
  0.7007499999999999E+02   0.9676269103023077E+00   0.5051914724987926E-03  -0.1631967782131227E-01   0.2567864076918189E-03   0.4962829218897819E-06   0.6769978578636161E-04   0.5395603367817050E-03
  0.7012500000000000E+02   0.9676764525234861E+00   0.5020678682462628E-03  -0.1629449648458015E-01   0.2551921619082376E-03   0.4935536837109811E-06   0.6748915561977736E-04   0.5361693264541214E-03
  0.7017500000000000E+02   0.9677259093290561E+00   0.4990260955292983E-03  -0.1626935919322736E-01   0.2536396015478583E-03   0.4909007276628207E-06   0.6727923224555715E-04   0.5328664824206426E-03
  0.7022500000000001E+02   0.9677752908862086E+00   0.4960685788702495E-03  -0.1624426077622176E-01   0.2521299541599966E-03   0.4883266037217541E-06   0.6706997091273100E-04   0.5296543535115698E-03
  0.7027499999999999E+02   0.9678246048421421E+00   0.4932039669512852E-03  -0.1621919734302946E-01   0.2506676109247366E-03   0.4858400003345326E-06   0.6686133818883822E-04   0.5265421354899079E-03
  0.7032499999999999E+02   0.9678738543278145E+00   0.4904459269186687E-03  -0.1619416729818091E-01   0.2492595137252645E-03   0.4834545774194973E-06   0.6665332020384913E-04   0.5235443826721301E-03
  0.7037500000000000E+02   0.9679230364280420E+00   0.4878114204935945E-03  -0.1616917211873681E-01   0.2479142788929092E-03   0.4811872831934541E-06   0.6644592882124686E-04   0.5206791666729995E-03
  0.7042500000000000E+02   0.9679721412209542E+00   0.4853186390631086E-03  -0.1614421684232104E-01   0.2466411477022991E-03   0.4790563272414974E-06   0.6623920533794806E-04   0.5179658716773454E-03
  0.7047499999999999E+02   0.9680211514175899E+00   0.4829847753983021E-03  -0.1611931025010471E-01   0.2454488539261188E-03   0.4770789836919604E-06   0.6603322162266053E-04   0.5154228160745803E-03
  0.7052499999999999E+02   0.9680700425787663E+00   0.4808237787683526E-03  -0.1609446475640119E-01   0.2443444830551281E-03   0.4752693688097900E-06   0.6582807882608632E-04   0.5130648572420454E-03
  0.7057499999999999E+02   0.9681187838644646E+00   0.4788441949303974E-03  -0.1606969602765607E-01   0.2433323747613005E-03   0.4736362933220341E-06   0.6562390388326734E-04   0.5109010878278324E-03
  0.7062500000000000E+02   0.9681673392827262E+00   0.4770471541123927E-03  -0.1604502234764948E-01   0.2424131006738716E-03   0.4721812523595962E-06   0.6542084397408793E-04   0.5089326908402838E-03
  0.7067500000000001E+02   0.9682156694407095E+00   0.4754245583819129E-03  -0.1602046372760635E-01   0.2415825435674009E-03   0.4708966046150490E-06   0.6521905895640425E-04   0.5071510082343760E-03
  0.7072499999999999E+02   0.9682637338406631E+00   0.4739575479915736E-03  -0.1599604073952487E-01   0.2408311183766856E-03   0.4697640205284263E-06   0.6501871162079143E-04   0.5055359076582536E-03
  0.7077499999999999E+02   0.9683114937814231E+00   0.4726153973751574E-03  -0.1597177304195929E-01   0.2401432115601852E-03   0.4687533502383510E-06   0.6481995554785229E-04   0.5040546077364915E-03
  0.7082500000000000E+02   0.9683589158913187E+00   0.4713550938382449E-03  -0.1594767758512139E-01   0.2394969673368245E-03   0.4678221644606743E-06   0.6462292050186353E-04   0.5026612313419221E-03
  0.7087500000000000E+02   0.9684059762035964E+00   0.4701219544940261E-03  -0.1592376654047067E-01   0.2388646013944001E-03   0.4669163246641603E-06   0.6442769577682575E-04   0.5012974655332012E-03
  0.7092500000000000E+02   0.9684526644788184E+00   0.4688516859110019E-03  -0.1590004510493703E-01   0.2382134475156016E-03   0.4659719895101401E-06   0.6423431276318130E-04   0.4998947589448867E-03
  0.7097499999999999E+02   0.9684989882034893E+00   0.4674742159116924E-03  -0.1587650946972408E-01   0.2375079044499806E-03   0.4649193921745535E-06   0.6404272911943718E-04   0.4983784074402786E-03
  0.7102499999999999E+02   0.9685449754279865E+00   0.4659193650618467E-03  -0.1585314537884763E-01   0.2367123173102059E-03   0.4636884643892377E-06   0.6385281798494697E-04   0.4966735997277192E-03
  0.7107500000000000E+02   0.9685906754824702E+00   0.4641239660835765E-03  -0.1582992776575398E-01   0.2357945944393179E-03   0.4622159260295754E-06   0.6366436611236058E-04   0.4947130051916325E-03
  0.7112500000000000E+02   0.9686361567746189E+00   0.4620394741306209E-03  -0.1580682187244031E-01   0.2347300735256350E-03   0.4604528935590678E-06   0.6347708403811203E-04   0.4924448838371576E-03
  0.7117500000000000E+02   0.9686815014045207E+00   0.4596386464045079E-03  -0.1578378598548480E-01   0.2335049148040804E-03   0.4583715921298562E-06   0.6329062916268957E-04   0.4898402034043947E-03
  0.7122499999999999E+02   0.9687267971416633E+00   0.4569197618982570E-03  -0.1576077551210009E-01   0.2321182444928430E-03   0.4559696407393907E-06   0.6310463927864360E-04   0.4868971341055496E-03
  0.7127499999999999E+02   0.9687721281210677E+00   0.4539072627877697E-03  -0.1573774770676695E-01   0.2305824802943580E-03   0.4532707814890413E-06   0.6291877081690608E-04   0.4836417293266890E-03
  0.7132500000000000E+02   0.9688175660754970E+00   0.4506485579777390E-03  -0.1571466612539385E-01   0.2289217071861551E-03   0.4503217761769018E-06   0.6273273432466452E-04   0.4801245161939611E-03
  0.7137500000000000E+02   0.9688631637956197E+00   0.4472077224840281E-03  -0.1569150394749907E-01   0.2271684762843777E-03   0.4471861852354617E-06   0.6254632034817089E-04   0.4764137783881721E-03
  0.7142500000000000E+02   0.9689089518428122E+00   0.4436575528241334E-03  -0.1566824564589131E-01   0.2253597686255938E-03   0.4439364751546293E-06   0.6235941173685654E-04   0.4725870877552436E-03
  0.7147499999999999E+02   0.9689549386279793E+00   0.4400716371703909E-03  -0.1564488694629806E-01   0.2235329665760484E-03   0.4406461075449182E-06   0.6217198215048141E-04   0.4687228527209789E-03
  0.7152499999999999E+02   0.9690011131858032E+00   0.4365177770819953E-03  -0.1562143341767364E-01   0.2217225119993956E-03   0.4373829496084992E-06   0.6198408371742180E-04   0.4648933081965683E-03
  0.7157500000000000E+02   0.9690474495608055E+00   0.4330534814448256E-03  -0.1559789824373148E-01   0.2199576172542786E-03   0.4342047352862588E-06   0.6179582839433232E-04   0.4611597147742685E-03
  0.7162500000000000E+02   0.9690939117108387E+00   0.4297236259472066E-03  -0.1557429973169833E-01   0.2182610763971761E-03   0.4311566808300414E-06   0.6160736752895605E-04   0.4575698663632283E-03
  0.7167500000000000E+02   0.9691404580964995E+00   0.4265599288982166E-03  -0.1555065898072316E-01   0.2166489991534587E-03   0.4282709146634654E-06   0.6141887298501456E-04   0.4541575337887720E-03
  0.7172499999999999E+02   0.9691870454853180E+00   0.4235816956819247E-03  -0.1552699794928525E-01   0.2151311893772502E-03   0.4255671799533704E-06   0.6123052168168438E-04   0.4509432603720598E-03
  0.7177500000000001E+02   0.9692336318216208E+00   0.4207972858825800E-03  -0.1550333799733328E-01   0.2137118906155520E-03   0.4230542670154240E-06   0.6104248408032899E-04   0.4479359274478126E-03
  0.7182499999999999E+02   0.9692801782316367E+00   0.4182058746674236E-03  -0.1547969886779976E-01   0.2123906811197727E-03   0.4207317479338487E-06   0.6085491627187744E-04   0.4451346331312143E-03
  0.7187500000000000E+02   0.9693266503416772E+00   0.4157992358545420E-03  -0.1545609801713255E-01   0.2111633798234513E-03   0.4185917403248909E-06   0.6066795489654480E-04   0.4425305937733921E-03
  0.7192500000000001E+02   0.9693730191084693E+00   0.4135634174527531E-03  -0.1543255019369705E-01   0.2100228976359694E-03   0.4166205701201596E-06   0.6048171405993037E-04   0.4401089303384779E-03
  0.7197499999999999E+02   0.9694192613262212E+00   0.4114802866633876E-03  -0.1540906718042934E-01   0.2089600223541733E-03   0.4148003096204587E-06   0.6029628356383353E-04   0.4378503151089292E-03
  0.7202499999999999E+02   0.9694653599123738E+00   0.4095289829345964E-03  -0.1538565764992827E-01   0.2079641567870802E-03   0.4131102291041481E-06   0.6011172803218882E-04   0.4357325197652345E-03
  0.7207499999999999E+02   0.9695113040047186E+00   0.4076873360521657E-03  -0.1536232711536401E-01   0.2070240390344743E-03   0.4115282190677451E-06   0.5992808679516078E-04   0.4337319255003400E-03
  0.7212500000000000E+02   0.9695570888435648E+00   0.4059332873090697E-03  -0.1533907799054568E-01   0.2061284642436394E-03   0.4100322213664321E-06   0.5974537463017656E-04   0.4318250356947849E-03
  0.7217500000000001E+02   0.9696027153778987E+00   0.4042463053746875E-03  -0.1531590979012898E-01   0.2052670035973306E-03   0.4086016608149181E-06   0.5956358359313428E-04   0.4299899823053888E-03
  0.7222499999999999E+02   0.9696481895341929E+00   0.4026087295449910E-03  -0.1529281950109740E-01   0.2044306863594764E-03   0.4072188091494946E-06   0.5938268616822233E-04   0.4282079544404477E-03
  0.7227499999999999E+02   0.9696935211235872E+00   0.4010069213822682E-03  -0.1526980213782825E-01   0.2036125845702943E-03   0.4058699605801087E-06   0.5920263981225039E-04   0.4264644226596218E-03
  0.7232500000000000E+02   0.9697387224292893E+00   0.3994320819853887E-03  -0.1524685145948046E-01   0.2028082279185286E-03   0.4045462734305737E-06   0.5902339270540518E-04   0.4247500072944892E-03
  0.7237500000000000E+02   0.9697838065912202E+00   0.3978806102915695E-03  -0.1522396079027299E-01   0.2020157855439216E-03   0.4032441499803617E-06   0.5884489022641083E-04   0.4230608584372545E-03
  0.7242500000000001E+02   0.9698287859627317E+00   0.3963539377920642E-03  -0.1520112385388450E-01   0.2012359819819985E-03   0.4019650867649052E-06   0.5866708145099768E-04   0.4213984790610971E-03
  0.7247499999999999E+02   0.9698736706323574E+00   0.3948578601901622E-03  -0.1517833552399805E-01   0.2004717576964840E-03   0.4007150136468135E-06   0.5848992491407231E-04   0.4197690132877659E-03
  0.7252499999999999E+02   0.9699184672741743E+00   0.3934014693645597E-03  -0.1515559240794839E-01   0.1997277267007221E-03   0.3995032242078092E-06   0.5831339300524066E-04   0.4181821098818203E-03
  0.7257500000000000E+02   0.9699631784239815E+00   0.3919958430300692E-03  -0.1513289321413158E-01   0.1990095111965688E-03   0.3983410554889616E-06   0.5813747463857519E-04   0.4166495284573513E-03
  0.7262500000000000E+02   0.9700078021989179E+00   0.3906526605988483E-03  -0.1511023889424778E-01   0.1983230387938321E-03   0.3972404872746674E-06   0.5796217615467057E-04   0.4151836676397181E-03
  0.7267500000000000E+02   0.9700523324112366E+00   0.3893828849104190E-03  -0.1508763258541790E-01   0.1976738732261826E-03   0.3962128027013515E-06   0.5778752067411597E-04   0.4137961637079771E-03
  0.7272499999999999E+02   0.9700967589902566E+00   0.3881955970963318E-03  -0.1506507939584634E-01   0.1970666228679428E-03   0.3952673993780291E-06   0.5761354625967869E-04   0.4124966524809328E-03
  0.7277499999999999E+02   0.9701410686243583E+00   0.3870970170886977E-03  -0.1504258607879161E-01   0.1965044435513348E-03   0.3944107848866086E-06   0.5744030324573331E-04   0.4112917289604446E-03
  0.7282500000000000E+02   0.9701852455599888E+00   0.3860897030819828E-03  -0.1502016062686196E-01   0.1959886322788588E-03   0.3936457507325730E-06   0.5726785098925066E-04   0.4101840975483194E-03
  0.7287500000000000E+02   0.9702292725330586E+00   0.3851719099027858E-03  -0.1499781179914883E-01   0.1955183016427196E-03   0.3929707051465041E-06   0.5709625414333054E-04   0.4091718914349775E-03
  0.7292499999999998E+02   0.9702731318441133E+00   0.3843371009341846E-03  -0.1497554857543104E-01   0.1950901322187210E-03   0.3923791600195509E-06   0.5692557841380913E-04   0.4082481553462891E-03
  0.7297499999999999E+02   0.9703168066075395E+00   0.3835736463614693E-03  -0.1495337952209785E-01   0.1946982195499417E-03   0.3918594061663489E-06   0.5675588568858466E-04   0.4074005263101562E-03
  0.7302499999999999E+02   0.9703602821945452E+00   0.3828647914131245E-03  -0.1493131205977760E-01   0.1943340581729861E-03   0.3913944633296241E-06   0.5658722847393887E-04   0.4066112011533385E-03
  0.7307500000000000E+02   0.9704035478416198E+00   0.3821890249311401E-03  -0.1490935164703211E-01   0.1939867288204110E-03   0.3909624395355580E-06   0.5641964376105341E-04   0.4058573289687516E-03
  0.7312500000000000E+02   0.9704465983108294E+00   0.3815209975166595E-03  -0.1488750093779545E-01   0.1936433645293585E-03   0.3905374544925255E-06   0.5625314677510365E-04   0.4051119868544395E-03
  0.7317499999999998E+02   0.9704894353805612E+00   0.3808331031616674E-03  -0.1486575902490961E-01   0.1932899534507688E-03   0.3900912463641374E-06   0.5608772546767128E-04   0.4043458596968225E-03
  0.7322499999999999E+02   0.9705320688499290E+00   0.3800977294457189E-03  -0.1484412093052279E-01   0.1929124809186227E-03   0.3895954703356799E-06   0.5592333696493408E-04   0.4035296292371085E-03
  0.7327500000000001E+02   0.9705745167083227E+00   0.3792900036115656E-03  -0.1482257752020766E-01   0.1924983231227802E-03   0.3890245151018265E-06   0.5575990728276693E-04   0.4026368889857686E-03
  0.7332500000000000E+02   0.9706168042028795E+00   0.3783906582751760E-03  -0.1480111597639422E-01   0.1920377014282680E-03   0.3883584535311008E-06   0.5559733528202932E-04   0.4016471855436182E-03
  0.7337500000000000E+02   0.9706589617465299E+00   0.3773884908186518E-03  -0.1477972086018808E-01   0.1915249304186809E-03   0.3875855879265434E-06   0.5543550101359862E-04   0.4005486280875376E-03
  0.7342500000000000E+02   0.9707010219019064E+00   0.3762818803557875E-03  -0.1475837564213844E-01   0.1909591876008243E-03   0.3867040369474364E-06   0.5527427748016890E-04   0.3993394971223969E-03
  0.7347499999999999E+02   0.9707430159475647E+00   0.3750789966566452E-03  -0.1473706444490719E-01   0.1903446192489355E-03   0.3857219836261372E-06   0.5511354382520617E-04   0.3980284646782744E-03
  0.7352500000000001E+02   0.9707849706659906E+00   0.3737966448787529E-03  -0.1471577367330534E-01   0.1896897539263009E-03   0.3846565203556132E-06   0.5495319749062405E-04   0.3966333666489349E-03
  0.7357499999999999E+02   0.9708269059249821E+00   0.3724580232804604E-03  -0.1469449324162009E-01   0.1890063643842985E-03   0.3835313696729339E-06   0.5479316318892779E-04   0.3951788217353842E-03
  0.7362500000000000E+02   0.9708688333858436E+00   0.3710898993407058E-03  -0.1467321722904569E-01   0.1883080343645587E-03   0.3823739964091260E-06   0.5463339747874035E-04   0.3936932336247521E-03
  0.7367500000000000E+02   0.9709107563685124E+00   0.3697197598945334E-03  -0.1465194394795644E-01   0.1876087122837972E-03   0.3812126813269133E-06   0.5447388890195115E-04   0.3922057661733246E-03
  0.7372499999999999E+02   0.9709526706526178E+00   0.3683733767554506E-03  -0.1463067553720954E-01   0.1869214758417016E-03   0.3800740116689146E-06   0.5431465458859768E-04   0.3907437601031626E-03
  0.7377499999999999E+02   0.9709945658651822E+00   0.3670730276943654E-03  -0.1460941725776244E-01   0.1862576292706391E-03   0.3789810383152340E-06   0.5415573470113318E-04   0.3893308456747190E-03
  0.7382500000000000E+02   0.9710364271047620E+00   0.3658364121036767E-03  -0.1458817666833789E-01   0.1856261531685247E-03   0.3779521433638650E-06   0.5399718606722199E-04   0.3879857929275124E-03
  0.7387500000000000E+02   0.9710782365361761E+00   0.3646761602636258E-03  -0.1456696281606440E-01   0.1850334555992551E-03   0.3770005169832926E-06   0.5383907600891577E-04   0.3867219920690613E-03
  0.7392500000000000E+02   0.9711199748049008E+00   0.3635997723690866E-03  -0.1454578551867569E-01   0.1844833412988449E-03   0.3761340768907697E-06   0.5368147692753374E-04   0.3855473900148125E-03
  0.7397499999999999E+02   0.9711616222233597E+00   0.3626098253292331E-03  -0.1452465476251552E-01   0.1839771167699024E-03   0.3753556648192940E-06   0.5352446180864550E-04   0.3844647110788008E-03
  0.7402499999999999E+02   0.9712031597510846E+00   0.3617043262859235E-03  -0.1450358020519005E-01   0.1835137698223368E-03   0.3746633958442471E-06   0.5336810054920984E-04   0.3834718332730331E-03
  0.7407500000000000E+02   0.9712445698224895E+00   0.3608771472007856E-03  -0.1448257075559178E-01   0.1830901902351278E-03   0.3740510932053955E-06   0.5321245689343853E-04   0.3825622504719745E-03
  0.7412500000000000E+02   0.9712858370749281E+00   0.3601185266113889E-03  -0.1446163420456392E-01   0.1827014244751062E-03   0.3735087945796829E-06   0.5305758577294007E-04   0.3817256056060491E-03
  0.7417500000000000E+02   0.9713269490048621E+00   0.3594156611418831E-03  -0.1444077689207657E-01   0.1823409759225222E-03   0.3730233535569033E-06   0.5290353094380877E-04   0.3809483187526231E-03
  0.7422499999999999E+02   0.9713678965418702E+00   0.3587534236854754E-03  -0.1442000341611249E-01   0.1820011693261574E-03   0.3725791750853531E-06   0.5275032295763926E-04   0.3802143492001786E-03
  0.7427499999999999E+02   0.9714086744906388E+00   0.3581152342624663E-03  -0.1439931640855019E-01   0.1816735926752420E-03   0.3721591125216358E-06   0.5259797765030041E-04   0.3795061190046564E-03
  0.7432500000000000E+02   0.9714492817628522E+00   0.3574840749285499E-03  -0.1437871641764255E-01   0.1813496121092432E-03   0.3717455180556144E-06   0.5244649543366000E-04   0.3788055888700924E-03
  0.7437500000000000E+02   0.9714897213163964E+00   0.3568435896660681E-03  -0.1435820193897341E-01   0.1810209298997149E-03   0.3713213857478193E-06   0.5229586168652431E-04   0.3780954237524409E-03
  0.7442500000000000E+02   0.9715299997463150E+00   0.3561791587994324E-03  -0.1433776962306998E-01   0.1806801294715457E-03   0.3708714725801308E-06   0.5214604843483986E-04   0.3773601311601021E-03
  0.7447499999999999E+02   0.9715701265289665E+00   0.3554788042224579E-03  -0.1431741465891867E-01   0.1803211345665854E-03   0.3703832476626819E-06   0.5199701729586167E-04   0.3765870199291301E-03
  0.7452500000000001E+02   0.9716101129943692E+00   0.3547337833440212E-03  -0.1429713129533983E-01   0.1799395104785415E-03   0.3698475206332976E-06   0.5184872338901363E-04   0.3757668290061282E-03
  0.7457500000000000E+02   0.9716499711691480E+00   0.3539387725410721E-03  -0.1427691342797133E-01   0.1795325570449694E-03   0.3692586442398893E-06   0.5170111967216068E-04   0.3748939212357515E-03
  0.7462500000000000E+02   0.9716897126703335E+00   0.3530916163354181E-03  -0.1425675516042701E-01   0.1790991813455860E-03   0.3686142642932540E-06   0.5155416103207351E-04   0.3739660170718537E-03
  0.7467499999999998E+02   0.9717293478243919E+00   0.3521927048784796E-03  -0.1423665125117779E-01   0.1786395818659211E-03   0.3679146802726236E-06   0.5140780749129721E-04   0.3729835346162013E-03
  0.7472499999999999E+02   0.9717688851377339E+00   0.3512441139993063E-03  -0.1421659738212733E-01   0.1781548122369139E-03   0.3671619551342224E-06   0.5126202608164523E-04   0.3719486782781212E-03
  0.7477500000000001E+02   0.9718083311701300E+00   0.3502486799938453E-03  -0.1419659022280606E-01   0.1776463118914382E-03   0.3663589532831829E-06   0.5111679121663291E-04   0.3708644584696101E-03
  0.7482500000000000E+02   0.9718476907827713E+00   0.3492091794488202E-03  -0.1417662730453173E-01   0.1771154900162297E-03   0.3655084846464036E-06   0.5097208368967660E-04   0.3697338226994906E-03
  0.7487499999999999E+02   0.9718869676671185E+00   0.3481277490393180E-03  -0.1415670675215130E-01   0.1765634312388612E-03   0.3646126966922530E-06   0.5082788866229902E-04   0.3685590409355026E-03
  0.7492500000000000E+02   0.9719261650198990E+00   0.3470056244492709E-03  -0.1413682694166540E-01   0.1759907631871437E-03   0.3636727985133523E-06   0.5068419314917288E-04   0.3673414289826920E-03
  0.7497499999999999E+02   0.9719652862160624E+00   0.3458432147060767E-03  -0.1411698615889856E-01   0.1753976941739953E-03   0.3626891356007173E-06   0.5054098354761186E-04   0.3660814270457089E-03
  0.7502500000000001E+02   0.9720043353426999E+00   0.3446404685084006E-03  -0.1409718232869617E-01   0.1747841989753306E-03   0.3616615713621799E-06   0.5039824370921522E-04   0.3647789874204884E-03
  0.7507500000000000E+02   0.9720433174888079E+00   0.3433974396857023E-03  -0.1407741286795905E-01   0.1741503055958045E-03   0.3605900792801711E-06   0.5025595392720314E-04   0.3634341729396593E-03
  0.7512499999999999E+02   0.9720822387338146E+00   0.3421149256064846E-03  -0.1405767469145436E-01   0.1734964190219856E-03   0.3594754140782040E-06   0.5011409103227268E-04   0.3620478325586485E-03
  0.7517500000000000E+02   0.9721211058358984E+00   0.3407950407241247E-03  -0.1403796436987537E-01   0.1728236120705823E-03   0.3583197173434023E-06   0.4997262957589332E-04   0.3606222082056667E-03
  0.7522499999999999E+02   0.9721599256800141E+00   0.3394416015416886E-03  -0.1401827840975356E-01   0.1721338205916324E-03   0.3571269271202536E-06   0.4983154386707597E-04   0.3591613419787323E-03
  0.7527500000000001E+02   0.9721987045930861E+00   0.3380602385854864E-03  -0.1399861360072274E-01   0.1714299002256120E-03   0.3559029016937594E-06   0.4969081046082731E-04   0.3576711944101938E-03
  0.7532500000000000E+02   0.9722374476582309E+00   0.3366582080617393E-03  -0.1397896736325988E-01   0.1707155308652364E-03   0.3546552274542985E-06   0.4955041061532734E-04   0.3561594449510710E-03
  0.7537499999999999E+02   0.9722761581545858E+00   0.3352439369823545E-03  -0.1395933803271521E-01   0.1699949859641170E-03   0.3533927450099547E-06   0.4941033226224912E-04   0.3546350104990284E-03
  0.7542500000000000E+02   0.9723148372165984E+00   0.3338263849332479E-03  -0.1393972503204344E-01   0.1692728088777819E-03   0.3521248799968580E-06   0.4927057116014109E-04   0.3531073700381329E-03
  0.7547500000000001E+02   0.9723534837572750E+00   0.3324143316048452E-03  -0.1392012891067440E-01   0.1685534515767095E-03   0.3508608928851490E-06   0.4913113108352972E-04   0.3515858108837445E-03
  0.7552499999999999E+02   0.9723920946488472E+00   0.3310156984247847E-03  -0.1390055125285405E-01   0.1678409306715185E-03   0.3496091618565154E-06   0.4899202308576160E-04   0.3500787111662052E-03
  0.7557500000000000E+02   0.9724306651147079E+00   0.3296369906368420E-03  -0.1388099447886060E-01   0.1671385445322783E-03   0.3483765901777119E-06   0.4885326401443429E-04   0.3485929498813870E-03
  0.7562500000000000E+02   0.9724691892649838E+00   0.3282829137506145E-03  -0.1386146157340218E-01   0.1664486788410054E-03   0.3471681956819062E-06   0.4871487453194002E-04   0.3471335015107425E-03
  0.7567500000000000E+02   0.9725076607040839E+00   0.3269561864475844E-03  -0.1384195577753566E-01   0.1657727117692240E-03   0.3459869065702507E-06   0.4857687690374402E-04   0.3457032385133477E-03
  0.7572499999999999E+02   0.9725460731461095E+00   0.3256575479873271E-03  -0.1382248027661992E-01   0.1651110177803856E-03   0.3448335624064333E-06   0.4843929278599140E-04   0.3443029395517710E-03
  0.7577499999999999E+02   0.9725844209856387E+00   0.3243859438177949E-03  -0.1380303791091642E-01   0.1644630617856704E-03   0.3437071039698880E-06   0.4830214119920939E-04   0.3429314861456155E-03
  0.7582500000000000E+02   0.9726226997812838E+00   0.3231388658676047E-03  -0.1378363093043478E-01   0.1638275717186009E-03   0.3426049278816398E-06   0.4816543683715322E-04   0.3415862228114310E-03
  0.7587500000000000E+02   0.9726609066153135E+00   0.3219128190038090E-03  -0.1376426081262938E-01   0.1632027750632195E-03   0.3415233764893181E-06   0.4802918883692212E-04   0.3402634504802252E-03
  0.7592500000000000E+02   0.9726990402961571E+00   0.3207038778036098E-03  -0.1374492815976558E-01   0.1625866811540014E-03   0.3404583255557253E-06   0.4789340012219123E-04   0.3389590152482564E-03
  0.7597499999999999E+02   0.9727371013763169E+00   0.3195082861666076E-03  -0.1372563268987359E-01   0.1619773851762999E-03   0.3394058197542415E-06   0.4775806740933265E-04   0.3376689422546662E-03
  0.7602500000000001E+02   0.9727750919711988E+00   0.3183230385033152E-03  -0.1370637332863145E-01   0.1613733628075952E-03   0.3383626910554487E-06   0.4762318191860467E-04   0.3363900499286122E-03
  0.7607499999999999E+02   0.9728130153874208E+00   0.3171463713268428E-03  -0.1368714839782725E-01   0.1607737194195880E-03   0.3373270842135401E-06   0.4748873075004471E-04   0.3351204694027038E-03
  0.7612500000000000E+02   0.9728508755999862E+00   0.3159780957912082E-03  -0.1366795588042835E-01   0.1601783586344187E-03   0.3362988149964223E-06   0.4735469877527490E-04   0.3338599957288074E-03
  0.7617500000000000E+02   0.9728886766483958E+00   0.3148197204886682E-03  -0.1364879372672745E-01   0.1595880445455886E-03   0.3352795064099663E-06   0.4722107079054845E-04   0.3326102173865940E-03
  0.7622499999999999E+02   0.9729264220411575E+00   0.3136743487552768E-03  -0.1362966015621658E-01   0.1590043496264065E-03   0.3342724851196583E-06   0.4708783361241266E-04   0.3313744075039957E-03
  0.7627500000000001E+02   0.9729641142571662E+00   0.3125463772947248E-03  -0.1361055391033639E-01   0.1584295019242907E-03   0.3332824655725064E-06   0.4695497780618162E-04   0.3301572051797431E-03
  0.7632499999999999E+02   0.9730017544091369E+00   0.3114410598319019E-03  -0.1359147442306508E-01   0.1578661638441055E-03   0.3323150888465980E-06   0.4682249882438853E-04   0.3289641542752323E-03
  0.7637500000000000E+02   0.9730393420956739E+00   0.3103640187780220E-03  -0.1357242189587460E-01   0.1573171845897341E-03   0.3313764041834370E-06   0.4669039747117438E-04   0.3278011873814008E-03
  0.7642500000000000E+02   0.9730768754274077E+00   0.3093207844845065E-03  -0.1355339728444560E-01   0.1567853666042278E-03   0.3304723779781974E-06   0.4655867975366118E-04   0.3266741390444194E-03
  0.7647499999999999E+02   0.9731143511814935E+00   0.3083164192222907E-03  -0.1353440222031566E-01   0.1562732749708873E-03   0.3296084914498493E-06   0.4642735628873631E-04   0.3255883486048350E-03
  0.7652500000000001E+02   0.9731517650247871E+00   0.3073552510935657E-03  -0.1351543889771800E-01   0.1557831025506024E-03   0.3287894543689403E-06   0.4629644147931350E-04   0.3245483792601037E-03
  0.7657500000000000E+02   0.9731891117493523E+00   0.3064407121142345E-03  -0.1349650995417417E-01   0.1553165879321924E-03   0.3280190292073156E-06   0.4616595265879775E-04   0.3235578472420611E-03
  0.7662499999999999E+02   0.9732263854797680E+00   0.3055752519918925E-03  -0.1347761836538908E-01   0.1548749717596735E-03   0.3272999357115763E-06   0.4603590934421310E-04   0.3226193310127939E-03
  0.7667500000000000E+02   0.9732635798335648E+00   0.3047602874628392E-03  -0.1345876736390861E-01   0.1544589710905966E-03   0.3266337932454273E-06   0.4590633266026215E-04   0.3217343180750220E-03
  0.7672499999999999E+02   0.9733006880389307E+00   0.3039961458625854E-03  -0.1343996037944517E-01   0.1540687508382697E-03   0.3260210567491438E-06   0.4577724491661534E-04   0.3209031457486849E-03
  0.7677500000000001E+02   0.9733377030346195E+00   0.3032819691219903E-03  -0.1342120098823296E-01   0.1537038751622176E-03   0.3254609100040655E-06   0.4564866924904058E-04   0.3201249002136827E-03
  0.7682499999999999E+02   0.9733746175944878E+00   0.3026155595449243E-03  -0.1340249284991202E-01   0.1533632293573636E-03   0.3249510959866066E-06   0.4552062917600152E-04   0.3193972541338440E-03
  0.7687499999999999E+02   0.9734114245316410E+00   0.3019931719327746E-03  -0.1338383960408041E-01   0.1530449145550118E-03   0.3244876889312280E-06   0.4539314788152336E-04   0.3187162476757046E-03
  0.7692500000000000E+02   0.9734481170409942E+00   0.3014092889197908E-03  -0.1336524469671374E-01   0.1527461339161619E-03   0.3240648474723730E-06   0.4526624702530310E-04   0.3180760518149486E-03
  0.7697500000000001E+02   0.9734846892266940E+00   0.3008564567944907E-03  -0.1334671111291907E-01   0.1524631094747826E-03   0.3236746319137128E-06   0.4513994492753945E-04   0.3174687954505836E-03
  0.7702500000000001E+02   0.9735211368222346E+00   0.3003253002547924E-03  -0.1332824101205654E-01   0.1521910896501408E-03   0.3233070134220882E-06   0.4501425411231144E-04   0.3168845812659515E-03
  0.7707499999999999E+02   0.9735574580390275E+00   0.2998048584270652E-03  -0.1330983529778351E-01   0.1519245195463899E-03   0.3229502293250667E-06   0.4488917844239564E-04   0.3163118404461676E-03
  0.7712500000000000E+02   0.9735936543801215E+00   0.2992833626804155E-03  -0.1329149320576994E-01   0.1516574351085576E-03   0.3225916159841102E-06   0.4476471041524027E-04   0.3157381533408493E-03
  0.7717500000000000E+02   0.9736297311621049E+00   0.2987494823539680E-03  -0.1327321203929566E-01   0.1513840943608118E-03   0.3222189495553340E-06   0.4464082950107337E-04   0.3151515635516824E-03
  0.7722500000000001E+02   0.9736656974586285E+00   0.2981938974724979E-03  -0.1325498719792340E-01   0.1510997743103417E-03   0.3218221448185550E-06   0.4451750248905597E-04   0.3145422367289548E-03
  0.7727499999999999E+02   0.9737015652717997E+00   0.2976108704016433E-03  -0.1323681259741327E-01   0.1508015672863878E-03   0.3213949593960835E-06   0.4439468647183024E-04   0.3139041180203992E-03
  0.7732499999999999E+02   0.9737373479598842E+00   0.2969993813828206E-03  -0.1321868146645067E-01   0.1504889562685428E-03   0.3209362332278256E-06   0.4427233432854634E-04   0.3132361293117138E-03
  0.7737500000000000E+02   0.9737730582198030E+00   0.2963634570289924E-03  -0.1320058736893026E-01   0.1501639812689028E-03   0.3204502601146837E-06   0.4415040164930906E-04   0.3125425151317505E-03
  0.7742500000000000E+02   0.9738087061001601E+00   0.2957115587029779E-03  -0.1318252521073204E-01   0.1498309293550594E-03   0.3199461434302319E-06   0.4402885346118019E-04   0.3118321970143662E-03
  0.7747499999999999E+02   0.9738442975005953E+00   0.2950551971142004E-03  -0.1316449200003988E-01   0.1494956326167240E-03   0.3194363115372128E-06   0.4390766921357578E-04   0.3111173119190228E-03
  0.7752500000000001E+02   0.9738798334115714E+00   0.2944071438782672E-03  -0.1314648723245759E-01   0.1491645619483223E-03   0.3189345908215457E-06   0.4378684519111858E-04   0.3104113258639227E-03
  0.7757499999999999E+02   0.9739153098890947E+00   0.2937796307390305E-03  -0.1312851290372885E-01   0.1488439146232886E-03   0.3184542579455170E-06   0.4366639441275290E-04   0.3097271349058825E-03
  0.7762500000000000E+02   0.9739507185789408E+00   0.2931827919432015E-03  -0.1311057324403186E-01   0.1485388251178913E-03   0.3180063484161381E-06   0.4354634467959450E-04   0.3090754229374289E-03
  0.7767500000000000E+02   0.9739860475695689E+00   0.2926234204240470E-03  -0.1309267428575522E-01   0.1482527349831300E-03   0.3175982993487476E-06   0.4342673553932842E-04   0.3084633507955727E-03
  0.7772499999999999E+02   0.9740212824395512E+00   0.2921039770133694E-03  -0.1307482333275589E-01   0.1479868909615711E-03   0.3172328619298606E-06   0.4330761462872858E-04   0.3078935125317240E-03
  0.7777499999999999E+02   0.9740564075041188E+00   0.2916217683524508E-03  -0.1305702832878675E-01   0.1477399286093709E-03   0.3169071931389850E-06   0.4318903338173166E-04   0.3073630698177460E-03
  0.7782499999999999E+02   0.9740914073796418E+00   0.2911682994185145E-03  -0.1303929706491480E-01   0.1475075444000050E-03   0.3166121339436241E-06   0.4307104170932451E-04   0.3068630705501384E-03
  0.7787500000000000E+02   0.9741262690049597E+00   0.2907289818677829E-03  -0.1302163615555896E-01   0.1472823480827616E-03   0.3163318719310351E-06   0.4295368120080517E-04   0.3063781424171633E-03
  0.7792500000000000E+02   0.9741609841241220E+00   0.2902835733514662E-03  -0.1300404978083824E-01   0.1470540853217325E-03   0.3160443985145679E-06   0.4283697685951732E-04   0.3058869565523120E-03
  0.7797499999999999E+02   0.9741955519206819E+00   0.2898078140657063E-03  -0.1298653835218899E-01   0.1468104667903285E-03   0.3157232721951378E-06   0.4272092844394211E-04   0.3053639523725022E-03
  0.7802499999999999E+02   0.9742299810756511E+00   0.2892765508219418E-03  -0.1296909746996444E-01   0.1465387507526083E-03   0.3153410101328713E-06   0.4260550386671452E-04   0.3047826292892144E-03
  0.7807500000000000E+02   0.9742642902414880E+00   0.2886680931596003E-03  -0.1295171768342496E-01   0.1462279497017635E-03   0.3148738366003882E-06   0.4249063799226166E-04   0.3041201360187273E-03
  0.7812500000000000E+02   0.9742985061231642E+00   0.2879687742239706E-03  -0.1293438546287418E-01   0.1458711406733637E-03   0.3143066730804835E-06   0.4237623944449657E-04   0.3033620751919223E-03
  0.7817500000000000E+02   0.9743326591884497E+00   0.2871761615435200E-03  -0.1291708537270064E-01   0.1454670916130441E-03   0.3136366728474673E-06   0.4226220521552888E-04   0.3025058852823394E-03
  0.7822500000000001E+02   0.9743667781505302E+00   0.2862996031291179E-03  -0.1289980286625081E-01   0.1450205379152230E-03   0.3128738568231013E-06   0.4214843914375900E-04   0.3015614151574574E-03
  0.7827499999999999E+02   0.9744008850378300E+00   0.2853578504381947E-03  -0.1288252678319768E-01   0.1445409782425769E-03   0.3120385551081474E-06   0.4203486817774036E-04   0.3005484192433879E-03
  0.7832500000000000E+02   0.9744349923699875E+00   0.2843747419428536E-03  -0.1286525077999112E-01   0.1440404879716544E-03   0.3111567164234159E-06   0.4192145143804783E-04   0.2994920098810810E-03
  0.7837499999999999E+02   0.9744691029151280E+00   0.2833745556210682E-03  -0.1284797345273070E-01   0.1435313649773979E-03   0.3102548370460407E-06   0.4180818062971029E-04   0.2984177612952937E-03
  0.7842500000000000E+02   0.9745032114525355E+00   0.2823783748130205E-03  -0.1283069744421117E-01   0.1430242887830592E-03   0.3093559806563836E-06   0.4169507384560267E-04   0.2973478814582491E-03
  0.7847500000000001E+02   0.9745373074826876E+00   0.2814020445296245E-03  -0.1281342807110941E-01   0.1425272853842539E-03   0.3084775267066361E-06   0.4158216634551224E-04   0.2962990596515423E-03
  0.7852499999999999E+02   0.9745713779508528E+00   0.2804555907307000E-03  -0.1279617194433558E-01   0.1420454331518690E-03   0.3076305151930433E-06   0.4146950142000911E-04   0.2952818552731333E-03
  0.7857499999999999E+02   0.9746054094634274E+00   0.2795436323034367E-03  -0.1277893584636913E-01   0.1415810715825317E-03   0.3068200787147903E-06   0.4135712303924879E-04   0.2943011323535232E-03
  0.7862500000000000E+02   0.9746393898612247E+00   0.2786663075818078E-03  -0.1276172593435831E-01   0.1411342706731806E-03   0.3060464414175004E-06   0.4124507069947400E-04   0.2933570359710427E-03
  0.7867500000000000E+02   0.9746733092286197E+00   0.2778203936231156E-03  -0.1274454722900320E-01   0.1407033979115224E-03   0.3053061336327690E-06   0.4113337617481610E-04   0.2924461715150449E-03
  0.7872500000000001E+02   0.9747071604678296E+00   0.2770004650264358E-03  -0.1272740332372813E-01   0.1402857052646751E-03   0.3045932546297394E-06   0.4102206172583347E-04   0.2915628253398997E-03
  0.7877499999999999E+02   0.9747409395229095E+00   0.2762000405962384E-03  -0.1271029627128228E-01   0.1398779099757183E-03   0.3039007267703950E-06   0.4091113947140000E-04   0.2907001723230322E-03
  0.7882499999999999E+02   0.9747746452733139E+00   0.2754126839109722E-03  -0.1269322663769890E-01   0.1394767519790462E-03   0.3032215036397973E-06   0.4080061184650584E-04   0.2898514346005965E-03
  0.7887500000000000E+02   0.9748082790891930E+00   0.2746329827327915E-03  -0.1267619372756057E-01   0.1390794899242053E-03   0.3025496492389857E-06   0.4069047315844619E-04   0.2890109125159626E-03
  0.7892500000000000E+02   0.9748418440759501E+00   0.2738572824292694E-03  -0.1265919596662191E-01   0.1386842725989533E-03   0.3018811500570892E-06   0.4058071213651000E-04   0.2881747564719456E-03
  0.7897500000000001E+02   0.9748753441183857E+00   0.2730840440756886E-03  -0.1264223138590825E-01   0.1382903202650666E-03   0.3012143161818182E-06   0.4047131510113808E-04   0.2873413436631969E-03
  0.7902499999999999E+02   0.9749087829128710E+00   0.2723137649011560E-03  -0.1262529811185786E-01   0.1378978843494848E-03   0.3005497008337562E-06   0.4036226913052929E-04   0.2865111941810333E-03
  0.7907499999999999E+02   0.9749421631928429E+00   0.2715485139165006E-03  -0.1260839475854558E-01   0.1375080122592782E-03   0.2998895945639940E-06   0.4025356455872470E-04   0.2856864821806576E-03
  0.7912500000000000E+02   0.9749754862891677E+00   0.2707912389258729E-03  -0.1259152065031133E-01   0.1371221964309124E-03   0.2992372648741478E-06   0.4014519635721534E-04   0.2848703065467150E-03
  0.7917500000000001E+02   0.9750087520554935E+00   0.2700450396629866E-03  -0.1257467585955152E-01   0.1367420062362995E-03   0.2985961554979052E-06   0.4003716431990700E-04   0.2840659260091551E-03
  0.7922499999999999E+02   0.9750419590875986E+00   0.2693125661558308E-03  -0.1255786109562673E-01   0.1363687833165847E-03   0.2979692212281530E-06   0.3992947229843803E-04   0.2832761261234512E-03
  0.7927499999999999E+02   0.9750751051157494E+00   0.2685956245626025E-03  -0.1254107750616507E-01   0.1360034419883828E-03   0.2973584899541442E-06   0.3982212689128445E-04   0.2825028046252781E-03
  0.7932500000000000E+02   0.9751081874534480E+00   0.2678949989292160E-03  -0.1252432644981671E-01   0.1356463789969007E-03   0.2967648622744962E-06   0.3971513596893713E-04   0.2817467840109105E-03
  0.7937500000000000E+02   0.9751412034209299E+00   0.2672104535094319E-03  -0.1250760928180483E-01   0.1352974747051427E-03   0.2961881105318994E-06   0.3960850729891433E-04   0.2810078140971897E-03
  0.7942500000000000E+02   0.9751741506995042E+00   0.2665408685599039E-03  -0.1249092717450451E-01   0.1349561618696160E-03   0.2956270259086767E-06   0.3950224740948520E-04   0.2802847149794631E-03
  0.7947499999999998E+02   0.9752070275967268E+00   0.2658844694211459E-03  -0.1247428098318049E-01   0.1346215416474725E-03   0.2950796696189282E-06   0.3939636075282036E-04   0.2795756180730914E-03
  0.7952499999999999E+02   0.9752398332102399E+00   0.2652391179560735E-03  -0.1245767116304131E-01   0.1342925311710178E-03   0.2945436942971987E-06   0.3929084920273969E-04   0.2788782726797450E-03
  0.7957500000000000E+02   0.9752725674777816E+00   0.2646026365017016E-03  -0.1244109774392999E-01   0.1339680275764914E-03   0.2940167027200065E-06   0.3918571192291818E-04   0.2781903866774397E-03
  0.7962500000000000E+02   0.9753052311037084E+00   0.2639731261290424E-03  -0.1242456036753958E-01   0.1336470691430335E-03   0.2934966015383501E-06   0.3908094563167488E-04   0.2775099611595133E-03
  0.7967500000000000E+02   0.9753378253664677E+00   0.2633492307065233E-03  -0.1240805838490067E-01   0.1333289689848240E-03   0.2929818960308278E-06   0.3897654524369882E-04   0.2768355680341702E-03
  0.7972499999999999E+02   0.9753703518362355E+00   0.2627302976943755E-03  -0.1239159099934795E-01   0.1330133964534733E-03   0.2924718709874350E-06   0.3887250479010790E-04   0.2761665190125059E-03
  0.7977499999999999E+02   0.9754028120571507E+00   0.2621164036960737E-03  -0.1237515742740436E-01   0.1327003900657788E-03   0.2919666216093945E-06   0.3876881843939349E-04   0.2755028923980391E-03
  0.7982500000000000E+02   0.9754352072601531E+00   0.2615082449160479E-03  -0.1235875704416578E-01   0.1323903020358892E-03   0.2914669339380528E-06   0.3866548140795042E-04   0.2748454178636529E-03
  0.7987500000000000E+02   0.9754675381622776E+00   0.2609069267550599E-03  -0.1234238948490907E-01   0.1320836917456596E-03   0.2909740523381127E-06   0.3856249058463280E-04   0.2741952552256390E-03
  0.7992500000000000E+02   0.9754998048805129E+00   0.2603137076549585E-03  -0.1232605468869608E-01   0.1317811960570199E-03   0.2904893950515697E-06   0.3845984478457645E-04   0.2735537251634630E-03
  0.7997499999999999E+02   0.9755320069564209E+00   0.2597297527704930E-03  -0.1230975288590264E-01   0.1314834046045254E-03   0.2900142796634491E-06   0.3835754464974713E-04   0.2729220503106901E-03
  0.8002499999999999E+02   0.9755641434649780E+00   0.2591559373450544E-03  -0.1229348454310908E-01   0.1311907602559322E-03   0.2895497030837908E-06   0.3825559228500709E-04   0.2723011486269651E-03
  0.8007500000000000E+02   0.9755962131730676E+00   0.2585927186817065E-03  -0.1227725028285775E-01   0.1309034943033157E-03   0.2890961974073408E-06   0.3815399074227394E-04   0.2716914988945754E-03
  0.8012500000000000E+02   0.9756282147166161E+00   0.2580400790310206E-03  -0.1226105079397732E-01   0.1306215975579589E-03   0.2886537645788600E-06   0.3805274345230746E-04   0.2710930807624544E-03
  0.8017500000000000E+02   0.9756601467731509E+00   0.2574975333298934E-03  -0.1224488674422741E-01   0.1303448242759013E-03   0.2882218834152846E-06   0.3795185367770526E-04   0.2705053829437727E-03
  0.8022499999999999E+02   0.9756920082123512E+00   0.2569641934101206E-03  -0.1222875870408890E-01   0.1300727246690212E-03   0.2877995799088660E-06   0.3785132404158766E-04   0.2699274707412205E-03
  0.8027500000000001E+02   0.9757237982087478E+00   0.2564388790404817E-03  -0.1221266708971802E-01   0.1298047011217208E-03   0.2873855502831372E-06   0.3775115618080788E-04   0.2693581027596875E-03
  0.8032499999999999E+02   0.9757555163003697E+00   0.2559202615889355E-03  -0.1219661213326351E-01   0.1295400809171255E-03   0.2869783210885826E-06   0.3765135057297687E-04   0.2687958818642150E-03
  0.8037500000000000E+02   0.9757871623797767E+00   0.2554070171882013E-03  -0.1218059388741100E-01   0.1292781937709222E-03   0.2865764205573431E-06   0.3755190657748679E-04   0.2682394160968527E-03
  0.8042500000000000E+02   0.9758187366140414E+00   0.2548979565769293E-03  -0.1216461226589038E-01   0.1290184375564903E-03   0.2861785244062900E-06   0.3745282269820135E-04   0.2676874550748143E-03
  0.8047499999999999E+02   0.9758502393085007E+00   0.2543920950042074E-03  -0.1214866711244489E-01   0.1287603136904227E-03   0.2857835348451425E-06   0.3735409701813292E-04   0.2671389634260902E-03
  0.8052499999999999E+02   0.9758816707504934E+00   0.2538886338910457E-03  -0.1213275827992866E-01   0.1285034178524716E-03   0.2853905606805191E-06   0.3725572769031088E-04   0.2665931015483482E-03
  0.8057499999999999E+02   0.9759130310850054E+00   0.2533868476684424E-03  -0.1211688569325342E-01   0.1282473827109892E-03   0.2849987906870254E-06   0.3715771332196880E-04   0.2660491067953673E-03
  0.8062500000000000E+02   0.9759443202761015E+00   0.2528858993495725E-03  -0.1210104936891532E-01   0.1279917845787898E-03   0.2846072862987984E-06   0.3706005308580304E-04   0.2655060998397489E-03
  0.8067500000000001E+02   0.9759755381928531E+00   0.2523846381492792E-03  -0.1208524937151123E-01   0.1277360409836567E-03   0.2842147533136600E-06   0.3696274644204349E-04   0.2649628721948621E-03
  0.8072499999999999E+02   0.9760066848276970E+00   0.2518814531875625E-03  -0.1206948570323108E-01   0.1274793366246296E-03   0.2838193759477315E-06   0.3686579245271054E-04   0.2644177326220347E-03
  0.8077499999999999E+02   0.9760377606129474E+00   0.2513742617555513E-03  -0.1205375814367671E-01   0.1272206174311803E-03   0.2834188019952656E-06   0.3676918880088292E-04   0.2638684947947987E-03
  0.8082500000000000E+02   0.9760687667543841E+00   0.2508606913234107E-03  -0.1203806608104008E-01   0.1269586826732882E-03   0.2830103465097944E-06   0.3667293077111703E-04   0.2633126683184074E-03
  0.8087500000000000E+02   0.9760997054632997E+00   0.2503384647078161E-03  -0.1202240839467472E-01   0.1266923798853834E-03   0.2825914255770328E-06   0.3657701055912636E-04   0.2627478629629716E-03
  0.8092500000000001E+02   0.9761305799637157E+00   0.2498059206336906E-03  -0.1200678345144923E-01   0.1264208683063438E-03   0.2821601446223267E-06   0.3648141728682427E-04   0.2621723349620769E-03
  0.8097499999999999E+02   0.9761613942029906E+00   0.2492625228831946E-03  -0.1199118925220699E-01   0.1261438765381736E-03   0.2817158759864421E-06   0.3638613793318807E-04   0.2615855212872565E-03
  0.8102499999999999E+02   0.9761921522999658E+00   0.2487091771826870E-03  -0.1197562371104721E-01   0.1258618629010175E-03   0.2812596211917250E-06   0.3629115906125912E-04   0.2609883721061797E-03
  0.8107500000000000E+02   0.9762228578800153E+00   0.2481482243868462E-03  -0.1196008499183088E-01   0.1255760119695136E-03   0.2807940082286250E-06   0.3619646886943178E-04   0.2603833435108173E-03
  0.8112500000000000E+02   0.9762535135018319E+00   0.2475831005240288E-03  -0.1194457179825659E-01   0.1252880625202520E-03   0.2803229116081937E-06   0.3610205893348332E-04   0.2597740406545362E-03
  0.8117500000000000E+02   0.9762841203375602E+00   0.2470177825592854E-03  -0.1192908353571764E-01   0.1250000270442202E-03   0.2798508282260470E-06   0.3600792514937220E-04   0.2591646360671198E-03
  0.8122499999999999E+02   0.9763146781541400E+00   0.2464561996883973E-03  -0.1191362032072552E-01   0.1247138938239363E-03   0.2793822118472460E-06   0.3591406774308769E-04   0.2585592518659710E-03
  0.8127499999999999E+02   0.9763451855311776E+00   0.2459017606030051E-03  -0.1189818287063760E-01   0.1244313877072911E-03   0.2789209366986020E-06   0.3582049055922275E-04   0.2579614637332136E-03
  0.8132500000000000E+02   0.9763756401958867E+00   0.2453570641009457E-03  -0.1188277233414325E-01   0.1241538236715756E-03   0.2784699672047354E-06   0.3572720000269911E-04   0.2573739973434685E-03
  0.8137500000000000E+02   0.9764060393660232E+00   0.2448237796301353E-03  -0.1186739011771065E-01   0.1238820463881360E-03   0.2780312195256358E-06   0.3563420396984768E-04   0.2567986031481821E-03
  0.8142499999999998E+02   0.9764363800386032E+00   0.2443026399464043E-03  -0.1185203773947696E-01   0.1236164265256028E-03   0.2776055500120594E-06   0.3554151095701956E-04   0.2562360488269296E-03
  0.8147499999999999E+02   0.9764666592124006E+00   0.2437934827929981E-03  -0.1183671671665476E-01   0.1233568818621512E-03   0.2771927993782229E-06   0.3544912937968461E-04   0.2556861631898519E-03
  0.8152499999999999E+02   0.9764968740670656E+00   0.2432952982563705E-03  -0.1182142847489864E-01   0.1231029012706082E-03   0.2767918435086572E-06   0.3535706702919064E-04   0.2551478860391098E-03
  0.8157500000000000E+02   0.9765270221369133E+00   0.2428062683788785E-03  -0.1180617426037733E-01   0.1228535647837851E-03   0.2764006356446556E-06   0.3526533054980723E-04   0.2546193098941544E-03
  0.8162500000000000E+02   0.9765571015147611E+00   0.2423238165796660E-03  -0.1179095503664962E-01   0.1226075686185675E-03   0.2760162598999829E-06   0.3517392482899989E-04   0.2540977319698179E-03
  0.8167499999999998E+02   0.9765871111018941E+00   0.2418447108357947E-03  -0.1177577135820751E-01   0.1223632773951435E-03   0.2756350462432973E-06   0.3508285225435049E-04   0.2535797624793874E-03
  0.8172499999999999E+02   0.9766170508843344E+00   0.2413652788817224E-03  -0.1176062323071558E-01   0.1221188330254481E-03   0.2752528136436371E-06   0.3499211190019338E-04   0.2530615503304154E-03
  0.8177500000000001E+02   0.9766469221674954E+00   0.2408817832592988E-03  -0.1174550999230783E-01   0.1218723444694007E-03   0.2748652965023636E-06   0.3490169885148793E-04   0.2525391763457448E-03
  0.8182500000000000E+02   0.9766767276584425E+00   0.2403909557786677E-03  -0.1173043027198706E-01   0.1216221581348635E-03   0.2744687546465044E-06   0.3481160399821191E-04   0.2520092135351528E-03
  0.8187500000000000E+02   0.9767064712802276E+00   0.2398906067729169E-03  -0.1171538208357381E-01   0.1213671661098357E-03   0.2740606709888154E-06   0.3472181464177893E-04   0.2514693657049036E-03
  0.8192500000000000E+02   0.9767361576675114E+00   0.2393801391791638E-03  -0.1170036308089595E-01   0.1211070662362076E-03   0.2736403429245865E-06   0.3463231605374800E-04   0.2509190062374148E-03
  0.8197499999999999E+02   0.9767657914208906E+00   0.2388607735022127E-03  -0.1168537093504751E-01   0.1208424759067867E-03   0.2732091451676135E-06   0.3454309373921394E-04   0.2503594137624414E-03
  0.8202500000000001E+02   0.9767953763234698E+00   0.2383353718889251E-03  -0.1167040373073791E-01   0.1205748430425393E-03   0.2727703346988414E-06   0.3445413578347923E-04   0.2497935875974376E-03
  0.8207499999999999E+02   0.9768249147578525E+00   0.2378079095389006E-03  -0.1165546026123609E-01   0.1203061786539324E-03   0.2723284511111831E-06   0.3436543456813311E-04   0.2492256935538824E-03
  0.8212500000000000E+02   0.9768544074705842E+00   0.2372827818863507E-03  -0.1164054014752547E-01   0.1200387063233898E-03   0.2718885265672835E-06   0.3427698742751486E-04   0.2486603376619506E-03
  0.8217500000000000E+02   0.9768838536738607E+00   0.2367641687178019E-03  -0.1162564378682851E-01   0.1197745405015025E-03   0.2714553581601925E-06   0.3418879629251061E-04   0.2481018996485104E-03
  0.8222499999999999E+02   0.9769132513519002E+00   0.2362555973586851E-03  -0.1161077219758877E-01   0.1195154655236262E-03   0.2710330060224466E-06   0.3410086673156116E-04   0.2475540751424676E-03
  0.8227499999999999E+02   0.9769425976091820E+00   0.2357597245191649E-03  -0.1159592684327559E-01   0.1192628252563777E-03   0.2706245406419180E-06   0.3401320688088810E-04   0.2470196471286111E-03
  0.8232500000000000E+02   0.9769718889465014E+00   0.2352782620358781E-03  -0.1158110949270941E-01   0.1190174855496363E-03   0.2702319545711834E-06   0.3392582660261973E-04   0.2465004082813714E-03
  0.8237500000000000E+02   0.9770011214318910E+00   0.2348119341035146E-03  -0.1156632213358144E-01   0.1187798126275743E-03   0.2698561100381363E-06   0.3383873696344305E-04   0.2459971163701694E-03
  0.8242500000000000E+02   0.9770302908118530E+00   0.2343603647593672E-03  -0.1155156691617720E-01   0.1185496162041530E-03   0.2694966061865978E-06   0.3375194989269075E-04   0.2455093766455359E-03
  0.8247500000000001E+02   0.9770593926724811E+00   0.2339218413947791E-03  -0.1153684607187788E-01   0.1183260298905330E-03   0.2691515032066830E-06   0.3366547769129512E-04   0.2450353943782662E-03
  0.8252499999999999E+02   0.9770884228034405E+00   0.2334929853995466E-03  -0.1152216172906262E-01   0.1181073446259436E-03   0.2688169385552120E-06   0.3357933194035300E-04   0.2445716301105736E-03
  0.8257500000000000E+02   0.9771173779097841E+00   0.2330684948197390E-03  -0.1150751555308049E-01   0.1178908785280979E-03   0.2684868247404656E-06   0.3349352139043246E-04   0.2441125302805712E-03
  0.8262499999999999E+02   0.9771462566889866E+00   0.2326412798456887E-03  -0.1149290820149795E-01   0.1176730454317825E-03   0.2681529988001202E-06   0.3340804879908386E-04   0.2436506691797305E-03
  0.8267500000000000E+02   0.9771750609889189E+00   0.2322033633870059E-03  -0.1147833873840831E-01   0.1174498104020596E-03   0.2678062547165541E-06   0.3332290757680207E-04   0.2431776920668581E-03
  0.8272499999999999E+02   0.9772037963956034E+00   0.2317476542831615E-03  -0.1146380433715732E-01   0.1172175866194600E-03   0.2674383866155952E-06   0.3323808016697994E-04   0.2426861720592821E-03
  0.8277499999999999E+02   0.9772324715454408E+00   0.2312700680457328E-03  -0.1144930062822291E-01   0.1169743080414108E-03   0.2670446406716660E-06   0.3315354020607955E-04   0.2421718309202015E-03
  0.8282500000000000E+02   0.9772610960692444E+00   0.2307709093607971E-03  -0.1143482273912122E-01   0.1167201286617329E-03   0.2666253229211928E-06   0.3306925867012245E-04   0.2416349867494378E-03
  0.8287500000000000E+02   0.9772896780505402E+00   0.2302546432192822E-03  -0.1142036657998835E-01   0.1164573067435708E-03   0.2661855499618725E-06   0.3298521135275591E-04   0.2410803142682579E-03
  0.8292500000000000E+02   0.9773182222810944E+00   0.2297281971053809E-03  -0.1140592972592713E-01   0.1161893460688532E-03   0.2657332994380366E-06   0.3290138390256811E-04   0.2405150668691500E-03
  0.8297499999999999E+02   0.9773467299754544E+00   0.2291988222503937E-03  -0.1139151156138618E-01   0.1159199141676323E-03   0.2652769430502904E-06   0.3281777253274061E-04   0.2399468369508938E-03
  0.8302500000000001E+02   0.9773751996353467E+00   0.2286725255776944E-03  -0.1137711284294907E-01   0.1156520492031497E-03   0.2648234315868730E-06   0.3273438137681449E-04   0.2393819138904364E-03
  0.8307500000000000E+02   0.9774036283022693E+00   0.2281534320165063E-03  -0.1136273506577634E-01   0.1153878374348381E-03   0.2643775515847804E-06   0.3265121875766491E-04   0.2388246162880599E-03
  0.8312500000000000E+02   0.9774320126104841E+00   0.2276438671216944E-03  -0.1134837993100657E-01   0.1151284550091610E-03   0.2639420145755313E-06   0.3256829408915693E-04   0.2382773785024327E-03
  0.8317499999999998E+02   0.9774603494306885E+00   0.2271447773688607E-03  -0.1133404902019008E-01   0.1148743805446878E-03   0.2635179384729017E-06   0.3248561600494790E-04   0.2377411907878270E-03
  0.8322499999999999E+02   0.9774886361509019E+00   0.2266561998801061E-03  -0.1131974365321853E-01   0.1146256327185146E-03   0.2631053881063053E-06   0.3240319155945730E-04   0.2372160911901274E-03
  0.8327500000000001E+02   0.9775168707242721E+00   0.2261776428336560E-03  -0.1130546486414452E-01   0.1143819626769643E-03   0.2627038139637954E-06   0.3232102611013649E-04   0.2367015639129216E-03
  0.8332500000000000E+02   0.9775450516005824E+00   0.2257083398813993E-03  -0.1129121343582529E-01   0.1141429827208020E-03   0.2623123460793376E-06   0.3223912353471160E-04   0.2361968057538259E-03
  0.8337499999999999E+02   0.9775731776216604E+00   0.2252473884403017E-03  -0.1127698995282478E-01   0.1139082362559532E-03   0.2619299539258967E-06   0.3215748654806858E-04   0.2357008709493162E-03
  0.8342500000000000E+02   0.9776012479330780E+00   0.2247937979683915E-03  -0.1126279484607795E-01   0.1136772222166944E-03   0.2615555021347756E-06   0.3207611696690207E-04   0.2352127217730113E-03
  0.8347499999999999E+02   0.9776292619481931E+00   0.2243464840356046E-03  -0.1124862841108654E-01   0.1134493920726917E-03   0.2611877432984684E-06   0.3199501581936006E-04   0.2347312223762973E-03
  0.8352500000000001E+02   0.9776572193839052E+00   0.2239042580059891E-03  -0.1123449078984751E-01   0.1132241446128358E-03   0.2608253056273350E-06   0.3191418324653685E-04   0.2342551280047137E-03
  0.8357500000000000E+02   0.9776851203558204E+00   0.2234658746401565E-03  -0.1122038192273989E-01   0.1130008500148390E-03   0.2604667480667418E-06   0.3183361823499608E-04   0.2337831347839579E-03
  0.8362499999999999E+02   0.9777129654710031E+00   0.2230301884077332E-03  -0.1120630150162782E-01   0.1127789288839710E-03   0.2601107423929213E-06   0.3175331836141027E-04   0.2333140432128991E-03
  0.8367500000000000E+02   0.9777407558164385E+00   0.2225964100481174E-03  -0.1119224897569815E-01   0.1125579819826102E-03   0.2597563729448377E-06   0.3167327984215229E-04   0.2328470265156469E-03
  0.8372499999999999E+02   0.9777684927646014E+00   0.2221643628644351E-03  -0.1117822364977739E-01   0.1123379198243651E-03   0.2594034371167071E-06   0.3159349810812761E-04   0.2323818987102417E-03
  0.8377500000000001E+02   0.9777961776255047E+00   0.2217345907051625E-03  -0.1116422486027602E-01   0.1121190172725249E-03   0.2590525736442254E-06   0.3151396881161229E-04   0.2319192275340685E-03
  0.8382500000000000E+02   0.9778238112910838E+00   0.2213082392645117E-03  -0.1115025215500587E-01   0.1119018535155670E-03   0.2587051263465445E-06   0.3143468884087562E-04   0.2314602102540198E-03
  0.8387499999999999E+02   0.9778513940252850E+00   0.2208867755298489E-03  -0.1113630539931898E-01   0.1116871702014738E-03   0.2583628180506656E-06   0.3135565690527154E-04   0.2310063801810378E-03
  0.8392500000000000E+02   0.9778789254416625E+00   0.2204716928062393E-03  -0.1112238478743022E-01   0.1114757222807832E-03   0.2580274064652945E-06   0.3127687357929112E-04   0.2305592981124591E-03
  0.8397500000000001E+02   0.9779064045933883E+00   0.2200643080105486E-03  -0.1110849079689480E-01   0.1112681755089022E-03   0.2577004468848324E-06   0.3119834102786722E-04   0.2301203403118888E-03
  0.8402499999999999E+02   0.9779338300701714E+00   0.2196656593747332E-03  -0.1109462413959050E-01   0.1110650547245789E-03   0.2573831717144355E-06   0.3112006271690823E-04   0.2296905915494432E-03
  0.8407500000000000E+02   0.9779612000408268E+00   0.2192764434914675E-03  -0.1108078574018267E-01   0.1108667120274282E-03   0.2570764157088186E-06   0.3104204328196867E-04   0.2292707793393033E-03
  0.8412499999999999E+02   0.9779885122429712E+00   0.2188969146383833E-03  -0.1106697674132395E-01   0.1106732758893452E-03   0.2567804967111927E-06   0.3096428854726408E-04   0.2288611687855060E-03
  0.8417500000000000E+02   0.9780157639724995E+00   0.2185266866515026E-03  -0.1105319850897168E-01   0.1104845510001303E-03   0.2564949815983525E-06   0.3088680554245035E-04   0.2284613555814082E-03
  0.8422499999999999E+02   0.9780429521663403E+00   0.2181644134383402E-03  -0.1103945259055017E-01   0.1102998567586012E-03   0.2562183088751421E-06   0.3080960225122029E-04   0.2280699321634195E-03
  0.8427499999999999E+02   0.9780700737054868E+00   0.2178073876081970E-03  -0.1102574056175654E-01   0.1101178243667918E-03   0.2559473137135864E-06   0.3073268673535997E-04   0.2276840682766039E-03
  0.8432499999999999E+02   0.9780971260654963E+00   0.2174512081163636E-03  -0.1101206369770580E-01   0.1099362288125512E-03   0.2556768324525375E-06   0.3065606528405531E-04   0.2272991636566997E-03
  0.8437500000000000E+02   0.9781241083380716E+00   0.2170898160211951E-03  -0.1099842245647831E-01   0.1097520069484631E-03   0.2553997387648497E-06   0.3057973953870224E-04   0.2269088854174090E-03
  0.8442500000000000E+02   0.9781510223661887E+00   0.2167162678798978E-03  -0.1098481590526446E-01   0.1095616484787654E-03   0.2551078482684600E-06   0.3050370333957329E-04   0.2265059763334768E-03
  0.8447499999999999E+02   0.9781778733565875E+00   0.2163243804721753E-03  -0.1097124141072592E-01   0.1093620274403016E-03   0.2547938526443575E-06   0.3042794109410927E-04   0.2260839737398154E-03
  0.8452500000000001E+02   0.9782046692454891E+00   0.2159107408524950E-03  -0.1095769495965371E-01   0.1091514183731945E-03   0.2544536911827421E-06   0.3035242967828822E-04   0.2256393102340409E-03
  0.8457499999999999E+02   0.9782314187144697E+00   0.2154759744193501E-03  -0.1094417216203381E-01   0.1089301373868710E-03   0.2540880557760815E-06   0.3027714409903648E-04   0.2251726389395476E-03
  0.8462500000000000E+02   0.9782581287860640E+00   0.2150243881003682E-03  -0.1093066946657739E-01   0.1087003617756511E-03   0.2537019839862474E-06   0.3020206424920758E-04   0.2246884606100590E-03
  0.8467500000000000E+02   0.9782848033267433E+00   0.2145622057947536E-03  -0.1091718491753624E-01   0.1084652379572810E-03   0.2533027886140118E-06   0.3012717902735274E-04   0.2241932794992672E-03
  0.8472499999999999E+02   0.9783114430601474E+00   0.2140955313261753E-03  -0.1090371814801805E-01   0.1082278516532805E-03   0.2528976579859947E-06   0.3005248618780308E-04   0.2236934744304348E-03
  0.8477500000000001E+02   0.9783380466378810E+00   0.2136290707695498E-03  -0.1089026983865593E-01   0.1079905819623787E-03   0.2524921452990570E-06   0.2997798925370430E-04   0.2231939634522965E-03
  0.8482499999999999E+02   0.9783646118857613E+00   0.2131658744789284E-03  -0.1087684108757470E-01   0.1077549709347174E-03   0.2520898586204915E-06   0.2990369399104309E-04   0.2226979341547610E-03
  0.8487500000000000E+02   0.9783911366181390E+00   0.2127077259406569E-03  -0.1086343299870751E-01   0.1075219201457239E-03   0.2516929152669425E-06   0.2982960613246197E-04   0.2222072499871011E-03
  0.8492500000000000E+02   0.9784176189128689E+00   0.2122556556935201E-03  -0.1085004654277433E-01   0.1072919505033869E-03   0.2513025459170192E-06   0.2975573062505252E-04   0.2217229873371031E-03
  0.8497499999999999E+02   0.9784440570688681E+00   0.2118102658486041E-03  -0.1083668257872572E-01   0.1070653663142243E-03   0.2509194764932600E-06   0.2968207176228755E-04   0.2212457747422351E-03
  0.8502500000000001E+02   0.9784704495098507E+00   0.2113718327038768E-03  -0.1082334190240353E-01   0.1068423071721037E-03   0.2505440483473840E-06   0.2960863345857631E-04   0.2207759002360988E-03
  0.8507500000000000E+02   0.9784967947631330E+00   0.2109403019044534E-03  -0.1081002525725983E-01   0.1066227455243432E-03   0.2501762114137736E-06   0.2953541931039085E-04   0.2203133063962704E-03
  0.8512499999999999E+02   0.9785230915138803E+00   0.2105152807604890E-03  -0.1079673330694075E-01   0.1064064827971347E-03   0.2498155139604737E-06   0.2946243244762384E-04   0.2198575823907177E-03
  0.8517500000000000E+02   0.9785493386932202E+00   0.2100960714129689E-03  -0.1078346659075258E-01   0.1061931661660018E-03   0.2494611408059220E-06   0.2938967529336896E-04   0.2194079986697241E-03
  0.8522499999999999E+02   0.9785755355645840E+00   0.2096817552417034E-03  -0.1077022548002604E-01   0.1059823312250442E-03   0.2491120125496682E-06   0.2931714933180399E-04   0.2189635951578572E-03
  0.8527500000000001E+02   0.9786016817726299E+00   0.2092713270357954E-03  -0.1075701015339170E-01   0.1057734698065664E-03   0.2487669443069275E-06   0.2924485498252372E-04   0.2185233213967735E-03
  0.8532500000000000E+02   0.9786277773148452E+00   0.2088638499896381E-03  -0.1074382061113799E-01   0.1055661083252818E-03   0.2484248297713706E-06   0.2917279168973683E-04   0.2180861984225501E-03
  0.8537499999999999E+02   0.9786538224277034E+00   0.2084585641383020E-03  -0.1073065673275608E-01   0.1053598625879931E-03   0.2480847705107510E-06   0.2910095824501781E-04   0.2176514320150908E-03
  0.8542500000000000E+02   0.9786798174500669E+00   0.2080548893887041E-03  -0.1071751834598678E-01   0.1051544393270011E-03   0.2477460801960070E-06   0.2902935316745423E-04   0.2172184158744095E-03
  0.8547500000000001E+02   0.9787057627611527E+00   0.2076523479239810E-03  -0.1070440525818039E-01   0.1049495969797444E-03   0.2474081927701106E-06   0.2895797487382168E-04   0.2167866505889996E-03
  0.8552500000000001E+02   0.9787316588227702E+00   0.2072505121362508E-03  -0.1069131723495409E-01   0.1047451193681029E-03   0.2470706007198654E-06   0.2888682156188782E-04   0.2163556892337204E-03
  0.8557499999999999E+02   0.9787575062415816E+00   0.2068490589477079E-03  -0.1067825396872557E-01   0.1045408431470832E-03   0.2467329200341691E-06   0.2881589104250789E-04   0.2159251940329133E-03
  0.8562500000000000E+02   0.9787833057359611E+00   0.2064478913343576E-03  -0.1066521509546015E-01   0.1043367192200149E-03   0.2463950356025652E-06   0.2874518083601754E-04   0.2154950631956691E-03
  0.8567500000000000E+02   0.9788090579879205E+00   0.2060472028475762E-03  -0.1065220026950586E-01   0.1041328453470585E-03   0.2460571790541528E-06   0.2867468858076241E-04   0.2150654982645055E-03
  0.8572500000000001E+02   0.9788347634798644E+00   0.2056474079717607E-03  -0.1063920924609563E-01   0.1039294309485699E-03   0.2457198465549316E-06   0.2860441247646857E-04   0.2146369314204025E-03
  0.8577499999999999E+02   0.9788604224279281E+00   0.2052489829886331E-03  -0.1062624191503847E-01   0.1037267166787981E-03   0.2453836093152761E-06   0.2853435145843866E-04   0.2142098593675247E-03
  0.8582499999999999E+02   0.9788860348321983E+00   0.2048523230313252E-03  -0.1061329827533886E-01   0.1035249021814395E-03   0.2450489427988526E-06   0.2846450505237682E-04   0.2137846941147472E-03
  0.8587500000000000E+02   0.9789116005814888E+00   0.2044576799068861E-03  -0.1060037838224259E-01   0.1033241146649012E-03   0.2447161520124969E-06   0.2839487308393757E-04   0.2133616980663544E-03
  0.8592500000000000E+02   0.9789371195429972E+00   0.2040651729983499E-03  -0.1058748230192574E-01   0.1031244144116548E-03   0.2443853840628990E-06   0.2832545543346325E-04   0.2129409953982018E-03
  0.8597499999999999E+02   0.9789625916083430E+00   0.2036748302484495E-03  -0.1057461008822569E-01   0.1029258154910553E-03   0.2440566768091826E-06   0.2825625191173713E-04   0.2125226148379257E-03
  0.8602499999999999E+02   0.9789880167053675E+00   0.2032866247609494E-03  -0.1056176177667767E-01   0.1027283042577673E-03   0.2437300024330582E-06   0.2818726222938782E-04   0.2121065278741792E-03
  0.8607499999999999E+02   0.9790133947962117E+00   0.2029004966928506E-03  -0.1054893738548546E-01   0.1025318504164868E-03   0.2434052935148077E-06   0.2811848600329042E-04   0.2116926716133303E-03
  0.8612500000000000E+02   0.9790387258741663E+00   0.2025163652674361E-03  -0.1053613691711419E-01   0.1023364130936794E-03   0.2430824573408465E-06   0.2804992276599063E-04   0.2112809613227856E-03
  0.8617500000000001E+02   0.9790640099616847E+00   0.2021341373057313E-03  -0.1052336035929491E-01   0.1021419451494729E-03   0.2427613860788880E-06   0.2798157197182319E-04   0.2108712993377861E-03
  0.8622499999999999E+02   0.9790892471080728E+00   0.2017537147198539E-03  -0.1051060768619227E-01   0.1019483969646587E-03   0.2424419657405493E-06   0.2791343300382930E-04   0.2104635828826161E-03
  0.8627499999999999E+02   0.9791144373859342E+00   0.2013750007266627E-03  -0.1049787886020137E-01   0.1017557195808235E-03   0.2421240836360865E-06   0.2784550518394420E-04   0.2100577105550233E-03
  0.8632499999999999E+02   0.9791395808867278E+00   0.2009979041852517E-03  -0.1048517383419312E-01   0.1015638668922641E-03   0.2418076335975568E-06   0.2777778778545044E-04   0.2096535868520466E-03
  0.8637500000000000E+02   0.9791646777162196E+00   0.2006223420180586E-03  -0.1047249255381311E-01   0.1013727968694034E-03   0.2414925189129354E-06   0.2771028004557395E-04   0.2092511246956659E-03
  0.8642500000000000E+02   0.9791897279904302E+00   0.2002482401179641E-03  -0.1045983495952885E-01   0.1011824720170778E-03   0.2411786534465965E-06   0.2764298117661192E-04   0.2088502463784062E-03
  0.8647499999999999E+02   0.9792147318323452E+00   0.1998755332618638E-03  -0.1044720098829344E-01   0.1009928593307426E-03   0.2408659615661264E-06   0.2757589037491793E-04   0.2084508834721657E-03
  0.8652499999999999E+02   0.9792396893694031E+00   0.1995041644726759E-03  -0.1043459057481433E-01   0.1008039299739483E-03   0.2405543774036317E-06   0.2750900682771422E-04   0.2080529761615393E-03
  0.8657500000000000E+02   0.9792646007316612E+00   0.1991340841366024E-03  -0.1042200365248014E-01   0.1006156588321465E-03   0.2402438438190815E-06   0.2744232971803774E-04   0.2076564723218384E-03
  0.8662500000000000E+02   0.9792894660504966E+00   0.1987652490618638E-03  -0.1040944015401768E-01   0.1004280240369306E-03   0.2399343112893262E-06   0.2737585822822222E-04   0.2072613265361404E-03
  0.8667500000000000E+02   0.9793142854577097E+00   0.1983976215792107E-03  -0.1039690001194471E-01   0.1002410065114011E-03   0.2396257368436773E-06   0.2730959154227723E-04   0.2068674991560322E-03
  0.8672500000000001E+02   0.9793390590849201E+00   0.1980311687304757E-03  -0.1038438315887469E-01   0.1000545895600332E-03   0.2393180831021687E-06   0.2724352884747163E-04   0.2064749554543150E-03
  0.8677499999999999E+02   0.9793637870631688E+00   0.1976658615603881E-03  -0.1037188952771873E-01   0.9986875851073786E-04   0.2390113174353375E-06   0.2717766933536656E-04   0.2060836648855438E-03
  0.8682500000000000E+02   0.9793884695226660E+00   0.1973016745105407E-03  -0.1035941905181237E-01   0.9968350040855409E-04   0.2387054112446819E-06   0.2711201220244803E-04   0.2056936004532330E-03
  0.8687499999999999E+02   0.9794131065926385E+00   0.1969385849067428E-03  -0.1034697166499288E-01   0.9949880375654099E-04   0.2384003393536739E-06   0.2704655665049714E-04   0.2053047381745684E-03
  0.8692500000000000E+02   0.9794376984012449E+00   0.1965765725281537E-03  -0.1033454730164174E-01   0.9931465829800395E-04   0.2380960794957239E-06   0.2698130188677727E-04   0.2049170566305064E-03
  0.8697500000000001E+02   0.9794622450755374E+00   0.1962156192462723E-03  -0.1032214589670477E-01   0.9913105483402719E-04   0.2377926118850348E-06   0.2691624712410406E-04   0.2045305365888102E-03
  0.8702499999999999E+02   0.9794867467414530E+00   0.1958557087227069E-03  -0.1030976738569522E-01   0.9894798507071578E-04   0.2374899188572530E-06   0.2685139158082737E-04   0.2041451606884577E-03
  0.8707499999999999E+02   0.9795112035238265E+00   0.1954968261559842E-03  -0.1029741170468845E-01   0.9876544149122253E-04   0.2371879845683781E-06   0.2678673448077061E-04   0.2037609131752503E-03
  0.8712500000000000E+02   0.9795356155464134E+00   0.1951389580690743E-03  -0.1028507879030971E-01   0.9858341724835447E-04   0.2368867947420633E-06   0.2672227505313537E-04   0.2033777796799348E-03
  0.8717500000000000E+02   0.9795599829319229E+00   0.1947820921306492E-03  -0.1027276857971715E-01   0.9840190607422823E-04   0.2365863364570192E-06   0.2665801253238275E-04   0.2029957470315455E-03
  0.8722500000000001E+02   0.9795843058020530E+00   0.1944262170042843E-03  -0.1026048101058497E-01   0.9822090220404935E-04   0.2362865979676457E-06   0.2659394615811674E-04   0.2026148030999223E-03
  0.8727499999999999E+02   0.9796085842775284E+00   0.1940713222208275E-03  -0.1024821602108317E-01   0.9804040031160051E-04   0.2359875685522188E-06   0.2653007517495171E-04   0.2022349366624196E-03
  0.8732499999999999E+02   0.9796328184781390E+00   0.1937173980700091E-03  -0.1023597354985872E-01   0.9786039545445506E-04   0.2356892383839657E-06   0.2646639883238814E-04   0.2018561372907054E-03
  0.8737500000000000E+02   0.9796570085227766E+00   0.1933644355080752E-03  -0.1022375353601679E-01   0.9768088302728909E-04   0.2353915984212016E-06   0.2640291638469021E-04   0.2014783952542905E-03
  0.8742500000000000E+02   0.9796811545294710E+00   0.1930124260787911E-03  -0.1021155591910283E-01   0.9750185872195123E-04   0.2350946403133758E-06   0.2633962709076930E-04   0.2011017014380200E-03
  0.8747500000000001E+02   0.9797052566154250E+00   0.1926613618456495E-03  -0.1019938063908377E-01   0.9732331849319565E-04   0.2347983563204494E-06   0.2627653021406311E-04   0.2007260472712632E-03
  0.8752499999999999E+02   0.9797293148970460E+00   0.1923112353334855E-03  -0.1018722763633362E-01   0.9714525852916988E-04   0.2345027392434669E-06   0.2621362502243964E-04   0.2003514246669280E-03
  0.8757499999999999E+02   0.9797533294899770E+00   0.1919620394780247E-03  -0.1017509685161644E-01   0.9696767522591208E-04   0.2342077823645691E-06   0.2615091078808763E-04   0.1999778259687578E-03
  0.8762500000000000E+02   0.9797773005091250E+00   0.1916137675821368E-03  -0.1016298822607242E-01   0.9679056516523761E-04   0.2339134793949842E-06   0.2608838678742438E-04   0.1996052439056315E-03
  0.8767500000000001E+02   0.9798012280686880E+00   0.1912664132777852E-03  -0.1015090170120447E-01   0.9661392509550460E-04   0.2336198244297989E-06   0.2602605230100678E-04   0.1992336715518114E-03
  0.8772499999999999E+02   0.9798251122821794E+00   0.1909199704928171E-03  -0.1013883721886566E-01   0.9643775191482630E-04   0.2333268119084896E-06   0.2596390661344756E-04   0.1988631022922459E-03
  0.8777499999999999E+02   0.9798489532624517E+00   0.1905744334218969E-03  -0.1012679472124689E-01   0.9626204265637749E-04   0.2330344365803845E-06   0.2590194901333334E-04   0.1984935297922000E-03
  0.8782499999999999E+02   0.9798727511217173E+00   0.1902297965009862E-03  -0.1011477415086681E-01   0.9608679447549346E-04   0.2327426934743453E-06   0.2584017879315473E-04   0.1981249479705881E-03
  0.8787500000000000E+02   0.9798965059715694E+00   0.1898860543848725E-03  -0.1010277545056126E-01   0.9591200463831028E-04   0.2324515778720785E-06   0.2577859524923471E-04   0.1977573509764921E-03
  0.8792500000000000E+02   0.9799202179229995E+00   0.1895432019273272E-03  -0.1009079856347372E-01   0.9573767051173372E-04   0.2321610852845744E-06   0.2571719768166260E-04   0.1973907331684251E-03
  0.8797499999999998E+02   0.9799438870864164E+00   0.1892012341635388E-03  -0.1007884343304677E-01   0.9556378955455843E-04   0.2318712114312532E-06   0.2565598539423366E-04   0.1970250890959708E-03
  0.8802499999999999E+02   0.9799675135716607E+00   0.1888601462945180E-03  -0.1006691000301374E-01   0.9539035930958375E-04   0.2315819522214593E-06   0.2559495769439035E-04   0.1966604134834832E-03
  0.8807500000000000E+02   0.9799910974880205E+00   0.1885199336732198E-03  -0.1005499821739120E-01   0.9521737739659736E-04   0.2312933037379955E-06   0.2553411389316780E-04   0.1962967012155795E-03
  0.8812500000000000E+02   0.9800146389442459E+00   0.1881805917921616E-03  -0.1004310802047148E-01   0.9504484150611531E-04   0.2310052622224400E-06   0.2547345330514040E-04   0.1959339473241948E-03
  0.8817500000000000E+02   0.9800381380485613E+00   0.1878421162723510E-03  -0.1003123935681693E-01   0.9487274939378384E-04   0.2307178240620197E-06   0.2541297524837713E-04   0.1955721469770060E-03
  0.8822499999999999E+02   0.9800615949086784E+00   0.1875045028533609E-03  -0.1001939217125247E-01   0.9470109887536127E-04   0.2304309857778491E-06   0.2535267904438883E-04   0.1952112954670531E-03
  0.8827499999999999E+02   0.9800850096318071E+00   0.1871677473844157E-03  -0.1000756640886047E-01   0.9452988782221076E-04   0.2301447440143715E-06   0.2529256401808758E-04   0.1948513882034167E-03
  0.8832500000000000E+02   0.9801083823246666E+00   0.1868318458163640E-03  -0.9995762014975429E-02   0.9435911415724168E-04   0.2298590955298552E-06   0.2523262949774528E-04   0.1944924207028226E-03
  0.8837500000000000E+02   0.9801317130934952E+00   0.1864967941944391E-03  -0.9983978935178661E-02   0.9418877585124866E-04   0.2295740371878257E-06   0.2517287481495244E-04   0.1941343885820681E-03
  0.8842500000000000E+02   0.9801550020440604E+00   0.1861625886517137E-03  -0.9972217115293058E-02   0.9401887091960184E-04   0.2292895659493249E-06   0.2511329930457795E-04   0.1937772875511744E-03
  0.8847499999999999E+02   0.9801782492816669E+00   0.1858292254031721E-03  -0.9960476501379101E-02   0.9384939741924908E-04   0.2290056788659026E-06   0.2505390230473512E-04   0.1934211134071831E-03
  0.8852499999999999E+02   0.9802014549111657E+00   0.1854967007403309E-03  -0.9948757039730638E-02   0.9368035344599574E-04   0.2287223730732624E-06   0.2499468315674690E-04   0.1930658620285268E-03
  0.8857500000000000E+02   0.9802246190369621E+00   0.1851650110263481E-03  -0.9937058676870225E-02   0.9351173713203112E-04   0.2284396457854862E-06   0.2493564120510909E-04   0.1927115293699098E-03
  0.8862500000000000E+02   0.9802477417630227E+00   0.1848341526915696E-03  -0.9925381359546015E-02   0.9334354664367587E-04   0.2281574942897796E-06   0.2487677579746156E-04   0.1923581114576448E-03
  0.8867500000000000E+02   0.9802708231928825E+00   0.1845041222294649E-03  -0.9913725034727872E-02   0.9317578017932653E-04   0.2278759159416807E-06   0.2481808628455582E-04   0.1920056043853972E-03
  0.8872499999999999E+02   0.9802938634296524E+00   0.1841749161929130E-03  -0.9902089649603596E-02   0.9300843596757686E-04   0.2275949081606831E-06   0.2475957202022326E-04   0.1916540043102957E-03
  0.8877500000000001E+02   0.9803168625760245E+00   0.1838465311908029E-03  -0.9890475151576594E-02   0.9284151226549814E-04   0.2273144684262342E-06   0.2470123236135088E-04   0.1913033074493700E-03
  0.8882499999999999E+02   0.9803398207342788E+00   0.1835189638849171E-03  -0.9878881488261659E-02   0.9267500735706273E-04   0.2270345942740696E-06   0.2464306666784771E-04   0.1909535100762859E-03
  0.8887500000000000E+02   0.9803627380062888E+00   0.1831922109870676E-03  -0.9867308607483083E-02   0.9250891955169519E-04   0.2267552832928470E-06   0.2458507430262309E-04   0.1906046085183435E-03
  0.8892500000000000E+02   0.9803856144935273E+00   0.1828662692564641E-03  -0.9855756457271214E-02   0.9234324718294071E-04   0.2264765331210559E-06   0.2452725463155731E-04   0.1902565991537179E-03
  0.8897499999999999E+02   0.9804084502970705E+00   0.1825411354972882E-03  -0.9844224985860128E-02   0.9217798860723782E-04   0.2261983414441722E-06   0.2446960702347793E-04   0.1899094784089160E-03
  0.8902500000000001E+02   0.9804312455176045E+00   0.1822168065564569E-03  -0.9832714141684629E-02   0.9201314220278662E-04   0.2259207059920377E-06   0.2441213085013305E-04   0.1895632427564295E-03
  0.8907499999999999E+02   0.9804540002554289E+00   0.1818932793215556E-03  -0.9821223873378582E-02   0.9184870636850308E-04   0.2256436245364403E-06   0.2435482548617115E-04   0.1892178887125678E-03
  0.8912500000000000E+02   0.9804767146104619E+00   0.1815705507189272E-03  -0.9809754129772141E-02   0.9168467952305168E-04   0.2253670948888796E-06   0.2429769030911579E-04   0.1888734128354508E-03
  0.8917500000000001E+02   0.9804993886822445E+00   0.1812486177119005E-03  -0.9798304859889195E-02   0.9152106010394901E-04   0.2250911148984986E-06   0.2424072469934132E-04   0.1885298117231503E-03
  0.8922499999999999E+02   0.9805220225699447E+00   0.1809274772991493E-03  -0.9786876012945922E-02   0.9135784656673300E-04   0.2248156824501687E-06   0.2418392804005434E-04   0.1881870820119652E-03
  0.8927499999999999E+02   0.9805446163723615E+00   0.1806071265131655E-03  -0.9775467538348570E-02   0.9119503738419039E-04   0.2245407954627122E-06   0.2412729971727151E-04   0.1878452203748190E-03
  0.8932500000000000E+02   0.9805671701879286E+00   0.1802875624188420E-03  -0.9764079385690794E-02   0.9103263104563893E-04   0.2242664518872529E-06   0.2407083911979507E-04   0.1875042235197693E-03
  0.8937500000000000E+02   0.9805896841147187E+00   0.1799687821121522E-03  -0.9752711504752765E-02   0.9087062605625906E-04   0.2239926497056825E-06   0.2401454563919748E-04   0.1871640881886197E-03
  0.8942500000000000E+02   0.9806121582504460E+00   0.1796507827189179E-03  -0.9741363845498952E-02   0.9070902093647012E-04   0.2237193869292318E-06   0.2395841866979946E-04   0.1868248111556245E-03
  0.8947499999999999E+02   0.9806345926924708E+00   0.1793335613936621E-03  -0.9730036358076011E-02   0.9054781422134906E-04   0.2234466615971408E-06   0.2390245760864869E-04   0.1864863892262803E-03
  0.8952499999999999E+02   0.9806569875378022E+00   0.1790171153185333E-03  -0.9718728992811454E-02   0.9038700446008629E-04   0.2231744717754167E-06   0.2384666185550257E-04   0.1861488192361953E-03
  0.8957500000000000E+02   0.9806793428831010E+00   0.1787014417023042E-03  -0.9707441700212205E-02   0.9022659021547778E-04   0.2229028155556764E-06   0.2379103081281035E-04   0.1858120980500333E-03
  0.8962500000000000E+02   0.9807016588246837E+00   0.1783865377794286E-03  -0.9696174430962379E-02   0.9006657006344797E-04   0.2226316910540607E-06   0.2373556388569173E-04   0.1854762225605209E-03
  0.8967500000000000E+02   0.9807239354585248E+00   0.1780724008091612E-03  -0.9684927135922505E-02   0.8990694259260354E-04   0.2223610964102213E-06   0.2368026048192245E-04   0.1851411896875196E-03
  0.8972499999999999E+02   0.9807461728802599E+00   0.1777590280747295E-03  -0.9673699766127197E-02   0.8974770640381379E-04   0.2220910297863701E-06   0.2362512001191258E-04   0.1848069963771517E-03
  0.8977499999999999E+02   0.9807683711851883E+00   0.1774464168825565E-03  -0.9662492272784706E-02   0.8958886010981694E-04   0.2218214893663888E-06   0.2357014188869399E-04   0.1844736396009814E-03
  0.8982500000000000E+02   0.9807905304682764E+00   0.1771345645615292E-03  -0.9651304607274591E-02   0.8943040233484937E-04   0.2215524733549921E-06   0.2351532552789865E-04   0.1841411163552414E-03
  0.8987500000000001E+02   0.9808126508241595E+00   0.1768234684623105E-03  -0.9640136721146830E-02   0.8927233171429664E-04   0.2212839799769420E-06   0.2346067034774419E-04   0.1838094236601062E-03
  0.8992500000000000E+02   0.9808347323471450E+00   0.1765131259566898E-03  -0.9628988566120600E-02   0.8911464689436460E-04   0.2210160074763090E-06   0.2340617576901795E-04   0.1834785585590065E-03
  0.8997499999999999E+02   0.9808567751312145E+00   0.1762035344369707E-03  -0.9617860094082720E-02   0.8895734653176873E-04   0.2207485541157760E-06   0.2335184121505922E-04   0.1831485181179811E-03
  0.9002499999999999E+02   0.9808787792700266E+00   0.1758946913153941E-03  -0.9606751257086321E-02   0.8880042929344163E-04   0.2204816181759842E-06   0.2329766611174307E-04   0.1828192994250663E-03
  0.9007500000000000E+02   0.9809007448569189E+00   0.1755865940235900E-03  -0.9595662007350292E-02   0.8864389385625506E-04   0.2202151979549133E-06   0.2324364988746764E-04   0.1824908995897158E-03
  0.9012500000000000E+02   0.9809226719849108E+00   0.1752792400120619E-03  -0.9584592297256944E-02   0.8848773890675835E-04   0.2199492917672993E-06   0.2318979197313316E-04   0.1821633157422545E-03
  0.9017499999999998E+02   0.9809445607467052E+00   0.1749726267496972E-03  -0.9573542079352126E-02   0.8833196314093007E-04   0.2196838979440842E-06   0.2313609180213273E-04   0.1818365450333591E-03
  0.9022499999999999E+02   0.9809664112346909E+00   0.1746667517233017E-03  -0.9562511306343224E-02   0.8817656526394182E-04   0.2194190148318933E-06   0.2308254881033308E-04   0.1815105846335648E-03
  0.9027500000000001E+02   0.9809882235409449E+00   0.1743616124371615E-03  -0.9551499931098273E-02   0.8802154398993578E-04   0.2191546407925437E-06   0.2302916243606064E-04   0.1811854317327995E-03
  0.9032500000000000E+02   0.9810099977572347E+00   0.1740572064126232E-03  -0.9540507906645068E-02   0.8786689804181190E-04   0.2188907742025775E-06   0.2297593212008788E-04   0.1808610835399386E-03
  0.9037500000000000E+02   0.9810317339750196E+00   0.1737535311876972E-03  -0.9529535186170057E-02   0.8771262615102620E-04   0.2186274134528181E-06   0.2292285730561845E-04   0.1805375372823829E-03
  0.9042499999999998E+02   0.9810534322854536E+00   0.1734505843166808E-03  -0.9518581723016672E-02   0.8755872705739957E-04   0.2183645569479533E-06   0.2286993743826984E-04   0.1802147902056576E-03
  0.9047499999999999E+02   0.9810750927793864E+00   0.1731483633697965E-03  -0.9507647470685776E-02   0.8740519950893416E-04   0.2181022031061343E-06   0.2281717196606622E-04   0.1798928395730275E-03
  0.9052500000000001E+02   0.9810967155473665E+00   0.1728468659328510E-03  -0.9496732382832884E-02   0.8725204226163993E-04   0.2178403503585994E-06   0.2276456033941594E-04   0.1795716826651334E-03
  0.9057499999999999E+02   0.9811183006796419E+00   0.1725460896069075E-03  -0.9485836413268722E-02   0.8709925407936836E-04   0.2175789971493133E-06   0.2271210201110497E-04   0.1792513167796429E-03
  0.9062500000000000E+02   0.9811398482661629E+00   0.1722460320079736E-03  -0.9474959515957115E-02   0.8694683373365382E-04   0.2173181419346253E-06   0.2265979643627773E-04   0.1789317392309174E-03
  0.9067500000000000E+02   0.9811613583965829E+00   0.1719466907667045E-03  -0.9464101645015210E-02   0.8679478000356270E-04   0.2170577831829445E-06   0.2260764307242912E-04   0.1786129473496950E-03
  0.9072499999999999E+02   0.9811828311602617E+00   0.1716480635281170E-03  -0.9453262754711256E-02   0.8664309167554800E-04   0.2167979193744281E-06   0.2255564137938495E-04   0.1782949384827847E-03
  0.9077500000000001E+02   0.9812042666462656E+00   0.1713501479513178E-03  -0.9442442799464823E-02   0.8649176754331123E-04   0.2165385490006867E-06   0.2250379081929406E-04   0.1779777099927762E-03
  0.9082500000000000E+02   0.9812256649433702E+00   0.1710529417092430E-03  -0.9431641733845364E-02   0.8634080640766992E-04   0.2162796705645020E-06   0.2245209085661263E-04   0.1776612592577607E-03
  0.9087499999999999E+02   0.9812470261400612E+00   0.1707564424884073E-03  -0.9420859512571322E-02   0.8619020707643013E-04   0.2160212825795569E-06   0.2240054095809111E-04   0.1773455836710624E-03
  0.9092500000000000E+02   0.9812683503245375E+00   0.1704606479886661E-03  -0.9410096090509468E-02   0.8603996836426519E-04   0.2157633835701790E-06   0.2234914059276239E-04   0.1770306806409829E-03
  0.9097499999999999E+02   0.9812896375847113E+00   0.1701655559229845E-03  -0.9399351422674118E-02   0.8589008909259839E-04   0.2155059720710941E-06   0.2229788923192934E-04   0.1767165475905538E-03
  0.9102499999999999E+02   0.9813108880082102E+00   0.1698711640172171E-03  -0.9388625464226141E-02   0.8574056808949078E-04   0.2152490466271908E-06   0.2224678634915154E-04   0.1764031819573001E-03
  0.9107500000000000E+02   0.9813321016823791E+00   0.1695774700098968E-03  -0.9377918170472288E-02   0.8559140418953366E-04   0.2149926057932962E-06   0.2219583142023353E-04   0.1760905811930129E-03
  0.9112499999999999E+02   0.9813532786942817E+00   0.1692844716520301E-03  -0.9367229496863971E-02   0.8544259623374441E-04   0.2147366481339592E-06   0.2214502392321049E-04   0.1757787427635290E-03
  0.9117500000000000E+02   0.9813744191307016E+00   0.1689921667069014E-03  -0.9356559398997266E-02   0.8529414306946676E-04   0.2144811722232442E-06   0.2209436333833984E-04   0.1754676641485206E-03
  0.9122499999999999E+02   0.9813955230781440E+00   0.1687005529498855E-03  -0.9345907832611466E-02   0.8514604355027512E-04   0.2142261766445338E-06   0.2204384914808598E-04   0.1751573428412926E-03
  0.9127499999999999E+02   0.9814165906228378E+00   0.1684096281682641E-03  -0.9335274753588418E-02   0.8499829653588150E-04   0.2139716599903374E-06   0.2199348083710885E-04   0.1748477763485849E-03
  0.9132500000000000E+02   0.9814376218507358E+00   0.1681193901610521E-03  -0.9324660117952077E-02   0.8485090089204644E-04   0.2137176208621093E-06   0.2194325789225352E-04   0.1745389621903847E-03
  0.9137500000000000E+02   0.9814586168475172E+00   0.1678298367388279E-03  -0.9314063881867618E-02   0.8470385549049290E-04   0.2134640578700733E-06   0.2189317980253778E-04   0.1742308978997430E-03
  0.9142500000000000E+02   0.9814795756985887E+00   0.1675409657235706E-03  -0.9303486001640437E-02   0.8455715920882306E-04   0.2132109696330541E-06   0.2184324605913925E-04   0.1739235810225985E-03
  0.9147499999999999E+02   0.9815004984890856E+00   0.1672527749485029E-03  -0.9292926433715931E-02   0.8441081093043829E-04   0.2129583547783163E-06   0.2179345615538621E-04   0.1736170091176075E-03
  0.9152499999999999E+02   0.9815213853038740E+00   0.1669652622579381E-03  -0.9282385134678162E-02   0.8426480954446103E-04   0.2127062119414061E-06   0.2174380958674329E-04   0.1733111797559776E-03
  0.9157500000000000E+02   0.9815422362275511E+00   0.1666784255071341E-03  -0.9271862061249858E-02   0.8411915394566024E-04   0.2124545397660038E-06   0.2169430585080341E-04   0.1730060905213099E-03
  0.9162500000000000E+02   0.9815630513444469E+00   0.1663922625621506E-03  -0.9261357170291307E-02   0.8397384303437868E-04   0.2122033369037778E-06   0.2164494444727456E-04   0.1727017390094434E-03
  0.9167499999999998E+02   0.9815838307386265E+00   0.1661067712997112E-03  -0.9250870418799240E-02   0.8382887571646222E-04   0.2119526020142454E-06   0.2159572487796680E-04   0.1723981228283049E-03
  0.9172499999999999E+02   0.9816045744938898E+00   0.1658219496070701E-03  -0.9240401763907391E-02   0.8368425090319219E-04   0.2117023337646386E-06   0.2154664664678684E-04   0.1720952395977648E-03
  0.9177500000000001E+02   0.9816252826937740E+00   0.1655377953818836E-03  -0.9229951162884498E-02   0.8353996751121929E-04   0.2114525308297750E-06   0.2149770925972096E-04   0.1717930869494960E-03
  0.9182500000000000E+02   0.9816459554215544E+00   0.1652543065320838E-03  -0.9219518573134522E-02   0.8339602446249948E-04   0.2112031918919318E-06   0.2144891222482824E-04   0.1714916625268371E-03
  0.9187500000000000E+02   0.9816665927602457E+00   0.1649714809757577E-03  -0.9209103952195541E-02   0.8325242068423184E-04   0.2109543156407259E-06   0.2140025505222762E-04   0.1711909639846597E-03
  0.9192500000000000E+02   0.9816871947926034E+00   0.1646893166410285E-03  -0.9198707257739303E-02   0.8310915510879814E-04   0.2107059007729957E-06   0.2135173725408820E-04   0.1708909889892392E-03
  0.9197499999999999E+02   0.9817077616011248E+00   0.1644078114659427E-03  -0.9188328447570449E-02   0.8296622667370494E-04   0.2104579459926910E-06   0.2130335834461792E-04   0.1705917352181311E-03
  0.9202500000000001E+02   0.9817282932680506E+00   0.1641269633983567E-03  -0.9177967479626070E-02   0.8282363432152576E-04   0.2102104500107606E-06   0.2125511784005398E-04   0.1702932003600470E-03
  0.9207500000000000E+02   0.9817487898753654E+00   0.1638467703958304E-03  -0.9167624311975042E-02   0.8268137699984655E-04   0.2099634115450496E-06   0.2120701525865213E-04   0.1699953821147378E-03
  0.9212499999999999E+02   0.9817692515048000E+00   0.1635672304255208E-03  -0.9157298902817024E-02   0.8253945366121134E-04   0.2097168293201955E-06   0.2115905012067455E-04   0.1696982781928774E-03
  0.9217500000000000E+02   0.9817896782378315E+00   0.1632883414640805E-03  -0.9146991210482569E-02   0.8239786326307011E-04   0.2094707020675296E-06   0.2111122194838293E-04   0.1694018863159507E-03
  0.9222499999999999E+02   0.9818100701556851E+00   0.1630101014975577E-03  -0.9136701193432017E-02   0.8225660476772781E-04   0.2092250285249817E-06   0.2106353026602590E-04   0.1691062042161441E-03
  0.9227500000000001E+02   0.9818304273393351E+00   0.1627325085212994E-03  -0.9126428810254494E-02   0.8211567714229469E-04   0.2089798074369868E-06   0.2101597459982704E-04   0.1688112296362392E-03
  0.9232500000000000E+02   0.9818507498695063E+00   0.1624555605398570E-03  -0.9116174019668466E-02   0.8197507935863799E-04   0.2087350375543953E-06   0.2096855447798012E-04   0.1685169603295081E-03
  0.9237499999999999E+02   0.9818710378266740E+00   0.1621792555668939E-03  -0.9105936780520407E-02   0.8183481039333453E-04   0.2084907176343849E-06   0.2092126943063571E-04   0.1682233940596126E-03
  0.9242500000000000E+02   0.9818912912910670E+00   0.1619035916250956E-03  -0.9095717051783692E-02   0.8169486922762474E-04   0.2082468464403763E-06   0.2087411898988873E-04   0.1679305286005042E-03
  0.9247500000000001E+02   0.9819115103426674E+00   0.1616285667460830E-03  -0.9085514792559368E-02   0.8155525484736820E-04   0.2080034227419515E-06   0.2082710268977495E-04   0.1676383617363286E-03
  0.9252499999999999E+02   0.9819316950612118E+00   0.1613541789703258E-03  -0.9075329962074608E-02   0.8141596624299926E-04   0.2077604453147726E-06   0.2078022006625660E-04   0.1673468912613305E-03
  0.9257499999999999E+02   0.9819518455261930E+00   0.1610804263470601E-03  -0.9065162519682035E-02   0.8127700240948461E-04   0.2075179129405050E-06   0.2073347065721224E-04   0.1670561149797614E-03
  0.9262499999999999E+02   0.9819719618168602E+00   0.1608073069342058E-03  -0.9055012424860176E-02   0.8113836234628131E-04   0.2072758244067414E-06   0.2068685400243170E-04   0.1667660307057896E-03
  0.9267500000000000E+02   0.9819920440122213E+00   0.1605348187982881E-03  -0.9044879637211567E-02   0.8100004505729603E-04   0.2070341785069287E-06   0.2064036964360044E-04   0.1664766362634115E-03
  0.9272500000000001E+02   0.9820120921910426E+00   0.1602629600143588E-03  -0.9034764116463201E-02   0.8086204955084506E-04   0.2067929740402962E-06   0.2059401712429459E-04   0.1661879294863658E-03
  0.9277499999999999E+02   0.9820321064318509E+00   0.1599917286659210E-03  -0.9024665822465749E-02   0.8072437483961546E-04   0.2065522098117867E-06   0.2054779598997038E-04   0.1658999082180491E-03
  0.9282499999999999E+02   0.9820520868129339E+00   0.1597211228448539E-03  -0.9014584715192897E-02   0.8058701994062668E-04   0.2063118846319886E-06   0.2050170578795427E-04   0.1656125703114327E-03
  0.9287500000000000E+02   0.9820720334123417E+00   0.1594511406513405E-03  -0.9004520754740453E-02   0.8044998387519296E-04   0.2060719973170689E-06   0.2045574606743201E-04   0.1653259136289817E-03
  0.9292500000000000E+02   0.9820919463078877E+00   0.1591817801937962E-03  -0.8994473901326683E-02   0.8031326566888721E-04   0.2058325466887110E-06   0.2040991637944331E-04   0.1650399360425763E-03
  0.9297499999999999E+02   0.9821118255771492E+00   0.1589130395887990E-03  -0.8984444115291090E-02   0.8017686435150488E-04   0.2055935315740506E-06   0.2036421627686949E-04   0.1647546354334333E-03
  0.9302500000000001E+02   0.9821316712974690E+00   0.1586449169610214E-03  -0.8974431357093970E-02   0.8004077895702887E-04   0.2053549508056155E-06   0.2031864531442472E-04   0.1644700096920304E-03
  0.9307499999999999E+02   0.9821514835459562E+00   0.1583774104431631E-03  -0.8964435587316300E-02   0.7990500852359527E-04   0.2051168032212660E-06   0.2027320304864884E-04   0.1641860567180315E-03
  0.9312500000000000E+02   0.9821712623994869E+00   0.1581105181758849E-03  -0.8954456766658847E-02   0.7976955209345909E-04   0.2048790876641360E-06   0.2022788903789658E-04   0.1639027744202123E-03
  0.9317500000000000E+02   0.9821910079347060E+00   0.1578442383077461E-03  -0.8944494855941509E-02   0.7963440871296206E-04   0.2046418029825783E-06   0.2018270284232799E-04   0.1636201607163905E-03
  0.9322499999999999E+02   0.9822107202280271E+00   0.1575785689951394E-03  -0.8934549816103199E-02   0.7949957743249951E-04   0.2044049480301074E-06   0.2013764402390127E-04   0.1633382135333532E-03
  0.9327500000000001E+02   0.9822303993556341E+00   0.1573135084022302E-03  -0.8924621608201622E-02   0.7936505730648873E-04   0.2041685216653470E-06   0.2009271214636523E-04   0.1630569308067888E-03
  0.9332499999999999E+02   0.9822500453934820E+00   0.1570490547008957E-03  -0.8914710193411612E-02   0.7923084739333787E-04   0.2039325227519763E-06   0.2004790677524525E-04   0.1627763104812185E-03
  0.9337500000000000E+02   0.9822696584172983E+00   0.1567852060706647E-03  -0.8904815533025912E-02   0.7909694675541487E-04   0.2036969501586789E-06   0.2000322747784034E-04   0.1624963505099293E-03
  0.9342500000000000E+02   0.9822892385025833E+00   0.1565219606986600E-03  -0.8894937588453944E-02   0.7896335445901792E-04   0.2034618027590931E-06   0.1995867382321109E-04   0.1622170488549088E-03
  0.9347499999999999E+02   0.9823087857246112E+00   0.1562593167795404E-03  -0.8885076321221375E-02   0.7883006957434545E-04   0.2032270794317618E-06   0.1991424538217134E-04   0.1619384034867804E-03
  0.9352500000000001E+02   0.9823283001584313E+00   0.1559972725154439E-03  -0.8875231692970220E-02   0.7869709117546702E-04   0.2029927790600844E-06   0.1986994172728226E-04   0.1616604123847397E-03
  0.9357499999999999E+02   0.9823477818788688E+00   0.1557358261159332E-03  -0.8865403665457405E-02   0.7856441834029520E-04   0.2027589005322710E-06   0.1982576243283958E-04   0.1613830735364923E-03
  0.9362500000000000E+02   0.9823672309605257E+00   0.1554749757979402E-03  -0.8855592200555207E-02   0.7843205015055694E-04   0.2025254427412949E-06   0.1978170707486918E-04   0.1611063849381924E-03
  0.9367500000000000E+02   0.9823866474777817E+00   0.1552147197857128E-03  -0.8845797260250032E-02   0.7829998569176624E-04   0.2022924045848480E-06   0.1973777523111543E-04   0.1608303445943820E-03
  0.9372499999999999E+02   0.9824060315047949E+00   0.1549550563107628E-03  -0.8836018806642643E-02   0.7816822405319729E-04   0.2020597849652981E-06   0.1969396648103594E-04   0.1605549505179328E-03
  0.9377500000000001E+02   0.9824253831155034E+00   0.1546959836118124E-03  -0.8826256801946930E-02   0.7803676432785689E-04   0.2018275827896430E-06   0.1965028040578984E-04   0.1602802007299856E-03
  0.9382500000000000E+02   0.9824447023836252E+00   0.1544374999347453E-03  -0.8816511208490363E-02   0.7790560561245914E-04   0.2015957969694707E-06   0.1960671658823367E-04   0.1600060932598947E-03
  0.9387499999999999E+02   0.9824639893826602E+00   0.1541796035325550E-03  -0.8806781988712653E-02   0.7777474700739892E-04   0.2013644264209166E-06   0.1956327461290924E-04   0.1597326261451700E-03
  0.9392500000000000E+02   0.9824832441858901E+00   0.1539222926652955E-03  -0.8797069105165534E-02   0.7764418761672653E-04   0.2011334700646233E-06   0.1951995406603660E-04   0.1594597974314215E-03
  0.9397500000000001E+02   0.9825024668663793E+00   0.1536655656000340E-03  -0.8787372520512982E-02   0.7751392654812304E-04   0.2009029268257013E-06   0.1947675453550892E-04   0.1591876051723050E-03
  0.9402500000000001E+02   0.9825216574969771E+00   0.1534094206108015E-03  -0.8777692197529885E-02   0.7738396291287503E-04   0.2006727956336891E-06   0.1943367561088054E-04   0.1589160474294666E-03
  0.9407499999999999E+02   0.9825408161503169E+00   0.1531538559785460E-03  -0.8768028099101821E-02   0.7725429582585040E-04   0.2004430754225152E-06   0.1939071688336001E-04   0.1586451222724898E-03
  0.9412499999999999E+02   0.9825599428988179E+00   0.1528988699910868E-03  -0.8758380188224835E-02   0.7712492440547463E-04   0.2002137651304609E-06   0.1934787794580315E-04   0.1583748277788434E-03
  0.9417500000000000E+02   0.9825790378146861E+00   0.1526444609430677E-03  -0.8748748428004882E-02   0.7699584777370698E-04   0.1999848637001233E-06   0.1930515839270459E-04   0.1581051620338289E-03
  0.9422500000000001E+02   0.9825981009699144E+00   0.1523906271359130E-03  -0.8739132781657610E-02   0.7686706505601734E-04   0.1997563700783793E-06   0.1926255782019094E-04   0.1578361231305300E-03
  0.9427499999999999E+02   0.9826171324362845E+00   0.1521373668777819E-03  -0.8729533212507357E-02   0.7673857538136306E-04   0.1995282832163496E-06   0.1922007582601053E-04   0.1575677091697611E-03
  0.9432499999999999E+02   0.9826361322853665E+00   0.1518846784835254E-03  -0.8719949683987371E-02   0.7661037788216642E-04   0.1993006020693644E-06   0.1917771200952849E-04   0.1572999182600183E-03
  0.9437500000000000E+02   0.9826551005885210E+00   0.1516325602746428E-03  -0.8710382159638708E-02   0.7648247169429243E-04   0.1990733255969292E-06   0.1913546597171608E-04   0.1570327485174300E-03
  0.9442500000000000E+02   0.9826740374168990E+00   0.1513810105792398E-03  -0.8700830603110554E-02   0.7635485595702688E-04   0.1988464527626914E-06   0.1909333731514642E-04   0.1567661980657089E-03
  0.9447500000000001E+02   0.9826929428414430E+00   0.1511300277319846E-03  -0.8691294978159014E-02   0.7622752981305394E-04   0.1986199825344057E-06   0.1905132564398329E-04   0.1565002650361026E-03
  0.9452499999999999E+02   0.9827118169328880E+00   0.1508796100740690E-03  -0.8681775248647550E-02   0.7610049240843595E-04   0.1983939138839044E-06   0.1900943056397750E-04   0.1562349475673489E-03
  0.9457499999999999E+02   0.9827306597617619E+00   0.1506297559531654E-03  -0.8672271378545759E-02   0.7597374289259110E-04   0.1981682457870634E-06   0.1896765168245570E-04   0.1559702438056267E-03
  0.9462500000000000E+02   0.9827494713983871E+00   0.1503804637233872E-03  -0.8662783331929380E-02   0.7584728041827320E-04   0.1979429772237715E-06   0.1892598860831486E-04   0.1557061519045112E-03
  0.9467500000000000E+02   0.9827682519128802E+00   0.1501317317452494E-03  -0.8653311072979952E-02   0.7572110414155106E-04   0.1977181071779000E-06   0.1888444095201511E-04   0.1554426700249285E-03
  0.9472499999999999E+02   0.9827870013751536E+00   0.1498835583856281E-03  -0.8643854565983933E-02   0.7559521322178773E-04   0.1974936346372717E-06   0.1884300832557030E-04   0.1551797963351101E-03
  0.9477499999999999E+02   0.9828057198549163E+00   0.1496359420177228E-03  -0.8634413775332916E-02   0.7546960682162099E-04   0.1972695585936317E-06   0.1880169034254343E-04   0.1549175290105489E-03
  0.9482499999999999E+02   0.9828244074216739E+00   0.1493888810210175E-03  -0.8624988665522637E-02   0.7534428410694305E-04   0.1970458780426180E-06   0.1876048661803675E-04   0.1546558662339555E-03
  0.9487500000000000E+02   0.9828430641447303E+00   0.1491423737812425E-03  -0.8615579201153079E-02   0.7521924424688114E-04   0.1968225919837322E-06   0.1871939676868673E-04   0.1543948061952144E-03
  0.9492500000000000E+02   0.9828616900931881E+00   0.1488964186903377E-03  -0.8606185346927808E-02   0.7509448641377820E-04   0.1965996994203117E-06   0.1867842041265569E-04   0.1541343470913415E-03
  0.9497499999999999E+02   0.9828802853359494E+00   0.1486510141464153E-03  -0.8596807067653311E-02   0.7497000978317368E-04   0.1963771993595017E-06   0.1863755716962351E-04   0.1538744871264420E-03
  0.9502499999999999E+02   0.9828988499417163E+00   0.1484061585537231E-03  -0.8587444328239324E-02   0.7484581353378472E-04   0.1961550908122275E-06   0.1859680666078363E-04   0.1536152245116682E-03
  0.9507500000000000E+02   0.9829173839789920E+00   0.1481618503226081E-03  -0.8578097093697501E-02   0.7472189684748707E-04   0.1959333727931667E-06   0.1855616850883185E-04   0.1533565574651779E-03
  0.9512500000000000E+02   0.9829358875160817E+00   0.1479180878694821E-03  -0.8568765329141970E-02   0.7459825890929742E-04   0.1957120443207246E-06   0.1851564233796351E-04   0.1530984842120945E-03
  0.9517500000000000E+02   0.9829543606210930E+00   0.1476748696167851E-03  -0.8559448999788222E-02   0.7447489890735443E-04   0.1954911044170059E-06   0.1847522777386322E-04   0.1528410029844658E-03
  0.9522499999999999E+02   0.9829728033619366E+00   0.1474321939929508E-03  -0.8550148070953001E-02   0.7435181603290097E-04   0.1952705521077898E-06   0.1843492444369918E-04   0.1525841120212239E-03
  0.9527499999999999E+02   0.9829912158063273E+00   0.1471900594323728E-03  -0.8540862508054192E-02   0.7422900948026641E-04   0.1950503864225044E-06   0.1839473197611737E-04   0.1523278095681464E-03
  0.9532500000000000E+02   0.9830095980217848E+00   0.1469484643753690E-03  -0.8531592276609712E-02   0.7410647844684835E-04   0.1948306063942009E-06   0.1835465000123160E-04   0.1520720938778161E-03
  0.9537499999999999E+02   0.9830279500756343E+00   0.1467074072681499E-03  -0.8522337342237729E-02   0.7398422213309625E-04   0.1946112110595304E-06   0.1831467815061916E-04   0.1518169632095836E-03
  0.9542500000000000E+02   0.9830462720350068E+00   0.1464668865627837E-03  -0.8513097670656444E-02   0.7386223974249312E-04   0.1943921994587180E-06   0.1827481605731476E-04   0.1515624158295283E-03
  0.9547500000000001E+02   0.9830645639668411E+00   0.1462269007171640E-03  -0.8503873227682868E-02   0.7374053048153908E-04   0.1941735706355396E-06   0.1823506335580012E-04   0.1513084500104204E-03
  0.9552499999999999E+02   0.9830828259378827E+00   0.1459874481949770E-03  -0.8494663979233263E-02   0.7361909355973417E-04   0.1939553236372975E-06   0.1819541968200069E-04   0.1510550640316839E-03
  0.9557500000000000E+02   0.9831010580146861E+00   0.1457485274656689E-03  -0.8485469891322484E-02   0.7349792818956158E-04   0.1937374575147977E-06   0.1815588467327774E-04   0.1508022561793584E-03
  0.9562500000000000E+02   0.9831192602636151E+00   0.1455101370044150E-03  -0.8476290930063524E-02   0.7337703358647148E-04   0.1935199713223264E-06   0.1811645796842139E-04   0.1505500247460640E-03
  0.9567500000000000E+02   0.9831374327508426E+00   0.1452722752920872E-03  -0.8467127061667190E-02   0.7325640896886445E-04   0.1933028641176280E-06   0.1807713920764408E-04   0.1502983680309638E-03
  0.9572500000000001E+02   0.9831555755423529E+00   0.1450349408152225E-03  -0.8457978252441767E-02   0.7313605355807484E-04   0.1930861349618810E-06   0.1803792803257420E-04   0.1500472843397277E-03
  0.9577499999999999E+02   0.9831736887039411E+00   0.1447981320659931E-03  -0.8448844468792682E-02   0.7301596657835564E-04   0.1928697829196780E-06   0.1799882408624967E-04   0.1497967719844977E-03
  0.9582499999999999E+02   0.9831917723012139E+00   0.1445618475421744E-03  -0.8439725677222287E-02   0.7289614725686153E-04   0.1926538070590019E-06   0.1795982701311194E-04   0.1495468292838515E-03
  0.9587500000000000E+02   0.9832098263995915E+00   0.1443260857471164E-03  -0.8430621844328856E-02   0.7277659482363422E-04   0.1924382064512058E-06   0.1792093645899687E-04   0.1492974545627685E-03
  0.9592500000000000E+02   0.9832278510643068E+00   0.1440908451897120E-03  -0.8421532936807252E-02   0.7265730851158609E-04   0.1922229801709910E-06   0.1788215207113265E-04   0.1490486461525947E-03
  0.9597499999999999E+02   0.9832458463604070E+00   0.1438561243843677E-03  -0.8412458921447374E-02   0.7253828755648493E-04   0.1920081272963854E-06   0.1784347349812825E-04   0.1488004023910080E-03
  0.9602499999999999E+02   0.9832638123527540E+00   0.1436219218509751E-03  -0.8403399765135044E-02   0.7241953119693911E-04   0.1917936469087247E-06   0.1780490038997238E-04   0.1485527216219851E-03
  0.9607499999999999E+02   0.9832817491060247E+00   0.1433882361148809E-03  -0.8394355434850898E-02   0.7230103867438211E-04   0.1915795380926302E-06   0.1776643239802395E-04   0.1483056021957677E-03
  0.9612500000000000E+02   0.9832996566847130E+00   0.1431550657068574E-03  -0.8385325897669604E-02   0.7218280923305723E-04   0.1913657999359883E-06   0.1772806917500389E-04   0.1480590424688277E-03
  0.9617500000000001E+02   0.9833175351531286E+00   0.1429224091630754E-03  -0.8376311120760871E-02   0.7206484212000338E-04   0.1911524315299321E-06   0.1768981037499467E-04   0.1478130408038364E-03
  0.9622499999999999E+02   0.9833353845753992E+00   0.1426902650250749E-03  -0.8367311071387884E-02   0.7194713658504013E-04   0.1909394319688207E-06   0.1765165565342893E-04   0.1475675955696301E-03
  0.9627499999999999E+02   0.9833532050154703E+00   0.1424586318397370E-03  -0.8358325716907533E-02   0.7182969188075292E-04   0.1907268003502196E-06   0.1761360466708569E-04   0.1473227051411782E-03
  0.9632499999999999E+02   0.9833709965371067E+00   0.1422275081592561E-03  -0.8349355024769634E-02   0.7171250726247886E-04   0.1905145357748815E-06   0.1757565707408237E-04   0.1470783678995511E-03
  0.9637500000000000E+02   0.9833887592038916E+00   0.1419968925411133E-03  -0.8340398962517481E-02   0.7159558198829264E-04   0.1903026373467283E-06   0.1753781253387241E-04   0.1468345822318886E-03
  0.9642500000000001E+02   0.9834064930792293E+00   0.1417667835480475E-03  -0.8331457497786410E-02   0.7147891531899181E-04   0.1900911041728306E-06   0.1750007070723456E-04   0.1465913465313674E-03
  0.9647499999999999E+02   0.9834241982263446E+00   0.1415371797480296E-03  -0.8322530598303901E-02   0.7136250651808321E-04   0.1898799353633902E-06   0.1746243125626869E-04   0.1463486591971707E-03
  0.9652499999999999E+02   0.9834418747082834E+00   0.1413080797142350E-03  -0.8313618231889586E-02   0.7124635485176882E-04   0.1896691300317214E-06   0.1742489384439120E-04   0.1461065186344567E-03
  0.9657500000000000E+02   0.9834595225879136E+00   0.1410794820250172E-03  -0.8304720366454577E-02   0.7113045958893206E-04   0.1894586872942330E-06   0.1738745813632761E-04   0.1458649232543280E-03
  0.9662500000000000E+02   0.9834771419279261E+00   0.1408513852638815E-03  -0.8295836970001025E-02   0.7101482000112403E-04   0.1892486062704102E-06   0.1735012379810611E-04   0.1456238714738008E-03
  0.9667500000000000E+02   0.9834947327908353E+00   0.1406237880194591E-03  -0.8286968010621898E-02   0.7089943536255014E-04   0.1890388860827971E-06   0.1731289049705219E-04   0.1453833617157753E-03
  0.9672499999999999E+02   0.9835122952389789E+00   0.1403966888854807E-03  -0.8278113456501091E-02   0.7078430495005649E-04   0.1888295258569788E-06   0.1727575790178442E-04   0.1451433924090052E-03
  0.9677499999999999E+02   0.9835298293345197E+00   0.1401700864607512E-03  -0.8269273275911981E-02   0.7066942804311651E-04   0.1886205247215642E-06   0.1723872568220409E-04   0.1449039619880676E-03
  0.9682500000000000E+02   0.9835473351394457E+00   0.1399439793491239E-03  -0.8260447437218543E-02   0.7055480392381790E-04   0.1884118818081687E-06   0.1720179350949527E-04   0.1446650688933342E-03
  0.9687500000000000E+02   0.9835648127155705E+00   0.1397183661594758E-03  -0.8251635908873789E-02   0.7044043187684948E-04   0.1882035962513978E-06   0.1716496105611389E-04   0.1444267115709421E-03
  0.9692500000000000E+02   0.9835822621245346E+00   0.1394932455056820E-03  -0.8242838659420215E-02   0.7032631118948815E-04   0.1879956671888293E-06   0.1712822799578519E-04   0.1441888884727638E-03
  0.9697499999999999E+02   0.9835996834278051E+00   0.1392686160065913E-03  -0.8234055657489248E-02   0.7021244115158598E-04   0.1877880937609974E-06   0.1709159400349702E-04   0.1439515980563795E-03
  0.9702499999999999E+02   0.9836170766866774E+00   0.1390444762860014E-03  -0.8225286871800686E-02   0.7009882105555768E-04   0.1875808751113765E-06   0.1705505875549309E-04   0.1437148387850483E-03
  0.9707500000000000E+02   0.9836344419622747E+00   0.1388208249726343E-03  -0.8216532271162591E-02   0.6998545019636746E-04   0.1873740103863641E-06   0.1701862192926824E-04   0.1434786091276791E-03
  0.9712500000000000E+02   0.9836517793155495E+00   0.1385976607001129E-03  -0.8207791824471067E-02   0.6987232787151703E-04   0.1871674987352653E-06   0.1698228320356305E-04   0.1432429075588038E-03
  0.9717500000000000E+02   0.9836690888072839E+00   0.1383749821069357E-03  -0.8199065500709923E-02   0.6975945338103266E-04   0.1869613393102769E-06   0.1694604225835833E-04   0.1430077325585485E-03
  0.9722499999999999E+02   0.9836863704980899E+00   0.1381527878364541E-03  -0.8190353268949901E-02   0.6964682602745297E-04   0.1867555312664712E-06   0.1690989877486742E-04   0.1427730826126058E-03
  0.9727499999999999E+02   0.9837036244484106E+00   0.1379310765368480E-03  -0.8181655098349339E-02   0.6953444511581671E-04   0.1865500737617807E-06   0.1687385243553484E-04   0.1425389562122079E-03
  0.9732500000000000E+02   0.9837208507185202E+00   0.1377098468611032E-03  -0.8172970958152725E-02   0.6942230995365068E-04   0.1863449659569830E-06   0.1683790292402597E-04   0.1423053518540994E-03
  0.9737500000000000E+02   0.9837380493685252E+00   0.1374890974669872E-03  -0.8164300817691150E-02   0.6931041985095729E-04   0.1861402070156845E-06   0.1680204992522470E-04   0.1420722680405095E-03
  0.9742500000000000E+02   0.9837552204583642E+00   0.1372688270170267E-03  -0.8155644646381854E-02   0.6919877412020298E-04   0.1859357961043065E-06   0.1676629312522740E-04   0.1418397032791262E-03
  0.9747499999999999E+02   0.9837723640478097E+00   0.1370490341784847E-03  -0.8147002413727344E-02   0.6908737207630610E-04   0.1857317323920693E-06   0.1673063221133505E-04   0.1416076560830688E-03
  0.9752500000000001E+02   0.9837894801964671E+00   0.1368297176233373E-03  -0.8138374089316280E-02   0.6897621303662510E-04   0.1855280150509777E-06   0.1669506687205280E-04   0.1413761249708624E-03
  0.9757499999999999E+02   0.9838065689637767E+00   0.1366108760282521E-03  -0.8129759642822143E-02   0.6886529632094709E-04   0.1853246432558068E-06   0.1665959679708026E-04   0.1411451084664110E-03
  0.9762500000000000E+02   0.9838236304090139E+00   0.1363925080745645E-03  -0.8121159044003123E-02   0.6875462125147568E-04   0.1851216161840860E-06   0.1662422167730704E-04   0.1409146050989712E-03
  0.9767500000000000E+02   0.9838406645912890E+00   0.1361746124482567E-03  -0.8112572262702011E-02   0.6864418715282004E-04   0.1849189330160863E-06   0.1658894120480806E-04   0.1406846134031278E-03
  0.9772499999999999E+02   0.9838576715695490E+00   0.1359571878399353E-03  -0.8103999268846085E-02   0.6853399335198321E-04   0.1847165929348053E-06   0.1655375507283916E-04   0.1404551319187669E-03
  0.9777499999999999E+02   0.9838746514025771E+00   0.1357402329448089E-03  -0.8095440032446333E-02   0.6842403917835053E-04   0.1845145951259526E-06   0.1651866297582976E-04   0.1402261591910507E-03
  0.9782499999999999E+02   0.9838916041489939E+00   0.1355237464626670E-03  -0.8086894523597565E-02   0.6831432396367863E-04   0.1843129387779365E-06   0.1648366460937934E-04   0.1399976937703926E-03
  0.9787500000000000E+02   0.9839085298672583E+00   0.1353077270978584E-03  -0.8078362712477527E-02   0.6820484704208422E-04   0.1841116230818500E-06   0.1644875967024977E-04   0.1397697342124317E-03
  0.9792500000000000E+02   0.9839254286156666E+00   0.1350921735592698E-03  -0.8069844569347562E-02   0.6809560775003291E-04   0.1839106472314568E-06   0.1641394785636404E-04   0.1395422790780088E-03
  0.9797499999999999E+02   0.9839423004523549E+00   0.1348770845603038E-03  -0.8061340064551503E-02   0.6798660542632802E-04   0.1837100104231776E-06   0.1637922886679777E-04   0.1393153269331403E-03
  0.9802499999999999E+02   0.9839591454352984E+00   0.1346624588188592E-03  -0.8052849168515785E-02   0.6787783941210000E-04   0.1835097118560774E-06   0.1634460240177571E-04   0.1390888763489947E-03
  0.9807500000000000E+02   0.9839759636223127E+00   0.1344482950573090E-03  -0.8044371851748666E-02   0.6776930905079519E-04   0.1833097507318509E-06   0.1631006816266461E-04   0.1388629259018682E-03
  0.9812500000000000E+02   0.9839927550710534E+00   0.1342345920024801E-03  -0.8035908084840893E-02   0.6766101368816528E-04   0.1831101262548103E-06   0.1627562585197208E-04   0.1386374741731602E-03
  0.9817500000000000E+02   0.9840095198390182E+00   0.1340213483856325E-03  -0.8027457838464369E-02   0.6755295267225656E-04   0.1829108376318722E-06   0.1624127517333722E-04   0.1384125197493495E-03
  0.9822499999999999E+02   0.9840262579835457E+00   0.1338085629424388E-03  -0.8019021083372491E-02   0.6744512535339902E-04   0.1827118840725435E-06   0.1620701583152816E-04   0.1381880612219700E-03
  0.9827499999999999E+02   0.9840429695618172E+00   0.1335962344129642E-03  -0.8010597790399698E-02   0.6733753108419612E-04   0.1825132647889094E-06   0.1617284753243634E-04   0.1379640971875879E-03
  0.9832500000000000E+02   0.9840596546308570E+00   0.1333843615416456E-03  -0.8002187930460924E-02   0.6723016921951402E-04   0.1823149789956204E-06   0.1613876998307049E-04   0.1377406262477771E-03
  0.9837500000000000E+02   0.9840763132475320E+00   0.1331729430772724E-03  -0.7993791474552148E-02   0.6712303911647151E-04   0.1821170259098800E-06   0.1610478289155506E-04   0.1375176470090972E-03
  0.9842500000000000E+02   0.9840929454685541E+00   0.1329619777729662E-03  -0.7985408393748950E-02   0.6701614013442922E-04   0.1819194047514313E-06   0.1607088596712051E-04   0.1372951580830689E-03
  0.9847499999999999E+02   0.9841095513504788E+00   0.1327514643861606E-03  -0.7977038659207070E-02   0.6690947163497968E-04   0.1817221147425453E-06   0.1603707892010188E-04   0.1370731580861517E-03
  0.9852499999999999E+02   0.9841261309497072E+00   0.1325414016785827E-03  -0.7968682242162073E-02   0.6680303298193710E-04   0.1815251551080085E-06   0.1600336146193365E-04   0.1368516456397216E-03
  0.9857500000000000E+02   0.9841426843224855E+00   0.1323317884162321E-03  -0.7960339113928461E-02   0.6669682354132685E-04   0.1813285250751098E-06   0.1596973330514235E-04   0.1366306193700467E-03
  0.9862500000000000E+02   0.9841592115249062E+00   0.1321226233693628E-03  -0.7952009245900227E-02   0.6659084268137600E-04   0.1811322238736298E-06   0.1593619416334526E-04   0.1364100779082666E-03
  0.9867499999999998E+02   0.9841757126129080E+00   0.1319139053124635E-03  -0.7943692609549968E-02   0.6648508977250284E-04   0.1809362507358276E-06   0.1590274375124292E-04   0.1361900198903686E-03
  0.9872499999999999E+02   0.9841921876422777E+00   0.1317056330242381E-03  -0.7935389176428664E-02   0.6637956418730708E-04   0.1807406048964291E-06   0.1586938178461470E-04   0.1359704439571660E-03
  0.9877500000000001E+02   0.9842086366686484E+00   0.1314978052875875E-03  -0.7927098918165787E-02   0.6627426530056004E-04   0.1805452855926155E-06   0.1583610798031555E-04   0.1357513487542758E-03
  0.9882500000000000E+02   0.9842250597475026E+00   0.1312904208895903E-03  -0.7918821806468967E-02   0.6616919248919503E-04   0.1803502920640118E-06   0.1580292205627103E-04   0.1355327329320971E-03
  0.9887500000000000E+02   0.9842414569341708E+00   0.1310834786214838E-03  -0.7910557813123109E-02   0.6606434513229706E-04   0.1801556235526740E-06   0.1576982373147004E-04   0.1353145951457887E-03
  0.9892499999999998E+02   0.9842578282838328E+00   0.1308769772786461E-03  -0.7902306909990942E-02   0.6595972261109376E-04   0.1799612793030786E-06   0.1573681272596355E-04   0.1350969340552478E-03
  0.9897499999999999E+02   0.9842741738515183E+00   0.1306709156605771E-03  -0.7894069069012133E-02   0.6585532430894554E-04   0.1797672585621113E-06   0.1570388876085743E-04   0.1348797483250886E-03
  0.9902500000000001E+02   0.9842904936921071E+00   0.1304652925708801E-03  -0.7885844262203512E-02   0.6575114961133589E-04   0.1795735605790546E-06   0.1567105155830971E-04   0.1346630366246203E-03
  0.9907499999999999E+02   0.9843067878603300E+00   0.1302601068172440E-03  -0.7877632461658179E-02   0.6564719790586214E-04   0.1793801846055772E-06   0.1563830084152352E-04   0.1344467976278263E-03
  0.9912499999999999E+02   0.9843230564107686E+00   0.1300553572114251E-03  -0.7869433639546175E-02   0.6554346858222605E-04   0.1791871298957232E-06   0.1560563633474626E-04   0.1342310300133437E-03
  0.9917500000000000E+02   0.9843392993978568E+00   0.1298510425692284E-03  -0.7861247768113255E-02   0.6543996103222419E-04   0.1789943957059001E-06   0.1557305776326109E-04   0.1340157324644404E-03
  0.9922499999999999E+02   0.9843555168758803E+00   0.1296471617104904E-03  -0.7853074819681005E-02   0.6533667464973877E-04   0.1788019812948682E-06   0.1554056485338400E-04   0.1338009036689963E-03
  0.9927500000000001E+02   0.9843717088989780E+00   0.1294437134590618E-03  -0.7844914766647171E-02   0.6523360883072878E-04   0.1786098859237305E-06   0.1550815733246158E-04   0.1335865423194818E-03
  0.9932500000000000E+02   0.9843878755211417E+00   0.1292406966427883E-03  -0.7836767581484105E-02   0.6513076297322003E-04   0.1784181088559201E-06   0.1547583492886141E-04   0.1333726471129366E-03
  0.9937499999999999E+02   0.9844040167962174E+00   0.1290381100934947E-03  -0.7828633236739768E-02   0.6502813647729676E-04   0.1782266493571913E-06   0.1544359737197257E-04   0.1331592167509503E-03
  0.9942500000000000E+02   0.9844201327779047E+00   0.1288359526469661E-03  -0.7820511705036837E-02   0.6492572874509207E-04   0.1780355066956074E-06   0.1541144439219864E-04   0.1329462499396412E-03
  0.9947499999999999E+02   0.9844362235197590E+00   0.1286342231429317E-03  -0.7812402959072373E-02   0.6482353918077933E-04   0.1778446801415315E-06   0.1537937572095307E-04   0.1327337453896368E-03
  0.9952499999999999E+02   0.9844522890751898E+00   0.1284329204250468E-03  -0.7804306971618158E-02   0.6472156719056275E-04   0.1776541689676145E-06   0.1534739109065701E-04   0.1325217018160529E-03
  0.9957500000000000E+02   0.9844683294974631E+00   0.1282320433408766E-03  -0.7796223715519579E-02   0.6461981218266925E-04   0.1774639724487868E-06   0.1531549023473158E-04   0.1323101179384751E-03
  0.9962499999999999E+02   0.9844843448397010E+00   0.1280315907418776E-03  -0.7788153163696188E-02   0.6451827356733848E-04   0.1772740898622449E-06   0.1528367288759670E-04   0.1320989924809367E-03
  0.9967500000000000E+02   0.9845003351548822E+00   0.1278315614833825E-03  -0.7780095289141142E-02   0.6441695075681520E-04   0.1770845204874445E-06   0.1525193878466552E-04   0.1318883241719014E-03
  0.9972499999999999E+02   0.9845163004958426E+00   0.1276319544245823E-03  -0.7772050064920655E-02   0.6431584316533974E-04   0.1768952636060876E-06   0.1522028766233896E-04   0.1316781117442420E-03
  0.9977499999999999E+02   0.9845322409152760E+00   0.1274327684285097E-03  -0.7764017464174100E-02   0.6421495020913968E-04   0.1767063185021139E-06   0.1518871925800276E-04   0.1314683539352217E-03
  0.9982500000000000E+02   0.9845481564657340E+00   0.1272340023620233E-03  -0.7755997460113795E-02   0.6411427130642129E-04   0.1765176844616905E-06   0.1515723331002339E-04   0.1312590494864750E-03
  0.9987500000000000E+02   0.9845640471996271E+00   0.1270356550957902E-03  -0.7747990026024443E-02   0.6401380587736077E-04   0.1763293607732016E-06   0.1512582955774254E-04   0.1310501971439877E-03
  0.9992500000000000E+02   0.9845799131692250E+00   0.1268377255042698E-03  -0.7739995135263356E-02   0.6391355334409560E-04   0.1761413467272384E-06   0.1509450774147472E-04   0.1308417956580779E-03
  0.9997499999999999E+02   0.9845957544266567E+00   0.1266402124656980E-03  -0.7732012761259566E-02   0.6381351313071651E-04   0.1759536416165903E-06   0.1506326760250054E-04   0.1306338437833781E-03
