#   omega (eV)      epsilon_1       epsilon_2       n               kappa           mu (cm^(-1))    R               epsinv
  0.2500000000000000E-01   0.1446068885737061E+01   0.2794105044567462E-04   0.2025260437396070E+00   0.1161764877822677E-04   0.8010367549652032E-11   0.8455117642286011E-02   0.1336179381093756E-04
  0.7500000000000000E-01   0.1446075854890860E+01   0.8382619080380977E-04   0.2025289418993916E+00   0.3485412611833130E-04   0.7209574832895952E-10   0.8455337599542968E-02   0.4008644844331418E-04
  0.1250000000000000E+00   0.1446089793952640E+01   0.1397204506314881E-03   0.2025347385117693E+00   0.5809414321136499E-04   0.2002795266445404E-09   0.8455777543174869E-02   0.6681430443651479E-04
  0.1750000000000000E+00   0.1446110704431025E+01   0.1956299131401400E-03   0.2025434341624550E+00   0.8134006123296159E-04   0.3925877426642883E-09   0.8456437531428324E-02   0.9354749712920203E-04
  0.2250000000000000E+00   0.1446138588589607E+01   0.2515606668927585E-03   0.2025550297302667E+00   0.1045942433707934E-03   0.6490594732845104E-09   0.8457317651699879E-02   0.1202881635085708E-03
  0.2750000000000000E+00   0.1446173449447728E+01   0.3075188079525552E-03   0.2025695263874210E+00   0.1278590556324661E-03   0.9697468521304054E-09   0.8458418020568109E-02   0.1470384428725369E-03
  0.3250000000000000E+00   0.1446215290781526E+01   0.3635104420396246E-03   0.2025869255999249E+00   0.1511368676564827E-03   0.1354715096268583E-08   0.8459738783836178E-02   0.1738004774946882E-03
  0.3749999999999999E+00   0.1446264117125251E+01   0.4195416866979709E-03   0.2026072291280701E+00   0.1744300535271821E-03   0.1804042539670586E-08   0.8461280116585415E-02   0.2005764132928172E-03
  0.4250000000000000E+00   0.1446319933772834E+01   0.4756186734752614E-03   0.2026304390270248E+00   0.1977409925945561E-03   0.2317820673476419E-08   0.8463042223239542E-02   0.2273684005018524E-03
  0.4749999999999999E+00   0.1446382746779739E+01   0.5317475501177690E-03   0.2026565576475270E+00   0.2210720702998956E-03   0.2896154193117585E-08   0.8465025337639881E-02   0.2541785943520544E-03
  0.5250000000000000E+00   0.1446452562965069E+01   0.5879344827828701E-03   0.2026855876366780E+00   0.2444256790081701E-03   0.3539161052369038E-08   0.8467229723131462E-02   0.2810091557532899E-03
  0.5750000000000001E+00   0.1446529389913950E+01   0.6441856582716510E-03   0.2027175319388379E+00   0.2678042188481251E-03   0.4246972524410601E-08   0.8469655672660066E-02   0.3078622519862820E-03
  0.6249999999999999E+00   0.1446613235980187E+01   0.7005072862842285E-03   0.2027523937966238E+00   0.2912100985611004E-03   0.5019733269989709E-08   0.8472303508880548E-02   0.3347400574017581E-03
  0.6749999999999999E+00   0.1446704110289200E+01   0.7569056017003965E-03   0.2027901767520133E+00   0.3146457363595731E-03   0.5857601412788311E-08   0.8475173584276362E-02   0.3616447541284085E-03
  0.7250000000000001E+00   0.1446802022741229E+01   0.8133868668882827E-03   0.2028308846475506E+00   0.3381135607964616E-03   0.6760748622108492E-08   0.8478266281290356E-02   0.3885785327906030E-03
  0.7749999999999999E+00   0.1446906984014837E+01   0.8699573740439644E-03   0.2028745216276620E+00   0.3616160116463300E-03   0.7729360203005112E-08   0.8481582012467187E-02   0.4155435932369311E-03
  0.8250000000000000E+00   0.1447019005570681E+01   0.9266234475648087E-03   0.2029210921400755E+00   0.3851555407995569E-03   0.8763635194004531E-08   0.8485121220607229E-02   0.4425421452805295E-03
  0.8749999999999999E+00   0.1447138099655594E+01   0.9833914464597244E-03   0.2029706009373538E+00   0.4087346131707070E-03   0.9863786472564377E-08   0.8488884378932419E-02   0.4695764094523639E-03
  0.9249999999999999E+00   0.1447264279306942E+01   0.1040267766799332E-02   0.2030230530785353E+00   0.4323557076222633E-03   0.1103004086844111E-07   0.8492871991263955E-02   0.4966486177685299E-03
  0.9750000000000001E+00   0.1447397558357297E+01   0.1097258844209532E-02   0.2030784539308894E+00   0.4560213179050766E-03   0.1226263928515003E-07   0.8497084592212194E-02   0.5237610145128547E-03
  0.1025000000000000E+01   0.1447537951439404E+01   0.1154371156411751E-02   0.2031368091717873E+00   0.4797339536167939E-03   0.1356183682971487E-07   0.8501522747378962E-02   0.5509158570359704E-03
  0.1075000000000000E+01   0.1447685473991463E+01   0.1211611225813621E-02   0.2031981247906876E+00   0.5034961411797400E-03   0.1492790295092417E-07   0.8506187053572235E-02   0.5781154165722650E-03
  0.1125000000000000E+01   0.1447840142262731E+01   0.1268985622153815E-02   0.2032624070912443E+00   0.5273104248396861E-03   0.1636112158632663E-07   0.8511078139033942E-02   0.6053619790760491E-03
  0.1175000000000000E+01   0.1448001973319438E+01   0.1326500965205096E-02   0.2033296626935337E+00   0.5511793676870957E-03   0.1786179131821883E-07   0.8516196663680394E-02   0.6326578460784702E-03
  0.1225000000000000E+01   0.1448170985051043E+01   0.1384163927539829E-02   0.2033998985364089E+00   0.5751055527025004E-03   0.1943022553889788E-07   0.8521543319356523E-02   0.6600053355667384E-03
  0.1275000000000000E+01   0.1448347196176815E+01   0.1441981237362332E-02   0.2034731218799783E+00   0.5990915838277193E-03   0.2106675262547226E-07   0.8527118830103229E-02   0.6874067828873071E-03
  0.1325000000000000E+01   0.1448530626252777E+01   0.1499959681412960E-02   0.2035493403082174E+00   0.6231400870648291E-03   0.2277171612455015E-07   0.8532923952438980E-02   0.7148645416748504E-03
  0.1375000000000000E+01   0.1448721295678981E+01   0.1558106107948834E-02   0.2036285617317115E+00   0.6472537116048163E-03   0.2454547494714614E-07   0.8538959475655411E-02   0.7423809848089005E-03
  0.1425000000000000E+01   0.1448919225707168E+01   0.1616427429806663E-02   0.2037107943905394E+00   0.6714351309880419E-03   0.2638840357417675E-07   0.8545226222127753E-02   0.7699585054002084E-03
  0.1475000000000000E+01   0.1449124438448782E+01   0.1674930627553304E-02   0.2037960468572930E+00   0.6956870442987354E-03   0.2830089227294197E-07   0.8551725047639819E-02   0.7975995178089902E-03
  0.1525000000000000E+01   0.1449336956883378E+01   0.1733622752730207E-02   0.2038843280402456E+00   0.7200121773959385E-03   0.3028334732502301E-07   0.8558456841724658E-02   0.8253064586974269E-03
  0.1575000000000000E+01   0.1449556804867415E+01   0.1792510931198301E-02   0.2039756471866667E+00   0.7444132841834745E-03   0.3233619126606023E-07   0.8565422528020743E-02   0.8530817881189467E-03
  0.1625000000000000E+01   0.1449784007143463E+01   0.1851602366590219E-02   0.2040700138862923E+00   0.7688931479216611E-03   0.3445986313790949E-07   0.8572623064644460E-02   0.8809279906469644E-03
  0.1675000000000000E+01   0.1450018589349818E+01   0.1910904343877497E-02   0.2041674380749516E+00   0.7934545825837868E-03   0.3665481875371968E-07   0.8580059444579166E-02   0.9088475765460665E-03
  0.1725000000000000E+01   0.1450260578030551E+01   0.1970424233060757E-02   0.2042679300383581E+00   0.8181004342605037E-03   0.3892153097651319E-07   0.8587732696081417E-02   0.9368430829887779E-03
  0.1775000000000000E+01   0.1450510000646005E+01   0.2030169492991634E-02   0.2043715004160689E+00   0.8428335826156132E-03   0.4126049001190245E-07   0.8595643883104923E-02   0.9649170753213668E-03
  0.1825000000000000E+01   0.1450766885583745E+01   0.2090147675335790E-02   0.2044781602056198E+00   0.8676569423969363E-03   0.4367220371562408E-07   0.8603794105742727E-02   0.9930721483823815E-03
  0.1875000000000000E+01   0.1451031262169987E+01   0.2150366428687284E-02   0.2045879207668395E+00   0.8925734650063414E-03   0.4615719791663325E-07   0.8612184500688206E-02   0.1021310927878010E-02
  0.1925000000000000E+01   0.1451303160681521E+01   0.2210833502845268E-02   0.2047007938263532E+00   0.9175861401332900E-03   0.4871601675656060E-07   0.8620816241715691E-02   0.1049636071818647E-02
  0.1975000000000000E+01   0.1451582612358139E+01   0.2271556753264954E-02   0.2048167914822789E+00   0.9426979974566387E-03   0.5134922304640325E-07   0.8629690540181083E-02   0.1078050272021459E-02
  0.2025000000000000E+01   0.1451869649415598E+01   0.2332544145695962E-02   0.2049359262091275E+00   0.9679121084199161E-03   0.5405739864139985E-07   0.8638808645543573E-02   0.1106556255684230E-02
  0.2075000000000000E+01   0.1452164305059137E+01   0.2393803761022139E-02   0.2050582108629129E+00   0.9932315880856887E-03   0.5684114483512057E-07   0.8648171845909047E-02   0.1135156787036210E-02
  0.2125000000000000E+01   0.1452466613497555E+01   0.2455343800318388E-02   0.2051836586864799E+00   0.1018659597075207E-02   0.5970108277389813E-07   0.8657781468595853E-02   0.1163854669072258E-02
  0.2175000000000000E+01   0.1452776609957900E+01   0.2517172590141403E-02   0.2053122833150625E+00   0.1044199343600080E-02   0.6263785389282772E-07   0.8667638880724205E-02   0.1192652745377199E-02
  0.2225000000000000E+01   0.1453094330700771E+01   0.2579298588072866E-02   0.2054440987820776E+00   0.1069854085593378E-02   0.6565212037467900E-07   0.8677745489829795E-02   0.1221553902047980E-02
  0.2275000000000000E+01   0.1453419813036274E+01   0.2641730388535516E-02   0.2055791195251719E+00   0.1095627132948348E-02   0.6874456563319212E-07   0.8688102744503021E-02   0.1250561069722035E-02
  0.2325000000000000E+01   0.1453753095340658E+01   0.2704476728904368E-02   0.2057173603925249E+00   0.1121521849873638E-02   0.7191589482236866E-07   0.8698712135054411E-02   0.1279677225721053E-02
  0.2375000000000000E+01   0.1454094217073655E+01   0.2767546495937885E-02   0.2058588366494274E+00   0.1147541657374975E-02   0.7516683537353218E-07   0.8709575194207959E-02   0.1308905396320417E-02
  0.2425000000000000E+01   0.1454443218796573E+01   0.2830948732556260E-02   0.2060035639851456E+00   0.1173690035874193E-02   0.7849813756210852E-07   0.8720693497823208E-02   0.1338248659155609E-02
  0.2475000000000000E+01   0.1454800142191163E+01   0.2894692644997018E-02   0.2061515585200855E+00   0.1199970527977730E-02   0.8191057510627875E-07   0.8732068665647706E-02   0.1367710145778202E-02
  0.2525000000000000E+01   0.1455165030079312E+01   0.2958787610381289E-02   0.2063028368132735E+00   0.1226386741407990E-02   0.8540494579988042E-07   0.8743702362101126E-02   0.1397293044375362E-02
  0.2575000000000000E+01   0.1455537926443585E+01   0.3023243184727956E-02   0.2064574158701675E+00   0.1252942352112534E-02   0.8898207218219246E-07   0.8755596297092471E-02   0.1427000602668513E-02
  0.2625000000000000E+01   0.1455918876448693E+01   0.3088069111457037E-02   0.2066153131508226E+00   0.1279641107567744E-02   0.9264280224752399E-07   0.8767752226872601E-02   0.1456836131008564E-02
  0.2675000000000000E+01   0.1456307926463902E+01   0.3153275330428330E-02   0.2067765465784210E+00   0.1306486830295478E-02   0.9638801019785252E-07   0.8780171954923043E-02   0.1486803005687143E-02
  0.2725000000000000E+01   0.1456705124086455E+01   0.3218871987567068E-02   0.2069411345481977E+00   0.1333483421613603E-02   0.1002185972421349E-06   0.8792857332883840E-02   0.1516904672485761E-02
  0.2775000000000000E+01   0.1457110518166061E+01   0.3284869445134348E-02   0.2071090959367752E+00   0.1360634865643660E-02   0.1041354924463311E-06   0.8805810261521930E-02   0.1547144650487431E-02
  0.2825000000000000E+01   0.1457524158830514E+01   0.3351278292707352E-02   0.2072804501119387E+00   0.1387945233601945E-02   0.1081396536386676E-06   0.8819032691742706E-02   0.1577526536178434E-02
  0.2875000000000000E+01   0.1457946097512502E+01   0.3418109358942491E-02   0.2074552169428749E+00   0.1415418688403498E-02   0.1122320683752184E-06   0.8832526625647080E-02   0.1608054007871451E-02
  0.2925000000000000E+01   0.1458376386977685E+01   0.3485373724204218E-02   0.2076334168109029E+00   0.1443059489612473E-02   0.1164137549715204E-06   0.8846294117636622E-02   0.1638730830485464E-02
  0.2975000000000000E+01   0.1458815081354121E+01   0.3553082734152964E-02   0.2078150706207293E+00   0.1470871998776658E-02   0.1206857636066697E-06   0.8860337275569716E-02   0.1669560860722525E-02
  0.3024999999999999E+01   0.1459262236163118E+01   0.3621248014398279E-02   0.2080001998122645E+00   0.1498860685189066E-02   0.1250491775071852E-06   0.8874658261972057E-02   0.1700548052686980E-02
  0.3075000000000000E+01   0.1459717908351613E+01   0.3689881486337957E-02   0.2081888263730289E+00   0.1527030132125516E-02   0.1295051142189109E-06   0.8889259295304439E-02   0.1731696463999181E-02
  0.3125000000000000E+01   0.1460182156326175E+01   0.3758995384320830E-02   0.2083809728511985E+00   0.1555385043613938E-02   0.1340547269763573E-06   0.8904142651291868E-02   0.1763010262463134E-02
  0.3175000000000000E+01   0.1460655039988737E+01   0.3828602274290675E-02   0.2085766623693259E+00   0.1583930251799245E-02   0.1386992061802028E-06   0.8919310664317899E-02   0.1794493733356156E-02
  0.3225000000000000E+01   0.1461136620774180E+01   0.3898715074091879E-02   0.2087759186387887E+00   0.1612670724976987E-02   0.1434397809952174E-06   0.8934765728888386E-02   0.1826151287418831E-02
  0.3275000000000000E+01   0.1461626961689896E+01   0.3969347075644593E-02   0.2089787659750126E+00   0.1641611576380090E-02   0.1482777210826788E-06   0.8950510301169492E-02   0.1857987469635423E-02
  0.3325000000000000E+01   0.1462126127357467E+01   0.4040511969229042E-02   0.2091852293135275E+00   0.1670758073815912E-02   0.1532143384834674E-06   0.8966546900604977E-02   0.1890006968908954E-02
  0.3375000000000000E+01   0.1462634184056608E+01   0.4112223870156191E-02   0.2093953342269153E+00   0.1700115650266196E-02   0.1582509896705263E-06   0.8982878111618332E-02   0.1922214628751665E-02
  0.3425000000000000E+01   0.1463151199771542E+01   0.4184497348146493E-02   0.2096091069427124E+00   0.1729689915580585E-02   0.1633890777923256E-06   0.8999506585405498E-02   0.1954615459131161E-02
  0.3475000000000000E+01   0.1463677244239976E+01   0.4257347459791302E-02   0.2098265743623404E+00   0.1759486669415907E-02   0.1686300551324739E-06   0.9016435041824988E-02   0.1987214649635862E-02
  0.3525000000000000E+01   0.1464212389004857E+01   0.4330789784534161E-02   0.2100477640811347E+00   0.1789511915598969E-02   0.1739754258147815E-06   0.9033666271391960E-02   0.2020017584150940E-02
  0.3574999999999999E+01   0.1464756707469122E+01   0.4404840464684303E-02   0.2102727044095518E+00   0.1819771878121165E-02   0.1794267487880568E-06   0.9051203137383708E-02   0.2053029857269130E-02
  0.3625000000000000E+01   0.1465310274953630E+01   0.4479516250064547E-02   0.2105014243956405E+00   0.1850273019009873E-02   0.1849856411308781E-06   0.9069048578064558E-02   0.2086257292700396E-02
  0.3675000000000000E+01   0.1465873168758507E+01   0.4554834548003402E-02   0.2107339538488588E+00   0.1881022058365434E-02   0.1906537817237289E-06   0.9087205609038217E-02   0.2119705963992016E-02
  0.3725000000000000E+01   0.1466445468228117E+01   0.4630813479511579E-02   0.2109703233653293E+00   0.1912025996905682E-02   0.1964329153445341E-06   0.9105677325736137E-02   0.2153382217928252E-02
  0.3775000000000000E+01   0.1467027254819880E+01   0.4707471942640042E-02   0.2112105643546158E+00   0.1943292141423974E-02   0.2023248572540671E-06   0.9124466906050651E-02   0.2187292701048178E-02
  0.3825000000000000E+01   0.1467618612177146E+01   0.4784829684207511E-02   0.2114547090681118E+00   0.1974828133644447E-02   0.2083314983503814E-06   0.9143577613121496E-02   0.2221444389804606E-02
  0.3874999999999999E+01   0.1468219626206313E+01   0.4862907381317266E-02   0.2117027906291054E+00   0.2006641983052827E-02   0.2144548109868684E-06   0.9163012798283477E-02   0.2255844624989731E-02
  0.3925000000000000E+01   0.1468830385158338E+01   0.4941726734365992E-02   0.2119548430645866E+00   0.2038742104396476E-02   0.2206968555674084E-06   0.9182775904182724E-02   0.2290501151178358E-02
  0.3975000000000000E+01   0.1469450979714704E+01   0.5021310573593667E-02   0.2122109013388185E+00   0.2071137360688603E-02   0.2270597880552221E-06   0.9202870468066072E-02   0.2325422162092948E-02
  0.4025000000000000E+01   0.1470081503077820E+01   0.5101682981647876E-02   0.2124710013886586E+00   0.2103837112724697E-02   0.2335458685604559E-06   0.9223300125245724E-02   0.2360616352982779E-02
  0.4074999999999999E+01   0.1470722051065650E+01   0.5182869435157541E-02   0.2127351801605439E+00   0.2136851276331995E-02   0.2401574712065720E-06   0.9244068612735889E-02   0.2396092981340692E-02
  0.4125000000000000E+01   0.1471372722210113E+01   0.5264896968953246E-02   0.2130034756489516E+00   0.2170190388834850E-02   0.2468970955188886E-06   0.9265179773050502E-02   0.2431861937565671E-02
  0.4175000000000000E+01   0.1472033617858439E+01   0.5347794367361984E-02   0.2132759269359974E+00   0.2203865686541430E-02   0.2537673796321222E-06   0.9286637558140014E-02   0.2467933827530104E-02
  0.4225000000000000E+01   0.1472704842276121E+01   0.5431592387978600E-02   0.2135525742316122E+00   0.2237889195454813E-02   0.2607711156800354E-06   0.9308446033427818E-02   0.2504320069442907E-02
  0.4275000000000000E+01   0.1473386502749328E+01   0.5516324024514022E-02   0.2138334589134223E+00   0.2272273837900311E-02   0.2679112678122206E-06   0.9330609381883055E-02   0.2541033007930995E-02
  0.4325000000000000E+01   0.1474078709683520E+01   0.5602024816789328E-02   0.2141186235649957E+00   0.2307033558360302E-02   0.2751909933842583E-06   0.9353131908030058E-02   0.2578086048913550E-02
  0.4375000000000000E+01   0.1474781576693377E+01   0.5688733217733192E-02   0.2144081120104542E+00   0.2342183472537698E-02   0.2826136679918564E-06   0.9376018041742869E-02   0.2615493819636989E-02
  0.4425000000000000E+01   0.1475495220676823E+01   0.5776491029396424E-02   0.2147019693424979E+00   0.2377740044549019E-02   0.2901829151713198E-06   0.9399272341598050E-02   0.2653272359195306E-02
  0.4475000000000000E+01   0.1476219761862578E+01   0.5865343922551658E-02   0.2150002419395163E+00   0.2413721298190342E-02   0.2979026417714053E-06   0.9422899497450300E-02   0.2691439345993515E-02
  0.4525000000000000E+01   0.1476955323815786E+01   0.5955342057387777E-02   0.2153029774654744E+00   0.2450147069419552E-02   0.3057770802169646E-06   0.9446904331737109E-02   0.2730014369916125E-02
  0.4575000000000000E+01   0.1477702033379396E+01   0.6046540826035028E-02   0.2156102248434399E+00   0.2487039308514277E-02   0.3138108391296263E-06   0.9471291798793018E-02   0.2769019258391649E-02
  0.4625000000000000E+01   0.1478460020518928E+01   0.6139001740882211E-02   0.2159220341895247E+00   0.2524422441679896E-02   0.3220089640318344E-06   0.9496066981125513E-02   0.2808478466969798E-02
  0.4675000000000000E+01   0.1479229418024053E+01   0.6232793495240151E-02   0.2162384566882123E+00   0.2562323802937418E-02   0.3303770101044705E-06   0.9521235081136567E-02   0.2848419546167126E-02
  0.4725000000000000E+01   0.1480010361000241E+01   0.6327993223602579E-02   0.2165595443817812E+00   0.2600774147400353E-02   0.3389211291241603E-06   0.9546801406105091E-02   0.2888873696624049E-02
  0.4774999999999999E+01   0.1480802986055382E+01   0.6424687985176284E-02   0.2168853498349830E+00   0.2639808255579505E-02   0.3476481726353070E-06   0.9572771343305990E-02   0.2929876422986461E-02
  0.4825000000000000E+01   0.1481607430047564E+01   0.6522976482216300E-02   0.2172159256202841E+00   0.2679465633384742E-02   0.3565658128568728E-06   0.9599150320845316E-02   0.2971468291464674E-02
  0.4875000000000000E+01   0.1482423828208770E+01   0.6622970996635920E-02   0.2175513235480020E+00   0.2719791301009090E-02   0.3656826813314212E-06   0.9625943748064223E-02   0.3013695783435933E-02
  0.4925000000000000E+01   0.1483252311395388E+01   0.6724799472328403E-02   0.2178915935395673E+00   0.2760836640962464E-02   0.3750085221357689E-06   0.9653156927195239E-02   0.3056612212367367E-02
  0.4975000000000000E+01   0.1484093002145734E+01   0.6828607568436772E-02   0.2182367820132998E+00   0.2802660233732059E-02   0.3845543504105148E-06   0.9680794925516897E-02   0.3100278625620834E-02
  0.5025000000000000E+01   0.1484946009165959E+01   0.6934560336325420E-02   0.2185869296281056E+00   0.2845328539032395E-02   0.3943325964041747E-06   0.9708862395138117E-02   0.3144764535613583E-02
  0.5074999999999999E+01   0.1485811419860918E+01   0.7042842906344502E-02   0.2189420682286607E+00   0.2888916171618805E-02   0.4043571984056374E-06   0.9737363327121185E-02   0.3190148205748324E-02
  0.5124999999999999E+01   0.1486689290652224E+01   0.7153659205378580E-02   0.2193022168871785E+00   0.2933505371474489E-02   0.4146435840854400E-06   0.9766300730439584E-02   0.3236516053770141E-02
  0.5175000000000000E+01   0.1487579635185954E+01   0.7267227316892548E-02   0.2196673770843682E+00   0.2979184101105072E-02   0.4252084515052604E-06   0.9795676237752522E-02   0.3283960553356158E-02
  0.5225000000000000E+01   0.1488482411202827E+01   0.7383769796172373E-02   0.2200375273463937E+00   0.3026042080948207E-02   0.4360692372555128E-06   0.9825489661798109E-02   0.3332575883363343E-02
  0.5274999999999999E+01   0.1489397507746671E+01   0.7503497281461609E-02   0.2204126180237158E+00   0.3074164086246688E-02   0.4472431533753800E-06   0.9855738556041082E-02   0.3382450590578521E-02
  0.5325000000000000E+01   0.1490324735246627E+01   0.7626584128053390E-02   0.2207925672482018E+00   0.3123619987810269E-02   0.4587456906073582E-06   0.9886417862057600E-02   0.3433656709414114E-02
  0.5375000000000000E+01   0.1491263821806839E+01   0.7753135092924188E-02   0.2211772594291528E+00   0.3174451142559124E-02   0.4705884981316692E-06   0.9917519753175619E-02   0.3486234918955556E-02
  0.5424999999999999E+01   0.1492214420997885E+01   0.7883142157568029E-02   0.2215665484475000E+00   0.3226652763038897E-02   0.4827765490638421E-06   0.9949033849482768E-02   0.3540175339080269E-02
  0.5475000000000001E+01   0.1493176141133990E+01   0.8016433233048702E-02   0.2219602696231757E+00   0.3280152977281652E-02   0.4953046603183419E-06   0.9980948137489854E-02   0.3595394738006812E-02
  0.5525000000000000E+01   0.1494148609183074E+01   0.8152625652802888E-02   0.2223582658259771E+00   0.3334793849205070E-02   0.5081541379593035E-06   0.1001325104233666E-01   0.3651715893623576E-02
  0.5574999999999999E+01   0.1495131569975909E+01   0.8291114290894953E-02   0.2227604280029822E+00   0.3390326551717100E-02   0.5212914416124912E-06   0.1004593470184799E-01   0.3708862417587005E-02
  0.5625000000000000E+01   0.1496124987801092E+01   0.8431121818790020E-02   0.2231667366692942E+00   0.3446431940157285E-02   0.5346707494836268E-06   0.1007899837821246E-01   0.3766481337729554E-02
  0.5675000000000000E+01   0.1497129097740348E+01   0.8571793635193644E-02   0.2235772828324727E+00   0.3502759390624964E-02   0.5482395523570575E-06   0.1011245025165491E-01   0.3824185653841505E-02
  0.5725000000000000E+01   0.1498144400298574E+01   0.8712270786199820E-02   0.2239922656907976E+00   0.3558956633309600E-02   0.5619431470942823E-06   0.1014630732943977E-01   0.3881587026415771E-02
  0.5775000000000000E+01   0.1499171675703822E+01   0.8851710407531462E-02   0.2244119983083310E+00   0.3614678073949430E-02   0.5757259506813600E-06   0.1018059597886512E-01   0.3938304759473894E-02
  0.5825000000000000E+01   0.1500212082875116E+01   0.8989343245382848E-02   0.2248369478828391E+00   0.3669608130666351E-02   0.5895352954004122E-06   0.1021535531421508E-01   0.3993990732024178E-02
  0.5875000000000000E+01   0.1501267253246584E+01   0.9124695970890606E-02   0.2252677740332305E+00   0.3723551767322959E-02   0.6033363051088021E-06   0.1025064055362917E-01   0.4048427221961979E-02
  0.5925000000000000E+01   0.1502339171278111E+01   0.9257939320915527E-02   0.2257052801581532E+00   0.3776576421258857E-02   0.6171359190224493E-06   0.1028651937585139E-01   0.4101680765944476E-02
  0.5975000000000000E+01   0.1503429761117131E+01   0.9390109996442044E-02   0.2261502449305608E+00   0.3829102524451978E-02   0.6309996184952100E-06   0.1032305835942014E-01   0.4154200484644040E-02
  0.6024999999999999E+01   0.1504540378492857E+01   0.9522981796204226E-02   0.2266032150862489E+00   0.3881850984523392E-02   0.6450451338627453E-06   0.1036030592176304E-01   0.4206761204468745E-02
  0.6075000000000000E+01   0.1505671510695406E+01   0.9658633981546120E-02   0.2270643830587575E+00   0.3935667156058110E-02   0.6594150228853156E-06   0.1039828189111735E-01   0.4260272429370495E-02
  0.6125000000000000E+01   0.1506822805314989E+01   0.9798970374995693E-02   0.2275335987205998E+00   0.3991324712092890E-02   0.6742443973155219E-06   0.1043697797709590E-01   0.4315565472696337E-02
  0.6175000000000000E+01   0.1507993321132530E+01   0.9945391337558188E-02   0.2280104717417379E+00   0.4049391909277544E-02   0.6896376527454524E-06   0.1047636579037179E-01   0.4373248452196327E-02
  0.6225000000000001E+01   0.1509181842500410E+01   0.1009865121653684E-01   0.2284944997952087E+00   0.4110173557236235E-02   0.7056570892432953E-06   0.1051640716873431E-01   0.4433643655249076E-02
  0.6274999999999999E+01   0.1510387182286550E+01   0.1025884679014969E-01   0.2289851919823496E+00   0.4173706427496574E-02   0.7223203003351253E-06   0.1055706427500157E-01   0.4496782953063782E-02
  0.6324999999999999E+01   0.1511608468172057E+01   0.1042551021842403E-01   0.2294821853334164E+00   0.4239797185673251E-02   0.7396049419043391E-06   0.1059830927857534E-01   0.4562449051752666E-02
  0.6375000000000000E+01   0.1512845389346407E+01   0.1059783219839448E-01   0.2299853451101512E+00   0.4308113198472863E-02   0.7574631115236894E-06   0.1064013287438197E-01   0.4630273398287155E-02
  0.6425000000000000E+01   0.1514098310722938E+01   0.1077502372030911E-01   0.2304948112418284E+00   0.4378329604427524E-02   0.7758464491398948E-06   0.1068254851553502E-01   0.4699894304150049E-02
  0.6475000000000000E+01   0.1515368141894623E+01   0.1095671799345976E-01   0.2310109451176912E+00   0.4450292678921812E-02   0.7947353644638909E-06   0.1072558844729357E-01   0.4771132468106521E-02
  0.6525000000000000E+01   0.1516655959489806E+01   0.1114321326707852E-01   0.2315341761959440E+00   0.4524118567906302E-02   0.8141579850261141E-06   0.1076929126848450E-01   0.4844097180568035E-02
  0.6574999999999999E+01   0.1517962561970853E+01   0.1133540532580205E-01   0.2320648211428664E+00   0.4600165969874581E-02   0.8341870631252372E-06   0.1081368687330579E-01   0.4919157362411195E-02
  0.6624999999999999E+01   0.1519288203166319E+01   0.1153445462097447E-01   0.2326029755282135E+00   0.4678901012725347E-02   0.8549169588696923E-06   0.1085878711479397E-01   0.4996796952116058E-02
  0.6675000000000000E+01   0.1520632585343055E+01   0.1174135220596230E-01   0.2331485108486326E+00   0.4760721074010012E-02   0.8764319468327062E-06   0.1090458509904169E-01   0.5077426424260914E-02
  0.6725000000000001E+01   0.1521995128114128E+01   0.1195681132794994E-01   0.2337011838220100E+00   0.4845910616259483E-02   0.8987975505551972E-06   0.1095106410976022E-01   0.5161335013983112E-02
  0.6774999999999999E+01   0.1523375325328067E+01   0.1218102080432841E-01   0.2342607808006962E+00   0.4934540979429919E-02   0.9220410397673870E-06   0.1099820944893672E-01   0.5248583181893121E-02
  0.6824999999999999E+01   0.1524772966629145E+01   0.1241393928579588E-01   0.2348272078442779E+00   0.5026589634135024E-02   0.9461724083585896E-06   0.1104601623641320E-01   0.5339129614229467E-02
  0.6875000000000000E+01   0.1526188308095401E+01   0.1265559668251750E-01   0.2354005599865903E+00   0.5122062063277221E-02   0.9712068374252885E-06   0.1109449555979810E-01   0.5432960151497253E-02
  0.6924999999999999E+01   0.1527621966471904E+01   0.1290650521851722E-01   0.2359810787239882E+00   0.5221158090802546E-02   0.9971966557891382E-06   0.1114367136599763E-01   0.5530264109788611E-02
  0.6975000000000001E+01   0.1529074513969456E+01   0.1316798909937564E-01   0.2365689884765381E+00   0.5324405359541927E-02   0.1024258357173200E-05   0.1119356705526659E-01   0.5631576032693568E-02
  0.7024999999999999E+01   0.1530545836121546E+01   0.1344221516697302E-01   0.2371642372972309E+00   0.5432672058294998E-02   0.1052577326378518E-05   0.1124418360276877E-01   0.5737790202509616E-02
  0.7075000000000000E+01   0.1532034477108501E+01   0.1373177639033007E-01   0.2377662324961340E+00   0.5546999114137230E-02   0.1082377443290050E-05   0.1129547663826295E-01   0.5849985053602087E-02
  0.7125000000000000E+01   0.1533537262612742E+01   0.1403885683561396E-01   0.2383736882800054E+00   0.5668263533244447E-02   0.1113856117864553E-05   0.1134734239824650E-01   0.5969070166121612E-02
  0.7174999999999999E+01   0.1535049423824199E+01   0.1436416635100014E-01   0.2389846754997167E+00   0.5796748997402519E-02   0.1147098186755985E-05   0.1139962044481797E-01   0.6095336327156605E-02
  0.7225000000000000E+01   0.1536565341142028E+01   0.1470591085388570E-01   0.2395969210086557E+00   0.5931730954090929E-02   0.1181989145125784E-05   0.1145211761489411E-01   0.6228021235540673E-02
  0.7274999999999999E+01   0.1538079938757032E+01   0.1505913439198542E-01   0.2402083689303887E+00   0.6071211406585287E-02   0.1218154981969682E-05   0.1150465482362728E-01   0.6365031595450053E-02
  0.7325000000000000E+01   0.1539590585190034E+01   0.1541588686587683E-01   0.2408179455332529E+00   0.6211985779771953E-02   0.1254966908185065E-05   0.1155713250170988E-01   0.6503010886881687E-02
  0.7374999999999999E+01   0.1541098955503968E+01   0.1576666916720758E-01   0.2414263090667546E+00   0.6350223550143792E-02   0.1291651138788106E-05   0.1160959672321304E-01   0.6637941915229487E-02
  0.7424999999999999E+01   0.1542611848084374E+01   0.1610315309406405E-01   0.2420361797043269E+00   0.6482562004714502E-02   0.1327508558555524E-05   0.1166227144866729E-01   0.6766284801735425E-02
  0.7475000000000001E+01   0.1544140006380780E+01   0.1642123379808236E-01   0.2426518672796667E+00   0.6607334777531323E-02   0.1362171223238778E-05   0.1171552276474649E-01   0.6886258495567135E-02
  0.7525000000000000E+01   0.1545695020099360E+01   0.1672277538552109E-01   0.2432780257990319E+00   0.6725275858862569E-02   0.1395760165566356E-05   0.1176975505629461E-01   0.6998579658409249E-02
  0.7575000000000000E+01   0.1547285769968273E+01   0.1701492101677999E-01   0.2439182228867336E+00   0.6839244213857497E-02   0.1428844413449984E-05   0.1182528763048649E-01   0.7106182557979092E-02
  0.7625000000000001E+01   0.1548916276578675E+01   0.1730739307811678E-01   0.2445740728139874E+00   0.6953139012041562E-02   0.1462227517195390E-05   0.1188227646447383E-01   0.7213093298110008E-02
  0.7675000000000000E+01   0.1550585778634871E+01   0.1760939634356955E-01   0.2452452661142781E+00   0.7070653799198428E-02   0.1496691009216955E-05   0.1194071207283831E-01   0.7323132078332412E-02
  0.7725000000000000E+01   0.1552290463440535E+01   0.1792761475591315E-01   0.2459302644341601E+00   0.7194469573325190E-02   0.1532821066683947E-05   0.1200047602672830E-01   0.7439069375952365E-02
  0.7775000000000000E+01   0.1554025622321203E+01   0.1826583534984522E-01   0.2466271672358360E+00   0.7326101913191219E-02   0.1570968749098856E-05   0.1206141470142757E-01   0.7562461787128705E-02
  0.7824999999999999E+01   0.1555787185685649E+01   0.1862585642777971E-01   0.2473343299987627E+00   0.7466264649269368E-02   0.1611320447817046E-05   0.1212339363709389E-01   0.7694025628270889E-02
  0.7874999999999999E+01   0.1557572126374407E+01   0.1900890673281988E-01   0.2480505283417409E+00   0.7615439559997873E-02   0.1654016091728683E-05   0.1218631356064300E-01   0.7834226554488026E-02
  0.7925000000000000E+01   0.1559377781395928E+01   0.1941675270945672E-01   0.2487746880347563E+00   0.7774321859459531E-02   0.1699244918154884E-05   0.1225008839667740E-01   0.7983743705893276E-02
  0.7974999999999999E+01   0.1561200596330968E+01   0.1985191480260907E-01   0.2495053829518079E+00   0.7943909275409156E-02   0.1747266537239795E-05   0.1231460172564720E-01   0.8143568796301567E-02
  0.8024999999999999E+01   0.1563035007018861E+01   0.2031686114148121E-01   0.2502403871255541E+00   0.8125181905294229E-02   0.1798342160486493E-05   0.1237966623617855E-01   0.8314685592014761E-02
  0.8074999999999999E+01   0.1564873062719121E+01   0.2081249575279073E-01   0.2509765226242344E+00   0.8318499738560777E-02   0.1852600302313988E-05   0.1244500771834246E-01   0.8497459814210268E-02
  0.8125000000000000E+01   0.1566705074359776E+01   0.2133650889788082E-01   0.2517099164530190E+00   0.8522944740400501E-02   0.1909885073628530E-05   0.1251028451549855E-01   0.8690971389020459E-02
  0.8174999999999999E+01   0.1568521233377580E+01   0.2188218708803855E-01   0.2524366444580850E+00   0.8735845914787458E-02   0.1969640287490102E-05   0.1257514172114543E-01   0.8892531365661384E-02
  0.8225000000000000E+01   0.1570313866164435E+01   0.2243818884929165E-01   0.2531536285710336E+00   0.8952688775628343E-02   0.2030876836387869E-05   0.1263928952787516E-01   0.9097586732350666E-02
  0.8275000000000000E+01   0.1572079729420659E+01   0.2298960329666772E-01   0.2538595507964521E+00   0.9167535264242598E-02   0.2092255816819787E-05   0.1270258571949081E-01   0.9300139791635208E-02
  0.8325000000000001E+01   0.1573821556272877E+01   0.2352023503603862E-01   0.2545554698265957E+00   0.9373931883334574E-02   0.2152287224466270E-05   0.1276509466072378E-01   0.9493660404328247E-02
  0.8375000000000000E+01   0.1575548147692932E+01   0.2401550698879139E-01   0.2552448594939865E+00   0.9566064663460367E-02   0.2209593177240710E-05   0.1282709684758938E-01   0.9672249907705080E-02
  0.8424999999999999E+01   0.1577272847628581E+01   0.2446493628287656E-01   0.2559330038962766E+00   0.9739745753546995E-02   0.2263141570449509E-05   0.1288904107690548E-01   0.9831639849407738E-02
  0.8475000000000000E+01   0.1579011045414591E+01   0.2486324323707411E-01   0.2566260040434769E+00   0.9892857205354271E-02   0.2312361019261854E-05   0.1295145965536790E-01   0.9969646911581994E-02
  0.8524999999999999E+01   0.1580777845410632E+01   0.2520988305669135E-01   0.2573298490774394E+00   0.1002516685465990E-01   0.2357111840770688E-05   0.1301488606900412E-01   0.1008599408426504E-01
  0.8574999999999999E+01   0.1582586806098638E+01   0.2550765743307274E-01   0.2580499118115880E+00   0.1013777640838661E-01   0.2397568529925784E-05   0.1307980815411523E-01   0.1018175606265499E-01
  0.8625000000000000E+01   0.1584449862565120E+01   0.2576142508674553E-01   0.2587909154454742E+00   0.1023260684941820E-01   0.2434106545977536E-05   0.1314666295991475E-01   0.1025883606961520E-01
  0.8674999999999999E+01   0.1586377822254587E+01   0.2597758795500947E-01   0.2595571299239923E+00   0.1031219122096395E-01   0.2467258383704041E-05   0.1321585326456136E-01   0.1031974871074182E-01
  0.8725000000000000E+01   0.1588380636928544E+01   0.2616433553504219E-01   0.2603524810685294E+00   0.1037976912334080E-01   0.2497740532843156E-05   0.1328775755537421E-01   0.1036770704532643E-01
  0.8775000000000000E+01   0.1590467011693290E+01   0.2633210321247758E-01   0.2611803971566873E+00   0.1043946737193304E-01   0.2526502071641739E-05   0.1336271674427897E-01   0.1040679956128648E-01
  0.8824999999999999E+01   0.1592643470371545E+01   0.2649363477177800E-01   0.2620434395051885E+00   0.1049632443007089E-01   0.2554736731005464E-05   0.1344100053201318E-01   0.1044201352564987E-01
  0.8875000000000000E+01   0.1594913363029053E+01   0.2666337359978375E-01   0.2629429097121536E+00   0.1055604865221532E-01   0.2583830004899821E-05   0.1352277013309887E-01   0.1047899282937799E-01
  0.8925000000000001E+01   0.1597276291177995E+01   0.2685634259093618E-01   0.2638786226294116E+00   0.1062457347963661E-01   0.2615254280015324E-05   0.1360805472776885E-01   0.1052359237731977E-01
  0.8975000000000000E+01   0.1599728136721486E+01   0.2708691615092026E-01   0.2648489193465975E+00   0.1070756978822141E-01   0.2650449678969022E-05   0.1369674925533326E-01   0.1058138953300377E-01
  0.9024999999999999E+01   0.1602261560348836E+01   0.2736784476546958E-01   0.2658508670935205E+00   0.1081005886116269E-01   0.2690725915157640E-05   0.1378862961023615E-01   0.1065729733022855E-01
  0.9074999999999999E+01   0.1604866674205394E+01   0.2770967291282530E-01   0.2668805288145366E+00   0.1093618233234439E-01   0.2737200233300746E-05   0.1388337501016626E-01   0.1075533720303176E-01
  0.9125000000000000E+01   0.1607531623641281E+01   0.2812046493636297E-01   0.2679331968534855E+00   0.1108909562670453E-01   0.2790764526666609E-05   0.1398058782236803E-01   0.1087853895785921E-01
  0.9175000000000001E+01   0.1610242956184841E+01   0.2860562346142167E-01   0.2690035419046330E+00   0.1127089977167747E-01   0.2852061282289481E-05   0.1407980594778772E-01   0.1102888390575902E-01
  0.9225000000000000E+01   0.1612985825981300E+01   0.2916756440264514E-01   0.2700856956154833E+00   0.1148251826760026E-01   0.2921444983596577E-05   0.1418050891362390E-01   0.1120719878098994E-01
  0.9274999999999999E+01   0.1615744234859046E+01   0.2980507679626313E-01   0.2711733454418590E+00   0.1172345097666554E-01   0.2998911035056775E-05   0.1428212448966456E-01   0.1141293277060502E-01
  0.9325000000000001E+01   0.1618501633700522E+01   0.3051233356843346E-01   0.2722599683867966E+00   0.1199139103901955E-01   0.3083987423354240E-05   0.1438404743568379E-01   0.1164380211227475E-01
  0.9375000000000000E+01   0.1621242272992697E+01   0.3127774706800962E-01   0.2733393558305206E+00   0.1228177976467596E-01   0.3175607171800823E-05   0.1448568499395273E-01   0.1189537153280909E-01
  0.9424999999999999E+01   0.1623953616696993E+01   0.3208318863500730E-01   0.2744065528274200E+00   0.1258750143893524E-01   0.3272013481245406E-05   0.1458654200781082E-01   0.1216076252079810E-01
  0.9475000000000001E+01   0.1626629782819811E+01   0.3290443071541433E-01   0.2754591990255935E+00   0.1289905264729447E-01   0.3370786347454338E-05   0.1468634690370822E-01   0.1243080536884189E-01
  0.9525000000000000E+01   0.1629275267936692E+01   0.3371375858172061E-01   0.2764989834135874E+00   0.1320555637716372E-01   0.3469092501895094E-05   0.1478519452638157E-01   0.1269498892869129E-01
  0.9574999999999999E+01   0.1631907366723293E+01   0.3448514446936259E-01   0.2775325943811773E+00   0.1349677676367498E-01   0.3564207991744881E-05   0.1488364948939840E-01   0.1294336360833362E-01
  0.9625000000000000E+01   0.1634555380223243E+01   0.3520103605676030E-01   0.2785714202195912E+00   0.1376576838027344E-01   0.3654225874547966E-05   0.1498273799572582E-01   0.1316906062343064E-01
  0.9674999999999999E+01   0.1637255668191462E+01   0.3585831955945357E-01   0.2796296269643341E+00   0.1401121027672682E-01   0.3738701712217751E-05   0.1508378618115200E-01   0.1337053107788000E-01
  0.9725000000000000E+01   0.1640043713107383E+01   0.3647068589270236E-01   0.2807210638759063E+00   0.1423834077591002E-01   0.3818943078741623E-05   0.1518813859644656E-01   0.1355246744594366E-01
  0.9775000000000000E+01   0.1642946171372867E+01   0.3706619232167017E-01   0.2818561563547968E+00   0.1445801548711791E-01   0.3897800831972530E-05   0.1529686116264023E-01   0.1372493543524788E-01
  0.9824999999999999E+01   0.1645975823070317E+01   0.3768128026939033E-01   0.2830399268751049E+00   0.1468437555219524E-01   0.3979076001406520E-05   0.1541053858497195E-01   0.1390116497694605E-01
  0.9874999999999998E+01   0.1649130469995301E+01   0.3835395220570151E-01   0.2842715600842889E+00   0.1493218155636191E-01   0.4066816325990365E-05   0.1552921305250611E-01   0.1409500544854898E-01
  0.9924999999999999E+01   0.1652394796916883E+01   0.3911836327475238E-01   0.2855451310509314E+00   0.1521469854690094E-01   0.4164741588268676E-05   0.1565243536120937E-01   0.1431890169503332E-01
  0.9975000000000000E+01   0.1655743381789054E+01   0.4000156784818783E-01   0.2868507873153294E+00   0.1554242661328297E-01   0.4275884071970737E-05   0.1577936441589600E-01   0.1458268675683955E-01
  0.1002500000000000E+02   0.1659143470975983E+01   0.4102186261343123E-01   0.2881758403971755E+00   0.1592246234053854E-01   0.4402392946219904E-05   0.1590886263828947E-01   0.1489299634045976E-01
  0.1007500000000000E+02   0.1662557083634403E+01   0.4218767887960380E-01   0.2895055915010387E+00   0.1635808295739748E-01   0.4545395246260018E-05   0.1603956796054960E-01   0.1525291844861866E-01
  0.1012500000000000E+02   0.1665942843706840E+01   0.4349617793717930E-01   0.2908240415579817E+00   0.1684822118926483E-01   0.4704822893027816E-05   0.1616995432751165E-01   0.1566155760247783E-01
  0.1017500000000000E+02   0.1669258423002153E+01   0.4493128572875606E-01   0.2921148250629115E+00   0.1738672324519162E-01   0.4879174509321310E-05   0.1629841241003838E-01   0.1611339867226205E-01
  0.1022500000000000E+02   0.1672464563818238E+01   0.4646167393680065E-01   0.2933627419002560E+00   0.1796157892585395E-01   0.5065263234525601E-05   0.1642338818315326E-01   0.1659762569773731E-01
  0.1027500000000000E+02   0.1675531232072600E+01   0.4804001530112572E-01   0.2945561039651210E+00   0.1855462855336398E-01   0.5258093293147927E-05   0.1654360500237685E-01   0.1709783865080334E-01
  0.1032500000000000E+02   0.1678445385984263E+01   0.4960539691378927E-01   0.2956897082465018E+00   0.1914246775214485E-01   0.5451075242697190E-05   0.1665835820827019E-01   0.1759281461115874E-01
  0.1037500000000000E+02   0.1681218252282676E+01   0.5109046643073815E-01   0.2967676388574123E+00   0.1969916001133179E-01   0.5636765990761685E-05   0.1676781183136467E-01   0.1805887924686567E-01
  0.1042500000000000E+02   0.1683888677438510E+01   0.5243316806870928E-01   0.2978045871517878E+00   0.2020071765341080E-01   0.5808139710557226E-05   0.1687317104544451E-01   0.1847389473271295E-01
  0.1047500000000000E+02   0.1686519427471119E+01   0.5359014472588652E-01   0.2988244818456383E+00   0.2063024891928992E-01   0.5960088273343406E-05   0.1697660270311166E-01   0.1882192127593686E-01
  0.1052500000000000E+02   0.1689186014937625E+01   0.5454678784994152E-01   0.2998562432573686E+00   0.2098185400612081E-01   0.6090601114502980E-05   0.1708086579729350E-01   0.1909684392260619E-01
  0.1057500000000000E+02   0.1691961500181914E+01   0.5531958018226310E-01   0.3009279592540992E+00   0.2126158477444868E-01   0.6201120929770994E-05   0.1718875887150121E-01   0.1930340446075276E-01
  0.1062500000000000E+02   0.1694902928867069E+01   0.5594993821992902E-01   0.3020616497896595E+00   0.2148513406756408E-01   0.6295948965968667E-05   0.1730258979211894E-01   0.1945525623748530E-01
  0.1067500000000000E+02   0.1698043868770382E+01   0.5649274559493532E-01   0.3032703508757271E+00   0.2167345614705930E-01   0.6381022079740287E-05   0.1742384797177715E-01   0.1957106406816395E-01
  0.1072500000000000E+02   0.1701394038023359E+01   0.5700439300816638E-01   0.3045579252479433E+00   0.2184816477096338E-01   0.6462587787465587E-05   0.1755313828259293E-01   0.1967031284654621E-01
  0.1077500000000000E+02   0.1704943968414852E+01   0.5753391022896460E-01   0.3059208267054614E+00   0.2202810042248482E-01   0.6546188680568340E-05   0.1769031668956241E-01   0.1977012426999674E-01
  0.1082500000000000E+02   0.1708671628430934E+01   0.5811833654904371E-01   0.3073506382275801E+00   0.2222752444892547E-01   0.6636104157728089E-05   0.1783471802846938E-01   0.1988354418549759E-01
  0.1087500000000000E+02   0.1712548634779542E+01   0.5878159264637838E-01   0.3088364648715580E+00   0.2245566739009937E-01   0.6735183380778333E-05   0.1798538378950261E-01   0.2001908218569337E-01
  0.1092500000000000E+02   0.1716544963641810E+01   0.5953540987573053E-01   0.3103667537432935E+00   0.2271707890392409E-01   0.6844916023882367E-05   0.1814124256054996E-01   0.2018100863236444E-01
  0.1097500000000000E+02   0.1720632097424265E+01   0.6038103600387323E-01   0.3119305098432024E+00   0.2301228439724669E-01   0.6965598754738974E-05   0.1830123505921456E-01   0.2036995299500121E-01
  0.1102500000000000E+02   0.1724785066596677E+01   0.6131094548426798E-01   0.3135180812333993E+00   0.2333844747180668E-01   0.7096508916956211E-05   0.1846439775717556E-01   0.2058351893206638E-01
  0.1107500000000000E+02   0.1728983966338147E+01   0.6231029560293705E-01   0.3151217355574802E+00   0.2368993452021523E-01   0.7236053805376232E-05   0.1862992598660154E-01   0.2081681056353378E-01
  0.1112500000000000E+02   0.1733215403695800E+01   0.6335825653888792E-01   0.3167362039689947E+00   0.2405882679761869E-01   0.7381908496964623E-05   0.1879723451281047E-01   0.2106290073470450E-01
  0.1117500000000000E+02   0.1737474070065357E+01   0.6442957353489295E-01   0.3183592698591620E+00   0.2443551428199684E-01   0.7531183126364804E-05   0.1896602475042929E-01   0.2131335434375140E-01
  0.1122500000000000E+02   0.1741764300664180E+01   0.6549677276249243E-01   0.3199923535047289E+00   0.2480952733877249E-01   0.7680668695806585E-05   0.1913635538630961E-01   0.2155894260994791E-01
  0.1127500000000000E+02   0.1746101153850917E+01   0.6653326595050139E-01   0.3216409187877642E+00   0.2517070446469191E-01   0.7827194274912279E-05   0.1930869981948168E-01   0.2179063798715578E-01
  0.1132500000000000E+02   0.1750510345478519E+01   0.6751723750905891E-01   0.3233144520517666E+00   0.2551065523556215E-01   0.7968086067405258E-05   0.1948396428133990E-01   0.2200086236850621E-01
  0.1137500000000000E+02   0.1755026459315028E+01   0.6843570616444668E-01   0.3250257934755845E+00   0.2582429206337850E-01   0.8101660169296571E-05   0.1966344106618633E-01   0.2218480190213472E-01
  0.1142500000000000E+02   0.1759689298441980E+01   0.6928776545069597E-01   0.3267897669637370E+00   0.2611105661798102E-01   0.8227631789178522E-05   0.1984868611440204E-01   0.2234147103212626E-01
  0.1147500000000000E+02   0.1764538920128701E+01   0.7008599120689171E-01   0.3286213098228286E+00   0.2637545803636014E-01   0.8347316810175373E-05   0.2004133607294985E-01   0.2247419413261400E-01
  0.1152500000000000E+02   0.1769610479199439E+01   0.7085547564336885E-01   0.3305335250136612E+00   0.2662671564124675E-01   0.8463553164851632E-05   0.2024290502283691E-01   0.2259031805393884E-01
  0.1157500000000000E+02   0.1774930146715722E+01   0.7163072510327864E-01   0.3325361352199017E+00   0.2687759198794927E-01   0.8580360775619873E-05   0.2045461097639712E-01   0.2270021987260109E-01
  0.1162500000000000E+02   0.1780512970316882E+01   0.7245134213936300E-01   0.3346346690542024E+00   0.2714276191802590E-01   0.8702443075474972E-05   0.2067727071807850E-01   0.2281590239694552E-01
  0.1167500000000000E+02   0.1786362831039542E+01   0.7335766104979094E-01   0.3368304412979151E+00   0.2743715986096514E-01   0.8834668030216502E-05   0.2091127548020635E-01   0.2294956013480930E-01
  0.1172500000000000E+02   0.1792474012902952E+01   0.7438726788000095E-01   0.3391211463554098E+00   0.2777465955281770E-01   0.8981642981728027E-05   0.2115663385858710E-01   0.2311242739127597E-01
  0.1177500000000000E+02   0.1798833600370670E+01   0.7557283141097448E-01   0.3415017682970731E+00   0.2816725001671374E-01   0.9147439730504788E-05   0.2141305383851386E-01   0.2331405674235642E-01
  0.1182500000000000E+02   0.1805423974682705E+01   0.7694118950353404E-01   0.3439655306137772E+00   0.2862468856191411E-01   0.9335468371944396E-05   0.2168003527988463E-01   0.2356201581673182E-01
  0.1187500000000000E+02   0.1812224941955187E+01   0.7851335055884717E-01   0.3465047073773939E+00   0.2915450281335025E-01   0.9548462573381740E-05   0.2195695283326902E-01   0.2386189336572435E-01
  0.1192500000000000E+02   0.1819215318270123E+01   0.8030500313999325E-01   0.3491112282111482E+00   0.2976218767613162E-01   0.9788528980359926E-05   0.2224312028881130E-01   0.2421748075329758E-01
  0.1197500000000000E+02   0.1826374011393122E+01   0.8232720622360375E-01   0.3517770909360749E+00   0.3045147264871682E-01   0.1005722148666989E-04   0.2253783615616815E-01   0.2463101919860131E-01
  0.1202500000000000E+02   0.1833680744462646E+01   0.8458707082336518E-01   0.3544946361233687E+00   0.3122458685604603E-01   0.1035561695996528E-04   0.2284041514710955E-01   0.2510344726271364E-01
  0.1207500000000000E+02   0.1841116579169004E+01   0.8708837805101757E-01   0.3572567428291156E+00   0.3208249968590592E-01   0.1068438503544347E-04   0.2315021143754080E-01   0.2563462613199109E-01
  0.1212500000000000E+02   0.1848664344309700E+01   0.8983217491472539E-01   0.3600569859070413E+00   0.3302515109497969E-01   0.1104385644601746E-04   0.2346663810472048E-01   0.2622355110444929E-01
  0.1217500000000000E+02   0.1856308989949456E+01   0.9281743108683074E-01   0.3628897638220467E+00   0.3405170159416868E-01   0.1143409986607223E-04   0.2378918404059576E-01   0.2686857172303238E-01
  0.1222500000000000E+02   0.1864037797045125E+01   0.9604182079642173E-01   0.3657503727577824E+00   0.3516082540123709E-01   0.1185501537812915E-04   0.2411742602258887E-01   0.2756763902067688E-01
  0.1227500000000000E+02   0.1871840309367243E+01   0.9950261709292850E-01   0.3686349797043826E+00   0.3635104266968995E-01   0.1230644359409674E-04   0.2445103071467298E-01   0.2831857803836546E-01
  0.1232500000000000E+02   0.1879707851267448E+01   0.1031975703983993E+00   0.3715404457450993E+00   0.3762104527013656E-01   0.1278827533372130E-04   0.2478974051398662E-01   0.2911935305040563E-01
  0.1237500000000000E+02   0.1887632572756482E+01   0.1071255289148263E+00   0.3744639784906179E+00   0.3896992958391943E-01   0.1330053226161095E-04   0.2513333939866375E-01   0.2996826265580567E-01
  0.1242500000000000E+02   0.1895606118048194E+01   0.1112864970711308E+00   0.3774026477621613E+00   0.4039722780115740E-01   0.1384338040159540E-04   0.2548160042350318E-01   0.3086398581140723E-01
  0.1247500000000000E+02   0.1903618207979771E+01   0.1156808650728418E+00   0.3803528677174925E+00   0.4190264235265001E-01   0.1441704177014979E-04   0.2583422413568841E-01   0.3180540944278335E-01
  0.1252500000000000E+02   0.1911655600070009E+01   0.1203076956364605E+00   0.3833100100029314E+00   0.4348544244113638E-01   0.1502158708829719E-04   0.2619078479608164E-01   0.3279120727981602E-01
  0.1257500000000000E+02   0.1919701980067163E+01   0.1251622058709392E+00   0.3862683441665404E+00   0.4514357065052577E-01   0.1565662295010469E-04   0.2655070647635628E-01   0.3381920250067130E-01
  0.1262500000000000E+02   0.1927739298716682E+01   0.1302328894499103E+00   0.3892214873113780E+00   0.4687261557620872E-01   0.1632092494814808E-04   0.2691329187349225E-01   0.3488562177053576E-01
  0.1267500000000000E+02   0.1935750867607252E+01   0.1354990290026875E+00   0.3921634750889873E+00   0.4866491307496285E-01   0.1701210726090157E-04   0.2727782160144995E-01   0.3598442123753424E-01
  0.1272500000000000E+02   0.1943726151628030E+01   0.1409295769948646E+00   0.3950904353149760E+00   0.5050911877373966E-01   0.1772645019474031E-04   0.2764372962001690E-01   0.3710691989967044E-01
  0.1277500000000000E+02   0.1951666652482032E+01   0.1464844295099680E+00   0.3980026569024950E+00   0.5239061198729347E-01   0.1845901712285272E-04   0.2801084075269605E-01   0.3824199020787542E-01
  0.1282500000000000E+02   0.1959591650159925E+01   0.1521188464590356E+00   0.4009066278608149E+00   0.5429299977376834E-01   0.1920416389975225E-04   0.2837963062673104E-01   0.3937699980939395E-01
  0.1287500000000000E+02   0.1967542064134680E+01   0.1577910830464489E+00   0.4038164370129167E+00   0.5620075349103389E-01   0.1995646286280068E-04   0.2875144337358331E-01   0.4049954599581398E-01
  0.1292500000000000E+02   0.1975580628049372E+01   0.1634722514469744E+00   0.4067539037292702E+00   0.5810264717006062E-01   0.2071193447347214E-04   0.2912859014764956E-01   0.4159978228510947E-01
  0.1297500000000000E+02   0.1983787209605888E+01   0.1691563578250591E+00   0.4097470142741293E+00   0.5999528855613739E-01   0.2146934056894224E-04   0.2951426511822267E-01   0.4267287256150819E-01
  0.1302500000000000E+02   0.1992249424184700E+01   0.1748678928231900E+00   0.4128266983509974E+00   0.6188582542617924E-01   0.2223121056439725E-04   0.2991225951363863E-01   0.4372094582095332E-01
  0.1307500000000000E+02   0.2001050220163217E+01   0.1806647318748733E+00   0.4160225177404926E+00   0.6379302928146754E-01   0.2300430491529139E-04   0.3032651577237255E-01   0.4475397947332369E-01
  0.1312500000000000E+02   0.2010255131831386E+01   0.1866354004797859E+00   0.4193582076645370E+00   0.6574640547817823E-01   0.2379937314133972E-04   0.3076061554927228E-01   0.4578932831522409E-01
  0.1317500000000000E+02   0.2019901883416006E+01   0.1928914018364504E+00   0.4228480221380020E+00   0.6778355763766239E-01   0.2463027015157740E-04   0.3121731151421486E-01   0.4685001943093941E-01
  0.1322500000000000E+02   0.2029994048315154E+01   0.1995565061299633E+00   0.4264944994003794E+00   0.6994646884858161E-01   0.2551265566731977E-04   0.3169818742067050E-01   0.4796225913486671E-01
  0.1327500000000000E+02   0.2040499110266346E+01   0.2067551893810015E+00   0.4302877836926438E+00   0.7227747860895921E-01   0.2646255147874063E-04   0.3220348104974526E-01   0.4915271009295912E-01
  0.1332500000000000E+02   0.2051350222819906E+01   0.2146018748017232E+00   0.4342062578702754E+00   0.7481555516303361E-01   0.2749497397328054E-04   0.3273205760569760E-01   0.5044599173415672E-01
  0.1337500000000000E+02   0.2062450586574239E+01   0.2231917537013807E+00   0.4382180933355355E+00   0.7759315319964835E-01   0.2862275175096774E-04   0.3328149645832296E-01   0.5186264041428691E-01
  0.1342500000000000E+02   0.2073679600324809E+01   0.2325932584446425E+00   0.4422833951610856E+00   0.8063368795099547E-01   0.2985554546962252E-04   0.3384825524820164E-01   0.5341756542667413E-01
  0.1347500000000000E+02   0.2084900468465989E+01   0.2428420149941798E+00   0.4463568010629260E+00   0.8394955339364241E-01   0.3119904900117031E-04   0.3442789311784430E-01   0.5511893315384087E-01
  0.1352500000000000E+02   0.2095969393111848E+01   0.2539363359241025E+00   0.4503905552849450E+00   0.8754067481989841E-01   0.3265437352107760E-04   0.3501535551238861E-01   0.5696741912594499E-01
  0.1357500000000000E+02   0.2106746564903621E+01   0.2658348483345636E+00   0.4543381256043766E+00   0.9139375625736658E-01   0.3421767977184203E-04   0.3560533445482126E-01   0.5895585372477021E-01
  0.1362500000000000E+02   0.2117108753481187E+01   0.2784573887819112E+00   0.4581583156397511E+00   0.9548256379134698E-01   0.3588019336855416E-04   0.3619271245193754E-01   0.6106939538517488E-01
  0.1367500000000000E+02   0.2126962431213554E+01   0.2916904856242699E+00   0.4618195567961498E+00   0.9976966181228412E-01   0.3762877042870502E-04   0.3677307281741683E-01   0.6328643124724156E-01
  0.1372500000000000E+02   0.2136255317525066E+01   0.3053982693043605E+00   0.4653037288838173E+00   0.1042098860749488E+00   0.3944713501249596E-04   0.3734321947152473E-01   0.6558037063119447E-01
  0.1377500000000000E+02   0.2144983511215143E+01   0.3194383871697820E+00   0.4686086134696414E+00   0.1087554520108312E+00   0.4131776655554199E-04   0.3790160987407164E-01   0.6792232975232994E-01
  0.1382500000000000E+02   0.2153191562122716E+01   0.3336807293076574E+00   0.4717481148679468E+00   0.1133620372727969E+00   0.4322420103611488E-04   0.3844858741582424E-01   0.7028443101022999E-01
  0.1387500000000000E+02   0.2160964235827243E+01   0.3480252083685652E+00   0.4747498011748799E+00   0.1179946619051266E+00   0.4515330502616520E-04   0.3898632368142036E-01   0.7264315305302305E-01
  0.1392500000000000E+02   0.2168411060376493E+01   0.3624143523012666E+00   0.4776500489050926E+00   0.1226319968553474E+00   0.4709699479726701E-04   0.3951844964288240E-01   0.7498201053097577E-01
  0.1397500000000000E+02   0.2175647102580383E+01   0.3768375688252678E+00   0.4804878440185749E+00   0.1272680388250928E+00   0.4905297598208179E-04   0.4004944678057205E-01   0.7729292903994900E-01
  0.1402500000000000E+02   0.2182774712676051E+01   0.3913263445255749E+00   0.4832987495088907E+00   0.1319108320745029E+00   0.5102435482729453E-04   0.4058394597505682E-01   0.7957601714072438E-01
  0.1407500000000000E+02   0.2189870583157124E+01   0.4059423677352530E+00   0.4861104775324803E+00   0.1365787987745281E+00   0.5301831053670733E-04   0.4112610941262038E-01   0.8183790021909775E-01
  0.1412500000000000E+02   0.2196980604401455E+01   0.4207624993334290E+00   0.4889409442785555E+00   0.1412958992598942E+00   0.5504428141907206E-04   0.4167923828767670E-01   0.8408918311739663E-01
  0.1417500000000000E+02   0.2204122504589997E+01   0.4358650253132735E+00   0.4917988917364768E+00   0.1460870589620562E+00   0.5711221524945376E-04   0.4224567376397691E-01   0.8634180398992680E-01
  0.1422500000000000E+02   0.2211294055251106E+01   0.4513207607327149E+00   0.4946864304517045E+00   0.1509750645813794E+00   0.5923135821296565E-04   0.4282697129321515E-01   0.8860699179382851E-01
  0.1427500000000000E+02   0.2218483287927214E+01   0.4671908375463264E+00   0.4976023914497196E+00   0.1559795978604418E+00   0.6140985975048259E-04   0.4342425613424107E-01   0.9089430182167001E-01
  0.1432500000000000E+02   0.2225676868680663E+01   0.4835309853283367E+00   0.5005452399215529E+00   0.1611184296428194E+00   0.6365522290280923E-04   0.4403862547047888E-01   0.9321187518150317E-01
  0.1437500000000000E+02   0.2232863422782553E+01   0.5004002711069924E+00   0.5035144746499156E+00   0.1664101940965708E+00   0.6597539101043545E-04   0.4467145376129664E-01   0.9556773755581759E-01
  0.1442500000000000E+02   0.2240029987805475E+01   0.5178709410480007E+00   0.5065098527995586E+00   0.1718777146016129E+00   0.6838007684196837E-04   0.4532448111832279E-01   0.9797168415538211E-01
  0.1447500000000000E+02   0.2247151614824535E+01   0.5360354549501279E+00   0.5095283518955653E+00   0.1775506416547295E+00   0.7088184458433122E-04   0.4599961447111831E-01   0.1004371379785593E+00
  0.1452500000000000E+02   0.2254176050337339E+01   0.5550071606083740E+00   0.5125593907716843E+00   0.1834662374233179E+00   0.7349647120751482E-04   0.4669843849727214E-01   0.1029823487454297E+00
  0.1457500000000000E+02   0.2261006982689428E+01   0.5749122532110748E+00   0.5155793409548650E+00   0.1896674880936491E+00   0.7624224015174469E-04   0.4742150311926258E-01   0.1056304255381321E+00
  0.1462500000000000E+02   0.2267490191232916E+01   0.5958724131890112E+00   0.5185466562294263E+00   0.1961982566503986E+00   0.7913802563216779E-04   0.4816751076685592E-01   0.1084079335383555E+00
  0.1467500000000000E+02   0.2273406996740010E+01   0.6179794156424550E+00   0.5213989912980981E+00   0.2030957753939282E+00   0.8220026013258375E-04   0.4893255888906940E-01   0.1113420667085170E+00
  0.1472500000000000E+02   0.2278478811782925E+01   0.6412647562756372E+00   0.5240535123162733E+00   0.2103813124320799E+00   0.8543909820513922E-04   0.4970960090661023E-01   0.1144566615523348E+00
  0.1477500000000000E+02   0.2282385511358408E+01   0.6656688723561719E+00   0.5264112955986791E+00   0.2180502968877361E+00   0.8885428247427475E-04   0.5048827983111132E-01   0.1177675021189597E+00
  0.1482500000000000E+02   0.2284798777216410E+01   0.6910159281626710E+00   0.5283662918173246E+00   0.2260635856280922E+00   0.9243139467455492E-04   0.5125527092824209E-01   0.1212774933319801E+00
  0.1487500000000000E+02   0.2285429223133666E+01   0.7170013137122750E+00   0.5298187336593003E+00   0.2343419184040256E+00   0.9613934248243217E-04   0.5199524072226410E-01   0.1249723930885716E+00
  0.1492500000000000E+02   0.2284082627686783E+01   0.7431994313472997E+00   0.5306919610040162E+00   0.2427658373732551E+00   0.9993004978197643E-04   0.5269247239654386E-01   0.1288179284690245E+00
  0.1497500000000000E+02   0.2280716097526811E+01   0.7690979189386589E+00   0.5309503841612757E+00   0.2511831627254222E+00   0.1037412670136733E-03   0.5333309745772532E-01   0.1327592526604510E+00
  0.1502500000000000E+02   0.2275480638165092E+01   0.7941599791972541E+00   0.5306149225396983E+00   0.2594251393680165E+00   0.1075030365725254E-03   0.5390769745989851E-01   0.1367237113570735E+00
  0.1507500000000000E+02   0.2268734808488271E+01   0.8179086986440091E+00   0.5297713356759273E+00   0.2673303779360650E+00   0.1111475324375934E-03   0.5441382344552145E-01   0.1406275958996916E+00
  0.1512500000000000E+02   0.2261017546457808E+01   0.8400179902707569E+00   0.5285672199724143E+00   0.2747729963376804E+00   0.1146208501321708E-03   0.5485780584559036E-01   0.1443868088379070E+00
  0.1517500000000000E+02   0.2252977830784301E+01   0.8603881313717147E+00   0.5271956230481367E+00   0.2816889069045595E+00   0.1178942534137232E-03   0.5525521166726543E-01   0.1479301875878815E+00
  0.1522500000000000E+02   0.2245272034068385E+01   0.8791841796127581E+00   0.5258669029810354E+00   0.2880933382509068E+00   0.1209719578701250E-03   0.5562953647735065E-01   0.1512129728206410E+00
  0.1527500000000000E+02   0.2238450960994367E+01   0.8968243734596543E+00   0.5247742595714897E+00   0.2940843104577626E+00   0.1238931418463972E-03   0.5600917031451938E-01   0.1542271809832666E+00
  0.1532500000000000E+02   0.2232862106104091E+01   0.9139197080973074E+00   0.5240605125973163E+00   0.2998305187173303E+00   0.1267273961513039E-03   0.5642318287735360E-01   0.1570059936401989E+00
  0.1537500000000000E+02   0.2228587063994627E+01   0.9311787549828964E+00   0.5237931654214969E+00   0.3055463090770993E+00   0.1295646000158427E-03   0.5689680612244303E-01   0.1596207697839062E+00
  0.1542500000000000E+02   0.2225422839521050E+01   0.9492980039431201E+00   0.5239520088546286E+00   0.3114592842909119E+00   0.1325014546906183E-03   0.5744750658422255E-01   0.1621713273755842E+00
  0.1547500000000000E+02   0.2222905002647213E+01   0.9688564716470079E+00   0.5244300526675123E+00   0.3177766241067151E+00   0.1356272003350927E-03   0.5808226737516472E-01   0.1647718026420689E+00
  0.1552500000000000E+02   0.2220364565508178E+01   0.9902272361986451E+00   0.5250460160219785E+00   0.3246548713269692E+00   0.1390105382135075E-03   0.5879631616414922E-01   0.1675350160942810E+00
  0.1557500000000000E+02   0.2217009726699652E+01   0.1013512562879797E+01   0.5255656697623476E+00   0.3321759865760751E+00   0.1426889956766610E-03   0.5957323368523804E-01   0.1705578256360000E+00
  0.1562500000000000E+02   0.2212025702973773E+01   0.1038506530267250E+01   0.5257296507568614E+00   0.3403311096930189E+00   0.1466614140941374E-03   0.6038625798043094E-01   0.1739089377812998E+00
  0.1567500000000000E+02   0.2204687159349780E+01   0.1064689901364885E+01   0.5252859977131310E+00   0.3490132024293084E+00   0.1508841419625228E-03   0.6120064075931382E-01   0.1776197182446302E+00
  0.1572500000000000E+02   0.2194475558300226E+01   0.1091264208399279E+01   0.5240256201619973E+00   0.3580202963659108E+00   0.1552717665743354E-03   0.6197700891947547E-01   0.1816781111292859E+00
  0.1577500000000000E+02   0.2181187620832394E+01   0.1117231945644491E+01   0.5218177084490749E+00   0.3670715419598749E+00   0.1597034420044209E-03   0.6267570904150659E-01   0.1860259128956998E+00
  0.1582500000000000E+02   0.2165013563842482E+01   0.1141523868695656E+01   0.5186399928500158E+00   0.3758375500678637E+00   0.1640355878867099E-03   0.6326197036137314E-01   0.1905601296565466E+00
  0.1587500000000000E+02   0.2146560106958947E+01   0.1163161602942380E+01   0.5145968879668161E+00   0.3839838877867363E+00   0.1681205986232991E-03   0.6371139653406574E-01   0.1951395628643379E+00
  0.1592500000000000E+02   0.2126799177436242E+01   0.1181427609641391E+01   0.5099185612336115E+00   0.3912222950210502E+00   0.1718293035095671E-03   0.6401488898675088E-01   0.1995976415833130E+00
  0.1597500000000000E+02   0.2106940842787079E+01   0.1196003178504115E+01   0.5049371071254551E+00   0.3973598540568159E+00   0.1750729487392485E-03   0.6418182849683039E-01   0.2037614875280271E+00
  0.1602500000000000E+02   0.2088253069452982E+01   0.1207037166973854E+01   0.5000420257924421E+00   0.4023344500418915E+00   0.1778195272383284E-03   0.6424043921897915E-01   0.2074752823300534E+00
  0.1607500000000000E+02   0.2071870111066963E+01   0.1215126284172112E+01   0.4956238429397524E+00   0.4062272375197287E+00   0.1801002075687819E-03   0.6423484328105133E-01   0.2106238287732735E+00
  0.1612500000000000E+02   0.2058635120663038E+01   0.1221214738049941E+01   0.4920187553701318E+00   0.4092491242668691E+00   0.1820043107627004E-03   0.6421923347489511E-01   0.2131508840811415E+00
  0.1617500000000000E+02   0.2049008903351726E+01   0.1226444050836440E+01   0.4894665406101650E+00   0.4117058078840841E+00   0.1836646075692355E-03   0.6425046006835583E-01   0.2150674278506473E+00
  0.1622500000000000E+02   0.2043053494599625E+01   0.1231992713214804E+01   0.4880890906366295E+00   0.4139512617109963E+00   0.1852371576549118E-03   0.6438074176410208E-01   0.2164476574682259E+00
  0.1627500000000000E+02   0.2040478232711215E+01   0.1238939032068837E+01   0.4878904226000766E+00   0.4163408182652998E+00   0.1868805832895705E-03   0.6465200721753615E-01   0.2174141250719745E+00
  0.1632500000000000E+02   0.2040724985792872E+01   0.1248165773282814E+01   0.4887737853097021E+00   0.4191925548390700E+00   0.1887386928364170E-03   0.6509271735224295E-01   0.2181163740015572E+00
  0.1637500000000000E+02   0.2043068806831124E+01   0.1260310530750370E+01   0.4905690601721253E+00   0.4227615359884213E+00   0.1909285912079302E-03   0.6571726112074321E-01   0.2187085006367759E+00
  0.1642500000000000E+02   0.2046716195649496E+01   0.1275756375338940E+01   0.4930638550358422E+00   0.4272276671342750E+00   0.1935347430569271E-03   0.6652746251833762E-01   0.2193302003074139E+00
  0.1647500000000000E+02   0.2050890201471163E+01   0.1294653937697470E+01   0.4960333048581298E+00   0.4326955601500608E+00   0.1966083934800906E-03   0.6751549957584359E-01   0.2200939196426282E+00
  0.1652500000000000E+02   0.2054896589070221E+01   0.1316966470128479E+01   0.4992653783208147E+00   0.4392039225248729E+00   0.2001713280686635E-03   0.6866755404978145E-01   0.2210787847662827E+00
  0.1657500000000000E+02   0.2058167499310471E+01   0.1342530794214995E+01   0.5025797371234901E+00   0.4467419468816710E+00   0.2042229107763565E-03   0.6996764397679860E-01   0.2223306455224488E+00
  0.1662500000000000E+02   0.2060279513259453E+01   0.1371127399130383E+01   0.5058388237969069E+00   0.4552703043188731E+00   0.2087493683273641E-03   0.7140122075565990E-01   0.2238669637405956E+00
  0.1667500000000000E+02   0.2060943513231501E+01   0.1402551747439979E+01   0.5089501972811235E+00   0.4647442142116894E+00   0.2137342032796735E-03   0.7295818555217860E-01   0.2256851313535859E+00
  0.1672500000000000E+02   0.2059965662427897E+01   0.1436676822401971E+01   0.5118596328628744E+00   0.4751356512117013E+00   0.2191683999786329E-03   0.7463500971261788E-01   0.2277728245144974E+00
  0.1677500000000000E+02   0.2057182641898048E+01   0.1473495619767031E+01   0.5145354277609444E+00   0.4864513542431339E+00   0.2250588720263956E-03   0.7643567995238658E-01   0.2301189991500070E+00
  0.1682500000000000E+02   0.2052379221922431E+01   0.1513133046499897E+01   0.5169456574353193E+00   0.4987433264610586E+00   0.2314335743131150E-03   0.7837127889594930E-01   0.2327241039533879E+00
  0.1687500000000000E+02   0.2045200751923692E+01   0.1555820011868199E+01   0.5190314664386413E+00   0.5121092111132522E+00   0.2383419900445464E-03   0.8045816893710456E-01   0.2356081446829051E+00
  0.1692500000000000E+02   0.2035075813605075E+01   0.1601827654072132E+01   0.5206804161877336E+00   0.5266812267129178E+00   0.2458502804639399E-03   0.8271494122612837E-01   0.2388155083439440E+00
  0.1697500000000000E+02   0.2021164670294869E+01   0.1651365239931945E+01   0.5217041943426677E+00   0.5426038930796557E+00   0.2540310952395919E-03   0.8515846214048778E-01   0.2424159803019053E+00
  0.1702500000000000E+02   0.2002347958734868E+01   0.1704450282668278E+01   0.5218246932699835E+00   0.5600021770595278E+00   0.2629487001235177E-03   0.8779944460473879E-01   0.2465020496759021E+00
  0.1707500000000000E+02   0.1977268345860351E+01   0.1760764007563429E+01   0.5206719145503458E+00   0.5789427656011116E+00   0.2726406045244389E-03   0.9063797974686509E-01   0.2511831881705786E+00
  0.1712500000000000E+02   0.1944435730746851E+01   0.1819510722456960E+01   0.5177966445803186E+00   0.5993921283704207E+00   0.2830973523296223E-03   0.9365942394976597E-01   0.2565781088752818E+00
  0.1717500000000000E+02   0.1902402265299949E+01   0.1879307118617985E+01   0.5127003141920279E+00   0.6211762835594343E+00   0.2942427725165425E-03   0.9683101356855348E-01   0.2628059870733194E+00
  0.1722500000000000E+02   0.1850003544873532E+01   0.1938136268560357E+01   0.5048833408570446E+00   0.6439490078535161E+00   0.3059179083948187E-03   0.1000996283364087E+00   0.2699773271821351E+00
  0.1727500000000000E+02   0.1786643497073146E+01   0.1993406567017679E+01   0.4939106570039160E+00   0.6671773032985511E+00   0.3178729057711060E-03   0.1033912472035554E+00   0.2781847636567210E+00
  0.1732500000000000E+02   0.1712573373621958E+01   0.2042149613436954E+01   0.4794883897727433E+00   0.6901539841588882E+00   0.3297717394337145E-03   0.1066127656332418E+00   0.2874937866576424E+00
  0.1737500000000000E+02   0.1629088499662946E+01   0.2081364193072488E+01   0.4615392427833100E+00   0.7120452643846917E+00   0.3412138161577195E-03   0.1096568329300076E+00   0.2979333427991784E+00
  0.1742500000000000E+02   0.1538557479520645E+01   0.2108464841611346E+01   0.4402583690917550E+00   0.7319745147327177E+00   0.3517733539122271E-03   0.1124100655198952E+00   0.3094865650021141E+00
  0.1747500000000000E+02   0.1444225707940282E+01   0.2121737872371981E+01   0.4161302644080305E+00   0.7491323099640512E+00   0.3610521248505527E-03   0.1147643147802797E+00   0.3220825366560628E+00
  0.1752500000000000E+02   0.1349801469481947E+01   0.2120675485928274E+01   0.3898937089546746E+00   0.7628912456633872E+00   0.3687354141768915E-03   0.1166297097018035E+00   0.3355908839183993E+00
  0.1757500000000000E+02   0.1258914459880233E+01   0.2106078051847115E+01   0.3624556858906121E+00   0.7728978173959511E+00   0.3746378106996881E-03   0.1179472608702826E+00   0.3498218432397237E+00
  0.1762500000000000E+02   0.1174590140410009E+01   0.2079887313115152E+01   0.3347712358770496E+00   0.7791175211190786E+00   0.3787270185655051E-03   0.1186983207666049E+00   0.3645348043759049E+00
  0.1767500000000000E+02   0.1098876660368173E+01   0.2044805026696053E+01   0.3077167907156877E+00   0.7818225785634256E+00   0.3811200731791276E-03   0.1189084644278007E+00   0.3794576063553118E+00
  0.1772500000000000E+02   0.1032698755172612E+01   0.2003814617823888E+01   0.2819848280687376E+00   0.7815282107677359E+00   0.3820543030493951E-03   0.1186444108538308E+00   0.3943166552675001E+00
  0.1777500000000000E+02   0.9759325612554228E+00   0.1959730951464726E+01   0.2580187492768888E+00   0.7788957647058847E+00   0.3818415146072152E-03   0.1180041483510399E+00   0.4088744284966551E+00
  0.1782500000000000E+02   0.9276372955058984E+00   0.1914864599861756E+01   0.2359941682394919E+00   0.7746252567636397E+00   0.3808161726746979E-03   0.1171019647443219E+00   0.4229672303818838E+00
  0.1787500000000000E+02   0.8863617024335670E+00   0.1870832908791954E+01   0.2158420004046855E+00   0.7693569181560016E+00   0.3792871297276394E-03   0.1160511461787553E+00   0.4365339374344083E+00
  0.1792500000000000E+02   0.8504566843222739E+00   0.1828508177543808E+01   0.1973026741957113E+00   0.7635947939279888E+00   0.3774994432063023E-03   0.1149474256169274E+00   0.4496274023797382E+00
  0.1797500000000000E+02   0.8183509610314309E+00   0.1788073700180738E+01   0.1799991396895086E+00   0.7576588999256523E+00   0.3756097183101808E-03   0.1138558451834995E+00   0.4624042498817656E+00
  0.1802500000000000E+02   0.7887680142139738E+00   0.1749156576011489E+01   0.1635172176762905E+00   0.7516676803050681E+00   0.3736761182284913E-03   0.1128028013468561E+00   0.4750943353688142E+00
  0.1807500000000000E+02   0.7608738294329390E+00   0.1711011441062331E+01   0.1474833363026804E+00   0.7455495809531323E+00   0.3716627437513081E-03   0.1117740274104189E+00   0.4879557228944445E+00
  0.1812500000000000E+02   0.7343483734490530E+00   0.1672732685181278E+01   0.1316308627487959E+00   0.7390805342292077E+00   0.3694570613824973E-03   0.1107184158159551E+00   0.5012230239107096E+00
  0.1817500000000000E+02   0.7093757499949781E+00   0.1633470820830337E+01   0.1158471499555649E+00   0.7319420141438657E+00   0.3668979528707054E-03   0.1095569846310429E+00   0.5150563684101164E+00
  0.1822500000000000E+02   0.6865545222520879E+00   0.1592623840616045E+01   0.1001949340307431E+00   0.7237916624380413E+00   0.3638105637943342E-03   0.1081958657180530E+00   0.5294965441167953E+00
  0.1827500000000000E+02   0.6667425655013688E+00   0.1549972772248897E+01   0.8490474813297344E-01   0.7143358782954288E+00   0.3600427262257024E-03   0.1065418015757317E+00   0.5444305839644242E+00
  0.1832500000000000E+02   0.6508660569391532E+00   0.1505737929755132E+01   0.7033971792993698E-01   0.7033925325443711E+00   0.3554969908856192E-03   0.1045182315553777E+00   0.5595722061499192E+00
  0.1837500000000000E+02   0.6397320767349211E+00   0.1460549406354093E+01   0.5693943493228160E-01   0.6909333487247881E+00   0.3501528737198605E-03   0.1020797175112751E+00   0.5744626978138694E+00
  0.1842500000000000E+02   0.6338823521111485E+00   0.1415346493291122E+01   0.4515372903642545E-01   0.6770996715459237E+00   0.3440759296353039E-03   0.9922239645530717E-01   0.5884985937619797E+00
  0.1847500000000000E+02   0.6335115828927134E+00   0.1371236892306388E+01   0.3537850719232916E-01   0.6621911130958363E+00   0.3374131368225376E-03   0.9598853726627603E-01   0.6009906822991470E+00
  0.1852500000000000E+02   0.6384538015066861E+00   0.1329351220306937E+01   0.2790403491066518E-01   0.6466319691129877E+00   0.3303768294302822E-03   0.9246418262733770E-01   0.6112527540547822E+00
  0.1857500000000000E+02   0.6482229976440242E+00   0.1290721131530653E+01   0.2288207537949982E-01   0.6309237216087602E+00   0.3232212244276817E-03   0.8877015106893781E-01   0.6187084334801835E+00
  0.1862500000000000E+02   0.6620855705838289E+00   0.1256195659091172E+01   0.2031373395192171E-01   0.6155928403637295E+00   0.3162161406109657E-03   0.8504804530585955E-01   0.6229940020528424E+00
  0.1867500000000000E+02   0.6791426608881134E+00   0.1226396796427269E+01   0.2005599901337507E-01   0.6011418969220672E+00   0.3096219918431813E-03   0.8144394437851725E-01   0.6240303621306019E+00
  0.1872500000000000E+02   0.6984068139971535E+00   0.1201706357218273E+01   0.2184249434784524E-01   0.5880095826241887E+00   0.3036689741718862E-03   0.7809278712236201E-01   0.6220429965203761E+00
  0.1877500000000000E+02   0.7188655413520504E+00   0.1182272864527320E+01   0.2531298098539447E-01   0.5765424248267471E+00   0.2985419796261579E-03   0.7510596427652270E-01   0.6175242330207086E+00
  0.1882500000000000E+02   0.7395311246744820E+00   0.1168028365017054E+01   0.3004646693737456E-01   0.5669784822863085E+00   0.2943714954965668E-03   0.7256353967650180E-01   0.6111503118584714E+00
  0.1887500000000000E+02   0.7594801246117304E+00   0.1158708610094437E+01   0.3559401179417909E-01   0.5594415364023591E+00   0.2912298325656341E-03   0.7051126649801855E-01   0.6036777798638656E+00
  0.1892500000000000E+02   0.7778874198881973E+00   0.1153874241959625E+01   0.4150892627166369E-01   0.5539435202395243E+00   0.2891316049971678E-03   0.6896160076526930E-01   0.5958448867427786E+00
  0.1897500000000000E+02   0.7940586919715401E+00   0.1152934294211770E+01   0.4737350282756525E-01   0.5503930981160138E+00   0.2880374491017096E-03   0.6789747754026497E-01   0.5882958070342633E+00
  0.1902500000000000E+02   0.8074627047348467E+00   0.1155175707623858E+01   0.5282222963109917E-01   0.5486090980566694E+00   0.2878603594332356E-03   0.6727767352380030E-01   0.5815344562930360E+00
  0.1907500000000000E+02   0.8177612227060456E+00   0.1159803114072100E+01   0.5756145256006473E-01   0.5483384021157999E+00   0.2884744812596103E-03   0.6704292611544461E-01   0.5759057270710881E+00
  0.1912500000000000E+02   0.8248309156767641E+00   0.1165991477931159E+01   0.6138479136015662E-01   0.5492783990417601E+00   0.2897264575441562E-03   0.6712237120690435E-01   0.5715974664266119E+00
  0.1917500000000000E+02   0.8287693710695485E+00   0.1172950360425903E+01   0.6418270096786705E-01   0.5511038468108497E+00   0.2914492938441223E-03   0.6744012270386619E-01   0.5686559980748849E+00
  0.1922500000000000E+02   0.8298776925263579E+00   0.1179993441939339E+01   0.6594397115306982E-01   0.5534969350513319E+00   0.2934781421327892E-03   0.6792187023849283E-01   0.5670097195355073E+00
  0.1927500000000000E+02   0.8286158308121261E+00   0.1186602263790576E+01   0.6674720341260798E-01   0.5561778179471867E+00   0.2956665834671351E-03   0.6850123935996197E-01   0.5664975475652659E+00
  0.1932500000000000E+02   0.8255331913411817E+00   0.1192471110871518E+01   0.6674161772165044E-01   0.5589315589928896E+00   0.2979012508608137E-03   0.6912543637283013E-01   0.5669006033579965E+00
  0.1937500000000000E+02   0.8211841130587766E+00   0.1197522052824729E+01   0.6611866177463765E-01   0.5616270007089829E+00   0.3001123601005510E-03   0.6975952131521314E-01   0.5679760393772089E+00
  0.1942500000000000E+02   0.8160427190270954E+00   0.1201885167842098E+01   0.6507811379526984E-01   0.5642239532832639E+00   0.3022781386552331E-03   0.7038863859344341E-01   0.5694913759704701E+00
  0.1947500000000000E+02   0.8104323573309076E+00   0.1205846774749849E+01   0.6379384333217830E-01   0.5667671336453268E+00   0.3044221974510811E-03   0.7101774215460964E-01   0.5712566192926499E+00
  0.1952500000000000E+02   0.8044812750458934E+00   0.1209775153680271E+01   0.6238457162260680E-01   0.5693678099224232E+00   0.3066042318537830E-03   0.7166874206161920E-01   0.5731505014124881E+00
  0.1957500000000000E+02   0.7981101143874110E+00   0.1214036592682645E+01   0.6089386773284855E-01   0.5721762702225178E+00   0.3089056170292023E-03   0.7237545088753258E-01   0.5751371219749202E+00
  0.1962500000000000E+02   0.7910508412155571E+00   0.1218914330667358E+01   0.5928174906195149E-01   0.5753494439731305E+00   0.3114121517957164E-03   0.7317707369716960E-01   0.5772704200679424E+00
  0.1967500000000000E+02   0.7828926467496433E+00   0.1224540392425050E+01   0.5742832730395708E-01   0.5790181522501697E+00   0.3141963332520162E-03   0.7411115929796137E-01   0.5796860247573531E+00
  0.1972500000000000E+02   0.7731485539808296E+00   0.1230847319108089E+01   0.5514847532139133E-01   0.5832578769225727E+00   0.3173012747242034E-03   0.7520689439790726E-01   0.5825823810659136E+00
  0.1977500000000000E+02   0.7613359767674978E+00   0.1237544714654571E+01   0.5221562998993057E-01   0.5880661146738593E+00   0.3207279732119059E-03   0.7647944119515655E-01   0.5861947621265136E+00
  0.1982500000000000E+02   0.7470639104187805E+00   0.1244124516469299E+01   0.4839238381671418E-01   0.5933487001975416E+00   0.3244272935673935E-03   0.7792579726011144E-01   0.5907663239818498E+00
  0.1987500000000000E+02   0.7301177901951034E+00   0.1249898004254322E+01   0.4346508745357003E-01   0.5989170214139712E+00   0.3282978100006554E-03   0.7952248231807850E-01   0.5965197624632718E+00
  0.1992500000000000E+02   0.7105304380037768E+00   0.1254065275841894E+01   0.3727901072484596E-01   0.6044975666506347E+00   0.3321904013444719E-03   0.8122526149900604E-01   0.6036318765592197E+00
  0.1997500000000000E+02   0.6886253434832958E+00   0.1255813073798169E+01   0.2976971993448352E-01   0.6097543215186335E+00   0.3359200043442590E-03   0.8297106629955041E-01   0.6122120702920331E+00
  0.2002500000000000E+02   0.6650191117628478E+00   0.1254429611722394E+01   0.2098563853508062E-01   0.6143228486162945E+00   0.3392840045613606E-03   0.8468219842387878E-01   0.6222850420478621E+00
  0.2007500000000000E+02   0.6405752867055104E+00   0.1249417557594866E+01   0.1109693443470761E-01   0.6178525100036034E+00   0.3420854176467492E-03   0.8627272328354341E-01   0.6337778446791826E+00
  0.2012500000000000E+02   0.6163120386154481E+00   0.1240582232973793E+01   0.3874787161606275E-03   0.6200508599757187E+00   0.3441576245823085E-03   0.8765665020915557E-01   0.6465120935246067E+00
  0.2017500000000000E+02   0.5932785614992070E+00   0.1228074721448886E+01  -0.1077034692439804E-01   0.6207227601956197E+00   0.3453865376091019E-03   0.8875710157731233E-01   0.6602030588317984E+00
  0.2022500000000000E+02   0.5724244654409792E+00   0.1212379584854791E+01  -0.2195451975149532E-01   0.6197971410014319E+00   0.3457261987635882E-03   0.8951531030921851E-01   0.6744682253817671E+00
  0.2027500000000000E+02   0.5544884824007081E+00   0.1194251042684056E+01  -0.3273936884515238E-01   0.6173367364586090E+00   0.3452050790204152E-03   0.8989809960882768E-01   0.6888480382469476E+00
  0.2032500000000000E+02   0.5399263038416193E+00   0.1174614108026710E+01  -0.4274081694692666E-01   0.6135298197299119E+00   0.3439223680197829E-03   0.8990259880945210E-01   0.7028404120437342E+00
  0.2037500000000000E+02   0.5288853820497695E+00   0.1154453407852357E+01  -0.5165381607168906E-01   0.6086666596106776E+00   0.3420356095880696E-03   0.8955735405377811E-01   0.7159479041680371E+00
  0.2042500000000000E+02   0.5212223204484395E+00   0.1134710819431242E+01  -0.5927735740992879E-01   0.6031059358298569E+00   0.3397424860176404E-03   0.8891961848642366E-01   0.7277326365504870E+00
  0.2047500000000000E+02   0.5165504408873270E+00   0.1116205878569139E+01  -0.6552545071116733E-01   0.5972371743128854E+00   0.3372600769377161E-03   0.8806929518826220E-01   0.7378703125553886E+00
  0.2052500000000000E+02   0.5143028060498334E+00   0.1099584128474574E+01  -0.7042508541598280E-01   0.5914446007649825E+00   0.3348046102566495E-03   0.8710057794657483E-01   0.7461927432779589E+00
  0.2057500000000000E+02   0.5137982507293619E+00   0.1085291531409742E+01  -0.7410386191609186E-01   0.5860762815447607E+00   0.3325739143461430E-03   0.8611264843359810E-01   0.7527095594869860E+00
  0.2062500000000000E+02   0.5143024397202832E+00   0.1073569277722340E+01  -0.7677064334624595E-01   0.5814206783964784E+00   0.3307338321772386E-03   0.8520078422596694E-01   0.7576043341857550E+00
  0.2067500000000000E+02   0.5150804180658488E+00   0.1064462614280447E+01  -0.7869245277519921E-01   0.5776912484256010E+00   0.3294090289999382E-03   0.8444895013833471E-01   0.7612066451046027E+00
  0.2072500000000000E+02   0.5154402542508708E+00   0.1057838588797295E+01  -0.8017025985798876E-01   0.5750186923908206E+00   0.3286780443456127E-03   0.8392450390548278E-01   0.7639472241062878E+00
  0.2077500000000000E+02   0.5147688228403209E+00   0.1053409634344723E+01  -0.8151557850834723E-01   0.5734499190709990E+00   0.3285721280308451E-03   0.8367519233019251E-01   0.7663062538441705E+00
  0.2082500000000000E+02   0.5125607695975749E+00   0.1050761731387892E+01  -0.8302916842737940E-01   0.5729526475699440E+00   0.3290773057612538E-03   0.8372826210676718E-01   0.7687644939866509E+00
  0.2087500000000000E+02   0.5084407954171828E+00   0.1049386893097605E+01  -0.8498272758602654E-01   0.5734246361979272E+00   0.3301391464849494E-03   0.8409131190884495E-01   0.7717641251140867E+00
  0.2092500000000000E+02   0.5021782402326423E+00   0.1048719695188933E+01  -0.8760429044846729E-01   0.5747066126080355E+00   0.3316697421421293E-03   0.8475445389305190E-01   0.7756825519961428E+00
  0.2097500000000000E+02   0.4936921838354880E+00   0.1048176620359798E+01  -0.9106800914445512E-01   0.5765979363170982E+00   0.3335563750568715E-03   0.8569337786943229E-01   0.7808192635564345E+00
  0.2102500000000000E+02   0.4830454047050990E+00   0.1047195528529895E+01  -0.9548892590589775E-01   0.5788738018374709E+00   0.3356712082737081E-03   0.8687295814257234E-01   0.7873938682002096E+00
  0.2107500000000000E+02   0.4704267487287517E+00   0.1045271252707076E+01  -0.1009230831437873E+00   0.5813024631763756E+00   0.3378811306527487E-03   0.8825106994029353E-01   0.7955526058785269E+00
  0.2112500000000000E+02   0.4561235262375851E+00   0.1041982857422044E+01  -0.1073727855235986E+00   0.5836607043362730E+00   0.3400567225524156E-03   0.8978227984913453E-01   0.8053806031732412E+00
  0.2117500000000000E+02   0.4404878260646131E+00   0.1037008945137713E+01  -0.1147960875675916E+00   0.5857457985517521E+00   0.3420792989147130E-03   0.9142106177146818E-01   0.8169174369542584E+00
  0.2122500000000000E+02   0.4239022512191926E+00   0.1030129529677261E+01  -0.1231188241220573E+00   0.5873826226488922E+00   0.3438452151806041E-03   0.9312420036797117E-01   0.8301738773806846E+00
  0.2127500000000000E+02   0.4067508398425245E+00   0.1021215844408311E+01  -0.1322469826314820E+00   0.5884254067506288E+00   0.3452670842815748E-03   0.9485210841612457E-01   0.8451478448224636E+00
  0.2132500000000000E+02   0.3893996145959885E+00   0.1010212113751340E+01  -0.1420771414172604E+00   0.5887546319841492E+00   0.3462721544376435E-03   0.9656891573408617E-01   0.8618376488912635E+00
  0.2137500000000000E+02   0.3721886603836733E+00   0.9971149307620479E+00  -0.1525031390383946E+00   0.5882705746135034E+00   0.3467986842795345E-03   0.9824137379853574E-01   0.8802505880643122E+00
  0.2142500000000000E+02   0.3554346308910323E+00   0.9819559702633718E+00  -0.1634180102606275E+00   0.5868856742716210E+00   0.3467915697136971E-03   0.9983683001584791E-01   0.9004051054033135E+00
  0.2147500000000000E+02   0.3394399886715875E+00   0.9647923517840824E+00  -0.1747113203104587E+00   0.5845181059232630E+00   0.3461986205883343E-03   0.1013207172009817E+00   0.9223250143820532E+00
  0.2152500000000000E+02   0.3245037637725684E+00   0.9457064947029705E+00  -0.1862631005581918E+00   0.5810886143615267E+00   0.3449687210075879E-03   0.1026541377637678E+00   0.9460248634530056E+00
  0.2157500000000000E+02   0.3109285144138311E+00   0.9248144552491380E+00  -0.1979364029259724E+00   0.5765218984023912E+00   0.3430526706994158E-03   0.1037921692869510E+00   0.9714862909865479E+00
  0.2162500000000000E+02   0.2990194783574691E+00   0.9022792288596317E+00  -0.2095708734034861E+00   0.5707527711843882E+00   0.3404068863885165E-03   0.1046834629425089E+00   0.9986262331950152E+00
  0.2167500000000000E+02   0.2890742743325307E+00   0.8783239825763060E+00  -0.2209796078892476E+00   0.5637361945022331E+00   0.3369994700231355E-03   0.1052715465889842E+00   0.1027259141477174E+01
  0.2172500000000000E+02   0.2813643264199756E+00   0.8532400708194501E+00  -0.2319509131508114E+00   0.5554593354962151E+00   0.3328175717717638E-03   0.1054979925226891E+00   0.1057057052056165E+01
  0.2177500000000000E+02   0.2761116492093532E+00   0.8273860405302886E+00  -0.2422555877748613E+00   0.5459532443800181E+00   0.3278746251898302E-03   0.1053072932467657E+00   0.1087513503630392E+01
  0.2182500000000000E+02   0.2734660082782417E+00   0.8011762545790846E+00  -0.2516591995860008E+00   0.5353017329376238E+00   0.3222159940573024E-03   0.1046529509609330E+00   0.1117919759476782E+01
  0.2187500000000000E+02   0.2734873510108307E+00   0.7750604863294291E+00  -0.2599378431175285E+00   0.5236455337713719E+00   0.3159218454956008E-03   0.1035039849825828E+00   0.1147363910497960E+01
  0.2192500000000000E+02   0.2761369017245702E+00   0.7494979885198130E+00  -0.2668952370101393E+00   0.5111806840969734E+00   0.3091065651313160E-03   0.1018508595064993E+00   0.1174763904196050E+01
  0.2197500000000000E+02   0.2812780327795219E+00   0.7249304900116454E+00  -0.2723788638049471E+00   0.4981510665031821E+00   0.3019146175966655E-03   0.9970979073041226E-01   0.1198942569396926E+01
  0.2202500000000000E+02   0.2886857740869745E+00   0.7017581885880704E+00  -0.2762931201445937E+00   0.4848359246828487E+00   0.2945132928615742E-03   0.9712454740766441E-01   0.1218744833843734E+01
  0.2207500000000000E+02   0.2980622830318130E+00   0.6803214349457812E+00  -0.2786080008219889E+00   0.4715338094413109E+00   0.2870831759223820E-03   0.9416521686452765E-01   0.1233184877880983E+01
  0.2212500000000000E+02   0.3090550670147708E+00   0.6608890489433420E+00  -0.2793625366943505E+00   0.4585447486394654E+00   0.2798073998916430E-03   0.9092392145603272E-01   0.1241597309397492E+01
  0.2217500000000000E+02   0.3212751397093933E+00   0.6436526517255340E+00  -0.2786629247456578E+00   0.4461524811396830E+00   0.2728607907053257E-03   0.8750803047360695E-01   0.1243757734611712E+01
  0.2222500000000000E+02   0.3343132642437890E+00   0.6287253929061037E+00  -0.2766759345866990E+00   0.4346083747032913E+00   0.2663998970377538E-03   0.8403187012950310E-01   0.1239940401194955E+01
  0.2227500000000000E+02   0.3477536073932615E+00   0.6161430985290205E+00  -0.2736186563197686E+00   0.4241182017473867E+00   0.2605546428631331E-03   0.8060814912806359E-01   0.1230895557549128E+01
  0.2232500000000000E+02   0.3611851989094298E+00   0.6058660798871978E+00  -0.2697458769084394E+00   0.4148323581674822E+00   0.2554219905759138E-03   0.7734022353997420E-01   0.1217751616417842E+01
  0.2237500000000000E+02   0.3742123823694239E+00   0.5977804710523053E+00  -0.2653362819410331E+00   0.4068395215103879E+00   0.2510616456129922E-03   0.7431596955595718E-01   0.1201867383789444E+01
  0.2242500000000000E+02   0.3864658695468016E+00   0.5916988559348072E+00  -0.2606783113831591E+00   0.4001633287952003E+00   0.2474935761998364E-03   0.7160355842476583E-01   0.1184669088217301E+01
  0.2247500000000000E+02   0.3976160088189519E+00   0.5873609801325537E+00  -0.2560559901566403E+00   0.3947615494990173E+00   0.2446970522627129E-03   0.6924900436259133E-01   0.1167503492929951E+01
  0.2252500000000000E+02   0.4073893771749910E+00   0.5844363840674819E+00  -0.2517346149255636E+00   0.3905274757627222E+00   0.2426110549226648E-03   0.6727510822139603E-01   0.1151526196722137E+01
  0.2257500000000000E+02   0.4155887328936264E+00   0.5825316333570169E+00  -0.2479460180414177E+00   0.3872937630354163E+00   0.2411362231802437E-03   0.6568138922177241E-01   0.1137630226700530E+01
  0.2262500000000000E+02   0.4221147321499205E+00   0.5812051318700765E+00  -0.2448733926016340E+00   0.3848395263626716E+00   0.2401388638910049E-03   0.6444474905287825E-01   0.1126409642918121E+01
  0.2267500000000000E+02   0.4269858483575468E+00   0.5799918694504990E+00  -0.2426363664687292E+00   0.3829018477862732E+00   0.2394577790607082E-03   0.6352086367793501E-01   0.1118148259075046E+01
  0.2272500000000000E+02   0.4303512109882119E+00   0.5784385564626496E+00  -0.2412779985826894E+00   0.3811926867694048E+00   0.2389145747280968E-03   0.6284654438447146E-01   0.1112824126160626E+01
  0.2277500000000000E+02   0.4324904828985058E+00   0.5761465050790002E+00  -0.2407562838435803E+00   0.3794213194122125E+00   0.2383275825879377E-03   0.6234344647036204E-01   0.1110124245504877E+01
  0.2282500000000000E+02   0.4337962866345554E+00   0.5728160923404056E+00  -0.2409431083422275E+00   0.3773209219465626E+00   0.2375285761553833E-03   0.6192344607558795E-01   0.1109469054298154E+01
  0.2287500000000000E+02   0.4347383290258653E+00   0.5682841038849699E+00  -0.2416329663348342E+00   0.3746761651402945E+00   0.2363803446572490E-03   0.6149571585697296E-01   0.1110050787391952E+01
  0.2292500000000000E+02   0.4358133959629881E+00   0.5625452253231455E+00  -0.2425620294403195E+00   0.3713473889534966E+00   0.2347923330305214E-03   0.6097505277066778E-01   0.1110892255297616E+01
  0.2297500000000000E+02   0.4374898868442644E+00   0.5557520809633056E+00  -0.2434357528551501E+00   0.3672867724457132E+00   0.2327314097294992E-03   0.6029048634845269E-01   0.1110931417710221E+01
  0.2302500000000000E+02   0.4401574731118483E+00   0.5481936401146267E+00  -0.2439609482506571E+00   0.3625432038505166E+00   0.2302255925968086E-03   0.5939282818152527E-01   0.1109131493459868E+01
  0.2307500000000000E+02   0.4440908297628353E+00   0.5402573628026567E+00  -0.2438770351654354E+00   0.3572549624391199E+00   0.2273600583495957E-03   0.5825980076527476E-01   0.1104606902148403E+01
  0.2312500000000000E+02   0.4494319704816539E+00   0.5323838851558252E+00  -0.2429814798996024E+00   0.3516320083458587E+00   0.2242664636045116E-03   0.5689778036111107E-01   0.1096745135530252E+01
  0.2317500000000000E+02   0.4561905279477275E+00   0.5250232640231187E+00  -0.2411460788819055E+00   0.3459317066251368E+00   0.2211079227501125E-03   0.5533990801619378E-01   0.1085298711194782E+01
  0.2322500000000000E+02   0.4642573920325356E+00   0.5185993157525184E+00  -0.2383230690740455E+00   0.3404325998964339E+00   0.2180625349922056E-03   0.5364112637592289E-01   0.1070424221798556E+01
  0.2327500000000000E+02   0.4734254881750738E+00   0.5134849023333234E+00  -0.2345422371556832E+00   0.3354103434951766E+00   0.2153080825593652E-03   0.5187131015068554E-01   0.1052657947557717E+01
  0.2332500000000000E+02   0.4834119939337973E+00   0.5099876623783007E+00  -0.2299016477583524E+00   0.3311185258959448E+00   0.2130096725082095E-03   0.5010788628245759E-01   0.1032835005388705E+01
  0.2337500000000000E+02   0.4938780935690193E+00   0.5083435302574733E+00  -0.2245550913072175E+00   0.3277754000051536E+00   0.2113110304703835E-03   0.4842916308169307E-01   0.1011973860946328E+01
  0.2342500000000000E+02   0.5044445253805073E+00   0.5087145738876505E+00  -0.2186989832375736E+00   0.3255560680028768E+00   0.2103292079418497E-03   0.4690913614409019E-01   0.9911540564022427E+00
  0.2347500000000000E+02   0.5147030634418218E+00   0.5111879018245432E+00  -0.2125605483254556E+00   0.3245887037647573E+00   0.2101518390020228E-03   0.4561401141617411E-01   0.9714110816659669E+00
  0.2352500000000000E+02   0.5242254460492149E+00   0.5157732316100498E+00  -0.2063880515481401E+00   0.3249530407248754E+00   0.2108358356392612E-03   0.4460025230087472E-01   0.9536621271095703E+00
  0.2357500000000000E+02   0.5325721075762155E+00   0.5223978710591974E+00  -0.2004428651589888E+00   0.3266795131301494E+00   0.2124064953990655E-03   0.4391370413593620E-01   0.9386653804498660E+00
  0.2362500000000000E+02   0.5393034398352414E+00   0.5308991985325411E+00  -0.1949924484396501E+00   0.3297479616827797E+00   0.2148563180921114E-03   0.4358927893823299E-01   0.9270075029139645E+00
  0.2367500000000000E+02   0.5439961869008481E+00   0.5410161876600065E+00  -0.1903029306238008E+00   0.3340855537965650E+00   0.2181432989698761E-03   0.4365075187618228E-01   0.9191102231406149E+00
  0.2372500000000000E+02   0.5462668326562233E+00   0.5523830273312167E+00  -0.1866299621883084E+00   0.3395644058990420E+00   0.2221890097305034E-03   0.4411037495211136E-01   0.9152468710755161E+00
  0.2377500000000000E+02   0.5458022814742616E+00   0.5645291944879633E+00  -0.1842068708626770E+00   0.3460002139788406E+00   0.2268773209725024E-03   0.4496821072157380E-01   0.9155616127088899E+00
  0.2382500000000000E+02   0.5423956736356502E+00   0.5768909480235963E+00  -0.1832299556875064E+00   0.3531538356730427E+00   0.2320550527550362E-03   0.4621130006956440E-01   0.9200867851284322E+00
  0.2387500000000000E+02   0.5359820940444330E+00   0.5888384327067393E+00  -0.1838419343427461E+00   0.3607379853757534E+00   0.2375360050317217E-03   0.4781297531391294E-01   0.9287562498739362E+00
  0.2392500000000000E+02   0.5266660885459981E+00   0.5997198187398697E+00  -0.1861159205238523E+00   0.3684307347097121E+00   0.2431095340080387E-03   0.4973277492056842E-01   0.9414147451620712E+00
  0.2397500000000000E+02   0.5147317059435313E+00   0.6089191887525628E+00  -0.1900434241304216E+00   0.3758961942489450E+00   0.2485539886630798E-03   0.5191745756470717E-01   0.9578247626563611E+00
  0.2402500000000000E+02   0.5006276518825101E+00   0.6159193713574226E+00  -0.1955301689033639E+00   0.3828107329505536E+00   0.2536539877299401E-03   0.5430350151250538E-01   0.9776735116155510E+00
  0.2407500000000000E+02   0.4849255250250118E+00   0.6203568355668628E+00  -0.2024025541478071E+00   0.3888909366453917E+00   0.2582190683305685E-03   0.5682119291948218E-01   0.1000583016148274E+01
  0.2412500000000000E+02   0.4682566779275799E+00   0.6220554672057589E+00  -0.2104253463459909E+00   0.3939180825568541E+00   0.2621002478178402E-03   0.5939999930971320E-01   0.1026126186040031E+01
  0.2417500000000000E+02   0.4512400754913772E+00   0.6210305414800550E+00  -0.2193283021290916E+00   0.3977539746693548E+00   0.2652010279974546E-03   0.6197450689105075E-01   0.1053850651055431E+01
  0.2422500000000000E+02   0.4344165373056932E+00   0.6174621196398534E+00  -0.2288369565793481E+00   0.4003447292423231E+00   0.2674804795578899E-03   0.6448992030662244E-01   0.1083310214529182E+01
  0.2427500000000000E+02   0.4182025898823818E+00   0.6116452247261409E+00  -0.2387017173990047E+00   0.4017119430746902E+00   0.2689479105177243E-03   0.6690609555171458E-01   0.1114101206826543E+01
  0.2432500000000000E+02   0.4028710085159482E+00   0.6039292792472585E+00  -0.2487200253210987E+00   0.4019335664479671E+00   0.2696505546390351E-03   0.6919932434871980E-01   0.1145898402185798E+01
  0.2437500000000000E+02   0.3885578531398580E+00   0.5946599773025462E+00  -0.2587482697169927E+00   0.4011187785528049E+00   0.2696570696787519E-03   0.7136153152811024E-01   0.1178483343383264E+01
  0.2442500000000000E+02   0.3752901290374558E+00   0.5841337822514143E+00  -0.2687025552829897E+00   0.3993818018039542E+00   0.2690401129506267E-03   0.7339704506188194E-01   0.1211757652007099E+01
  0.2447500000000000E+02   0.3630254206402191E+00   0.5725705986153335E+00  -0.2785495254674032E+00   0.3968190602315998E+00   0.2678609575466256E-03   0.7531751597595961E-01   0.1245735466182009E+01
  0.2452500000000000E+02   0.3516946877215787E+00   0.5601057498747339E+00  -0.2882898527834448E+00   0.3934928791343396E+00   0.2661583440722782E-03   0.7713582392406577E-01   0.1280512145244270E+01
  0.2457500000000000E+02   0.3412408140001878E+00   0.5467991616000634E+00  -0.2979376844937804E+00   0.3894235237550072E+00   0.2639428495224659E-03   0.7885989514017439E-01   0.1316209916532076E+01
  0.2462500000000000E+02   0.3316474599146687E+00   0.5326576460552226E+00  -0.3074994738335485E+00   0.3845900659483336E+00   0.2611971858811318E-03   0.8048732184421797E-01   0.1352904311099209E+01
  0.2467500000000000E+02   0.3229548061418153E+00   0.5176650288183101E+00  -0.3169554261276946E+00   0.3789394196366803E+00   0.2578820650493517E-03   0.8200155496904646E-01   0.1390537646286476E+01
  0.2472500000000000E+02   0.3152608594146631E+00   0.5018142535784783E+00  -0.3262463274223010E+00   0.3724018688154964E+00   0.2539465659023347E-03   0.8337027348798280E-01   0.1428827781010260E+01
  0.2477500000000000E+02   0.3087092358013117E+00   0.4851355794069278E+00  -0.3352677744000356E+00   0.3649105314317063E+00   0.2493413191850165E-03   0.8454631146646026E-01   0.1467182686812532E+01
  0.2482500000000000E+02   0.3034666305108512E+00   0.4677158119267569E+00  -0.3438727503536102E+00   0.3564215723236807E+00   0.2440323663142905E-03   0.8547122977655344E-01   0.1504634700762594E+01
  0.2487500000000000E+02   0.2996950687216143E+00   0.4497053674375138E+00  -0.3518821584647123E+00   0.3469317912713478E+00   0.2380133846111155E-03   0.8608124703210429E-01   0.1539812388893918E+01
  0.2492500000000000E+02   0.2975248784224082E+00   0.4313126387227715E+00  -0.3591015529048539E+00   0.3364906255255288E+00   0.2313142183938158E-03   0.8631482655616368E-01   0.1570970874265295E+01
  0.2497500000000000E+02   0.2970337190674136E+00   0.4127879304431892E+00  -0.3653412233107937E+00   0.3252046182962757E+00   0.2240043198545788E-03   0.8612083379466522E-01   0.1596099654027539E+01
  0.2502500000000000E+02   0.2982350633930558E+00   0.3944012888077176E+00  -0.3704362753388633E+00   0.3132338104613671E+00   0.2161906524004696E-03   0.8546594357087962E-01   0.1613116101778242E+01
  0.2507500000000000E+02   0.3010769349585655E+00   0.3764192493531379E+00  -0.3742635305434711E+00   0.3007809738819198E+00   0.2080106136212121E-03   0.8433999432809186E-01   0.1620131009713612E+01
  0.2512500000000000E+02   0.3054493393374725E+00   0.3590848166040401E+00  -0.3767528606737077E+00   0.2880757840238126E+00   0.1996213623786117E-03   0.8275830918386975E-01   0.1615743658092593E+01
  0.2517500000000000E+02   0.3111973660499065E+00   0.3426033511277560E+00  -0.3778917471263581E+00   0.2753567000157954E+00   0.1911874231530622E-03   0.8076059184205307E-01   0.1599299695561649E+01
  0.2522500000000000E+02   0.3181365866727085E+00   0.3271351795013854E+00  -0.3777231350768450E+00   0.2628534001033312E+00   0.1828685268574823E-03   0.7840671798189795E-01   0.1571040816139495E+01
  0.2527500000000000E+02   0.3260679048320750E+00   0.3127942458565512E+00  -0.3763377681722000E+00   0.2507721567007742E+00   0.1748093554703267E-03   0.7577037193106421E-01   0.1532099583656857E+01
  0.2532500000000000E+02   0.3347899903465327E+00   0.2996512658720930E+00  -0.3738629332581955E+00   0.2392856786385224E+00   0.1671322858339380E-03   0.7293182986582480E-01   0.1484339027298344E+01
  0.2537500000000000E+02   0.3441084431871901E+00   0.2877396048758577E+00  -0.3704497982482675E+00   0.2285279268239595E+00   0.1599335300134454E-03   0.6997117259642326E-01   0.1430083907620556E+01
  0.2542500000000000E+02   0.3538416293384172E+00   0.2770622917145745E+00  -0.3662613017000089E+00   0.2185934774519816E+00   0.1532824215994805E-03   0.6696287596094158E-01   0.1371816813290689E+01
  0.2547500000000000E+02   0.3638236251323347E+00   0.2675989761925777E+00  -0.3614619901739293E+00   0.2095403657062389E+00   0.1472231421362224E-03   0.6397223631049967E-01   0.1311908612873625E+01
  0.2552500000000000E+02   0.3739049300904639E+00   0.2593120665884879E+00  -0.3562105104878557E+00   0.2013950761956299E+00   0.1417779823355908E-03   0.6105362381514076E-01   0.1252427029821884E+01
  0.2557500000000000E+02   0.3839516423736271E+00   0.2521516461807866E+00  -0.3506548447331710E+00   0.1941584103119799E+00   0.1369512631260163E-03   0.5825023831679340E-01   0.1195035370440898E+01
  0.2562500000000000E+02   0.3938437209100561E+00   0.2460590286866729E+00  -0.3449299429044880E+00   0.1878112318075290E+00   0.1327332191811063E-03   0.5559490325767069E-01   0.1140969115775303E+01
  0.2567500000000000E+02   0.4034728500738948E+00   0.2409689770835742E+00  -0.3391571848219508E+00   0.1823194347801531E+00   0.1291033793613859E-03   0.5311143738087231E-01   0.1091066364626501E+01
  0.2572500000000000E+02   0.4127403176389809E+00   0.2368107023618544E+00  -0.3334450484048209E+00   0.1776377939996741E+00   0.1260331952873002E-03   0.5081622951268033E-01   0.1045827169812675E+01
  0.2577500000000000E+02   0.4215552345961860E+00   0.2335078071756434E+00  -0.3278904095649670E+00   0.1737125987329700E+00   0.1234878369902680E-03   0.4871975307449886E-01   0.1005481933937449E+01
  0.2582500000000000E+02   0.4298333707516347E+00   0.2309773707223310E+00  -0.3225799904932036E+00   0.1704831326804893E+00   0.1214271884949424E-03   0.4682785881010602E-01   0.9700559264595696E+00
  0.2587500000000000E+02   0.4374968464605525E+00   0.2291284070421915E+00  -0.3175915686881912E+00   0.1678821630337515E+00   0.1198061485231079E-03   0.4514276170609786E-01   0.9394230850107745E+00
  0.2592500000000000E+02   0.4444748939357163E+00   0.2278599845316809E+00  -0.3129946415181917E+00   0.1658356675959715E+00   0.1185743904504988E-03   0.4366369037558493E-01   0.9133466263323855E+00
  0.2597500000000000E+02   0.4507058600518056E+00   0.2270593769916305E+00  -0.3088503111411623E+00   0.1642620843586936E+00   0.1176757778978897E-03   0.4238720063442117E-01   0.8915066631666191E+00
  0.2602500000000000E+02   0.4561405399543866E+00   0.2266007216678698E+00  -0.3052102255659443E+00   0.1630714282262203E+00   0.1170476787559390E-03   0.4130717844000516E-01   0.8735164620042505E+00
  0.2607500000000000E+02   0.4607467794474995E+00   0.2263447666046563E+00  -0.3021145041624377E+00   0.1621646874413189E+00   0.1166204730485333E-03   0.4041457927369952E-01   0.8589297006684526E+00
  0.2612500000000000E+02   0.4645150445271576E+00   0.2261403561115239E+00  -0.2995887117865351E+00   0.1614339745211266E+00   0.1163175994474190E-03   0.3969697788920806E-01   0.8472415125570482E+00
  0.2617500000000000E+02   0.4674643326481904E+00   0.2258282663169719E+00  -0.2976401388380436E+00   0.1607639322834953E+00   0.1160565090934791E-03   0.3913803698028519E-01   0.8378865027544575E+00
  0.2622500000000000E+02   0.4696474393167276E+00   0.2252477912501832E+00  -0.2962538888057330E+00   0.1600348390330247E+00   0.1157508600288374E-03   0.3871704312595233E-01   0.8302373891565660E+00
  0.2627500000000000E+02   0.4711542983942009E+00   0.2242460437396964E+00  -0.2953895306050112E+00   0.1591276694570296E+00   0.1153141545546026E-03   0.3840869350498328E-01   0.8236083743877606E+00
  0.2632500000000000E+02   0.4721120347392171E+00   0.2226892911279484E+00  -0.2949792610643205E+00   0.1579310216208156E+00   0.1146647733315161E-03   0.3818333009511762E-01   0.8172675098100708E+00
  0.2637500000000000E+02   0.4726806522449576E+00   0.2204749172261901E+00  -0.2949285364958744E+00   0.1563493409096821E+00   0.1137320102226275E-03   0.3800778834010150E-01   0.8104617210659912E+00
  0.2642500000000000E+02   0.4730439932611142E+00   0.2175420225688259E+00  -0.2951198758726831E+00   0.1543113609836536E+00   0.1124623333400331E-03   0.3784693854144952E-01   0.8024563392263238E+00
  0.2647500000000000E+02   0.4733966432113693E+00   0.2138785198892734E+00  -0.2954199865203212E+00   0.1517773111622914E+00   0.1108248152035063E-03   0.3766585201199180E-01   0.7925876805384152E+00
  0.2652500000000000E+02   0.4739285253131896E+00   0.2095230347417781E+00  -0.2956896120982397E+00   0.1487433937798196E+00   0.1088146253541874E-03   0.3743234939620194E-01   0.7803228146763748E+00
  0.2657500000000000E+02   0.4748096467086908E+00   0.2045609431356427E+00  -0.2957947691633280E+00   0.1452424195234976E+00   0.1064537440523598E-03   0.3711954054727856E-01   0.7653163888760872E+00
  0.2662500000000000E+02   0.4761775160926348E+00   0.1991151718323577E+00  -0.2956175880608849E+00   0.1413402495983735E+00   0.1037886021117378E-03   0.3670790591901785E-01   0.7474521106424661E+00
  0.2667500000000000E+02   0.4781291041378289E+00   0.1933335119017675E+00  -0.2950649963739779E+00   0.1371286082456572E+00   0.1008850209785210E-03   0.3618653660050328E-01   0.7268579177725005E+00
  0.2672500000000000E+02   0.4807181025702084E+00   0.1873747781617010E+00  -0.2940739902601868E+00   0.1327155931191448E+00   0.9782139648907818E-04   0.3555333280900339E-01   0.7038893318029067E+00
  0.2677500000000000E+02   0.4839570628684841E+00   0.1813960532256392E+00  -0.2926130498210191E+00   0.1282155778953393E+00   0.9468135530280875E-04   0.3481419803899253E-01   0.6790833888771076E+00
  0.2682500000000000E+02   0.4878231319133842E+00   0.1755426248407807E+00  -0.2906800844710162E+00   0.1237400931495542E+00   0.9154705154304367E-04   0.3398147548241496E-01   0.6530928663019830E+00
  0.2687500000000000E+02   0.4922657320498023E+00   0.1699413602816084E+00  -0.2882978897204752E+00   0.1193907941448024E+00   0.8849393483192259E-04   0.3307199014933514E-01   0.6266144567121458E+00
  0.2692500000000000E+02   0.4972146251055147E+00   0.1646974619250961E+00  -0.2855083357661037E+00   0.1152549918841185E+00   0.8558736359809817E-04   0.3210506449040516E-01   0.6003239666866177E+00
  0.2697500000000000E+02   0.5025871858106188E+00   0.1598939985785216E+00  -0.2823664175334581E+00   0.1114036483834536E+00   0.8288101471549207E-04   0.3110079193373377E-01   0.5748274940787668E+00
  0.2702500000000000E+02   0.5082941942761894E+00   0.1555933514775778E+00  -0.2789349977674348E+00   0.1078913489046264E+00   0.8041675008089377E-04   0.3007872925296474E-01   0.5506320437759773E+00
  0.2707500000000000E+02   0.5142438941009624E+00   0.1518396955706739E+00  -0.2752807114122751E+00   0.1047575923269318E+00   0.7822546725336071E-04   0.2905705014743931E-01   0.5281342583820333E+00
  0.2712500000000000E+02   0.5203443822582057E+00   0.1486617596555786E+00  -0.2714711765608805E+00   0.1020287426335450E+00   0.7632845535500838E-04   0.2805211582778874E-01   0.5076230038265289E+00
  0.2717500000000000E+02   0.5265045925073668E+00   0.1460752845267292E+00  -0.2675734245817621E+00   0.9972008760285345E-01   0.7473884746703020E-04   0.2707837060528237E-01   0.4892905524663416E+00
  0.2722500000000000E+02   0.5326342356647880E+00   0.1440847679408639E+00  -0.2636533224194885E+00   0.9783758949948534E-01   0.7346285879256151E-04   0.2614845463929218E-01   0.4732475001078471E+00
  0.2727500000000000E+02   0.5386431099219424E+00   0.1426842237000799E+00  -0.2597756892950982E+00   0.9637904459271569E-01   0.7250059459847643E-04   0.2527342990097856E-01   0.4595376334869612E+00
  0.2732500000000000E+02   0.5444402311172964E+00   0.1418567918058164E+00  -0.2560047757536874E+00   0.9533447741517509E-01   0.7184629103343936E-04   0.2446302759182322E-01   0.4481501783974982E+00
  0.2737500000000000E+02   0.5499332824341417E+00   0.1415731398374372E+00  -0.2524047473978505E+00   0.9468568677012362E-01   0.7148791877620109E-04   0.2372583794772415E-01   0.4390279065821281E+00
  0.2742500000000000E+02   0.5550289524603270E+00   0.1417887285454407E+00  -0.2490397828915449E+00   0.9440495336183923E-01   0.7140614879489505E-04   0.2306937329697872E-01   0.4320703864151614E+00
  0.2747500000000000E+02   0.5596348004075044E+00   0.1424402198805709E+00  -0.2459733575637119E+00   0.9445304175217289E-01   0.7157277268159808E-04   0.2249994355566734E-01   0.4271323036071705E+00
  0.2752500000000000E+02   0.5636633018271419E+00   0.1434416196007957E+00  -0.2432662650335149E+00   0.9477681050333286E-01   0.7194880901381980E-04   0.2202229533587666E-01   0.4240174097950856E+00
  0.2757500000000000E+02   0.5670385892067406E+00   0.1446811728293025E+00  -0.2409729826468895E+00   0.9530699798660443E-01   0.7248272353948896E-04   0.2163899050162093E-01   0.4224694564300656E+00
  0.2762500000000000E+02   0.5697059810284731E+00   0.1460204981419214E+00  -0.2391361901851686E+00   0.9595705319290841E-01   0.7310942722588501E-04   0.2134954819545570E-01   0.4221625683690327E+00
  0.2767500000000000E+02   0.5716435858424724E+00   0.1472977619738517E+00  -0.2377796841547090E+00   0.9662413800300024E-01   0.7375092205854669E-04   0.2114945381403213E-01   0.4226948818269755E+00
  0.2772500000000000E+02   0.5728741060913678E+00   0.1483365414000186E+00  -0.2369006126381090E+00   0.9719346120354816E-01   0.7431950277036589E-04   0.2102924431425614E-01   0.4235905910892383E+00
  0.2777500000000000E+02   0.5734737564940490E+00   0.1489610568569566E+00  -0.2364627626806020E+00   0.9754668768999683E-01   0.7472411616349641E-04   0.2097398257740789E-01   0.4243160739733479E+00
  0.2782500000000000E+02   0.5735745859164123E+00   0.1490165668414090E+00  -0.2363932287363872E+00   0.9757415233158362E-01   0.7487970975762751E-04   0.2096347654958018E-01   0.4243144130425476E+00
  0.2787500000000000E+02   0.5733571955489936E+00   0.1483913423959637E+00  -0.2365846981524987E+00   0.9718913285917218E-01   0.7471826445680586E-04   0.2097351224881160E-01   0.4230584791171976E+00
  0.2792500000000000E+02   0.5730332128198860E+00   0.1470348497026465E+00  -0.2369044552373046E+00   0.9634104845178387E-01   0.7419911791399997E-04   0.2097811944491539E-01   0.4201160030902481E+00
  0.2797500000000000E+02   0.5728202882895415E+00   0.1449668027384591E+00  -0.2372091764885090E+00   0.9502395563118314E-01   0.7331576873701072E-04   0.2095253068285822E-01   0.4152129334639164E+00
  0.2802500000000000E+02   0.5729152818661261E+00   0.1422741090648093E+00  -0.2373624673659860E+00   0.9327767319123405E-01   0.7209705375384610E-04   0.2087618324018801E-01   0.4082777293220928E+00
  0.2807500000000000E+02   0.5734720959764653E+00   0.1390965588864161E+00  -0.2372509684813385E+00   0.9118107866323329E-01   0.7060227294049547E-04   0.2073502688926348E-01   0.3994524117557524E+00
  0.2812500000000000E+02   0.5745888102235359E+00   0.1356055508346727E+00  -0.2367953873479912E+00   0.8883957760911983E-01   0.6891173881981428E-04   0.2052261145505645E-01   0.3890660959598405E+00
  0.2817500000000000E+02   0.5763053922670683E+00   0.1319816023965119E+00  -0.2359547026589056E+00   0.8637027336979410E-01   0.6711543528234409E-04   0.2023983886610280E-01   0.3775789352322987E+00
  0.2822500000000000E+02   0.5786100541196468E+00   0.1283955250403535E+00  -0.2347240271528810E+00   0.8388838118272096E-01   0.6530252237516375E-04   0.1989366767657862E-01   0.3655128403708107E+00
  0.2827500000000000E+02   0.5814505804502810E+00   0.1249958679976441E+00  -0.2331281853639839E+00   0.8149723696454506E-01   0.6355353188856500E-04   0.1949527986701239E-01   0.3533864229633416E+00
  0.2832500000000001E+02   0.5847468977387487E+00   0.1219028589838268E+00  -0.2312135299656606E+00   0.7928265112312770E-01   0.6193587462705639E-04   0.1905821580347372E-01   0.3416662971412036E+00
  0.2837500000000000E+02   0.5884021878127645E+00   0.1192074747316829E+00  -0.2290400855757545E+00   0.7731107188673184E-01   0.6050228222479165E-04   0.1859682671371964E-01   0.3307390695597388E+00
  0.2842500000000000E+02   0.5923111912475029E+00   0.1169736574706753E+00  -0.2266752669458199E+00   0.7563036100545874E-01   0.5929128176332733E-04   0.1812519616366301E-01   0.3209018402601235E+00
  0.2847499999999999E+02   0.5963654610296253E+00   0.1152417967996401E+00  -0.2241896020938723E+00   0.7427188209301638E-01   0.5832870767698215E-04   0.1765652319406165E-01   0.3123655876177672E+00
  0.2852500000000000E+02   0.6004560310378401E+00   0.1140320425308498E+00  -0.2216543135731728E+00   0.7325282616669967E-01   0.5762941754556238E-04   0.1720286826801815E-01   0.3052651933924045E+00
  0.2857500000000000E+02   0.6044743111905480E+00   0.1133465207926704E+00  -0.2191402931092070E+00   0.7257803149043932E-01   0.5719862858967236E-04   0.1677512968910789E-01   0.2996709276730965E+00
  0.2862500000000000E+02   0.6083121524153854E+00   0.1131699631323262E+00  -0.2167178697726192E+00   0.7224086875279143E-01   0.5703253132648829E-04   0.1638311948206388E-01   0.2955978410414258E+00
  0.2867500000000000E+02   0.6118620656803939E+00   0.1134686187130316E+00  -0.2144567289685719E+00   0.7222302252302784E-01   0.5711803766399472E-04   0.1603562324105792E-01   0.2930110431455579E+00
  0.2872500000000000E+02   0.6150185933546214E+00   0.1141876637787306E+00  -0.2124253293952001E+00   0.7249323019177521E-01   0.5743170126937173E-04   0.1574034675531764E-01   0.2918260853230459E+00
  0.2877500000000000E+02   0.6176818016831082E+00   0.1152477300189649E+00  -0.2106891778483840E+00   0.7300528941488869E-01   0.5793804697703178E-04   0.1550367188254650E-01   0.2919047107419461E+00
  0.2882500000000000E+02   0.6197636911522261E+00   0.1165416926054897E+00  -0.2093074017257455E+00   0.7369595520424158E-01   0.5858779598027944E-04   0.1533017199376406E-01   0.2930473131080926E+00
  0.2887500000000000E+02   0.6211978434271819E+00   0.1179334437628243E+00  -0.2083272981540877E+00   0.7448371245329258E-01   0.5931677079557381E-04   0.1522188535190849E-01   0.2949847464375142E+00
  0.2892500000000000E+02   0.6219516804418737E+00   0.1192608195103580E+00  -0.2077770433640743E+00   0.7526973215771476E-01   0.6004653211640117E-04   0.1517742404834471E-01   0.2973736465854425E+00
  0.2897500000000000E+02   0.6220392997213903E+00   0.1203447479682684E+00  -0.2076575579916382E+00   0.7594238399196994E-01   0.6068786557096535E-04   0.1519110550544853E-01   0.2998007635215971E+00
  0.2902500000000000E+02   0.6215313260933055E+00   0.1210055834211871E+00  -0.2079354972458488E+00   0.7638619266513579E-01   0.6114786310386902E-04   0.1525240523963655E-01   0.3018020523785036E+00
  0.2907500000000000E+02   0.6205573945820793E+00   0.1210852998632972E+00  -0.2085400425560733E+00   0.7649489953626355E-01   0.6134037042255074E-04   0.1534608177039941E-01   0.3029001922256199E+00
  0.2912500000000000E+02   0.6192977418807978E+00   0.1204712979803397E+00  -0.2093659968850056E+00   0.7618651456027606E-01   0.6119814128309154E-04   0.1545324059219040E-01   0.3026589837995718E+00
  0.2917500000000000E+02   0.6179633590595102E+00   0.1191154515841204E+00  -0.2102842084848523E+00   0.7541665803312964E-01   0.6068374020898578E-04   0.1555334791453551E-01   0.3007455563028639E+00
  0.2922499999999999E+02   0.6167683493241557E+00   0.1170422931717800E+00  -0.2111578539910584E+00   0.7418613075121702E-01   0.5979590355494155E-04   0.1562684430314699E-01   0.2969847017343383E+00
  0.2927500000000000E+02   0.6159014363090866E+00   0.1143434258146894E+00  -0.2118607327627567E+00   0.7254011477914990E-01   0.5856920572279577E-04   0.1565771818409085E-01   0.2913883889448018E+00
  0.2932500000000000E+02   0.6155040021206903E+00   0.1111599870570398E+00  -0.2122928185449540E+00   0.7055920631046302E-01   0.5706711269716624E-04   0.1563536018013248E-01   0.2841500473003820E+00
  0.2937500000000000E+02   0.6156593111857976E+00   0.1076587911948844E+00  -0.2123894511241025E+00   0.6834519379440666E-01   0.5537070419932455E-04   0.1555527587281570E-01   0.2756052335146888E+00
  0.2942499999999999E+02   0.6163933476327409E+00   0.1040088228676470E+00  -0.2121230381942266E+00   0.6600575210960864E-01   0.5356639849649996E-04   0.1541864700912187E-01   0.2661715555351541E+00
  0.2947500000000000E+02   0.6176842219283407E+00   0.1003630784715575E+00  -0.2114985841161364E+00   0.6364166027467204E-01   0.5173560200537573E-04   0.1523107944410133E-01   0.2562854978158995E+00
  0.2952500000000000E+02   0.6194756894675610E+00   0.9684782098176507E-01  -0.2105456973088323E+00   0.6133845914299341E-01   0.4994786861129140E-04   0.1500101706110177E-01   0.2463508561163264E+00
  0.2957500000000000E+02   0.6216908362129629E+00   0.9355873366945960E-01  -0.2093097566924229E+00   0.5916269642969745E-01   0.4825773175080364E-04   0.1473823710307372E-01   0.2367061021517478E+00
  0.2962500000000000E+02   0.6242434707313305E+00   0.9056204607117495E-01  -0.2078441205417221E+00   0.5716175844904826E-01   0.4670443597383078E-04   0.1445267246587939E-01   0.2276106579072189E+00
  0.2967500000000000E+02   0.6270462833678063E+00   0.8789842763664350E-01  -0.2062042667915536E+00   0.5536589827799052E-01   0.4531346474861916E-04   0.1415363510928374E-01   0.2192455451784327E+00
  0.2972500000000000E+02   0.6300158982914097E+00   0.8558784815192765E-01  -0.2044439724732215E+00   0.5379121343471108E-01   0.4409886347473872E-04   0.1384939898260189E-01   0.2117225497557038E+00
  0.2977500000000000E+02   0.6330754772124447E+00   0.8363423175005043E-01  -0.2026131968356825E+00   0.5244269871169157E-01   0.4306564884983154E-04   0.1354704878336260E-01   0.2050968333089492E+00
  0.2982500000000000E+02   0.6361556733313305E+00   0.8202930308868987E-01  -0.2007571733631480E+00   0.5131688415263132E-01   0.4221190224589332E-04   0.1325249450881733E-01   0.1993795522821092E+00
  0.2987500000000000E+02   0.6391946581440702E+00   0.8075543636944107E-01  -0.1989162292588925E+00   0.5040386493832705E-01   0.4153038387411731E-04   0.1297056870776164E-01   0.1945486349736558E+00
  0.2992500000000000E+02   0.6421377846573119E+00   0.7978757246786809E-01  -0.1971259415116990E+00   0.4968872242434690E-01   0.4100966124348885E-04   0.1270514727727426E-01   0.1905570581428863E+00
  0.2997500000000000E+02   0.6449372802743485E+00   0.7909440868451088E-01  -0.1954173484958955E+00   0.4915244477161548E-01   0.4063483568531543E-04   0.1245925710039569E-01   0.1873387133005416E+00
  0.3002500000000000E+02   0.6475522072390166E+00   0.7863913247249588E-01  -0.1938170400327189E+00   0.4877250970157410E-01   0.4038799670400603E-04   0.1223515199754522E-01   0.1848123589457253E+00
  0.3007500000000000E+02   0.6499487893880962E+00   0.7837999251349968E-01  -0.1923470416274705E+00   0.4852331171512093E-01   0.4024855213719152E-04   0.1203435250529219E-01   0.1828843348350536E+00
  0.3012500000000000E+02   0.6521010752063396E+00   0.7827098736993743E-01  -0.1910244925041781E+00   0.4837661130942315E-01   0.4019358012752797E-04   0.1185765588042582E-01   0.1814507499115317E+00
  0.3017500000000000E+02   0.6539917882453954E+00   0.7826290029292647E-01  -0.1898611931192929E+00   0.4830215490741865E-01   0.4019832688292063E-04   0.1170513103116846E-01   0.1803997852589656E+00
  0.3022500000000000E+02   0.6556131186185994E+00   0.7830481167708152E-01  -0.1888631605329711E+00   0.4826855831658011E-01   0.4023692924545117E-04   0.1157611844055307E-01   0.1796145859377980E+00
  0.3027500000000000E+02   0.6569671577271607E+00   0.7834607956823224E-01  -0.1880303663088925E+00   0.4824446402760238E-01   0.4028337322209636E-04   0.1146925637311406E-01   0.1789769539019449E+00
  0.3032500000000000E+02   0.6580657007588804E+00   0.7833861400787247E-01  -0.1873568251653247E+00   0.4819988429965571E-01   0.4031261747601216E-04   0.1138255041481616E-01   0.1783717226932228E+00
  0.3037500000000000E+02   0.6589292537780306E+00   0.7823912524950499E-01  -0.1868311428224601E+00   0.4810755143837424E-01   0.4030173395616241E-04   0.1131349334254285E-01   0.1776913566037958E+00
  0.3042500000000000E+02   0.6595852710893102E+00   0.7801095291059038E-01  -0.1864375238509050E+00   0.4794404560043520E-01   0.4023087301695480E-04   0.1125922812173198E-01   0.1768400712394241E+00
  0.3047500000000000E+02   0.6600658647624641E+00   0.7762512524977476E-01  -0.1861571114844278E+00   0.4769048568536424E-01   0.4008387064398450E-04   0.1121673238159378E-01   0.1757367216010276E+00
  0.3052500000000000E+02   0.6604053990513994E+00   0.7706046071435825E-01  -0.1859694234833883E+00   0.4733265735797929E-01   0.3984838752811476E-04   0.1118299305246923E-01   0.1743159051353735E+00
  0.3057500000000000E+02   0.6606384410379905E+00   0.7630276591646118E-01  -0.1858536027141980E+00   0.4686059299091603E-01   0.3951558702583932E-04   0.1115513907427498E-01   0.1725271516802791E+00
  0.3062500000000000E+02   0.6607984547956365E+00   0.7534342878068505E-01  -0.1857892403465911E+00   0.4626776782755673E-01   0.3907948548950265E-04   0.1113050940723200E-01   0.1703326006624507E+00
  0.3067500000000000E+02   0.6609174198157196E+00   0.7417787215334837E-01  -0.1857566461770920E+00   0.4555018582901538E-01   0.3853620261747972E-04   0.1110665063436797E-01   0.1677040289585620E+00
  0.3072500000000000E+02   0.6610262862988121E+00   0.7280436750823790E-01  -0.1857366013040942E+00   0.4470566135284890E-01   0.3788337018755183E-04   0.1108125826616060E-01   0.1646203332954837E+00
  0.3077500000000000E+02   0.6611559276940964E+00   0.7122359781193008E-01  -0.1857097871241763E+00   0.4373354652046605E-01   0.3711991313603386E-04   0.1105209270385991E-01   0.1610664947879281E+00
  0.3082500000000000E+02   0.6613380855682751E+00   0.6943912955202278E-01  -0.1856561963502705E+00   0.4263502051640240E-01   0.3624630610940620E-04   0.1101690981664787E-01   0.1570346505883157E+00
  0.3087500000000000E+02   0.6616057741390424E+00   0.6745866207819377E-01  -0.1855548616553149E+00   0.4141387731486727E-01   0.3526525683656132E-04   0.1097344414023244E-01   0.1525272437691462E+00
  0.3092500000000000E+02   0.6619927432998831E+00   0.6529564380246139E-01  -0.1853841673504306E+00   0.4007756858228792E-01   0.3418261366120661E-04   0.1091946904629045E-01   0.1475614728175111E+00
  0.3097500000000000E+02   0.6625318717055593E+00   0.6297066540429325E-01  -0.1851228453899360E+00   0.3863813401077985E-01   0.3300818553656632E-04   0.1085293516738687E-01   0.1421736406350829E+00
  0.3102500000000000E+02   0.6632527076722411E+00   0.6051203407683897E-01  -0.1847515377472686E+00   0.3711263306748803E-01   0.3175614309449745E-04   0.1077216187453615E-01   0.1364217570943423E+00
  0.3107500000000000E+02   0.6641786837778015E+00   0.5795512734446261E-01  -0.1842546026087566E+00   0.3552280376316146E-01   0.3044476080499854E-04   0.1067603558832479E-01   0.1303850498947510E+00
  0.3112500000000000E+02   0.6653246825580670E+00   0.5534047070396265E-01  -0.1836217308467770E+00   0.3389389012115902E-01   0.2909544270207382E-04   0.1056416181539447E-01   0.1241598597097354E+00
  0.3117500000000000E+02   0.6666955579469198E+00   0.5271085875645092E-01  -0.1828489719220824E+00   0.3225282533171138E-01   0.2773118442216141E-04   0.1043692888684896E-01   0.1178524651711143E+00
  0.3122500000000000E+02   0.6682859465019686E+00   0.5010810209341973E-01  -0.1819389345360446E+00   0.3062613795524018E-01   0.2637478170388439E-04   0.1029546652553482E-01   0.1115702814758017E+00
  0.3127500000000000E+02   0.6700813463625190E+00   0.4757004047013386E-01  -0.1809001576507698E+00   0.2903799879493322E-01   0.2504714290001784E-04   0.1014151135992499E-01   0.1054132517785350E+00
  0.3132500000000000E+02   0.6720601391512766E+00   0.4512832031595565E-01  -0.1797458503224797E+00   0.2750874246335582E-01   0.2376599543804368E-04   0.9977213181355764E-02   0.9946700786184350E-01
  0.3137500000000000E+02   0.6741960755428403E+00   0.4280717676401830E-01  -0.1784923079059577E+00   0.2605403283254829E-01   0.2254513721492807E-04   0.9804923681010448E-02   0.9379870253995341E-01
  0.3142500000000000E+02   0.6764607546803537E+00   0.4062319863382175E-01  -0.1771573129929770E+00   0.2468466893810714E-01   0.2139423616917373E-04   0.9627004077569770E-02   0.8845563850257099E-01
  0.3147500000000000E+02   0.6788257515545396E+00   0.3858587092911691E-01  -0.1757587521286473E+00   0.2340690363941807E-01   0.2031907336046812E-04   0.9445674851849752E-02   0.8346621808918805E-01
  0.3152500000000000E+02   0.6812642116905415E+00   0.3669861109613371E-01  -0.1743135719211397E+00   0.2222309211350430E-01   0.1932207546285019E-04   0.9262916205709376E-02   0.7884244165087728E-01
  0.3157500000000000E+02   0.6837518794488577E+00   0.3496002535751312E-01  -0.1728371009088928E+00   0.2113249119123177E-01   0.1840298398282539E-04   0.9080416412497579E-02   0.7458316373813198E-01
  0.3162500000000000E+02   0.6862676251550885E+00   0.3336517260958650E-01  -0.1713426972672509E+00   0.2013206937267958E-01   0.1755954040574044E-04   0.8899558642653172E-02   0.7067747166426072E-01
  0.3167500000000000E+02   0.6887935840575642E+00   0.3190669995320947E-01  -0.1698416498851387E+00   0.1921723725888852E-01   0.1678810852026193E-04   0.8721434671903073E-02   0.6710776873329516E-01
  0.3172500000000000E+02   0.6913150287632031E+00   0.3057578247951305E-01  -0.1683432538901645E+00   0.1838245323117655E-01   0.1608419363114119E-04   0.8546874657074691E-02   0.6385234716615214E-01
  0.3177500000000000E+02   0.6938200823412241E+00   0.2936285019719511E-01  -0.1668549907818110E+00   0.1762169242587720E-01   0.1544284698171695E-04   0.8376484385623505E-02   0.6088738729891123E-01
  0.3182500000000000E+02   0.6962993552340109E+00   0.2825811600969136E-01  -0.1653827589345157E+00   0.1692878760425356E-01   0.1485896161483634E-04   0.8210683962500071E-02   0.5818841421559323E-01
  0.3187500000000000E+02   0.6987455642885515E+00   0.2725193414192583E-01  -0.1639311164526210E+00   0.1629766080176186E-01   0.1432747503690967E-04   0.8049744169711260E-02   0.5573129071646547E-01
  0.3192500000000000E+02   0.7011531710922144E+00   0.2633502336960871E-01  -0.1625035121921162E+00   0.1572246794642666E-01   0.1384349716868551E-04   0.7893818476551568E-02   0.5349284122896209E-01
  0.3197499999999999E+02   0.7035180608104447E+00   0.2549858826976029E-01  -0.1611024912278055E+00   0.1519767790649413E-01   0.1340238166772209E-04   0.7742969878395934E-02   0.5145119838979022E-01
  0.3202500000000000E+02   0.7058372716214513E+00   0.2473436774612371E-01  -0.1597298682977848E+00   0.1471810481708837E-01   0.1299975663860822E-04   0.7597192493279910E-02   0.4958595242356841E-01
  0.3207500000000000E+02   0.7081087776131808E+00   0.2403463534072637E-01  -0.1583868674581733E+00   0.1427890940112671E-01   0.1263152818209718E-04   0.7456428272985978E-02   0.4787816931321952E-01
  0.3212500000000000E+02   0.7103313234597652E+00   0.2339217141388455E-01  -0.1570742291059382E+00   0.1387558206286260E-01   0.1229386780558376E-04   0.7320579404861282E-02   0.4631033040557941E-01
  0.3217500000000000E+02   0.7125043062480964E+00   0.2280022356372629E-01  -0.1557922873775512E+00   0.1350391806591036E-01   0.1198319266957452E-04   0.7189517083486903E-02   0.4486623482852342E-01
  0.3222500000000000E+02   0.7146276976440196E+00   0.2225246860740988E-01  -0.1545410222476167E+00   0.1315999308835014E-01   0.1169614596391683E-04   0.7063087380931612E-02   0.4353089695153910E-01
  0.3227500000000000E+02   0.7167019976439385E+00   0.2174298671652995E-01  -0.1533200917791948E+00   0.1284014567100109E-01   0.1142958321768572E-04   0.6941114976907982E-02   0.4229046340138894E-01
  0.3232500000000000E+02   0.7187282092744247E+00   0.2126625540615933E-01  -0.1521288510426086E+00   0.1254097125035448E-01   0.1118056879184268E-04   0.6823405536841022E-02   0.4113216681614767E-01
  0.3237499999999999E+02   0.7207078219755673E+00   0.2081716756125017E-01  -0.1509663651212632E+00   0.1225933031747522E-01   0.1094638493563343E-04   0.6709747535449683E-02   0.4004432559028889E-01
  0.3242500000000000E+02   0.7226427905668287E+00   0.2039107330478090E-01  -0.1498314240576037E+00   0.1199237062024892E-01   0.1072455346919453E-04   0.6599914287816506E-02   0.3901638976810815E-01
  0.3247499999999999E+02   0.7245354973735646E+00   0.1998384044693703E-01  -0.1487225671404170E+00   0.1173756032731185E-01   0.1051286746780619E-04   0.6493666834638918E-02   0.3803902323146928E-01
  0.3252500000000000E+02   0.7263886879242059E+00   0.1959192322257988E-01  -0.1476381222287457E+00   0.1149272611405886E-01   0.1030942763584099E-04   0.6390758108979815E-02   0.3710420268073895E-01
  0.3257500000000000E+02   0.7282053757834110E+00   0.1921242521370828E-01  -0.1465762627520014E+00   0.1125608790520745E-01   0.1011267599202493E-04   0.6290938492490699E-02   0.3620530678808200E-01
  0.3262500000000000E+02   0.7299887189557337E+00   0.1884314108231689E-01  -0.1455350809807324E+00   0.1102628128018676E-01   0.9921418741200791E-05   0.6193962494861688E-02   0.3533716670646331E-01
  0.3267500000000000E+02   0.7317418774389035E+00   0.1848256390272613E-01  -0.1445126719717579E+00   0.1080235983467190E-01   0.9734831268425871E-05   0.6099595943631777E-02   0.3449605343759922E-01
  0.3272499999999999E+02   0.7334678670183049E+00   0.1812985042119791E-01  -0.1435072193705806E+00   0.1058377305169732E-01   0.9552441048648374E-05   0.6007622848119027E-02   0.3367958819138227E-01
  0.3277500000000001E+02   0.7351694265955093E+00   0.1778474426620681E-01  -0.1425170729820793E+00   0.1037031974972204E-01   0.9374088296457155E-05   0.5917851072247128E-02   0.3288657643996809E-01
  0.3282500000000000E+02   0.7368489145067132E+00   0.1744746493279165E-01  -0.1415408091167287E+00   0.1016208173788663E-01   0.9199868311967224E-05   0.5830116129894713E-02   0.3211678098074330E-01
  0.3287500000000000E+02   0.7385082439918479E+00   0.1711857613903001E-01  -0.1405772678372431E+00   0.9959345673781934E-02   0.9030062581076502E-05   0.5744282749177942E-02   0.3137065997387253E-01
  0.3292500000000000E+02   0.7401488608796952E+00   0.1679884951160623E-01  -0.1396255653933028E+00   0.9762522476208561E-02   0.8865067008930982E-05   0.5660244238401509E-02   0.3064910004789830E-01
  0.3297500000000000E+02   0.7417717597013754E+00   0.1648913830871575E-01  -0.1386850841412568E+00   0.9572072888274460E-02   0.8705325080038377E-05   0.5577920019826678E-02   0.2995317188749307E-01
  0.3302500000000000E+02   0.7433775294844556E+00   0.1619027194277289E-01  -0.1377554451360686E+00   0.9388445454043975E-02   0.8551271709117962E-05   0.5497251903975157E-02   0.2928392802157919E-01
  0.3307500000000000E+02   0.7449664181862801E+00   0.1590297691420101E-01  -0.1368364699052528E+00   0.9212030142454803E-02   0.8403290852337814E-05   0.5418199734345310E-02   0.2864225267673731E-01
  0.3312499999999999E+02   0.7465384049569399E+00   0.1562782486016508E-01  -0.1359281377567507E+00   0.9043127975254917E-02   0.8261687355906658E-05   0.5340736963828513E-02   0.2802876429213058E-01
  0.3317500000000000E+02   0.7480932714292727E+00   0.1536520473174809E-01  -0.1350305437784948E+00   0.8881934859797696E-02   0.8126671550334592E-05   0.5264846579157901E-02   0.2744376442010487E-01
  0.3322500000000000E+02   0.7496306660723708E+00   0.1511531400829765E-01  -0.1341438610117486E+00   0.8728536605376393E-02   0.7998353958910700E-05   0.5190517620713477E-02   0.2688722291422802E-01
  0.3327500000000000E+02   0.7511501585091493E+00   0.1487816321779009E-01  -0.1332683085965574E+00   0.8582911739213576E-02   0.7876747122879148E-05   0.5117742391693145E-02   0.2635878826174474E-01
  0.3332500000000000E+02   0.7526512830729847E+00   0.1465358846862368E-01  -0.1324041262962456E+00   0.8444939004877769E-02   0.7761771753549295E-05   0.5046514334726343E-02   0.2585781288235848E-01
  0.3337500000000000E+02   0.7541335725452097E+00   0.1444126776117144E-01  -0.1315515548347680E+00   0.8314407056381931E-02   0.7653264967534079E-05   0.4976826481235205E-02   0.2538338531998081E-01
  0.3342500000000000E+02   0.7555965839716987E+00   0.1424073815538497E-01  -0.1307108209253882E+00   0.8191024631495313E-02   0.7550989043965660E-05   0.4908670344761457E-02   0.2493436377214519E-01
  0.3347499999999999E+02   0.7570399188153653E+00   0.1405141216092324E-01  -0.1298821256639237E+00   0.8074430244088968E-02   0.7454639821837492E-05   0.4842035125061680E-02   0.2450940784062226E-01
  0.3352500000000001E+02   0.7584632396090057E+00   0.1387259283774572E-01  -0.1290656350171920E+00   0.7964201089952149E-02   0.7363854450300812E-05   0.4776907105564922E-02   0.2410700747168952E-01
  0.3357500000000000E+02   0.7598662848643243E+00   0.1370348797547597E-01  -0.1282614713773896E+00   0.7859861372152582E-02   0.7278218675146402E-05   0.4713269154919824E-02   0.2372550966312936E-01
  0.3362500000000000E+02   0.7612488833752549E+00   0.1354322432813845E-01  -0.1274697055126280E+00   0.7760890603858831E-02   0.7197274173269283E-05   0.4651100278018214E-02   0.2336314460586364E-01
  0.3367499999999999E+02   0.7626109683119513E+00   0.1339086319986014E-01  -0.1266903486728368E+00   0.7666732630007080E-02   0.7120526623462197E-05   0.4590375198785944E-02   0.2301805348752569E-01
  0.3372500000000000E+02   0.7639525907159476E+00   0.1324541869089113E-01  -0.1259233450624168E+00   0.7576806116528173E-02   0.7047455216884088E-05   0.4531063992516973E-02   0.2268832020269954E-01
  0.3377500000000000E+02   0.7652739312684821E+00   0.1310587961105410E-01  -0.1251685653140714E+00   0.7490517082161787E-02   0.6977524157015607E-05   0.4473131815767856E-02   0.2237200868715200E-01
  0.3382500000000000E+02   0.7665753086249149E+00   0.1297123546077974E-01  -0.1244258019284762E+00   0.7407273700703631E-02   0.6910196381374748E-05   0.4416538802487257E-02   0.2206720655343113E-01
  0.3387500000000000E+02   0.7678571823141032E+00   0.1284050602481220E-01  -0.1236947678109060E+00   0.7326503113952308E-02   0.6844949284247326E-05   0.4361240201672271E-02   0.2177207425834109E-01
  0.3392500000000000E+02   0.7691201483062675E+00   0.1271277314065031E-01  -0.1229750989746470E+00   0.7247669436630287E-02   0.6781291693799960E-05   0.4307186820946569E-02   0.2148489738776303E-01
  0.3397500000000000E+02   0.7703649259179176E+00   0.1258721227700949E-01  -0.1222663621578138E+00   0.7170291609168473E-02   0.6718780855609311E-05   0.4254325811151198E-02   0.2120413811252849E-01
  0.3402500000000000E+02   0.7715923357160897E+00   0.1246312090777789E-01  -0.1215680675340371E+00   0.7093959387832711E-02   0.6657037815969498E-05   0.4202601782441071E-02   0.2092848081798162E-01
  0.3407500000000000E+02   0.7728032693586575E+00   0.1233994049619352E-01  -0.1208796859731992E+00   0.7018345668564161E-02   0.6595759491968806E-05   0.4151958190091296E-02   0.2065686667057240E-01
  0.3412500000000000E+02   0.7739986536132566E+00   0.1221726932771883E-01  -0.1202006695682503E+00   0.6943213585831764E-02   0.6534725925945809E-05   0.4102338879220064E-02   0.2038851263965544E-01
  0.3417500000000000E+02   0.7751794118405401E+00   0.1209486442323162E-01  -0.1195304735551272E+00   0.6868417395470696E-02   0.6473801739800091E-05   0.4053689643576403E-02   0.2012291218778631E-01
  0.3422499999999999E+02   0.7763464267552056E+00   0.1197263214905675E-01  -0.1188685774580365E+00   0.6793896939072423E-02   0.6412931538071408E-05   0.4005959643208809E-02   0.1985981717142073E-01
  0.3427500000000000E+02   0.7775005081600430E+00   0.1185060862939643E-01  -0.1182145033650925E+00   0.6719666333037356E-02   0.6352129805765681E-05   0.3959102542226998E-02   0.1959920297023232E-01
  0.3432500000000000E+02   0.7786423686184547E+00   0.1172893234699288E-01  -0.1175678296589386E+00   0.6645798250113452E-02   0.6291466540074037E-05   0.3913077267158721E-02   0.1934122096553484E-01
  0.3437500000000000E+02   0.7797726088729464E+00   0.1160781214484537E-01  -0.1169281991883853E+00   0.6572405626686781E-02   0.6231050311489719E-05   0.3867848339286639E-02   0.1908614381475255E-01
  0.3442500000000000E+02   0.7808917134979496E+00   0.1148749410406340E-01  -0.1162953216180542E+00   0.6499622772789259E-02   0.6171010606486097E-05   0.3823385789197772E-02   0.1883430934368299E-01
  0.3447500000000000E+02   0.7820000560593751E+00   0.1136823050534374E-01  -0.1156689703832200E+00   0.6427587704499131E-02   0.6111481176174815E-05   0.3779664708211668E-02   0.1858606837063980E-01
  0.3452500000000000E+02   0.7830979121309198E+00   0.1125025342917067E-01  -0.1150489751986562E+00   0.6356427143353020E-02   0.6052585778308922E-05   0.3736664522840104E-02   0.1834174063768915E-01
  0.3457500000000000E+02   0.7841854779714366E+00   0.1113375470470956E-01  -0.1144352113766890E+00   0.6286245144196605E-02   0.5994427255171661E-05   0.3694368093138878E-02   0.1810158158027248E-01
  0.3462500000000001E+02   0.7852628924816727E+00   0.1101887305657671E-01  -0.1138275873111251E+00   0.6217115822384165E-02   0.5937080432075437E-05   0.3652760735845865E-02   0.1786576121499540E-01
  0.3467500000000000E+02   0.7863302601508221E+00   0.1090568854420203E-01  -0.1132260314271700E+00   0.6149080222637563E-02   0.5880588916505082E-05   0.3611829262862985E-02   0.1763435516879438E-01
  0.3472500000000000E+02   0.7873876729704152E+00   0.1079422379572799E-01  -0.1126304797419577E+00   0.6082147036439278E-02   0.5824965557154218E-05   0.3571561109623095E-02   0.1740734690078253E-01
  0.3477499999999999E+02   0.7884352296457557E+00   0.1068445110794313E-01  -0.1120408649769249E+00   0.6016296632651614E-02   0.5770196086593782E-05   0.3531943609917169E-02   0.1718463947861131E-01
  0.3482500000000000E+02   0.7894730508166328E+00   0.1057630418574500E-01  -0.1114571079444311E+00   0.5951487699866473E-02   0.5716245305787524E-05   0.3492963456037113E-02   0.1696607481102541E-01
  0.3487500000000000E+02   0.7905012893871209E+00   0.1046969309403444E-01  -0.1108791117095596E+00   0.5887665688613544E-02   0.5663065054764296E-05   0.3454606366365558E-02   0.1675145794571824E-01
  0.3492500000000000E+02   0.7915201354605528E+00   0.1036452087014290E-01  -0.1103067588031050E+00   0.5824772174395534E-02   0.5610603140110675E-05   0.3416856966652926E-02   0.1654058387694061E-01
  0.3497499999999999E+02   0.7925298157886891E+00   0.1026070019548696E-01  -0.1097399115286047E+00   0.5762754237980556E-02   0.5558812356579725E-05   0.3379698875796568E-02   0.1633326426564638E-01
  0.3502500000000000E+02   0.7935305880727573E+00   0.1015816856851772E-01  -0.1091784151653696E+00   0.5701572986920527E-02   0.5507658756745777E-05   0.3343114972003612E-02   0.1612935158041644E-01
  0.3507500000000000E+02   0.7945227308773593E+00   0.1005690058030493E-01  -0.1086221036325129E+00   0.5641210434591475E-02   0.5457128402284923E-05   0.3307087801532287E-02   0.1592875845369975E-01
  0.3512499999999999E+02   0.7955065302943435E+00   0.9956916182196995E-02  -0.1080708069693571E+00   0.5581674117182371E-02   0.5407231980816326E-05   0.3271600081200423E-02   0.1573147053286520E-01
  0.3517500000000000E+02   0.7964822647689814E+00   0.9858284241035766E-02  -0.1075243598351923E+00   0.5522999058671954E-02   0.5358006888157775E-05   0.3236635239234745E-02   0.1553755176956617E-01
  0.3522500000000000E+02   0.7974501896260843E+00   0.9761121160922778E-02  -0.1069826101634501E+00   0.5465246966080564E-02   0.5309516636036807E-05   0.3202177938200653E-02   0.1534714186820861E-01
  0.3527500000000000E+02   0.7984105227821626E+00   0.9665584846694678E-02  -0.1064454271367247E+00   0.5408502815738838E-02   0.5261847714904520E-05   0.3168214529177580E-02   0.1516044640158096E-01
  0.3532500000000000E+02   0.7993634329082860E+00   0.9571864718847141E-02  -0.1059127077755065E+00   0.5352869234407916E-02   0.5215104280108822E-05   0.3134733397284560E-02   0.1497772078216636E-01
  0.3537500000000000E+02   0.8003090309591663E+00   0.9480168798679113E-02  -0.1053843816310818E+00   0.5298459251115890E-02   0.5169401201978856E-05   0.3101725173213866E-02   0.1479924975208790E-01
  0.3542500000000000E+02   0.8012473655744955E+00   0.9390709029386345E-02  -0.1048604133038431E+00   0.5245388076314569E-02   0.5124856105609311E-05   0.3069182801003079E-02   0.1462532426815701E-01
  0.3547500000000000E+02   0.8021784224634958E+00   0.9303685983318585E-02  -0.1043408027303337E+00   0.5193764554464470E-02   0.5081581023107561E-05   0.3037101466248312E-02   0.1445621761362530E-01
  0.3552500000000000E+02   0.8031021275663570E+00   0.9219273961170069E-02  -0.1038255833602177E+00   0.5143682853466102E-02   0.5039674207176606E-05   0.3005478399325790E-02   0.1429216232068285E-01
  0.3557500000000000E+02   0.8040183535844897E+00   0.9137607271720154E-02  -0.1033148184570768E+00   0.5095214831139009E-02   0.4999212540227433E-05   0.2974312573973419E-02   0.1413332912801760E-01
  0.3562500000000000E+02   0.8049269293917013E+00   0.9058768254118249E-02  -0.1028085958010430E+00   0.5048403390693553E-02   0.4960244852053937E-05   0.2943604322940562E-02   0.1397980882617863E-01
  0.3567500000000000E+02   0.8058276518578561E+00   0.8982777423884591E-02  -0.1023070210596431E+00   0.5003257034764784E-02   0.4922786361815841E-05   0.2913354890445256E-02   0.1383159754668398E-01
  0.3572500000000000E+02   0.8067202996917648E+00   0.8909586025223903E-02  -0.1018102100503024E+00   0.4959745771393637E-02   0.4886814407029122E-05   0.2883565937576777E-02   0.1368858588499691E-01
  0.3577500000000000E+02   0.8076046489870091E+00   0.8839071267843120E-02  -0.1013182800739123E+00   0.4917798521911679E-02   0.4852265620572198E-05   0.2854239013439111E-02   0.1355055223015335E-01
  0.3582500000000000E+02   0.8084804901793311E+00   0.8771034602263791E-02  -0.1008313404837238E+00   0.4877302222133902E-02   0.4819034759323667E-05   0.2825375003474685E-02   0.1341716078231361E-01
  0.3587499999999999E+02   0.8093476460531566E+00   0.8705203505341513E-02  -0.1003494826919910E+00   0.4838102873207794E-02   0.4786975454416254E-05   0.2796973568297146E-02   0.1328796491420352E-01
  0.3592500000000000E+02   0.8102059902431236E+00   0.8641237348608954E-02  -0.9987276992187144E-01   0.4800008854225484E-02   0.4755903211166030E-05   0.2769032592025550E-02   0.1316241668322169E-01
  0.3597499999999999E+02   0.8110554653681399E+00   0.8578737933897115E-02  -0.9940122718180289E-01   0.4762796815196691E-02   0.4725600996619190E-05   0.2741547668108203E-02   0.1303988331838432E-01
  0.3602500000000000E+02   0.8118960995519731E+00   0.8517265129662763E-02  -0.9893483215080157E-01   0.4726220385365182E-02   0.4695827673096347E-05   0.2714511661340628E-02   0.1291967127951328E-01
  0.3607500000000000E+02   0.8127280197090707E+00   0.8456357670916948E-02  -0.9847350786964149E-01   0.4690021726890184E-02   0.4666329334780488E-05   0.2687914394405355E-02   0.1280105793127644E-01
  0.3612500000000000E+02   0.8135514597275278E+00   0.8395558580685681E-02  -0.9801711826806248E-01   0.4653945629525138E-02   0.4636853271565265E-05   0.2661742512043542E-02   0.1268332997138731E-01
  0.3617500000000000E+02   0.8143667616990075E+00   0.8334443883061333E-02  -0.9756546754681161E-01   0.4617755406813215E-02   0.4607163846907285E-05   0.2635979571986768E-02   0.1256582657984195E-01
  0.3622499999999999E+02   0.8151743687413269E+00   0.8272652438701776E-02  -0.9711830421294210E-01   0.4581249391422405E-02   0.4577059105795100E-05   0.2610606396159244E-02   0.1244798401330605E-01
  0.3627500000000000E+02   0.8159748087739742E+00   0.8209914043547917E-02  -0.9667533011524299E-01   0.4544276447467835E-02   0.4546386535731335E-05   0.2585601688052439E-02   0.1232937735621533E-01
  0.3632500000000000E+02   0.8167686697647457E+00   0.8146072615122993E-02  -0.9623621418592077E-01   0.4506748745074628E-02   0.4515056213257670E-05   0.2560942885840268E-02   0.1220975469247292E-01
  0.3637500000000000E+02   0.8175565682636733E+00   0.8081101523861557E-02  -0.9580060987741756E-01   0.4468650173921264E-02   0.4483049681104367E-05   0.2536607182674523E-02   0.1208905933837004E-01
  0.3642500000000000E+02   0.8183391141843853E+00   0.8015108959608155E-02  -0.9536817465224467E-01   0.4430039235313778E-02   0.4450423348078128E-05   0.2512572614799444E-02   0.1196743704840744E-01
  0.3647500000000000E+02   0.8191168754834711E+00   0.7948332535047368E-02  -0.9493858950441214E-01   0.4391045979241934E-02   0.4417305922247911E-05   0.2488819103183846E-02   0.1184522708510758E-01
  0.3652500000000000E+02   0.8198903464243815E+00   0.7881123843167609E-02  -0.9451157647413400E-01   0.4351863391295183E-02   0.4383890227802376E-05   0.2465329340149567E-02   0.1172293831587065E-01
  0.3657500000000000E+02   0.8206599224692847E+00   0.7813925055782772E-02  -0.9408691247602974E-01   0.4312734391077012E-02   0.4350420523792882E-05   0.2442089438169956E-02   0.1160121354077983E-01
  0.3662499999999999E+02   0.8214258836848319E+00   0.7747240565976988E-02  -0.9366443840336369E-01   0.4273936108348846E-02   0.4317176965488774E-05   0.2419089297259610E-02   0.1148078660521763E-01
  0.3667500000000000E+02   0.8221883871709200E+00   0.7681606969295931E-02  -0.9324406323347811E-01   0.4235763262101391E-02   0.4284459028247933E-05   0.2396322690489019E-02   0.1136243726096089E-01
  0.3672499999999999E+02   0.8229474677472921E+00   0.7617564356401932E-02  -0.9282576356428807E-01   0.4198512287083541E-02   0.4252569550947076E-05   0.2373787104427659E-02   0.1124694822986099E-01
  0.3677500000000000E+02   0.8237030452106405E+00   0.7555631115381383E-02  -0.9240957952076256E-01   0.4162467421919109E-02   0.4221800637623976E-05   0.2351483395919297E-02   0.1113506774271423E-01
  0.3682500000000000E+02   0.8244549360238304E+00   0.7496283454065013E-02  -0.9199560821825392E-01   0.4127889425377840E-02   0.4192422113253851E-05   0.2329415335996063E-02   0.1102747933387002E-01
  0.3687500000000000E+02   0.8252028673057730E+00   0.7439939885532374E-02  -0.9158399596411249E-01   0.4095007052098597E-02   0.4164672692561121E-05   0.2307589107403774E-02   0.1092477922051897E-01
  0.3692500000000000E+02   0.8259464913490925E+00   0.7386950143618464E-02  -0.9117493017939915E-01   0.4064010990077895E-02   0.4138753585341795E-05   0.2286012808135559E-02   0.1082746043768159E-01
  0.3697499999999999E+02   0.8266853994588830E+00   0.7337587495043497E-02  -0.9076863170870808E-01   0.4035049686436216E-02   0.4114823977234336E-05   0.2264695994314714E-02   0.1073590216028164E-01
  0.3702500000000001E+02   0.8274191345435278E+00   0.7292043202102306E-02  -0.9036534783344408E-01   0.4008226371287754E-02   0.4092997699395421E-05   0.2243649275897362E-02   0.1065036233554685E-01
  0.3707500000000000E+02   0.8281472024957378E+00   0.7250421929745459E-02  -0.8996534596878825E-01   0.3983596612298233E-02   0.4073340416194807E-05   0.2222883960890472E-02   0.1057097181629140E-01
  0.3712500000000000E+02   0.8288690829150019E+00   0.7212737131233491E-02  -0.8956890774204307E-01   0.3961165865581989E-02   0.4055866788928370E-05   0.2202411729731895E-02   0.1049772854706182E-01
  0.3717500000000000E+02   0.8295842401060483E+00   0.7178905838488271E-02  -0.8917632293946842E-01   0.3940886704689372E-02   0.4040537289217641E-05   0.2182244311904696E-02   0.1043049093485366E-01
  0.3722500000000000E+02   0.8302921355180833E+00   0.7148742789150546E-02  -0.8878788268278248E-01   0.3922655687568011E-02   0.4027254617802342E-05   0.2162393132137493E-02   0.1036897027590244E-01
  0.3727500000000000E+02   0.8309922428394374E+00   0.7121954411584717E-02  -0.8840387116970327E-01   0.3906310144561037E-02   0.4015860016232618E-05   0.2142868894135151E-02   0.1031272296345809E-01
  0.3732500000000000E+02   0.8316840667929415E+00   0.7098133824566324E-02  -0.8802455540616860E-01   0.3891625518342567E-02   0.4006130120162292E-05   0.2123681076441536E-02   0.1026114411426500E-01
  0.3737500000000000E+02   0.8323671662410529E+00   0.7076758627897434E-02  -0.8765017259700103E-01   0.3878314225170298E-02   0.3997775358809972E-05   0.2104837328687521E-02   0.1021346513490153E-01
  0.3742500000000000E+02   0.8330411814669928E+00   0.7057193758842439E-02  -0.8728091526805848E-01   0.3866027278762930E-02   0.3990441196527939E-05   0.2086342777731736E-02   0.1016875845479813E-01
  0.3747500000000000E+02   0.8337058644507818E+00   0.7038701912775520E-02  -0.8691691476509378E-01   0.3854360039406870E-02   0.3983713651480364E-05   0.2068199281466250E-02   0.1012595296296854E-01
  0.3752500000000000E+02   0.8343611096930744E+00   0.7020463787199222E-02  -0.8655822446552952E-01   0.3842863319389694E-02   0.3977130405362858E-05   0.2050404700473456E-02   0.1008386333611340E-01
  0.3757500000000000E+02   0.8350069818633523E+00   0.7001609535278119E-02  -0.8620480473540382E-01   0.3831060598458690E-02   0.3970198336939396E-05   0.2032952288318237E-02   0.1004123519676630E-01
  0.3762500000000000E+02   0.8356437355992721E+00   0.6981261237740679E-02  -0.8585651218099544E-01   0.3818471241531686E-02   0.3962417426541096E-05   0.2015830321061980E-02   0.9996805794527594E-02
  0.3767500000000000E+02   0.8362718225719821E+00   0.6958584047663119E-02  -0.8551309585888367E-01   0.3804638435035110E-02   0.3953309755682207E-05   0.1999022085322304E-02   0.9949376844419936E-02
  0.3772499999999999E+02   0.8368918818137565E+00   0.6932841318973704E-02  -0.8517420262554698E-01   0.3789159279761751E-02   0.3942450981583734E-05   0.1982506313872124E-02   0.9897892835924208E-02
  0.3777500000000001E+02   0.8375047114006625E+00   0.6903447112580781E-02  -0.8483939266220319E-01   0.3771713433264417E-02   0.3929500549542033E-05   0.1966258097191921E-02   0.9841515418873294E-02
  0.3782500000000000E+02   0.8381112226298919E+00   0.6870008664425262E-02  -0.8450816454697119E-01   0.3752086254830255E-02   0.3914226407303374E-05   0.1950250217603537E-02   0.9779683342689785E-02
  0.3787500000000000E+02   0.8387123811572492E+00   0.6832352177921189E-02  -0.8417998743136412E-01   0.3730182832955477E-02   0.3896520386869841E-05   0.1934454768622998E-02   0.9712148552710775E-02
  0.3792500000000000E+02   0.8393091422589082E+00   0.6790527696527437E-02  -0.8385433640627082E-01   0.3706030583548525E-02   0.3876401747678110E-05   0.1918844859639857E-02   0.9638982466837849E-02
  0.3797500000000000E+02   0.8399023886397557E+00   0.6744792300470594E-02  -0.8353072645772719E-01   0.3679770012583780E-02   0.3854008345309126E-05   0.1903396184474602E-02   0.9560551425170021E-02
  0.3802500000000000E+02   0.8404928786432574E+00   0.6695574537034575E-02  -0.8320874072492879E-01   0.3651635238281463E-02   0.3829576984282709E-05   0.1888088258896949E-02   0.9477465517731393E-02
  0.3807500000000000E+02   0.8410812105309587E+00   0.6643425864155959E-02  -0.8288804996919952E-01   0.3621927434231364E-02   0.3803416175916853E-05   0.1872905198350319E-02   0.9390509067911054E-02
  0.3812500000000000E+02   0.8416678053916804E+00   0.6588966302711644E-02  -0.8256842186141389E-01   0.3590985126149823E-02   0.3775875368090687E-05   0.1857835992634414E-02   0.9300563044753041E-02
  0.3817500000000000E+02   0.8422529080993004E+00   0.6532831313580218E-02  -0.8224972041145151E-01   0.3559155174820027E-02   0.3747314651702142E-05   0.1842874315554249E-02   0.9208529398915682E-02
  0.3822500000000000E+02   0.8428366033032696E+00   0.6475625486023137E-02  -0.8193189719267990E-01   0.3526767494819615E-02   0.3718078165474841E-05   0.1828017966360639E-02   0.9115265259172788E-02
  0.3827500000000000E+02   0.8434188420844916E+00   0.6417886556344113E-02  -0.8161497675151919E-01   0.3494115427559445E-02   0.3688473260416216E-05   0.1813268068296185E-02   0.9021531963660810E-02
  0.3832500000000000E+02   0.8439994746291808E+00   0.6360061186031176E-02  -0.8129903874347122E-01   0.3461442544553546E-02   0.3658756298657945E-05   0.1798628149978821E-02   0.8927960911957022E-02
  0.3837500000000000E+02   0.8445782847842438E+00   0.6302492248048474E-02  -0.8098419905610865E-01   0.3428935738414611E-02   0.3629124997924272E-05   0.1784103216387668E-02   0.8835035825639111E-02
  0.3842500000000000E+02   0.8451550232813519E+00   0.6245416281477711E-02  -0.8067059167327595E-01   0.3396723864650987E-02   0.3599716601360027E-05   0.1769698888317853E-02   0.8743089456126106E-02
  0.3847499999999999E+02   0.8457294374180180E+00   0.6188969251091409E-02  -0.8035835248637768E-01   0.3364880911942243E-02   0.3570610841472107E-05   0.1755420661016697E-02   0.8652312039305539E-02
  0.3852500000000000E+02   0.8463012958445806E+00   0.6133198639603090E-02  -0.8004760578733572E-01   0.3333432620093430E-02   0.3541836593527086E-05   0.1741273309552655E-02   0.8562768651633209E-02
  0.3857500000000000E+02   0.8468704077365277E+00   0.6078080021057666E-02  -0.7973845383247979E-01   0.3302365532043670E-02   0.3513381173292089E-05   0.1727260452103200E-02   0.8474422807231204E-02
  0.3862500000000000E+02   0.8474366360437159E+00   0.6023536455993302E-02  -0.7943096964099261E-01   0.3271637572710988E-02   0.3485201336176022E-05   0.1713384272050003E-02   0.8387163924174193E-02
  0.3867500000000000E+02   0.8479999047724617E+00   0.5969459213266807E-02  -0.7912519304696386E-01   0.3241189338764940E-02   0.3457235122215768E-05   0.1699645393462163E-02   0.8300836538542244E-02
  0.3872500000000000E+02   0.8485602004617036E+00   0.5915728425858646E-02  -0.7882112991237933E-01   0.3210955341005572E-02   0.3429413743855853E-05   0.1686042899885726E-02   0.8215269307641368E-02
  0.3877500000000000E+02   0.8491175682337211E+00   0.5862232349748287E-02  -0.7851875428951072E-01   0.3180874476304904E-02   0.3401672742830649E-05   0.1672574481523177E-02   0.8130301947584103E-02
  0.3882500000000000E+02   0.8496721030695887E+00   0.5808883971462367E-02  -0.7821801317534627E-01   0.3150899049065147E-02   0.3373961680523604E-05   0.1659236690065453E-02   0.8045808371763781E-02
  0.3887500000000001E+02   0.8502239372699394E+00   0.5755633864236778E-02  -0.7791883333307115E-01   0.3121001747081453E-02   0.3346251709739164E-05   0.1646025273957045E-02   0.7961714522982747E-02
  0.3892500000000000E+02   0.8507732253622170E+00   0.5702478469047777E-02  -0.7762112949352662E-01   0.3091180127487404E-02   0.3318540531138973E-05   0.1632935560992825E-02   0.7878009784000673E-02
  0.3897500000000000E+02   0.8513201279331650E+00   0.5649463380205653E-02  -0.7732481313268991E-01   0.3061458387857406E-02   0.3290854468527617E-05   0.1619962851563758E-02   0.7794751415751337E-02
  0.3902499999999999E+02   0.8518647959305263E+00   0.5596681704954157E-02  -0.7702980098702372E-01   0.3031886463365364E-02   0.3263247680801889E-05   0.1607102786075293E-02   0.7712062152526164E-02
  0.3907500000000000E+02   0.8524073568517845E+00   0.5544268065240904E-02  -0.7673602253808964E-01   0.3002536761199283E-02   0.3235798820128253E-05   0.1594351654734247E-02   0.7630121771894861E-02
  0.3912500000000000E+02   0.8529479039278278E+00   0.5492389226820845E-02  -0.7644342586686037E-01   0.2973499069061395E-02   0.3208605692816179E-05   0.1581706626587928E-02   0.7549154028938116E-02
  0.3917500000000000E+02   0.8534864889698166E+00   0.5441232600455508E-02  -0.7615198151722735E-01   0.2944874314604038E-02   0.3181778636562208E-05   0.1569165885909535E-02   0.7469410695792465E-02
  0.3922500000000000E+02   0.8540231190626002E+00   0.5390993924235369E-02  -0.7586168427150219E-01   0.2916767886626176E-02   0.3155433371961124E-05   0.1556728675671811E-02   0.7391154527465320E-02
  0.3927500000000000E+02   0.8545577568469354E+00   0.5341865313551996E-02  -0.7557255297988741E-01   0.2889283161578268E-02   0.3129684021147624E-05   0.1544395257877773E-02   0.7314642796724473E-02
  0.3932500000000000E+02   0.8550903238049389E+00   0.5294024604097322E-02  -0.7528462876337927E-01   0.2862515736608568E-02   0.3104636839179357E-05   0.1532166807448117E-02   0.7240112672414438E-02
  0.3937499999999999E+02   0.8556207057835316E+00   0.5247626583114237E-02  -0.7499797200654357E-01   0.2836548690870200E-02   0.3080385014356643E-05   0.1520045259597394E-02   0.7167769253887277E-02
  0.3942500000000000E+02   0.8561487599572866E+00   0.5202796375220906E-02  -0.7471265857417653E-01   0.2811449018206412E-02   0.3057004703022177E-05   0.1508033130423958E-02   0.7097776616690682E-02
  0.3947500000000000E+02   0.8566743225148860E+00   0.5159624975947397E-02  -0.7442877564050920E-01   0.2787265226140720E-02   0.3034552304624589E-05   0.1496133327666278E-02   0.7030251846211617E-02
  0.3952500000000000E+02   0.8571972165075493E+00   0.5118166739282168E-02  -0.7414641743564565E-01   0.2764025994858865E-02   0.3013062872412436E-05   0.1484348964379664E-02   0.6965261778311482E-02
  0.3957500000000000E+02   0.8577172594769278E+00   0.5078438531926301E-02  -0.7386568111654268E-01   0.2741739739246916E-02   0.2992549498698808E-05   0.1472683183767782E-02   0.6902822037887495E-02
  0.3962500000000000E+02   0.8582342706455933E+00   0.5040420255213793E-02  -0.7358666287986537E-01   0.2720394910808676E-02   0.2973003505084761E-05   0.1461138999422308E-02   0.6842897951358728E-02
  0.3967500000000000E+02   0.8587480775790723E+00   0.5004056483448088E-02  -0.7330945436572722E-01   0.2699960902278907E-02   0.2954395294672460E-05   0.1449719152324652E-02   0.6785406976013326E-02
  0.3972500000000000E+02   0.8592585223008741E+00   0.4969259048042021E-02  -0.7303413936189673E-01   0.2680389461496074E-02   0.2936675769715647E-05   0.1438425984375474E-02   0.6730222400951981E-02
  0.3977500000000000E+02   0.8597654668587806E+00   0.4935910483934248E-02  -0.7276079080879172E-01   0.2661616568306917E-02   0.2919778268911750E-05   0.1427261327917866E-02   0.6677178194716547E-02
  0.3982500000000000E+02   0.8602687983084301E+00   0.4903868324957508E-02  -0.7248946812281210E-01   0.2643564766338864E-02   0.2903621019838223E-05   0.1416226411488954E-02   0.6626074971790506E-02
  0.3987500000000000E+02   0.8607684330126907E+00   0.4872970269545232E-02  -0.7222021489186570E-01   0.2626145960367783E-02   0.2888110122721507E-05   0.1405321783516018E-02   0.6576687098891399E-02
  0.3992500000000000E+02   0.8612643200719905E+00   0.4843040224957828E-02  -0.7195305704173738E-01   0.2609264683055820E-02   0.2873143074189530E-05   0.1394547257404403E-02   0.6528770945817637E-02
  0.3997500000000000E+02   0.8617564436252213E+00   0.4813895172639157E-02  -0.7168800161254718E-01   0.2592821799675783E-02   0.2858612800937858E-05   0.1383901882925259E-02   0.6482074198924388E-02
  0.4002500000000000E+02   0.8622448237182778E+00   0.4785352684896841E-02  -0.7142503630734764E-01   0.2576718559084874E-02   0.2844412106269706E-05   0.1373383949476328E-02   0.6436346005891747E-02
  0.4007500000000000E+02   0.8627295154503324E+00   0.4757238780695245E-02  -0.7116412996779353E-01   0.2560860822768555E-02   0.2830438346968978E-05   0.1362991026222649E-02   0.6391347531282012E-02
  0.4012499999999999E+02   0.8632106061911922E+00   0.4729395663544549E-02  -0.7090523408694216E-01   0.2545163226109011E-02   0.2816598070160933E-05   0.1352720042086837E-02   0.6346862310663356E-02
  0.4017500000000000E+02   0.8636882108174075E+00   0.4701688771814549E-02  -0.7064828538619783E-01   0.2529552965729646E-02   0.2802811270285586E-05   0.1342567405118465E-02   0.6302705643106586E-02
  0.4022499999999999E+02   0.8641624651236447E+00   0.4674012525583366E-02  -0.7039320937113558E-01   0.2513972882244906E-02   0.2789014895726516E-05   0.1332529156359483E-02   0.6258732203319108E-02
  0.4027500000000000E+02   0.8646335177958155E+00   0.4646294198971004E-02  -0.7013992465743024E-01   0.2498383532199327E-02   0.2775165258153578E-05   0.1322601148695740E-02   0.6214841118063485E-02
  0.4032500000000000E+02   0.8651015215394332E+00   0.4618495489066867E-02  -0.6988834774710473E-01   0.2482764019717446E-02   0.2761239079604745E-05   0.1312779237277812E-02   0.6170977944593667E-02
  0.4037500000000000E+02   0.8655666240966066E+00   0.4590611575472111E-02  -0.6963839786045900E-01   0.2467111478437598E-02   0.2747233043483019E-05   0.1303059465782334E-02   0.6127133288860866E-02
  0.4042500000000000E+02   0.8660289599264279E+00   0.4562667731086133E-02  -0.6939000140726825E-01   0.2451439237696671E-02   0.2733161874310178E-05   0.1293438232630889E-02   0.6083338158178022E-02
  0.4047499999999999E+02   0.8664886432565704E+00   0.4534713806720231E-02  -0.6914309571728094E-01   0.2435773847654114E-02   0.2719055128541087E-05   0.1283912423365494E-02   0.6039656492053853E-02
  0.4052500000000000E+02   0.8669457630537194E+00   0.4506817122957524E-02  -0.6889763173655405E-01   0.2420151251125572E-02   0.2704953007058867E-05   0.1274479499266423E-02   0.5996175594042445E-02
  0.4057500000000000E+02   0.8674003802416436E+00   0.4479054430269178E-02  -0.6865357551407469E-01   0.2404612458109494E-02   0.2690901579480254E-05   0.1265137537186289E-02   0.5952995354183427E-02
  0.4062500000000000E+02   0.8678525272616773E+00   0.4451503632249242E-02  -0.6841090842904285E-01   0.2389199096751221E-02   0.2676947834227950E-05   0.1255885220530453E-02   0.5910217192492666E-02
  0.4067500000000000E+02   0.8683022098608454E+00   0.4424235918095044E-02  -0.6816962622181499E-01   0.2373949187853045E-02   0.2663134942569163E-05   0.1246721785537566E-02   0.5867933584500436E-02
  0.4072499999999999E+02   0.8687494108340957E+00   0.4397308845504473E-02  -0.6792973697669924E-01   0.2358893433227440E-02   0.2649498064838701E-05   0.1237646930019639E-02   0.5826218885729374E-02
  0.4077500000000000E+02   0.8691940953478119E+00   0.4370760785761987E-02  -0.6769125825791600E-01   0.2344052238314807E-02   0.2636060951686925E-05   0.1228660693403223E-02   0.5785121995998771E-02
  0.4082500000000000E+02   0.8696362174244485E+00   0.4344607016567094E-02  -0.6745421362517268E-01   0.2329433621407637E-02   0.2622833518970272E-05   0.1219763317493718E-02   0.5744661233548347E-02
  0.4087499999999999E+02   0.8700757271549597E+00   0.4318837641981940E-02  -0.6721862876202067E-01   0.2315032104602398E-02   0.2609810512076106E-05   0.1210955097273362E-02   0.5704821645712589E-02
  0.4092500000000000E+02   0.8705125782058032E+00   0.4293417436321745E-02  -0.6698452744972083E-01   0.2300828637164094E-02   0.2596971326367181E-05   0.1202236230685946E-02   0.5665554872019241E-02
  0.4097499999999999E+02   0.8709467351840475E+00   0.4268287641535700E-02  -0.6675192762068172E-01   0.2286791565855416E-02   0.2584281010156543E-05   0.1193606676091839E-02   0.5626781586042164E-02
  0.4102500000000000E+02   0.8713781804101973E+00   0.4243369679631716E-02  -0.6652083773258988E-01   0.2272878630372755E-02   0.2571692435587937E-05   0.1185066026026678E-02   0.5588396452915151E-02
  0.4107500000000000E+02   0.8718069196285425E+00   0.4218570655434789E-02  -0.6629125371458355E-01   0.2259039915936085E-02   0.2559149570336568E-05   0.1176613405953308E-02   0.5550275426912320E-02
  0.4112500000000000E+02   0.8722329861755719E+00   0.4193790408150004E-02  -0.6606315674144647E-01   0.2245221632716434E-02   0.2546591711561386E-05   0.1168247406526971E-02   0.5512285061722335E-02
  0.4117500000000000E+02   0.8726564431524793E+00   0.4168929722112090E-02  -0.6583651207786734E-01   0.2231370512770240E-02   0.2533958452373059E-05   0.1159966057035573E-02   0.5474293314042102E-02
  0.4122499999999999E+02   0.8730773832330360E+00   0.4143899142753614E-02  -0.6561126918896376E-01   0.2217438527515613E-02   0.2521195049133623E-05   0.1151766845681649E-02   0.5436181108575162E-02
  0.4127500000000000E+02   0.8734959258993722E+00   0.4118627694035304E-02  -0.6538736322684824E-01   0.2203387549014583E-02   0.2508257763819258E-05   0.1143646788990085E-02   0.5397853739775308E-02
  0.4132500000000000E+02   0.8739122121337717E+00   0.4093070699462995E-02  -0.6516471787695333E-01   0.2189193528386881E-02   0.2495118694604404E-05   0.1135602547966931E-02   0.5359251066377471E-02
  0.4137500000000000E+02   0.8743263968789068E+00   0.4067215910619258E-02  -0.6494324939583929E-01   0.2174849766065717E-02   0.2481769604698700E-05   0.1127630583263195E-02   0.5320355461233719E-02
  0.4142500000000000E+02   0.8747386398641460E+00   0.4041087270008496E-02  -0.6472287151989353E-01   0.2160368914706359E-02   0.2468224330296164E-05   0.1119727336469480E-02   0.5281196643591284E-02
  0.4147500000000000E+02   0.8751490956218200E+00   0.4014745876587737E-02  -0.6450350080367229E-01   0.2145783485046043E-02   0.2454519492651944E-05   0.1111889420908893E-02   0.5241852839997158E-02
  0.4152500000000000E+02   0.8755579036298197E+00   0.3988288047909420E-02  -0.6428506188691463E-01   0.2131144799265467E-02   0.2440713436331272E-05   0.1104113803872339E-02   0.5202448147515951E-02
  0.4157500000000000E+02   0.8759651794841213E+00   0.3961840721536240E-02  -0.6406749220723984E-01   0.2116520522873800E-02   0.2426883528879122E-05   0.1096397963620613E-02   0.5163146429059902E-02
  0.4162500000000000E+02   0.8763710078302913E+00   0.3935554739818041E-02  -0.6385074576927763E-01   0.2101991067146697E-02   0.2413122143443990E-05   0.1088740008447579E-02   0.5124142463205012E-02
  0.4167500000000000E+02   0.8767754375053981E+00   0.3909596756771303E-02  -0.6363479572972119E-01   0.2087645257930159E-02   0.2399531768399054E-05   0.1081138750800386E-02   0.5085651322528691E-02
  0.4172500000000000E+02   0.8771784790231570E+00   0.3884140562107532E-02  -0.6341963572829179E-01   0.2073575696372766E-02   0.2386219726605799E-05   0.1073593735643352E-02   0.5047897024641310E-02
  0.4177500000000000E+02   0.8775801042422232E+00   0.3859358538562202E-02  -0.6320528005121584E-01   0.2059874194622488E-02   0.2373292942663102E-05   0.1066105227676188E-02   0.5011101393556755E-02
  0.4182500000000000E+02   0.8779802478435835E+00   0.3835413787586147E-02  -0.6299176282809349E-01   0.2046627572433224E-02   0.2360853088712685E-05   0.1058674165736295E-02   0.4975473829640344E-02
  0.4187500000000000E+02   0.8783788101365618E+00   0.3812453225029408E-02  -0.6277913651977307E-01   0.2033913975662281E-02   0.2348992298203966E-05   0.1051302094294886E-02   0.4941202379631838E-02
  0.4192500000000000E+02   0.8787756607163575E+00   0.3790601714330539E-02  -0.6256746995285234E-01   0.2021799752425859E-02   0.2337789494013260E-05   0.1043991081464711E-02   0.4908446191742730E-02
  0.4197499999999999E+02   0.8791706425912992E+00   0.3769957111860922E-02  -0.6235684610539205E-01   0.2010336819610944E-02   0.2327307258387375E-05   0.1036743630804365E-02   0.4877329189135561E-02
  0.4202500000000001E+02   0.8795635765560693E+00   0.3750585974472088E-02  -0.6214735976390928E-01   0.1999560385908778E-02   0.2317589094323795E-05   0.1029562591036697E-02   0.4847934633029622E-02
  0.4207500000000000E+02   0.8799542657766346E+00   0.3732519635758281E-02  -0.6193911507053140E-01   0.1989486874318890E-02   0.2308656899582551E-05   0.1022451064213481E-02   0.4820300190357546E-02
  0.4212500000000000E+02   0.8803425007443901E+00   0.3715750397923275E-02  -0.6173222287687996E-01   0.1980111908626108E-02   0.2300508497833164E-05   0.1015412309398512E-02   0.4794413173366884E-02
  0.4217500000000000E+02   0.8807280649250371E+00   0.3700227707994839E-02  -0.6152679773171155E-01   0.1971408293306295E-02   0.2293115145498073E-05   0.1008449636070069E-02   0.4770205775977552E-02
  0.4222500000000000E+02   0.8811107415460839E+00   0.3685854385226006E-02  -0.6132295426632561E-01   0.1963324021812595E-02   0.2286419054932788E-05   0.1001566279599592E-02   0.4747550386666517E-02
  0.4227500000000000E+02   0.8814903220059973E+00   0.3672483231370716E-02  -0.6112080272096831E-01   0.1955780489126796E-02   0.2280331139288326E-05   0.9947652508310561E-03   0.4726255397433234E-02
  0.4232500000000000E+02   0.8818666163122021E+00   0.3659914667403746E-02  -0.6092044339585168E-01   0.1948671250303086E-02   0.2274729379933977E-05   0.9880491535321969E-03   0.4706062327380202E-02
  0.4237500000000000E+02   0.8822394657252541E+00   0.3647896359625115E-02  -0.6072195993271190E-01   0.1941861836439712E-02   0.2269458419426679E-05   0.9814199679092739E-03   0.4686645486880612E-02
  0.4242500000000000E+02   0.8826087573712996E+00   0.3636126055561745E-02  -0.6052541155357738E-01   0.1935191276208271E-02   0.2264331148598865E-05   0.9748788058871805E-03   0.4667615735599643E-02
  0.4247500000000000E+02   0.8829744399827886E+00   0.3624258942429767E-02  -0.6033082470342366E-01   0.1928476019917269E-02   0.2259133120708983E-05   0.9684256543190251E-03   0.4648530003279339E-02
  0.4252500000000000E+02   0.8833365391960820E+00   0.3611920642556217E-02  -0.6013818493189360E-01   0.1921516857398064E-02   0.2253630509332302E-05   0.9620591345199732E-03   0.4628907986452177E-02
  0.4257500000000000E+02   0.8836951701181939E+00   0.3598726359348517E-02  -0.5994743022964599E-01   0.1914109101487618E-02   0.2247581958013855E-05   0.9557763178844206E-03   0.4608256665368220E-02
  0.4262500000000000E+02   0.8840505444070466E+00   0.3584305648689912E-02  -0.5975844728304280E-01   0.1906055756806625E-02   0.2240754023684750E-05   0.9495726437967293E-03   0.4586101959162481E-02
  0.4267500000000000E+02   0.8844029691685722E+00   0.3568330926648321E-02  -0.5957107207899481E-01   0.1897182668836436E-02   0.2232939059801681E-05   0.9434419829984453E-03   0.4562025098269211E-02
  0.4272499999999999E+02   0.8847528357785671E+00   0.3550546436956718E-02  -0.5938509586369289E-01   0.1887353911437809E-02   0.2223973505799086E-05   0.9373768737447585E-03   0.4535699526949582E-02
  0.4277500000000000E+02   0.8851005983085505E+00   0.3530793441714275E-02  -0.5920027662359939E-01   0.1876485161497893E-02   0.2213753929203727E-05   0.9313689297892374E-03   0.4506922930602539E-02
  0.4282500000000000E+02   0.8854467432942871E+00   0.3509027318458424E-02  -0.5901635516268933E-01   0.1864552767580307E-02   0.2202248092540822E-05   0.9254093839235762E-03   0.4475638888327250E-02
  0.4287500000000000E+02   0.8857917545753616E+00   0.3485323284307059E-02  -0.5883307379298197E-01   0.1851596771655165E-02   0.2189498944837700E-05   0.9194896983614665E-03   0.4441943983118274E-02
  0.4292500000000000E+02   0.8861360782010274E+00   0.3459869474435124E-02  -0.5865019498298563E-01   0.1837717209901897E-02   0.2175620681416362E-05   0.9136021546366654E-03   0.4406078768196267E-02
  0.4297500000000000E+02   0.8864800924753228E+00   0.3432948535599359E-02  -0.5846751726835886E-01   0.1823064311939321E-02   0.2160787541187891E-05   0.9077403380388919E-03   0.4368404094893907E-02
  0.4302500000000000E+02   0.8868240870527665E+00   0.3404911021078432E-02  -0.5828488634744922E-01   0.1807824347148944E-02   0.2145217357568543E-05   0.9018994546941279E-03   0.4329367017046823E-02
  0.4307500000000000E+02   0.8871682529923171E+00   0.3376145077166215E-02  -0.5810220034988778E-01   0.1792203505741470E-02   0.2129152657546942E-05   0.8960764554841505E-03   0.4289462015956687E-02
  0.4312500000000000E+02   0.8875126834887200E+00   0.3347046948926484E-02  -0.5791940942979845E-01   0.1776412221220192E-02   0.2112842152375089E-05   0.8902699784894369E-03   0.4249193328686987E-02
  0.4317500000000000E+02   0.8878573832503123E+00   0.3317995881969651E-02  -0.5773651076506481E-01   0.1760651834585927E-02   0.2096524887010383E-05   0.8844801501336479E-03   0.4209042939798599E-02
  0.4322500000000000E+02   0.8882022835405897E+00   0.3289335511867953E-02  -0.5755354054936312E-01   0.1745104710661943E-02   0.2080418394645963E-05   0.8787082992374395E-03   0.4169446894485838E-02
  0.4327499999999999E+02   0.8885472597774378E+00   0.3261362314155635E-02  -0.5737056462854839E-01   0.1729928109485816E-02   0.2064711251227175E-05   0.8729566379973604E-03   0.4130780649521302E-02
  0.4332500000000000E+02   0.8888921490747258E+00   0.3234320498437965E-02  -0.5718766917144225E-01   0.1715251483609466E-02   0.2049559672888982E-05   0.8672279537041903E-03   0.4093352660438586E-02
  0.4337500000000000E+02   0.8892367659080908E+00   0.3208402023813301E-02  -0.5700495234091241E-01   0.1701176497044132E-02   0.2035087346886914E-05   0.8615253403066011E-03   0.4057404504467853E-02
  0.4342500000000000E+02   0.8895809149169052E+00   0.3183750165014597E-02  -0.5682251748961764E-01   0.1687778930292449E-02   0.2021387521578323E-05   0.8558519843490480E-03   0.4023115526289901E-02
  0.4347500000000000E+02   0.8899244005435247E+00   0.3160465145023531E-02  -0.5664046803847222E-01   0.1675111682208784E-02   0.2008526427307158E-05   0.8502110081592934E-03   0.3990610107824574E-02
  0.4352500000000000E+02   0.8902670336887196E+00   0.3138610622505267E-02  -0.5645890394200737E-01   0.1663208224643328E-02   0.1996547265656504E-05   0.8446053654075106E-03   0.3959966014498473E-02
  0.4357500000000000E+02   0.8906086358335855E+00   0.3118220158100457E-02  -0.5627791950072303E-01   0.1652086044469130E-02   0.1985474212121659E-05   0.8390377800348232E-03   0.3931222701214322E-02
  0.4362499999999999E+02   0.8909490411870322E+00   0.3099303102049086E-02  -0.5609760222289806E-01   0.1641749776962094E-02   0.1975316075905456E-05   0.8335107181820090E-03   0.3904388868995011E-02
  0.4367500000000000E+02   0.8912880974181472E+00   0.3081849606944226E-02  -0.5591803243839699E-01   0.1632193873432463E-02   0.1966069424618834E-05   0.8280263831524487E-03   0.3879448897274462E-02
  0.4372500000000000E+02   0.8916256654718951E+00   0.3065834662886375E-02  -0.5573928339950862E-01   0.1623404748809170E-02   0.1957721103910206E-05   0.8225867247864640E-03   0.3856368023569610E-02
  0.4377500000000000E+02   0.8919616188792276E+00   0.3051221183889731E-02  -0.5556142165041200E-01   0.1615362424744316E-02   0.1950250165798158E-05   0.8171934563232449E-03   0.3835096309608344E-02
  0.4382500000000000E+02   0.8922958428800271E+00   0.3037962256996319E-02  -0.5538450749618518E-01   0.1608041727615456E-02   0.1943629272607156E-05   0.8118480735351746E-03   0.3815571537560114E-02
  0.4387500000000000E+02   0.8926282335900715E+00   0.3026002712860501E-02  -0.5520859544867207E-01   0.1601413125841000E-02   0.1937825674358317E-05   0.8065518724728959E-03   0.3797721239405207E-02
  0.4392500000000000E+02   0.8929586973650472E+00   0.3015280199800347E-02  -0.5503373456806371E-01   0.1595443303164948E-02   0.1932801873227824E-05   0.8013059635102025E-03   0.3781464091113396E-02
  0.4397500000000000E+02   0.8932871504452645E+00   0.3005725950062879E-02  -0.5485996865587150E-01   0.1590095568054764E-02   0.1928516093981744E-05   0.7961112805400281E-03   0.3766710910965031E-02
  0.4402500000000000E+02   0.8936135189024501E+00   0.2997265421309915E-02  -0.5468733628799771E-01   0.1585330196223341E-02   0.1924922676596865E-05   0.7909685851819686E-03   0.3753365493238696E-02
  0.4407500000000000E+02   0.8939377388535089E+00   0.2989818979231818E-02  -0.5451587070650465E-01   0.1581104794147065E-02   0.1921972497238159E-05   0.7858784667430835E-03   0.3741325486176277E-02
  0.4412500000000000E+02   0.8942597568557046E+00   0.2983302758150989E-02  -0.5434559961536400E-01   0.1577374756008939E-02   0.1919613505939242E-05   0.7808413394285013E-03   0.3730483486001523E-02
  0.4417500000000000E+02   0.8945795303556526E+00   0.2977629794559157E-02  -0.5417654494765978E-01   0.1574093864268983E-02   0.1917791443051344E-05   0.7758574388929802E-03   0.3720728465749944E-02
  0.4422499999999999E+02   0.8948970280351800E+00   0.2972711473928892E-02  -0.5400872268718593E-01   0.1571215055160543E-02   0.1916450761825698E-05   0.7709268205987464E-03   0.3711947589076155E-02
  0.4427500000000000E+02   0.8952122298859367E+00   0.2968459266420278E-02  -0.5384214283321354E-01   0.1568691336194762E-02   0.1915535742947462E-05   0.7660493625219313E-03   0.3704028378303261E-02
  0.4432500000000000E+02   0.8955251268567709E+00   0.2964786657979683E-02  -0.5367680959074272E-01   0.1566476806247081E-02   0.1914991742065906E-05   0.7612247744645537E-03   0.3696861119917202E-02
  0.4437499999999999E+02   0.8958357199562123E+00   0.2961611118539849E-02  -0.5351272184824396E-01   0.1564527694615773E-02   0.1914766468983928E-05   0.7564526155516520E-03   0.3690341310369492E-02
  0.4442500000000000E+02   0.8961440187559441E+00   0.2958855899177591E-02  -0.5334987397131385E-01   0.1562803309175247E-02   0.1914811164063917E-05   0.7517323204580839E-03   0.3684371883576828E-02
  0.4447499999999999E+02   0.8964500393239367E+00   0.2956451425498920E-02  -0.5318825689693385E-01   0.1561266770841631E-02   0.1915081520364920E-05   0.7470632336226589E-03   0.3678864931650934E-02
  0.4452500000000000E+02   0.8967538017074191E+00   0.2954336062706296E-02  -0.5302785946474109E-01   0.1559885415972434E-02   0.1915538204080072E-05   0.7424446493414913E-03   0.3673742641347342E-02
  0.4457500000000000E+02   0.8970553271725834E+00   0.2952456071246893E-02  -0.5286866987599625E-01   0.1558630771331543E-02   0.1916146852824566E-05   0.7378758543948922E-03   0.3668937223411507E-02
  0.4462500000000000E+02   0.8973546354761975E+00   0.2950764647107054E-02  -0.5271067713498367E-01   0.1557478045980004E-02   0.1916877479169368E-05   0.7333561689534660E-03   0.3664389705859195E-02
  0.4467500000000000E+02   0.8976517424832117E+00   0.2949220038777494E-02  -0.5255387230715880E-01   0.1556405136173411E-02   0.1917703269928605E-05   0.7288849810788967E-03   0.3660047584020149E-02
  0.4472499999999999E+02   0.8979466584479224E+00   0.2947782841447282E-02  -0.5239824942663973E-01   0.1555391196599037E-02   0.1918598842286900E-05   0.7244617702527539E-03   0.3655861454633529E-02
  0.4477500000000000E+02   0.8982393872435658E+00   0.2946412675384822E-02  -0.5224380590301181E-01   0.1554414887360421E-02   0.1919538087687516E-05   0.7200861160206715E-03   0.3651780892608334E-02
  0.4482500000000000E+02   0.8985299267599642E+00   0.2945064548956957E-02  -0.5209054231192778E-01   0.1553452455332546E-02   0.1920491796452828E-05   0.7157576889527820E-03   0.3647749943922631E-02
  0.4487500000000000E+02   0.8988182705967909E+00   0.2943685279617730E-02  -0.5193846150260595E-01   0.1552475846812249E-02   0.1921425305262554E-05   0.7114762225911182E-03   0.3643702697078185E-02
  0.4492500000000000E+02   0.8991044110669384E+00   0.2942210393336576E-02  -0.5178756701498022E-01   0.1551451073086203E-02   0.1922296442388843E-05   0.7072414667810932E-03   0.3639559452349290E-02
  0.4497499999999999E+02   0.8993883433952977E+00   0.2940561940034254E-02  -0.5163786086732913E-01   0.1550337059387229E-02   0.1923054059007939E-05   0.7030531246842175E-03   0.3635224027642315E-02
  0.4502500000000000E+02   0.8996700708575469E+00   0.2938647644191745E-02  -0.5148934084929913E-01   0.1549085197852715E-02   0.1923637425210389E-05   0.6989107777679914E-03   0.3630582715586468E-02
  0.4507500000000000E+02   0.8999496104581223E+00   0.2936361748271439E-02  -0.5134199753175017E-01   0.1547639792544582E-02   0.1923976731295081E-05   0.6948138050603168E-03   0.3625505329327042E-02
  0.4512499999999999E+02   0.9002269986084324E+00   0.2933587793296408E-02  -0.5119581127745498E-01   0.1545939524806559E-02   0.1923994862603409E-05   0.6907613047609901E-03   0.3619848633945966E-02
  0.4517500000000000E+02   0.9005022961553609E+00   0.2930203409967398E-02  -0.5105074959497613E-01   0.1543919977130889E-02   0.1923610505302546E-05   0.6867520276381540E-03   0.3613462249400701E-02
  0.4522500000000000E+02   0.9007755920534278E+00   0.2926086967759193E-02  -0.5090676520770399E-01   0.1541517134720464E-02   0.1922742492535872E-05   0.6827843321245859E-03   0.3606196832816906E-02
  0.4527500000000000E+02   0.9010470050018500E+00   0.2921125665969861E-02  -0.5076379519516749E-01   0.1538671645257388E-02   0.1921315126305802E-05   0.6788561702650030E-03   0.3597914024434322E-02
  0.4532500000000000E+02   0.9013166825044884E+00   0.2915224385308234E-02  -0.5062176149156639E-01   0.1535333477776117E-02   0.1919264033507890E-05   0.6749651113555312E-03   0.3588497316290539E-02
  0.4537500000000000E+02   0.9015847970629562E+00   0.2908314402575149E-02  -0.5048057289351826E-01   0.1531466507977515E-02   0.1916541968457521E-05   0.6711084062335786E-03   0.3577862738792745E-02
  0.4542500000000000E+02   0.9018515395600581E+00   0.2900360960987406E-02  -0.5034012854633330E-01   0.1527052499621657E-02   0.1913123896750059E-05   0.6672830900929221E-03   0.3565968127134314E-02
  0.4547499999999999E+02   0.9021171102804630E+00   0.2891368730001040E-02  -0.5020032267297148E-01   0.1522093973614556E-02   0.1909010717008432E-05   0.6634861162085293E-03   0.3552819782436860E-02
  0.4552500000000000E+02   0.9023817083733894E+00   0.2881384397007010E-02  -0.5006105012155349E-01   0.1516615566387561E-02   0.1904231109556679E-05   0.6597145081405022E-03   0.3538475600722173E-02
  0.4557500000000000E+02   0.9026455208094109E+00   0.2870495983930832E-02  -0.4992221217727844E-01   0.1510663663924352E-02   0.1898841228893665E-05   0.6559655149306194E-03   0.3523044175191141E-02
  0.4562500000000000E+02   0.9029087119616863E+00   0.2858828910096655E-02  -0.4978372204366888E-01   0.1504304323351130E-02   0.1892922238315642E-05   0.6522367532563753E-03   0.3506679904318609E-02
  0.4567500000000000E+02   0.9031714148324672E+00   0.2846539241104612E-02  -0.4964550945593160E-01   0.1497619714236841E-02   0.1886575962596638E-05   0.6485263226150138E-03   0.3489574652190300E-02
  0.4572500000000000E+02   0.9034337246771730E+00   0.2833804886839217E-02  -0.4950752403080860E-01   0.1490703481871155E-02   0.1879919151735401E-05   0.6448328838568110E-03   0.3471946903830857E-02
  0.4577500000000000E+02   0.9036956954168390E+00   0.2820815682524093E-02  -0.4936973714774129E-01   0.1483655524525673E-02   0.1873076966506983E-05   0.6411556967576580E-03   0.3454029566510051E-02
  0.4582500000000000E+02   0.9039573388575605E+00   0.2807763289430564E-02  -0.4923214235216899E-01   0.1476576677916352E-02   0.1866176303517356E-05   0.6374946176266140E-03   0.3436057569408378E-02
  0.4587500000000000E+02   0.9042186264263519E+00   0.2794831712284066E-02  -0.4909475443454525E-01   0.1469563726416359E-02   0.1859339489692468E-05   0.6338500621706222E-03   0.3418256240675455E-02
  0.4592500000000000E+02   0.9044794929334168E+00   0.2782189002366426E-02  -0.4895760744357358E-01   0.1462705040354631E-02   0.1852678728497304E-05   0.6302229413905608E-03   0.3400831159163792E-02
  0.4597500000000000E+02   0.9047398417944488E+00   0.2769980461310942E-02  -0.4882075193226953E-01   0.1456077004906282E-02   0.1846291513788756E-05   0.6266145790515426E-03   0.3383959864929276E-02
  0.4602500000000000E+02   0.9049995511773316E+00   0.2758323434761176E-02  -0.4868425171916180E-01   0.1449741287130932E-02   0.1840257078040356E-05   0.6230266185508802E-03   0.3367785534458966E-02
  0.4607500000000000E+02   0.9052584806413488E+00   0.2747303622901408E-02  -0.4854818039224040E-01   0.1443742902312172E-02   0.1834633833665062E-05   0.6194609253277854E-03   0.3352412526995085E-02
  0.4612500000000000E+02   0.9055164779734817E+00   0.2736972750737972E-02  -0.4841261771134897E-01   0.1438108996440933E-02   0.1829457709365141E-05   0.6159194889063216E-03   0.3337903604742017E-02
  0.4617500000000000E+02   0.9057733860586273E+00   0.2727347431320206E-02  -0.4827764599503404E-01   0.1432848256554650E-02   0.1824741275986623E-05   0.6124043267520222E-03   0.3324278617567724E-02
  0.4622499999999999E+02   0.9060290497201220E+00   0.2718409103834007E-02  -0.4814334652540475E-01   0.1427950886255249E-02   0.1820473588033085E-05   0.6089173907309819E-03   0.3311514502255908E-02
  0.4627500000000000E+02   0.9062833225155194E+00   0.2710105012592334E-02  -0.4800979597890354E-01   0.1423389127926508E-02   0.1816620722709753E-05   0.6054604763113306E-03   0.3299546549046926E-02
  0.4632500000000000E+02   0.9065360734619266E+00   0.2702350286030585E-02  -0.4787706289636517E-01   0.1419118362094687E-02   0.1813127060671657E-05   0.6020351348200210E-03   0.3288271001861721E-02
  0.4637500000000000E+02   0.9067871935967409E+00   0.2695031249687347E-02  -0.4774520424158368E-01   0.1415078853733107E-02   0.1809917403323643E-05   0.5986425900084620E-03   0.3277549150070334E-02
  0.4642500000000000E+02   0.9070366021646693E+00   0.2688010137791939E-02  -0.4761426215785980E-01   0.1411198231444685E-02   0.1806900042947171E-05   0.5952836617038625E-03   0.3267213107351007E-02
  0.4647500000000000E+02   0.9072842520823236E+00   0.2681131332576911E-02  -0.4748426110517556E-01   0.1407394766876896E-02   0.1803970879062033E-05   0.5919587011104769E-03   0.3257073430589735E-02
  0.4652500000000001E+02   0.9075301341998684E+00   0.2674229145617854E-02  -0.4735520562972284E-01   0.1403581461538132E-02   0.1801018597946557E-05   0.5886675439307887E-03   0.3246928593073492E-02
  0.4657500000000000E+02   0.9077742797953753E+00   0.2667136963000290E-02  -0.4722707906140833E-01   0.1399670847263822E-02   0.1797930802682556E-05   0.5854094883719859E-03   0.3236576093570419E-02
  0.4662500000000000E+02   0.9080167607428483E+00   0.2659697327957440E-02  -0.4709984343208518E-01   0.1395580276498716E-02   0.1794600812782423E-05   0.5821833047710880E-03   0.3225824683105893E-02
  0.4667500000000000E+02   0.9082576869201802E+00   0.2651772275210270E-02  -0.4697344084148236E-01   0.1391237342614918E-02   0.1790934674982537E-05   0.5789872816582767E-03   0.3214506878188585E-02
  0.4672500000000000E+02   0.9084972006757619E+00   0.2643253022201977E-02  -0.4684779636533598E-01   0.1386584960997014E-02   0.1786857781723313E-05   0.5758193095562672E-03   0.3202490677530637E-02
  0.4677499999999999E+02   0.9087354685254670E+00   0.2634068028797110E-02  -0.4672282241510839E-01   0.1381585592697429E-02   0.1782320425539191E-05   0.5726769991067538E-03   0.3189689287569547E-02
  0.4682500000000000E+02   0.9089726706436259E+00   0.2624188507070679E-02  -0.4659842425320049E-01   0.1376224129383860E-02   0.1777301659543159E-05   0.5695578250824460E-03   0.3176067748539456E-02
  0.4687500000000000E+02   0.9092089890577395E+00   0.2613630708204556E-02  -0.4647450618617566E-01   0.1370509087151301E-02   0.1771810995460680E-05   0.5664592836070296E-03   0.3161645651293521E-02
  0.4692500000000000E+02   0.9094445956729371E+00   0.2602454698863055E-02  -0.4635097784527464E-01   0.1364471958972354E-02   0.1765887728466924E-05   0.5633790475246714E-03   0.3146495602457315E-02
  0.4697499999999999E+02   0.9096796412822350E+00   0.2590759787965252E-02  -0.4622775994795880E-01   0.1358164810827316E-02   0.1759597981229868E-05   0.5603151049865927E-03   0.3130737638676387E-02
  0.4702500000000000E+02   0.9099142465538140E+00   0.2578677179976980E-02  -0.4610478902087822E-01   0.1351656424257601E-02   0.1753029842848550E-05   0.5572658689590016E-03   0.3114530292805923E-02
  0.4707500000000000E+02   0.9101484956688990E+00   0.2566360726155033E-02  -0.4598202073141144E-01   0.1345027442838431E-02   0.1746287182635022E-05   0.5542302498561119E-03   0.3098059371202601E-02
  0.4712500000000000E+02   0.9103824328915916E+00   0.2553976769709422E-02  -0.4585943168074758E-01   0.1338365045209392E-02   0.1739482808402036E-05   0.5512076887843877E-03   0.3081525650454652E-02
  0.4717500000000000E+02   0.9106160619733144E+00   0.2541694031018634E-02  -0.4573701971011745E-01   0.1331757640984107E-02   0.1732731610443086E-05   0.5481981537920326E-03   0.3065132639873965E-02
  0.4722500000000000E+02   0.9108493480013956E+00   0.2529674293119958E-02  -0.4561480292549147E-01   0.1325289988190412E-02   0.1726144210655270E-05   0.5452021051532447E-03   0.3049075329491746E-02
  0.4727500000000000E+02   0.9110822211331273E+00   0.2518064388127281E-02  -0.4549281773420022E-01   0.1319038994630676E-02   0.1719821462989236E-05   0.5422204376349801E-03   0.3033530527907259E-02
  0.4732500000000000E+02   0.9113145816169310E+00   0.2506989717396582E-02  -0.4537111620765977E-01   0.1313070325002824E-02   0.1713849970857212E-05   0.5392544079221434E-03   0.3018649069371807E-02
  0.4737500000000000E+02   0.9115463055669041E+00   0.2496549313951811E-02  -0.4524976305039752E-01   0.1307435817941354E-02   0.1708298634711706E-05   0.5363055542890997E-03   0.3004549897588076E-02
  0.4742500000000000E+02   0.9117772510870331E+00   0.2486812305085714E-02  -0.4512883238731713E-01   0.1302171638139995E-02   0.1703216139725804E-05   0.5333756137429241E-03   0.2991315851269069E-02
  0.4747500000000000E+02   0.9120072644956332E+00   0.2477815564878629E-02  -0.4500840450018784E-01   0.1297297052955644E-02   0.1698629245855159E-05   0.5304664397716239E-03   0.2978990893902657E-02
  0.4752500000000000E+02   0.9122361865440224E+00   0.2469562352997415E-02  -0.4488856256908247E-01   0.1292813726343863E-02   0.1694541745864373E-05   0.5275799219542354E-03   0.2967578537992540E-02
  0.4757500000000000E+02   0.9124638586307326E+00   0.2462021800029821E-02  -0.4476938941819597E-01   0.1288705456439609E-02   0.1690933999626452E-05   0.5247179073351297E-03   0.2957041290972094E-02
  0.4762500000000000E+02   0.9126901290680666E+00   0.2455129198636855E-02  -0.4465096423632098E-01   0.1284938334958539E-02   0.1687763020311162E-05   0.5218821228048238E-03   0.2947301069183750E-02
  0.4767500000000000E+02   0.9129148594543026E+00   0.2448787170251136E-02  -0.4453335924401258E-01   0.1281461364424821E-02   0.1684963163877515E-05   0.5190740978262790E-03   0.2938240659156132E-02
  0.4772500000000000E+02   0.9131379311422473E+00   0.2442867874808744E-02  -0.4441663631215920E-01   0.1278207620411625E-02   0.1682447541048996E-05   0.5162950876700429E-03   0.2929706422920324E-02
  0.4777500000000000E+02   0.9133592516803944E+00   0.2437216492090982E-02  -0.4430084359647857E-01   0.1275096077965943E-02   0.1680110314057227E-05   0.5135459987547865E-03   0.2921512517570516E-02
  0.4782500000000000E+02   0.9135787609525259E+00   0.2431656205090334E-02  -0.4418601233106612E-01   0.1272034222380824E-02   0.1677830043062127E-05   0.5108273195108913E-03   0.2913446901755369E-02
  0.4787499999999999E+02   0.9137964365811819E+00   0.2425994840453330E-02  -0.4407215400794040E-01   0.1268921525105087E-02   0.1675474196494447E-05   0.5081390620566610E-03   0.2905279311950975E-02
  0.4792500000000000E+02   0.9140122980261789E+00   0.2420033160689977E-02  -0.4395925823965319E-01   0.1265653781780261E-02   0.1672904829693004E-05   0.5054807214515092E-03   0.2896771200036488E-02
  0.4797500000000000E+02   0.9142264087437419E+00   0.2413574566568493E-02  -0.4384729163626810E-01   0.1262128185935306E-02   0.1669985272820624E-05   0.5028512598625116E-03   0.2887687341868295E-02
  0.4802500000000000E+02   0.9144388758151671E+00   0.2406435687272653E-02  -0.4373619800529216E-01   0.1258248865142117E-02   0.1666587473302675E-05   0.5002491221933797E-03   0.2877808491752045E-02
  0.4807500000000000E+02   0.9146498466313487E+00   0.2398457064281831E-02  -0.4362590009035983E-01   0.1253932464559863E-02   0.1662599446905011E-05   0.4976722873283261E-03   0.2866944134215909E-02
  0.4812499999999999E+02   0.9148595025273817E+00   0.2389512940613801E-02  -0.4351630290353548E-01   0.1249113261348568E-02   0.1657932152338838E-05   0.4951183552488555E-03   0.2854944153530616E-02
  0.4817500000000000E+02   0.9150680496589638E+00   0.2379519115309650E-02  -0.4340729849834901E-01   0.1243747266508672E-02   0.1652525062809292E-05   0.4925846654459974E-03   0.2841708180804203E-02
  0.4822500000000000E+02   0.9152757078244922E+00   0.2368437954314203E-02  -0.4329877181532327E-01   0.1237814839439619E-02   0.1646349793351562E-05   0.4900684372188953E-03   0.2827191536354593E-02
  0.4827500000000000E+02   0.9154826982712088E+00   0.2356279960286705E-02  -0.4319060705705169E-01   0.1231321503355686E-02   0.1639411354377523E-05   0.4875669187338059E-03   0.2811407057745349E-02
  0.4832500000000000E+02   0.9156892316978856E+00   0.2343101742972992E-02  -0.4308269395901598E-01   0.1224296879250211E-02   0.1631746904364223E-05   0.4850775300599952E-03   0.2794422628639773E-02
  0.4837500000000000E+02   0.9158954976346685E+00   0.2329000708298833E-02  -0.4297493333914759E-01   0.1216791905161340E-02   0.1623422206001661E-05   0.4825979862619606E-03   0.2776354792588303E-02
  0.4842500000000000E+02   0.9161016561501013E+00   0.2314107196540160E-02  -0.4286724142980203E-01   0.1208874722873900E-02   0.1614526279612058E-05   0.4801263898218683E-03   0.2757359327495167E-02
  0.4847499999999999E+02   0.9163078324634779E+00   0.2298575065569404E-02  -0.4275955269029896E-01   0.1200625752928373E-02   0.1605164937350749E-05   0.4776612864178638E-03   0.2737619972723203E-02
  0.4852500000000000E+02   0.9165141146151475E+00   0.2282571794614670E-02  -0.4265182102064191E-01   0.1192132520191427E-02   0.1595453942829451E-05   0.4752016832960002E-03   0.2717336594405104E-02
  0.4857500000000000E+02   0.9167205539576483E+00   0.2266269086667817E-02  -0.4254401950074960E-01   0.1183484741244243E-02   0.1585512478683140E-05   0.4727470340773260E-03   0.2696713957045925E-02
  0.4862499999999999E+02   0.9169271679430023E+00   0.2249834721901398E-02  -0.4243613892977771E-01   0.1174770066712244E-02   0.1575457451817035E-05   0.4702971970836912E-03   0.2675951998756395E-02
  0.4867500000000000E+02   0.9171339445265783E+00   0.2233426126797983E-02  -0.4232818552099737E-01   0.1166070721217280E-02   0.1565398968444531E-05   0.4678523758455418E-03   0.2655238163123564E-02
  0.4872499999999999E+02   0.9173408474809749E+00   0.2217185837884586E-02  -0.4222017812168755E-01   0.1157461134197022E-02   0.1555437112886413E-05   0.4654130504925598E-03   0.2634741998976846E-02
  0.4877500000000000E+02   0.9175478219852173E+00   0.2201238801200178E-02  -0.4211214528984419E-01   0.1149006530553748E-02   0.1545659997943682E-05   0.4629799076214420E-03   0.2614611955309084E-02
  0.4882500000000000E+02   0.9177547999857057E+00   0.2185691282172505E-02  -0.4200412249087693E-01   0.1140762363119715E-02   0.1536142937193982E-05   0.4605537744846879E-03   0.2594974100080712E-02
  0.4887500000000000E+02   0.9179617049781479E+00   0.2170631068164444E-02  -0.4189614959753130E-01   0.1132774420670907E-02   0.1526948523212720E-05   0.4581355614070068E-03   0.2575932381720462E-02
  0.4892500000000000E+02   0.9181684560055269E+00   0.2156128616406522E-02  -0.4178826880002640E-01   0.1125079429838743E-02   0.1518127373129748E-05   0.4557262145468388E-03   0.2557570017401675E-02
  0.4897499999999999E+02   0.9183749707889539E+00   0.2142238815729118E-02  -0.4168052296971125E-01   0.1117705977534572E-02   0.1509719312092586E-05   0.4533266796670755E-03   0.2539951611473806E-02
  0.4902500000000000E+02   0.9185811679991788E+00   0.2129003073254993E-02  -0.4157295447202991E-01   0.1110675602900055E-02   0.1501754793579308E-05   0.4509378765267535E-03   0.2523125658979711E-02
  0.4907500000000000E+02   0.9187869687371876E+00   0.2116451491823927E-02  -0.4146560439289448E-01   0.1104003936386359E-02   0.1494256392534524E-05   0.4485606828312323E-03   0.2507127154820972E-02
  0.4912500000000000E+02   0.9189922973274305E+00   0.2104604959619888E-02  -0.4135851212423725E-01   0.1097701792712647E-02   0.1487240245442659E-05   0.4461959263146708E-03   0.2491980095965326E-02
  0.4917500000000000E+02   0.9191970815432146E+00   0.2093477023804614E-02  -0.4125171524618731E-01   0.1091776150787157E-02   0.1480717346137815E-05   0.4438443833915637E-03   0.2477699724419948E-02
  0.4922499999999999E+02   0.9194012523868826E+00   0.2083075461943228E-02  -0.4114524964173272E-01   0.1086230975632600E-02   0.1474694635222551E-05   0.4415067828253451E-03   0.2464294408967107E-02
  0.4927500000000000E+02   0.9196047435429078E+00   0.2073403498037015E-02  -0.4103914978211221E-01   0.1081067854629265E-02   0.1469175843944257E-05   0.4391838129570167E-03   0.2451767103171478E-02
  0.4932500000000000E+02   0.9198074906139071E+00   0.2064460634872802E-02  -0.4093344912545627E-01   0.1076286433402501E-02   0.1464162070775354E-05   0.4368761311682134E-03   0.2440116346909287E-02
  0.4937500000000000E+02   0.9200094302406047E+00   0.2056243092673391E-02  -0.4082818057592030E-01   0.1071884646229511E-02   0.1459652081784174E-05   0.4345843743892268E-03   0.2429336800457957E-02
  0.4942500000000000E+02   0.9202104991987048E+00   0.2048743857460750E-02  -0.4072337695480166E-01   0.1067858742849933E-02   0.1455642335381830E-05   0.4323091695837098E-03   0.2419419316140214E-02
  0.4947500000000000E+02   0.9204106335594859E+00   0.2041952352929895E-02  -0.4061907143837573E-01   0.1064203118979727E-02   0.1452126739440091E-05   0.4300511432375222E-03   0.2410350564794250E-02
  0.4952500000000000E+02   0.9206097679971222E+00   0.2035853758751231E-02  -0.4051529791920550E-01   0.1060909962574786E-02   0.1449096155339609E-05   0.4278109289459244E-03   0.2402112245051628E-02
  0.4957500000000000E+02   0.9208078353241992E+00   0.2030428007818324E-02  -0.4041209124851985E-01   0.1057968732880406E-02   0.1446537670463078E-05   0.4255891722333654E-03   0.2394679914615698E-02
  0.4962500000000000E+02   0.9210047663370242E+00   0.2025648506757434E-02  -0.4030948731721162E-01   0.1055365495431850E-02   0.1444433669224448E-05   0.4233865317608638E-03   0.2388021496477029E-02
  0.4967500000000000E+02   0.9212004900528727E+00   0.2021480639648353E-02  -0.4020752293275631E-01   0.1053082144290826E-02   0.1442760744105065E-05   0.4212036760929881E-03   0.2382095531202258E-02
  0.4972499999999999E+02   0.9213949344202331E+00   0.2017880135739585E-02  -0.4010623544993486E-01   0.1051095553623809E-02   0.1441488503352899E-05   0.4190412752322416E-03   0.2376849270693007E-02
  0.4977500000000000E+02   0.9215880275774542E+00   0.2014791408733748E-02  -0.4000566211620638E-01   0.1049376714645600E-02   0.1440578351571446E-05   0.4168999862159019E-03   0.2372216740020933E-02
  0.4982500000000000E+02   0.9217796997211299E+00   0.2012146007611287E-02  -0.3990583909991563E-01   0.1047889930777679E-02   0.1439982343164874E-05   0.4147804322498585E-03   0.2368116931677910E-02
  0.4987500000000000E+02   0.9219698856185889E+00   0.2009861354817680E-02  -0.3980680018355498E-01   0.1046592162494951E-02   0.1439642235028160E-05   0.4126831751717685E-03   0.2364452338332863E-02
  0.4992500000000000E+02   0.9221585277546179E+00   0.2007839982369404E-02  -0.3970857512731862E-01   0.1045432631367926E-02   0.1439488890710769E-05   0.4106086815352057E-03   0.2361108070579028E-02
  0.4997499999999999E+02   0.9223455800378801E+00   0.2005969502495803E-02  -0.3961118774182704E-01   0.1044352806328066E-02   0.1439442208126300E-05   0.4085572833150579E-03   0.2357951836360760E-02
  0.5002500000000000E+02   0.9225310119072966E+00   0.2004123556396089E-02  -0.3951465375319252E-01   0.1043286898768109E-02   0.1439411749182661E-05   0.4065291351445087E-03   0.2354835066587290E-02
  0.5007500000000000E+02   0.9227148125778472E+00   0.2002163960276071E-02  -0.3941897859601418E-01   0.1042162980354175E-02   0.1439298233516189E-05   0.4045241710440257E-03   0.2351595442525033E-02
  0.5012500000000000E+02   0.9228969950606919E+00   0.1999944200341692E-02  -0.3932415532423250E-01   0.1040904802293995E-02   0.1438996011200650E-05   0.4025420646566711E-03   0.2348061001258304E-02
  0.5017500000000000E+02   0.9230775995035496E+00   0.1997314310635660E-02  -0.3923016287599701E-01   0.1039434333520753E-02   0.1438396545363188E-05   0.4005821978506385E-03   0.2344055857408349E-02
  0.5022500000000000E+02   0.9232566953492195E+00   0.1994127001535312E-02  -0.3913696495363139E-01   0.1037674948875040E-02   0.1437392816182014E-05   0.3986436429216709E-03   0.2339407384830323E-02
  0.5027500000000000E+02   0.9234343818294530E+00   0.1990244707941936E-02  -0.3904450976967311E-01   0.1035555094994516E-02   0.1435884413645098E-05   0.3967251632567389E-03   0.2333954469426775E-02
  0.5032500000000000E+02   0.9236107864179224E+00   0.1985547025364942E-02  -0.3895273085449158E-01   0.1033012157211758E-02   0.1433782939632427E-05   0.3948252360201726E-03   0.2327556209465300E-02
  0.5037500000000000E+02   0.9237860610638358E+00   0.1979937841755228E-02  -0.3886154901807171E-01   0.1029996167426484E-02   0.1431017221051931E-05   0.3929420981867796E-03   0.2320100252628016E-02
  0.5042500000000000E+02   0.9239603762979910E+00   0.1973351398262965E-02  -0.3877087541797997E-01   0.1026472954157030E-02   0.1427537777881162E-05   0.3910738143106206E-03   0.2311509872303341E-02
  0.5047499999999999E+02   0.9241339136027489E+00   0.1965756557410262E-02  -0.3868061552967228E-01   0.1022426359629357E-02   0.1423320018495187E-05   0.3892183612684947E-03   0.2301748939448392E-02
  0.5052500000000000E+02   0.9243068567069869E+00   0.1957158732322361E-02  -0.3859067367514102E-01   0.1017859239936809E-02   0.1418365757572975E-05   0.3873737224953154E-03   0.2290824152112193E-02
  0.5057500000000000E+02   0.9244793826457405E+00   0.1947599213185011E-02  -0.3850095767305783E-01   0.1012793111302321E-02   0.1412702853783906E-05   0.3855379825626128E-03   0.2278784215996025E-02
  0.5062500000000000E+02   0.9246516534685365E+00   0.1937151964780121E-02  -0.3841138315062165E-01   0.1007266481131584E-02   0.1406383008203561E-05   0.3837094127599298E-03   0.2265716065017910E-02
  0.5067500000000000E+02   0.9248238093787410E+00   0.1925918293332043E-02  -0.3832187711029955E-01   0.1001332071246949E-02   0.1399478000614413E-05   0.3818865396890015E-03   0.2251738590537471E-02
  0.5072500000000000E+02   0.9249959638629519E+00   0.1914020027127169E-02  -0.3823238046087274E-01   0.9950532687118094E-03   0.1392074822234303E-05   0.3800681914596498E-03   0.2236994635773080E-02
  0.5077500000000001E+02   0.9251682010766481E+00   0.1901591980746139E-02  -0.3814284937455348E-01   0.9885002047911331E-03   0.1384270258330445E-05   0.3782535192946563E-03   0.2221642158075355E-02
  0.5082500000000000E+02   0.9253405754531425E+00   0.1888774466803800E-02  -0.3805325548756333E-01   0.9817458594140402E-03   0.1376165474138360E-05   0.3764419955278506E-03   0.2205845453967669E-02
  0.5087500000000000E+02   0.9255131132530157E+00   0.1875706502279203E-02  -0.3796358509151876E-01   0.9748625276609924E-03   0.1367861076517536E-05   0.3746333915402374E-03   0.2189767204303133E-02
  0.5092500000000000E+02   0.9256858156056916E+00   0.1862520169588876E-02  -0.3787383754901230E-01   0.9679188875002427E-03   0.1359452990832179E-05   0.3728277407835150E-03   0.2173561877353912E-02
  0.5097500000000000E+02   0.9258586625236311E+00   0.1849336382088634E-02  -0.3778402320375063E-01   0.9609777984803890E-03   0.1351029341214502E-05   0.3710252926217080E-03   0.2157370780761244E-02
  0.5102499999999999E+02   0.9260316173814288E+00   0.1836262109452464E-02  -0.3769416104939349E-01   0.9540948600368597E-03   0.1342668381595735E-05   0.3692264624328751E-03   0.2141318825632320E-02
  0.5107500000000000E+02   0.9262046314228350E+00   0.1823388966052292E-02  -0.3760427638438679E-01   0.9473176788452591E-03   0.1334437413606217E-05   0.3674317825319768E-03   0.2125512887728429E-02
  0.5112500000000000E+02   0.9263776479607754E+00   0.1810792965279997E-02  -0.3751439862695005E-01   0.9406857425694368E-03   0.1326392553446647E-05   0.3656418573051672E-03   0.2110041533578498E-02
  0.5117500000000000E+02   0.9265506060447003E+00   0.1798535192446321E-02  -0.3742455940750589E-01   0.9342307712210423E-03   0.1318579171818599E-05   0.3638573247398381E-03   0.2094975820756604E-02
  0.5122500000000000E+02   0.9267234434691163E+00   0.1786663138579224E-02  -0.3733479100406178E-01   0.9279774120240191E-03   0.1311032822060885E-05   0.3620788254665217E-03   0.2080370869849784E-02
  0.5127499999999999E+02   0.9268960990777889E+00   0.1775212454403446E-02  -0.3724512514409506E-01   0.9219441525389012E-03   0.1303780482690454E-05   0.3603069795846225E-03   0.2066267925866057E-02
  0.5132500000000000E+02   0.9270685143771868E+00   0.1764208915953536E-02  -0.3715559216577202E-01   0.9161443435714893E-03   0.1296841962903012E-05   0.3585423709432482E-03   0.2052696664836975E-02
  0.5137500000000000E+02   0.9272406345119205E+00   0.1753670431183131E-02  -0.3706622051095965E-01   0.9105872431402694E-03   0.1290231346375795E-05   0.3567855381652719E-03   0.2039677546045582E-02
  0.5142500000000000E+02   0.9274124086780690E+00   0.1743608954284782E-02  -0.3697703651046880E-01   0.9052790122297725E-03   0.1283958375326056E-05   0.3550369714912872E-03   0.2027224054276546E-02
  0.5147500000000000E+02   0.9275837900618372E+00   0.1734032207805164E-02  -0.3688806441598602E-01   0.9002236104330270E-03   0.1278029700682949E-05   0.3532971144300553E-03   0.2015344715732911E-02
  0.5152500000000000E+02   0.9277547353949084E+00   0.1724945140756214E-02  -0.3679932663112728E-01   0.8954235542231705E-03   0.1272449944457835E-05   0.3515663691896891E-03   0.2004044804305306E-02
  0.5157500000000000E+02   0.9279252042172322E+00   0.1716351073843816E-02  -0.3671084409440184E-01   0.8908805125239141E-03   0.1267222536956200E-05   0.3498451048966008E-03   0.1993327681789210E-02
  0.5162499999999999E+02   0.9280951579349118E+00   0.1708252501355269E-02  -0.3662263676849387E-01   0.8865957238320349E-03   0.1262350304840004E-05   0.3481336676646860E-03   0.1983195737240961E-02
  0.5167500000000000E+02   0.9282645587566184E+00   0.1700651534006729E-02  -0.3653472419249915E-01   0.8825702268207728E-03   0.1257835796814998E-05   0.3464323916423528E-03   0.1973650907934410E-02
  0.5172500000000000E+02   0.9284333685874093E+00   0.1693549978892873E-02  -0.3644712605614320E-01   0.8788049025068609E-03   0.1253681342407378E-05   0.3447416102310702E-03   0.1964694778200408E-02
  0.5177500000000000E+02   0.9286015479545455E+00   0.1686949062200267E-02  -0.3635986275725578E-01   0.8753003310069259E-03   0.1249888846331434E-05   0.3430616667304922E-03   0.1956328263504208E-02
  0.5182500000000000E+02   0.9287690550364923E+00   0.1680848808106721E-02  -0.3627295590557433E-01   0.8720564699344642E-03   0.1246459326736947E-05   0.3413929237162106E-03   0.1948550896103312E-02
  0.5187500000000000E+02   0.9289358448643872E+00   0.1675247094010330E-02  -0.3618642873695999E-01   0.8690721649701323E-03   0.1243392210683932E-05   0.3397357704907934E-03   0.1941359736369105E-02
  0.5192500000000000E+02   0.9291018687654172E+00   0.1670138408987057E-02  -0.3610030640205020E-01   0.8663445066327022E-03   0.1240684405313169E-05   0.3380906279622471E-03   0.1934747941595908E-02
  0.5197500000000000E+02   0.9292670741201039E+00   0.1665512350725581E-02  -0.3601461609207246E-01   0.8638680515951980E-03   0.1238329169524190E-05   0.3364579502940249E-03   0.1928703033667277E-02
  0.5202500000000000E+02   0.9294314045100588E+00   0.1661351908189969E-02  -0.3592938696219272E-01   0.8616339330969823E-03   0.1236314820079851E-05   0.3348382226418433E-03   0.1923204920679062E-02
  0.5207500000000000E+02   0.9295948003380088E+00   0.1657631595290275E-02  -0.3584464981008129E-01   0.8596288943289875E-03   0.1234623319722302E-05   0.3332319542593055E-03   0.1918223748272888E-02
  0.5212499999999999E+02   0.9297572000049351E+00   0.1654315527170246E-02  -0.3576043646580851E-01   0.8578342922928535E-03   0.1233228814844263E-05   0.3316396662448581E-03   0.1913717686630563E-02
  0.5217500000000000E+02   0.9299185417254564E+00   0.1651355566795770E-02  -0.3567677885112408E-01   0.8562251383039271E-03   0.1232096217648245E-05   0.3300618732616672E-03   0.1909630800481560E-02
  0.5222500000000000E+02   0.9300787660457543E+00   0.1648689714915109E-02  -0.3559370767489778E-01   0.8547692647982712E-03   0.1231179962290802E-05   0.3284990587492542E-03   0.1905891201577535E-02
  0.5227500000000000E+02   0.9302378190908204E+00   0.1646240967521811E-02  -0.3551125075094230E-01   0.8534267345282976E-03   0.1230423103595359E-05   0.3269516435309252E-03   0.1902409741688683E-02
  0.5232500000000000E+02   0.9303956565021214E+00   0.1643916913448328E-02  -0.3542943095846063E-01   0.8521496333243051E-03   0.1229756964409602E-05   0.3254199483696436E-03   0.1899079559786867E-02
  0.5237499999999999E+02   0.9305522479281890E+00   0.1641610376882751E-02  -0.3534826391642520E-01   0.8508824042278644E-03   0.1229101563261043E-05   0.3239041519734367E-03   0.1895776833843838E-02
  0.5242500000000000E+02   0.9307075818006191E+00   0.1639201406469463E-02  -0.3526775551052275E-01   0.8495628791473146E-03   0.1228367053311359E-05   0.3224042471736746E-03   0.1892363083767599E-02
  0.5247499999999999E+02   0.9308616699785709E+00   0.1636560852751341E-02  -0.3518789948865375E-01   0.8481241331260101E-03   0.1227456360381393E-05   0.3209199993685297E-03   0.1888689302729188E-02
  0.5252500000000000E+02   0.9310145517018341E+00   0.1633555640916866E-02  -0.3510867541501261E-01   0.8464972164712334E-03   0.1226269108021806E-05   0.3194509125850447E-03   0.1884602038682880E-02
  0.5257500000000000E+02   0.9311662961952543E+00   0.1630055630273305E-02  -0.3503004732309944E-01   0.8446147083395733E-03   0.1224706756316238E-05   0.3179962092912847E-03   0.1879951299575422E-02
  0.5262500000000000E+02   0.9313170032625048E+00   0.1625941671848402E-02  -0.3495196341044648E-01   0.8424148903480615E-03   0.1222678669990520E-05   0.3165548299548131E-03   0.1874599833375161E-02
  0.5267500000000000E+02   0.9314668013354672E+00   0.1621114175857086E-02  -0.3487435705133224E-01   0.8398461836037382E-03   0.1220108603742386E-05   0.3151254569402654E-03   0.1868432989295786E-02
  0.5272499999999999E+02   0.9316158427225909E+00   0.1615501252154164E-02  -0.3479714926018240E-01   0.8368713638360577E-03   0.1216940901610231E-05   0.3137065645640242E-03   0.1861368080856747E-02
  0.5277500000000000E+02   0.9317642961995205E+00   0.1609065370002572E-02  -0.3472025253119337E-01   0.8334710089080001E-03   0.1213145613918779E-05   0.3122964932748290E-03   0.1853362037678192E-02
  0.5282500000000000E+02   0.9319123375346446E+00   0.1601807562095357E-02  -0.3464357574697385E-01   0.8296456737907995E-03   0.1208721788774307E-05   0.3108935417385916E-03   0.1844416224260751E-02
  0.5287499999999999E+02   0.9320601389341429E+00   0.1593768488790043E-02  -0.3456702964605540E-01   0.8254164389091349E-03   0.1203698409454335E-05   0.3094960670934534E-03   0.1834577639897343E-02
  0.5292500000000000E+02   0.9322078586178463E+00   0.1585026135423475E-02  -0.3449053222176202E-01   0.8208237144845533E-03   0.1198132790665061E-05   0.3081025817941556E-03   0.1823936240578621E-02
  0.5297499999999999E+02   0.9323556317296769E+00   0.1575690435593378E-02  -0.3441401342894901E-01   0.8159244528749348E-03   0.1192106638908116E-05   0.3067118358699559E-03   0.1812618722800896E-02
  0.5302500000000000E+02   0.9325035635426263E+00   0.1565895569577804E-02  -0.3433741870151030E-01   0.8107881572216478E-03   0.1185720329467369E-05   0.3053228760149128E-03   0.1800779634436662E-02
  0.5307500000000000E+02   0.9326517255052128E+00   0.1555790972701742E-02  -0.3426071099756256E-01   0.8054922226001592E-03   0.1179086173284321E-05   0.3039350770121304E-03   0.1788591006192518E-02
  0.5312499999999999E+02   0.9328001542047166E+00   0.1545532151926737E-02  -0.3418387133356682E-01   0.8001171786501206E-03   0.1172321500935165E-05   0.3025481454879807E-03   0.1776231769440927E-02
  0.5317500000000000E+02   0.9329488529057287E+00   0.1535272265437218E-02  -0.3410689798451449E-01   0.7947423282315789E-03   0.1165542288043933E-05   0.3011620998360728E-03   0.1763878060055712E-02
  0.5322499999999999E+02   0.9330977950410589E+00   0.1525155136471441E-02  -0.3402980467307626E-01   0.7894421297104650E-03   0.1158857836216966E-05   0.2997772326282741E-03   0.1751695180583480E-02
  0.5327500000000000E+02   0.9332469289155576E+00   0.1515310037229443E-02  -0.3395261813089068E-01   0.7842834966839925E-03   0.1152366772061137E-05   0.2983940627170402E-03   0.1739831606276513E-02
  0.5332500000000000E+02   0.9333961829149455E+00   0.1505848270233670E-02  -0.3387537539875951E-01   0.7793240291619707E-03   0.1146154393755261E-05   0.2970132837405062E-03   0.1728415065057045E-02
  0.5337500000000000E+02   0.9335454706455296E+00   0.1496861343712849E-02  -0.3379812116315961E-01   0.7746110706775076E-03   0.1140291218822313E-05   0.2956357143343256E-03   0.1717550455733425E-02
  0.5342500000000000E+02   0.9336946956132306E+00   0.1488420402849660E-02  -0.3372090533187866E-01   0.7701814160436085E-03   0.1134832482801698E-05   0.2942622535487323E-03   0.1707319213879854E-02
  0.5347499999999999E+02   0.9338437552363228E+00   0.1480576533082740E-02  -0.3364378095523191E-01   0.7660614708654086E-03   0.1129818301770901E-05   0.2928938431894451E-03   0.1697779682560114E-02
  0.5352500000000000E+02   0.9339925441459168E+00   0.1473361574029196E-02  -0.3356680251663235E-01   0.7622676755444093E-03   0.1125274226635133E-05   0.2915314373139796E-03   0.1688968071172370E-02
  0.5357500000000000E+02   0.9341409568474680E+00   0.1466789148345811E-02  -0.3349002455453531E-01   0.7588070405945721E-03   0.1121211965399390E-05   0.2901759780367485E-03   0.1680899661649441E-02
  0.5362500000000000E+02   0.9342888898930857E+00   0.1460855697548218E-02  -0.3341350053818248E-01   0.7556776855261290E-03   0.1117630115146299E-05   0.2888283761345901E-03   0.1673570022338866E-02
  0.5367500000000000E+02   0.9344362437521722E+00   0.1455541411068125E-02  -0.3333728190004726E-01   0.7528693223677330E-03   0.1114514816517691E-05   0.2874894946496398E-03   0.1666956098363000E-02
  0.5372500000000000E+02   0.9345829245729287E+00   0.1450811026084168E-02  -0.3326141712530728E-01   0.7503636721367001E-03   0.1111840312843679E-05   0.2861601336936525E-03   0.1661017152106100E-02
  0.5377500000000000E+02   0.9347288460046995E+00   0.1446614558260959E-02  -0.3318595081037101E-01   0.7481348453063401E-03   0.1109569459321158E-05   0.2848410149121579E-03   0.1655695622209570E-02
  0.5382500000000000E+02   0.9348739312043831E+00   0.1442888093269099E-02  -0.3311092262667614E-01   0.7461497533868551E-03   0.1107654281528191E-05   0.2835327645305204E-03   0.1650918049288177E-02
  0.5387500000000000E+02   0.9350181150813963E+00   0.1439554820895805E-02  -0.3303636616154126E-01   0.7443686455825376E-03   0.1106036723191208E-05   0.2822358945517832E-03   0.1646596275904282E-02
  0.5392500000000000E+02   0.9351613467478108E+00   0.1436526520734178E-02  -0.3296230765328956E-01   0.7427458785231830E-03   0.1104649745032428E-05   0.2809507824764740E-03   0.1642629159262913E-02
  0.5397499999999999E+02   0.9353035920391750E+00   0.1433705702026598E-02  -0.3288876469011826E-01   0.7412310237338988E-03   0.1103418932753638E-05   0.2796776508092468E-03   0.1638905027597707E-02
  0.5402500000000000E+02   0.9354448358686429E+00   0.1430988551463464E-02  -0.3281574499536222E-01   0.7397703922799086E-03   0.1102264735777778E-05   0.2784165485007124E-03   0.1635305055364361E-02
  0.5407500000000000E+02   0.9355850840903130E+00   0.1428268746639192E-02  -0.3274324546659180E-01   0.7383090063445302E-03   0.1101105385156328E-05   0.2771673371843855E-03   0.1631707622551415E-02
  0.5412500000000000E+02   0.9357243645003063E+00   0.1425442053120809E-02  -0.3267125166043228E-01   0.7367929752773287E-03   0.1099860431569359E-05   0.2759296854077726E-03   0.1627993563920415E-02
  0.5417500000000000E+02   0.9358627266195411E+00   0.1422411456215878E-02  -0.3259973790698845E-01   0.7351721474306978E-03   0.1098454715053259E-05   0.2747030738278313E-03   0.1624052023703303E-02
  0.5422499999999999E+02   0.9360002399961305E+00   0.1419092414989086E-02  -0.3252866818916356E-01   0.7334028246257906E-03   0.1096822450333518E-05   0.2734868134243046E-03   0.1619786444977967E-02
  0.5427500000000000E+02   0.9361369909369434E+00   0.1415417705885294E-02  -0.3245799783346248E-01   0.7314502640277450E-03   0.1094911016389074E-05   0.2722800772116564E-03   0.1615120086241885E-02
  0.5432500000000000E+02   0.9362730778037360E+00   0.1411341285670613E-02  -0.3238767594215630E-01   0.7292906728140447E-03   0.1092684006777613E-05   0.2710819439296999E-03   0.1610000415262186E-02
  0.5437500000000000E+02   0.9364086052448549E+00   0.1406840672827796E-02  -0.3231764837497120E-01   0.7269124369506631E-03   0.1090123147885100E-05   0.2698914501694535E-03   0.1604401809976299E-02
  0.5442500000000000E+02   0.9365436779236759E+00   0.1401917521041488E-02  -0.3224786099025034E-01   0.7243164156041014E-03   0.1087228824823133E-05   0.2687076458267951E-03   0.1598326195662367E-02
  0.5447499999999999E+02   0.9366783944009354E+00   0.1396596305795622E-02  -0.3217826280600278E-01   0.7215152605710066E-03   0.1084019144928911E-05   0.2675296470806966E-03   0.1591801529983096E-02
  0.5452500000000000E+02   0.9368128418045922E+00   0.1390921310792863E-02  -0.3210880875347233E-01   0.7185318573885991E-03   0.1080527674818428E-05   0.2663566814553120E-03   0.1584878350514594E-02
  0.5457500000000000E+02   0.9369470917850433E+00   0.1384952324965423E-02  -0.3203946176610339E-01   0.7153971005328136E-03   0.1076800162224707E-05   0.2651881208477915E-03   0.1577624854652375E-02
  0.5462500000000000E+02   0.9370811980422082E+00   0.1378759597246342E-02  -0.3197019405600710E-01   0.7121472855382889E-03   0.1072890662298871E-05   0.2640235003365295E-03   0.1570121136896548E-02
  0.5467500000000000E+02   0.9372151954768611E+00   0.1372418626046898E-02  -0.3190098755103510E-01   0.7088214161974717E-03   0.1068857514278325E-05   0.2628625226548797E-03   0.1562453241925151E-02
  0.5472500000000000E+02   0.9373491008124388E+00   0.1366005293841844E-02  -0.3183183357207886E-01   0.7054586905505024E-03   0.1064759565726368E-05   0.2617050499833848E-03   0.1554707615424742E-02
  0.5477500000000000E+02   0.9374829143899955E+00   0.1359591725874084E-02  -0.3176273190436618E-01   0.7020963614363767E-03   0.1060652941818452E-05   0.2605510858943983E-03   0.1546966384346173E-02
  0.5482500000000000E+02   0.9376166227703664E+00   0.1353243095076287E-02  -0.3169368945193551E-01   0.6987680862630890E-03   0.1056588536661589E-05   0.2594007507909831E-03   0.1539303718990775E-02
  0.5487500000000000E+02   0.9377502017764582E+00   0.1347015447580254E-02  -0.3162471866501615E-01   0.6955028043070677E-03   0.1052610289350154E-05   0.2582542541032492E-03   0.1531783360708475E-02
  0.5492500000000000E+02   0.9378836196551924E+00   0.1340954507220007E-02  -0.3155583590592104E-01   0.6923241199322983E-03   0.1048754217115421E-05   0.2571118660258178E-03   0.1524457266730686E-02
  0.5497500000000000E+02   0.9380168401097705E+00   0.1335095341989600E-02  -0.3148705988225753E-01   0.6892501311481147E-03   0.1045048118598913E-05   0.2559738909084671E-03   0.1517365237717675E-02
  0.5502500000000000E+02   0.9381498250285245E+00   0.1329462738075745E-02  -0.3141841023718484E-01   0.6862936236488357E-03   0.1041511830358559E-05   0.2548406437234807E-03   0.1510535351176298E-02
  0.5507500000000000E+02   0.9382825368031715E+00   0.1324072118817542E-02  -0.3134990635202872E-01   0.6834625462281422E-03   0.1038157912379637E-05   0.2537124304404568E-03   0.1503985014666825E-02
  0.5512500000000000E+02   0.9384149401803827E+00   0.1318930855551535E-02  -0.3128156639016222E-01   0.6807606884472426E-03   0.1034992645015287E-05   0.2525895326932175E-03   0.1497722463873688E-02
  0.5517499999999999E+02   0.9385470036256000E+00   0.1314039834640578E-02  -0.3121340659295435E-01   0.6781884904183798E-03   0.1032017232577427E-05   0.2514721968234412E-03   0.1491748550591751E-02
  0.5522500000000000E+02   0.9386787002000796E+00   0.1309395162739795E-02  -0.3114544082719506E-01   0.6757439237617560E-03   0.1029229122032436E-05   0.2503606272012897E-03   0.1486058686127509E-02
  0.5527499999999999E+02   0.9388100079659931E+00   0.1304989906548530E-02  -0.3107768037625658E-01   0.6734233901512819E-03   0.1026623355799744E-05   0.2492549836111703E-03   0.1480644822001894E-02
  0.5532500000000000E+02   0.9389409099448383E+00   0.1300815773001181E-02  -0.3101013396186536E-01   0.6712225889006292E-03   0.1024193884744740E-05   0.2481553824087052E-03   0.1475497361102024E-02
  0.5537500000000000E+02   0.9390713936650548E+00   0.1296864642384540E-02  -0.3094280797788185E-01   0.6691373084381070E-03   0.1021934772109869E-05   0.2470619010725422E-03   0.1470606900062545E-02
  0.5542499999999999E+02   0.9392014503474815E+00   0.1293129872800719E-02  -0.3087570691091568E-01   0.6671640996011291E-03   0.1019841223341312E-05   0.2459745856760760E-03   0.1465965710575229E-02
  0.5547500000000000E+02   0.9393310737921201E+00   0.1289607302487274E-02  -0.3080883391496747E-01   0.6653007928748133E-03   0.1017910382720987E-05   0.2448934606907624E-03   0.1461568876663026E-02
  0.5552499999999999E+02   0.9394602590450507E+00   0.1286295888807582E-02  -0.3074219149937008E-01   0.6635468280608371E-03   0.1016141847037765E-05   0.2438185404178124E-03   0.1457415019031214E-02
  0.5557500000000000E+02   0.9395890009378403E+00   0.1283197939949842E-02  -0.3067578228235912E-01   0.6619033737603525E-03   0.1014537859822125E-05   0.2427498412490445E-03   0.1453506557229083E-02
  0.5562500000000001E+02   0.9397172926009746E+00   0.1280318916715323E-02  -0.3060960975787930E-01   0.6603732250716572E-03   0.1013103166320417E-05   0.2416873938999098E-03   0.1449849484600956E-02
  0.5567500000000000E+02   0.9398451240561556E+00   0.1277666805196137E-02  -0.3054367902155086E-01   0.6589604799866684E-03   0.1011844527811079E-05   0.2406312547501510E-03   0.1446452657558966E-02
  0.5572499999999999E+02   0.9399724809895085E+00   0.1275251084057024E-02  -0.3047799740318102E-01   0.6576700067875323E-03   0.1010769912032468E-05   0.2395815154702466E-03   0.1443326626644004E-02
  0.5577499999999999E+02   0.9400993438001268E+00   0.1273081330306580E-02  -0.3041257495715888E-01   0.6565067251415356E-03   0.1009887392620817E-05   0.2385383101928946E-03   0.1440482059620568E-02
  0.5582500000000000E+02   0.9402256870082458E+00   0.1271165523797095E-02  -0.3034742476731900E-01   0.6554747320152589E-03   0.1009203803675422E-05   0.2375018195881831E-03   0.1437927825262236E-02
  0.5587500000000001E+02   0.9403514790972423E+00   0.1269508123815207E-02  -0.3028256302808074E-01   0.6545763102803570E-03   0.1008723206315653E-05   0.2364722712975973E-03   0.1435668821193524E-02
  0.5592500000000000E+02   0.9404766828553813E+00   0.1268108003274457E-02  -0.3021800886795833E-01   0.6538108641273977E-03   0.1008445234143094E-05   0.2354499362616863E-03   0.1433703642716483E-02
  0.5597499999999999E+02   0.9406012562767825E+00   0.1266956340600423E-02  -0.3015378388486845E-01   0.6531738328966275E-03   0.1008363396575567E-05   0.2344351205396474E-03   0.1432022205818886E-02
  0.5602500000000000E+02   0.9407251540740497E+00   0.1266034589957176E-02  -0.3008991136629513E-01   0.6526556455045314E-03   0.1008463435921558E-05   0.2334281522870766E-03   0.1430603460546419E-02
  0.5607500000000000E+02   0.9408483298422952E+00   0.1265312679306907E-02  -0.3002641517392513E-01   0.6522407924818847E-03   0.1008721857695425E-05   0.2324293636720900E-03   0.1429413363232102E-02
  0.5612500000000000E+02   0.9409707388885505E+00   0.1264747622364714E-02  -0.2996331828562671E-01   0.6519071114555634E-03   0.1009104783650057E-05   0.2314390677282284E-03   0.1428403317086844E-02
  0.5617499999999998E+02   0.9410923416934891E+00   0.1264282769748849E-02  -0.2990064101188394E-01   0.6516254020967439E-03   0.1009567309341947E-05   0.2304575305286623E-03   0.1427509334666002E-02
  0.5622499999999999E+02   0.9412131078971447E+00   0.1263847955739321E-02  -0.2983839894255436E-01   0.6513595025621331E-03   0.1010053574140781E-05   0.2294849396699475E-03   0.1426652210578472E-02
  0.5627500000000000E+02   0.9413330205949907E+00   0.1263360803403594E-02  -0.2977660073404709E-01   0.6510669627012819E-03   0.1010497758090812E-05   0.2285213708822044E-03   0.1425738999757331E-02
  0.5632500000000000E+02   0.9414520806027517E+00   0.1262729411945882E-02  -0.2971524591293295E-01   0.6507004292435646E-03   0.1010826190362352E-05   0.2275667555688374E-03   0.1424666052609625E-02
  0.5637500000000000E+02   0.9415703102180022E+00   0.1261856546743674E-02  -0.2965432293909176E-01   0.6502098049046431E-03   0.1010960672471537E-05   0.2266208530531102E-03   0.1423323741762234E-02
  0.5642500000000000E+02   0.9416877559082524E+00   0.1260645274963514E-02  -0.2959380782212817E-01   0.6495451518782366E-03   0.1010822977777881E-05   0.2256832319965540E-03   0.1421602815047579E-02
  0.5647499999999999E+02   0.9418044893323477E+00   0.1259005747688166E-02  -0.2953366359652432E-01   0.6486601855526544E-03   0.1010340294327743E-05   0.2247532655168933E-03   0.1419402036896443E-02
  0.5652500000000000E+02   0.9419206061953448E+00   0.1256862559890022E-02  -0.2947384091287897E-01   0.6475160654465151E-03   0.1009451159957417E-05   0.2238301436675941E-03   0.1416636476850234E-02
  0.5657500000000000E+02   0.9420362226666322E+00   0.1254161885355463E-02  -0.2941427988428069E-01   0.6460850697483650E-03   0.1008111247145109E-05   0.2229129050190652E-03   0.1413245540441711E-02
  0.5662500000000000E+02   0.9421514694387669E+00   0.1250877460552910E-02  -0.2935491314774208E-01   0.6443536764861336E-03   0.1006298251589652E-05   0.2220004862822068E-03   0.1409199699513745E-02
  0.5667500000000000E+02   0.9422664839065773E+00   0.1247014542302349E-02  -0.2929566989352017E-01   0.6423246006152871E-03   0.1004015174283228E-05   0.2210917857705708E-03   0.1404504936884299E-02
  0.5672499999999999E+02   0.9423814013045472E+00   0.1242611209813208E-02  -0.2923648043053251E-01   0.6400174629369595E-03   0.1001291479970831E-05   0.2201857337898855E-03   0.1399204197532631E-02
  0.5677500000000000E+02   0.9424963458537066E+00   0.1237736783025940E-02  -0.2917728074631265E-01   0.6374679735438416E-03   0.9981819351113275E-06   0.2192813615556055E-03   0.1393375590939836E-02
  0.5682500000000000E+02   0.9426114229704734E+00   0.1232487592479287E-02  -0.2911801651938528E-01   0.6347257511468157E-03   0.9947633011893014E-06   0.2183778604514688E-03   0.1387127611197023E-02
  0.5687500000000000E+02   0.9427267133754968E+00   0.1226980743278807E-02  -0.2905864615244580E-01   0.6318511094499398E-03   0.9911293896833971E-06   0.2174746253273036E-03   0.1380592100214443E-02
  0.5692499999999999E+02   0.9428422695725516E+00   0.1221346767731212E-02  -0.2899914258434400E-01   0.6289112715007574E-03   0.9873851923714029E-06   0.2165712785562558E-03   0.1373915962849454E-02
  0.5697500000000000E+02   0.9429581147487163E+00   0.1215722110997547E-02  -0.2893949385463468E-01   0.6259764985311620E-03   0.9836408459458749E-06   0.2156676748976197E-03   0.1367252698346202E-02
  0.5702499999999999E+02   0.9430742437818919E+00   0.1210242257741630E-02  -0.2887970258256567E-01   0.6231165494944907E-03   0.9800060847020402E-06   0.2147638900260150E-03   0.1360754658325528E-02
  0.5707500000000000E+02   0.9431906258021349E+00   0.1205036048746723E-02  -0.2881978464575996E-01   0.6203977540394930E-03   0.9765856295602286E-06   0.2138601973540129E-03   0.1354566649368282E-02
  0.5712500000000001E+02   0.9433072076634046E+00   0.1200221436121927E-02  -0.2875976739010611E-01   0.6178808269179293E-03   0.9734757210041532E-06   0.2129570383425530E-03   0.1348821159637299E-02
  0.5717499999999999E+02   0.9434239177236907E+00   0.1195902654492309E-02  -0.2869968768101838E-01   0.6156194121039088E-03   0.9707617846080061E-06   0.2120549910411726E-03   0.1343635183395251E-02
  0.5722500000000000E+02   0.9435406694610305E+00   0.1192168586627227E-02  -0.2863959003946615E-01   0.6136592424410548E-03   0.9685170559837827E-06   0.2111547404888280E-03   0.1339108393296202E-02
  0.5727499999999999E+02   0.9436573646228883E+00   0.1189091988941348E-02  -0.2857952501860117E-01   0.6120377424431563E-03   0.9668018988003770E-06   0.2102570532193000E-03   0.1335322283253619E-02
  0.5732500000000000E+02   0.9437738957782574E+00   0.1186729207000709E-02  -0.2851954788827071E-01   0.6107838837215348E-03   0.9656635189249650E-06   0.2093627567528294E-03   0.1332339865201237E-02
  0.5737500000000001E+02   0.9438901482920996E+00   0.1185120034719629E-02  -0.2845971761732591E-01   0.6099181146731027E-03   0.9651357948784754E-06   0.2084727237945643E-03   0.1330205529841361E-02
  0.5742499999999999E+02   0.9440060018606754E+00   0.1184287433476126E-02  -0.2840009608240401E-01   0.6094522182952835E-03   0.9652389938779738E-06   0.2075878599671440E-03   0.1328944752068999E-02
  0.5747499999999999E+02   0.9441213318332971E+00   0.1184236913883214E-02  -0.2834074738710679E-01   0.6093889965534099E-03   0.9659792117604912E-06   0.2067090932761407E-03   0.1328563419188786E-02
  0.5752500000000001E+02   0.9442360106038442E+00   0.1184955485168548E-02  -0.2828173714577376E-01   0.6097217323506819E-03   0.9673474574530370E-06   0.2058373631149930E-03   0.1329046674943561E-02
  0.5757500000000000E+02   0.9443499093853078E+00   0.1186410192395331E-02  -0.2822313157068213E-01   0.6104334394751155E-03   0.9693183963157544E-06   0.2049736064451449E-03   0.1330357301729822E-02
  0.5762500000000001E+02   0.9444629006792679E+00   0.1188546389890373E-02  -0.2816499620223722E-01   0.6114959768097156E-03   0.9718488715530478E-06   0.2041187388583095E-03   0.1332433806921441E-02
  0.5767500000000000E+02   0.9445748617102449E+00   0.1191286037952425E-02  -0.2810739414332930E-01   0.6128691744199303E-03   0.9748764371886001E-06   0.2032736286058084E-03   0.1335188534411652E-02
  0.5772499999999999E+02   0.9446856789985334E+00   0.1194526449747453E-02  -0.2805038370859048E-01   0.6145001910208637E-03   0.9783182521789935E-06   0.2024390624602743E-03   0.1338506278769998E-02
  0.5777500000000000E+02   0.9447952540808725E+00   0.1198140035023525E-02  -0.2799401548375946E-01   0.6163233838626157E-03   0.9820707857156087E-06   0.2016157035476521E-03   0.1342244013091630E-02
  0.5782500000000000E+02   0.9449035101511905E+00   0.1201975651745654E-02  -0.2793832891227477E-01   0.6182610051894433E-03   0.9860108396808313E-06   0.2008040430732520E-03   0.1346232413447450E-02
  0.5787499999999999E+02   0.9450103990984522E+00   0.1205862140192455E-02  -0.2788334867798492E-01   0.6202250206045547E-03   0.9899983676438327E-06   0.2000043500361744E-03   0.1350279821729983E-02
  0.5792500000000000E+02   0.9451159081101258E+00   0.1209614431752749E-02  -0.2782908131145356E-01   0.6221202509248644E-03   0.9938814232710014E-06   0.1992166252321594E-03   0.1354179084717443E-02
  0.5797499999999999E+02   0.9452200647660243E+00   0.1213042273578742E-02  -0.2777551257262467E-01   0.6238488586049707E-03   0.9975032846313617E-06   0.1984405674999360E-03   0.1357717314665890E-02
  0.5802500000000000E+02   0.9453229394676405E+00   0.1215961113869106E-02  -0.2772260620352229E-01   0.6253159446200380E-03   0.1000711392722519E-05   0.1976755605469917E-03   0.1360688061960312E-02
  0.5807500000000001E+02   0.9454246442222672E+00   0.1218204138102855E-02  -0.2767030455508590E-01   0.6264357366692555E-03   0.1003367283428249E-05   0.1969206871720949E-03   0.1362904770804387E-02
  0.5812499999999999E+02   0.9455253272649029E+00   0.1219633979140957E-02  -0.2761853135382930E-01   0.6271376092959850E-03   0.1005356301225057E-05   0.1961747740815822E-03   0.1364213866762340E-02
  0.5817500000000000E+02   0.9456251636972894E+00   0.1220152407854005E-02  -0.2756719651600448E-01   0.6273710653746403E-03   0.1006595696247200E-05   0.1954364652638004E-03   0.1364505583544863E-02
  0.5822500000000000E+02   0.9457243430962402E+00   0.1219706464226415E-02  -0.2751620251965292E-01   0.6271088872568409E-03   0.1007039823324554E-05   0.1947043162446706E-03   0.1363720808063982E-02
  0.5827500000000000E+02   0.9458230556783965E+00   0.1218290022210160E-02  -0.2746545151848789E-01   0.6263479400872511E-03   0.1006681593603284E-05   0.1939768970839392E-03   0.1361852819175243E-02
  0.5832500000000000E+02   0.9459214789129612E+00   0.1215940574447778E-02  -0.2741485222507656E-01   0.6251075174392709E-03   0.1005549979380883E-05   0.1932528900591629E-03   0.1358943681983745E-02
  0.5837499999999999E+02   0.9460197663570616E+00   0.1212731860711813E-02  -0.2736432565092584E-01   0.6234255501287368E-03   0.1003704065007540E-05   0.1925311692023683E-03   0.1355075996167128E-02
  0.5842500000000000E+02   0.9461180399990727E+00   0.1208763620792436E-02  -0.2731380904268932E-01   0.6213533367852072E-03   0.1001224684436714E-05   0.1918108527462101E-03   0.1350361431091530E-02
  0.5847500000000000E+02   0.9462163866959342E+00   0.1204150078342136E-02  -0.2726325771328597E-01   0.6189496222335628E-03   0.9982049633639012E-06   0.1910913248387119E-03   0.1344927844527771E-02
  0.5852500000000000E+02   0.9463148585842126E+00   0.1199008728066140E-02  -0.2721264482987784E-01   0.6162748321581835E-03   0.9947410646286609E-06   0.1903722280860780E-03   0.1338906743298720E-02
  0.5857500000000000E+02   0.9464134767963952E+00   0.1193450685653107E-02  -0.2716195950255063E-01   0.6133861115478432E-03   0.9909241844205923E-06   0.1896534323962364E-03   0.1332422493812094E-02
  0.5862500000000000E+02   0.9465122375040009E+00   0.1187573405898202E-02  -0.2711120367686370E-01   0.6103335809737087E-03   0.9868344765200415E-06   0.1889349876858525E-03   0.1325584182435807E-02
  0.5867499999999999E+02   0.9466111192312394E+00   0.1181456113807945E-02  -0.2706038837342961E-01   0.6071579878594801E-03   0.9825372030179970E-06   0.1882170683836491E-03   0.1318480510228621E-02
  0.5872500000000000E+02   0.9467100904743118E+00   0.1175157916061778E-02  -0.2700952977065352E-01   0.6038897358289534E-03   0.9780810975853543E-06   0.1874999168156241E-03   0.1311177684326180E-02
  0.5877500000000001E+02   0.9468091168423932E+00   0.1168718300694499E-02  -0.2695864553367266E-01   0.6005491417862153E-03   0.9734987108830825E-06   0.1867837910976452E-03   0.1303719978102046E-02
  0.5882500000000000E+02   0.9469081671409715E+00   0.1162159582440324E-02  -0.2690775168726223E-01   0.5971476930657980E-03   0.9688083806062175E-06   0.1860689215732586E-03   0.1296132464229647E-02
  0.5887499999999999E+02   0.9470072180083748E+00   0.1155490779201078E-02  -0.2685686023265910E-01   0.5936900400270676E-03   0.9640174061234428E-06   0.1853554783917323E-03   0.1288425344680036E-02
  0.5892499999999999E+02   0.9471062568809431E+00   0.1148712379340861E-02  -0.2680597762358772E-01   0.5901764462834740E-03   0.9591259833292554E-06   0.1846435515949333E-03   0.1280599273417627E-02
  0.5897499999999999E+02   0.9472052832076292E+00   0.1141821458996074E-02  -0.2675510414205295E-01   0.5866054185619545E-03   0.9541314519432044E-06   0.1839331440195752E-03   0.1272651067578787E-02
  0.5902500000000001E+02   0.9473043079721319E+00   0.1134816627665752E-02  -0.2670423414388690E-01   0.5829762480614331E-03   0.9490324204971406E-06   0.1832241763389223E-03   0.1264579224817594E-02
  0.5907500000000000E+02   0.9474033517156766E+00   0.1127702325322603E-02  -0.2665335707467908E-01   0.5792912183543253E-03   0.9438323690521051E-06   0.1825165026240936E-03   0.1256388715231591E-02
  0.5912499999999999E+02   0.9475024413808366E+00   0.1120492075438682E-02  -0.2660245909134573E-01   0.5755572766254973E-03   0.9385423950653608E-06   0.1818099339387354E-03   0.1248094607238478E-02
  0.5917500000000000E+02   0.9476016064001535E+00   0.1113210420736944E-02  -0.2655152507153269E-01   0.5717870279773907E-03   0.9331828682979338E-06   0.1811042668062623E-03   0.1239724223591400E-02
  0.5922499999999999E+02   0.9477008745119551E+00   0.1105893425369630E-02  -0.2650054076295905E-01   0.5679989931562724E-03   0.9277838908025086E-06   0.1803993130481870E-03   0.1231317698802605E-02
  0.5927500000000001E+02   0.9478002677832025E+00   0.1098587798529411E-02  -0.2644949482617809E-01   0.5642171580678626E-03   0.9223846012580277E-06   0.1796949275923191E-03   0.1222927000231765E-02
  0.5932500000000001E+02   0.9478997992513042E+00   0.1091348851574341E-02  -0.2639838055915300E-01   0.5604699241364850E-03   0.9170314952471932E-06   0.1789910314065119E-03   0.1214613650074843E-02
  0.5937499999999999E+02   0.9479994704755129E+00   0.1084237615233210E-02  -0.2634719715440226E-01   0.5567886273548523E-03   0.9117760305533167E-06   0.1782876276301195E-03   0.1206445512889154E-02
  0.5942500000000000E+02   0.9480992701388142E+00   0.1077317496521785E-02  -0.2629595041640365E-01   0.5532058211026741E-03   0.9066718330347698E-06   0.1775848100656454E-03   0.1198493072171605E-02
  0.5947499999999999E+02   0.9481991736939253E+00   0.1070650843024010E-02  -0.2624465294261469E-01   0.5497535116286834E-03   0.9017718106443236E-06   0.1768827642370788E-03   0.1190825605891329E-02
  0.5952500000000000E+02   0.9482991439294270E+00   0.1064295716829837E-02  -0.2619332383188111E-01   0.5464615014849703E-03   0.8971254300740922E-06   0.1761817620312215E-03   0.1183507597800010E-02
  0.5957500000000000E+02   0.9483991322610125E+00   0.1058303083661790E-02  -0.2614198802048306E-01   0.5433559464744891E-03   0.8927763305128999E-06   0.1754821514038044E-03   0.1176595613338589E-02
  0.5962499999999999E+02   0.9484990805322048E+00   0.1052714519592287E-02  -0.2609067535665943E-01   0.5404581786799330E-03   0.8887603630232668E-06   0.1747843427373346E-03   0.1170135753924943E-02
  0.5967500000000000E+02   0.9485989231311641E+00   0.1047560449709442E-02  -0.2603941951299549E-01   0.5377838029058812E-03   0.8851040701736058E-06   0.1740887932446738E-03   0.1164161705240668E-02
  0.5972500000000000E+02   0.9486985892808156E+00   0.1042858874080219E-02  -0.2598825681005301E-01   0.5353420435490818E-03   0.8818235707034257E-06   0.1733959904304433E-03   0.1158693329352000E-02
  0.5977500000000000E+02   0.9487980054216008E+00   0.1038614511948225E-02  -0.2593722499273399E-01   0.5331353063669215E-03   0.8789237930644515E-06   0.1727064351729251E-03   0.1153735723261451E-02
  0.5982500000000000E+02   0.9488970976639916E+00   0.1034818303739787E-02  -0.2588636197115379E-01   0.5311589240418492E-03   0.8763980085942217E-06   0.1720206245816298E-03   0.1149278676033423E-02
  0.5987499999999999E+02   0.9489957943288518E+00   0.1031447245555328E-02  -0.2583570451676509E-01   0.5294010724565088E-03   0.8742276444879985E-06   0.1713390345057652E-03   0.1145296495613983E-02
  0.5992500000000000E+02   0.9490940286087103E+00   0.1028464582539494E-02  -0.2578528689677095E-01   0.5278428711384675E-03   0.8723824004607810E-06   0.1706621014748565E-03   0.1141748233891261E-02
  0.5997500000000000E+02   0.9491917413665559E+00   0.1025820443678848E-02  -0.2573513943828942E-01   0.5264587101537324E-03   0.8708207408116548E-06   0.1699902039767285E-03   0.1138578400879622E-02
  0.6002500000000000E+02   0.9492888840394420E+00   0.1023453047026452E-02  -0.2568528703903783E-01   0.5252168695657676E-03   0.8694908735318979E-06   0.1693236433237602E-03   0.1135718310456941E-02
  0.6007500000000000E+02   0.9493854215358337E+00   0.1021290625485787E-02  -0.2563574768148791E-01   0.5240805084215750E-03   0.8683323467961412E-06   0.1686626248925040E-03   0.1133088223533496E-02
  0.6012500000000000E+02   0.9494813349192517E+00   0.1019254203671443E-02  -0.2558653105688236E-01   0.5230090901642405E-03   0.8672783773393783E-06   0.1680072411638594E-03   0.1130600432798417E-02
  0.6017500000000000E+02   0.9495766235759678E+00   0.1017261284342689E-02  -0.2553763745412108E-01   0.5219602744250652E-03   0.8662589646436309E-06   0.1673574586035717E-03   0.1128163353386664E-02
  0.6022500000000000E+02   0.9496713064988376E+00   0.1015230376081056E-02  -0.2548905710219795E-01   0.5208922400923334E-03   0.8652047371300511E-06   0.1667131108191335E-03   0.1125686543316090E-02
  0.6027500000000001E+02   0.9497654223136970E+00   0.1013086125011522E-02  -0.2544077015774859E-01   0.5197663179361129E-03   0.8640513321731597E-06   0.1660739004057596E-03   0.1123086390529305E-02
  0.6032499999999999E+02   0.9498590277540494E+00   0.1010764633594314E-02  -0.2539274748857923E-01   0.5185497188686625E-03   0.8627439570124237E-06   0.1654394112949726E-03   0.1120292004367450E-02
  0.6037500000000000E+02   0.9499521944611319E+00   0.1008218405256464E-02  -0.2534495231612133E-01   0.5172180699481028E-03   0.8612416521026488E-06   0.1648091322137936E-03   0.1117250689726718E-02
  0.6042499999999999E+02   0.9500450042292745E+00   0.1005420294993700E-02  -0.2529734265520156E-01   0.5157574401882619E-03   0.8595207251984148E-06   0.1641824902086004E-03   0.1113932317487591E-02
  0.6047500000000000E+02   0.9501375430812306E+00   0.1002365908804492E-02  -0.2524987435370674E-01   0.5141655704531912E-03   0.8575768746927012E-06   0.1635588914316946E-03   0.1110331974618489E-02
  0.6052500000000001E+02   0.9502298947777066E+00   0.9990740827813451E-03  -0.2520250442213390E-01   0.5124521181648541E-03   0.8554256785797413E-06   0.1629377649842209E-03   0.1106470485857101E-02
  0.6057499999999999E+02   0.9503221344771626E+00   0.9955853501717204E-03  -0.2515519428567670E-01   0.5106378699131495E-03   0.8531013611601312E-06   0.1623186049630251E-03   0.1102392706447072E-02
  0.6062499999999999E+02   0.9504143232320567E+00   0.9919586048309818E-03  -0.2510791260688694E-01   0.5087530290062693E-03   0.8506540064968705E-06   0.1617010061754582E-03   0.1098163817901713E-02
  0.6067500000000000E+02   0.9505065038447865E+00   0.9882664167224441E-03  -0.2506063741055520E-01   0.5068348118069633E-03   0.8481456010137124E-06   0.1610846901775614E-03   0.1093864132534351E-02
  0.6072499999999999E+02   0.9505986983587414E+00   0.9845895921861978E-03  -0.2501335736962496E-01   0.5049246569829486E-03   0.8456454079160604E-06   0.1604695200127865E-03   0.1089583064101056E-02
  0.6077500000000001E+02   0.9506909071957050E+00   0.9810115779632469E-03  -0.2496607224648006E-01   0.5030653549787234E-03   0.8432251847983802E-06   0.1598555038110097E-03   0.1085412928542550E-02
  0.6082500000000000E+02   0.9507831097345112E+00   0.9776132018832085E-03  -0.2491879259492058E-01   0.5012983505675734E-03   0.8409546678521002E-06   0.1592427888266964E-03   0.1081443121001938E-02
  0.6087499999999999E+02   0.9508752659978429E+00   0.9744680699452516E-03  -0.2487153889380300E-01   0.4996613824807265E-03   0.8388975996845214E-06   0.1586316482955635E-03   0.1077755023207737E-02
  0.6092500000000000E+02   0.9509673190843138E+00   0.9716387522884667E-03  -0.2482434029856428E-01   0.4981865280486739E-03   0.8371084181545126E-06   0.1580224636241396E-03   0.1074417787736923E-02
  0.6097499999999999E+02   0.9510591980359284E+00   0.9691737336553438E-03  -0.2477723316967873E-01   0.4968986403000833E-03   0.8356295890216688E-06   0.1574157040178234E-03   0.1071484971783852E-02
  0.6102500000000001E+02   0.9511508209368615E+00   0.9671050046347982E-03  -0.2473025948279450E-01   0.4958141140121514E-03   0.8344894793120756E-06   0.1568119049106045E-03   0.1068991882989150E-02
  0.6107500000000000E+02   0.9512420981652978E+00   0.9654461379423754E-03  -0.2468346516076980E-01   0.4949399007684814E-03   0.8337006399146582E-06   0.1562116457078277E-03   0.1066953464330845E-02
  0.6112499999999999E+02   0.9513329358367466E+00   0.9641907259585901E-03  -0.2463689830799010E-01   0.4942727094586424E-03   0.8332583926507601E-06   0.1556155265846022E-03   0.1065362580334770E-02
  0.6117500000000000E+02   0.9514232395616677E+00   0.9633111406972296E-03  -0.2459060728404905E-01   0.4937983721968092E-03   0.8331396898247580E-06   0.1550241435448933E-03   0.1064188660682665E-02
  0.6122500000000001E+02   0.9515129186741300E+00   0.9627576997594558E-03  -0.2454463853648836E-01   0.4934914183643396E-03   0.8333023199632932E-06   0.1544380607528865E-03   0.1063376792434714E-02
  0.6127499999999999E+02   0.9516018910566759E+00   0.9624584615113159E-03  -0.2449903412844512E-01   0.4933149710679240E-03   0.8336846549009195E-06   0.1538577793866546E-03   0.1062847506265167E-02
  0.6132500000000000E+02   0.9516900885786129E+00   0.9623200025646066E-03  -0.2445382895235937E-01   0.4932211468428858E-03   0.8342062471693235E-06   0.1532837029938873E-03   0.1062497645377989E-02
  0.6137500000000000E+02   0.9517774629782988E+00   0.9622296140992260E-03  -0.2440904771652708E-01   0.4931521821963532E-03   0.8347696610316936E-06   0.1527161005512985E-03   0.1062202797830257E-02
  0.6142500000000000E+02   0.9518639917695854E+00   0.9620593459475429E-03  -0.2436470191956530E-01   0.4930425066827725E-03   0.8352639163597124E-06   0.1521550700311688E-03   0.1061821764598190E-02
  0.6147500000000000E+02   0.9519496834805764E+00   0.9616721846886023E-03  -0.2432078716721109E-01   0.4928219091070319E-03   0.8355698030394219E-06   0.1516005069753122E-03   0.1061203378431312E-02
  0.6152499999999998E+02   0.9520345813132465E+00   0.9609303494501009E-03  -0.2427728129837292E-01   0.4924197884460402E-03   0.8355670621887693E-06   0.1510520838861291E-03   0.1060195655033070E-02
  0.6157500000000000E+02   0.9521187642420400E+00   0.9597052456856408E-03  -0.2423414382341571E-01   0.4917702539040078E-03   0.8351430445785876E-06   0.1505092465530803E-03   0.1058656769352576E-02
  0.6162500000000000E+02   0.9522023447385561E+00   0.9578881152493839E-03  -0.2419131709107325E-01   0.4908175813694745E-03   0.8342020169979735E-06   0.1499712321906586E-03   0.1056466796577758E-02
  0.6167500000000000E+02   0.9522854627561046E+00   0.9554000036119260E-03  -0.2414872937151580E-01   0.4895213196764160E-03   0.8326739180844447E-06   0.1494371112723349E-03   0.1053538697393762E-02
  0.6172500000000000E+02   0.9523682762757890E+00   0.9521994973284511E-03  -0.2410629970092715E-01   0.4878602541632555E-03   0.8305212110955554E-06   0.1489058506198056E-03   0.1049826842394259E-02
  0.6177500000000000E+02   0.9524509494436421E+00   0.9482868855590364E-03  -0.2406394396003575E-01   0.4858345378727376E-03   0.8277426475853661E-06   0.1483763907179770E-03   0.1045331592022486E-02
  0.6182500000000000E+02   0.9525336398937211E+00   0.9437039715958811E-03  -0.2402158136939236E-01   0.4834655939011383E-03   0.8243732482271365E-06   0.1478477267978655E-03   0.1040099079420510E-02
  0.6187500000000000E+02   0.9526164870600140E+00   0.9385295656685142E-03  -0.2397914047767558E-01   0.4807938050257661E-03   0.8204805067914017E-06   0.1473189821640253E-03   0.1034216231586839E-02
  0.6192500000000000E+02   0.9526996030530612E+00   0.9328714929773718E-03  -0.2393656383561804E-01   0.4778744180005652E-03   0.8161575258553471E-06   0.1467894639587288E-03   0.1027801949282913E-02
  0.6197500000000000E+02   0.9527830670939853E+00   0.9268565150072911E-03  -0.2389381084699749E-01   0.4747723789209620E-03   0.8115142915328145E-06   0.1462586954718923E-03   0.1020995988011534E-02
  0.6202500000000000E+02   0.9528669237559786E+00   0.9206197494911823E-03  -0.2385085866866643E-01   0.4715569120081299E-03   0.8066684665527477E-06   0.1457264239191253E-03   0.1013947288708892E-02
  0.6207499999999999E+02   0.9529511845857868E+00   0.9142949892710652E-03  -0.2380770137874255E-01   0.4682965592754553E-03   0.8017369275258472E-06   0.1451926068849813E-03   0.1006803302348941E-02
  0.6212500000000000E+02   0.9530358322278062E+00   0.9080068840848685E-03  -0.2376434786260651E-01   0.4650551749963529E-03   0.7968288971329590E-06   0.1446573833647517E-03   0.9997013713143427E-03
  0.6217500000000000E+02   0.9531208260067970E+00   0.9018654302714575E-03  -0.2372081895169942E-01   0.4618891029219021E-03   0.7920410713347989E-06   0.1441210362344255E-03   0.9927626577733938E-03
  0.6222500000000000E+02   0.9532061080011767E+00   0.8959627562826838E-03  -0.2367714431116741E-01   0.4588455299709993E-03   0.7874547422471992E-06   0.1435839523428984E-03   0.9860886050888219E-03
  0.6227499999999999E+02   0.9532916088642263E+00   0.8903718786445901E-03  -0.2363335945689204E-01   0.4559618496128243E-03   0.7831346415859921E-06   0.1430465848759464E-03   0.9797595728289997E-03
  0.6232500000000000E+02   0.9533772529267855E+00   0.8851469501538433E-03  -0.2358950314088604E-01   0.4532657898502503E-03   0.7791290931348416E-06   0.1425094208239821E-03   0.9738351174651675E-03
  0.6237499999999999E+02   0.9534629623686853E+00   0.8803245014712175E-03  -0.2354561521403731E-01   0.4507760501603888E-03   0.7754710418320981E-06   0.1419729547556015E-03   0.9683553682235759E-03
  0.6242500000000000E+02   0.9535486604382464E+00   0.8759252422345922E-03  -0.2350173497676444E-01   0.4485032250486128E-03   0.7721795815847473E-06   0.1414376688909020E-03   0.9633430193333467E-03
  0.6247500000000001E+02   0.9536342738198232E+00   0.8719560931348652E-03  -0.2345789996632452E-01   0.4464508458492452E-03   0.7692616944699644E-06   0.1409040187302297E-03   0.9588055761642838E-03
  0.6252499999999999E+02   0.9537197343069241E+00   0.8684122322998517E-03  -0.2341414510003592E-01   0.4446164297499511E-03   0.7667140110133670E-06   0.1403724231610467E-03   0.9547376162178423E-03
  0.6257500000000000E+02   0.9538049799489203E+00   0.8652790374544324E-03  -0.2337050208830294E-01   0.4429924752962292E-03   0.7645244867812743E-06   0.1398432579282769E-03   0.9511229341686198E-03
  0.6262499999999999E+02   0.9538899558195726E+00   0.8625338802877394E-03  -0.2332699904147773E-01   0.4415673820414996E-03   0.7626739561942519E-06   0.1393168515015472E-03   0.9479365228191734E-03
  0.6267500000000000E+02   0.9539746145197097E+00   0.8601477790962603E-03  -0.2328366021297779E-01   0.4403262974405751E-03   0.7611375681844841E-06   0.1387934826146223E-03   0.9451463965599287E-03
  0.6272500000000001E+02   0.9540589164850144E+00   0.8580869418668730E-03  -0.2324050584227610E-01   0.4392519074548724E-03   0.7598861314841727E-06   0.1382733790212463E-03   0.9427152927026781E-03
  0.6277499999999999E+02   0.9541428301306593E+00   0.8563142381156302E-03  -0.2319755208147034E-01   0.4383251904928945E-03   0.7588874029765009E-06   0.1377567172603822E-03   0.9406022928669781E-03
  0.6282500000000000E+02   0.9542263318327896E+00   0.8547906283981059E-03  -0.2315481100538708E-01   0.4375261495006554E-03   0.7581073444248183E-06   0.1372436234205881E-03   0.9387643962972291E-03
  0.6287500000000001E+02   0.9543094057262729E+00   0.8534765603384820E-03  -0.2311229071572574E-01   0.4368345267460625E-03   0.7575113552488642E-06   0.1367341750172904E-03   0.9371580549609580E-03
  0.6292500000000000E+02   0.9543920432908408E+00   0.8523333146415418E-03  -0.2306999555347689E-01   0.4362304928511377E-03   0.7570654665229842E-06   0.1362284041366022E-03   0.9357406524211105E-03
  0.6297499999999999E+02   0.9544742427041564E+00   0.8513242595501513E-03  -0.2302792643057539E-01   0.4356952888324578E-03   0.7567374590577132E-06   0.1357263019551136E-03   0.9344718810482905E-03
  0.6302499999999999E+02   0.9545560079588084E+00   0.8504159531632115E-03  -0.2298608128230295E-01   0.4352117901653634E-03   0.7564978512530343E-06   0.1352278246288495E-03   0.9333149512604321E-03
  0.6307500000000000E+02   0.9546373477670321E+00   0.8495790245693653E-03  -0.2294445562823788E-01   0.4347649575621808E-03   0.7563206945454722E-06   0.1347329003807840E-03   0.9322375572278006E-03
  0.6312500000000000E+02   0.9547182743065714E+00   0.8487887696171886E-03  -0.2290304321440673E-01   0.4343421416486104E-03   0.7561841182234972E-06   0.1342414374398523E-03   0.9312125288547222E-03
  0.6317500000000000E+02   0.9547988018873118E+00   0.8480254154241600E-03  -0.2286183669587982E-01   0.4339332180807599E-03   0.7560705813293316E-06   0.1337533323328775E-03   0.9302181199343843E-03
  0.6322499999999999E+02   0.9548789456353856E+00   0.8472740366797353E-03  -0.2282082831032539E-01   0.4335305444623242E-03   0.7559668149435681E-06   0.1332684779384043E-03   0.9292379141476652E-03
  0.6327500000000000E+02   0.9549587202955599E+00   0.8465241413889151E-03  -0.2278001049094769E-01   0.4331287481205753E-03   0.7558634689409370E-06   0.1327867706994273E-03   0.9282603685117738E-03
  0.6332500000000000E+02   0.9550381392427324E+00   0.8457689777882529E-03  -0.2273937637234458E-01   0.4327243712371747E-03   0.7557545078598682E-06   0.1323081164648715E-03   0.9272780512378459E-03
  0.6337500000000000E+02   0.9551172137710219E+00   0.8450046419437303E-03  -0.2269892015426533E-01   0.4323154140365387E-03   0.7556364256524756E-06   0.1318324345750641E-03   0.9262866613665184E-03
  0.6342500000000000E+02   0.9551959526982042E+00   0.8442290828021429E-03  -0.2265863730397277E-01   0.4319008255586923E-03   0.7555073649664620E-06   0.1313596599983881E-03   0.9252839364100212E-03
  0.6347499999999999E+02   0.9552743622891449E+00   0.8434411062937487E-03  -0.2261852459537061E-01   0.4314799940036564E-03   0.7553662314635873E-06   0.1308897435339995E-03   0.9242685594424959E-03
  0.6352500000000000E+02   0.9553524464693699E+00   0.8426394728387524E-03  -0.2257857999967983E-01   0.4310522849184522E-03   0.7552118877424332E-06   0.1304226502886574E-03   0.9232391690590625E-03
  0.6357499999999999E+02   0.9554302072729141E+00   0.8418221653931236E-03  -0.2253880245626749E-01   0.4306166666812673E-03   0.7550424965068124E-06   0.1299583567919120E-03   0.9221935566818270E-03
  0.6362500000000000E+02   0.9555076454496187E+00   0.8409858810154142E-03  -0.2249919156192237E-01   0.4301714503741450E-03   0.7548550613618143E-06   0.1294968472186883E-03   0.9211281091644263E-03
  0.6367500000000000E+02   0.9555847611472524E+00   0.8401257710884439E-03  -0.2245974722188082E-01   0.4297141568855347E-03   0.7546451888930627E-06   0.1290381092365684E-03   0.9200375240968036E-03
  0.6372499999999999E+02   0.9556615545833099E+00   0.8392354267824062E-03  -0.2242046930616259E-01   0.4292415094794173E-03   0.7544070701583103E-06   0.1285821299873446E-03   0.9189147939234094E-03
  0.6377500000000000E+02   0.9557380266295451E+00   0.8383070796994709E-03  -0.2238135735057190E-01   0.4287495364386612E-03   0.7541336557286775E-06   0.1281288926533840E-03   0.9177514258094627E-03
  0.6382500000000000E+02   0.9558141792481817E+00   0.8373319651597260E-03  -0.2234241033359119E-01   0.4282337568951088E-03   0.7538169780121971E-06   0.1276783739563915E-03   0.9165378395988908E-03
  0.6387500000000000E+02   0.9558900157409057E+00   0.8363007793003650E-03  -0.2230362654904916E-01   0.4276894146331415E-03   0.7534485596284655E-06   0.1272305427984504E-03   0.9152638684160348E-03
  0.6392500000000000E+02   0.9559655407982162E+00   0.8352041528323037E-03  -0.2226500358090999E-01   0.4271117204003134E-03   0.7530198387161794E-06   0.1267853600954288E-03   0.9139192773979174E-03
  0.6397500000000000E+02   0.9560407603649201E+00   0.8340330652420842E-03  -0.2222653837209687E-01   0.4264960637474736E-03   0.7525225424824594E-06   0.1263427796863320E-03   0.9124942171299842E-03
  0.6402499999999999E+02   0.9561156813643810E+00   0.8327791339633318E-03  -0.2218822736555259E-01   0.4258381609170216E-03   0.7519489495781444E-06   0.1259027500477554E-03   0.9109795401559890E-03
  0.6407500000000000E+02   0.9561903113461169E+00   0.8314347329660211E-03  -0.2215006668449737E-01   0.4251341154909908E-03   0.7512919995269066E-06   0.1254652164199344E-03   0.9093669307703866E-03
  0.6412500000000000E+02   0.9562646581352866E+00   0.8299929224137961E-03  -0.2211205231172031E-01   0.4243803824231056E-03   0.7505452317842334E-06   0.1250301228781044E-03   0.9076488280821627E-03
  0.6417500000000000E+02   0.9563387295660363E+00   0.8284472024000058E-03  -0.2207418022599150E-01   0.4235736421150297E-03   0.7497025652818679E-06   0.1245974138730466E-03   0.9058181566447352E-03
  0.6422499999999999E+02   0.9564125333724204E+00   0.8267911353410856E-03  -0.2203644645790714E-01   0.4227106073362985E-03   0.7487579579746788E-06   0.1241670348231010E-03   0.9038679134542817E-03
  0.6427499999999999E+02   0.9564860772909608E+00   0.8250179091622183E-03  -0.2199884703753596E-01   0.4217877998728099E-03   0.7477050111276750E-06   0.1237389314632442E-03   0.9017906902163918E-03
  0.6432500000000000E+02   0.9565593693996440E+00   0.8231199330501241E-03  -0.2196137782119512E-01   0.4208013438244576E-03   0.7465366012919746E-06   0.1233130478329584E-03   0.8995782312045977E-03
  0.6437500000000000E+02   0.9566324186822831E+00   0.8210885661349653E-03  -0.2192403420302691E-01   0.4197468268560875E-03   0.7452446312190748E-06   0.1228893229950441E-03   0.8972211363645074E-03
  0.6442499999999998E+02   0.9567052357685573E+00   0.8189140748996312E-03  -0.2188681073678522E-01   0.4186192783661859E-03   0.7438199873713596E-06   0.1224676867989242E-03   0.8947088142725889E-03
  0.6447499999999999E+02   0.9567778337631992E+00   0.8165858964844193E-03  -0.2184970071207071E-01   0.4174133040080216E-03   0.7422527752810682E-06   0.1220480552080679E-03   0.8920297691517416E-03
  0.6452500000000001E+02   0.9568502290476230E+00   0.8140932527799340E-03  -0.2181269574467148E-01   0.4161233994953985E-03   0.7405328750770418E-06   0.1216303258740200E-03   0.8891722708503189E-03
  0.6457500000000000E+02   0.9569224419188449E+00   0.8114261163136720E-03  -0.2177578545008463E-01   0.4147444441901350E-03   0.7386508197952393E-06   0.1212143747310463E-03   0.8861254087389916E-03
  0.6462500000000000E+02   0.9569944969286162E+00   0.8085764774540193E-03  -0.2173895727027431E-01   0.4132723486554156E-03   0.7365989521953798E-06   0.1208000543798997E-03   0.8828804742665109E-03
  0.6467499999999998E+02   0.9570664228038045E+00   0.8055398096389131E-03  -0.2170219651445116E-01   0.4117048033680944E-03   0.7343727673763217E-06   0.1203871949087562E-03   0.8794325592796343E-03
  0.6472499999999999E+02   0.9571382518683786E+00   0.8023165834627540E-03  -0.2166548665455781E-01   0.4100420523442488E-03   0.7319723060593153E-06   0.1199756075603938E-03   0.8757822071896053E-03
  0.6477500000000001E+02   0.9572100189451653E+00   0.7989136507601424E-03  -0.2162880988659022E-01   0.4082876002652607E-03   0.7294034354713010E-06   0.1195650913156452E-03   0.8719369217327587E-03
  0.6482499999999999E+02   0.9572817597846919E+00   0.7953453145153696E-03  -0.2159214793354935E-01   0.4064487589891869E-03   0.7266788489202361E-06   0.1191554420676233E-03   0.8679123323718483E-03
  0.6487500000000000E+02   0.9573535091375996E+00   0.7916339241417142E-03  -0.2155548303046595E-01   0.4045369514633212E-03   0.7238186358217980E-06   0.1187464636748620E-03   0.8637328413651984E-03
  0.6492500000000000E+02   0.9574252986430165E+00   0.7878098872554838E-03  -0.2151879900338216E-01   0.4025677174242446E-03   0.7208503202520268E-06   0.1183379798796866E-03   0.8594316339100469E-03
  0.6497499999999999E+02   0.9574971547358754E+00   0.7839110606892190E-03  -0.2148208233854454E-01   0.4005604018793420E-03   0.7178083310882792E-06   0.1179298459265923E-03   0.8550500109859525E-03
  0.6502500000000001E+02   0.9575690967743207E+00   0.7799815618694690E-03  -0.2144532313901981E-01   0.3985375474222368E-03   0.7147329384316232E-06   0.1175219587506154E-03   0.8506360900829883E-03
  0.6507500000000000E+02   0.9576411355542634E+00   0.7760701113226173E-03  -0.2140851588337267E-01   0.3965240470200772E-03   0.7116687551037425E-06   0.1171142648214646E-03   0.8462429949744727E-03
  0.6512500000000000E+02   0.9577132723196254E+00   0.7722280644531757E-03  -0.2137165993096202E-01   0.3945461381175096E-03   0.7086629461154173E-06   0.1167067650770237E-03   0.8419267073433527E-03
  0.6517500000000000E+02   0.9577854983070743E+00   0.7685073080072655E-03  -0.2133475975405741E-01   0.3926303277176455E-03   0.7057633057415544E-06   0.1162995167821660E-03   0.8377437718363854E-03
  0.6522499999999999E+02   0.9578577947979346E+00   0.7649581833743205E-03  -0.2129782491076648E-01   0.3908023313142097E-03   0.7030163506193067E-06   0.1158926325212427E-03   0.8337490315656293E-03
  0.6527499999999999E+02   0.9579301335999821E+00   0.7616275615092298E-03  -0.2126086979830666E-01   0.3890860894425860E-03   0.7004655438029894E-06   0.1154862768061704E-03   0.8299935302218691E-03
  0.6532500000000000E+02   0.9580024778554407E+00   0.7585571435370848E-03  -0.2122391323963269E-01   0.3875028996917052E-03   0.6981497187034959E-06   0.1150806609177772E-03   0.8265226615648930E-03
  0.6537500000000000E+02   0.9580747830702633E+00   0.7557820089334851E-03  -0.2118697795706159E-01   0.3860706753553645E-03   0.6961017241822197E-06   0.1146760365909899E-03   0.8233745901000042E-03
  0.6542500000000000E+02   0.9581469982802421E+00   0.7533293898624475E-03  -0.2115008997607970E-01   0.3848033197673984E-03   0.6943472722534554E-06   0.1142726890273736E-03   0.8205789194806265E-03
  0.6547499999999999E+02   0.9582190673050310E+00   0.7512176229787106E-03  -0.2111327798435125E-01   0.3837101914263688E-03   0.6929039445577817E-06   0.1138709295110713E-03   0.8181555554117492E-03
  0.6552499999999999E+02   0.9582909300838400E+00   0.7494552225349707E-03  -0.2107657264914975E-01   0.3827956311982116E-03   0.6917803065958787E-06   0.1134710876624795E-03   0.8161137016668520E-03
  0.6557500000000000E+02   0.9583625241283866E+00   0.7480400318999530E-03  -0.2104000587505783E-01   0.3820585296586096E-03   0.6909750906454537E-06   0.1130735031327565E-03   0.8144509422579454E-03
  0.6562500000000001E+02   0.9584337861621038E+00   0.7469584433962479E-03  -0.2100360996671902E-01   0.3814919293884501E-03   0.6904764383612450E-06   0.1126785163633525E-03   0.8131523984929934E-03
  0.6567500000000000E+02   0.9585046540322576E+00   0.7461847257329702E-03  -0.2096741665240365E-01   0.3810826822441130E-03   0.6902612396612219E-06   0.1122864579473111E-03   0.8121900033599641E-03
  0.6572499999999999E+02   0.9585750689762369E+00   0.7456805590929160E-03  -0.2093145592690160E-01   0.3808112126607362E-03   0.6902946609825098E-06   0.1118976361712896E-03   0.8115220017803332E-03
  0.6577499999999999E+02   0.9586449782878972E+00   0.7453949417454294E-03  -0.2089575469031946E-01   0.3806514706254126E-03   0.6905300156542161E-06   0.1115123225242006E-03   0.8110928546436315E-03
  0.6582500000000000E+02   0.9587143383594592E+00   0.7452646859842425E-03  -0.2086033519528663E-01   0.3805711854870487E-03   0.6909091800360411E-06   0.1111307353533566E-03   0.8108337831332195E-03
  0.6587500000000001E+02   0.9587831179691447E+00   0.7452157473359401E-03  -0.2082521336884768E-01   0.3805325451137546E-03   0.6913637845420060E-06   0.1107530224268072E-03   0.8106642182358272E-03
  0.6592499999999998E+02   0.9588513015538903E+00   0.7451656081947760E-03  -0.2079039714209918E-01   0.3804934132692077E-03   0.6918173888792971E-06   0.1103792438640532E-03   0.8104943955179888E-03
  0.6597499999999999E+02   0.9589188920728702E+00   0.7450268461510112E-03  -0.2075588498883851E-01   0.3804091516764026E-03   0.6921887676429327E-06   0.1100093575984834E-03   0.8102292364478863E-03
  0.6602500000000001E+02   0.9589859129679910E+00   0.7447118501204798E-03  -0.2072166492530458E-01   0.3802350279012739E-03   0.6923962777461257E-06   0.1096432100317085E-03   0.8097734758830669E-03
  0.6607500000000000E+02   0.9590524087071312E+00   0.7441384173857067E-03  -0.2068771423348748E-01   0.3799290727795097E-03   0.6923630649977064E-06   0.1092805345917266E-03   0.8090377454485687E-03
  0.6612500000000000E+02   0.9591184434939676E+00   0.7432357139484974E-03  -0.2065400012040786E-01   0.3794551231331297E-03   0.6920226322398745E-06   0.1089209603116263E-03   0.8079450501801559E-03
  0.6617499999999998E+02   0.9591840979584479E+00   0.7419498767508705E-03  -0.2062048140823347E-01   0.3787856814780586E-03   0.6913240986505104E-06   0.1085640312467557E-03   0.8064368544353417E-03
  0.6622499999999999E+02   0.9592494639753224E+00   0.7402484544287350E-03  -0.2058711117992040E-01   0.3779041826376865E-03   0.6902363994292676E-06   0.1082092357225347E-03   0.8044779042528515E-03
  0.6627500000000001E+02   0.9593146381201401E+00   0.7381229763497159E-03  -0.2055384012027939E-01   0.3768063047183523E-03   0.6887507574609795E-06   0.1078560424696237E-03   0.8020590146677308E-03
  0.6632500000000000E+02   0.9593797145619086E+00   0.7355892101043664E-03  -0.2052062014443934E-01   0.3755000999678219E-03   0.6868810071050674E-06   0.1075039392045928E-03   0.7991973444910972E-03
  0.6637499999999999E+02   0.9594447783190037E+00   0.7326850561640145E-03  -0.2048740784067338E-01   0.3740049194001769E-03   0.6846617109096702E-06   0.1071524686258621E-03   0.7959341033781522E-03
  0.6642500000000000E+02   0.9595098997284486E+00   0.7294664313122989E-03  -0.2045416729360860E-01   0.3723493107498875E-03   0.6821443865659531E-06   0.1068012573139345E-03   0.7923300738435793E-03
  0.6647499999999999E+02   0.9595751307240725E+00   0.7260018006576966E-03  -0.2042087198384879E-01   0.3705682266464779E-03   0.6793924518421740E-06   0.1064500344844879E-03   0.7884596657347147E-03
  0.6652500000000001E+02   0.9596405031674706E+00   0.7223661591928498E-03  -0.2038750563953851E-01   0.3686999519460220E-03   0.6764756311386046E-06   0.1060986394841530E-03   0.7844043739262069E-03
  0.6657500000000000E+02   0.9597060291284665E+00   0.7186352255669314E-03  -0.2035406209266710E-01   0.3667831395810416E-03   0.6734645358739767E-06   0.1057470187898395E-03   0.7802464681867121E-03
  0.6662499999999999E+02   0.9597717027515865E+00   0.7148804356692485E-03  -0.2032054432574026E-01   0.3648542548936251E-03   0.6704259709415035E-06   0.1053952146364994E-03   0.7760635537159182E-03
  0.6667500000000000E+02   0.9598375032116913E+00   0.7111650837292716E-03  -0.2028696296251931E-01   0.3629456059295374E-03   0.6674192975407595E-06   0.1050433480582326E-03   0.7719243799780353E-03
  0.6672499999999999E+02   0.9599033982504718E+00   0.7075417244920686E-03  -0.2025333446235211E-01   0.3610840176239826E-03   0.6644939646500568E-06   0.1046915991284554E-03   0.7678860208834818E-03
  0.6677499999999999E+02   0.9599693478610037E+00   0.7040507696008862E-03  -0.2021967923906998E-01   0.3592901156935347E-03   0.6616881523969690E-06   0.1043401867283794E-03   0.7639923532348611E-03
  0.6682500000000000E+02   0.9600353078049524E+00   0.7007201034555110E-03  -0.2018601986546842E-01   0.3575781309832403E-03   0.6590283687199394E-06   0.1039893495077009E-03   0.7602736431285303E-03
  0.6687499999999999E+02   0.9601012327673061E+00   0.6975655034010878E-03  -0.2015237946297921E-01   0.3559561143898967E-03   0.6565298016827638E-06   0.1036393290374006E-03   0.7567470061142747E-03
  0.6692500000000000E+02   0.9601670790514316E+00   0.6945916573720375E-03  -0.2011878032613312E-01   0.3544264567103439E-03   0.6541972363952614E-06   0.1032903556234065E-03   0.7534175159537885E-03
  0.6697500000000001E+02   0.9602328067822757E+00   0.6917936064889032E-03  -0.2008524279821489E-01   0.3529866253184961E-03   0.6520263767547533E-06   0.1029426369031828E-03   0.7502797742342810E-03
  0.6702499999999999E+02   0.9602983816185368E+00   0.6891584807974478E-03  -0.2005178439765043E-01   0.3516300503562014E-03   0.6500054496664755E-06   0.1025963491752426E-03   0.7473197973834569E-03
  0.6707500000000000E+02   0.9603637759834730E+00   0.6866674295175934E-03  -0.2001841919015102E-01   0.3503471100702408E-03   0.6481170000095729E-06   0.1022516313687493E-03   0.7445171137691385E-03
  0.6712500000000000E+02   0.9604289698196592E+00   0.6842976656780706E-03  -0.1998515740385609E-01   0.3491261743879853E-03   0.6463398015734174E-06   0.1019085815861618E-03   0.7418469837792540E-03
  0.6717500000000000E+02   0.9604939508664818E+00   0.6820245477982373E-03  -0.1995200528804086E-01   0.3479546672602945E-03   0.6446508113982796E-06   0.1015672561872131E-03   0.7392826589242335E-03
  0.6722499999999999E+02   0.9605587144594966E+00   0.6798236122278535E-03  -0.1991896521579362E-01   0.3468201036955769E-03   0.6430270859815864E-06   0.1012276713804679E-03   0.7367975863022094E-03
  0.6727499999999999E+02   0.9606232628633726E+00   0.6776724561481739E-03  -0.1988603602463501E-01   0.3457110504780070E-03   0.6414475644648103E-06   0.1008898072220513E-03   0.7343674501136540E-03
  0.6732500000000000E+02   0.9606876041758461E+00   0.6755523617909358E-03  -0.1985321357595582E-01   0.3446179547532941E-03   0.6398946144227428E-06   0.1005536137877372E-03   0.7319719317567349E-03
  0.6737500000000000E+02   0.9607517508750396E+00   0.6734495549998638E-03  -0.1982049149632714E-01   0.3435337859837233E-03   0.6383552377108547E-06   0.1002190191060393E-03   0.7295960728876978E-03
  0.6742500000000000E+02   0.9608157181190318E+00   0.6713560105557994E-03  -0.1978786204511840E-01   0.3424544466244415E-03   0.6368218515425701E-06   0.9988593825749840E-04   0.7272311467944596E-03
  0.6747499999999999E+02   0.9608795219354149E+00   0.6692697526834876E-03  -0.1975531703814604E-01   0.3413789252400016E-03   0.6352925936560419E-06   0.9955428290689774E-04   0.7248749824689223E-03
  0.6752500000000001E+02   0.9609431774516277E+00   0.6671946468162049E-03  -0.1972284875042984E-01   0.3403091900926817E-03   0.6337711454182302E-06   0.9922397048174416E-04   0.7225317374083013E-03
  0.6757500000000000E+02   0.9610066973096394E+00   0.6651397292993077E-03  -0.1969045072482434E-01   0.3392498470463237E-03   0.6322661147990688E-06   0.9889493226282730E-04   0.7202111699837479E-03
  0.6762500000000000E+02   0.9610700903817676E+00   0.6631181654510035E-03  -0.1965811842696752E-01   0.3382076079351932E-03   0.6307900630139774E-06   0.9856711980481333E-04   0.7179275095551375E-03
  0.6767500000000000E+02   0.9611333608634838E+00   0.6611459552522314E-03  -0.1962584970787562E-01   0.3371906302584723E-03   0.6293582866000084E-06   0.9824050932623622E-04   0.7156980537070376E-03
  0.6772499999999999E+02   0.9611965077724507E+00   0.6592405158451828E-03  -0.1959364505928896E-01   0.3362077941064803E-03   0.6279874767865857E-06   0.9791510395381909E-04   0.7135416326422181E-03
  0.6777500000000001E+02   0.9612595248395677E+00   0.6574192615755486E-03  -0.1956150766905085E-01   0.3352679779088249E-03   0.6266943706814454E-06   0.9759093393020519E-04   0.7114770715501467E-03
  0.6782499999999999E+02   0.9613224007443500E+00   0.6556982799574224E-03  -0.1952944330085971E-01   0.3343793831835712E-03   0.6254944881260655E-06   0.9726805506227895E-04   0.7095217574883859E-03
  0.6787500000000000E+02   0.9613851196270818E+00   0.6540911721696645E-03  -0.1949746003287711E-01   0.3335489432753518E-03   0.6244010201907175E-06   0.9694654578276588E-04   0.7076903850193788E-03
  0.6792500000000000E+02   0.9614476618039788E+00   0.6526080960851345E-03  -0.1946556789283083E-01   0.3327818354540999E-03   0.6234239064102276E-06   0.9662650322179471E-04   0.7059939216597156E-03
  0.6797499999999999E+02   0.9615100046165376E+00   0.6512550235410531E-03  -0.1943377842473282E-01   0.3320811023322934E-03   0.6225691129277488E-06   0.9630803865233684E-04   0.7044388057020726E-03
  0.6802500000000001E+02   0.9615721233584474E+00   0.6500332045934346E-03  -0.1940210421610000E-01   0.3314473788839774E-03   0.6218381056287155E-06   0.9599127260470560E-04   0.7030263684217586E-03
  0.6807500000000000E+02   0.9616339922388144E+00   0.6489388207673241E-03  -0.1937055840672464E-01   0.3308787158750620E-03   0.6212275020291160E-06   0.9567632986226383E-04   0.7017524610567904E-03
  0.6812499999999999E+02   0.9616955853555901E+00   0.6479628061277430E-03  -0.1933915419231202E-01   0.3303704888890871E-03   0.6207288825270551E-06   0.9536333447045378E-04   0.7006072635007608E-03
  0.6817500000000000E+02   0.9617568776655857E+00   0.6470908177424310E-03  -0.1930790432993401E-01   0.3299153835334529E-03   0.6203287441411498E-06   0.9505240482644362E-04   0.6995752546224865E-03
  0.6822500000000001E+02   0.9618178459458985E+00   0.6463033438477324E-03  -0.1927682064793501E-01   0.3295034508487533E-03   0.6200085862238508E-06   0.9474364887358339E-04   0.6986353314232702E-03
  0.6827500000000001E+02   0.9618784697453464E+00   0.6455759468800201E-03  -0.1924591356100402E-01   0.3291222314576487E-03   0.6197451260714418E-06   0.9443715940624163E-04   0.6977610738213118E-03
  0.6832499999999999E+02   0.9619387323234736E+00   0.6448796478144141E-03  -0.1921519159164842E-01   0.3287569517216243E-03   0.6195106512531317E-06   0.9413300949646107E-04   0.6969211618923283E-03
  0.6837499999999999E+02   0.9619986215689799E+00   0.6441814664321717E-03  -0.1918466090221804E-01   0.3283907993449266E-03   0.6192735233832241E-06   0.9383124808316129E-04   0.6960799612437615E-03
  0.6842500000000000E+02   0.9620581308793821E+00   0.6434451376928298E-03  -0.1915432484674151E-01   0.3280052886975775E-03   0.6189988534879945E-06   0.9353189581493705E-04   0.6951982982101060E-03
  0.6847500000000001E+02   0.9621172599699870E+00   0.6426320256517592E-03  -0.1912418355883627E-01   0.3275807267750629E-03   0.6186493704516549E-06   0.9323494130527927E-04   0.6942344479321685E-03
  0.6852499999999999E+02   0.9621760155641073E+00   0.6417022515217311E-03  -0.1909423360018103E-01   0.3270967882454940E-03   0.6181864994841769E-06   0.9294033803737073E-04   0.6931453531644176E-03
  0.6857499999999999E+02   0.9622344119000544E+00   0.6406160397948298E-03  -0.1906446770239467E-01   0.3265332015725544E-03   0.6175716554244898E-06   0.9264800223338975E-04   0.6918880779732506E-03
  0.6862500000000000E+02   0.9622924709771838E+00   0.6393352647102410E-03  -0.1903487464192133E-01   0.3258705371798342E-03   0.6167677348520613E-06   0.9235781206348530E-04   0.6904214771514748E-03
  0.6867500000000000E+02   0.9623502224575863E+00   0.6378251490956163E-03  -0.1900543929041476E-01   0.3250910732034318E-03   0.6157407616762907E-06   0.9206960859046892E-04   0.6887080295305423E-03
  0.6872500000000001E+02   0.9624077031467921E+00   0.6360560313341697E-03  -0.1897614287966098E-01   0.3241796958950749E-03   0.6144616055669531E-06   0.9178319880440330E-04   0.6867157442410779E-03
  0.6877500000000001E+02   0.9624649560001207E+00   0.6340050793458607E-03  -0.1894696350822112E-01   0.3231247729547054E-03   0.6129076564867963E-06   0.9149836097809991E-04   0.6844200092157584E-03
  0.6882499999999999E+02   0.9625220286425146E+00   0.6316578010109525E-03  -0.1891787689597180E-01   0.3219189230624556E-03   0.6110643094164859E-06   0.9121485236480005E-04   0.6818052194724815E-03
  0.6887500000000000E+02   0.9625789714460636E+00   0.6290091875724804E-03  -0.1888885736399892E-01   0.3205595983154821E-03   0.6089261000459230E-06   0.9093241897905748E-04   0.6788660088488636E-03
  0.6892500000000000E+02   0.9626358352731468E+00   0.6260643380871008E-03  -0.1885987898482722E-01   0.3190494021584401E-03   0.6064973424709650E-06   0.9065080689129974E-04   0.6756079213555297E-03
  0.6897499999999999E+02   0.9626926690522003E+00   0.6228384525469356E-03  -0.1883091681786297E-01   0.3173960855589436E-03   0.6037921574364236E-06   0.9036977418573938E-04   0.6720474010482861E-03
  0.6902500000000001E+02   0.9627495173940090E+00   0.6193561458957871E-03  -0.1880194812409663E-01   0.3156121971051977E-03   0.6008338417158751E-06   0.9008910254626813E-04   0.6682110490708696E-03
  0.6907499999999999E+02   0.9628064184679247E+00   0.6156501148031695E-03  -0.1877295344825947E-01   0.3137144032906078E-03   0.5976536062734812E-06   0.8980860739836212E-04   0.6641341824805426E-03
  0.6912500000000000E+02   0.9628634023345558E+00   0.6117592687030004E-03  -0.1874391746828130E-01   0.3117225358362176E-03   0.5942887884084235E-06   0.8952814566759374E-04   0.6598588154052362E-03
  0.6917500000000000E+02   0.9629204898775070E+00   0.6077265002530596E-03  -0.1871482953941161E-01   0.3096584553335344E-03   0.5907807055844315E-06   0.8924762049725557E-04   0.6554312517275384E-03
  0.6922499999999999E+02   0.9629776924025854E+00   0.6035963057561193E-03  -0.1868568389816450E-01   0.3075448385150642E-03   0.5871723540451954E-06   0.8896698264189185E-04   0.6508995166103162E-03
  0.6927500000000001E+02   0.9630350118938086E+00   0.5994124681416772E-03  -0.1865647953155047E-01   0.3054039974990330E-03   0.5835061584856695E-06   0.8868622864371973E-04   0.6463108563180098E-03
  0.6932499999999999E+02   0.9630924418466428E+00   0.5952159869390275E-03  -0.1862721975217552E-01   0.3032568249899485E-03   0.5798219527792576E-06   0.8840539623140785E-04   0.6417095053056943E-03
  0.6937500000000000E+02   0.9631499685509625E+00   0.5910433907942399E-03  -0.1859791154421220E-01   0.3011219344989535E-03   0.5761553251210871E-06   0.8812455760451338E-04   0.6371348667269822E-03
  0.6942500000000000E+02   0.9632075726735621E+00   0.5869255109271762E-03  -0.1856856475678681E-01   0.2990150355137786E-03   0.5725364059251425E-06   0.8784381136387212E-04   0.6326201907766133E-03
  0.6947499999999999E+02   0.9632652309905769E+00   0.5828867400731639E-03  -0.1853919122105441E-01   0.2969485561009535E-03   0.5689891246615043E-06   0.8756327383158177E-04   0.6281917771382370E-03
  0.6952499999999999E+02   0.9633229181373361E+00   0.5789447589017835E-03  -0.1850980385847567E-01   0.2949315037367442E-03   0.5655309203743860E-06   0.8728307040799662E-04   0.6238686818788116E-03
  0.6957500000000000E+02   0.9633806082686569E+00   0.5751106839398733E-03  -0.1848041583480931E-01   0.2929695409129410E-03   0.5621728631754681E-06   0.8700332747918169E-04   0.6196628789621657E-03
  0.6962500000000000E+02   0.9634382765488614E+00   0.5713895766277901E-03  -0.1845103980094909E-01   0.2910652447290640E-03   0.5589201296640314E-06   0.8672416525366646E-04   0.6155798110409962E-03
  0.6967500000000000E+02   0.9634959004126913E+00   0.5677812483560828E-03  -0.1842168725055771E-01   0.2892185172498889E-03   0.5557727702110561E-06   0.8644569179631509E-04   0.6116192590622561E-03
  0.6972500000000001E+02   0.9635534605538365E+00   0.5642812960252432E-03  -0.1839236801653688E-01   0.2874271132575860E-03   0.5527267053902391E-06   0.8616799844891131E-04   0.6077764599393773E-03
  0.6977499999999999E+02   0.9636109416079413E+00   0.5608823021671235E-03  -0.1836308992319002E-01   0.2856872517778678E-03   0.5497748879898508E-06   0.8589115677570748E-04   0.6040434010599770E-03
  0.6982500000000000E+02   0.9636683325048471E+00   0.5575751300378935E-03  -0.1833385860691117E-01   0.2839942759188144E-03   0.5469085631236167E-06   0.8561521713228557E-04   0.6004102165538377E-03
  0.6987499999999999E+02   0.9637256264745779E+00   0.5543502369402588E-03  -0.1830467751326759E-01   0.2823433219260097E-03   0.5441185515623363E-06   0.8534020890762292E-04   0.5968666026105827E-03
  0.6992500000000000E+02   0.9637828207067110E+00   0.5511989206159634E-03  -0.1827554807063192E-01   0.2807299540786116E-03   0.5413964727244445E-06   0.8506614241563587E-04   0.5934031601402959E-03
  0.6997500000000001E+02   0.9638399156848957E+00   0.5481144081600596E-03  -0.1824647002925439E-01   0.2791507193136308E-03   0.5387358180023462E-06   0.8479301230685042E-04   0.5900125673322833E-03
  0.7002499999999999E+02   0.9638969142460260E+00   0.5450926994932527E-03  -0.1821744194054264E-01   0.2776035767892719E-03   0.5361327871488815E-06   0.8452080224059203E-04   0.5866904875100244E-03
  0.7007499999999999E+02   0.9639538204425045E+00   0.5421330917282426E-03  -0.1818846173658184E-01   0.2760881648870933E-03   0.5335868140411697E-06   0.8424949042485810E-04   0.5834361331255183E-03
  0.7012500000000000E+02   0.9640106383097278E+00   0.5392383375460283E-03  -0.1815952735787163E-01   0.2746058817961233E-03   0.5311007341123352E-06   0.8397905552562125E-04   0.5802524356013952E-03
  0.7017500000000000E+02   0.9640673706529653E+00   0.5364144268291995E-03  -0.1813063737112786E-01   0.2731597742254607E-03   0.5286805810968312E-06   0.8370948239927826E-04   0.5771458096398135E-03
  0.7022500000000001E+02   0.9641240179642405E+00   0.5336700197481558E-03  -0.1810179152082569E-01   0.2717542486276340E-03   0.5263350390928871E-06   0.8344076712879754E-04   0.5741255425377864E-03
  0.7027499999999999E+02   0.9641805775607751E+00   0.5310155932365256E-03  -0.1807299116785943E-01   0.2703946364954822E-03   0.5240746094032249E-06   0.8317292094321926E-04   0.5712028753408053E-03
  0.7032499999999999E+02   0.9642370430066329E+00   0.5284623844646012E-03  -0.1804423958395074E-01   0.2690866563279259E-03   0.5219105733618267E-06   0.8290597274847593E-04   0.5683898659529553E-03
  0.7037500000000000E+02   0.9642934038459331E+00   0.5260212211673443E-03  -0.1801554208737166E-01   0.2678358180360054E-03   0.5198538389888925E-06   0.8263997015808492E-04   0.5656981309970272E-03
  0.7042500000000000E+02   0.9643496456475665E+00   0.5237013207332554E-03  -0.1798690602004260E-01   0.2666468115057252E-03   0.5179137519452834E-06   0.8237497904699122E-04   0.5631375546108202E-03
  0.7047499999999999E+02   0.9644057503438678E+00   0.5215091231265685E-03  -0.1795834057496071E-01   0.2655229124556177E-03   0.5160969350436866E-06   0.8211108173235808E-04   0.5607150342006584E-03
  0.7052499999999999E+02   0.9644616968415485E+00   0.5194472046938067E-03  -0.1792985648503098E-01   0.2644654295438772E-03   0.5144062030775226E-06   0.8184837390197636E-04   0.5584333137328854E-03
  0.7057499999999999E+02   0.9645174618904544E+00   0.5175133085986674E-03  -0.1790146558067440E-01   0.2634732109159758E-03   0.5128395887736345E-06   0.8158696037460024E-04   0.5562899429277207E-03
  0.7062500000000000E+02   0.9645730212084030E+00   0.5156995291403797E-03  -0.1787318021712436E-01   0.2625422291463277E-03   0.5113895173609933E-06   0.8132694971619200E-04   0.5542764022876197E-03
  0.7067500000000001E+02   0.9646283508696752E+00   0.5139917042472309E-03  -0.1784501256757343E-01   0.2616652721944224E-03   0.5100421843503307E-06   0.8106844769335345E-04   0.5523774521489227E-03
  0.7072499999999999E+02   0.9646834289601744E+00   0.5123691009775574E-03  -0.1781697378065339E-01   0.2608317835372225E-03   0.5087772217392470E-06   0.8081154956872905E-04   0.5505707967131840E-03
  0.7077499999999999E+02   0.9647382374737929E+00   0.5108045149244819E-03  -0.1778907301521615E-01   0.2600279129924580E-03   0.5075677741577678E-06   0.8055633137778313E-04   0.5488271927146884E-03
  0.7082500000000000E+02   0.9647927643655753E+00   0.5092649312538198E-03  -0.1776131639538781E-01   0.2592368534015190E-03   0.5063811338191669E-06   0.8030284059993320E-04   0.5471111611648300E-03
  0.7087500000000000E+02   0.9648470055895594E+00   0.5077128919672945E-03  -0.1773370597350055E-01   0.2584395367401243E-03   0.5051800808415477E-06   0.8005108703782552E-04   0.5453824572140157E-03
  0.7092500000000000E+02   0.9649009668480218E+00   0.5061086584761217E-03  -0.1770623883998490E-01   0.2576157349703847E-03   0.5039250210482139E-06   0.7980103517232971E-04   0.5435983935466603E-03
  0.7097499999999999E+02   0.9649546646965121E+00   0.5044131360430538E-03  -0.1767890656120552E-01   0.2567455485849659E-03   0.5025768917799670E-06   0.7955259961677480E-04   0.5417169811629101E-03
  0.7102499999999999E+02   0.9650081266307635E+00   0.5025913435744439E-03  -0.1765169513551890E-01   0.2558111726185441E-03   0.5011006235457470E-06   0.7930564534540869E-04   0.5397006548706591E-03
  0.7107500000000000E+02   0.9650613898702830E+00   0.5006160074711129E-03  -0.1762458561267233E-01   0.2547987256904883E-03   0.4994687398420985E-06   0.7905999392780993E-04   0.5375201310447406E-03
  0.7112500000000000E+02   0.9651144987647717E+00   0.4984707017416225E-03  -0.1759755541408359E-01   0.2536998480046171E-03   0.4976645188860471E-06   0.7881543600352453E-04   0.5351577773232365E-03
  0.7117500000000000E+02   0.9651675010485978E+00   0.4961519271259931E-03  -0.1757058023932767E-01   0.2525127592610468E-03   0.4956841083739216E-06   0.7857174885386840E-04   0.5326098424625956E-03
  0.7122499999999999E+02   0.9652204434673413E+00   0.4936696675313921E-03  -0.1754363629209665E-01   0.2512425415354968E-03   0.4935371265308883E-06   0.7832871658295847E-04   0.5298870510078607E-03
  0.7127499999999999E+02   0.9652733674881621E+00   0.4910462636184804E-03  -0.1751670246336767E-01   0.2499005656633931E-03   0.4912455818334401E-06   0.7808614961256773E-04   0.5270133912716208E-03
  0.7132500000000000E+02   0.9653263058023303E+00   0.4883138097947445E-03  -0.1748976211127762E-01   0.2485031661573638E-03   0.4888413097433679E-06   0.7784390027675357E-04   0.5240233185065273E-03
  0.7137500000000000E+02   0.9653792801292319E+00   0.4855105865034307E-03  -0.1746280417852353E-01   0.2470698252280956E-03   0.4863624321370792E-06   0.7760187227045795E-04   0.5209579231804446E-03
  0.7142500000000000E+02   0.9654323005124409E+00   0.4826771850771305E-03  -0.1743582355033158E-01   0.2456212004498291E-03   0.4838494937048948E-06   0.7736002319522709E-04   0.5178607701665019E-03
  0.7147499999999999E+02   0.9654853659762688E+00   0.4798529397549128E-03  -0.1740882072001737E-01   0.2441773088714966E-03   0.4813418904294500E-06   0.7711836091656690E-04   0.5147740686553672E-03
  0.7152499999999999E+02   0.9655384661847614E+00   0.4770730976543446E-03  -0.1738180094439579E-01   0.2427560868060760E-03   0.4788750241245141E-06   0.7687693545420292E-04   0.5117356351061375E-03
  0.7157500000000000E+02   0.9655915836578470E+00   0.4743669192339384E-03  -0.1735477311570188E-01   0.2413724232590166E-03   0.4764783800391228E-06   0.7663582848487599E-04   0.5087768556774162E-03
  0.7162500000000000E+02   0.9656446961361597E+00   0.4717566904026138E-03  -0.1732774855792507E-01   0.2400376573726943E-03   0.4741745130895389E-06   0.7639514233083942E-04   0.5059216276334841E-03
  0.7167500000000000E+02   0.9656977787974098E+00   0.4692574899682830E-03  -0.1730073989877767E-01   0.2387594603052553E-03   0.4719787898814976E-06   0.7615498977183900E-04   0.5031861116794534E-03
  0.7172499999999999E+02   0.9657508061588156E+00   0.4668775010486029E-03  -0.1727376010151516E-01   0.2375419939416857E-03   0.4698996773777604E-06   0.7591548540430649E-04   0.5005790681182177E-03
  0.7177500000000001E+02   0.9658037536127342E+00   0.4646186647672979E-03  -0.1724682168349589E-01   0.2363862437785286E-03   0.4679393776650132E-06   0.7567673875581294E-04   0.4981025601913854E-03
  0.7182499999999999E+02   0.9658565986173414E+00   0.4624775216588748E-03  -0.1721993611035433E-01   0.2352904472993082E-03   0.4660946546357635E-06   0.7543884902740373E-04   0.4957528585668127E-03
  0.7187500000000000E+02   0.9659093215985456E+00   0.4604461453370444E-03  -0.1719311333717510E-01   0.2342505692550215E-03   0.4643577571951046E-06   0.7520190118753149E-04   0.4935214444321517E-03
  0.7192500000000001E+02   0.9659619066204078E+00   0.4585131258357653E-03  -0.1716636146751183E-01   0.2332608021640322E-03   0.4627173964274513E-06   0.7496596314328308E-04   0.4913960653956993E-03
  0.7197499999999999E+02   0.9660143418602369E+00   0.4566645956686701E-03  -0.1713968651182551E-01   0.2323140884832179E-03   0.4611597699233729E-06   0.7473108381459794E-04   0.4893618366548898E-03
  0.7202499999999999E+02   0.9660666198933074E+00   0.4548853050565908E-03  -0.1711309224280433E-01   0.2314026677263270E-03   0.4596696399832341E-06   0.7449729207964313E-04   0.4874023943006990E-03
  0.7207499999999999E+02   0.9661187377626906E+00   0.4531597437198415E-03  -0.1708658016001363E-01   0.2305186472037455E-03   0.4582314633029935E-06   0.7426459669071251E-04   0.4855010979562987E-03
  0.7212500000000000E+02   0.9661706967929299E+00   0.4514732795382300E-03  -0.1706014958485047E-01   0.2296545812785737E-03   0.4568305423230120E-06   0.7403298733173774E-04   0.4836422509465276E-03
  0.7217500000000001E+02   0.9662225021105053E+00   0.4498132484799011E-03  -0.1703379790463422E-01   0.2288040257747646E-03   0.4554541319076573E-06   0.7380243696548698E-04   0.4818122677629242E-03
  0.7222499999999999E+02   0.9662741618621754E+00   0.4481698986593160E-03  -0.1700752097034985E-01   0.2279620181335069E-03   0.4540924027051724E-06   0.7357290548993610E-04   0.4800006848391922E-03
  0.7227499999999999E+02   0.9663256861694783E+00   0.4465370782301488E-03  -0.1698131362855670E-01   0.2271254272278504E-03   0.4527391486643745E-06   0.7334434451324398E-04   0.4782008966041686E-03
  0.7232500000000000E+02   0.9663770859109099E+00   0.4449125718503195E-03  -0.1695517034090044E-01   0.2262931243962731E-03   0.4513921408269939E-06   0.7311670282463949E-04   0.4764105149200470E-03
  0.7237500000000000E+02   0.9664283714649631E+00   0.4432980342479700E-03  -0.1692908582348063E-01   0.2254659495339173E-03   0.4500530734493148E-06   0.7288993196249462E-04   0.4746312969440560E-03
  0.7242500000000001E+02   0.9664795515618499E+00   0.4416985314903910E-03  -0.1690305563088546E-01   0.2246464776542681E-03   0.4487271112867179E-06   0.7266399122750407E-04   0.4728686529374864E-03
  0.7247499999999999E+02   0.9665306323729209E+00   0.4401217626910567E-03  -0.1687707661928162E-01   0.2238386229351595E-03   0.4474221101006465E-06   0.7243885158355419E-04   0.4711308120670156E-03
  0.7252499999999999E+02   0.9665816169203084E+00   0.4385770785288047E-03  -0.1685114724659575E-01   0.2230471394542784E-03   0.4461476272437385E-06   0.7221449810269057E-04   0.4694277709338061E-03
  0.7257500000000000E+02   0.9666325048305029E+00   0.4370744269051881E-03  -0.1682526769774784E-01   0.2222770849092675E-03   0.4449138540233436E-06   0.7199093087383268E-04   0.4677701644517985E-03
  0.7262500000000000E+02   0.9666832924024279E+00   0.4356233403805647E-03  -0.1679943984991883E-01   0.2215333056330179E-03   0.4437305862820651E-06   0.7176816452771027E-04   0.4661681818458532E-03
  0.7267500000000000E+02   0.9667339729266514E+00   0.4342320444739664E-03  -0.1677366711010209E-01   0.2208199831251834E-03   0.4426063140189711E-06   0.7154622667502476E-04   0.4646306124241310E-03
  0.7272499999999999E+02   0.9667845371826047E+00   0.4329067247125398E-03  -0.1674795416213892E-01   0.2201402613628156E-03   0.4415474692819457E-06   0.7132515559127116E-04   0.4631640616360598E-03
  0.7277499999999999E+02   0.9668349740517768E+00   0.4316509564616851E-03  -0.1672230665480268E-01   0.2194959569321514E-03   0.4405578372095747E-06   0.7110499742724104E-04   0.4617723416625022E-03
  0.7282500000000000E+02   0.9668852712082228E+00   0.4304652832319925E-03  -0.1669673085060253E-01   0.2188873446970052E-03   0.4396381163909300E-06   0.7088580311790751E-04   0.4604560211437329E-03
  0.7287500000000000E+02   0.9669354158731306E+00   0.4293469288534915E-03  -0.1667123324205477E-01   0.2183130115622759E-03   0.4387856143158093E-06   0.7066762504978230E-04   0.4592121183108522E-03
  0.7292499999999998E+02   0.9669853956382153E+00   0.4282896443578278E-03  -0.1664582013300431E-01   0.2177697787463294E-03   0.4379940794049475E-06   0.7045051346875881E-04   0.4580339383046676E-03
  0.7297499999999999E+02   0.9670351993660324E+00   0.4272837157592397E-03  -0.1662049718088454E-01   0.2172527058649884E-03   0.4372536970552506E-06   0.7023451259767579E-04   0.4569110825708297E-03
  0.7302499999999999E+02   0.9670848181593023E+00   0.4263161854326786E-03  -0.1659526890393670E-01   0.2167552036065170E-03   0.4365513044242550E-06   0.7001965650388813E-04   0.4558296865564296E-03
  0.7307500000000000E+02   0.9671342463553945E+00   0.4253713562066233E-03  -0.1657013817568043E-01   0.2162692901238197E-03   0.4358708957957094E-06   0.6980596491273348E-04   0.4547729594781018E-03
  0.7312500000000000E+02   0.9671834824515633E+00   0.4244316410524598E-03  -0.1654510575463042E-01   0.2157860230987702E-03   0.4351944843598417E-06   0.6959343937797592E-04   0.4537220932572271E-03
  0.7317499999999998E+02   0.9672325298148413E+00   0.4234787818324250E-03  -0.1652016992352079E-01   0.2152961193924504E-03   0.4345033461480668E-06   0.6938206043543793E-04   0.4526575655808298E-03
  0.7322499999999999E+02   0.9672813969991840E+00   0.4224953854654893E-03  -0.1649532632821504E-01   0.2147907360155995E-03   0.4337795948881304E-06   0.6917178648868675E-04   0.4515607817913126E-03
  0.7327500000000001E+02   0.9673300975057253E+00   0.4214666273177362E-03  -0.1647056809972691E-01   0.2142623360560864E-03   0.4330079350127057E-06   0.6896255510395599E-04   0.4504158950207350E-03
  0.7332500000000000E+02   0.9673786488956392E+00   0.4203818791716979E-03  -0.1644588630534072E-01   0.2137055162082337E-03   0.4321773441799718E-06   0.6875428706252368E-04   0.4492115452517863E-03
  0.7337500000000000E+02   0.9674270712931121E+00   0.4192359726193040E-03  -0.1642127070973909E-01   0.2131176489155168E-03   0.4312823874775652E-06   0.6854689296427322E-04   0.4479422083759801E-03
  0.7342500000000000E+02   0.9674753854643510E+00   0.4180298406194035E-03  -0.1639671075160365E-01   0.2124992083641942E-03   0.4303238967184086E-06   0.6834028154658498E-04   0.4466088804975545E-03
  0.7347499999999999E+02   0.9675236107746461E+00   0.4167703948603046E-03  -0.1637219658214228E-01   0.2118537079839208E-03   0.4293088651759583E-06   0.6813436840420792E-04   0.4452189455793405E-03
  0.7352500000000001E+02   0.9675717633619221E+00   0.4154696620442401E-03  -0.1634771999350226E-01   0.2111872612349842E-03   0.4282495778957177E-06   0.6792908366602084E-04   0.4437852513675663E-03
  0.7357499999999999E+02   0.9676198548056546E+00   0.4141433607449411E-03  -0.1632327509531217E-01   0.2105078580491315E-03   0.4271621613774930E-06   0.6772437746420610E-04   0.4423245878951653E-03
  0.7362500000000000E+02   0.9676678914389096E+00   0.4128091975300412E-03  -0.1629885866426395E-01   0.2098244986122009E-03   0.4260648375924456E-06   0.6752022260761925E-04   0.4408558664718585E-03
  0.7367500000000000E+02   0.9677158743000271E+00   0.4114851713170162E-03  -0.1627447016852557E-01   0.2091463313895641E-03   0.4249761794542668E-06   0.6731661451989183E-04   0.4393983079533690E-03
  0.7372499999999999E+02   0.9677637996005805E+00   0.4101881104641936E-03  -0.1625011152972067E-01   0.2084819095136223E-03   0.4239135998281060E-06   0.6711356900595419E-04   0.4379698801164368E-03
  0.7377499999999999E+02   0.9678116595267066E+00   0.4089325646752384E-03  -0.1622578671546704E-01   0.2078386275799671E-03   0.4228922014669156E-06   0.6691111864974775E-04   0.4365861144789432E-03
  0.7382500000000000E+02   0.9678594431922253E+00   0.4077300735267139E-03  -0.1620150125479070E-01   0.2072223499256989E-03   0.4219240121633621E-06   0.6670930862510372E-04   0.4352593257556936E-03
  0.7387500000000000E+02   0.9679071376047842E+00   0.4065887623676923E-03  -0.1617726174695533E-01   0.2066372053413119E-03   0.4210175559298747E-06   0.6650819250795654E-04   0.4339981812260510E-03
  0.7392500000000000E+02   0.9679547285653175E+00   0.4055131835613462E-03  -0.1615307540423061E-01   0.2060855065069997E-03   0.4201776767746693E-06   0.6630782842078324E-04   0.4328075322878991E-03
  0.7397499999999999E+02   0.9680022014757208E+00   0.4045043218073142E-03  -0.1612894964135581E-01   0.2055677528370526E-03   0.4194055319828955E-06   0.6610827560677698E-04   0.4316884213105420E-03
  0.7402499999999999E+02   0.9680495420677182E+00   0.4035597053170534E-03  -0.1610489170510321E-01   0.2050826871252708E-03   0.4186986952619663E-06   0.6590959137167022E-04   0.4306382015119402E-03
  0.7407500000000000E+02   0.9680967370829517E+00   0.4026735977664332E-03  -0.1608090832867670E-01   0.2046273932353707E-03   0.4180513442100053E-06   0.6571182826223641E-04   0.4296507429934082E-03
  0.7412500000000000E+02   0.9681437749308344E+00   0.4018372787872045E-03  -0.1605700539745281E-01   0.2041974387700795E-03   0.4174545405455393E-06   0.6551503136840000E-04   0.4287167331247956E-03
  0.7417500000000000E+02   0.9681906463300214E+00   0.4010394448121703E-03  -0.1603318762308104E-01   0.2037870788768777E-03   0.4168966365876989E-06   0.6531923572482418E-04   0.4278241051471674E-03
  0.7422499999999999E+02   0.9682373449071315E+00   0.4002667704395719E-03  -0.1600945823934008E-01   0.2033895415922252E-03   0.4163638503421879E-06   0.6512446392287791E-04   0.4269586377725776E-03
  0.7427499999999999E+02   0.9682838676910529E+00   0.3995046581514043E-03  -0.1598581875107052E-01   0.2029974088606860E-03   0.4158410389386214E-06   0.6493072418863791E-04   0.4261047554099458E-03
  0.7432500000000000E+02   0.9683302154142065E+00   0.3987381699855120E-03  -0.1596226878121254E-01   0.2026030899707737E-03   0.4153126646638948E-06   0.6473800928975294E-04   0.4252465221394053E-03
  0.7437500000000000E+02   0.9683763925261876E+00   0.3979530837898685E-03  -0.1593880606398868E-01   0.2021993582523820E-03   0.4147638946788576E-06   0.6454629665154383E-04   0.4243687682157569E-03
  0.7442500000000000E+02   0.9684224068500248E+00   0.3971369620887650E-03  -0.1591542661966783E-01   0.2017798941429388E-03   0.4141817182483250E-06   0.6435554995256117E-04   0.4234582296904533E-03
  0.7447499999999999E+02   0.9684682688679235E+00   0.3962800824985479E-03  -0.1589212511756544E-01   0.2013397578725244E-03   0.4135559239003503E-06   0.6416572223033563E-04   0.4225045401027157E-03
  0.7452500000000001E+02   0.9685139907002411E+00   0.3953760737319198E-03  -0.1586889539488034E-01   0.2008757125355588E-03   0.4128797729811719E-06   0.6397676021009508E-04   0.4215009080198566E-03
  0.7457500000000000E+02   0.9685595849158509E+00   0.3944221397687047E-03  -0.1584573106116371E-01   0.2003863379030963E-03   0.4121502454831049E-06   0.6378860926794998E-04   0.4204443553449306E-03
  0.7462500000000000E+02   0.9686050633583860E+00   0.3934188300462437E-03  -0.1582262609468210E-01   0.1998719135785031E-03   0.4113678120865434E-06   0.6360121826034560E-04   0.4193354715942576E-03
  0.7467499999999998E+02   0.9686504361740723E+00   0.3923694038123744E-03  -0.1579957533632703E-01   0.1993340959726050E-03   0.4105357805989360E-06   0.6341454346050159E-04   0.4181777356070754E-03
  0.7472499999999999E+02   0.9686957111826264E+00   0.3912789143817498E-03  -0.1577657480920158E-01   0.1987754529952880E-03   0.4096593464867326E-06   0.6322855103717940E-04   0.4169765388442185E-03
  0.7477500000000001E+02   0.9687408936589276E+00   0.3901531824725390E-03  -0.1575362182949924E-01   0.1981989424221955E-03   0.4087445233988500E-06   0.6304321782239822E-04   0.4157380906830212E-03
  0.7482500000000000E+02   0.9687859865135974E+00   0.3889978300443154E-03  -0.1573071491471900E-01   0.1976074210273721E-03   0.4077971328650037E-06   0.6285853044341104E-04   0.4144683884424884E-03
  0.7487499999999999E+02   0.9688309907958472E+00   0.3878175145441461E-03  -0.1570785352816617E-01   0.1970032555549013E-03   0.4068220002354374E-06   0.6267448315632605E-04   0.4131724012193572E-03
  0.7492500000000000E+02   0.9688759064024942E+00   0.3866154534292023E-03  -0.1568503771873264E-01   0.1963880811753460E-03   0.4058224521690285E-06   0.6249107487311107E-04   0.4118535632332121E-03
  0.7497499999999999E+02   0.9689207328628950E+00   0.3853932750510354E-03  -0.1566226772212997E-01   0.1957627257461681E-03   0.4048001549740138E-06   0.6230830592268924E-04   0.4105136150299117E-03
  0.7502500000000001E+02   0.9689654700746957E+00   0.3841511836247558E-03  -0.1563954358712860E-01   0.1951272936260814E-03   0.4037552824693179E-06   0.6212617505697699E-04   0.4091527793489422E-03
  0.7507500000000000E+02   0.9690101188831791E+00   0.3828883861653050E-03  -0.1561686488126623E-01   0.1944813825559506E-03   0.4026869600627160E-06   0.6194467713198178E-04   0.4077702160236203E-03
  0.7512499999999999E+02   0.9690546814239092E+00   0.3816036979228893E-03  -0.1559423051680375E-01   0.1938243911975585E-03   0.4015938984617824E-06   0.6176380177817674E-04   0.4063646669162384E-03
  0.7517500000000000E+02   0.9690991611833714E+00   0.3802962205022856E-03  -0.1557163871993261E-01   0.1931558635753751E-03   0.4004751064413740E-06   0.6158353322788792E-04   0.4049351781305406E-03
  0.7522499999999999E+02   0.9691435627747133E+00   0.3789659765553597E-03  -0.1554908714469094E-01   0.1924758114430530E-03   0.3993305606613387E-06   0.6140385129348167E-04   0.4034817758293749E-03
  0.7527500000000001E+02   0.9691878914718521E+00   0.3776143914018727E-03  -0.1552657310960259E-01   0.1917849588864083E-03   0.3981617167078847E-06   0.6122473330428152E-04   0.4020059789205653E-03
  0.7532500000000000E+02   0.9692321525872238E+00   0.3762445382416423E-03  -0.1550409391371765E-01   0.1910848668418271E-03   0.3969717726875118E-06   0.6104615664446296E-04   0.4005110599294091E-03
  0.7537499999999999E+02   0.9692763508058523E+00   0.3748611075519655E-03  -0.1548164717482092E-01   0.1903779175249817E-03   0.3957656426268555E-06   0.6086810143037459E-04   0.3990020121790779E-03
  0.7542500000000000E+02   0.9693204895926721E+00   0.3734701138672278E-03  -0.1545923113041903E-01   0.1896671654826618E-03   0.3945496522902719E-06   0.6069055285673617E-04   0.3974852374144339E-03
  0.7547500000000001E+02   0.9693645707691328E+00   0.3720784010801730E-03  -0.1543684485273600E-01   0.1889560863287232E-03   0.3933310207842696E-06   0.6051350283295305E-04   0.3959680190345900E-03
  0.7552499999999999E+02   0.9694085943153625E+00   0.3706930382366231E-03  -0.1541448834914616E-01   0.1882482698811414E-03   0.3921172242716420E-06   0.6033695069606948E-04   0.3944578788956719E-03
  0.7557500000000000E+02   0.9694525584078716E+00   0.3693207051807864E-03  -0.1539216254298004E-01   0.1875471081637149E-03   0.3909153464427078E-06   0.6016090297487680E-04   0.3929619234711336E-03
  0.7562500000000000E+02   0.9694964596628869E+00   0.3679671533014164E-03  -0.1536986914990623E-01   0.1868555215671325E-03   0.3897315059954793E-06   0.5998537233866989E-04   0.3914862701040675E-03
  0.7567500000000000E+02   0.9695402935305292E+00   0.3666367994239827E-03  -0.1534761047771782E-01   0.1861757526439669E-03   0.3885704230099525E-06   0.5981037596037894E-04   0.3900356150978810E-03
  0.7572499999999999E+02   0.9695840547769720E+00   0.3653324810445214E-03  -0.1532538918145621E-01   0.1855092418503746E-03   0.3874351547615533E-06   0.5963593355183057E-04   0.3886129736002234E-03
  0.7577499999999999E+02   0.9696277379965107E+00   0.3640553768158489E-03  -0.1530320800336282E-01   0.1848565872128342E-03   0.3863270058992430E-06   0.5946206530556094E-04   0.3872195953776969E-03
  0.7582500000000000E+02   0.9696713381063271E+00   0.3628050811006760E-03  -0.1528106952164021E-01   0.1842175822315264E-03   0.3852456019025292E-06   0.5928878993105668E-04   0.3858550445108313E-03
  0.7587500000000000E+02   0.9697148507873434E+00   0.3615798145329344E-03  -0.1525897592660574E-01   0.1835913228420477E-03   0.3841891073657807E-06   0.5911612292862466E-04   0.3845174237292182E-03
  0.7592500000000000E+02   0.9697582728412498E+00   0.3603767499135047E-03  -0.1523692883942740E-01   0.1829763729303892E-03   0.3831545677787342E-06   0.5894407521583233E-04   0.3832037213345600E-03
  0.7597499999999999E+02   0.9698016024364020E+00   0.3591924296600463E-03  -0.1521492918729983E-01   0.1823709763205592E-03   0.3821383500547919E-06   0.5877265220960587E-04   0.3819102553706031E-03
  0.7602500000000001E+02   0.9698448392168466E+00   0.3580232440557932E-03  -0.1519297714812218E-01   0.1817732996150874E-03   0.3811366495046759E-06   0.5860185345934342E-04   0.3806331823010454E-03
  0.7607499999999999E+02   0.9698879842539802E+00   0.3568659283685737E-03  -0.1517107217507929E-01   0.1811816845981275E-03   0.3801460188830920E-06   0.5843167290412054E-04   0.3793690255979486E-03
  0.7612500000000000E+02   0.9699310398334778E+00   0.3557180249676573E-03  -0.1514921310485340E-01   0.1805948828497658E-03   0.3791638621757209E-06   0.5826209977393426E-04   0.3781151669691492E-03
  0.7617500000000000E+02   0.9699740090921822E+00   0.3545782501882342E-03  -0.1512739834200405E-01   0.1800122419850624E-03   0.3781888286955105E-06   0.5809312006783518E-04   0.3768702361978137E-03
  0.7622499999999999E+02   0.9700168955467001E+00   0.3534467114317907E-03  -0.1510562609831390E-01   0.1794338158474811E-03   0.3772210488503488E-06   0.5792471843670281E-04   0.3756343416902223E-03
  0.7627500000000001E+02   0.9700597025791402E+00   0.3523249408521020E-03  -0.1508389465387650E-01   0.1788603815795491E-03   0.3762621749234429E-06   0.5775688020867371E-04   0.3744091060196358E-03
  0.7632499999999999E+02   0.9701024329561971E+00   0.3512157446086685E-03  -0.1506220260124014E-01   0.1782933630612188E-03   0.3753152248949132E-06   0.5758959325773274E-04   0.3731975054458625E-03
  0.7637500000000000E+02   0.9701450884498860E+00   0.3501229016663349E-03  -0.1504054903793040E-01   0.1777346779729605E-03   0.3743842647513550E-06   0.5742284945192832E-04   0.3720035495816248E-03
  0.7642500000000000E+02   0.9701876696031201E+00   0.3490507719573400E-03  -0.1501893368542884E-01   0.1771865388556943E-03   0.3734739925644859E-06   0.5725664551989778E-04   0.3708318648211230E-03
  0.7647499999999999E+02   0.9702301756494817E+00   0.3480038822467561E-03  -0.1499735692986937E-01   0.1766512428647253E-03   0.3725892970773802E-06   0.5709098330844532E-04   0.3696872541836232E-03
  0.7652500000000001E+02   0.9702726045653185E+00   0.3469865481341608E-03  -0.1497581979555418E-01   0.1761309798822108E-03   0.3717348532978934E-06   0.5692586952508127E-04   0.3685742956730856E-03
  0.7657500000000000E+02   0.9703149532127695E+00   0.3460025679388751E-03  -0.1495432387231377E-01   0.1756276771342452E-03   0.3709147935999069E-06   0.5676131513317177E-04   0.3674970171308382E-03
  0.7662499999999999E+02   0.9703572175280100E+00   0.3450549976990723E-03  -0.1493287121991527E-01   0.1751428849962699E-03   0.3701324645829267E-06   0.5659733458083368E-04   0.3664586573723384E-03
  0.7667500000000000E+02   0.9703993927179566E+00   0.3441459942796531E-03  -0.1491146426818335E-01   0.1746776973827987E-03   0.3693902561221573E-06   0.5643394500697735E-04   0.3654614997720883E-03
  0.7672499999999999E+02   0.9704414734458706E+00   0.3432767004696238E-03  -0.1489010572276650E-01   0.1742326934608057E-03   0.3686894748823515E-06   0.5627116549916848E-04   0.3645067505317182E-03
  0.7677500000000001E+02   0.9704834540063110E+00   0.3424471434109540E-03  -0.1486879847631861E-01   0.1738078861380587E-03   0.3680302316950345E-06   0.5610901639974294E-04   0.3635944311747458E-03
  0.7682499999999999E+02   0.9705253285083395E+00   0.3416561251530420E-03  -0.1484754551550538E-01   0.1734026665607924E-03   0.3674113200539755E-06   0.5594751858593057E-04   0.3627232627305030E-03
  0.7687499999999999E+02   0.9705670910993875E+00   0.3409011003743326E-03  -0.1482634980738828E-01   0.1730157421017517E-03   0.3668300803496401E-06   0.5578669259936611E-04   0.3618905363231509E-03
  0.7692500000000000E+02   0.9706087362672668E+00   0.3401780599798973E-03  -0.1480521414616209E-01   0.1726450773311166E-03   0.3662822699190064E-06   0.5562655748336150E-04   0.3610919900041209E-03
  0.7697500000000001E+02   0.9706502592498943E+00   0.3394814677759111E-03  -0.1478414094524350E-01   0.1722878619217615E-03   0.3657619897877677E-06   0.5546712921962191E-04   0.3603217419000880E-03
  0.7702500000000001E+02   0.9706916565562126E+00   0.3388043246570807E-03  -0.1476313197294377E-01   0.1719405432601902E-03   0.3652617486044263E-06   0.5530841875843523E-04   0.3595723586387033E-03
  0.7707499999999999E+02   0.9707329265547507E+00   0.3381384489744969E-03  -0.1474218805382888E-01   0.1715989687544699E-03   0.3647727600302152E-06   0.5515042981695058E-04   0.3588351530984988E-03
  0.7712500000000000E+02   0.9707740700239881E+00   0.3374750462572262E-03  -0.1472130878947664E-01   0.1712586749656592E-03   0.3642855536157755E-06   0.5499315685529713E-04   0.3581007890714660E-03
  0.7717500000000000E+02   0.9708150905014351E+00   0.3368055815543333E-03  -0.1470049238138493E-01   0.1709153302879262E-03   0.3637909148963727E-06   0.5483658385116575E-04   0.3573602068551577E-03
  0.7722500000000001E+02   0.9708559942504770E+00   0.3361228646333687E-03  -0.1467973564784852E-01   0.1705652856202900E-03   0.3632810591574406E-06   0.5468068454978785E-04   0.3566057744865979E-03
  0.7727499999999999E+02   0.9708967897189835E+00   0.3354221427953805E-03  -0.1465903429873072E-01   0.1702061288787784E-03   0.3627508179412496E-06   0.5452542464439306E-04   0.3558324468512875E-03
  0.7732499999999999E+02   0.9709374864965992E+00   0.3347019254363673E-03  -0.1463838346460800E-01   0.1698371033637403E-03   0.3621985397959561E-06   0.5437076582925659E-04   0.3550386400261403E-03
  0.7737500000000000E+02   0.9709780939447313E+00   0.3339642928012852E-03  -0.1461777839197165E-01   0.1694592643737242E-03   0.3616264359038307E-06   0.5421667103584805E-04   0.3542265583208612E-03
  0.7742500000000000E+02   0.9710186197949066E+00   0.3332145764842671E-03  -0.1459721515444790E-01   0.1690753170220103E-03   0.3610402462514619E-06   0.5406310971593866E-04   0.3534018548603576E-03
  0.7747499999999999E+02   0.9710590690212080E+00   0.3324604841281260E-03  -0.1457669122491079E-01   0.1686891720378445E-03   0.3604483018590021E-06   0.5391006201872305E-04   0.3525727027085232E-03
  0.7752500000000001E+02   0.9710994431873180E+00   0.3317108852944266E-03  -0.1455620580674311E-01   0.1683053296641768E-03   0.3598602157805171E-06   0.5375752112560986E-04   0.3517485068093602E-03
  0.7757499999999999E+02   0.9711397403105051E+00   0.3309745167592318E-03  -0.1453575990277911E-01   0.1679282227057674E-03   0.3592854816081773E-06   0.5360549361289754E-04   0.3509385307592673E-03
  0.7762500000000000E+02   0.9711799551562912E+00   0.3302588055345996E-03  -0.1451535616571509E-01   0.1675616193518966E-03   0.3587321945121091E-06   0.5345399819546100E-04   0.3501506487697672E-03
  0.7767500000000000E+02   0.9712200798288982E+00   0.3295689008601120E-03  -0.1449499859845582E-01   0.1672081320700620E-03   0.3582059945725480E-06   0.5330306337874119E-04   0.3493903195796150E-03
  0.7772499999999999E+02   0.9712601045528105E+00   0.3289069165922856E-03  -0.1447469215751840E-01   0.1668688332886807E-03   0.3577092349673821E-06   0.5315272442292729E-04   0.3486597837764192E-03
  0.7777499999999999E+02   0.9713000186127411E+00   0.3282713541157316E-03  -0.1445444227610693E-01   0.1665429626986858E-03   0.3572403435055101E-06   0.5300301974762933E-04   0.3479574527516643E-03
  0.7782499999999999E+02   0.9713398114845641E+00   0.3276567125568669E-03  -0.1443425429034817E-01   0.1662277295975518E-03   0.3567933857387351E-06   0.5285398666114680E-04   0.3472774963378934E-03
  0.7787500000000000E+02   0.9713794742040244E+00   0.3270533803985423E-03  -0.1441413274494807E-01   0.1659182579948190E-03   0.3563579330602795E-06   0.5270565625024280E-04   0.3466097287009329E-03
  0.7792500000000000E+02   0.9714190009503250E+00   0.3264479993973801E-03  -0.1439408058988456E-01   0.1656077713051678E-03   0.3559194452637545E-06   0.5255804753233255E-04   0.3459399946301696E-03
  0.7797499999999999E+02   0.9714583906600655E+00   0.3258245316936880E-03  -0.1437409836174020E-01   0.1652881337392403E-03   0.3554604217266773E-06   0.5241116157463574E-04   0.3452513007298690E-03
  0.7802499999999999E+02   0.9714976482779747E+00   0.3251661647708381E-03  -0.1435418354931040E-01   0.1649508166847202E-03   0.3549624716223800E-06   0.5226497705031997E-04   0.3445258340481411E-03
  0.7807500000000000E+02   0.9715367851127729E+00   0.3244579123909219E-03  -0.1433433041316978E-01   0.1645882180957604E-03   0.3544091522635125E-06   0.5211944918621744E-04   0.3437477177212356E-03
  0.7812500000000000E+02   0.9715758178575189E+00   0.3236893810829033E-03  -0.1431453048270082E-01   0.1641950658161865E-03   0.3537889992131955E-06   0.5197451368044140E-04   0.3429059416262640E-03
  0.7817500000000000E+02   0.9716147662319883E+00   0.3228568840899358E-03  -0.1429477375209476E-01   0.1637694898498677E-03   0.3530978542354642E-06   0.5183009566322498E-04   0.3419966013843903E-03
  0.7822500000000001E+02   0.9716536497740356E+00   0.3219641473163276E-03  -0.1427505030800014E-01   0.1633133803790442E-03   0.3523396611580635E-06   0.5168612166997125E-04   0.3410236455398025E-03
  0.7827499999999999E+02   0.9716924847180454E+00   0.3210213291082397E-03  -0.1425535191294602E-01   0.1628318904552091E-03   0.3515254181959363E-06   0.5154253111995226E-04   0.3399978364632851E-03
  0.7832500000000000E+02   0.9717312818681757E+00   0.3200427263719864E-03  -0.1423567308410767E-01   0.1623322723461128E-03   0.3506706867218340E-06   0.5139928397323147E-04   0.3389343198227431E-03
  0.7837499999999999E+02   0.9717700459187087E+00   0.3190439787087373E-03  -0.1421601143799400E-01   0.1618224592865100E-03   0.3497925400781338E-06   0.5125636297166751E-04   0.3378496626074248E-03
  0.7842500000000000E+02   0.9718087760962748E+00   0.3180395938921731E-03  -0.1419636736461061E-01   0.1613098102722267E-03   0.3489068533104332E-06   0.5111377101259341E-04   0.3367592318940180E-03
  0.7847500000000001E+02   0.9718474676213490E+00   0.3170412944532083E-03  -0.1417674328606133E-01   0.1608002713944929E-03   0.3480264840503943E-06   0.5097152557001527E-04   0.3356754436714436E-03
  0.7852499999999999E+02   0.9718861134225251E+00   0.3160572856400446E-03  -0.1415714278695746E-01   0.1602980045590288E-03   0.3471604586835815E-06   0.5082965227432916E-04   0.3346069877973052E-03
  0.7857499999999999E+02   0.9719247056905757E+00   0.3150922726475661E-03  -0.1413756982612413E-01   0.1598053962721723E-03   0.3463139790879057E-06   0.5068817916422972E-04   0.3335588466370565E-03
  0.7862500000000000E+02   0.9719632370692013E+00   0.3141479608509488E-03  -0.1411802813261720E-01   0.1593233114182591E-03   0.3454889607026978E-06   0.5054713233589482E-04   0.3325328252313214E-03
  0.7867500000000000E+02   0.9720017014378822E+00   0.3132238007436017E-03  -0.1409852080866003E-01   0.1588514711431995E-03   0.3446848419901309E-06   0.5040653312865991E-04   0.3315283405044079E-03
  0.7872500000000001E+02   0.9720400943215591E+00   0.3123178096403069E-03  -0.1407905012187050E-01   0.1583888696547694E-03   0.3438994815205880E-06   0.5026639669842791E-04   0.3305432916008419E-03
  0.7877499999999999E+02   0.9720784129842992E+00   0.3114273619391478E-03  -0.1405961745777806E-01   0.1579341750543478E-03   0.3431300238131300E-06   0.5012673175255144E-04   0.3295748967500536E-03
  0.7882499999999999E+02   0.9721166562650545E+00   0.3105498724238229E-03  -0.1404022340314581E-01   0.1574860759004384E-03   0.3423736505137155E-06   0.4998754122032581E-04   0.3286204167234094E-03
  0.7887500000000000E+02   0.9721548242183542E+00   0.3096833120025418E-03  -0.1402086792821600E-01   0.1570435427734770E-03   0.3416281495370505E-06   0.4984882361921534E-04   0.3276777007776142E-03
  0.7892500000000000E+02   0.9721929176377021E+00   0.3088265109503171E-03  -0.1400155062843245E-01   0.1566059820617110E-03   0.3408922517647183E-06   0.4971057482617265E-04   0.3267455075893407E-03
  0.7897500000000001E+02   0.9722309375545987E+00   0.3079792339134165E-03  -0.1398227097851323E-01   0.1561732739932839E-03   0.3401657168889057E-06   0.4957278991301249E-04   0.3258235845892551E-03
  0.7902499999999999E+02   0.9722688848058524E+00   0.3071420519299786E-03  -0.1396302855188147E-01   0.1557457077288401E-03   0.3394491952132652E-06   0.4943546471122706E-04   0.3249125324815805E-03
  0.7907499999999999E+02   0.9723067597380317E+00   0.3063160750543794E-03  -0.1394382317054133E-01   0.1553238457667294E-03   0.3387439347554228E-06   0.4929859686290228E-04   0.3240135222831053E-03
  0.7912500000000000E+02   0.9723445620766862E+00   0.3055026284988075E-03  -0.1392465497139317E-01   0.1549083597105577E-03   0.3380514247325604E-06   0.4916218626651786E-04   0.3231279526419827E-03
  0.7917500000000001E+02   0.9723822909455663E+00   0.3047029488689099E-03  -0.1390552439648163E-01   0.1544998762326616E-03   0.3373730599524322E-06   0.4902623497980845E-04   0.3222571284684051E-03
  0.7922499999999999E+02   0.9724199449928523E+00   0.3039179515513033E-03  -0.1388643212898111E-01   0.1540988591240309E-03   0.3367098827796765E-06   0.4889074674160422E-04   0.3214020148899981E-03
  0.7927499999999999E+02   0.9724575225733179E+00   0.3031480893344622E-03  -0.1386737900082113E-01   0.1537055376118192E-03   0.3360624252858583E-06   0.4875572630053876E-04   0.3205630877602924E-03
  0.7932500000000000E+02   0.9724950219432460E+00   0.3023932979824905E-03  -0.1384836589384930E-01   0.1533198787712704E-03   0.3354306472754287E-06   0.4862117870714181E-04   0.3197402761702763E-03
  0.7937500000000000E+02   0.9725324414397780E+00   0.3016530119392682E-03  -0.1382939364889313E-01   0.1529415954990807E-03   0.3348139519331686E-06   0.4848710867039037E-04   0.3189329791453698E-03
  0.7942500000000000E+02   0.9725697796300510E+00   0.3009262311720675E-03  -0.1381046299014554E-01   0.1525701804160697E-03   0.3342112583368274E-06   0.4835352002968041E-04   0.3181401364197185E-03
  0.7947499999999998E+02   0.9726070354238117E+00   0.3002116234917842E-03  -0.1379157446807378E-01   0.1522049577551827E-03   0.3336211136726756E-06   0.4822041536300406E-04   0.3173603367049340E-03
  0.7952499999999999E+02   0.9726442081460601E+00   0.2995076504932039E-03  -0.1377272842259691E-01   0.1518451472215739E-03   0.3330418321387384E-06   0.4808779574181055E-04   0.3165919509023017E-03
  0.7957500000000000E+02   0.9726812975662241E+00   0.2988127064008838E-03  -0.1375392496830474E-01   0.1514899343915162E-03   0.3324716487270255E-06   0.4795566064314963E-04   0.3158332789225912E-03
  0.7962500000000000E+02   0.9727183038808270E+00   0.2981252570750249E-03  -0.1373516400325536E-01   0.1511385411879416E-03   0.3319088737565259E-06   0.4782400802785201E-04   0.3150826966376003E-03
  0.7967500000000000E+02   0.9727552276502177E+00   0.2974439631498706E-03  -0.1371644524106108E-01   0.1507902883073874E-03   0.3313520303030478E-06   0.4769283458047810E-04   0.3143387860252449E-03
  0.7972499999999999E+02   0.9727920696970885E+00   0.2967677700162124E-03  -0.1369776826234514E-01   0.1504446408345699E-03   0.3307999551782768E-06   0.4756213608140826E-04   0.3136004302431967E-03
  0.7977499999999999E+02   0.9728288309830884E+00   0.2960959509246604E-03  -0.1367913257729980E-01   0.1501012300887297E-03   0.3302518479915337E-06   0.4743190785153008E-04   0.3128668591386019E-03
  0.7982500000000000E+02   0.9728655124859319E+00   0.2954280983940549E-03  -0.1366053768799036E-01   0.1497598492620190E-03   0.3297072626935522E-06   0.4730214518946726E-04   0.3121376401178051E-03
  0.7987500000000000E+02   0.9729021150996709E+00   0.2947640709139811E-03  -0.1364198313891374E-01   0.1494204263944733E-03   0.3291660491577478E-06   0.4717284372168706E-04   0.3114126217742184E-03
  0.7992500000000000E+02   0.9729386395742692E+00   0.2941039123548541E-03  -0.1362346854763163E-01   0.1490829835143215E-03   0.3286282640417077E-06   0.4704399961012781E-04   0.3106918486846724E-03
  0.7997499999999999E+02   0.9729750864994650E+00   0.2934477667155128E-03  -0.1360499361294842E-01   0.1487475934161242E-03   0.3280940761003394E-06   0.4691560960202632E-04   0.3099754712909133E-03
  0.8002499999999999E+02   0.9730114563260130E+00   0.2927958093253916E-03  -0.1358655810414322E-01   0.1484143447815588E-03   0.3275636895543680E-06   0.4678767094860800E-04   0.3092636731781364E-03
  0.8007500000000000E+02   0.9730477494084501E+00   0.2921482084649260E-03  -0.1356816183928822E-01   0.1480833227208389E-03   0.3270373012262228E-06   0.4666018125004860E-04   0.3085566304995251E-03
  0.8012500000000000E+02   0.9730839660496255E+00   0.2915051212226865E-03  -0.1354980466267364E-01   0.1477546066697282E-03   0.3265150958681341E-06   0.4653313829684430E-04   0.3078545075751781E-03
  0.8017500000000000E+02   0.9731201065287383E+00   0.2908667171585462E-03  -0.1353148643059232E-01   0.1474282823818081E-03   0.3259972726406232E-06   0.4640653997126752E-04   0.3071574818671614E-03
  0.8022499999999999E+02   0.9731561711006234E+00   0.2902332153546973E-03  -0.1351320701169767E-01   0.1471044607072296E-03   0.3254840867060278E-06   0.4628038425062655E-04   0.3064657830983958E-03
  0.8027500000000001E+02   0.9731921599629194E+00   0.2896049163514109E-03  -0.1349496630364089E-01   0.1467832937791931E-03   0.3249758852381509E-06   0.4615466932239549E-04   0.3057797269734455E-03
  0.8032499999999999E+02   0.9732280731973608E+00   0.2889822110775375E-03  -0.1347676426282229E-01   0.1464649795407992E-03   0.3244731177355270E-06   0.4602939378770021E-04   0.3050997246121147E-03
  0.8037500000000000E+02   0.9732639106994795E+00   0.2883655538809404E-03  -0.1345860094001716E-01   0.1461497480773270E-03   0.3239763060394669E-06   0.4590455690211446E-04   0.3044262540863138E-03
  0.8042500000000000E+02   0.9732996721156625E+00   0.2877553946225908E-03  -0.1344047651227132E-01   0.1458378272024101E-03   0.3234859682216457E-06   0.4578015878735806E-04   0.3037597887514256E-03
  0.8047499999999999E+02   0.9733353568073064E+00   0.2871520733516019E-03  -0.1342239130106471E-01   0.1455293890818626E-03   0.3230025001000155E-06   0.4565620054581919E-04   0.3031006860946844E-03
  0.8052499999999999E+02   0.9733709638596664E+00   0.2865556886663315E-03  -0.1340434576782323E-01   0.1452244835242787E-03   0.3225260267015970E-06   0.4553268421825113E-04   0.3024490488309533E-03
  0.8057499999999999E+02   0.9734064921493766E+00   0.2859659573432892E-03  -0.1338634047969778E-01   0.1449229668492162E-03   0.3220562433455676E-06   0.4540961253844660E-04   0.3018045768069869E-03
  0.8062500000000000E+02   0.9734419404798220E+00   0.2853820894502041E-03  -0.1336837604096108E-01   0.1446244386050878E-03   0.3215922735927088E-06   0.4528698845602715E-04   0.3011664352689880E-03
  0.8067500000000001E+02   0.9734773077855341E+00   0.2848027109954881E-03  -0.1335045298942938E-01   0.1443282023786490E-03   0.3211325802754455E-06   0.4516481442671660E-04   0.3005331733070223E-03
  0.8072499999999999E+02   0.9735125933916891E+00   0.2842258733476011E-03  -0.1333257166496471E-01   0.1440332705758929E-03   0.3206749741013524E-06   0.4504309152176136E-04   0.2999027338569760E-03
  0.8077499999999999E+02   0.9735477972901395E+00   0.2836491883406475E-03  -0.1331473206960443E-01   0.1437384328923908E-03   0.3202167641819181E-06   0.4492181849241905E-04   0.2992725962973942E-03
  0.8082500000000000E+02   0.9735829203636286E+00   0.2830701096020118E-03  -0.1329693375395335E-01   0.1434423988763732E-03   0.3197550742918960E-06   0.4480099102561605E-04   0.2986400732817214E-03
  0.8087500000000000E+02   0.9736179644705225E+00   0.2824863372252432E-03  -0.1327917577425775E-01   0.1431440029893480E-03   0.3192872997109889E-06   0.4468060148897501E-04   0.2980027376486785E-03
  0.8092500000000001E+02   0.9736529323161849E+00   0.2818962629038583E-03  -0.1326145675759438E-01   0.1428424301626813E-03   0.3188116115073723E-06   0.4456063941070829E-04   0.2973588919597403E-03
  0.8097499999999999E+02   0.9736878270969000E+00   0.2812993258816542E-03  -0.1324377508231078E-01   0.1425373961563399E-03   0.3183273617475845E-06   0.4444109273083570E-04   0.2967079439046327E-03
  0.8102499999999999E+02   0.9737226519908015E+00   0.2806961540978553E-03  -0.1322612913598475E-01   0.1422292190672210E-03   0.3178352469540482E-06   0.4432194955726977E-04   0.2960505550827029E-03
  0.8107500000000000E+02   0.9737574096401846E+00   0.2800884332976180E-03  -0.1320851757774222E-01   0.1419187529923193E-03   0.3173371639258297E-06   0.4420319992703104E-04   0.2953885028295209E-03
  0.8112500000000000E+02   0.9737921017753260E+00   0.2794785483774903E-03  -0.1319093952886363E-01   0.1416072062836846E-03   0.3168358067930693E-06   0.4408483706240503E-04   0.2947243018254627E-03
  0.8117500000000000E+02   0.9738267290670403E+00   0.2788691182780313E-03  -0.1317339464748246E-01   0.1412959058691029E-03   0.3163341418192626E-06   0.4396685783431758E-04   0.2940607134746485E-03
  0.8122499999999999E+02   0.9738612912046480E+00   0.2782625596997509E-03  -0.1315588308906579E-01   0.1409860761853561E-03   0.3158349129884132E-06   0.4384926245668636E-04   0.2934002857484179E-03
  0.8127499999999999E+02   0.9738957871286626E+00   0.2776607724404703E-03  -0.1313840538849953E-01   0.1406786797442338E-03   0.3153402839168460E-06   0.4373205366240277E-04   0.2927450213611080E-03
  0.8132500000000000E+02   0.9739302153268760E+00   0.2770649769238702E-03  -0.1312096231005599E-01   0.1403743348183863E-03   0.3148516514212850E-06   0.4361523567659582E-04   0.2920962064979154E-03
  0.8137500000000000E+02   0.9739645741191738E+00   0.2764756859263844E-03  -0.1310355470307656E-01   0.1400733011269497E-03   0.3143696110192535E-06   0.4349881324124154E-04   0.2914543810922415E-03
  0.8142499999999998E+02   0.9739988618872238E+00   0.2758927693788551E-03  -0.1308618338559175E-01   0.1397755126811887E-03   0.3138940282183484E-06   0.4338279083744100E-04   0.2908194072597611E-03
  0.8147499999999999E+02   0.9740330772331751E+00   0.2753155676075637E-03  -0.1306884906391637E-01   0.1394806351721864E-03   0.3134241652252211E-06   0.4326717215546187E-04   0.2901905888026649E-03
  0.8152499999999999E+02   0.9740672190718237E+00   0.2747430143110978E-03  -0.1305155228595711E-01   0.1391881282895039E-03   0.3129588192164702E-06   0.4315195979376683E-04   0.2895668009640351E-03
  0.8157500000000000E+02   0.9741012866757484E+00   0.2741737406950965E-03  -0.1303429341835394E-01   0.1388972984910979E-03   0.3124964396420349E-06   0.4303715511819722E-04   0.2889466002976862E-03
  0.8162500000000000E+02   0.9741352797044287E+00   0.2736061474622871E-03  -0.1301707263173890E-01   0.1386073354844362E-03   0.3120352092955751E-06   0.4292275817502544E-04   0.2883283006264322E-03
  0.8167499999999998E+02   0.9741691982525520E+00   0.2730384541631169E-03  -0.1299988987627876E-01   0.1383173372335750E-03   0.3115730998403231E-06   0.4280876753950440E-04   0.2877100251007958E-03
  0.8172499999999999E+02   0.9742030429410604E+00   0.2724687626854210E-03  -0.1298274483556694E-01   0.1380263421230811E-03   0.3111079436731944E-06   0.4269518002283194E-04   0.2870897731083608E-03
  0.8177500000000001E+02   0.9742368150406663E+00   0.2718951904126265E-03  -0.1296563686406804E-01   0.1377333964081967E-03   0.3106375856379940E-06   0.4258199027521913E-04   0.2864655605384216E-03
  0.8182500000000000E+02   0.9742705165678330E+00   0.2713161184769520E-03  -0.1294856493850893E-01   0.1374376799624680E-03   0.3101601668585271E-06   0.4246919048828453E-04   0.2858356812596624E-03
  0.8187500000000000E+02   0.9743041502540810E+00   0.2707305471501284E-03  -0.1293152767343431E-01   0.1371386862919470E-03   0.3096745321521498E-06   0.4235677052662127E-04   0.2851990814278792E-03
  0.8192500000000000E+02   0.9743377193005816E+00   0.2701384665018081E-03  -0.1291452344552002E-01   0.1368364102796616E-03   0.3091806563992325E-06   0.4224471877486766E-04   0.2845557498475200E-03
  0.8197499999999999E+02   0.9743712269132313E+00   0.2695410870699027E-03  -0.1289755062907871E-01   0.1365314650174765E-03   0.3086799121418182E-06   0.4213302370413292E-04   0.2839069608506276E-03
  0.8202500000000001E+02   0.9744046757352498E+00   0.2689407948633931E-03  -0.1288060788346557E-01   0.1362250590005850E-03   0.3081750222544303E-06   0.4202167575697286E-04   0.2832552267937349E-03
  0.8207499999999999E+02   0.9744380673702551E+00   0.2683408097490196E-03  -0.1286369439464874E-01   0.1359188230770533E-03   0.3076696723274984E-06   0.4191066890632459E-04   0.2826039381373501E-03
  0.8212500000000000E+02   0.9744714021528282E+00   0.2677446657541370E-03  -0.1284680999141086E-01   0.1356145471969793E-03   0.3071679173144457E-06   0.4180000137475596E-04   0.2819568159914210E-03
  0.8217500000000000E+02   0.9745046791982239E+00   0.2671556972206415E-03  -0.1282995512015217E-01   0.1353139201327559E-03   0.3066735927343104E-06   0.4168967542344811E-04   0.2813173708848013E-03
  0.8222499999999999E+02   0.9745378966401429E+00   0.2665766702278183E-03  -0.1281313072443280E-01   0.1350183427902772E-03   0.3061898906077882E-06   0.4157969652576146E-04   0.2806885146079586E-03
  0.8227499999999999E+02   0.9745710519194083E+00   0.2660095939001960E-03  -0.1279633809873526E-01   0.1347288326442619E-03   0.3057191406223661E-06   0.4147007238550215E-04   0.2800723615814885E-03
  0.8232500000000000E+02   0.9746041420205774E+00   0.2654556554065728E-03  -0.1277957876860047E-01   0.1344459908332626E-03   0.3052627327770241E-06   0.4136081213909743E-04   0.2794701605583165E-03
  0.8237500000000000E+02   0.9746371636257873E+00   0.2649151839039651E-03  -0.1276285441269376E-01   0.1341699839233497E-03   0.3048210730804706E-06   0.4125192583789368E-04   0.2788822568726518E-03
  0.8242500000000000E+02   0.9746701132265342E+00   0.2643875597390724E-03  -0.1274616680618679E-01   0.1339004979518621E-03   0.3043934760832924E-06   0.4114342407117848E-04   0.2783079971031771E-03
  0.8247500000000001E+02   0.9747029872880199E+00   0.2638710319414936E-03  -0.1272951773752851E-01   0.1336366460267278E-03   0.3039779513845663E-06   0.4103531741642331E-04   0.2777455372135487E-03
  0.8252499999999999E+02   0.9747357825880062E+00   0.2633624857563994E-03  -0.1271290883685183E-01   0.1333768506210920E-03   0.3035709317794795E-06   0.4092761531969047E-04   0.2771915980859741E-03
  0.8257500000000000E+02   0.9747684968264519E+00   0.2628573118603531E-03  -0.1269634126725694E-01   0.1331187773565756E-03   0.3031671176941956E-06   0.4082032410119414E-04   0.2766413280140328E-03
  0.8262499999999999E+02   0.9748011294757304E+00   0.2623496348060809E-03  -0.1267981529426632E-01   0.1328594506979886E-03   0.3027597356121448E-06   0.4071344420175313E-04   0.2760885431557785E-03
  0.8267500000000000E+02   0.9748336825969641E+00   0.2618331510862717E-03  -0.1266332987244012E-01   0.1325956783578411E-03   0.3023415013702873E-06   0.4060696758261920E-04   0.2755266094121375E-03
  0.8272499999999999E+02   0.9748661611095305E+00   0.2613025675369544E-03  -0.1264688250890811E-01   0.1323247797104930E-03   0.3019062805816476E-06   0.4050087695098638E-04   0.2749499559581632E-03
  0.8277499999999999E+02   0.9748985720572355E+00   0.2607551512614850E-03  -0.1263046963499259E-01   0.1320453706755008E-03   0.3014508840002089E-06   0.4039514826557324E-04   0.2743557060751011E-03
  0.8282500000000000E+02   0.9749309229420278E+00   0.2601915833723563E-03  -0.1261408745002612E-01   0.1317577960477471E-03   0.3009760640379823E-06   0.4028975623386960E-04   0.2737445754109626E-03
  0.8287500000000000E+02   0.9749632198619743E+00   0.2596155918607690E-03  -0.1259773286428856E-01   0.1314639435728005E-03   0.3004861017191123E-06   0.4018468036084689E-04   0.2731204856076430E-03
  0.8292500000000000E+02   0.9749954663463662E+00   0.2590325976897544E-03  -0.1258140408890807E-01   0.1311665583180277E-03   0.2999872492364838E-06   0.4007990865331876E-04   0.2724891396448606E-03
  0.8297499999999999E+02   0.9750276632581846E+00   0.2584481513861781E-03  -0.1256510068524719E-01   0.1308684509558719E-03   0.2994859240587173E-06   0.3997543782746982E-04   0.2718563767781695E-03
  0.8302500000000001E+02   0.9750598094744867E+00   0.2578668376057999E-03  -0.1254882322034834E-01   0.1305719430335656E-03   0.2989874391449417E-06   0.3987127101171190E-04   0.2712270199147626E-03
  0.8307500000000000E+02   0.9750919027979333E+00   0.2572918501951754E-03  -0.1253257280533027E-01   0.1302786517860770E-03   0.2984955065339511E-06   0.3976741474277070E-04   0.2706044285105350E-03
  0.8312500000000000E+02   0.9751239407033667E+00   0.2567250656262528E-03  -0.1251635071731749E-01   0.1299895273267260E-03   0.2980123177506990E-06   0.3966387653483434E-04   0.2699905758650538E-03
  0.8317499999999998E+02   0.9751559207867555E+00   0.2561673415357195E-03  -0.1250015817209194E-01   0.1297050038314648E-03   0.2975388860181150E-06   0.3956066343525705E-04   0.2693863632749771E-03
  0.8322499999999999E+02   0.9751878409567428E+00   0.2556188379077994E-03  -0.1248399622709129E-01   0.1294251621903750E-03   0.2970754160410395E-06   0.3945778142141091E-04   0.2687919580174739E-03
  0.8327500000000001E+02   0.9752196994662446E+00   0.2550792626132564E-03  -0.1246786576540737E-01   0.1291498543543400E-03   0.2966215871603215E-06   0.3935523531425582E-04   0.2682070517517947E-03
  0.8332500000000000E+02   0.9752514948751535E+00   0.2545480162837380E-03  -0.1245176751467347E-01   0.1288787767070001E-03   0.2961767203906019E-06   0.3925302891055969E-04   0.2676310130178493E-03
  0.8337499999999999E+02   0.9752832260116754E+00   0.2540242500551401E-03  -0.1243570206664868E-01   0.1286114993154014E-03   0.2957398446090237E-06   0.3915116511560898E-04   0.2670629480714484E-03
  0.8342500000000000E+02   0.9753148919782461E+00   0.2535068706740316E-03  -0.1241966987423304E-01   0.1283474685252935E-03   0.2953097016556974E-06   0.3904964593034912E-04   0.2665017063353619E-03
  0.8347499999999999E+02   0.9753464922259034E+00   0.2529945449374743E-03  -0.1240367121382580E-01   0.1280860092141202E-03   0.2948847506675682E-06   0.3894847221962746E-04   0.2659458851096192E-03
  0.8352500000000001E+02   0.9753780266861297E+00   0.2524857688685781E-03  -0.1238770611858619E-01   0.1278263598138719E-03   0.2944632479202071E-06   0.3884764330077263E-04   0.2653939022938933E-03
  0.8357500000000000E+02   0.9754094958964457E+00   0.2519790563835320E-03  -0.1237177431485836E-01   0.1275677678251490E-03   0.2940434663915039E-06   0.3874715655925733E-04   0.2648441946776831E-03
  0.8362499999999999E+02   0.9754409010107936E+00   0.2514732414668398E-03  -0.1235587521691861E-01   0.1273096427936892E-03   0.2936240486457627E-06   0.3864700743814655E-04   0.2642955355125823E-03
  0.8367500000000000E+02   0.9754722436052201E+00   0.2509677882262241E-03  -0.1234000802535395E-01   0.1270517132745550E-03   0.2932043701860670E-06   0.3854719007925268E-04   0.2637473603538261E-03
  0.8372499999999999E+02   0.9755035253026915E+00   0.2504629445789995E-03  -0.1232417191700175E-01   0.1267941046330599E-03   0.2927847213067001E-06   0.3844769852892681E-04   0.2631999285530152E-03
  0.8377500000000001E+02   0.9755347473733941E+00   0.2499596419927733E-03  -0.1230836624729914E-01   0.1265372882845327E-03   0.2923661925469114E-06   0.3834852800396012E-04   0.2626542178581425E-03
  0.8382500000000000E+02   0.9755659104886686E+00   0.2494592003466036E-03  -0.1229259067485222E-01   0.1262819322764051E-03   0.2919503316386834E-06   0.3824967565429579E-04   0.2621116142066281E-03
  0.8387499999999999E+02   0.9755970146928736E+00   0.2489630006577475E-03  -0.1227684517567584E-01   0.1260287356035649E-03   0.2915387615888366E-06   0.3815114062888874E-04   0.2615735677577434E-03
  0.8392500000000000E+02   0.9756280595235098E+00   0.2484722589199555E-03  -0.1226112998237527E-01   0.1257783137133815E-03   0.2911329158764881E-06   0.3805292367561617E-04   0.2610413552039338E-03
  0.8397500000000001E+02   0.9756590441626288E+00   0.2479879320487316E-03  -0.1224544550748907E-01   0.1255311508921075E-03   0.2907339276024640E-06   0.3795502664979305E-04   0.2605159809378244E-03
  0.8402499999999999E+02   0.9756899675385708E+00   0.2475107084260102E-03  -0.1222979229197618E-01   0.1252875954825174E-03   0.2903426175022558E-06   0.3785745218584598E-04   0.2599981671516788E-03
  0.8407500000000000E+02   0.9757208283557584E+00   0.2470410130623445E-03  -0.1221417099012490E-01   0.1250478625057673E-03   0.2899594990882273E-06   0.3776020359856407E-04   0.2594883593331425E-03
  0.8412499999999999E+02   0.9757516250732188E+00   0.2465789691611905E-03  -0.1219858238041704E-01   0.1248120142181005E-03   0.2895847326186698E-06   0.3766328494495750E-04   0.2589866859941450E-03
  0.8417500000000000E+02   0.9757823558786229E+00   0.2461242785446158E-03  -0.1218302737866750E-01   0.1245798995999659E-03   0.2892179835656858E-06   0.3756670109715886E-04   0.2584928332007711E-03
  0.8422499999999999E+02   0.9758130187266059E+00   0.2456760082235097E-03  -0.1216750701862990E-01   0.1243510463408815E-03   0.2888581702335762E-06   0.3747045761018964E-04   0.2580058205498986E-03
  0.8427499999999999E+02   0.9758436115314348E+00   0.2452323129883407E-03  -0.1215202235448620E-01   0.1241245204413131E-03   0.2885031352156090E-06   0.3737456010534504E-04   0.2575237099618188E-03
  0.8432499999999999E+02   0.9758741326031246E+00   0.2447902014325287E-03  -0.1213657424012349E-01   0.1238988077953353E-03   0.2881493668094650E-06   0.3727901289830418E-04   0.2570433600602312E-03
  0.8437500000000000E+02   0.9759045813410030E+00   0.2443455547812206E-03  -0.1212116297810950E-01   0.1236718237217416E-03   0.2877920171968906E-06   0.3718381684168886E-04   0.2565604459523054E-03
  0.8442500000000000E+02   0.9759349590023184E+00   0.2438936501699650E-03  -0.1210578793069006E-01   0.1234411778054094E-03   0.2874255151771082E-06   0.3708896696621060E-04   0.2560700085976696E-03
  0.8447499999999999E+02   0.9759652691111524E+00   0.2434302695616215E-03  -0.1209044731283260E-01   0.1232047351397089E-03   0.2870448716526418E-06   0.3699445127925743E-04   0.2555676190011455E-03
  0.8452500000000001E+02   0.9759955170293568E+00   0.2429530436804019E-03  -0.1207513840938423E-01   0.1229612965146122E-03   0.2866472670449735E-06   0.3690025218766688E-04   0.2550507891323241E-03
  0.8457499999999999E+02   0.9760257086354047E+00   0.2424622949297454E-03  -0.1205985824372924E-01   0.1227110250316977E-03   0.2862330528589978E-06   0.3680635066599612E-04   0.2545198568551042E-03
  0.8462500000000000E+02   0.9760558487301172E+00   0.2419608070114843E-03  -0.1204460438467925E-01   0.1224553295044184E-03   0.2858054889373850E-06   0.3671273120654728E-04   0.2539777440637380E-03
  0.8467500000000000E+02   0.9760859400355384E+00   0.2414526676649832E-03  -0.1202937545316207E-01   0.1221962787485370E-03   0.2853693842210554E-06   0.3661938486358684E-04   0.2534287417410852E-03
  0.8472499999999999E+02   0.9761159831822204E+00   0.2409419208726630E-03  -0.1201417112865999E-01   0.1219359194392046E-03   0.2849295073262137E-06   0.3652630920837076E-04   0.2528770949780549E-03
  0.8477500000000001E+02   0.9761459774019535E+00   0.2404317026210430E-03  -0.1199899179860986E-01   0.1216758387011860E-03   0.2844895636864643E-06   0.3643350611863441E-04   0.2523260956287130E-03
  0.8482499999999999E+02   0.9761759213585262E+00   0.2399240463228559E-03  -0.1198383813794324E-01   0.1214170656230385E-03   0.2840519619792796E-06   0.3634097917979501E-04   0.2517778779792341E-03
  0.8487500000000000E+02   0.9762058137089010E+00   0.2394201335537381E-03  -0.1196871082505968E-01   0.1211601981520580E-03   0.2836181073206463E-06   0.3624873195128356E-04   0.2512336819222927E-03
  0.8492500000000000E+02   0.9762356533003226E+00   0.2389206503170860E-03  -0.1195361044205889E-01   0.1209055834028100E-03   0.2831888206165992E-06   0.3615676737070769E-04   0.2506942269523523E-03
  0.8497499999999999E+02   0.9762654391346511E+00   0.2384260224647212E-03  -0.1193853749278184E-01   0.1206534368113661E-03   0.2827646160848047E-06   0.3606508787479524E-04   0.2501599593518344E-03
  0.8502500000000001E+02   0.9762951702831164E+00   0.2379364877950677E-03  -0.1192349244594915E-01   0.1204038786349001E-03   0.2823457859377953E-06   0.3597369566667578E-04   0.2496311279614396E-03
  0.8507500000000000E+02   0.9763248458568692E+00   0.2374520789151504E-03  -0.1190847575006704E-01   0.1201569252885768E-03   0.2819323793998612E-06   0.3588259280721519E-04   0.2491077662769062E-03
  0.8512499999999999E+02   0.9763544650428165E+00   0.2369725999623190E-03  -0.1189348781529687E-01   0.1199124775720649E-03   0.2815241743498904E-06   0.3579178110545808E-04   0.2485896680772392E-03
  0.8517500000000000E+02   0.9763840271718193E+00   0.2364976377568608E-03  -0.1187852897894870E-01   0.1196703263175132E-03   0.2811206897920086E-06   0.3570126191195682E-04   0.2480763991617973E-03
  0.8522499999999999E+02   0.9764135317864993E+00   0.2360266157823967E-03  -0.1186359947117266E-01   0.1194301797080245E-03   0.2807212493095650E-06   0.3561103591619150E-04   0.2475673540051934E-03
  0.8527500000000001E+02   0.9764429786805588E+00   0.2355588856332677E-03  -0.1184869939506605E-01   0.1191917095535175E-03   0.2803250893307335E-06   0.3552110303362464E-04   0.2470618517026972E-03
  0.8532500000000000E+02   0.9764723678837316E+00   0.2350938329266067E-03  -0.1183382873429151E-01   0.1189546048846638E-03   0.2799314849983541E-06   0.3543146245976136E-04   0.2465592470784659E-03
  0.8537499999999999E+02   0.9765016995888303E+00   0.2346309523701678E-03  -0.1181898738999310E-01   0.1187186099389094E-03   0.2795398397321572E-06   0.3534211289909478E-04   0.2460590094361017E-03
  0.8542500000000000E+02   0.9765309740623908E+00   0.2341698538470100E-03  -0.1180417522601473E-01   0.1184835272404475E-03   0.2791496928658945E-06   0.3525305284008366E-04   0.2455607289500067E-03
  0.8547500000000001E+02   0.9765601916018635E+00   0.2337102151629848E-03  -0.1178939209056484E-01   0.1182491936903005E-03   0.2787606636839824E-06   0.3516428068509030E-04   0.2450640671023773E-03
  0.8552500000000001E+02   0.9765893525591978E+00   0.2332517489065271E-03  -0.1177463780428734E-01   0.1180154637947518E-03   0.2783724120981059E-06   0.3507579467844903E-04   0.2445687219016626E-03
  0.8557499999999999E+02   0.9766184573784432E+00   0.2327942352196383E-03  -0.1175991214123684E-01   0.1177822262422270E-03   0.2779846778926676E-06   0.3498759279460888E-04   0.2440744622116830E-03
  0.8562500000000000E+02   0.9766475065748415E+00   0.2323375969144165E-03  -0.1174521483945612E-01   0.1175494419066602E-03   0.2775973707068328E-06   0.3489967280534309E-04   0.2435812064927600E-03
  0.8567500000000000E+02   0.9766765006424757E+00   0.2318819397467282E-03  -0.1173054564770004E-01   0.1173171642235471E-03   0.2772106186791545E-06   0.3481203256117718E-04   0.2430890650235027E-03
  0.8572500000000001E+02   0.9767054399520393E+00   0.2314275094628398E-03  -0.1171590437715853E-01   0.1170855174579069E-03   0.2768247177048317E-06   0.3472467029797983E-04   0.2425982948678734E-03
  0.8577499999999999E+02   0.9767343247081807E+00   0.2309745928208815E-03  -0.1170129092303818E-01   0.1168546466263242E-03   0.2764400134559511E-06   0.3463758476006983E-04   0.2421091961024400E-03
  0.8582499999999999E+02   0.9767631549794846E+00   0.2305234278435911E-03  -0.1168670524939375E-01   0.1166246720893105E-03   0.2760567940422759E-06   0.3455077510411707E-04   0.2416220177201609E-03
  0.8587500000000000E+02   0.9767919307631123E+00   0.2300741635011002E-03  -0.1167214735642297E-01   0.1163956691525481E-03   0.2756752415281727E-06   0.3446424070109450E-04   0.2411369153573762E-03
  0.8592500000000000E+02   0.9768206520413242E+00   0.2296268648028481E-03  -0.1165761725186953E-01   0.1161676706428193E-03   0.2752954377264250E-06   0.3437798096545543E-04   0.2406539566297658E-03
  0.8597499999999999E+02   0.9768493188118686E+00   0.2291815376067551E-03  -0.1164311493564740E-01   0.1159406794600479E-03   0.2749173936686175E-06   0.3429199526451886E-04   0.2401731471423597E-03
  0.8602499999999999E+02   0.9768779310969812E+00   0.2287381521232977E-03  -0.1162864039528722E-01   0.1157146804692817E-03   0.2745410776133407E-06   0.3420628289253399E-04   0.2396944551333269E-03
  0.8607499999999999E+02   0.9769064889428111E+00   0.2282966580811681E-03  -0.1161419360622651E-01   0.1154896481739918E-03   0.2741664331378556E-06   0.3412084307331666E-04   0.2392178273764486E-03
  0.8612500000000000E+02   0.9769349924169711E+00   0.2278569935682397E-03  -0.1159977453304961E-01   0.1152655511893439E-03   0.2737933896921329E-06   0.3403567496828319E-04   0.2387431984520135E-03
  0.8617500000000001E+02   0.9769634416062840E+00   0.2274190909790614E-03  -0.1158538313062796E-01   0.1150423552513676E-03   0.2734218697101635E-06   0.3395077768375070E-04   0.2382704969827899E-03
  0.8622499999999999E+02   0.9769918366143957E+00   0.2269828816439926E-03  -0.1157101934532800E-01   0.1148200255589702E-03   0.2730517941596164E-06   0.3386615027854145E-04   0.2377996504866705E-03
  0.8627499999999999E+02   0.9770201775589528E+00   0.2265482993122893E-03  -0.1155668311643920E-01   0.1145985285360460E-03   0.2726830867310103E-06   0.3378179177278986E-04   0.2373305890272213E-03
  0.8632499999999999E+02   0.9770484645685562E+00   0.2261152823979049E-03  -0.1154237437771521E-01   0.1143778329675760E-03   0.2723156765510351E-06   0.3369770115731182E-04   0.2368632475669557E-03
  0.8637500000000000E+02   0.9770766977798682E+00   0.2256837751045419E-03  -0.1152809305883828E-01   0.1141579105687096E-03   0.2719494995545105E-06   0.3361387740241997E-04   0.2363975671457508E-03
  0.8642500000000000E+02   0.9771048773351368E+00   0.2252537277167608E-03  -0.1151383908667070E-01   0.1139387361319422E-03   0.2715844988554027E-06   0.3353031946540116E-04   0.2359334951851641E-03
  0.8647499999999999E+02   0.9771330033802348E+00   0.2248250963678853E-03  -0.1149961238624764E-01   0.1137202874096058E-03   0.2712206244877843E-06   0.3344702629640956E-04   0.2354709852444153E-03
  0.8652499999999999E+02   0.9771610760631850E+00   0.2243978425332991E-03  -0.1148541288152316E-01   0.1135025448574408E-03   0.2708578328143135E-06   0.3336399684286516E-04   0.2350099964886213E-03
  0.8657500000000000E+02   0.9771890955330974E+00   0.2239719324160473E-03  -0.1147124049590753E-01   0.1132854913236948E-03   0.2704960858025226E-06   0.3328123005259848E-04   0.2345504930442381E-03
  0.8662500000000000E+02   0.9772170619394218E+00   0.2235473363232089E-03  -0.1145709515264548E-01   0.1130691117335610E-03   0.2701353502874016E-06   0.3319872487604452E-04   0.2340924433449105E-03
  0.8667500000000000E+02   0.9772449754314398E+00   0.2231240280841237E-03  -0.1144297677507333E-01   0.1128533927948010E-03   0.2697755972820105E-06   0.3311648026771620E-04   0.2336358195212618E-03
  0.8672500000000001E+02   0.9772728361579248E+00   0.2227019845323585E-03  -0.1142888528679098E-01   0.1126383227356212E-03   0.2694168013628034E-06   0.3303449518717363E-04   0.2331805968575562E-03
  0.8677499999999999E+02   0.9773006442669232E+00   0.2222811850568635E-03  -0.1141482061177224E-01   0.1124238910775595E-03   0.2690589401365721E-06   0.3295276859963035E-04   0.2327267533209331E-03
  0.8682500000000000E+02   0.9773283999056196E+00   0.2218616112193495E-03  -0.1140078267443301E-01   0.1122100884418795E-03   0.2687019937857487E-06   0.3287129947631223E-04   0.2322742691600953E-03
  0.8687499999999999E+02   0.9773561032202576E+00   0.2214432464311875E-03  -0.1138677139967192E-01   0.1119969063860825E-03   0.2683459446842693E-06   0.3279008679465590E-04   0.2318231265664237E-03
  0.8692500000000000E+02   0.9773837543561016E+00   0.2210260756819443E-03  -0.1137278671288855E-01   0.1117843372665462E-03   0.2679907770747202E-06   0.3270912953837737E-04   0.2313733093892441E-03
  0.8697500000000001E+02   0.9774113534574231E+00   0.2206100853117942E-03  -0.1135882853999159E-01   0.1115723741233642E-03   0.2676364767976032E-06   0.3262842669748368E-04   0.2309248028971091E-03
  0.8702499999999999E+02   0.9774389006675055E+00   0.2201952628207481E-03  -0.1134489680739514E-01   0.1113610105838147E-03   0.2672830310643589E-06   0.3254797726821617E-04   0.2304775935776917E-03
  0.8707499999999999E+02   0.9774663961286576E+00   0.2197815967085587E-03  -0.1133099144201266E-01   0.1111502407813505E-03   0.2669304282668695E-06   0.3246778025298236E-04   0.2300316689698514E-03
  0.8712500000000000E+02   0.9774938399822372E+00   0.2193690763400978E-03  -0.1131711237124478E-01   0.1109400592874778E-03   0.2665786578172585E-06   0.3238783466025305E-04   0.2295870175224129E-03
  0.8717500000000000E+02   0.9775212323686746E+00   0.2189576918318455E-03  -0.1130325952296696E-01   0.1107304610543175E-03   0.2662277100128122E-06   0.3230813950446015E-04   0.2291436284750877E-03
  0.8722500000000001E+02   0.9775485734275019E+00   0.2185474339558888E-03  -0.1128943282551542E-01   0.1105214413660253E-03   0.2658775759217381E-06   0.3222869380588554E-04   0.2287014917577582E-03
  0.8727499999999999E+02   0.9775758632973800E+00   0.2181382940584608E-03  -0.1127563220767280E-01   0.1103129957975704E-03   0.2655282472862312E-06   0.3214949659054975E-04   0.2282605979050131E-03
  0.8732499999999999E+02   0.9776031021161270E+00   0.2177302639905734E-03  -0.1126185759865395E-01   0.1101051201796324E-03   0.2651797164399378E-06   0.3207054689010258E-04   0.2278209379833656E-03
  0.8737500000000000E+02   0.9776302900207446E+00   0.2173233360487440E-03  -0.1124810892809247E-01   0.1098978105686066E-03   0.2648319762374352E-06   0.3199184374171879E-04   0.2273825035290603E-03
  0.8742500000000000E+02   0.9776574271474453E+00   0.2169175029241623E-03  -0.1123438612602701E-01   0.1096910632208790E-03   0.2644850199937628E-06   0.3191338618799338E-04   0.2269452864947305E-03
  0.8747500000000001E+02   0.9776845136316757E+00   0.2165127576589435E-03  -0.1122068912288954E-01   0.1094848745706880E-03   0.2641388414323891E-06   0.3183517327684933E-04   0.2265092792034900E-03
  0.8752499999999999E+02   0.9777115496081412E+00   0.2161090936083464E-03  -0.1120701784949252E-01   0.1092792412110039E-03   0.2637934346402831E-06   0.3175720406143953E-04   0.2260744743092812E-03
  0.8757499999999999E+02   0.9777385352108269E+00   0.2157065044080335E-03  -0.1119337223701866E-01   0.1090741598769596E-03   0.2634487940289886E-06   0.3167947760006435E-04   0.2256408647625113E-03
  0.8762500000000000E+02   0.9777654705730184E+00   0.2153049839456013E-03  -0.1117975221700973E-01   0.1088696274314423E-03   0.2631049143007840E-06   0.3160199295608463E-04   0.2252084437801688E-03
  0.8767500000000001E+02   0.9777923558273219E+00   0.2149045263357471E-03  -0.1116615772135743E-01   0.1086656408525253E-03   0.2627617904191717E-06   0.3152474919784676E-04   0.2247772048197533E-03
  0.8772499999999999E+02   0.9778191911056811E+00   0.2145051258985357E-03  -0.1115258868229363E-01   0.1084621972224678E-03   0.2624194175830591E-06   0.3144774539860515E-04   0.2243471415564587E-03
  0.8777499999999999E+02   0.9778459765393941E+00   0.2141067771403204E-03  -0.1113904503238228E-01   0.1082592937180596E-03   0.2620777912041011E-06   0.3137098063645433E-04   0.2239182478631402E-03
  0.8782499999999999E+02   0.9778727122591301E+00   0.2137094747369496E-03  -0.1112552670451161E-01   0.1080569276021197E-03   0.2617369068867619E-06   0.3129445399426351E-04   0.2234905177926782E-03
  0.8787500000000000E+02   0.9778993983949429E+00   0.2133132135189324E-03  -0.1111203363188573E-01   0.1078550962159885E-03   0.2613967604107109E-06   0.3121816455960804E-04   0.2230639455623990E-03
  0.8792500000000000E+02   0.9779260350762854E+00   0.2129179884583078E-03  -0.1109856574801882E-01   0.1076537969728813E-03   0.2610573477152462E-06   0.3114211142471610E-04   0.2226385255402817E-03
  0.8797499999999998E+02   0.9779526224320217E+00   0.2125237946569849E-03  -0.1108512298672804E-01   0.1074530273519855E-03   0.2607186648854696E-06   0.3106629368640856E-04   0.2222142522327090E-03
  0.8802499999999999E+02   0.9779791605904400E+00   0.2121306273363617E-03  -0.1107170528212720E-01   0.1072527848932058E-03   0.2603807081399831E-06   0.3099071044604340E-04   0.2217911202735589E-03
  0.8807500000000000E+02   0.9780056496792625E+00   0.2117384818280645E-03  -0.1105831256862178E-01   0.1070530671924763E-03   0.2600434738199195E-06   0.3091536080946812E-04   0.2213691244144731E-03
  0.8812500000000000E+02   0.9780320898256576E+00   0.2113473535656583E-03  -0.1104494478090290E-01   0.1068538718975634E-03   0.2597069583791295E-06   0.3084024388696681E-04   0.2209482595161435E-03
  0.8817500000000000E+02   0.9780584811562486E+00   0.2109572380772158E-03  -0.1103160185394214E-01   0.1066551967043037E-03   0.2593711583753883E-06   0.3076535879321207E-04   0.2205285205404996E-03
  0.8822499999999999E+02   0.9780848237971234E+00   0.2105681309786379E-03  -0.1101828372298785E-01   0.1064570393532220E-03   0.2590360704624997E-06   0.3069070464722568E-04   0.2201099025436852E-03
  0.8827499999999999E+02   0.9781111178738431E+00   0.2101800279676349E-03  -0.1100499032355950E-01   0.1062593976264842E-03   0.2587016913831834E-06   0.3061628057232863E-04   0.2196924006697279E-03
  0.8832500000000000E+02   0.9781373635114508E+00   0.2097929248182943E-03  -0.1099172159144413E-01   0.1060622693451457E-03   0.2583680179626619E-06   0.3054208569610312E-04   0.2192760101448243E-03
  0.8837500000000000E+02   0.9781635608344788E+00   0.2094068173761659E-03  -0.1097847746269187E-01   0.1058656523666635E-03   0.2580350471028618E-06   0.3046811915034979E-04   0.2188607262721681E-03
  0.8842500000000000E+02   0.9781897099669564E+00   0.2090217015538052E-03  -0.1096525787361291E-01   0.1056695445826384E-03   0.2577027757771611E-06   0.3039438007105283E-04   0.2184465444272593E-03
  0.8847499999999999E+02   0.9782158110324168E+00   0.2086375733267278E-03  -0.1095206276077310E-01   0.1054739439167666E-03   0.2573712010256244E-06   0.3032086759833832E-04   0.2180334600536448E-03
  0.8852499999999999E+02   0.9782418641539036E+00   0.2082544287297240E-03  -0.1093889206099130E-01   0.1052788483229725E-03   0.2570403199506670E-06   0.3024758087644219E-04   0.2176214686590367E-03
  0.8857500000000000E+02   0.9782678694539774E+00   0.2078722638535023E-03  -0.1092574571133531E-01   0.1050842557837089E-03   0.2567101297131092E-06   0.3017451905367036E-04   0.2172105658117766E-03
  0.8862500000000000E+02   0.9782938270547215E+00   0.2074910748416204E-03  -0.1091262364911960E-01   0.1048901643084021E-03   0.2563806275285736E-06   0.3010168128236954E-04   0.2168007471376010E-03
  0.8867500000000000E+02   0.9783197370777479E+00   0.2071108578876787E-03  -0.1089952581190212E-01   0.1046965719320302E-03   0.2560518106641935E-06   0.3002906671889267E-04   0.2163920083166827E-03
  0.8872499999999999E+02   0.9783455996442025E+00   0.2067316092327467E-03  -0.1088645213748130E-01   0.1045034767138187E-03   0.2557236764355979E-06   0.2995667452356588E-04   0.2159843450809163E-03
  0.8877500000000001E+02   0.9783714148747708E+00   0.2063533251630011E-03  -0.1087340256389335E-01   0.1043108767360442E-03   0.2553962222041485E-06   0.2988450386065740E-04   0.2155777532114266E-03
  0.8882499999999999E+02   0.9783971828896822E+00   0.2059760020075524E-03  -0.1086037702941023E-01   0.1041187701029325E-03   0.2550694453743999E-06   0.2981255389834975E-04   0.2151722285362741E-03
  0.8887500000000000E+02   0.9784229038087153E+00   0.2055996361364430E-03  -0.1084737547253667E-01   0.1039271549396443E-03   0.2547433433917650E-06   0.2974082380870779E-04   0.2147677669283417E-03
  0.8892500000000000E+02   0.9784485777512020E+00   0.2052242239588022E-03  -0.1083439783200824E-01   0.1037360293913398E-03   0.2544179137403647E-06   0.2966931276765184E-04   0.2143643643033852E-03
  0.8897499999999999E+02   0.9784742048360330E+00   0.2048497619211375E-03  -0.1082144404678831E-01   0.1035453916223124E-03   0.2540931539410405E-06   0.2959801995492546E-04   0.2139620166182270E-03
  0.8902500000000001E+02   0.9784997851816604E+00   0.2044762465057579E-03  -0.1080851405606709E-01   0.1033552398151896E-03   0.2537690615495234E-06   0.2952694455407451E-04   0.2135607198690893E-03
  0.8907499999999999E+02   0.9785253189061032E+00   0.2041036742293093E-03  -0.1079560779925848E-01   0.1031655721701901E-03   0.2534456341547361E-06   0.2945608575241444E-04   0.2131604700900440E-03
  0.8912500000000000E+02   0.9785508061269503E+00   0.2037320416414171E-03  -0.1078272521599855E-01   0.1029763869044354E-03   0.2531228693772221E-06   0.2938544274100676E-04   0.2127612633515760E-03
  0.8917500000000001E+02   0.9785762469613649E+00   0.2033613453234237E-03  -0.1076986624614362E-01   0.1027876822513096E-03   0.2528007648676873E-06   0.2931501471463324E-04   0.2123630957592463E-03
  0.8922499999999999E+02   0.9786016415260876E+00   0.2029915818872147E-03  -0.1075703082976820E-01   0.1025994564598636E-03   0.2524793183056465E-06   0.2924480087176958E-04   0.2119659634524470E-03
  0.8927499999999999E+02   0.9786269899374407E+00   0.2026227479741235E-03  -0.1074421890716326E-01   0.1024117077942597E-03   0.2521585273981635E-06   0.2917480041456132E-04   0.2115698626032402E-03
  0.8932500000000000E+02   0.9786522923113308E+00   0.2022548402539107E-03  -0.1073143041883429E-01   0.1022244345332536E-03   0.2518383898786790E-06   0.2910501254879814E-04   0.2111747894152746E-03
  0.8937500000000000E+02   0.9786775487632524E+00   0.2018878554238104E-03  -0.1071866530550003E-01   0.1020376349697103E-03   0.2515189035059184E-06   0.2903543648389259E-04   0.2107807401227734E-03
  0.8942500000000000E+02   0.9787027594082914E+00   0.2015217902076361E-03  -0.1070592350809041E-01   0.1018513074101501E-03   0.2512000660628694E-06   0.2896607143285403E-04   0.2103877109895835E-03
  0.8947499999999999E+02   0.9787279243611281E+00   0.2011566413549466E-03  -0.1069320496774517E-01   0.1016654501743255E-03   0.2508818753558315E-06   0.2889691661226699E-04   0.2099956983082888E-03
  0.8952499999999999E+02   0.9787530437360398E+00   0.2007924056402602E-03  -0.1068050962581224E-01   0.1014800615948216E-03   0.2505643292135212E-06   0.2882797124226778E-04   0.2096046983993737E-03
  0.8957500000000000E+02   0.9787781176469043E+00   0.2004290798623204E-03  -0.1066783742384603E-01   0.1012951400166839E-03   0.2502474254862404E-06   0.2875923454652131E-04   0.2092147076104412E-03
  0.8962500000000000E+02   0.9788031462072024E+00   0.2000666608434025E-03  -0.1065518830360623E-01   0.1011106837970654E-03   0.2499311620450901E-06   0.2869070575220031E-04   0.2088257223154741E-03
  0.8967500000000000E+02   0.9788281295300212E+00   0.1997051454286631E-03  -0.1064256220705639E-01   0.1009266913048963E-03   0.2496155367812381E-06   0.2862238408996360E-04   0.2084377389141406E-03
  0.8972499999999999E+02   0.9788530677280561E+00   0.1993445304855268E-03  -0.1062995907636222E-01   0.1007431609205725E-03   0.2493005476052272E-06   0.2855426879393318E-04   0.2080507538311396E-03
  0.8977499999999999E+02   0.9788779609136140E+00   0.1989848129031074E-03  -0.1061737885389058E-01   0.1005600910356610E-03   0.2489861924463273E-06   0.2848635910167506E-04   0.2076647635155826E-03
  0.8982500000000000E+02   0.9789028091986154E+00   0.1986259895916614E-03  -0.1060482148220776E-01   0.1003774800526226E-03   0.2486724692519229E-06   0.2841865425417598E-04   0.2072797644404089E-03
  0.8987500000000001E+02   0.9789276126945978E+00   0.1982680574820720E-03  -0.1059228690407854E-01   0.1001953263845489E-03   0.2483593759869385E-06   0.2835115349582509E-04   0.2068957531018329E-03
  0.8992500000000000E+02   0.9789523715127171E+00   0.1979110135253604E-03  -0.1057977506246466E-01   0.1000136284549141E-03   0.2480469106332949E-06   0.2828385607439211E-04   0.2065127260188214E-03
  0.8997499999999999E+02   0.9789770857637506E+00   0.1975548546922220E-03  -0.1056728590052380E-01   0.9983238469733885E-04   0.2477350711893958E-06   0.2821676124100851E-04   0.2061306797325950E-03
  0.9002499999999999E+02   0.9790017555580998E+00   0.1971995779725894E-03  -0.1055481936160818E-01   0.9965159355536799E-04   0.2474238556696450E-06   0.2814986825014663E-04   0.2057496108061598E-03
  0.9007500000000000E+02   0.9790263810057916E+00   0.1968451803752140E-03  -0.1054237538926317E-01   0.9947125348225753E-04   0.2471132621039863E-06   0.2808317635959910E-04   0.2053695158238576E-03
  0.9012500000000000E+02   0.9790509622164816E+00   0.1964916589272720E-03  -0.1052995392722667E-01   0.9929136294077391E-04   0.2468032885374711E-06   0.2801668483046240E-04   0.2049903913909417E-03
  0.9017499999999998E+02   0.9790754992994555E+00   0.1961390106739867E-03  -0.1051755491942752E-01   0.9911192040300183E-04   0.2464939330298462E-06   0.2795039292711545E-04   0.2046122341331705E-03
  0.9022499999999999E+02   0.9790999923636323E+00   0.1957872326782702E-03  -0.1050517830998432E-01   0.9893292435016174E-04   0.2461851936551639E-06   0.2788429991720016E-04   0.2042350406964215E-03
  0.9027500000000001E+02   0.9791244415175653E+00   0.1954363220203838E-03  -0.1049282404320506E-01   0.9875437327243654E-04   0.2458770685014134E-06   0.2781840507160678E-04   0.2038588077463239E-03
  0.9032500000000000E+02   0.9791488468694451E+00   0.1950862757976108E-03  -0.1048049206358481E-01   0.9857626566880516E-04   0.2455695556701682E-06   0.2775270766444880E-04   0.2034835319679064E-03
  0.9037500000000000E+02   0.9791732085271013E+00   0.1947370911239466E-03  -0.1046818231580560E-01   0.9839860004688410E-04   0.2452626532762516E-06   0.2768720697304968E-04   0.2031092100652606E-03
  0.9042499999999998E+02   0.9791975265980044E+00   0.1943887651298017E-03  -0.1045589474473507E-01   0.9822137492277657E-04   0.2449563594474201E-06   0.2762190227792316E-04   0.2027358387612207E-03
  0.9047499999999999E+02   0.9792218011892679E+00   0.1940412949617180E-03  -0.1044362929542553E-01   0.9804458882092717E-04   0.2446506723240594E-06   0.2755679286275553E-04   0.2023634147970553E-03
  0.9052500000000001E+02   0.9792460324076507E+00   0.1936946777820965E-03  -0.1043138591311255E-01   0.9786824027398340E-04   0.2443455900588960E-06   0.2749187801438603E-04   0.2019919349321720E-03
  0.9057499999999999E+02   0.9792702203595584E+00   0.1933489107689390E-03  -0.1041916454321468E-01   0.9769232782266352E-04   0.2440411108167235E-06   0.2742715702279291E-04   0.2016213959438367E-03
  0.9062500000000000E+02   0.9792943651510453E+00   0.1930039911155963E-03  -0.1040696513133166E-01   0.9751685001562808E-04   0.2437372327741377E-06   0.2736262918107168E-04   0.2012517946268998E-03
  0.9067500000000000E+02   0.9793184668878169E+00   0.1926599160305305E-03  -0.1039478762324419E-01   0.9734180540935867E-04   0.2434339541192876E-06   0.2729829378542179E-04   0.2008831277935374E-03
  0.9072499999999999E+02   0.9793425256752309E+00   0.1923166827370850E-03  -0.1038263196491229E-01   0.9716719256804021E-04   0.2431312730516351E-06   0.2723415013512580E-04   0.2005153922730002E-03
  0.9077500000000001E+02   0.9793665416182996E+00   0.1919742884732632E-03  -0.1037049810247492E-01   0.9699301006344790E-04   0.2428291877817248E-06   0.2717019753253556E-04   0.2001485849113725E-03
  0.9082500000000000E+02   0.9793905148216917E+00   0.1916327304915170E-03  -0.1035838598224847E-01   0.9681925647483918E-04   0.2425276965309659E-06   0.2710643528305213E-04   0.1997827025713398E-03
  0.9087499999999999E+02   0.9794144453897334E+00   0.1912920060585420E-03  -0.1034629555072686E-01   0.9664593038884898E-04   0.2422267975314214E-06   0.2704286269511446E-04   0.1994177421319664E-03
  0.9092500000000000E+02   0.9794383334264111E+00   0.1909521124550800E-03  -0.1033422675457918E-01   0.9647303039938869E-04   0.2419264890256055E-06   0.2697947908017541E-04   0.1990537004884776E-03
  0.9097499999999999E+02   0.9794621790353722E+00   0.1906130469757314E-03  -0.1032217954065007E-01   0.9630055510755011E-04   0.2416267692662922E-06   0.2691628375269180E-04   0.1986905745520543E-03
  0.9102499999999999E+02   0.9794859823199279E+00   0.1902748069287702E-03  -0.1031015385595824E-01   0.9612850312151084E-04   0.2413276365163284E-06   0.2685327603010514E-04   0.1983283612496299E-03
  0.9107500000000000E+02   0.9795097433830536E+00   0.1899373896359680E-03  -0.1029814964769560E-01   0.9595687305644421E-04   0.2410290890484557E-06   0.2679045523282553E-04   0.1979670575236969E-03
  0.9112499999999999E+02   0.9795334623273918E+00   0.1896007924324244E-03  -0.1028616686322648E-01   0.9578566353443227E-04   0.2407311251451399E-06   0.2672782068421601E-04   0.1976066603321196E-03
  0.9117500000000000E+02   0.9795571392552525E+00   0.1892650126664011E-03  -0.1027420545008706E-01   0.9561487318438088E-04   0.2404337430984059E-06   0.2666537171057832E-04   0.1972471666479515E-03
  0.9122499999999999E+02   0.9795807742686160E+00   0.1889300476991623E-03  -0.1026226535598396E-01   0.9544450064193808E-04   0.2401369412096786E-06   0.2660310764113401E-04   0.1968885734592593E-03
  0.9127499999999999E+02   0.9796043674691337E+00   0.1885958949048223E-03  -0.1025034652879386E-01   0.9527454454941566E-04   0.2398407177896321E-06   0.2654102780801140E-04   0.1965308777689541E-03
  0.9132500000000000E+02   0.9796279189581301E+00   0.1882625516701938E-03  -0.1023844891656267E-01   0.9510500355571156E-04   0.2395450711580406E-06   0.2647913154622983E-04   0.1961740765946237E-03
  0.9137500000000000E+02   0.9796514288366042E+00   0.1879300153946446E-03  -0.1022657246750414E-01   0.9493587631623629E-04   0.2392499996436379E-06   0.2641741819368151E-04   0.1958181669683735E-03
  0.9142500000000000E+02   0.9796748972052309E+00   0.1875982834899565E-03  -0.1021471713000000E-01   0.9476716149284063E-04   0.2389555015839802E-06   0.2635588709112111E-04   0.1954631459366704E-03
  0.9147499999999999E+02   0.9796983241643629E+00   0.1872673533801897E-03  -0.1020288285259863E-01   0.9459885775374594E-04   0.2386615753253148E-06   0.2629453758214782E-04   0.1951090105601922E-03
  0.9152499999999999E+02   0.9797217098140318E+00   0.1869372225015506E-03  -0.1019106958401372E-01   0.9443096377347627E-04   0.2383682192224524E-06   0.2623336901318752E-04   0.1947557579136799E-03
  0.9157500000000000E+02   0.9797450542539502E+00   0.1866078883022628E-03  -0.1017927727312484E-01   0.9426347823279217E-04   0.2380754316386436E-06   0.2617238073348483E-04   0.1944033850857948E-03
  0.9162500000000000E+02   0.9797683575835126E+00   0.1862793482424429E-03  -0.1016750586897530E-01   0.9409639981862680E-04   0.2377832109454604E-06   0.2611157209508130E-04   0.1940518891789794E-03
  0.9167499999999998E+02   0.9797916199017965E+00   0.1859515997939792E-03  -0.1015575532077262E-01   0.9392972722402370E-04   0.2374915555226812E-06   0.2605094245280719E-04   0.1937012673093226E-03
  0.9172499999999999E+02   0.9798148413075657E+00   0.1856246404404135E-03  -0.1014402557788641E-01   0.9376345914807593E-04   0.2372004637581794E-06   0.2599049116425971E-04   0.1933515166064270E-03
  0.9177500000000001E+02   0.9798380218992693E+00   0.1852984676768259E-03  -0.1013231658984903E-01   0.9359759429586693E-04   0.2369099340478150E-06   0.2593021758979592E-04   0.1930026342132806E-03
  0.9182500000000000E+02   0.9798611617750447E+00   0.1849730790097241E-03  -0.1012062830635374E-01   0.9343213137841338E-04   0.2366199647953314E-06   0.2587012109251256E-04   0.1926546172861321E-03
  0.9187500000000000E+02   0.9798842610327188E+00   0.1846484719569328E-03  -0.1010896067725464E-01   0.9326706911260855E-04   0.2363305544122529E-06   0.2581020103823551E-04   0.1923074629943675E-03
  0.9192500000000000E+02   0.9799073197698090E+00   0.1843246440474885E-03  -0.1009731365256561E-01   0.9310240622116794E-04   0.2360417013177869E-06   0.2575045679550366E-04   0.1919611685203915E-03
  0.9197499999999999E+02   0.9799303380835248E+00   0.1840015928215357E-03  -0.1008568718245972E-01   0.9293814143257603E-04   0.2357534039387295E-06   0.2569088773555576E-04   0.1916157310595111E-03
  0.9202500000000001E+02   0.9799533160707693E+00   0.1836793158302255E-03  -0.1007408121726849E-01   0.9277427348103375E-04   0.2354656607093720E-06   0.2563149323231619E-04   0.1912711478198209E-03
  0.9207500000000000E+02   0.9799762538281402E+00   0.1833578106356170E-03  -0.1006249570748119E-01   0.9261080110640815E-04   0.2351784700714116E-06   0.2557227266238126E-04   0.1909274160220932E-03
  0.9212499999999999E+02   0.9799991514519318E+00   0.1830370748105811E-03  -0.1005093060374396E-01   0.9244772305418230E-04   0.2348918304738645E-06   0.2551322540500450E-04   0.1905845328996679E-03
  0.9217500000000000E+02   0.9800220090381357E+00   0.1827171059387059E-03  -0.1003938585685948E-01   0.9228503807540695E-04   0.2346057403729808E-06   0.2545435084208495E-04   0.1902424956983468E-03
  0.9222499999999999E+02   0.9800448266824421E+00   0.1823979016142049E-03  -0.1002786141778600E-01   0.9212274492665298E-04   0.2343201982321620E-06   0.2539564835815196E-04   0.1899013016762896E-03
  0.9227500000000001E+02   0.9800676044802417E+00   0.1820794594418268E-03  -0.1001635723763683E-01   0.9196084236996497E-04   0.2340352025218815E-06   0.2533711734035291E-04   0.1895609481039115E-03
  0.9232500000000000E+02   0.9800903425266265E+00   0.1817617770367674E-03  -0.1000487326767951E-01   0.9179932917281569E-04   0.2337507517196058E-06   0.2527875717843885E-04   0.1892214322637836E-03
  0.9237499999999999E+02   0.9801130409163915E+00   0.1814448520245838E-03  -0.9993409459335023E-02   0.9163820410806187E-04   0.2334668443097196E-06   0.2522056726475065E-04   0.1888827514505355E-03
  0.9242500000000000E+02   0.9801356997440357E+00   0.1811286820411091E-03  -0.9981965764177425E-02   0.9147746595390008E-04   0.2331834787834503E-06   0.2516254699420748E-04   0.1885449029707585E-03
  0.9247500000000001E+02   0.9801583191037631E+00   0.1808132647323704E-03  -0.9970542133933114E-02   0.9131711349382453E-04   0.2329006536387973E-06   0.2510469576429315E-04   0.1882078841429124E-03
  0.9252499999999999E+02   0.9801808990894848E+00   0.1804985977545079E-03  -0.9959138520480137E-02   0.9115714551658520E-04   0.2326183673804617E-06   0.2504701297504306E-04   0.1878716922972332E-03
  0.9257499999999999E+02   0.9802034397948195E+00   0.1801846787736951E-03  -0.9947754875847203E-02   0.9099756081614657E-04   0.2323366185197769E-06   0.2498949802902946E-04   0.1875363247756427E-03
  0.9262499999999999E+02   0.9802259413130949E+00   0.1798715054660608E-03  -0.9936391152213786E-02   0.9083835819164749E-04   0.2320554055746424E-06   0.2493215033135246E-04   0.1872017789316592E-03
  0.9267500000000000E+02   0.9802484037373492E+00   0.1795590755176133E-03  -0.9925047301908796E-02   0.9067953644736189E-04   0.2317747270694590E-06   0.2487496928962381E-04   0.1868680521303113E-03
  0.9272500000000001E+02   0.9802708271603323E+00   0.1792473866241649E-03  -0.9913723277410136E-02   0.9052109439265961E-04   0.2314945815350637E-06   0.2481795431395511E-04   0.1865351417480511E-03
  0.9277499999999999E+02   0.9802932116745066E+00   0.1789364364912592E-03  -0.9902419031344256E-02   0.9036303084196905E-04   0.2312149675086695E-06   0.2476110481694629E-04   0.1862030451726715E-03
  0.9282499999999999E+02   0.9803155573720483E+00   0.1786262228340980E-03  -0.9891134516485378E-02   0.9020534461473930E-04   0.2309358835338035E-06   0.2470442021367221E-04   0.1858717598032230E-03
  0.9287500000000000E+02   0.9803378643448496E+00   0.1783167433774705E-03  -0.9879869685754716E-02   0.9004803453540335E-04   0.2306573281602471E-06   0.2464789992166951E-04   0.1855412830499315E-03
  0.9292500000000000E+02   0.9803601326845180E+00   0.1780079958556845E-03  -0.9868624492220257E-02   0.8989109943334276E-04   0.2303792999439795E-06   0.2459154336092628E-04   0.1852116123341203E-03
  0.9297499999999999E+02   0.9803823624823796E+00   0.1776999780124971E-03  -0.9857398889095870E-02   0.8973453814285141E-04   0.2301017974471197E-06   0.2453534995386837E-04   0.1848827450881300E-03
  0.9302500000000001E+02   0.9804045538294787E+00   0.1773926876010475E-03  -0.9846192829740530E-02   0.8957834950310117E-04   0.2298248192378712E-06   0.2447931912534631E-04   0.1845546787552419E-03
  0.9307499999999999E+02   0.9804267068165793E+00   0.1770861223837916E-03  -0.9835006267658097E-02   0.8942253235810764E-04   0.2295483638904687E-06   0.2442345030262522E-04   0.1842274107896026E-03
  0.9312500000000000E+02   0.9804488215341668E+00   0.1767802801324354E-03  -0.9823839156496650E-02   0.8926708555669589E-04   0.2292724299851231E-06   0.2436774291537234E-04   0.1839009386561469E-03
  0.9317500000000000E+02   0.9804708980724487E+00   0.1764751586278731E-03  -0.9812691450047595E-02   0.8911200795246834E-04   0.2289970161079716E-06   0.2431219639564365E-04   0.1835752598305275E-03
  0.9322499999999999E+02   0.9804929365213562E+00   0.1761707556601222E-03  -0.9801563102245114E-02   0.8895729840377090E-04   0.2287221208510247E-06   0.2425681017787220E-04   0.1832503717990389E-03
  0.9327500000000001E+02   0.9805149369705440E+00   0.1758670690282630E-03  -0.9790454067166166E-02   0.8880295577366213E-04   0.2284477428121185E-06   0.2420158369885915E-04   0.1829262720585491E-03
  0.9332499999999999E+02   0.9805368995093937E+00   0.1755640965403762E-03  -0.9779364299028925E-02   0.8864897892988034E-04   0.2281738805948630E-06   0.2414651639775727E-04   0.1826029581164264E-03
  0.9337500000000000E+02   0.9805588242270127E+00   0.1752618360134835E-03  -0.9768293752193236E-02   0.8849536674481317E-04   0.2279005328085963E-06   0.2409160771606433E-04   0.1822804274904716E-03
  0.9342500000000000E+02   0.9805807112122366E+00   0.1749602852734892E-03  -0.9757242381159159E-02   0.8834211809546707E-04   0.2276276980683374E-06   0.2403685709760721E-04   0.1819586777088497E-03
  0.9347499999999999E+02   0.9806025605536297E+00   0.1746594421551203E-03  -0.9746210140566869E-02   0.8818923186343639E-04   0.2273553749947386E-06   0.2398226398853267E-04   0.1816377063100214E-03
  0.9352500000000001E+02   0.9806243723394868E+00   0.1743593045018698E-03  -0.9735196985195982E-02   0.8803670693487388E-04   0.2270835622140414E-06   0.2392782783729540E-04   0.1813175108426769E-03
  0.9357499999999999E+02   0.9806461466578336E+00   0.1740598701659407E-03  -0.9724202869964893E-02   0.8788454220046164E-04   0.2268122583580324E-06   0.2387354809464617E-04   0.1809980888656714E-03
  0.9362500000000000E+02   0.9806678835964276E+00   0.1737611370081886E-03  -0.9713227749930664E-02   0.8773273655538140E-04   0.2265414620639983E-06   0.2381942421362272E-04   0.1806794379479584E-03
  0.9367500000000000E+02   0.9806895832427602E+00   0.1734631028980683E-03  -0.9702271580287691E-02   0.8758128889928667E-04   0.2262711719746843E-06   0.2376545564953470E-04   0.1803615556685275E-03
  0.9372499999999999E+02   0.9807112456840570E+00   0.1731657657135784E-03  -0.9691334316367484E-02   0.8743019813627409E-04   0.2260013867382518E-06   0.2371164185995414E-04   0.1800444396163407E-03
  0.9377500000000001E+02   0.9807328710072787E+00   0.1728691233412081E-03  -0.9680415913638885E-02   0.8727946317485580E-04   0.2257321050082366E-06   0.2365798230470814E-04   0.1797280873902701E-03
  0.9382500000000000E+02   0.9807544592991229E+00   0.1725731736758843E-03  -0.9669516327705852E-02   0.8712908292793184E-04   0.2254633254435088E-06   0.2360447644585957E-04   0.1794124965990364E-03
  0.9387499999999999E+02   0.9807760106460244E+00   0.1722779146209197E-03  -0.9658635514308789E-02   0.8697905631276335E-04   0.2251950467082329E-06   0.2355112374770543E-04   0.1790976648611489E-03
  0.9392500000000000E+02   0.9807975251341567E+00   0.1719833440879604E-03  -0.9647773429322548E-02   0.8682938225094535E-04   0.2249272674718280E-06   0.2349792367675867E-04   0.1787835898048445E-03
  0.9397500000000001E+02   0.9808190028494334E+00   0.1716894599969366E-03  -0.9636930028756541E-02   0.8668005966838090E-04   0.2246599864089304E-06   0.2344487570174057E-04   0.1784702690680295E-03
  0.9402500000000001E+02   0.9808404438775076E+00   0.1713962602760109E-03  -0.9626105268754181E-02   0.8653108749525455E-04   0.2243932021993541E-06   0.2339197929356984E-04   0.1781577002982208E-03
  0.9407499999999999E+02   0.9808618483037752E+00   0.1711037428615298E-03  -0.9615299105592334E-02   0.8638246466600680E-04   0.2241269135280550E-06   0.2333923392535185E-04   0.1778458811524878E-03
  0.9412499999999999E+02   0.9808832162133742E+00   0.1708119056979743E-03  -0.9604511495680423E-02   0.8623419011930873E-04   0.2238611190850935E-06   0.2328663907236617E-04   0.1775348092973961E-03
  0.9417500000000000E+02   0.9809045476911863E+00   0.1705207467379113E-03  -0.9593742395560656E-02   0.8608626279803658E-04   0.2235958175655979E-06   0.2323419421205960E-04   0.1772244824089499E-03
  0.9422500000000001E+02   0.9809258428218380E+00   0.1702302639419468E-03  -0.9582991761906912E-02   0.8593868164924728E-04   0.2233310076697302E-06   0.2318189882403287E-04   0.1769148981725375E-03
  0.9427499999999999E+02   0.9809471016897019E+00   0.1699404552786779E-03  -0.9572259551523854E-02   0.8579144562415378E-04   0.2230666881026500E-06   0.2312975239002831E-04   0.1766060542828756E-03
  0.9432499999999999E+02   0.9809683243788965E+00   0.1696513187246457E-03  -0.9561545721347708E-02   0.8564455367810042E-04   0.2228028575744799E-06   0.2307775439392575E-04   0.1762979484439541E-03
  0.9437500000000000E+02   0.9809895109732885E+00   0.1693628522642906E-03  -0.9550850228444374E-02   0.8549800477053953E-04   0.2225395148002726E-06   0.2302590432172551E-04   0.1759905783689837E-03
  0.9442500000000000E+02   0.9810106615564930E+00   0.1690750538899057E-03  -0.9540173030010091E-02   0.8535179786500748E-04   0.2222766584999769E-06   0.2297420166154381E-04   0.1756839417803413E-03
  0.9447500000000001E+02   0.9810317762118752E+00   0.1687879216015919E-03  -0.9529514083369550E-02   0.8520593192910093E-04   0.2220142873984043E-06   0.2292264590359589E-04   0.1753780364095172E-03
  0.9452499999999999E+02   0.9810528550225505E+00   0.1685014534072135E-03  -0.9518873345976786E-02   0.8506040593445417E-04   0.2217524002251970E-06   0.2287123654019257E-04   0.1750728599970643E-03
  0.9457499999999999E+02   0.9810738980713860E+00   0.1682156473223541E-03  -0.9508250775413951E-02   0.8491521885671585E-04   0.2214909957147966E-06   0.2281997306572669E-04   0.1747684102925448E-03
  0.9462500000000000E+02   0.9810949054410014E+00   0.1679305013702726E-03  -0.9497646329390652E-02   0.8477036967552614E-04   0.2212300726064106E-06   0.2276885497666223E-04   0.1744646850544799E-03
  0.9467500000000000E+02   0.9811158772137697E+00   0.1676460135818614E-03  -0.9487059965744171E-02   0.8462585737449505E-04   0.2209696296439842E-06   0.2271788177152782E-04   0.1741616820502999E-03
  0.9472499999999999E+02   0.9811368134718185E+00   0.1673621819956018E-03  -0.9476491642438134E-02   0.8448168094117911E-04   0.2207096655761667E-06   0.2266705295090270E-04   0.1738593990562925E-03
  0.9477499999999999E+02   0.9811577142970310E+00   0.1670790046575234E-03  -0.9465941317562732E-02   0.8433783936706030E-04   0.2204501791562832E-06   0.2261636801741043E-04   0.1735578338575546E-03
  0.9482499999999999E+02   0.9811785797710464E+00   0.1667964796211612E-03  -0.9455408949333721E-02   0.8419433164752376E-04   0.2201911691423040E-06   0.2256582647570642E-04   0.1732569842479427E-03
  0.9487500000000000E+02   0.9811994099752613E+00   0.1665146049475153E-03  -0.9444894496091982E-02   0.8405115678183658E-04   0.2199326342968151E-06   0.2251542783246851E-04   0.1729568480300246E-03
  0.9492500000000000E+02   0.9812202049908305E+00   0.1662333787050092E-03  -0.9434397916303738E-02   0.8390831377312633E-04   0.2196745733869900E-06   0.2246517159639064E-04   0.1726574230150311E-03
  0.9497499999999999E+02   0.9812409648986680E+00   0.1659527989694497E-03  -0.9423919168559003E-02   0.8376580162836007E-04   0.2194169851845600E-06   0.2241505727816800E-04   0.1723587070228087E-03
  0.9502499999999999E+02   0.9812616897794475E+00   0.1656728638239867E-03  -0.9413458211571912E-02   0.8362361935832334E-04   0.2191598684657867E-06   0.2236508439049136E-04   0.1720606978817720E-03
  0.9507500000000000E+02   0.9812823797136040E+00   0.1653935713590733E-03  -0.9403015004179727E-02   0.8348176597759945E-04   0.2189032220114335E-06   0.2231525244803497E-04   0.1717633934288571E-03
  0.9512500000000000E+02   0.9813030347813345E+00   0.1651149196724266E-03  -0.9392589505342830E-02   0.8334024050454908E-04   0.2186470446067382E-06   0.2226556096744945E-04   0.1714667915094756E-03
  0.9517500000000000E+02   0.9813236550625984E+00   0.1648369068689893E-03  -0.9382181674143841E-02   0.8319904196129021E-04   0.2183913350413867E-06   0.2221600946735024E-04   0.1711708899774689E-03
  0.9522499999999999E+02   0.9813442406371189E+00   0.1645595310608901E-03  -0.9371791469787394E-02   0.8305816937367745E-04   0.2181360921094842E-06   0.2216659746830947E-04   0.1708756866950621E-03
  0.9527499999999999E+02   0.9813647915843837E+00   0.1642827903674063E-03  -0.9361418851599690E-02   0.8291762177128265E-04   0.2178813146095305E-06   0.2211732449284673E-04   0.1705811795328192E-03
  0.9532500000000000E+02   0.9813853079836463E+00   0.1640066829149258E-03  -0.9351063779027724E-02   0.8277739818737500E-04   0.2176270013443930E-06   0.2206819006541828E-04   0.1702873663695995E-03
  0.9537499999999999E+02   0.9814057899139260E+00   0.1637312068369096E-03  -0.9340726211639394E-02   0.8263749765890160E-04   0.2173731511212809E-06   0.2201919371241055E-04   0.1699942450925121E-03
  0.9542500000000000E+02   0.9814262374540098E+00   0.1634563602738543E-03  -0.9330406109122391E-02   0.8249791922646766E-04   0.2171197627517191E-06   0.2197033496212792E-04   0.1697018135968726E-03
  0.9547500000000001E+02   0.9814466506824524E+00   0.1631821413732561E-03  -0.9320103431284088E-02   0.8235866193431808E-04   0.2168668350515243E-06   0.2192161334478518E-04   0.1694100697861604E-03
  0.9552499999999999E+02   0.9814670296775777E+00   0.1629085482895737E-03  -0.9309818138051318E-02   0.8221972483031774E-04   0.2166143668407782E-06   0.2187302839249960E-04   0.1691190115719743E-03
  0.9557500000000000E+02   0.9814873745174797E+00   0.1626355791841920E-03  -0.9299550189469374E-02   0.8208110696593289E-04   0.2163623569438039E-06   0.2182457963927933E-04   0.1688286368739907E-03
  0.9562500000000000E+02   0.9815076852800224E+00   0.1623632322253872E-03  -0.9289299545701790E-02   0.8194280739621275E-04   0.2161108041891416E-06   0.2177626662101549E-04   0.1685389436199220E-03
  0.9567500000000000E+02   0.9815279620428421E+00   0.1620915055882903E-03  -0.9279066167030336E-02   0.8180482517977059E-04   0.2158597074095240E-06   0.2172808887547533E-04   0.1682499297454731E-03
  0.9572500000000001E+02   0.9815482048833469E+00   0.1618203974548526E-03  -0.9268850013853691E-02   0.8166715937876553E-04   0.2156090654418522E-06   0.2168004594228929E-04   0.1679615931943011E-03
  0.9577499999999999E+02   0.9815684138787185E+00   0.1615499060138103E-03  -0.9258651046687993E-02   0.8152980905888447E-04   0.2153588771271729E-06   0.2163213736294678E-04   0.1676739319179734E-03
  0.9582499999999999E+02   0.9815885891059127E+00   0.1612800294606504E-03  -0.9248469226165512E-02   0.8139277328932379E-04   0.2151091413106539E-06   0.2158436268078323E-04   0.1673869438759272E-03
  0.9587500000000000E+02   0.9816087306416602E+00   0.1610107659975763E-03  -0.9238304513034756E-02   0.8125605114277180E-04   0.2148598568415626E-06   0.2153672144097399E-04   0.1671006270354291E-03
  0.9592500000000000E+02   0.9816288385624674E+00   0.1607421138334736E-03  -0.9228156868159809E-02   0.8111964169539076E-04   0.2146110225732417E-06   0.2148921319052461E-04   0.1668149793715347E-03
  0.9597499999999999E+02   0.9816489129446175E+00   0.1604740711838763E-03  -0.9218026252520106E-02   0.8098354402679928E-04   0.2143626373630871E-06   0.2144183747826307E-04   0.1665299988670483E-03
  0.9602499999999999E+02   0.9816689538641709E+00   0.1602066362709338E-03  -0.9207912627209880E-02   0.8084775722005503E-04   0.2141147000725256E-06   0.2139459385483080E-04   0.1662456835124843E-03
  0.9607499999999999E+02   0.9816889613969664E+00   0.1599398073233775E-03  -0.9197815953437383E-02   0.8071228036163733E-04   0.2138672095669930E-06   0.2134748187267241E-04   0.1659620313060273E-03
  0.9612500000000000E+02   0.9817089356186219E+00   0.1596735825764880E-03  -0.9187736192525220E-02   0.8057711254143010E-04   0.2136201647159118E-06   0.2130050108603083E-04   0.1656790402534934E-03
  0.9617500000000001E+02   0.9817288766045353E+00   0.1594079602720624E-03  -0.9177673305909351E-02   0.8044225285270468E-04   0.2133735643926697E-06   0.2125365105093615E-04   0.1653967083682915E-03
  0.9622499999999999E+02   0.9817487844298851E+00   0.1591429386583819E-03  -0.9167627255138644E-02   0.8030770039210309E-04   0.2131274074745980E-06   0.2120693132519714E-04   0.1651150336713856E-03
  0.9627499999999999E+02   0.9817686591696312E+00   0.1588785159901796E-03  -0.9157598001874989E-02   0.8017345425962114E-04   0.2128816928429505E-06   0.2116034146839545E-04   0.1648340141912555E-03
  0.9632499999999999E+02   0.9817885008985159E+00   0.1586146905286095E-03  -0.9147585507892297E-02   0.8003951355859208E-04   0.2126364193828831E-06   0.2111388104187454E-04   0.1645536479638609E-03
  0.9637500000000000E+02   0.9818083096910649E+00   0.1583514605412135E-03  -0.9137589735076168E-02   0.7990587739566968E-04   0.2123915859834314E-06   0.2106754960873185E-04   0.1642739330326020E-03
  0.9642500000000001E+02   0.9818280856215874E+00   0.1580888243018915E-03  -0.9127610645424111E-02   0.7977254488081243E-04   0.2121471915374920E-06   0.2102134673381353E-04   0.1639948674482844E-03
  0.9647499999999999E+02   0.9818478287641779E+00   0.1578267800908693E-03  -0.9117648201043882E-02   0.7963951512726678E-04   0.2119032349418004E-06   0.2097527198370059E-04   0.1637164492690807E-03
  0.9652499999999999E+02   0.9818675391927155E+00   0.1575653261946681E-03  -0.9107702364154591E-02   0.7950678725155136E-04   0.2116597150969123E-06   0.2092932492670764E-04   0.1634386765604948E-03
  0.9657500000000000E+02   0.9818872169808666E+00   0.1573044609060740E-03  -0.9097773097085260E-02   0.7937436037344082E-04   0.2114166309071822E-06   0.2088350513287018E-04   0.1631615473953250E-03
  0.9662500000000000E+02   0.9819068622020839E+00   0.1570441825241075E-03  -0.9087860362274380E-02   0.7924223361595025E-04   0.2111739812807449E-06   0.2083781217393635E-04   0.1628850598536289E-03
  0.9667500000000000E+02   0.9819264749296082E+00   0.1567844893539933E-03  -0.9077964122270354E-02   0.7911040610531899E-04   0.2109317651294946E-06   0.2079224562336286E-04   0.1626092120226868E-03
  0.9672499999999999E+02   0.9819460552364693E+00   0.1565253797071305E-03  -0.9068084339730165E-02   0.7897887697099543E-04   0.2106899813690666E-06   0.2074680505630278E-04   0.1623340019969665E-03
  0.9677499999999999E+02   0.9819656031954855E+00   0.1562668519010630E-03  -0.9058220977419484E-02   0.7884764534562134E-04   0.2104486289188174E-06   0.2070149004960003E-04   0.1620594278780885E-03
  0.9682500000000000E+02   0.9819851188792663E+00   0.1560089042594492E-03  -0.9048373998212345E-02   0.7871671036501622E-04   0.2102077067018052E-06   0.2065630018178176E-04   0.1617854877747900E-03
  0.9687500000000000E+02   0.9820046023602115E+00   0.1557515351120344E-03  -0.9038543365090246E-02   0.7858607116816268E-04   0.2099672136447725E-06   0.2061123503304835E-04   0.1615121798028917E-03
  0.9692500000000000E+02   0.9820240537105124E+00   0.1554947427946199E-03  -0.9028729041142491E-02   0.7845572689719056E-04   0.2097271486781257E-06   0.2056629418526898E-04   0.1612395020852621E-03
  0.9697499999999999E+02   0.9820434730021533E+00   0.1552385256490356E-03  -0.9018930989564855E-02   0.7832567669736228E-04   0.2094875107359174E-06   0.2052147722196955E-04   0.1609674527517839E-03
  0.9702499999999999E+02   0.9820628603069113E+00   0.1549828820231103E-03  -0.9009149173660025E-02   0.7819591971705767E-04   0.2092482987558274E-06   0.2047678372832888E-04   0.1606960299393194E-03
  0.9707500000000000E+02   0.9820822156963573E+00   0.1547278102706442E-03  -0.8999383556837159E-02   0.7806645510775944E-04   0.2090095116791458E-06   0.2043221329117077E-04   0.1604252317916780E-03
  0.9712500000000000E+02   0.9821015392418576E+00   0.1544733087513803E-03  -0.8989634102610666E-02   0.7793728202403823E-04   0.2087711484507533E-06   0.2038776549895262E-04   0.1601550564595817E-03
  0.9717500000000000E+02   0.9821208310145729E+00   0.1542193758309760E-03  -0.8979900774600869E-02   0.7780839962353787E-04   0.2085332080191042E-06   0.2034343994176267E-04   0.1598855021006320E-03
  0.9722499999999999E+02   0.9821400910854610E+00   0.1539660098809758E-03  -0.8970183536532894E-02   0.7767980706696103E-04   0.2082956893362083E-06   0.2029923621130920E-04   0.1596165668792771E-03
  0.9727499999999999E+02   0.9821593195252758E+00   0.1537132092787838E-03  -0.8960482352236565E-02   0.7755150351805484E-04   0.2080585913576137E-06   0.2025515390091421E-04   0.1593482489667791E-03
  0.9732500000000000E+02   0.9821785164045692E+00   0.1534609724076352E-03  -0.8950797185646397E-02   0.7742348814359622E-04   0.2078219130423882E-06   0.2021119260550775E-04   0.1590805465411812E-03
  0.9737500000000000E+02   0.9821976817936915E+00   0.1532092976565708E-03  -0.8941128000800269E-02   0.7729576011337827E-04   0.2075856533531040E-06   0.2016735192161624E-04   0.1588134577872760E-03
  0.9742500000000000E+02   0.9822168157627919E+00   0.1529581834204089E-03  -0.8931474761840086E-02   0.7716831860019574E-04   0.2073498112558192E-06   0.2012363144735975E-04   0.1585469808965731E-03
  0.9747499999999999E+02   0.9822359183818193E+00   0.1527076280997179E-03  -0.8921837433010449E-02   0.7704116277983069E-04   0.2071143857200600E-06   0.2008003078244043E-04   0.1582811140672662E-03
  0.9752500000000001E+02   0.9822549897205236E+00   0.1524576301007908E-03  -0.8912215978659210E-02   0.7691429183103924E-04   0.2068793757188056E-06   0.2003654952813938E-04   0.1580158555042030E-03
  0.9757499999999999E+02   0.9822740298484551E+00   0.1522081878356183E-03  -0.8902610363236474E-02   0.7678770493553740E-04   0.2066447802284707E-06   0.1999318728730656E-04   0.1577512034188531E-03
  0.9762500000000000E+02   0.9822930388349669E+00   0.1519592997218620E-03  -0.8893020551294151E-02   0.7666140127798713E-04   0.2064105982288883E-06   0.1994994366435334E-04   0.1574871560292764E-03
  0.9767500000000000E+02   0.9823120167492141E+00   0.1517109641828288E-03  -0.8883446507486514E-02   0.7653538004598302E-04   0.2061768287032941E-06   0.1990681826524939E-04   0.1572237115600924E-03
  0.9772499999999999E+02   0.9823309636601553E+00   0.1514631796474449E-03  -0.8873888196568425E-02   0.7640964043003858E-04   0.2059434706383098E-06   0.1986381069750927E-04   0.1569608682424495E-03
  0.9777499999999999E+02   0.9823498796365530E+00   0.1512159445502298E-03  -0.8864345583396327E-02   0.7628418162357282E-04   0.2057105230239272E-06   0.1982092057019144E-04   0.1566986243139943E-03
  0.9782499999999999E+02   0.9823687647469750E+00   0.1509692573312709E-03  -0.8854818632926698E-02   0.7615900282289673E-04   0.2054779848534913E-06   0.1977814749388591E-04   0.1564369780188407E-03
  0.9787500000000000E+02   0.9823876190597940E+00   0.1507231164361978E-03  -0.8845307310216710E-02   0.7603410322720021E-04   0.2052458551236857E-06   0.1973549108071179E-04   0.1561759276075405E-03
  0.9792500000000000E+02   0.9824064426431887E+00   0.1504775203161572E-03  -0.8835811580423347E-02   0.7590948203853868E-04   0.2050141328345153E-06   0.1969295094430792E-04   0.1559154713370529E-03
  0.9797499999999999E+02   0.9824252355651453E+00   0.1502324674277880E-03  -0.8826331408802734E-02   0.7578513846182003E-04   0.2047828169892917E-06   0.1965052669982469E-04   0.1556556074707144E-03
  0.9802499999999999E+02   0.9824439978934565E+00   0.1499879562331957E-03  -0.8816866760710917E-02   0.7566107170479161E-04   0.2045519065946174E-06   0.1960821796392204E-04   0.1553963342782098E-03
  0.9807500000000000E+02   0.9824627296957241E+00   0.1497439851999284E-03  -0.8807417601602086E-02   0.7553728097802724E-04   0.2043214006603699E-06   0.1956602435475633E-04   0.1551376500355422E-03
  0.9812500000000000E+02   0.9824814310393583E+00   0.1495005528009516E-03  -0.8797983897029016E-02   0.7541376549491436E-04   0.2040912981996868E-06   0.1952394549197706E-04   0.1548795530250043E-03
  0.9817500000000000E+02   0.9825001019915787E+00   0.1492576575146238E-03  -0.8788565612642962E-02   0.7529052447164121E-04   0.2038615982289504E-06   0.1948198099672113E-04   0.1546220415351487E-03
  0.9822499999999999E+02   0.9825187426194154E+00   0.1490152978246725E-03  -0.8779162714192545E-02   0.7516755712718416E-04   0.2036322997677728E-06   0.1944013049160275E-04   0.1543651138607594E-03
  0.9827499999999999E+02   0.9825373529897092E+00   0.1487734722201700E-03  -0.8769775167524085E-02   0.7504486268329521E-04   0.2034034018389808E-06   0.1939839360070968E-04   0.1541087683028232E-03
  0.9832500000000000E+02   0.9825559331691125E+00   0.1485321791955091E-03  -0.8760402938580936E-02   0.7492244036448928E-04   0.2031749034686012E-06   0.1935676994959519E-04   0.1538530031685009E-03
  0.9837500000000000E+02   0.9825744832240899E+00   0.1482914172503795E-03  -0.8751045993402706E-02   0.7480028939803176E-04   0.2029468036858455E-06   0.1931525916526940E-04   0.1535978167710992E-03
  0.9842500000000000E+02   0.9825930032209187E+00   0.1480511848897438E-03  -0.8741704298126263E-02   0.7467840901392615E-04   0.2027191015230958E-06   0.1927386087619874E-04   0.1533432074300421E-03
  0.9847499999999999E+02   0.9826114932256899E+00   0.1478114806238143E-03  -0.8732377818983728E-02   0.7455679844490188E-04   0.2024917960158900E-06   0.1923257471229194E-04   0.1530891734708438E-03
  0.9852499999999999E+02   0.9826299533043085E+00   0.1475723029680298E-03  -0.8723066522303480E-02   0.7443545692640195E-04   0.2022648862029078E-06   0.1919140030489944E-04   0.1528357132250798E-03
  0.9857500000000000E+02   0.9826483835224945E+00   0.1473336504430314E-03  -0.8713770374508822E-02   0.7431438369657078E-04   0.2020383711259557E-06   0.1915033728680252E-04   0.1525828250303601E-03
  0.9862500000000000E+02   0.9826667839457833E+00   0.1470955215746403E-03  -0.8704489342118316E-02   0.7419357799624208E-04   0.2018122498299528E-06   0.1910938529220974E-04   0.1523305072303012E-03
  0.9867499999999998E+02   0.9826851546395264E+00   0.1468579148938349E-03  -0.8695223391745444E-02   0.7407303906892725E-04   0.2015865213629181E-06   0.1906854395675050E-04   0.1520787581744995E-03
  0.9872499999999999E+02   0.9827034956688920E+00   0.1466208289367265E-03  -0.8685972490097504E-02   0.7395276616080258E-04   0.2013611847759539E-06   0.1902781291746523E-04   0.1518275762185031E-03
  0.9877500000000001E+02   0.9827218070988657E+00   0.1463842622445391E-03  -0.8676736603976387E-02   0.7383275852069867E-04   0.2011362391232350E-06   0.1898719181280395E-04   0.1515769597237863E-03
  0.9882500000000000E+02   0.9827400889942511E+00   0.1461482133635844E-03  -0.8667515700277462E-02   0.7371301540008724E-04   0.2009116834619915E-06   0.1894668028261644E-04   0.1513269070577209E-03
  0.9887500000000000E+02   0.9827583414196707E+00   0.1459126808452410E-03  -0.8658309745989134E-02   0.7359353605307061E-04   0.2006875168524983E-06   0.1890627796814540E-04   0.1510774165935518E-03
  0.9892499999999998E+02   0.9827765644395660E+00   0.1456776632459314E-03  -0.8649118708193404E-02   0.7347431973636929E-04   0.2004637383580591E-06   0.1886598451202416E-04   0.1508284867103684E-03
  0.9897499999999999E+02   0.9827947581181986E+00   0.1454431591270997E-03  -0.8639942554064639E-02   0.7335536570931069E-04   0.2002403470449941E-06   0.1882579955826638E-04   0.1505801157930796E-03
  0.9902500000000001E+02   0.9828129225196507E+00   0.1452091670551902E-03  -0.8630781250869690E-02   0.7323667323381763E-04   0.2000173419826260E-06   0.1878572275226189E-04   0.1503323022323874E-03
  0.9907499999999999E+02   0.9828310577078254E+00   0.1449756856016258E-03  -0.8621634765967556E-02   0.7311824157439711E-04   0.1997947222432675E-06   0.1874575374077034E-04   0.1500850444247610E-03
  0.9912499999999999E+02   0.9828491637464478E+00   0.1447427133427844E-03  -0.8612503066808830E-02   0.7300006999812835E-04   0.1995724869022068E-06   0.1870589217191414E-04   0.1498383407724102E-03
  0.9917500000000000E+02   0.9828672406990655E+00   0.1445102488599796E-03  -0.8603386120935697E-02   0.7288215777465208E-04   0.1993506350376952E-06   0.1866613769517368E-04   0.1495921896832607E-03
  0.9922499999999999E+02   0.9828852886290490E+00   0.1442782907394378E-03  -0.8594283895981381E-02   0.7276450417615914E-04   0.1991291657309343E-06   0.1862648996138024E-04   0.1493465895709282E-03
  0.9927500000000001E+02   0.9829033075995924E+00   0.1440468375722773E-03  -0.8585196359669700E-02   0.7264710847737916E-04   0.1989080780660622E-06   0.1858694862270943E-04   0.1491015388546927E-03
  0.9932500000000000E+02   0.9829212976737141E+00   0.1438158879544868E-03  -0.8576123479815179E-02   0.7252996995556968E-04   0.1986873711301415E-06   0.1854751333267692E-04   0.1488570359594739E-03
  0.9937499999999999E+02   0.9829392589142574E+00   0.1435854404869047E-03  -0.8567065224322601E-02   0.7241308789050492E-04   0.1984670440131456E-06   0.1850818374613207E-04   0.1486130793158054E-03
  0.9942500000000000E+02   0.9829571913838911E+00   0.1433554937751977E-03  -0.8558021561186124E-02   0.7229646156446499E-04   0.1982470958079468E-06   0.1846895951924927E-04   0.1483696673598102E-03
  0.9947499999999999E+02   0.9829750951451098E+00   0.1431260464298400E-03  -0.8548992458490057E-02   0.7218009026222492E-04   0.1980275256103031E-06   0.1842984030952691E-04   0.1481267985331762E-03
  0.9952499999999999E+02   0.9829929702602352E+00   0.1428970970660930E-03  -0.8539977884407413E-02   0.7206397327104375E-04   0.1978083325188458E-06   0.1839082577577649E-04   0.1478844712831306E-03
  0.9957500000000000E+02   0.9830108167914160E+00   0.1426686443039840E-03  -0.8530977807200246E-02   0.7194810988065386E-04   0.1975895156350673E-06   0.1835191557811957E-04   0.1476426840624166E-03
  0.9962499999999999E+02   0.9830286348006285E+00   0.1424406867682863E-03  -0.8521992195219430E-02   0.7183249938325030E-04   0.1973710740633085E-06   0.1831310937798227E-04   0.1474014353292682E-03
  0.9967500000000000E+02   0.9830464243496780E+00   0.1422132230884981E-03  -0.8513021016903988E-02   0.7171714107347983E-04   0.1971530069107462E-06   0.1827440683808799E-04   0.1471607235473859E-03
  0.9972499999999999E+02   0.9830641855001985E+00   0.1419862518988231E-03  -0.8504064240780762E-02   0.7160203424843080E-04   0.1969353132873816E-06   0.1823580762245140E-04   0.1469205471859135E-03
  0.9977499999999999E+02   0.9830819183136535E+00   0.1417597718381499E-03  -0.8495121835464636E-02   0.7148717820762227E-04   0.1967179923060275E-06   0.1819731139637510E-04   0.1466809047194134E-03
  0.9982500000000000E+02   0.9830996228513371E+00   0.1415337815500316E-03  -0.8486193769657535E-02   0.7137257225299362E-04   0.1965010430822964E-06   0.1815891782644077E-04   0.1464417946278429E-03
  0.9987500000000000E+02   0.9831172991743738E+00   0.1413082796826667E-03  -0.8477280012148647E-02   0.7125821568889418E-04   0.1962844647345888E-06   0.1812062658050584E-04   0.1462032153965307E-03
  0.9992500000000000E+02   0.9831349473437199E+00   0.1410832648888784E-03  -0.8468380531813757E-02   0.7114410782207289E-04   0.1960682563840810E-06   0.1808243732769620E-04   0.1459651655161535E-03
  0.9997499999999999E+02   0.9831525674201631E+00   0.1408587358260955E-03  -0.8459495297615582E-02   0.7103024796166797E-04   0.1958524171547133E-06   0.1804434973840333E-04   0.1457276434827121E-03
