#   omega (eV)      epsilon_1       epsilon_2       n               kappa           mu (cm^(-1))    R               epsinv
  0.2500000000000000E-01   0.1035222510494715E+01   0.5590763333890325E-05   0.1745884953754451E-01   0.2747414962497716E-05   0.1894342313245527E-11   0.7488966448995958E-04   0.5216794078906061E-05
  0.7500000000000000E-01   0.1035223898241917E+01   0.1677416022763303E-04   0.1745953153423585E-01   0.8243158429278818E-05   0.1705097048009075E-10   0.7489547965074833E-04   0.1565208539435776E-04
  0.1250000000000000E+00   0.1035226674193194E+01   0.2796316979650259E-04   0.1746089575080312E-01   0.1374164349376201E-04   0.4737430835730572E-10   0.7490711255242748E-04   0.2609248797737089E-04
  0.1750000000000000E+00   0.1035230839262768E+01   0.3916154048615888E-04   0.1746294263384685E-01   0.1924470113121943E-04   0.9288453513350307E-10   0.7492456835829327E-04   0.3654141532606055E-04
  0.2250000000000000E+00   0.1035236394823157E+01   0.5037303075233887E-04   0.1746567285384426E-01   0.2475416719025507E-04   0.1536119598967350E-09   0.7494785482100754E-04   0.4700228993308840E-04
  0.2750000000000000E+00   0.1035243342706598E+01   0.6160141309840563E-04   0.1746908730584318E-01   0.3027188435843296E-04   0.2295970701444155E-09   0.7497698229188682E-04   0.5747854691343283E-04
  0.3250000000000000E+00   0.1035251685206956E+01   0.7285047814658478E-04   0.1747318711039014E-01   0.3579970414428273E-04   0.3208905967036464E-09   0.7501196373332608E-04   0.6797363766226131E-04
  0.3749999999999999E+00   0.1035261425082109E+01   0.8412403875277137E-04   0.1747797361469328E-01   0.4133948888048762E-04   0.4275535952697339E-09   0.7505281473437561E-04   0.7849103355173639E-04
  0.4250000000000000E+00   0.1035272565556831E+01   0.9542593417498552E-04   0.1748344839402427E-01   0.4689311375315438E-04   0.5496575448247996E-09   0.7509955352952265E-04   0.8903422967576024E-04
  0.4749999999999999E+00   0.1035285110326166E+01   0.1067600343057854E-03   0.1748961325336218E-01   0.5246246886217670E-04   0.6872844632539074E-09   0.7515220102072090E-04   0.9960674865186975E-04
  0.5250000000000000E+00   0.1035299063559308E+01   0.1181302439792398E-03   0.1749647022928191E-01   0.5804946131784637E-04   0.8405270405334854E-09   0.7521078080271360E-04   0.1102121444897535E-03
  0.5750000000000001E+00   0.1035314429903995E+01   0.1295405073633948E-03   0.1750402159209363E-01   0.6365601737902822E-04   0.1009488789926243E-08   0.7527531919172985E-04   0.1208540065361623E-03
  0.6249999999999999E+00   0.1035331214491426E+01   0.1409948124495629E-03   0.1751226984823662E-01   0.6928408463840563E-04   0.1194284217678723E-08   0.7534584525761359E-04   0.1315359635063333E-03
  0.6749999999999999E+00   0.1035349422941713E+01   0.1524971956502015E-03   0.1752121774293358E-01   0.7493563426051737E-04   0.1395039011782369E-08   0.7542239085946924E-04   0.1422616876124411E-03
  0.7250000000000001E+00   0.1035369061369880E+01   0.1640517465176470E-03   0.1753086826311145E-01   0.8061266327854870E-04   0.1611890250426913E-08   0.7550499068491242E-04   0.1530348988000349E-03
  0.7749999999999999E+00   0.1035390136392427E+01   0.1756626125965486E-03   0.1754122464059660E-01   0.8631719695612038E-04   0.1844986630846721E-08   0.7559368229303451E-04   0.1638593691039349E-03
  0.8250000000000000E+00   0.1035412655134467E+01   0.1873340044234547E-03   0.1755229035559025E-01   0.9205129122061611E-04   0.2094488719336320E-08   0.7568850616117632E-04   0.1747389271356084E-03
  0.8749999999999999E+00   0.1035436625237466E+01   0.1990702006877337E-03   0.1756406914043418E-01   0.9781703517494187E-04   0.2360569223292033E-08   0.7578950573564535E-04   0.1856774627146922E-03
  0.9249999999999999E+00   0.1035462054867588E+01   0.2108755535687552E-03   0.1757656498367632E-01   0.1036165536949733E-03   0.2643413286221937E-08   0.7589672748651383E-04   0.1966789316579979E-03
  0.9750000000000001E+00   0.1035488952724680E+01   0.2227544942651607E-03   0.1758978213444240E-01   0.1094520101203860E-03   0.2943218806758206E-08   0.7601022096660977E-04   0.2077473607401358E-03
  0.1025000000000000E+01   0.1035517328051911E+01   0.2347115387329681E-03   0.1760372510712993E-01   0.1153256090470082E-03   0.3260196782803375E-08   0.7613003887490443E-04   0.2188868528407200E-03
  0.1075000000000000E+01   0.1035547190646098E+01   0.2467512936503286E-03   0.1761839868643222E-01   0.1212395992293582E-03   0.3594571682047334E-08   0.7625623712443108E-04   0.2301015922940666E-03
  0.1125000000000000E+01   0.1035578550868729E+01   0.2588784626278992E-03   0.1763380793270697E-01   0.1271962766025842E-03   0.3946581840204667E-08   0.7638887491493723E-04   0.2413958504583276E-03
  0.1175000000000000E+01   0.1035611419657727E+01   0.2710978526850703E-03   0.1764995818770188E-01   0.1331979874336453E-03   0.4316479888443777E-08   0.7652801481045828E-04   0.2527739915221368E-03
  0.1225000000000000E+01   0.1035645808539985E+01   0.2834143810137018E-03   0.1766685508065380E-01   0.1392471316122604E-03   0.4704533211611005E-08   0.7667372282204238E-04   0.2642404785681122E-03
  0.1275000000000000E+01   0.1035681729644686E+01   0.2958330820525324E-03   0.1768450453477688E-01   0.1453461660928842E-03   0.5111024438994832E-08   0.7682606849585531E-04   0.2757998799139037E-03
  0.1325000000000000E+01   0.1035719195717471E+01   0.3083591148971653E-03   0.1770291277415348E-01   0.1514976084998175E-03   0.5536251969530522E-08   0.7698512500688803E-04   0.2874568757530340E-03
  0.1375000000000000E+01   0.1035758220135470E+01   0.3209977710723573E-03   0.1772208633105476E-01   0.1577040409084430E-03   0.5980530533512501E-08   0.7715096925860879E-04   0.2992162651194053E-03
  0.1425000000000000E+01   0.1035798816923253E+01   0.3337544826954247E-03   0.1774203205370029E-01   0.1639681138165936E-03   0.6444191793065232E-08   0.7732368198876047E-04   0.3110829732012101E-03
  0.1475000000000000E+01   0.1035841000769729E+01   0.3466348310618154E-03   0.1776275711448672E-01   0.1702925503211466E-03   0.6927584983821842E-08   0.7750334788169249E-04   0.3230620590319836E-03
  0.1525000000000000E+01   0.1035884787046064E+01   0.3596445556864004E-03   0.1778426901870489E-01   0.1766801505161556E-03   0.7431077600477630E-08   0.7769005568753306E-04   0.3351587235887716E-03
  0.1575000000000000E+01   0.1035930191824640E+01   0.3727895638367824E-03   0.1780657561376908E-01   0.1831337961301629E-03   0.7955056129123397E-08   0.7788389834855764E-04   0.3473783183298380E-03
  0.1625000000000000E+01   0.1035977231899136E+01   0.3860759405979316E-03   0.1782968509898875E-01   0.1896564554218046E-03   0.8499926829523906E-08   0.7808497313317828E-04   0.3597263542070345E-03
  0.1675000000000000E+01   0.1036025924805774E+01   0.3995099595108134E-03   0.1785360603590891E-01   0.1962511883544475E-03   0.9066116570792822E-08   0.7829338177795511E-04   0.3722085111909464E-03
  0.1725000000000000E+01   0.1036076288845805E+01   0.4130980938313614E-03   0.1787834735925031E-01   0.2029211520723912E-03   0.9654073724229801E-08   0.7850923063808767E-04   0.3848306483502321E-03
  0.1775000000000000E+01   0.1036128343109285E+01   0.4268470284602221E-03   0.1790391838848349E-01   0.2096696067031524E-03   0.1026426911743072E-07   0.7873263084688704E-04   0.3975988145302113E-03
  0.1825000000000000E+01   0.1036182107500245E+01   0.4407636725982226E-03   0.1793032884007384E-01   0.2164999215125413E-03   0.1089719705416341E-07   0.7896369848476949E-04   0.4105192596798030E-03
  0.1875000000000000E+01   0.1036237602763302E+01   0.4548551731875230E-03   0.1795758884043086E-01   0.2234155814416859E-03   0.1155337640492184E-07   0.7920255475829759E-04   0.4235984468803989E-03
  0.1925000000000000E+01   0.1036294850511819E+01   0.4691289292039678E-03   0.1798570893961249E-01   0.2304201940578504E-03   0.1223335177353660E-07   0.7944932618996857E-04   0.4368430651352172E-03
  0.1975000000000000E+01   0.1036353873257702E+01   0.4835926068723150E-03   0.1801470012581974E-01   0.2375174969538977E-03   0.1293769474573440E-07   0.7970414481933360E-04   0.4502600429832000E-03
  0.2025000000000000E+01   0.1036414694442917E+01   0.4982541558829093E-03   0.1804457384073799E-01   0.2447113656345934E-03   0.1366700522611044E-07   0.7996714841623938E-04   0.4638565630076777E-03
  0.2075000000000000E+01   0.1036477338472870E+01   0.5131218266959869E-03   0.1807534199576977E-01   0.2520058219316537E-03   0.1442191287061134E-07   0.8023848070690858E-04   0.4776400773168436E-03
  0.2125000000000000E+01   0.1036541830751720E+01   0.5282041890283476E-03   0.1810701698922434E-01   0.2594050429935982E-03   0.1520307862233200E-07   0.8051829161378106E-04   0.4916183240807230E-03
  0.2175000000000000E+01   0.1036608197719800E+01   0.5435101516266482E-03   0.1813961172451561E-01   0.2669133709010966E-03   0.1601119635921570E-07   0.8080673750994883E-04   0.5057993452178522E-03
  0.2225000000000000E+01   0.1036676466893233E+01   0.5590489834422302E-03   0.1817313962944245E-01   0.2745353229636821E-03   0.1684699466312399E-07   0.8110398148924865E-04   0.5201915053344092E-03
  0.2275000000000000E+01   0.1036746666905929E+01   0.5748303363343306E-03   0.1820761467661658E-01   0.2822756027595105E-03   0.1771123872072348E-07   0.8141019365303140E-04   0.5348035120292317E-03
  0.2325000000000000E+01   0.1036818827554105E+01   0.5908642694419273E-03   0.1824305140511950E-01   0.2901391119863607E-03   0.1860473236773541E-07   0.8172555141481437E-04   0.5496444376901486E-03
  0.2375000000000000E+01   0.1036892979843489E+01   0.6071612753795200E-03   0.1827946494347055E-01   0.2981309631993936E-03   0.1952832028932504E-07   0.8205023982406966E-04   0.5647237429205377E-03
  0.2425000000000000E+01   0.1036969156039428E+01   0.6237323084291031E-03   0.1831687103399582E-01   0.3062564935194323E-03   0.2048289039079334E-07   0.8238445191051899E-04   0.5800513017501904E-03
  0.2475000000000000E+01   0.1037047389720058E+01   0.6405888149197084E-03   0.1835528605869841E-01   0.3145212794048307E-03   0.2146937635429191E-07   0.8272838905045083E-04   0.5956374288017104E-03
  0.2525000000000000E+01   0.1037127715832800E+01   0.6577427660074849E-03   0.1839472706673462E-01   0.3229311525904943E-03   0.2248876039904030E-07   0.8308226135667505E-04   0.6114929086029911E-03
  0.2575000000000000E+01   0.1037210170754385E+01   0.6752066930937469E-03   0.1843521180361551E-01   0.3314922173095223E-03   0.2354207626451249E-07   0.8344628809392335E-04   0.6276290272582564E-03
  0.2625000000000000E+01   0.1037294792354695E+01   0.6929937261461295E-03   0.1847675874225563E-01   0.3402108689264181E-03   0.2463041243830932E-07   0.8382069812159834E-04   0.6440576067149608E-03
  0.2675000000000000E+01   0.1037381620064681E+01   0.7111176352195263E-03   0.1851938711600942E-01   0.3490938141261567E-03   0.2575491565298764E-07   0.8420573036602059E-04   0.6607910418921217E-03
  0.2725000000000000E+01   0.1037470694948678E+01   0.7295928755093111E-03   0.1856311695384605E-01   0.3581480928208257E-03   0.2691679467901901E-07   0.8460163432450185E-04   0.6778423409677615E-03
  0.2775000000000000E+01   0.1037562059781455E+01   0.7484346363103211E-03   0.1860796911781959E-01   0.3673811019555020E-03   0.2811732444436074E-07   0.8500867060372774E-04   0.6952251691598818E-03
  0.2825000000000000E+01   0.1037655759130353E+01   0.7676588943018349E-03   0.1865396534302111E-01   0.3768006214177617E-03   0.2935785051489828E-07   0.8542711149530669E-04   0.7129538963773115E-03
  0.2875000000000000E+01   0.1037751839442917E+01   0.7872824716324161E-03   0.1870112828019765E-01   0.3864148422813325E-03   0.3063979397434283E-07   0.8585724159145164E-04   0.7310436491648821E-03
  0.2925000000000000E+01   0.1037850349140466E+01   0.8073230993400615E-03   0.1874948154125655E-01   0.3962323976443502E-03   0.3196465674712730E-07   0.8629935844419767E-04   0.7495103674226067E-03
  0.2975000000000000E+01   0.1037951338718052E+01   0.8277994867139900E-03   0.1879904974788182E-01   0.4062623963571827E-03   0.3333402741354859E-07   0.8675377327178675E-04   0.7683708664421469E-03
  0.3024999999999999E+01   0.1038054860851357E+01   0.8487313972861607E-03   0.1884985858351684E-01   0.4165144599745698E-03   0.3474958757297673E-07   0.8722081171627052E-04   0.7876429048772161E-03
  0.3075000000000000E+01   0.1038160970511069E+01   0.8701397322352371E-03   0.1890193484898894E-01   0.4269987633128796E-03   0.3621311881855049E-07   0.8770081465676756E-04   0.8073452593494903E-03
  0.3125000000000000E+01   0.1038269725085381E+01   0.8920466220953731E-03   0.1895530652207755E-01   0.4377260790466502E-03   0.3772651039557949E-07   0.8819413908326651E-04   0.8274978064900387E-03
  0.3175000000000000E+01   0.1038381184511261E+01   0.9144755277897105E-03   0.1901000282135379E-01   0.4487078268406509E-03   0.3929176762609759E-07   0.8870115903634482E-04   0.8481216133307724E-03
  0.3225000000000000E+01   0.1038495411415270E+01   0.9374513521570916E-03   0.1906605427465236E-01   0.4599561275860316E-03   0.4091102119392049E-07   0.8922226661875475E-04   0.8692390370938648E-03
  0.3275000000000000E+01   0.1038612471264692E+01   0.9610005633141736E-03   0.1912349279256875E-01   0.4714838633936656E-03   0.4258653739846866E-07   0.8975787308542748E-04   0.8908738355830862E-03
  0.3325000000000000E+01   0.1038732432529901E+01   0.9851513313987009E-03   0.1918235174740790E-01   0.4833047440968929E-03   0.4432072950190984E-07   0.9030841001910645E-04   0.9130512895638740E-03
  0.3375000000000000E+01   0.1038855366858891E+01   0.1009933680478866E-02   0.1924266605805247E-01   0.4954333811322925E-03   0.4611617031331039E-07   0.9087433059960692E-04   0.9357983387338572E-03
  0.3425000000000000E+01   0.1038981349265024E+01   0.1035379657695699E-02   0.1930447228125742E-01   0.5078853698044041E-03   0.4797560617603644E-07   0.9145611097550620E-04   0.9591437331389668E-03
  0.3475000000000000E+01   0.1039110458329126E+01   0.1061523522038665E-02   0.1936780870991872E-01   0.5206773811025567E-03   0.4990197255129170E-07   0.9205425174797121E-04   0.9831182021898051E-03
  0.3525000000000000E+01   0.1039242776417154E+01   0.1088401955549872E-02   0.1943271547890890E-01   0.5338272644303764E-03   0.5189841142227273E-07   0.9266927957743378E-04   0.1007754643788227E-02
  0.3574999999999999E+01   0.1039378389914730E+01   0.1116054300222226E-02   0.1949923467911896E-01   0.5473541628373547E-03   0.5396829078099211E-07   0.9330174892493744E-04   0.1033088336496620E-02
  0.3625000000000000E+01   0.1039517389479957E+01   0.1144522824417537E-02   0.1956741048038180E-01   0.5612786426148520E-03   0.5611522650464772E-07   0.9395224394108257E-04   0.1059157178186591E-02
  0.3675000000000000E+01   0.1039659870315982E+01   0.1173853023301491E-02   0.1963728926399888E-01   0.5756228394455883E-03   0.5834310698207222E-07   0.9462138051682397E-04   0.1086001955207182E-02
  0.3725000000000000E+01   0.1039805932464856E+01   0.1204093958597804E-02   0.1970891976561662E-01   0.5904106236878699E-03   0.6065612091523977E-07   0.9530980851161964E-04   0.1113666646837303E-02
  0.3775000000000000E+01   0.1039955681124255E+01   0.1235298643933679E-02   0.1978235322921895E-01   0.6056677878480692E-03   0.6305878879845266E-07   0.9601821417579498E-04   0.1142198770659641E-02
  0.3825000000000000E+01   0.1040109226988655E+01   0.1267524483220292E-02   0.1985764357300401E-01   0.6214222598654082E-03   0.6555599867170479E-07   0.9674732278534344E-04   0.1171649775547588E-02
  0.3874999999999999E+01   0.1040266686616453E+01   0.1300833770931479E-02   0.1993484756786645E-01   0.6377043465244096E-03   0.6815304685858173E-07   0.9749790150849979E-04   0.1202075490234324E-02
  0.3925000000000000E+01   0.1040428182824360E+01   0.1335294264868891E-02   0.2001402502914185E-01   0.6545470121505149E-03   0.7085568453761053E-07   0.9827076252459009E-04   0.1233536636986011E-02
  0.3975000000000000E+01   0.1040593845110110E+01   0.1370979844104178E-02   0.2009523902210275E-01   0.6719861987682859E-03   0.7367017116509926E-07   0.9906676641612610E-04   0.1266099421793752E-02
  0.4025000000000000E+01   0.1040763810103973E+01   0.1407971267357576E-02   0.2017855608144692E-01   0.6900611951527676E-03   0.7660333597457006E-07   0.9988682585509296E-04   0.1299836214811985E-02
  0.4074999999999999E+01   0.1040938222048756E+01   0.1446357050218108E-02   0.2026404644462065E-01   0.7088150637368436E-03   0.7966264903206952E-07   0.1007319096032671E-03   0.1334826337603843E-02
  0.4125000000000000E+01   0.1041117233306710E+01   0.1486234483470573E-02   0.2035178429819728E-01   0.7282951362175603E-03   0.8285630363941891E-07   0.1016030468434845E-03   0.1371156977230513E-02
  0.4175000000000000E+01   0.1041301004889867E+01   0.1527710819536421E-02   0.2044184803561722E-01   0.7485535910141829E-03   0.8619331226304906E-07   0.1025013318534369E-03   0.1408924251492748E-02
  0.4225000000000000E+01   0.1041489707007574E+01   0.1570904659863396E-02   0.2053432052323245E-01   0.7696481285695451E-03   0.8968361864195975E-07   0.1034279290242478E-03   0.1448234454882454E-02
  0.4275000000000000E+01   0.1041683519620861E+01   0.1615947583255758E-02   0.2062928936961583E-01   0.7916427639725274E-03   0.9333822931580800E-07   0.1043840782110610E-03   0.1489205521249818E-02
  0.4325000000000000E+01   0.1041882632987417E+01   0.1662986063904082E-02   0.2072684719020179E-01   0.8146087606502436E-03   0.9716936853843967E-07   0.1053711003791803E-03   0.1531968747089932E-02
  0.4375000000000000E+01   0.1042087248172312E+01   0.1712183738561345E-02   0.2082709185514586E-01   0.8386257340847995E-03   0.1011906614323758E-06   0.1063904034729700E-03   0.1576670828981885E-02
  0.4425000000000000E+01   0.1042297577487259E+01   0.1763724095229821E-02   0.2093012670224548E-01   0.8637829608020823E-03   0.1054173513271520E-06   0.1074434883795667E-03   0.1623476280351041E-02
  0.4475000000000000E+01   0.1042513844803276E+01   0.1817813671118926E-02   0.2103606068805131E-01   0.8901809353794744E-03   0.1098665585388449E-06   0.1085319547766824E-03   0.1672570306594077E-02
  0.4525000000000000E+01   0.1042736285655909E+01   0.1874685865563112E-02   0.2114500843774314E-01   0.9179332269523636E-03   0.1145575894095715E-06   0.1096575065302875E-03   0.1724162233753856E-02
  0.4575000000000000E+01   0.1042965147025086E+01   0.1934605493669264E-02   0.2125709013628163E-01   0.9471686964793069E-03   0.1195123062277000E-06   0.1108219561247891E-03   0.1778489604009351E-02
  0.4625000000000000E+01   0.1043200686618491E+01   0.1997874227417799E-02   0.2137243117742438E-01   0.9780341462294396E-03   0.1247555706268897E-06   0.1120272273379855E-03   0.1835823070095718E-02
  0.4675000000000000E+01   0.1043443171411316E+01   0.2064837089774236E-02   0.2149116145012075E-01   0.1010697482121612E-02   0.1303157750322823E-06   0.1132753549761775E-03   0.1896472237677181E-02
  0.4725000000000000E+01   0.1043692875087216E+01   0.2135890177917756E-02   0.2161341408916595E-01   0.1045351474668155E-02   0.1362254782793328E-06   0.1145684799066599E-03   0.1960792614083898E-02
  0.4774999999999999E+01   0.1043950073873765E+01   0.2211489782174577E-02   0.2173932344311602E-01   0.1082218199609941E-02   0.1425221618622735E-06   0.1159088367916309E-03   0.2029193813030117E-02
  0.4825000000000000E+01   0.1044215040057077E+01   0.2292163016244113E-02   0.2186902191079909E-01   0.1121554214432483E-02   0.1492491208506377E-06   0.1172987307475649E-03   0.2102149118587248E-02
  0.4875000000000000E+01   0.1044488032182423E+01   0.2378519944698408E-02   0.2200263516235079E-01   0.1163656463723583E-02   0.1564564956308231E-06   0.1187404975283270E-03   0.2180206394222601E-02
  0.4925000000000000E+01   0.1044769280597827E+01   0.2471266924552668E-02   0.2214027509023553E-01   0.1208868775048758E-02   0.1642024327194792E-06   0.1202364396901154E-03   0.2264000079029335E-02
  0.4975000000000000E+01   0.1045058966600840E+01   0.2571220376208448E-02   0.2228202964242332E-01   0.1257588562477136E-02   0.1725543278155787E-06   0.1217887285945206E-03   0.2354263559601683E-02
  0.5025000000000000E+01   0.1045357193092581E+01   0.2679319341233772E-02   0.2242794851654462E-01   0.1310272936651054E-02   0.1815900420706568E-06   0.1233992594029734E-03   0.2451840430468755E-02
  0.5074999999999999E+01   0.1045663944531398E+01   0.2796633844323292E-02   0.2257802363981964E-01   0.1367442767041288E-02   0.1913988822842964E-06   0.1250694443879073E-03   0.2557691945379387E-02
  0.5124999999999999E+01   0.1045979034483266E+01   0.2924364221444133E-02   0.2273216360631469E-01   0.1429682337911601E-02   0.2020819918926380E-06   0.1267999308783224E-03   0.2672896287752717E-02
  0.5175000000000000E+01   0.1046302040695855E+01   0.3063824456019610E-02   0.2289016203846983E-01   0.1497631207007533E-02   0.2137516262326375E-06   0.1285902368631667E-03   0.2798633380574365E-02
  0.5225000000000000E+01   0.1046632230738587E+01   0.3216400913904377E-02   0.2305166135910985E-01   0.1571964073462054E-02   0.2265286325076057E-06   0.1304383121865179E-03   0.2936147481688805E-02
  0.5274999999999999E+01   0.1046968485450632E+01   0.3383477696082317E-02   0.2321611550607594E-01   0.1653354381742156E-02   0.2405373970262516E-06   0.1323400551038055E-03   0.3086679685597581E-02
  0.5325000000000000E+01   0.1047309231345272E+01   0.3566321147887035E-02   0.2338275702001424E-01   0.1742418036371747E-02   0.2558975703002915E-06   0.1342888357577874E-03   0.3251363678905514E-02
  0.5375000000000000E+01   0.1047652396743493E+01   0.3765916386293174E-02   0.2355057569025876E-01   0.1839633759061455E-02   0.2727118638503107E-06   0.1362750990440152E-03   0.3431078385002540E-02
  0.5424999999999999E+01   0.1047995416254168E+01   0.3982746843347647E-02   0.2371832072894309E-01   0.1945235697506964E-02   0.2910490363003115E-06   0.1382861748419654E-03   0.3626249346283389E-02
  0.5475000000000001E+01   0.1048335333163347E+01   0.4216517547346137E-02   0.2388455060522077E-01   0.2059078606496085E-02   0.3109218493231684E-06   0.1403065722038926E-03   0.3836599265115989E-02
  0.5525000000000000E+01   0.1048669070277441E+01   0.4465873987017917E-02   0.2404776493153760E-01   0.2180500822301234E-02   0.3322635718367306E-06   0.1423191922429435E-03   0.4060894157825114E-02
  0.5574999999999999E+01   0.1048993889725144E+01   0.4728250085618493E-02   0.2420662844155830E-01   0.2308250090517887E-02   0.3549130147002539E-06   0.1443076853442451E-03   0.4296805534398005E-02
  0.5625000000000000E+01   0.1049307916194959E+01   0.4999974823788698E-02   0.2436022590106690E-01   0.2440535417797253E-02   0.3786185027392251E-06   0.1462593771807962E-03   0.4541005817291196E-02
  0.5675000000000000E+01   0.1049610522349217E+01   0.5276576645901253E-02   0.2450824978472488E-01   0.2575175283854471E-02   0.4030573577620008E-06   0.1481676343931391E-03   0.4789442058801146E-02
  0.5725000000000000E+01   0.1049902596710254E+01   0.5553049504102005E-02   0.2465113054650714E-01   0.2709726920000681E-02   0.4278536183722067E-06   0.1500336468305688E-03   0.5037573275221018E-02
  0.5775000000000000E+01   0.1050187035347581E+01   0.5824097184042305E-02   0.2479027613621376E-01   0.2841604433446134E-02   0.4525950528475833E-06   0.1518695976665576E-03   0.5280583949245939E-02
  0.5825000000000000E+01   0.1050469561946693E+01   0.6084939778684880E-02   0.2492847251090469E-01   0.2968470455200540E-02   0.4768950918953484E-06   0.1537043083449120E-03   0.5514101631950991E-02
  0.5875000000000000E+01   0.1050759078890594E+01   0.6333222802970091E-02   0.2507005703813592E-01   0.3089165837732823E-02   0.5005451834354484E-06   0.1555872763321884E-03   0.5735914745818303E-02
  0.5925000000000000E+01   0.1051066313548200E+01   0.6571409961578720E-02   0.2522026159537449E-01   0.3204877140914461E-02   0.5237136970348940E-06   0.1575834494493487E-03   0.5948142321316726E-02
  0.5975000000000000E+01   0.1051400600038258E+01   0.6807909818998365E-02   0.2538364545860028E-01   0.3319689098392799E-02   0.5470531387530191E-06   0.1597560823367344E-03   0.6158275941682868E-02
  0.6024999999999999E+01   0.1051766348230526E+01   0.7055695662543241E-02   0.2556237316346932E-01   0.3439915429414160E-02   0.5716089353995161E-06   0.1621452013333317E-03   0.6377959443052240E-02
  0.6075000000000000E+01   0.1052161113508483E+01   0.7328980959995296E-02   0.2575527106802999E-01   0.3572480281950812E-02   0.5985636166548713E-06   0.1647530442313062E-03   0.6620000592041989E-02
  0.6125000000000000E+01   0.1052575886726360E+01   0.7639600048033299E-02   0.2595796629580627E-01   0.3723154504865277E-02   0.6289430818895089E-06   0.1675416297727755E-03   0.6895105444923093E-02
  0.6175000000000000E+01   0.1052996939586394E+01   0.7994255072956693E-02   0.2616378433390465E-01   0.3895213997513009E-02   0.6633801564209095E-06   0.1704399078041624E-03   0.7209393863444693E-02
  0.6225000000000001E+01   0.1053408443917026E+01   0.8392817653916126E-02   0.2636502311259292E-01   0.4088612464824529E-02   0.7019553629049115E-06   0.1733564032026750E-03   0.7562869905469914E-02
  0.6274999999999999E+01   0.1053795647949232E+01   0.8827601953336863E-02   0.2655449672083399E-01   0.4299626557350458E-02   0.7441126011579820E-06   0.1761963408469590E-03   0.7948761492813206E-02
  0.6324999999999999E+01   0.1054148599027389E+01   0.9283988070336934E-02   0.2672734446635183E-01   0.4521155553309212E-02   0.7886860724482406E-06   0.1788839927246989E-03   0.8354052826513867E-02
  0.6375000000000000E+01   0.1054465772882330E+01   0.9743162200121350E-02   0.2688279704750030E-01   0.4744047825192392E-02   0.8341102151543329E-06   0.1813876911207260E-03   0.8761891703017723E-02
  0.6425000000000000E+01   0.1054755972021144E+01   0.1018715098054677E-01   0.2702510635862154E-01   0.4959543304966479E-02   0.8788383722008279E-06   0.1837381396701295E-03   0.9156051912972855E-02
  0.6475000000000000E+01   0.1055036759320416E+01   0.1060467582332573E-01   0.2716279469536165E-01   0.5162120297820409E-02   0.9218538762013926E-06   0.1860276418635478E-03   0.9526170243303780E-02
  0.6525000000000000E+01   0.1055329377238841E+01   0.1099504587149405E-01   0.2730619324770922E-01   0.5351396664286863E-02   0.9630345137677425E-06   0.1883858435642061E-03   0.9871288644121547E-02
  0.6574999999999999E+01   0.1055652442611242E+01   0.1136808704988489E-01   0.2746437740006669E-01   0.5532107633089487E-02   0.1003183939353702E-05   0.1909424764659815E-03   0.1019988125712129E-01
  0.6624999999999999E+01   0.1056017362959891E+01   0.1174055922346168E-01   0.2764293125765294E-01   0.5712372880866954E-02   0.1043750324693426E-05   0.1937950477544383E-03   0.1052671798688654E-01
  0.6675000000000000E+01   0.1056426901097909E+01   0.1213125823530097E-01   0.2784324030663177E-01   0.5901317321346542E-02   0.1086411690250275E-05   0.1969930741015224E-03   0.1086850174297642E-01
  0.6725000000000001E+01   0.1056876481203811E+01   0.1255684511948535E-01   0.2806311923976401E-01   0.6107039968893611E-02   0.1132706110337044E-05   0.2005395318802057E-03   0.1124011538584146E-01
  0.6774999999999999E+01   0.1057357083294045E+01   0.1302944192455341E-01   0.2829821602761085E-01   0.6335439331445635E-02   0.1183805158960134E-05   0.2044044518353824E-03   0.1165243032704396E-01
  0.6824999999999999E+01   0.1057858548575621E+01   0.1355632895027432E-01   0.2854361962455765E-01   0.6590060300613549E-02   0.1240469916922675E-05   0.2085444247816053E-03   0.1211199225016210E-01
  0.6875000000000000E+01   0.1058372097787566E+01   0.1414161085016354E-01   0.2879508870203717E-01   0.6872899669459480E-02   0.1303187479857716E-05   0.2129207483602549E-03   0.1262247702675834E-01
  0.6924999999999999E+01   0.1058890930863956E+01   0.1478902823734184E-01   0.2904935070418091E-01   0.7185772104720572E-02   0.1372421173132645E-05   0.2175078673696437E-03   0.1318719638731834E-01
  0.6975000000000001E+01   0.1059408448419292E+01   0.1550432035457786E-01   0.2930324558261566E-01   0.7531463842709427E-02   0.1448831233110054E-05   0.2222862095598511E-03   0.1381124604510494E-01
  0.7024999999999999E+01   0.1059914942660186E+01   0.1629543581158480E-01   0.2955212186344602E-01   0.7913846936710083E-02   0.1533303641491184E-05   0.2272211845489251E-03   0.1450177987700532E-01
  0.7075000000000000E+01   0.1060394726693990E+01   0.1716990735405473E-01   0.2978843745085902E-01   0.8336618828502854E-02   0.1626711666544423E-05   0.2322389644710554E-03   0.1526577947473576E-01
  0.7125000000000000E+01   0.1060825686056364E+01   0.1813031124736259E-01   0.3000152697679748E-01   0.8801108917079794E-02   0.1729483633530069E-05   0.2372130588200484E-03   0.1610609920558892E-01
  0.7174999999999999E+01   0.1061182127815935E+01   0.1916985980374215E-01   0.3017896253421992E-01   0.9304140591545704E-02   0.1841163522289341E-05   0.2419714246365195E-03   0.1701756358661276E-01
  0.7225000000000000E+01   0.1061440307349582E+01   0.2027030975836154E-01   0.3030921279914156E-01   0.9837003060125618E-02   0.1960175019337089E-05   0.2463252960117984E-03   0.1798501805315184E-01
  0.7274999999999999E+01   0.1061584725220917E+01   0.2140363673966964E-01   0.3038468501640290E-01   0.1038623586458339E-01   0.2083940768168786E-05   0.2501117065901033E-03   0.1898461274250822E-01
  0.7325000000000000E+01   0.1061612537763214E+01   0.2253746784416515E-01   0.3040387173855996E-01   0.1093623018231607E-01   0.2209375144385026E-05   0.2532337563830760E-03   0.1998836880441891E-01
  0.7374999999999999E+01   0.1061533785642263E+01   0.2364232080379645E-01   0.3037149071344336E-01   0.1147271688749180E-01   0.2333578922963549E-05   0.2556799151680183E-03   0.2097041822002387E-01
  0.7424999999999999E+01   0.1061367079395271E+01   0.2469729933441631E-01   0.3029642935695454E-01   0.1198553087766731E-01   0.2454414598327562E-05   0.2575116239674714E-03   0.2191205702494368E-01
  0.7475000000000001E+01   0.1061133068490190E+01   0.2569146591308545E-01   0.3018860020241121E-01   0.1246930217827959E-01   0.2570677160007207E-05   0.2588261396941119E-03   0.2280314155086182E-01
  0.7525000000000000E+01   0.1060849399274340E+01   0.2662073311772999E-01   0.3005649202869276E-01   0.1292197725257794E-01   0.2681820268492787E-05   0.2597168757882403E-03   0.2363954718893856E-01
  0.7575000000000000E+01   0.1060529692544992E+01   0.2748284843059512E-01   0.2990665214045163E-01   0.1334239776657312E-01   0.2787473281355875E-05   0.2602537605990945E-03   0.2441881169491346E-01
  0.7625000000000001E+01   0.1060186388826717E+01   0.2827383387619692E-01   0.2974504718093907E-01   0.1372856026528130E-01   0.2887081439994885E-05   0.2604920584182659E-03   0.2513688646740617E-01
  0.7675000000000000E+01   0.1059835219176995E+01   0.2898792726835410E-01   0.2957923292878850E-01   0.1407756020189612E-01   0.2979888194819684E-05   0.2605018489047189E-03   0.2578788325988212E-01
  0.7725000000000000E+01   0.1059498608589317E+01   0.2962105328800218E-01   0.2942003168965379E-01   0.1438725319896059E-01   0.3065282932997402E-05   0.2604019731866511E-03   0.2636698012452928E-01
  0.7775000000000000E+01   0.1059206096781991E+01   0.3017637678658739E-01   0.2928177946921218E-01   0.1465894830186782E-01   0.3143383746194553E-05   0.2603825758474630E-03   0.2687532929346597E-01
  0.7824999999999999E+01   0.1058991043568519E+01   0.3066984888389619E-01   0.2918077001115060E-01   0.1490012725537220E-01   0.3215648098411134E-05   0.2607052343859092E-03   0.2732517455985691E-01
  0.7874999999999999E+01   0.1058884060616680E+01   0.3113363003716893E-01   0.2913209127126715E-01   0.1512615839173286E-01   0.3285287630326882E-05   0.2616761900534658E-03   0.2774327042366832E-01
  0.7925000000000000E+01   0.1058904678494349E+01   0.3161577415971410E-01   0.2914557492815550E-01   0.1536020507201870E-01   0.3357302525195318E-05   0.2635959277888207E-03   0.2817105488607655E-01
  0.7974999999999999E+01   0.1059053450935749E+01   0.3217562217997046E-01   0.2922192961777426E-01   0.1563104188419286E-01   0.3438054927312492E-05   0.2666960619121176E-03   0.2866094528838357E-01
  0.8024999999999999E+01   0.1059306586204144E+01   0.3287567545280533E-01   0.2935008607442224E-01   0.1596914203319376E-01   0.3534441655561851E-05   0.2710784265404176E-03   0.2926936081443780E-01
  0.8074999999999999E+01   0.1059614264070789E+01   0.3377157355331376E-01   0.2950633026956950E-01   0.1640182899335398E-01   0.3652826147332084E-05   0.2766685796996723E-03   0.3004794485356893E-01
  0.8125000000000000E+01   0.1059902749550125E+01   0.3490170452116752E-01   0.2965527854498418E-01   0.1694824726703070E-01   0.3797889751183157E-05   0.2831890111041337E-03   0.3103444168329448E-01
  0.8174999999999999E+01   0.1060080107711820E+01   0.3627730425819296E-01   0.2975258236968892E-01   0.1761457309226205E-01   0.3971495508034330E-05   0.2901528213533930E-03   0.3224403130588428E-01
  0.8225000000000000E+01   0.1060045908837743E+01   0.3787366891282366E-01   0.2974952861053004E-01   0.1838974811861661E-01   0.4171630938715911E-05   0.2968814512450342E-03   0.3366154152781878E-01
  0.8275000000000000E+01   0.1059705922150506E+01   0.3962412551136370E-01   0.2960001717880201E-01   0.1924248487288172E-01   0.4391605785514231E-05   0.3025585423831898E-03   0.3523564211396227E-01
  0.8325000000000001E+01   0.1058991921601091E+01   0.4142045964290826E-01   0.2927002651750366E-01   0.2012127943871679E-01   0.4619915443684719E-05   0.3063369745699107E-03   0.3687786146567556E-01
  0.8375000000000000E+01   0.1057883233608177E+01   0.4312476713360087E-01   0.2874804887071591E-01   0.2095982936781269E-01   0.4841353011562806E-05   0.3075037505486914E-03   0.3847070848636580E-01
  0.8424999999999999E+01   0.1056421554030151E+01   0.4459516051044410E-01   0.2805251473318915E-01   0.2168914519022304E-01   0.5039721502959451E-05   0.3056697605907524E-03   0.3988779346397670E-01
  0.8475000000000000E+01   0.1054708351307450E+01   0.4571992211334740E-01   0.2723103056911569E-01   0.2225396271762606E-01   0.5201651539506104E-05   0.3009049804971924E-03   0.4102280968283634E-01
  0.8524999999999999E+01   0.1052880243171614E+01   0.4644571682844833E-01   0.2634897053621188E-01   0.2262666897993913E-01   0.5319970245185778E-05   0.2937305254353533E-03   0.4181608979937774E-01
  0.8574999999999999E+01   0.1051071053385598E+01   0.4678446380923108E-01   0.2547130835846634E-01   0.2281120077563252E-01   0.5394813902605996E-05   0.2849434407536520E-03   0.4226471166646421E-01
  0.8625000000000000E+01   0.1049379339604942E+01   0.4679481365276054E-01   0.2464665081492701E-01   0.2283461016319306E-01   0.5431839109135095E-05   0.2753549174774997E-03   0.4241016445648952E-01
  0.8674999999999999E+01   0.1047857064474988E+01   0.4654976675549889E-01   0.2390125928227738E-01   0.2273157022393390E-01   0.5438675060227936E-05   0.2655787172066710E-03   0.4231138042046890E-01
  0.8725000000000000E+01   0.1046521299172796E+01   0.4610887781081442E-01   0.2324431728480825E-01   0.2253072752613223E-01   0.5421692015279880E-05   0.2559661744656591E-03   0.4201904414396727E-01
  0.8775000000000000E+01   0.1045377969210663E+01   0.4550792302916667E-01   0.2267932573019693E-01   0.2224936100897212E-01   0.5384667117501055E-05   0.2466894682009068E-03   0.4156407163629600E-01
  0.8824999999999999E+01   0.1044442519972526E+01   0.4476732645261349E-01   0.2221426753532030E-01   0.2189723225080433E-01   0.5329643144243921E-05   0.2378980188956767E-03   0.4096329875490444E-01
  0.8875000000000000E+01   0.1043746806256195E+01   0.4391081855334724E-01   0.2186517614818184E-01   0.2148562235913776E-01   0.5259088656609785E-05   0.2298497698467687E-03   0.4023585443523352E-01
  0.8925000000000001E+01   0.1043330472688792E+01   0.4298193874435820E-01   0.2165207641456290E-01   0.2103550696789125E-01   0.5177920764114418E-05   0.2229481576282870E-03   0.3941901474087666E-01
  0.8975000000000000E+01   0.1043223661999295E+01   0.4204914568922855E-01   0.2159052856786858E-01   0.2058023469940336E-01   0.5094234969371263E-05   0.2176760877987506E-03   0.3857423440178435E-01
  0.9024999999999999E+01   0.1043431338636624E+01   0.4119812203464335E-01   0.2168382575910210E-01   0.2016187444488196E-01   0.5018481283381606E-05   0.2144747305485890E-03   0.3778097478197915E-01
  0.9074999999999999E+01   0.1043926302478447E+01   0.4051690965142739E-01   0.2191941488515758E-01   0.1982392596777342E-01   0.4961699899922388E-05   0.2136328412047486E-03   0.3712298714225950E-01
  0.9125000000000000E+01   0.1044651557914114E+01   0.4008132920708379E-01   0.2226996334683062E-01   0.1960408240689216E-01   0.4933709618956768E-05   0.2152273586162598E-03   0.3667417409354886E-01
  0.9175000000000001E+01   0.1045528235780142E+01   0.3994509132801363E-01   0.2269723220059294E-01   0.1952928494881208E-01   0.4941816412321433E-05   0.2191168708397345E-03   0.3648870254994635E-01
  0.9225000000000000E+01   0.1046464856107044E+01   0.4013485558113611E-01   0.2315665257311950E-01   0.1961325056148618E-01   0.4990110281518543E-05   0.2249662795850266E-03   0.3659603703561049E-01
  0.9274999999999999E+01   0.1047365912430680E+01   0.4064826282791727E-01   0.2360156004358238E-01   0.1985551039321715E-01   0.5079128094911821E-05   0.2322812906950491E-03   0.3699912645888327E-01
  0.9325000000000001E+01   0.1048140144307583E+01   0.4145319413398614E-01   0.2398722903060868E-01   0.2024106988777056E-01   0.5205668363744939E-05   0.2404451879774520E-03   0.3767389482520772E-01
  0.9375000000000000E+01   0.1048709957708746E+01   0.4248823122294593E-01   0.2427541773040365E-01   0.2074062819797611E-01   0.5362747819544950E-05   0.2487651118852640E-03   0.3856963971004592E-01
  0.9424999999999999E+01   0.1049022765687780E+01   0.4366624980409343E-01   0.2443983619304224E-01   0.2131225683606914E-01   0.5539939123079972E-05   0.2565421825557824E-03   0.3961176737779812E-01
  0.9475000000000001E+01   0.1049062711816290E+01   0.4488397760749771E-01   0.2447185453442291E-01   0.2190591054738907E-01   0.5724462580372735E-05   0.2631738198105309E-03   0.4070934999962537E-01
  0.9525000000000000E+01   0.1048858351662011E+01   0.4603893724635094E-01   0.2438436177616166E-01   0.2247151507004893E-01   0.5903254827682817E-05   0.2682760354807443E-03   0.4176915149625245E-01
  0.9574999999999999E+01   0.1048480643110356E+01   0.4705117228717835E-01   0.2421103281112824E-01   0.2296947151508322E-01   0.6065742612010462E-05   0.2717867674840446E-03   0.4271455675980806E-01
  0.9625000000000000E+01   0.1048028319224219E+01   0.4788259086116066E-01   0.2399948836967680E-01   0.2338018300057707E-01   0.6206443934855611E-05   0.2739993569123077E-03   0.4350368007191898E-01
  0.9674999999999999E+01   0.1047603954395752E+01   0.4854561970305885E-01   0.2379980942545634E-01   0.2370855085932378E-01   0.6326305718156886E-05   0.2754970738550563E-03   0.4413917406722925E-01
  0.9725000000000000E+01   0.1047289489223481E+01   0.4909732526480443E-01   0.2365257713606983E-01   0.2398143977821400E-01   0.6432192830657683E-05   0.2770079429088527E-03   0.4466536748014070E-01
  0.9775000000000000E+01   0.1047130064041114E+01   0.4962241350723578E-01   0.2358078484307513E-01   0.2423961754755067E-01   0.6534866526303122E-05   0.2792386172227481E-03   0.4515464352395224E-01
  0.9824999999999999E+01   0.1047129787964416E+01   0.5021304260894366E-01   0.2358751904734069E-01   0.2452796740608817E-01   0.6646428111425975E-05   0.2827469072297322E-03   0.4568966762444685E-01
  0.9874999999999998E+01   0.1047257021114945E+01   0.5095254019233587E-01   0.2365834508391029E-01   0.2488747365614415E-01   0.6778164583348512E-05   0.2878802781398281E-03   0.4634815547098173E-01
  0.9924999999999999E+01   0.1047453853786382E+01   0.5190597427340605E-01   0.2376584343660881E-01   0.2535051086446021E-01   0.6939232253312008E-05   0.2947714551244646E-03   0.4719352153106189E-01
  0.9975000000000000E+01   0.1047645136044250E+01   0.5311661895964142E-01   0.2387400097941139E-01   0.2593904079448811E-01   0.7136101339578612E-05   0.3033636800033803E-03   0.4827108507544882E-01
  0.1002500000000000E+02   0.1047744750872938E+01   0.5460546023605699E-01   0.2394127688731817E-01   0.2666435149584568E-01   0.7372412032149847E-05   0.3134383532998435E-03   0.4960746726702497E-01
  0.1007500000000000E+02   0.1047659106444061E+01   0.5637079252208740E-01   0.2392228031833765E-01   0.2752689027557917E-01   0.7648854485504149E-05   0.3246275262139141E-03   0.5121045481700910E-01
  0.1012500000000000E+02   0.1047289428924133E+01   0.5838582415545432E-01   0.2376879334297155E-01   0.2851514157059022E-01   0.7962780720419546E-05   0.3364053619782131E-03   0.5306721301735774E-01
  0.1017500000000000E+02   0.1046535423972631E+01   0.6059354363917507E-01   0.2343137008501062E-01   0.2960312992660265E-01   0.8307421409836482E-05   0.3480639556563079E-03   0.5513977988092571E-01
  0.1022500000000000E+02   0.1045303287651048E+01   0.6289986259449386E-01   0.2286297394222236E-01   0.3074696425468952E-01   0.8670811639414222E-05   0.3586904686552548E-03   0.5735818147789052E-01
  0.1027500000000000E+02   0.1043520524840577E+01   0.6516829608224912E-01   0.2202592023242023E-01   0.3188191942696968E-01   0.9034840348837858E-05   0.3671742982600641E-03   0.5961340062744414E-01
  0.1032500000000000E+02   0.1041157828014176E+01   0.6722172635183228E-01   0.2090241068843013E-01   0.3292269939224765E-01   0.9375181606861247E-05   0.3722806220319950E-03   0.6175468401315919E-01
  0.1037500000000000E+02   0.1038253860830203E+01   0.6885764413051658E-01   0.1950688015353830E-01   0.3377007329276021E-01   0.9663051649545491E-05   0.3728197469927540E-03   0.6359735110889776E-01
  0.1042500000000000E+02   0.1034933224145686E+01   0.6988031284303818E-01   0.1789561829794106E-01   0.3432587368825082E-01   0.9869425110975617E-05   0.3679079207334277E-03   0.6494633722907203E-01
  0.1047500000000000E+02   0.1031404931443042E+01   0.7014523755710028E-01   0.1616740232885583E-01   0.3451460723712510E-01   0.9971285691114346E-05   0.3572551243300780E-03   0.6563502894657290E-01
  0.1052500000000000E+02   0.1027933384221889E+01   0.6960115691761530E-01   0.1445069221248585E-01   0.3430484963533186E-01   0.9957993004853549E-05   0.3413601618298585E-03   0.6556921640126878E-01
  0.1057500000000000E+02   0.1024786875936257E+01   0.6831045227323627E-01   0.1287905359963837E-01   0.3372093244028986E-01   0.9834994998969796E-05   0.3214975172987773E-03   0.6475817748282262E-01
  0.1062500000000000E+02   0.1022182258423072E+01   0.6643682518560635E-01   0.1156346195961233E-01   0.3283868372277117E-01   0.9622964240203782E-05   0.2994695493210404E-03   0.6331716194874580E-01
  0.1067500000000000E+02   0.1020247326097518E+01   0.6420562153247920E-01   0.1057234565999954E-01   0.3176695948994471E-01   0.9352715530746393E-05   0.2772200013597679E-03   0.6143920059811841E-01
  0.1072500000000000E+02   0.1019011871116970E+01   0.6185486794144611E-01   0.9925575743683579E-02   0.3062347831715112E-01   0.9058285629791665E-05   0.2564665958863460E-03   0.5934964704211422E-01
  0.1077500000000000E+02   0.1018423287263671E+01   0.5959527065303343E-01   0.9601099027454429E-02   0.2951426593653739E-01   0.8770885817818091E-05   0.2384712349100920E-03   0.5726253315106985E-01
  0.1082500000000000E+02   0.1018373973301006E+01   0.5758800507346418E-01   0.9548146031909344E-02   0.2852167343371257E-01   0.8515244065695885E-05   0.2239740454381755E-03   0.5535169008562103E-01
  0.1087500000000000E+02   0.1018728481928312E+01   0.5593901527039234E-01   0.9700854457441066E-02   0.2770078633856904E-01   0.8308364767830491E-05   0.2132454476464260E-03   0.5373910333017804E-01
  0.1092500000000000E+02   0.1019344017097194E+01   0.5470345897111352E-01   0.9988816562712666E-02   0.2708122014523160E-01   0.8159881756908527E-05   0.2061896964517740E-03   0.5249576563138756E-01
  0.1097500000000000E+02   0.1020083363870269E+01   0.5389389089753547E-01   0.1034385706712637E-01   0.2667106377722788E-01   0.8073076337282272E-05   0.2024497262479644E-03   0.5164849228465090E-01
  0.1102500000000000E+02   0.1020822372957605E+01   0.5348817818709493E-01   0.1070398716486576E-01   0.2646085246835479E-01   0.8045936890994322E-05   0.2014902237322949E-03   0.5118783269754611E-01
  0.1107500000000000E+02   0.1021454856414545E+01   0.5343580314182878E-01   0.1101594023827257E-01   0.2642678567918287E-01   0.8072020752718229E-05   0.2026574914512955E-03   0.5107484744196620E-01
  0.1112500000000000E+02   0.1021897070450510E+01   0.5366316386196483E-01   0.1123740663126549E-01   0.2653341515556317E-01   0.8141180134757375E-05   0.2052265428174300E-03   0.5124670943826047E-01
  0.1117500000000000E+02   0.1022092580149484E+01   0.5407948822252658E-01   0.1133942084767847E-01   0.2673656692685753E-01   0.8240382394768163E-05   0.2084489755435908E-03   0.5162237501464539E-01
  0.1122500000000000E+02   0.1022016709469170E+01   0.5458494957532644E-01   0.1130856969470861E-01   0.2698728716983206E-01   0.8354871454005195E-05   0.2116110409206662E-03   0.5210985291754817E-01
  0.1127500000000000E+02   0.1021678530208690E+01   0.5508148274014200E-01   0.1114805536146402E-01   0.2723710066398315E-01   0.8469770032912257E-05   0.2141015217053236E-03   0.5261585189232219E-01
  0.1132500000000000E+02   0.1021118137432093E+01   0.5548495399171404E-01   0.1087650561296849E-01   0.2744398236759368E-01   0.8571948133754789E-05   0.2154770527853224E-03   0.5305702065158071E-01
  0.1137500000000000E+02   0.1020398255668694E+01   0.5573564754834456E-01   0.1052401233926115E-01   0.2757759680510815E-01   0.8651711228038026E-05   0.2155047544459841E-03   0.5337032478434701E-01
  0.1142500000000000E+02   0.1019591612524646E+01   0.5580369184409067E-01   0.1012602942621732E-01   0.2762214328631294E-01   0.8703777388740738E-05   0.2141648375221973E-03   0.5351942352938726E-01
  0.1147500000000000E+02   0.1018767638942258E+01   0.5568762083680824E-01   0.9716825169414189E-02   0.2757586060203798E-01   0.8727220753517208E-05   0.2116097960542511E-03   0.5349493753044605E-01
  0.1152500000000000E+02   0.1017982490742201E+01   0.5540697988562091E-01   0.9324456799660208E-02   0.2744755638900494E-01   0.8724465152726180E-05   0.2080943783956043E-03   0.5330883554956060E-01
  0.1157500000000000E+02   0.1017274846703708E+01   0.5499211754823853E-01   0.8968532319445499E-02   0.2725165145726651E-01   0.8699774940390205E-05   0.2039011189093114E-03   0.5298543989549855E-01
  0.1162500000000000E+02   0.1016667465060282E+01   0.5447486857192418E-01   0.8660823754870206E-02   0.2700356120164083E-01   0.8657812896937325E-05   0.1992845121242819E-03   0.5255248572572856E-01
  0.1167500000000000E+02   0.1016172480194027E+01   0.5388276835082590E-01   0.8407787163602132E-02   0.2671675538245525E-01   0.8602700346703787E-05   0.1944459808204353E-03   0.5203501223527585E-01
  0.1172500000000000E+02   0.1015797649080838E+01   0.5323764363330671E-01   0.8213624629411109E-02   0.2640196597862644E-01   0.8537747581921142E-05   0.1895388315480433E-03   0.5145328932327412E-01
  0.1177500000000000E+02   0.1015551127730076E+01   0.5255780979080265E-01   0.8082674682067248E-02   0.2606820408225869E-01   0.8465765226760356E-05   0.1846930163803592E-03   0.5082437257625324E-01
  0.1182500000000000E+02   0.1015443385847232E+01   0.5186214053363909E-01   0.8020410739370876E-02   0.2572474722788541E-01   0.8389700506356518E-05   0.1800456794663115E-03   0.5016578688411540E-01
  0.1187500000000000E+02   0.1015486073618407E+01   0.5117404890545536E-01   0.8032924357729065E-02   0.2538312373976329E-01   0.8313288982368196E-05   0.1757646600591588E-03   0.4949944558646242E-01
  0.1192500000000000E+02   0.1015688672815229E+01   0.5052382730105343E-01   0.8125285667466287E-02   0.2505830774178146E-01   0.8241463100708680E-05   0.1720569027777214E-03   0.4885418013738123E-01
  0.1197500000000000E+02   0.1016054326715801E+01   0.4994861703211916E-01   0.8299468041854885E-02   0.2476874114052680E-01   0.8180383210687435E-05   0.1691601302493600E-03   0.4826600337868819E-01
  0.1202500000000000E+02   0.1016576225445214E+01   0.4949017918367155E-01   0.8552529119735253E-02   0.2453525114198394E-01   0.8137102470380297E-05   0.1673218103257175E-03   0.4777613855012134E-01
  0.1207500000000000E+02   0.1017235428471044E+01   0.4919126552427295E-01   0.8875501005431552E-02   0.2437925466286455E-01   0.8118985311160311E-05   0.1667723909149656E-03   0.4742754434989804E-01
  0.1212500000000000E+02   0.1018000336830953E+01   0.4909154388630801E-01   0.9253107362193758E-02   0.2432072962084544E-01   0.8133033088101515E-05   0.1676993432032566E-03   0.4726090840930881E-01
  0.1217500000000000E+02   0.1018827517345698E+01   0.4922377167185539E-01   0.9664162876232618E-02   0.2437630921336829E-01   0.8185234242732833E-05   0.1702257723202630E-03   0.4731087519325086E-01
  0.1222500000000000E+02   0.1019663415175141E+01   0.4961047210102409E-01   0.1008241873895832E-01   0.2455763568430410E-01   0.8279986188198964E-05   0.1743941196606440E-03   0.4760283769285527E-01
  0.1227500000000000E+02   0.1020446653409950E+01   0.5026101155310859E-01   0.1047769230505158E-01   0.2486992634070707E-01   0.8419575429577711E-05   0.1801534246844695E-03   0.4815022409466889E-01
  0.1232500000000000E+02   0.1021110958837091E+01   0.5116886897641334E-01   0.1081728687047323E-01   0.2531064201267966E-01   0.8603680642237147E-05   0.1873484854866802E-03   0.4895203479414780E-01
  0.1237500000000000E+02   0.1021589081160514E+01   0.5230907815106498E-01   0.1106787439065116E-01   0.2586823272502380E-01   0.8828891085602906E-05   0.1957109880264187E-03   0.4999049450061802E-01
  0.1242500000000000E+02   0.1021818205214813E+01   0.5363626605930161E-01   0.1119808961700364E-01   0.2652114685047349E-01   0.9088304928863450E-05   0.2048556736621459E-03   0.5122904922712635E-01
  0.1247500000000000E+02   0.1021747125575070E+01   0.5508427206663347E-01   0.1118198687120109E-01   0.2723756592869855E-01   0.9371369051298540E-05   0.2142878503934696E-03   0.5261145650109911E-01
  0.1252500000000000E+02   0.1021344750481882E+01   0.5656875584752035E-01   0.1100318380052312E-01   0.2797654683681080E-01   0.9664202803221991E-05   0.2234303794286013E-03   0.5406319060354473E-01
  0.1257500000000000E+02   0.1020608397739032E+01   0.5799410108092782E-01   0.1065898525805076E-01   0.2869123113080533E-01   0.9950648150249790E-05   0.2316764827455251E-03   0.5549649161523629E-01
  0.1262500000000000E+02   0.1019569255886351E+01   0.5926493057055441E-01   0.1016323384575424E-01   0.2933433359325954E-01   0.1021413998544889E-04   0.2384675524648384E-03   0.5681976039170920E-01
  0.1267500000000000E+02   0.1018292077166156E+01   0.6030067618169769E-01   0.9546437376902528E-02   0.2986523152831707E-01   0.1044018143726598E-04   0.2433833705910111E-03   0.5795049802454218E-01
  0.1272500000000000E+02   0.1016867359634230E+01   0.6104962550379803E-01   0.8852240872627037E-02   0.3025697075866726E-01   0.1061884860038547E-04   0.2462208294748970E-03   0.5882904757461861E-01
  0.1277500000000000E+02   0.1015396898120393E+01   0.6149799394938359E-01   0.8130551836297517E-02   0.3050100695657211E-01   0.1074655531437896E-04   0.2470342624525740E-03   0.5942909688357814E-01
  0.1282500000000000E+02   0.1013976408870008E+01   0.6167080719530638E-01   0.7429034467768325E-02   0.3060801559480936E-01   0.1082646659013467E-04   0.2461208124501233E-03   0.5976134577077091E-01
  0.1287500000000000E+02   0.1012680240265323E+01   0.6162434933144839E-01   0.6785417214464351E-02   0.3060451029473008E-01   0.1086743033131078E-04   0.2439542210101977E-03   0.5986905861239859E-01
  0.1292500000000000E+02   0.1011552138480863E+01   0.6143297313475769E-01   0.6222643139768502E-02   0.3052653085954477E-01   0.1088183650247026E-04   0.2410888837648154E-03   0.5981720636551018E-01
  0.1297500000000000E+02   0.1010603409919555E+01   0.6117451074846506E-01   0.5747645962868475E-02   0.3041245534803050E-01   0.1088311060948838E-04   0.2380629040524143E-03   0.5967886453397876E-01
  0.1302500000000000E+02   0.1009817255565168E+01   0.6091794608926418E-01   0.5353246804148171E-02   0.3029678686715951E-01   0.1088349785480225E-04   0.2353227095845641E-03   0.5952262354600479E-01
  0.1307500000000000E+02   0.1009156734856907E+01   0.6071527405712553E-01   0.5021956931573701E-02   0.3020594407832390E-01   0.1089251844062951E-04   0.2331791035600969E-03   0.5940342892917285E-01
  0.1312500000000000E+02   0.1008573855827619E+01   0.6059776496672396E-01   0.4730438502264844E-02   0.3015623029051257E-01   0.1091617666395907E-04   0.2317933394763206E-03   0.5935758836659332E-01
  0.1317500000000000E+02   0.1008018064893032E+01   0.6057585619566545E-01   0.4453735322801355E-02   0.3015363180276202E-01   0.1095681789562141E-04   0.2311859787364407E-03   0.5940149729617040E-01
  0.1322500000000000E+02   0.1007443246047154E+01   0.6064162880573529E-01   0.4168800706026987E-02   0.3019493772516055E-01   0.1101346589412292E-04   0.2312604951800706E-03   0.5953316291695817E-01
  0.1327500000000000E+02   0.1006812879109742E+01   0.6077296704512059E-01   0.3857129087491362E-02   0.3026972926932509E-01   0.1108248771890290E-04   0.2318353025892847E-03   0.5973562640800464E-01
  0.1332500000000000E+02   0.1006103229084315E+01   0.6093870314102103E-01   0.3506419493248147E-02   0.3036288655322899E-01   0.1115846529128195E-04   0.2326797492212259E-03   0.5998156335204659E-01
  0.1337500000000000E+02   0.1005304503094445E+01   0.6110413590936000E-01   0.3111235462448514E-02   0.3045730809763592E-01   0.1123516615490918E-04   0.2335504917730416E-03   0.6023845750801530E-01
  0.1342500000000000E+02   0.1004419999102909E+01   0.6123627447398916E-01   0.2672667601822498E-02   0.3053652326060367E-01   0.1130649709641469E-04   0.2342245761377288E-03   0.6047373598535802E-01
  0.1347500000000000E+02   0.1003463479418675E+01   0.6130811126539561E-01   0.2197103869114647E-02   0.3058685313932136E-01   0.1136731157354264E-04   0.2345253002573366E-03   0.6065920102870195E-01
  0.1352500000000000E+02   0.1002455303656372E+01   0.6130130900320523E-01   0.1694359959660829E-02   0.3059880910464240E-01   0.1141395064475815E-04   0.2343374216649348E-03   0.6077412469031578E-01
  0.1357500000000000E+02   0.1001418122392874E+01   0.6120696192902816E-01   0.1175557694797602E-02   0.3056754704936911E-01   0.1144444193102875E-04   0.2336099446317445E-03   0.6080657809408824E-01
  0.1362500000000000E+02   0.1000373020152968E+01   0.6102450977785700E-01   0.6511912348052817E-03   0.3049239850629301E-01   0.1145835544453567E-04   0.2323472687054950E-03   0.6075293382087960E-01
  0.1367500000000000E+02   0.9993368375870575E+00   0.6075929871966338E-01   0.1297521953311787E-03   0.3037570804502811E-01   0.1145639389643595E-04   0.2305920070594992E-03   0.6061589319465880E-01
  0.1372500000000000E+02   0.9983210489218960E+00   0.6041954499644733E-01  -0.3828840295669877E-03   0.3022134376810453E-01   0.1143984964173236E-04   0.2284043467243753E-03   0.6040170003065266E-01
  0.1377500000000000E+02   0.9973321549148007E+00   0.6001348879613007E-01  -0.8833139145967284E-03   0.3003327320618895E-01   0.1141007414606252E-04   0.2258429544633451E-03   0.6011730861884206E-01
  0.1382500000000000E+02   0.9963732097595736E+00   0.5954735356669522E-01  -0.1369880631637677E-02   0.2981451911562570E-01   0.1136808052370935E-04   0.2229512971665674E-03   0.5976816943289108E-01
  0.1387500000000000E+02   0.9954459110261202E+00   0.5902443916647666E-01  -0.1841646302448430E-02   0.2956667093343860E-01   0.1131435007067724E-04   0.2197514148332848E-03   0.5935704958739493E-01
  0.1392500000000000E+02   0.9945526540987457E+00   0.5844537275215274E-01  -0.2297360535978954E-02   0.2928997601106396E-01   0.1124885742040335E-04   0.2162452687086232E-03   0.5888400895782316E-01
  0.1397500000000000E+02   0.9936980531055722E+00   0.5780928705180188E-01  -0.2734679301999554E-02   0.2898390521157415E-01   0.1117127928846471E-04   0.2124222053008675E-03   0.5834738210575651E-01
  0.1402500000000000E+02   0.9928896133104862E+00   0.5711552680632977E-01  -0.3149800045254225E-02   0.2864799887130617E-01   0.1108131634463400E-04   0.2082700300781752E-03   0.5774541567012839E-01
  0.1407500000000000E+02   0.9921374619780359E+00   0.5636541545550325E-01  -0.3537568953084436E-02   0.2828275994122725E-01   0.1097904039904903E-04   0.2037867450997515E-03   0.5707810387521269E-01
  0.1412500000000000E+02   0.9914532636975150E+00   0.5556364859141968E-01  -0.3892005529839260E-02   0.2789037378470921E-01   0.1086518144921422E-04   0.1989901842897478E-03   0.5634876191250517E-01
  0.1417500000000000E+02   0.9908486186096546E+00   0.5471900699778472E-01  -0.4207100146643494E-02   0.2747509397076581E-01   0.1074129010472387E-04   0.1939235203759555E-03   0.5556497514696850E-01
  0.1422500000000000E+02   0.9903333298749075E+00   0.5384426831508776E-01  -0.4477691905226289E-02   0.2704322538895923E-01   0.1060974522308614E-04   0.1886557450512418E-03   0.5473873707648016E-01
  0.1427500000000000E+02   0.9899139120482099E+00   0.5295539206477062E-01  -0.4700237331279888E-02   0.2660273520149352E-01   0.1047361488368897E-04   0.1832774464213767E-03   0.5388579350766766E-01
  0.1432500000000000E+02   0.9895926077997166E+00   0.5207020416551612E-01  -0.4873329925060954E-02   0.2616260106946732E-01   0.1033641034415605E-04   0.1778931946782000E-03   0.5302438672320485E-01
  0.1437500000000000E+02   0.9893670274563889E+00   0.5120687798250448E-01  -0.4997906728592683E-02   0.2573204535386678E-01   0.1020178939719537E-04   0.1726123566680376E-03   0.5217369519585593E-01
  0.1442500000000000E+02   0.9892303753289551E+00   0.5038249394382714E-01  -0.5077154962973340E-02   0.2531979951769633E-01   0.1007326540649187E-04   0.1675401328891511E-03   0.5135227491983785E-01
  0.1447500000000000E+02   0.9891721192652021E+00   0.4961188186012084E-01  -0.5116188211627626E-02   0.2493350543664996E-01   0.9953964912951485E-05   0.1627701687426114E-03   0.5057674348146104E-01
  0.1452500000000000E+02   0.9891789125631103E+00   0.4890684607305876E-01  -0.5121587855635656E-02   0.2457930812250955E-01   0.9846456967221040E-05   0.1583794572555472E-03   0.4986084353199841E-01
  0.1457500000000000E+02   0.9892355846655725E+00   0.4827577710670541E-01  -0.5100903570069648E-02   0.2426164486425655E-01   0.9752658048087100E-05   0.1544256381772278E-03   0.4921491618635437E-01
  0.1462500000000000E+02   0.9893260600340679E+00   0.4772358489670158E-01  -0.5062185908174532E-02   0.2398319986473901E-01   0.9673801990091548E-05   0.1509463460652880E-03   0.4864573318368553E-01
  0.1467500000000000E+02   0.9894341221857738E+00   0.4725185356089412E-01  -0.5013595068641963E-02   0.2374497446734155E-01   0.9610456319296671E-05   0.1479600129526665E-03   0.4815658972060623E-01
  0.1472500000000000E+02   0.9895439960479849E+00   0.4685911169956608E-01  -0.4963101236459821E-02   0.2354641911158997E-01   0.9562564239178767E-05   0.1454674676596989E-03   0.4774754567604644E-01
  0.1477500000000000E+02   0.9896407675664036E+00   0.4654112708066818E-01  -0.4918268219732180E-02   0.2338558009571886E-01   0.9529493742077312E-05   0.1434537429571390E-03   0.4741571345544133E-01
  0.1482500000000000E+02   0.9897106914429880E+00   0.4629116234887826E-01  -0.4886095399490031E-02   0.2325922798127412E-01   0.9510080428873109E-05   0.1418896528680737E-03   0.4715551710810909E-01
  0.1487500000000000E+02   0.9897414552990357E+00   0.4610016322173205E-01  -0.4872883675893780E-02   0.2316295198146200E-01   0.9502657435835228E-05   0.1407328979832260E-03   0.4695888277726593E-01
  0.1492500000000000E+02   0.9897224713549844E+00   0.4595688833156921E-01  -0.4884089178649687E-02   0.2309122376188179E-01   0.9505073551612566E-05   0.1399286724669958E-03   0.4681536003899942E-01
  0.1497500000000000E+02   0.9896452543807682E+00   0.4584802664771295E-01  -0.4924134242088707E-02   0.2303745283420790E-01   0.9514708389913038E-05   0.1394099640248325E-03   0.4671221328755283E-01
  0.1502500000000000E+02   0.9895039165925651E+00   0.4575837945303018E-01  -0.4996158837197728E-02   0.2299407176134871E-01   0.9528500374070910E-05   0.1390979359579585E-03   0.4663455743469338E-01
  0.1507500000000000E+02   0.9892957670066822E+00   0.4567120247782136E-01  -0.5101717049826648E-02   0.2295269941686525E-01   0.9543007879098922E-05   0.1389029270182227E-03   0.4656563646384836E-01
  0.1512500000000000E+02   0.9890219484688052E+00   0.4556880177046426E-01  -0.5240450459717882E-02   0.2290443041814648E-01   0.9554524357607273E-05   0.1387266567336163E-03   0.4648734853271573E-01
  0.1517500000000000E+02   0.9886879894862575E+00   0.4543344637413690E-01  -0.5409798920260389E-02   0.2284028453367717E-01   0.9559262813878646E-05   0.1384661326297272E-03   0.4638109855113678E-01
  0.1522500000000000E+02   0.9883041056124487E+00   0.4524859837388608E-01  -0.5604831621726314E-02   0.2275181930322556E-01   0.9553612530330133E-05   0.1380194855309126E-03   0.4622900268389570E-01
  0.1527500000000000E+02   0.9878850759328910E+00   0.4500037229118869E-01  -0.5818287615773632E-02   0.2263186484454121E-01   0.9534452338068354E-05   0.1372935150279606E-03   0.4601538156763794E-01
  0.1532500000000000E+02   0.9874495610391425E+00   0.4467904022135192E-01  -0.6040896341653501E-02   0.2247529101393967E-01   0.9499483642039088E-05   0.1362121831822073E-03   0.4572837602316928E-01
  0.1537500000000000E+02   0.9870188241124607E+00   0.4428032732210468E-01  -0.6262002230204122E-02   0.2227967906102069E-01   0.9447529295122638E-05   0.1347248002056521E-03   0.4536143053553292E-01
  0.1542500000000000E+02   0.9866149497188367E+00   0.4380622722423796E-01  -0.6470450748549128E-02   0.2204575961391517E-01   0.9378738621498459E-05   0.1328123911708870E-03   0.4491435211867104E-01
  0.1547500000000000E+02   0.9862587878006051E+00   0.4326512799248208E-01  -0.6655624867215604E-02   0.2177750691279581E-01   0.9294649350509635E-05   0.1304908689565968E-03   0.4439369255536670E-01
  0.1552500000000000E+02   0.9859679365701207E+00   0.4267116818300327E-01  -0.6808474595816794E-02   0.2148184267160258E-01   0.9198083181046360E-05   0.1278101888473945E-03   0.4381232140772703E-01
  0.1557500000000000E+02   0.9857550835194773E+00   0.4204290167426668E-01  -0.6922376121397122E-02   0.2116798358121406E-01   0.9092885818860185E-05   0.1248494786415038E-03   0.4318822355150392E-01
  0.1562500000000000E+02   0.9856269450896207E+00   0.4140148691195388E-01  -0.6993694266487438E-02   0.2084653776763859E-01   0.8983553430441605E-05   0.1217089580770715E-03   0.4254271401917584E-01
  0.1567500000000000E+02   0.9855839125201699E+00   0.4076868808074932E-01  -0.7021988348828390E-02   0.2052849489232757E-01   0.8874805640735758E-05   0.1185000161598551E-03   0.4189836286231467E-01
  0.1572500000000000E+02   0.9856203720830609E+00   0.4016496815379636E-01  -0.7009872902227987E-02   0.2022425352364134E-01   0.8771166339278026E-05   0.1153349601550917E-03   0.4127693821999780E-01
  0.1577500000000000E+02   0.9857255654261979E+00   0.3960788399011598E-01  -0.6962598627017091E-02   0.1994279567685655E-01   0.8676600468071766E-05   0.1123177140832592E-03   0.4069761660688161E-01
  0.1582500000000000E+02   0.9858848111264077E+00   0.3911089763878351E-01  -0.6887443759555079E-02   0.1969106995628110E-01   0.8594235024716571E-05   0.1095362875444380E-03   0.4017561065555638E-01
  0.1587500000000000E+02   0.9860809172539603E+00   0.3868263191359906E-01  -0.6793003267604902E-02   0.1947360018649845E-01   0.8526173688108578E-05   0.1070573557318979E-03   0.3972126671847388E-01
  0.1592500000000000E+02   0.9862956550932180E+00   0.3832654470179377E-01  -0.6688443520424858E-02   0.1929230786241328E-01   0.8473402117617689E-05   0.1049229396630975E-03   0.3933961681111647E-01
  0.1597500000000000E+02   0.9865112097574368E+00   0.3804098009593428E-01  -0.6582766779161808E-02   0.1914652717096449E-01   0.8435776628450262E-05   0.1031490154354828E-03   0.3903034136185071E-01
  0.1602500000000000E+02   0.9867115531852750E+00   0.3781956540344129E-01  -0.6484113997350605E-02   0.1903319611506466E-01   0.8412090823102005E-05   0.1017258923492627E-03   0.3878810402278985E-01
  0.1607500000000000E+02   0.9868836883531887E+00   0.3765194322554854E-01  -0.6399131744238562E-02   0.1894721735280157E-01   0.8400219047164856E-05   0.1006203050412794E-03   0.3860323964975052E-01
  0.1612500000000000E+02   0.9870186920016991E+00   0.3752483707422252E-01  -0.6332439164651205E-02   0.1888198757473597E-01   0.8397337784231163E-05   0.9977926240241286E-04   0.3846279022438141E-01
  0.1617500000000000E+02   0.9871124497202923E+00   0.3742343143560425E-01  -0.6286247518733967E-02   0.1883008630108990E-01   0.8400222549102911E-05   0.9913568889911822E-04   0.3835187268359537E-01
  0.1622500000000000E+02   0.9871659534744061E+00   0.3733299675358479E-01  -0.6260197269980949E-02   0.1878409048878939E-01   0.8405606778184579E-05   0.9861572006648099E-04   0.3825531823195644E-01
  0.1627500000000000E+02   0.9871850415236476E+00   0.3724061545651842E-01  -0.6251473789676498E-02   0.1873744437062771E-01   0.8410572251667770E-05   0.9814717744020766E-04   0.3815945038876942E-01
  0.1632500000000000E+02   0.9871795201302493E+00   0.3713679193882619E-01  -0.6255234128258569E-02   0.1868527675023714E-01   0.8412923055087040E-05   0.9766833826996663E-04   0.3805379141634849E-01
  0.1637500000000000E+02   0.9871617123021422E+00   0.3701669170065150E-01  -0.6265324981623022E-02   0.1862503776471670E-01   0.8411484770717768E-05   0.9713579236472495E-04   0.3793243835538070E-01
  0.1642500000000000E+02   0.9871446037302065E+00   0.3688078111538438E-01  -0.6275209130284787E-02   0.1855683860070858E-01   0.8406274375035381E-05   0.9653011328472738E-04   0.3779486269383429E-01
  0.1647500000000000E+02   0.9871398564420736E+00   0.3673473492027955E-01  -0.6278965999926833E-02   0.1848342425258397E-01   0.8398506208501869E-05   0.9585835588627432E-04   0.3764597313282565E-01
  0.1652500000000000E+02   0.9871559966035778E+00   0.3658861799271910E-01  -0.6272212038095470E-02   0.1840977903403550E-01   0.8390430343856569E-05   0.9515297345336926E-04   0.3749541887907584E-01
  0.1657500000000000E+02   0.9871970396223365E+00   0.3645548434485067E-01  -0.6252806543660339E-02   0.1834243386291000E-01   0.8385031359498642E-05   0.9446743488346908E-04   0.3735625583986842E-01
  0.1662500000000000E+02   0.9872617122612999E+00   0.3634962416887412E-01  -0.6221259640227572E-02   0.1828859015222778E-01   0.8385637292085816E-05   0.9386937862962356E-04   0.3724320089599178E-01
  0.1667500000000000E+02   0.9873433100784864E+00   0.3628470760811168E-01  -0.6180820325905945E-02   0.1825518582767271E-01   0.8395494724379236E-05   0.9343239978385982E-04   0.3717073177180662E-01
  0.1672500000000000E+02   0.9874301322867778E+00   0.3627203165184040E-01  -0.6137271997458948E-02   0.1824800881945724E-01   0.8417358044080887E-05   0.9322750709798451E-04   0.3715125600986065E-01
  0.1677500000000000E+02   0.9875063894481573E+00   0.3631900621053737E-01  -0.6098487644242256E-02   0.1827092813474728E-01   0.8453125766870241E-05   0.9331501669307911E-04   0.3719350208500050E-01
  0.1682500000000000E+02   0.9875534809684499E+00   0.3642795322261427E-01  -0.6073797065775155E-02   0.1832528064713119E-01   0.8503542755248603E-05   0.9373733782687643E-04   0.3730121672412293E-01
  0.1687500000000000E+02   0.9875515677218571E+00   0.3659526345791020E-01  -0.6073204377929686E-02   0.1840943599624270E-01   0.8567980258359088E-05   0.9451290317829000E-04   0.3747221398225782E-01
  0.1692500000000000E+02   0.9874813901860420E+00   0.3681096569769583E-01  -0.6106480815428084E-02   0.1851856611757412E-01   0.8644307871404801E-05   0.9563148115161480E-04   0.3769782423471586E-01
  0.1697500000000000E+02   0.9873262765099774E+00   0.3705879931986641E-01  -0.6182159546489485E-02   0.1864466394714514E-01   0.8728880244455058E-05   0.9705127241170896E-04   0.3796282590164850E-01
  0.1702500000000000E+02   0.9870742318049747E+00   0.3731691557300277E-01  -0.6306484474941088E-02   0.1877687384992386E-01   0.8816670315722564E-05   0.9869844380127085E-04   0.3824598351336780E-01
  0.1707500000000000E+02   0.9867199031830549E+00   0.3755932746107758E-01  -0.6482412747416344E-02   0.1890219556401713E-01   0.8901581177997714E-05   0.1004699257908624E-03   0.3852132551487306E-01
  0.1712500000000000E+02   0.9862661045897250E+00   0.3775814841478746E-01  -0.6708826725562500E-02   0.1900658610018435E-01   0.8976951726769998E-05   0.1022401955692985E-03   0.3876023590896056E-01
  0.1717500000000000E+02   0.9857245172399081E+00   0.3788649284246672E-01  -0.6980148046580981E-02   0.1907640253512470E-01   0.9036232902217089E-05   0.1038722283997725E-03   0.3893428411140585E-01
  0.1722500000000000E+02   0.9851152212199952E+00   0.3792168708715409E-01  -0.7286530842580463E-02   0.1910001640218536E-01   0.9073757388865232E-05   0.1052318202711141E-03   0.3901849489382801E-01
  0.1727500000000000E+02   0.9844649020267128E+00   0.3784823717809744E-01  -0.7614721376702938E-02   0.1906932619486407E-01   0.9085474129125213E-05   0.1062033099629857E-03   0.3899453486001511E-01
  0.1732500000000000E+02   0.9838038879973675E+00   0.3765992547280125E-01  -0.7949517053252420E-02   0.1898085133779568E-01   0.9069495366640659E-05   0.1067038322537024E-03   0.3885317004303670E-01
  0.1737500000000000E+02   0.9831625085318461E+00   0.3736053598820145E-01  -0.8275588174398441E-02   0.1883614819939082E-01   0.9026327861867705E-05   0.1066931175357501E-03   0.3859542247282918E-01
  0.1742500000000000E+02   0.9825674779944747E+00   0.3696302351763008E-01  -0.8579311607296525E-02   0.1864144250285655E-01   0.8958730965361956E-05   0.1061767369045146E-03   0.3823213487955250E-01
  0.1747500000000000E+02   0.9820390052481202E+00   0.3648733152662364E-01  -0.8850260042011282E-02   0.1840656868263427E-01   0.8871237624755034E-05   0.1052023154881941E-03   0.3778204931680607E-01
  0.1752500000000000E+02   0.9815891063167613E+00   0.3595737344921528E-01  -0.9082096373432935E-02   0.1814346744448671E-01   0.8769453078374511E-05   0.1038499587196851E-03   0.3726886069366445E-01
  0.1757500000000000E+02   0.9812212617045289E+00   0.3539781199976804E-01  -0.9272790209155168E-02   0.1786456031990934E-01   0.8659281494561010E-05   0.1022192935330708E-03   0.3671788725822858E-01
  0.1762500000000000E+02   0.9809312503645526E+00   0.3483119156653670E-01  -0.9424232085945006E-02   0.1758128590197795E-01   0.8546217754979974E-05   0.1004157935305195E-03   0.3615296831617042E-01
  0.1767500000000000E+02   0.9807088077118736E+00   0.3427577606870913E-01  -0.9541418869991602E-02   0.1730298304327077E-01   0.8434796262581432E-05   0.9853855352755963E-04   0.3559401484733660E-01
  0.1772500000000000E+02   0.9805397158588363E+00   0.3374422312761634E-01  -0.9631408127094288E-02   0.1703619410213826E-01   0.8328235852052947E-05   0.9667080282401292E-04   0.3505540729331805E-01
  0.1777500000000000E+02   0.9804079978327245E+00   0.3324306136723795E-01  -0.9702209879286827E-02   0.1678437622444142E-01   0.8228278968365050E-05   0.9487360960074064E-04   0.3454524638701126E-01
  0.1782500000000000E+02   0.9802979887867563E+00   0.3277285669361258E-01  -0.9761733753811841E-02   0.1654796517703182E-01   0.8135201775630041E-05   0.9318267475565776E-04   0.3406535743542391E-01
  0.1787500000000000E+02   0.9801961434632847E+00   0.3232893904963979E-01  -0.9816865332195390E-02   0.1632472717306268E-01   0.8047966771908913E-05   0.9160788241918088E-04   0.3361191806375585E-01
  0.1792500000000000E+02   0.9800924860014486E+00   0.3190257716554693E-01  -0.9872720755442876E-02   0.1611034148553498E-01   0.7964492410128165E-05   0.9013526489287252E-04   0.3317658953754114E-01
  0.1797500000000000E+02   0.9799816189474024E+00   0.3148249975243101E-01  -0.9932122372762642E-02   0.1589916230182161E-01   0.7882016398330529E-05   0.8873109658983628E-04   0.3274804393925788E-01
  0.1802500000000000E+02   0.9798632052963353E+00   0.3105664604279068E-01  -0.9995339562707040E-02   0.1568510093127881E-01   0.7797525134569550E-05   0.8734781811133743E-04   0.3231376739548004E-01
  0.1807500000000000E+02   0.9797418496938115E+00   0.3061398580972929E-01  -0.1006013309364207E-01   0.1546254819770037E-01   0.7708210473671274E-05   0.8593133882528486E-04   0.3186197779928822E-01
  0.1812500000000000E+02   0.9796263550006059E+00   0.3014619890843961E-01  -0.1012211683829278E-01   0.1522723126824064E-01   0.7611901351485412E-05   0.8442899883831918E-04   0.3138344121898479E-01
  0.1817500000000000E+02   0.9795284215045508E+00   0.2964897971802282E-01  -0.1017540512927784E-01   0.1497688573898044E-01   0.7507409892896691E-05   0.8279720289644667E-04   0.3087293762231776E-01
  0.1822500000000000E+02   0.9794609661358076E+00   0.2912276236848814E-01  -0.1021345815121255E-01   0.1471163788208858E-01   0.7394737394724961E-05   0.8100762640870005E-04   0.3033014731525000E-01
  0.1827500000000000E+02   0.9794363275586671E+00   0.2857275693464023E-01  -0.1022999185268259E-01   0.1443403856423353E-01   0.7275107905141911E-05   0.7905105668010442E-04   0.2975981890710230E-01
  0.1832500000000000E+02   0.9794646503300246E+00   0.2800832280415261E-01  -0.1021980333538242E-01   0.1414875893584033E-01   0.7150831141557452E-05   0.7693837550806125E-04   0.2917121984902706E-01
  0.1837500000000000E+02   0.9795526909342063E+00   0.2744183811649087E-01  -0.1017938660660733E-01   0.1386202597984511E-01   0.7025031056006393E-05   0.7469878326125087E-04   0.2857701640475106E-01
  0.1842500000000000E+02   0.9797031774291419E+00   0.2688730777895588E-01  -0.1010726903644221E-01   0.1358091990067645E-01   0.6901299522799893E-05   0.7237590522440635E-04   0.2799183061605964E-01
  0.1847500000000000E+02   0.9799147241013333E+00   0.2635896364559154E-01  -0.1000406511646279E-01   0.1331266256597932E-01   0.6783339653785064E-05   0.7002273337548596E-04   0.2743074708155398E-01
  0.1852500000000000E+02   0.9801821967968821E+00   0.2587005675132415E-01  -0.9872298693170523E-02   0.1306400008664504E-01   0.6674651323260770E-05   0.6769637591751676E-04   0.2690799502162078E-01
  0.1857500000000000E+02   0.9804973698505262E+00   0.2543195316236571E-01  -0.9716073842185535E-02   0.1284073814115044E-01   0.6578289835029483E-05   0.6545336869644924E-04   0.2643594057779502E-01
  0.1862500000000000E+02   0.9808497138314299E+00   0.2505355664506772E-01  -0.9540676424203975E-02   0.1264744348845057E-01   0.6496706112030290E-05   0.6334597209882704E-04   0.2602442807529055E-01
  0.1867500000000000E+02   0.9812271887891071E+00   0.2474101724951884E-01  -0.9352170926301917E-02   0.1248729191313771E-01   0.6431659837168505E-05   0.6141955899158326E-04   0.2568043546912615E-01
  0.1872500000000000E+02   0.9816169684271182E+00   0.2449765377016168E-01  -0.9157031552119999E-02   0.1236202635041977E-01   0.6384188236804720E-05   0.5971097288369580E-04   0.2540797033454096E-01
  0.1877500000000000E+02   0.9820060683597273E+00   0.2432401612500081E-01  -0.8961822110152617E-02   0.1227198743079320E-01   0.6354612017731886E-05   0.5824762503666765E-04   0.2520812621443283E-01
  0.1882500000000000E+02   0.9823818856276280E+00   0.2421803109997363E-01  -0.8772921648419363E-02   0.1221618720316259E-01   0.6342563974844220E-05   0.5704708965165391E-04   0.2507923491697399E-01
  0.1887500000000000E+02   0.9827326733304810E+00   0.2417520094519437E-01  -0.8596283954206085E-02   0.1219240989009854E-01   0.6347032280976708E-05   0.5611701475706148E-04   0.2501707692962506E-01
  0.1892500000000000E+02   0.9830479745665982E+00   0.2418885015964382E-01  -0.8437218534016133E-02   0.1219733667488085E-01   0.6366417153817789E-05   0.5545525826268428E-04   0.2501513972953090E-01
  0.1897500000000000E+02   0.9833190272976720E+00   0.2425043499532796E-01  -0.8300186787920882E-02   0.1222670140310993E-01   0.6398604733843795E-05   0.5505025382634436E-04   0.2506493528060663E-01
  0.1902500000000000E+02   0.9835391311300623E+00   0.2434993827331072E-01  -0.8188617354152661E-02   0.1227548841411387E-01   0.6441064356428752E-05   0.5488168511438659E-04   0.2515639852610890E-01
  0.1907500000000000E+02   0.9837039444192179E+00   0.2447636644016608E-01  -0.8104755967778265E-02   0.1233818116753212E-01   0.6490974183564966E-05   0.5492157985990811E-04   0.2527838532929079E-01
  0.1912500000000000E+02   0.9838116627850874E+00   0.2461834635682638E-01  -0.8049574033144435E-02   0.1240906083226430E-01   0.6545375246239270E-05   0.5513591316363604E-04   0.2541927069800615E-01
  0.1917500000000000E+02   0.9838630254675662E+00   0.2476478970728740E-01  -0.8022762733407296E-02   0.1248253930479651E-01   0.6601346165186707E-05   0.5548672996608173E-04   0.2556761940761580E-01
  0.1922500000000000E+02   0.9838611093180812E+00   0.2490556095443646E-01  -0.8022833147534381E-02   0.1255349507361222E-01   0.6656182136103719E-05   0.5593467336027450E-04   0.2571286867930127E-01
  0.1927500000000000E+02   0.9838109021132573E+00   0.2503206129774985E-01  -0.8047327165096374E-02   0.1261756834941060E-01   0.6707555039326538E-05   0.5644167077450253E-04   0.2584593705649990E-01
  0.1932500000000000E+02   0.9837186910159501E+00   0.2513763659904023E-01  -0.8093122004750208E-02   0.1267136923672013E-01   0.6753629643922435E-05   0.5697342855260743E-04   0.2595966593570914E-01
  0.1937500000000000E+02   0.9835913461596637E+00   0.2521773733128419E-01  -0.8156788901972245E-02   0.1271256235315998E-01   0.6793115512459431E-05   0.5750135851137752E-04   0.2604901693255941E-01
  0.1942500000000000E+02   0.9834356093532787E+00   0.2526980061033252E-01  -0.8234951128062384E-02   0.1273981203465232E-01   0.6825244916035845E-05   0.5800362782177254E-04   0.2611098800741804E-01
  0.1947500000000000E+02   0.9832575034792991E+00   0.2529287754739020E-01  -0.8324583214560866E-02   0.1275259884397367E-01   0.6849681170334023E-05   0.5846517402935677E-04   0.2614426426335278E-01
  0.1952500000000000E+02   0.9830619571220258E+00   0.2528707880563481E-01  -0.8423203340123253E-02   0.1275094319008586E-01   0.6866375432675360E-05   0.5887671979756425E-04   0.2614867103408007E-01
  0.1957500000000000E+02   0.9828526977092925E+00   0.2525294461407378E-01  -0.8528931233357517E-02   0.1273508900541476E-01   0.6875399648450218E-05   0.5923300538868306E-04   0.2612453386876635E-01
  0.1962500000000000E+02   0.9826324164207548E+00   0.2519085621914005E-01  -0.8640408989966653E-02   0.1270520628820198E-01   0.6876787091154680E-05   0.5953058873955162E-04   0.2607206476179162E-01
  0.1967500000000000E+02   0.9824031607195762E+00   0.2510059459671109E-01  -0.8756606151801627E-02   0.1266116614369844E-01   0.6870409781774598E-05   0.5976562301283236E-04   0.2599088614991792E-01
  0.1972500000000000E+02   0.9821668733796693E+00   0.2498112453455283E-01  -0.8876549273592937E-02   0.1260242834343383E-01   0.6855915258428339E-05   0.5993201106261879E-04   0.2587977852544859E-01
  0.1977500000000000E+02   0.9819259738394530E+00   0.2483064426107372E-01  -0.8999028158949929E-02   0.1252806251791264E-01   0.6832735298599208E-05   0.6002026842169504E-04   0.2573670018432271E-01
  0.1982500000000000E+02   0.9816838696679520E+00   0.2464689777456340E-01  -0.9122335395875369E-02   0.1243690248301758E-01   0.6800167610687736E-05   0.6001731525808287E-04   0.2555908385337808E-01
  0.1987500000000000E+02   0.9814452936067674E+00   0.2442770301294383E-01  -0.9244092357216904E-02   0.1232781092926434E-01   0.6757519298123620E-05   0.5990727390844934E-04   0.2534436886632921E-01
  0.1992500000000000E+02   0.9812163860839352E+00   0.2417160880870704E-01  -0.9361202881277175E-02   0.1220001118420269E-01   0.6704289372317001E-05   0.5967318307805163E-04   0.2509068400129855E-01
  0.1997500000000000E+02   0.9810044840514341E+00   0.2387856417624516E-01  -0.9469955444983302E-02   0.1205342750959781E-01   0.6640358712510695E-05   0.5929937180189715E-04   0.2479756224065134E-01
  0.2002500000000000E+02   0.9808176302210776E+00   0.2355047333456858E-01  -0.9566267828856279E-02   0.1188896973598792E-01   0.6566152099373196E-05   0.5877409759820202E-04   0.2446655374544402E-01
  0.2007500000000000E+02   0.9806638722806973E+00   0.2319152555083620E-01  -0.9646040012347701E-02   0.1170870541635708E-01   0.6482740326544769E-05   0.5809198288263950E-04   0.2410161513745052E-01
  0.2012500000000000E+02   0.9805504652629264E+00   0.2280823058565207E-01  -0.9705558516669321E-02   0.1151588337277161E-01   0.6391861252632056E-05   0.5725581203116633E-04   0.2370919344339654E-01
  0.2017500000000000E+02   0.9804831085444984E+00   0.2240914939147609E-01  -0.9741885520041627E-02   0.1131480220348633E-01   0.6295854779938124E-05   0.5627738194338507E-04   0.2329798387536360E-01
  0.2022500000000000E+02   0.9804653357019806E+00   0.2200436966753232E-01  -0.9753172195395732E-02   0.1111054792082314E-01   0.6197523745657290E-05   0.5517729943933031E-04   0.2287840559530925E-01
  0.2027500000000000E+02   0.9804981351187742E+00   0.2160481963210787E-01  -0.9738855800956792E-02   0.1090864756164021E-01   0.6099945655468619E-05   0.5398383069845619E-04   0.2246188984981119E-01
  0.2032500000000000E+02   0.9805798255260683E+00   0.2122152968639266E-01  -0.9699727252700518E-02   0.1071469445702550E-01   0.6006265664301162E-05   0.5273106977541495E-04   0.2206009689466082E-01
  0.2037500000000000E+02   0.9807061604973094E+00   0.2086493950594436E-01  -0.9637881605343179E-02   0.1053399515106945E-01   0.5919498622116745E-05   0.5145676572165217E-04   0.2168416917514428E-01
  0.2042500000000000E+02   0.9808706025633298E+00   0.2054431585102198E-01  -0.9556581200805381E-02   0.1037127182688019E-01   0.5842359466717351E-05   0.5020012637777180E-04   0.2134409603644930E-01
  0.2047500000000000E+02   0.9810646965465258E+00   0.2026730693178020E-01  -0.9460067272606842E-02   0.1023043406032878E-01   0.5777130303823211E-05   0.4899982673742780E-04   0.2104822332641392E-01
  0.2052500000000000E+02   0.9812784806781619E+00   0.2003962444082068E-01  -0.9353351548936906E-02   0.1011441590811107E-01   0.5725562583053131E-05   0.4789233005904818E-04   0.2080290285084856E-01
  0.2057500000000000E+02   0.9815008961196500E+00   0.1986482191433060E-01  -0.9242008358655407E-02   0.1002506267015895E-01   0.5688806114098860E-05   0.4691051704015311E-04   0.2061225055972173E-01
  0.2062500000000000E+02   0.9817201826313892E+00   0.1974413048811321E-01  -0.9131974000787468E-02   0.9963047535115893E-02   0.5667354144576687E-05   0.4608253655574116E-04   0.2047797197203352E-01
  0.2067500000000000E+02   0.9819242735840213E+00   0.1967631943636993E-01  -0.9029347143759803E-02   0.9927801282337454E-02   0.5660995193248619E-05   0.4543075165373924E-04   0.2039921801819885E-01
  0.2072500000000000E+02   0.9821012224288919E+00   0.1965756654063377E-01  -0.8940174266263146E-02   0.9917446974545748E-02   0.5668767154232856E-05   0.4497065875714287E-04   0.2037245153088847E-01
  0.2077500000000000E+02   0.9822397014903802E+00   0.1968134925624172E-01  -0.8870199489905639E-02   0.9928744573169189E-02   0.5688916546306108E-05   0.4470970463158787E-04   0.2039133080531347E-01
  0.2082500000000000E+02   0.9823296091339500E+00   0.1973839814734974E-01  -0.8824560285457084E-02   0.9957065801102968E-02   0.5718874676662497E-05   0.4464601155540731E-04   0.2044664826040301E-01
  0.2087500000000000E+02   0.9823627996897318E+00   0.1981678371735226E-01  -0.8807421135621829E-02   0.9996434668657730E-02   0.5755271401112415E-05   0.4476713980471929E-04   0.2052639398367204E-01
  0.2092500000000000E+02   0.9823339100734079E+00   0.1990222797521771E-01  -0.8821557316841866E-02   0.1003967959661310E-01   0.5794013623555281E-05   0.4504915203699125E-04   0.2061603745914500E-01
  0.2097500000000000E+02   0.9822412004896763E+00   0.1997873085439666E-01  -0.8867929309977374E-02   0.1007874300772426E-01   0.5830456148107799E-05   0.4545636348324025E-04   0.2069912400667873E-01
  0.2102500000000000E+02   0.9820872650933464E+00   0.2002956627456563E-01  -0.8945319521115658E-02   0.1010517717593907E-01   0.5859683097940119E-05   0.4594221264234568E-04   0.2075825191447578E-01
  0.2107500000000000E+02   0.9818794237574098E+00   0.2003862668550694E-01  -0.9050126197961084E-02   0.1011081751724913E-01   0.5876896574434800E-05   0.4645160836097776E-04   0.2077642346668451E-01
  0.2112500000000000E+02   0.9816296065052929E+00   0.1999198730735907E-01  -0.9176410373488486E-02   0.1008857051682379E-01   0.5877877677393638E-05   0.4692486054195903E-04   0.2073865426833743E-01
  0.2117500000000000E+02   0.9813536101056267E+00   0.1987945244887895E-01  -0.9316258753773399E-02   0.1003319809401115E-01   0.5859451964244059E-05   0.4730290456505519E-04   0.2063360877174339E-01
  0.2122500000000000E+02   0.9810697406150272E+00   0.1969578277021840E-01  -0.9460458678989259E-02   0.9941946761636374E-02   0.5819870543927160E-05   0.4753309268992275E-04   0.2045495280158444E-01
  0.2127500000000000E+02   0.9807970203469861E+00   0.1944132608365062E-01  -0.9599398114050306E-02   0.9814879982216225E-02   0.5759022222963811E-05   0.4757452337907032E-04   0.2020212266387365E-01
  0.2132500000000000E+02   0.9805532706852329E+00   0.1912189529083695E-01  -0.9724035201384540E-02   0.9654831567443737E-02   0.5678425520533859E-05   0.4740187056281930E-04   0.1988032236182675E-01
  0.2137500000000000E+02   0.9803534248966488E+00   0.1874791904706717E-01  -0.9826758196432528E-02   0.9466989338612331E-02   0.5581002328522339E-05   0.4700700436503868E-04   0.1949974493026453E-01
  0.2142500000000000E+02   0.9802083569882746E+00   0.1833306483285999E-01  -0.9901988999760025E-02   0.9258207081104591E-02   0.5470687575353515E-05   0.4639824950370895E-04   0.1907420202468068E-01
  0.2147500000000000E+02   0.9801243640024401E+00   0.1789263517550739E-01  -0.9946457591496594E-02   0.9036195725324093E-02   0.5351961665126072E-05   0.4559768987706656E-04   0.1861946623649632E-01
  0.2152500000000000E+02   0.9801032727923480E+00   0.1744203837701774E-01  -0.9959159017018271E-02   0.8808746899622879E-02   0.5229395442520052E-05   0.4463729475084674E-04   0.1815164706818629E-01
  0.2157500000000000E+02   0.9801430179861645E+00   0.1699555399908737E-01  -0.9941068607697390E-02   0.8583102207454871E-02   0.5107275444892679E-05   0.4355472440768915E-04   0.1768584703038140E-01
  0.2162500000000000E+02   0.9802384848475827E+00   0.1656549675937726E-01  -0.9894719324935353E-02   0.8365522880598476E-02   0.4989343443549300E-05   0.4238951407355652E-04   0.1723522479885523E-01
  0.2167500000000000E+02   0.9803824236504834E+00   0.1616177607914301E-01  -0.9823739653600172E-02   0.8161060169978744E-02   0.4878652424540859E-05   0.4118005389136075E-04   0.1681047727430467E-01
  0.2172500000000000E+02   0.9805662948394149E+00   0.1579177878950610E-01  -0.9732424344408241E-02   0.7973490790633727E-02   0.4777519566058892E-05   0.3996150059036422E-04   0.1641967301554548E-01
  0.2177500000000000E+02   0.9807809678429763E+00   0.1546047401122161E-01  -0.9625378156878139E-02   0.7805366610893726E-02   0.4687547291567412E-05   0.3876454830088074E-04   0.1606833372296208E-01
  0.2182500000000000E+02   0.9810172509724852E+00   0.1517064235336894E-01  -0.9507244897530520E-02   0.7658128883436148E-02   0.4609683583973850E-05   0.3761487321588237E-04   0.1575965971242141E-01
  0.2187500000000000E+02   0.9812662668272234E+00   0.1492315231935132E-01  -0.9382515003437342E-02   0.7532247585657699E-02   0.4544298393710197E-05   0.3653303493024486E-04   0.1549481513307309E-01
  0.2192500000000000E+02   0.9815197069541436E+00   0.1471723329771769E-01  -0.9255394853098342E-02   0.7427359796491403E-02   0.4491260617062665E-05   0.3553463789494117E-04   0.1527321605496012E-01
  0.2197500000000000E+02   0.9817700051698205E+00   0.1455071937410238E-01  -0.9129717917311320E-02   0.7342393670097028E-02   0.4450007490122199E-05   0.3463060277803195E-04   0.1509279105415226E-01
  0.2202500000000000E+02   0.9820104656813823E+00   0.1442025809751034E-01  -0.9008879391906977E-02   0.7275674724846052E-02   0.4419604265929391E-05   0.3382745105059581E-04   0.1495020552968111E-01
  0.2207500000000000E+02   0.9822353737389891E+00   0.1432149247107755E-01  -0.8895780137111120E-02   0.7225018410807904E-02   0.4398796417016151E-05   0.3312755657233361E-04   0.1484105657108529E-01
  0.2212500000000000E+02   0.9824401055084468E+00   0.1424923308837531E-01  -0.8792771300010105E-02   0.7187817378543423E-02   0.4386059370549083E-05   0.3252936079108425E-04   0.1476005495119556E-01
  0.2217500000000000E+02   0.9826212417175153E+00   0.1419764089968746E-01  -0.8701597119157078E-02   0.7161133750658358E-02   0.4379652025154762E-05   0.3202758149284497E-04   0.1470121518253632E-01
  0.2222500000000000E+02   0.9827766776172753E+00   0.1416043972902357E-01  -0.8623339486246939E-02   0.7141806082909656E-02   0.4377680035387336E-05   0.3161346734208825E-04   0.1465807376809958E-01
  0.2227500000000000E+02   0.9829057113240416E+00   0.1413117142946707E-01  -0.8558373159220034E-02   0.7126577625399857E-02   0.4378173066782076E-05   0.3127515963793123E-04   0.1462394988133098E-01
  0.2232500000000000E+02   0.9830090855131622E+00   0.1410349588721306E-01  -0.8506344159021406E-02   0.7112247165742360E-02   0.4379177016389787E-05   0.3099821642652288E-04   0.1459225212444758E-01
  0.2237500000000000E+02   0.9830889557799057E+00   0.1407152432389971E-01  -0.8466184802457977E-02   0.7095836827862629E-02   0.4378857944751022E-05   0.3076633121279594E-04   0.1455682103901105E-01
  0.2242500000000000E+02   0.9831487643408872E+00   0.1403016013354631E-01  -0.8436176221184755E-02   0.7074764022792733E-02   0.4375609964168001E-05   0.3056224105545979E-04   0.1451228226668958E-01
  0.2247500000000000E+02   0.9831930102732196E+00   0.1397541049118997E-01  -0.8414062992973537E-02   0.7046999140272668E-02   0.4368155710987972E-05   0.3036877347602762E-04   0.1445437338959319E-01
  0.2252500000000000E+02   0.9832269251706239E+00   0.1390462792755303E-01  -0.8397215648446310E-02   0.7011188424932566E-02   0.4355626493916552E-05   0.3016993932157609E-04   0.1438020243193767E-01
  0.2257500000000000E+02   0.9832560818008845E+00   0.1381664634681972E-01  -0.8382827375185808E-02   0.6966724018225205E-02   0.4337610563432426E-05   0.2995195200459691E-04   0.1428840043255761E-01
  0.2262500000000000E+02   0.9832859778942349E+00   0.1371179028327980E-01  -0.8368123829769258E-02   0.6913750259943203E-02   0.4314162186875463E-05   0.2970405198380870E-04   0.1417914441856055E-01
  0.2267500000000000E+02   0.9833216431890435E+00   0.1359175625166119E-01  -0.8350561819978730E-02   0.6853105406183762E-02   0.4285770386644045E-05   0.2941904134986499E-04   0.1405404742000857E-01
  0.2272500000000000E+02   0.9833673134801858E+00   0.1345938552131814E-01  -0.8327994696416541E-02   0.6786208267116393E-02   0.4253292674356044E-05   0.2909348052258710E-04   0.1391593350793248E-01
  0.2277500000000000E+02   0.9834262021392866E+00   0.1331836313405594E-01  -0.8298788889764541E-02   0.6714907163996343E-02   0.4217864178472842E-05   0.2872755427561939E-04   0.1376853255008513E-01
  0.2282500000000000E+02   0.9835003815225054E+00   0.1317288498483041E-01  -0.8261885097218591E-02   0.6641312251128783E-02   0.4180795050207510E-05   0.2832466287357270E-04   0.1361613757412988E-01
  0.2287500000000000E+02   0.9835907688845662E+00   0.1302733272820891E-01  -0.8216806622672213E-02   0.6567631320635120E-02   0.4143468679338510E-05   0.2789082504770617E-04   0.1346326640062523E-01
  0.2292500000000000E+02   0.9836971979803801E+00   0.1288598726181416E-01  -0.8163624221339538E-02   0.6496024735782533E-02   0.4107250645915700E-05   0.2743398872353706E-04   0.1331436048732538E-01
  0.2297500000000000E+02   0.9838185504988580E+00   0.1275279910329890E-01  -0.8102890432529430E-02   0.6428488892794495E-02   0.4073414548768220E-05   0.2696333550495104E-04   0.1317354127392257E-01
  0.2302500000000000E+02   0.9839529207126723E+00   0.1263122163503728E-01  -0.8035556841698099E-02   0.6366771370766531E-02   0.4043086992653968E-05   0.2648864282754181E-04   0.1304443142047137E-01
  0.2307500000000000E+02   0.9840977906257697E+00   0.1252410342063309E-01  -0.7962885795815389E-02   0.6312315961424470E-02   0.4017210889142288E-05   0.2601974132378449E-04   0.1293003789139606E-01
  0.2312500000000000E+02   0.9842501992845335E+00   0.1243362970437407E-01  -0.7886364897573994E-02   0.6266232649393241E-02   0.3996524215794140E-05   0.2556608068343305E-04   0.1283268713536757E-01
  0.2317500000000000E+02   0.9844068968216747E+00   0.1236130073066192E-01  -0.7807629121366344E-02   0.6229286322628843E-02   0.3981550498649977E-05   0.2513639890547792E-04   0.1275399969388615E-01
  0.2322500000000000E+02   0.9845644798568999E+00   0.1230793491171448E-01  -0.7728392325134670E-02   0.6201898157982660E-02   0.3972597320305445E-05   0.2473847856353523E-04   0.1269489171115861E-01
  0.2327500000000000E+02   0.9847195093726533E+00   0.1227368713793708E-01  -0.7650387644240642E-02   0.6184154750058459E-02   0.3969759810059719E-05   0.2437896903179196E-04   0.1265559299949416E-01
  0.2332500000000000E+02   0.9848686149133608E+00   0.1225807574605626E-01  -0.7575314854261106E-02   0.6175821666636673E-02   0.3972927057221758E-05   0.2406325415887633E-04   0.1263567457072190E-01
  0.2337500000000000E+02   0.9850085900234490E+00   0.1226001511881557E-01  -0.7504792230949575E-02   0.6176359856877225E-02   0.3981790475710246E-05   0.2379534904583777E-04   0.1263408211118866E-01
  0.2342500000000000E+02   0.9851364834776809E+00   0.1227785407806251E-01  -0.7440310600051792E-02   0.6184944950507251E-02   0.3995854172168701E-05   0.2357781595020584E-04   0.1264917521081532E-01
  0.2347500000000000E+02   0.9852496893386911E+00   0.1230942278912494E-01  -0.7383188020346099E-02   0.6200490783837968E-02   0.4014448210381999E-05   0.2341169671125541E-04   0.1267877487136199E-01
  0.2352500000000000E+02   0.9853460364863720E+00   0.1235209253555378E-01  -0.7334524736534731E-02   0.6221679328716144E-02   0.4036746224695261E-05   0.2329646644721680E-04   0.1272022361975103E-01
  0.2357500000000000E+02   0.9854238753294292E+00   0.1240285320617213E-01  -0.7295159510295246E-02   0.6246999460611960E-02   0.4061789028257182E-05   0.2323001962443027E-04   0.1277046318688141E-01
  0.2362500000000000E+02   0.9854821563481263E+00   0.1245841246889614E-01  -0.7265629979345989E-02   0.6274796584627637E-02   0.4088515616806179E-05   0.2320870390592698E-04   0.1282613397812521E-01
  0.2367500000000000E+02   0.9855204924646219E+00   0.1251531831209328E-01  -0.7246141037881237E-02   0.6303334003243013E-02   0.4115802249904301E-05   0.2322741840803722E-04   0.1288369836598672E-01
  0.2372500000000000E+02   0.9855391956214078E+00   0.1257010305311638E-01  -0.7236546062143967E-02   0.6330865123638623E-02   0.4142509132647038E-05   0.2327979026606221E-04   0.1293958629401101E-01
  0.2377500000000000E+02   0.9855392779853879E+00   0.1261944248949402E-01  -0.7236345811342693E-02   0.6355713384676310E-02   0.4167532756706964E-05   0.2335843637465927E-04   0.1299035721409575E-01
  0.2382500000000000E+02   0.9855224103122243E+00   0.1266031937695543E-01  -0.7244708798189725E-02   0.6376354520170372E-02   0.4189860437854212E-05   0.2345530631990755E-04   0.1303286774732507E-01
  0.2387500000000000E+02   0.9854908342374470E+00   0.1269017687537904E-01  -0.7260514821399777E-02   0.6391493974421694E-02   0.4208622342022137E-05   0.2356208941945254E-04   0.1306443068222171E-01
  0.2392500000000000E+02   0.9854472311048870E+00   0.1270704603692971E-01  -0.7282420429819858E-02   0.6400131466610835E-02   0.4223135672065662E-05   0.2367065596242771E-04   0.1308294906717896E-01
  0.2397500000000000E+02   0.9853945563651314E+00   0.1270963254591336E-01  -0.7308941858195306E-02   0.6401605233406768E-02   0.4232935951343870E-05   0.2377349318068280E-04   0.1308701000518468E-01
  0.2402500000000000E+02   0.9853358542180813E+00   0.1269735188874183E-01  -0.7338548118759225E-02   0.6395610439328768E-02   0.4237791556676441E-05   0.2386409280999480E-04   0.1307592652738082E-01
  0.2407500000000000E+02   0.9852740707222553E+00   0.1267030833756232E-01  -0.7369755113696086E-02   0.6382189341315901E-02   0.4237699648749078E-05   0.2393725069903541E-04   0.1304972207553596E-01
  0.2412500000000000E+02   0.9852118841922267E+00   0.1262922035840526E-01  -0.7401211290196885E-02   0.6361694423796817E-02   0.4232864036592843E-05   0.2398924939090102E-04   0.1300905947591413E-01
  0.2417500000000000E+02   0.9851515692306865E+00   0.1257530181515733E-01  -0.7431766565184628E-02   0.6334729135769379E-02   0.4223657803263937E-05   0.2401790978801446E-04   0.1295512332627896E-01
  0.2422500000000000E+02   0.9850949058284045E+00   0.1251011331526411E-01  -0.7460518690834306E-02   0.6302073393978845E-02   0.4210575263025783E-05   0.2402251467997054E-04   0.1288947005712966E-01
  0.2427500000000000E+02   0.9850431387736364E+00   0.1243540045194826E-01  -0.7486834336602355E-02   0.6264602265319277E-02   0.4194178735604477E-05   0.2400362174722699E-04   0.1281386269928141E-01
  0.2432500000000000E+02   0.9849969864388113E+00   0.1235293545540385E-01  -0.7510345276257047E-02   0.6223206154648665E-02   0.4175045657579606E-05   0.2396279419454259E-04   0.1273010742805947E-01
  0.2437500000000000E+02   0.9849566929132740E+00   0.1226437638892762E-01  -0.7530922653083305E-02   0.6178719654275242E-02   0.4153720856324944E-05   0.2390228235274830E-04   0.1263990673060975E-01
  0.2442500000000000E+02   0.9849221140123071E+00   0.1217115437028941E-01  -0.7548634051447123E-02   0.6131864385443520E-02   0.4130677660840069E-05   0.2382468974073803E-04   0.1254474040681875E-01
  0.2447500000000000E+02   0.9848928259958905E+00   0.1207439524824660E-01  -0.7563688980919747E-02   0.6083209125957939E-02   0.4106290208147887E-05   0.2373265348526629E-04   0.1244578147816284E-01
  0.2452500000000000E+02   0.9848682455788353E+00   0.1197487839530814E-01  -0.7576378525254390E-02   0.6033148615262412E-02   0.4080818053207988E-05   0.2362856329030472E-04   0.1234385016270650E-01
  0.2457500000000000E+02   0.9848477505351590E+00   0.1187303215089536E-01  -0.7587014558520955E-02   0.5981900844240563E-02   0.4054403132007500E-05   0.2351433677896494E-04   0.1223940578152576E-01
  0.2462500000000000E+02   0.9848307914404376E+00   0.1176896302659632E-01  -0.7595873313421597E-02   0.5929521406712771E-02   0.4027078289805256E-05   0.2339126293868458E-04   0.1213257388478536E-01
  0.2467500000000000E+02   0.9848169865501435E+00   0.1166251393529204E-01  -0.7603147358144824E-02   0.5875932548680154E-02   0.3998785930471885E-05   0.2325991994255751E-04   0.1202320390585729E-01
  0.2472500000000000E+02   0.9848061933643955E+00   0.1155334523589107E-01  -0.7608909258051133E-02   0.5820963803319395E-02   0.3969404806685121E-05   0.2312016870270977E-04   0.1191095107564781E-01
  0.2477500000000000E+02   0.9847985521234542E+00   0.1144103116110402E-01  -0.7613089346545920E-02   0.5764400476408179E-02   0.3938782510494211E-05   0.2297121883242408E-04   0.1179537501388120E-01
  0.2482500000000000E+02   0.9847944984305647E+00   0.1132516321492751E-01  -0.7615469047154044E-02   0.5706035746069907E-02   0.3906770839680885E-05   0.2281175900529367E-04   0.1167604634839801E-01
  0.2487500000000000E+02   0.9847947444939007E+00   0.1120545153074015E-01  -0.7615690032881095E-02   0.5645721832861012E-02   0.3873260957399891E-05   0.2264013902002747E-04   0.1155265203616487E-01
  0.2492500000000000E+02   0.9848002310765970E+00   0.1108181520426213E-01  -0.7613278198732365E-02   0.5583415699147845E-02   0.3838215214462667E-05   0.2245458658367988E-04   0.1142509001113889E-01
  0.2497500000000000E+02   0.9848120549292305E+00   0.1095445348638792E-01  -0.7607680065346623E-02   0.5519215166391677E-02   0.3801692749493164E-05   0.2225343858951857E-04   0.1129354460731362E-01
  0.2502500000000000E+02   0.9848313788848303E+00   0.1082389154717118E-01  -0.7598308010907884E-02   0.5453382251634730E-02   0.3763866566746196E-05   0.2203536526667021E-04   0.1115853602625786E-01
  0.2507500000000000E+02   0.9848593334883241E+00   0.1069099720375008E-01  -0.7584589864299995E-02   0.5386351871686589E-02   0.3725030687775963E-05   0.2179956661881026E-04   0.1102093985074308E-01
  0.2512500000000000E+02   0.9848969196407765E+00   0.1055696820983511E-01  -0.7566018072924563E-02   0.5318725679533837E-02   0.3685597072535913E-05   0.2154592421103893E-04   0.1088197592003965E-01
  0.2517500000000000E+02   0.9849449210868713E+00   0.1042329292823642E-01  -0.7542193975512368E-02   0.5251252428548707E-02   0.3646083135376390E-05   0.2127509719252593E-04   0.1074316926089302E-01
  0.2522500000000000E+02   0.9850038337518178E+00   0.1029168990078790E-01  -0.7512863620762200E-02   0.5184797627873415E-02   0.3607091648389006E-05   0.2098855851506197E-04   0.1060628863460312E-01
  0.2527500000000000E+02   0.9850738162873587E+00   0.1016403354572938E-01  -0.7477942903926671E-02   0.5120306129753611E-02   0.3569285466651763E-05   0.2068857438701295E-04   0.1047327013588930E-01
  0.2532500000000000E+02   0.9851546632252368E+00   0.1004227372572100E-01  -0.7437531288956967E-02   0.5058761560248221E-02   0.3533359739135807E-05   0.2037813588441582E-04   0.1034613390819317E-01
  0.2537500000000000E+02   0.9852457993948177E+00   0.9928356279377180E-02  -0.7391914773009711E-02   0.5001146186063333E-02   0.3500014089160019E-05   0.2006085545913267E-04   0.1022690144382714E-01
  0.2542500000000000E+02   0.9853462921669062E+00   0.9824150061258485E-02  -0.7341559815563614E-02   0.4948404034842616E-02   0.3469926744177152E-05   0.1974084248279692E-04   0.1011751937910758E-01
  0.2547500000000000E+02   0.9854548768757999E+00   0.9731383985769747E-02  -0.7287100574133398E-02   0.4901409053613523E-02   0.3443731900227498E-05   0.1942257110657342E-04   0.1001979358202816E-01
  0.2552500000000000E+02   0.9855699904784754E+00   0.9651595432846358E-02  -0.7229321944624889E-02   0.4860939009475866E-02   0.3422000865355854E-05   0.1911075114339928E-04   0.9935335096858381E-02
  0.2557500000000000E+02   0.9856898090016121E+00   0.9586089487267371E-02  -0.7169140662289020E-02   0.4827654880541273E-02   0.3405226859677323E-05   0.1881020911137050E-04   0.9865517517994634E-02
  0.2562500000000000E+02   0.9858122853793329E+00   0.9535907066864030E-02  -0.7107586192028004E-02   0.4802084764799250E-02   0.3393812837911425E-05   0.1852578271721153E-04   0.9811443850684311E-02
  0.2567500000000000E+02   0.9859351856517743E+00   0.9501799141178898E-02  -0.7045782448546034E-02   0.4784610898078251E-02   0.3388061380379293E-05   0.1826222846313455E-04   0.9773919983707515E-02
  0.2572500000000000E+02   0.9860561229628976E+00   0.9484203948867008E-02  -0.6984930646015797E-02   0.4775458218895435E-02   0.3388165574097903E-05   0.1802413908778598E-04   0.9753431550603325E-02
  0.2577500000000000E+02   0.9861725902063481E+00   0.9483224333259727E-02  -0.6926292864278261E-02   0.4774683019557415E-02   0.3394199860573497E-05   0.1781586538379443E-04   0.9750121134275926E-02
  0.2582500000000000E+02   0.9862819934146885E+00   0.9498602960726752E-02  -0.6871175287840869E-02   0.4782160543713830E-02   0.3406110039301681E-05   0.1764143563484317E-04   0.9763763400305056E-02
  0.2587500000000000E+02   0.9863816889969170E+00   0.9529694207514084E-02  -0.6820909561892186E-02   0.4797570900989457E-02   0.3423701967662450E-05   0.1750446550485127E-04   0.9793736764184536E-02
  0.2592500000000000E+02   0.9864690286333115E+00   0.9575432859844217E-02  -0.6776830350321728E-02   0.4820383350109315E-02   0.3446628977726803E-05   0.1740805173122303E-04   0.9838991566432944E-02
  0.2597500000000000E+02   0.9865414159432023E+00   0.9634301441583981E-02  -0.6740247020111334E-02   0.4849839839316964E-02   0.3474378630953949E-05   0.1735464452198499E-04   0.9898016419788906E-02
  0.2602500000000000E+02   0.9865963788152621E+00   0.9704299918074175E-02  -0.6712407481705873E-02   0.4884939664589359E-02   0.3506260139022100E-05   0.1734589629014748E-04   0.9968806363177712E-02
  0.2607500000000000E+02   0.9866316603512513E+00   0.9782923617468608E-02  -0.6694452676340723E-02   0.4924428160009527E-02   0.3541394557441133E-05   0.1738248844763806E-04   0.1004883860948975E-01
  0.2612500000000000E+02   0.9866453295230888E+00   0.9867157244804338E-02  -0.6687361119671498E-02   0.4966793363228868E-02   0.3578710631859891E-05   0.1746394350623699E-04   0.1013506380112842E-01
  0.2617500000000000E+02   0.9866359097221433E+00   0.9953494466526085E-02  -0.6691884367243550E-02   0.5010275417001660E-02   0.3616949811035350E-05   0.1758843652980137E-04   0.1022392242471614E-01
  0.2622500000000000E+02   0.9866025193765345E+00   0.1003799317280688E-01  -0.6708476270770203E-02   0.5052893804590256E-02   0.3654684236568085E-05   0.1775262745186929E-04   0.1031139684354461E-01
  0.2627500000000000E+02   0.9865450139927572E+00   0.1011637552069255E-01  -0.6737221316101549E-02   0.5092497039956050E-02   0.3690351230166948E-05   0.1795154271474898E-04   0.1039310860722127E-01
  0.2632500000000000E+02   0.9864641140106998E+00   0.1018417858780504E-01  -0.6777769843657189E-02   0.5126837820676825E-02   0.3722306679094327E-05   0.1817853925294913E-04   0.1046446761875555E-01
  0.2637500000000000E+02   0.9863614988652923E+00   0.1023695556738690E-01  -0.6829289991864718E-02   0.5153673716023627E-02   0.3748897618273161E-05   0.1842538374740577E-04   0.1052087395828206E-01
  0.2642500000000000E+02   0.9862398460753847E+00   0.1027051915030517E-01  -0.6890447044393899E-02   0.5170889314144118E-02   0.3768551284913450E-05   0.1868247314829511E-04   0.1055796483666924E-01
  0.2647500000000000E+02   0.9861027964664945E+00   0.1028120917092046E-01  -0.6959419774643649E-02   0.5176630933142371E-02   0.3779874357695113E-05   0.1893920754589841E-04   0.1057188930973815E-01
  0.2652500000000000E+02   0.9859548336408899E+00   0.1026615774690254E-01  -0.7033959918021915E-02   0.5169440510802854E-02   0.3781752709679596E-05   0.1918450440237541E-04   0.1055958400392706E-01
  0.2657500000000000E+02   0.9858010772268756E+00   0.1022351957546455E-01  -0.7111495199293216E-02   0.5148372413434591E-02   0.3773439749792441E-05   0.1940741739832645E-04   0.1051901680592282E-01
  0.2662500000000000E+02   0.9856470034454439E+00   0.1015263510300668E-01  -0.7189269296411505E-02   0.5113076837823698E-02   0.3754621199520883E-05   0.1959779947952104E-04   0.1044936475899038E-01
  0.2667500000000000E+02   0.9854981199989271E+00   0.1005410112380531E-01  -0.7264505297417068E-02   0.5063836831389537E-02   0.3725446436759264E-05   0.1974693476363734E-04   0.1035109868259021E-01
  0.2672500000000000E+02   0.9853596316410915E+00   0.9929736231763768E-02  -0.7334574407247385E-02   0.5001552373920146E-02   0.3686521126352522E-05   0.1984806300211394E-04   0.1022595975469859E-01
  0.2677500000000000E+02   0.9852361352688742E+00   0.9782444717039009E-02  -0.7397150300773259E-02   0.4927673097051471E-02   0.3638861790248827E-05   0.1989673485966789E-04   0.1007682984419316E-01
  0.2682500000000000E+02   0.9851313781258747E+00   0.9615998044336056E-02  -0.7450332061397669E-02   0.4844089094456726E-02   0.3583818815081629E-05   0.1989096331625229E-04   0.9907513761084093E-02
  0.2687500000000000E+02   0.9850481011572975E+00   0.9434764204282022E-02  -0.7492724400162465E-02   0.4752994983628696E-02   0.3522978730064873E-05   0.1983116921192541E-04   0.9722463804977592E-02
  0.2692500000000000E+02   0.9849879748768375E+00   0.9243419675745396E-02  -0.7523471235590717E-02   0.4656744722846523E-02   0.3458058495015255E-05   0.1971994922407653E-04   0.9526482415475254E-02
  0.2697500000000000E+02   0.9849516210109408E+00   0.9046676257901582E-02  -0.7542245854507024E-02   0.4557713524889923E-02   0.3390803866900148E-05   0.1956171576379318E-04   0.9324436891126693E-02
  0.2702500000000000E+02   0.9849387026673756E+00   0.8849047288907046E-02  -0.7549206242152939E-02   0.4458179359905962E-02   0.3322901224622503E-05   0.1936226719688055E-04   0.9121012592542733E-02
  0.2707500000000000E+02   0.9849480603238360E+00   0.8654667442425636E-02  -0.7544926991026157E-02   0.4360231348400483E-02   0.3255908492979857E-05   0.1912834399693821E-04   0.8920520498071580E-02
  0.2712500000000000E+02   0.9849778704523948E+00   0.8467170057871742E-02  -0.7530319500878790E-02   0.4265707166799056E-02   0.3191207013184459E-05   0.1886721521531797E-04   0.8726764256817104E-02
  0.2717500000000000E+02   0.9850258068670503E+00   0.8289617739413840E-02  -0.7506550571877102E-02   0.4176157406474742E-02   0.3129973096733350E-05   0.1858632436204248E-04   0.8542963086094566E-02
  0.2722500000000000E+02   0.9850891902343403E+00   0.8124476649999286E-02  -0.7474966809897454E-02   0.4092832109174203E-02   0.3073165935874859E-05   0.1829300836224839E-04   0.8371721032701313E-02
  0.2727500000000000E+02   0.9851651170775275E+00   0.7973622527817418E-02  -0.7437029290576103E-02   0.4016683456425115E-02   0.3021527554410869E-05   0.1799429033659907E-04   0.8215030341319150E-02
  0.2732500000000000E+02   0.9852505649399845E+00   0.7838366399799632E-02  -0.7394260225608962E-02   0.3948378538281076E-02   0.2975590376775624E-05   0.1769673776121136E-04   0.8074296406584759E-02
  0.2737500000000000E+02   0.9853424745799635E+00   0.7719489491042748E-02  -0.7348201236644036E-02   0.3888316880430618E-02   0.2935688495339333E-05   0.1740637215898308E-04   0.7950373237388418E-02
  0.2742500000000000E+02   0.9854378129957991E+00   0.7617279217075541E-02  -0.7300381349761631E-02   0.3836648606470033E-02   0.2901969563157132E-05   0.1712861425889136E-04   0.7843600778186167E-02
  0.2747500000000000E+02   0.9855336228335709E+00   0.7531560871867762E-02  -0.7252291925948895E-02   0.3793290485897534E-02   0.2874405234876062E-05   0.1686824870727264E-04   0.7753838244250033E-02
  0.2752500000000000E+02   0.9856270645121170E+00   0.7461722374382418E-02  -0.7205365337856096E-02   0.3757938507051714E-02   0.2852799102371512E-05   0.1662939418033853E-04   0.7680490488502139E-02
  0.2757500000000000E+02   0.9857154573984444E+00   0.7406732063569688E-02  -0.7160954196282154E-02   0.3730076941914502E-02   0.2836792066410608E-05   0.1641546761786140E-04   0.7622527159429638E-02
  0.2762500000000000E+02   0.9857963256830887E+00   0.7365151978788887E-02  -0.7120308268111164E-02   0.3708985106716095E-02   0.2825866027755338E-05   0.1622913501926902E-04   0.7578496966091909E-02
  0.2767500000000000E+02   0.9858674532464884E+00   0.7335151275289045E-02  -0.7084546906299005E-02   0.3693744141273240E-02   0.2819347648501635E-05   0.1607224574994400E-04   0.7546541681797722E-02
  0.2772500000000000E+02   0.9859269497159225E+00   0.7314526271728352E-02  -0.7054625860581032E-02   0.3683247065865943E-02   0.2816414675698090E-05   0.1594575258651771E-04   0.7524416464425338E-02
  0.2777500000000000E+02   0.9859733270398615E+00   0.7300734846088737E-02  -0.7031298779306194E-02   0.3676215996090143E-02   0.2816107831430893E-05   0.1584962564867158E-04   0.7509524387751088E-02
  0.2782500000000000E+02   0.9860055823252883E+00   0.7290953083671880E-02  -0.7015075512885716E-02   0.3671230501025846E-02   0.2817351396873807E-05   0.1578277446300200E-04   0.7498973356963611E-02
  0.2787500000000000E+02   0.9860232787134359E+00   0.7282160754592712E-02  -0.7006181328974681E-02   0.3666770435861727E-02   0.2818985158825373E-05   0.1574299774840597E-04   0.7489662328517620E-02
  0.2792500000000000E+02   0.9860266123731510E+00   0.7271258957918234E-02  -0.7004523017596465E-02   0.3661274963716217E-02   0.2819809179098936E-05   0.1572698367575424E-04   0.7478400545869000E-02
  0.2797500000000000E+02   0.9860164512680758E+00   0.7255218040081445E-02  -0.7009669099687477E-02   0.3653216861388454E-02   0.2818640844580984E-05   0.1573038264370930E-04   0.7462058232578553E-02
  0.2802500000000000E+02   0.9859943313571548E+00   0.7231247187793466E-02  -0.7020851374014869E-02   0.3641187832493542E-02   0.2814381040025857E-05   0.1574796859761049E-04   0.7437740336727794E-02
  0.2807500000000000E+02   0.9859623992405212E+00   0.7196970152875203E-02  -0.7036993376563605E-02   0.3623987049300280E-02   0.2806083526742589E-05   0.1577389319204993E-04   0.7402967730683855E-02
  0.2812500000000000E+02   0.9859232971576981E+00   0.7150586229657765E-02  -0.7056767878580228E-02   0.3600702436120423E-02   0.2793019423589963E-05   0.1580202097979532E-04   0.7355844609449692E-02
  0.2817500000000000E+02   0.9858799957488786E+00   0.7090993820388115E-02  -0.7078680775432611E-02   0.3570773274324446E-02   0.2774727846174207E-05   0.1582631656386518E-04   0.7295188718998796E-02
  0.2822500000000000E+02   0.9858355900252983E+00   0.7017856983536273E-02  -0.7101173657444004E-02   0.3534024211402920E-02   0.2751044803652082E-05   0.1584124084532649E-04   0.7220603880321906E-02
  0.2827500000000000E+02   0.9857930818652397E+00   0.6931603204514141E-02  -0.7122733362718181E-02   0.3490664676002898E-02   0.2722105399660969E-05   0.1584210752828643E-04   0.7132482092249267E-02
  0.2832500000000001E+02   0.9857551756935209E+00   0.6833351605473076E-02  -0.7141995088310926E-02   0.3441253216305023E-02   0.2688318626404356E-05   0.1582535533798942E-04   0.7031933686311615E-02
  0.2837500000000000E+02   0.9857241117409354E+00   0.6724782127030654E-02  -0.7157826733190653E-02   0.3386631988498077E-02   0.2650318503665486E-05   0.1578870525574097E-04   0.6920655735797028E-02
  0.2842500000000000E+02   0.9857015541015095E+00   0.6607964939755562E-02  -0.7169385732119560E-02   0.3327841045991676E-02   0.2608898840337640E-05   0.1573119173233389E-04   0.6800758143273544E-02
  0.2847499999999999E+02   0.9856885408662303E+00   0.6485173488970564E-02  -0.7176144635742454E-02   0.3266024206575504E-02   0.2564940672604858E-05   0.1565307696773707E-04   0.6674571413950986E-02
  0.2852500000000000E+02   0.9856854936522845E+00   0.6358703722983735E-02  -0.7177886718782611E-02   0.3202337880029989E-02   0.2519341252312176E-05   0.1555567302438833E-04   0.6544459532057347E-02
  0.2857500000000000E+02   0.9856922761741185E+00   0.6230717272009421E-02  -0.7174676786555700E-02   0.3137871852342902E-02   0.2472951703957305E-05   0.1544110490449979E-04   0.6412656619602051E-02
  0.2862500000000000E+02   0.9857082873205477E+00   0.6103119554862152E-02  -0.7166814484254935E-02   0.3073587609630402E-02   0.2426527873450839E-05   0.1531204849028333E-04   0.6281139124052499E-02
  0.2867500000000000E+02   0.9857325734984858E+00   0.5977476962920987E-02  -0.7154777791559486E-02   0.3010276339762684E-02   0.2380696228806747E-05   0.1517147220427916E-04   0.6151538201577349E-02
  0.2872500000000000E+02   0.9857639468925645E+00   0.5854971822709863E-02  -0.7139163448845132E-02   0.2948535991734728E-02   0.2335934511558187E-05   0.1502240313751505E-04   0.6025091239757321E-02
  0.2877500000000000E+02   0.9858010995348340E+00   0.5736390403124341E-02  -0.7120629432651460E-02   0.2888765026836275E-02   0.2292565445214347E-05   0.1486772984040902E-04   0.5902627797834480E-02
  0.2882500000000000E+02   0.9858427065452845E+00   0.5622137753596822E-02  -0.7099842850569305E-02   0.2831169737014502E-02   0.2250761177842773E-05   0.1471004681401083E-04   0.5784583609247700E-02
  0.2887500000000000E+02   0.9858875148137907E+00   0.5512273146529650E-02  -0.7077435154458578E-02   0.2775781990304117E-02   0.2210556089032221E-05   0.1455154084074125E-04   0.5671036203784067E-02
  0.2892500000000000E+02   0.9859344153850369E+00   0.5406560704914591E-02  -0.7053965561173658E-02   0.2722484665528759E-02   0.2171865877807921E-05   0.1439391668935879E-04   0.5561756501497462E-02
  0.2897500000000000E+02   0.9859824988692765E+00   0.5304530824223119E-02  -0.7029893029195988E-02   0.2671042555553531E-02   0.2134511231078823E-05   0.1423835891541110E-04   0.5456271782463771E-02
  0.2902500000000000E+02   0.9860310935596314E+00   0.5205548807395915E-02  -0.7005556954911563E-02   0.2621136927731805E-02   0.2098244675396603E-05   0.1408552670526023E-04   0.5353936282419470E-02
  0.2907500000000000E+02   0.9860797859382505E+00   0.5108887490199689E-02  -0.6981166749148504E-02   0.2572402113197942E-02   0.2062779341575713E-05   0.1393557920773551E-04   0.5254006053543120E-02
  0.2912500000000000E+02   0.9861284232666336E+00   0.5013800516519377E-02  -0.6956800447612377E-02   0.2524462439690105E-02   0.2027818307999694E-05   0.1378822893126094E-04   0.5155714627380848E-02
  0.2917500000000000E+02   0.9861770982825210E+00   0.4919592486733633E-02  -0.6932412344943684E-02   0.2476967604163948E-02   0.1993082994093013E-05   0.1364282017433967E-04   0.5058345578960393E-02
  0.2922499999999999E+02   0.9862261168334220E+00   0.4825681735406601E-02  -0.6907849236594488E-02   0.2429624346389720E-02   0.1958338864964652E-05   0.1349842803951039E-04   0.4961297611285140E-02
  0.2927500000000000E+02   0.9862759505463039E+00   0.4731651336424302E-02  -0.6882874214258150E-02   0.2382222203992646E-02   0.1923416619450409E-05   0.1335397162305599E-04   0.4864137607666499E-02
  0.2932500000000000E+02   0.9863271781513034E+00   0.4637284372310587E-02  -0.6857196195722115E-02   0.2334651348500569E-02   0.1888227186502756E-05   0.1320833301125432E-04   0.4766637536205789E-02
  0.2937500000000000E+02   0.9863804204857025E+00   0.4542580673455385E-02  -0.6830502659273430E-02   0.2286911089002647E-02   0.1852769308405764E-05   0.1306047240529928E-04   0.4668792280097868E-02
  0.2942499999999999E+02   0.9864362751024734E+00   0.4447754044995015E-02  -0.6802492598005361E-02   0.2239108541779090E-02   0.1817129213627967E-05   0.1290952960712704E-04   0.4570817325815895E-02
  0.2947500000000000E+02   0.9864952564870175E+00   0.4353211148808787E-02  -0.6772906666575818E-02   0.2191448047494725E-02   0.1781472757173903E-05   0.1275490349792997E-04   0.4473127458626740E-02
  0.2952500000000000E+02   0.9865577470429513E+00   0.4259515255768649E-02  -0.6741551915046773E-02   0.2144212950809120E-02   0.1746031254094147E-05   0.1259630388782371E-04   0.4376299738891594E-02
  0.2957500000000000E+02   0.9866239623892046E+00   0.4167339592535645E-02  -0.6708319318435185E-02   0.2097742120258246E-02   0.1711082871993132E-05   0.1243377368094431E-04   0.4281025610137424E-02
  0.2962500000000000E+02   0.9866939324669759E+00   0.4077415683033978E-02  -0.6673193340244743E-02   0.2052403929752506E-02   0.1676931755257445E-05   0.1226768293828215E-04   0.4188057711091936E-02
  0.2967500000000000E+02   0.9867674979257683E+00   0.3990481857444461E-02  -0.6636253791964197E-02   0.2008570311065465E-02   0.1643886992108446E-05   0.1209869940236858E-04   0.4098156750416397E-02
  0.2972500000000000E+02   0.9868443196353212E+00   0.3907236126011732E-02  -0.6597671070106670E-02   0.1966592996727046E-02   0.1612243162692452E-05   0.1192774187446687E-04   0.4012042809839253E-02
  0.2977500000000000E+02   0.9869238981981961E+00   0.3828296197158211E-02  -0.6557696344519637E-02   0.1926783358767577E-02   0.1582263643497132E-05   0.1175592334310832E-04   0.3930353982694323E-02
  0.2982500000000000E+02   0.9870056000730479E+00   0.3754167909300451E-02  -0.6516648407164372E-02   0.1889396487259426E-02   0.1554167232498266E-05   0.1158449010876291E-04   0.3853613692558355E-02
  0.2987500000000000E+02   0.9870886872580249E+00   0.3685222041384895E-02  -0.6474898720977063E-02   0.1854619494082582E-02   0.1528118123955661E-05   0.1141476170001318E-04   0.3782206680979926E-02
  0.2992500000000000E+02   0.9871723482277196E+00   0.3621678559017827E-02  -0.6432855834252238E-02   0.1822563568191852E-02   0.1504218882666403E-05   0.1124807457150888E-04   0.3716362703924918E-02
  0.2997500000000000E+02   0.9872557287387250E+00   0.3563596914278944E-02  -0.6390949861629580E-02   0.1793259086047312E-02   0.1482505878218527E-05   0.1108573081130763E-04   0.3656146511550504E-02
  0.3002500000000000E+02   0.9873379620147429E+00   0.3510871026111835E-02  -0.6349617280875686E-02   0.1766653084007444E-02   0.1462946634704588E-05   0.1092895165865009E-04   0.3601452684367353E-02
  0.3007500000000000E+02   0.9874181985364088E+00   0.3463227942662431E-02  -0.6309285933949749E-02   0.1742608587178682E-02   0.1445438699393687E-05   0.1077883471990509E-04   0.3552004276913366E-02
  0.3012500000000000E+02   0.9874956360868307E+00   0.3420229814893650E-02  -0.6270359905204526E-02   0.1720905604952763E-02   0.1429809890613556E-05   0.1063631345090384E-04   0.3507354862184676E-02
  0.3017500000000000E+02   0.9875695507746223E+00   0.3381279565804686E-02  -0.6233203912651475E-02   0.1701243983557025E-02   0.1415820099324883E-05   0.1050211776044559E-04   0.3466894346016565E-02
  0.3022500000000000E+02   0.9876393294376193E+00   0.3345631382906794E-02  -0.6198127007329468E-02   0.1683248680560430E-02   0.1403165133252891E-05   0.1037673544374523E-04   0.3429859687836649E-02
  0.3027500000000000E+02   0.9877045031237801E+00   0.3312407736837561E-02  -0.6165365730414818E-02   0.1666478316723185E-02   0.1391483341190872E-05   0.1026037548253390E-04   0.3395352262364624E-02
  0.3032500000000000E+02   0.9877647803056153E+00   0.3280624860605499E-02  -0.6135067400435790E-02   0.1650437978541340E-02   0.1380365863187249E-05   0.1015293587741420E-04   0.3362363845973839E-02
  0.3037500000000000E+02   0.9878200772469315E+00   0.3249228333095552E-02  -0.6107274825591813E-02   0.1634597100268229E-02   0.1369371241953838E-05   0.1005398032361391E-04   0.3329812927654758E-02
  0.3042500000000000E+02   0.9878705417475581E+00   0.3217139458285795E-02  -0.6081914337265459E-02   0.1618412777015039E-02   0.1358044739564451E-05   0.9962729293497090E-05   0.3296592083697705E-02
  0.3047500000000000E+02   0.9879165656880159E+00   0.3183311490308258E-02  -0.6058789446993340E-02   0.1601358036325476E-02   0.1345942014645371E-05   0.9878071449873278E-05   0.3261625485393187E-02
  0.3052500000000000E+02   0.9879587817752158E+00   0.3146792587485637E-02  -0.6037582442365186E-02   0.1582953506037954E-02   0.1332655892749167E-05   0.9798600311036847E-05   0.3223933393052921E-02
  0.3057500000000000E+02   0.9879980409756606E+00   0.3106790089547693E-02  -0.6017865694376456E-02   0.1562799763859959E-02   0.1317843973607858E-05   0.9722678465042285E-05   0.3182698136749585E-02
  0.3062500000000000E+02   0.9880353694070653E+00   0.3062728911613481E-02  -0.5999123302091847E-02   0.1540606745633832E-02   0.1301254021707287E-05   0.9648527554588142E-05   0.3137324217730648E-02
  0.3067500000000000E+02   0.9880719066667387E+00   0.3014296202613969E-02  -0.5980782087948278E-02   0.1516216260358392E-02   0.1282743768388077E-05   0.9574337438215147E-05   0.3087484470166626E-02
  0.3072500000000000E+02   0.9881088310346957E+00   0.2961465402001234E-02  -0.5962249215344495E-02   0.1489614151808403E-02   0.1262292126810861E-05   0.9498383554448439E-05   0.3033145198145812E-02
  0.3077500000000000E+02   0.9881472797865107E+00   0.2904495489063690E-02  -0.5942952289496595E-02   0.1460929981711451E-02   0.1239999916164556E-05   0.9419138880903223E-05   0.2974565902370863E-02
  0.3082500000000000E+02   0.9881882741336430E+00   0.2843905047937779E-02  -0.5922377152286162E-02   0.1430424034589423E-02   0.1216079804723758E-05   0.9335366943301246E-05   0.2912273126477692E-02
  0.3087500000000000E+02   0.9882326576283963E+00   0.2780424829272982E-02  -0.5900098919368046E-02   0.1398463487548150E-02   0.1190836918986919E-05   0.9246185265459475E-05   0.2847012125784065E-02
  0.3092500000000000E+02   0.9882810543817261E+00   0.2714935726468442E-02  -0.5875803056781037E-02   0.1365491220722952E-02   0.1164642978775173E-05   0.9151093732288479E-05   0.2779683411057221E-02
  0.3097500000000000E+02   0.9883338498516852E+00   0.2648400724732555E-02  -0.5849295099963792E-02   0.1331991574154171E-02   0.1137907565633409E-05   0.9049968191021488E-05   0.2711272940530494E-02
  0.3102500000000000E+02   0.9883911932457810E+00   0.2581799183667662E-02  -0.5820499488627839E-02   0.1298457261661336E-02   0.1111050097912054E-05   0.8943024747446189E-05   0.2642784565049195E-02
  0.3107500000000000E+02   0.9884530176246259E+00   0.2516070092639327E-02  -0.5789449481373055E-02   0.1265360788681445E-02   0.1084475392209367E-05   0.8830763533490738E-05   0.2575181586787829E-02
  0.3112500000000000E+02   0.9885190721125453E+00   0.2452068365046055E-02  -0.5756270963639620E-02   0.1233132426906351E-02   0.1058554616860724E-05   0.8713901831718730E-05   0.2509341657916161E-02
  0.3117500000000000E+02   0.9885889602809070E+00   0.2390535554583529E-02  -0.5721163136525376E-02   0.1202145447510805E-02   0.1033612304172516E-05   0.8593305608139649E-05   0.2446026485555766E-02
  0.3122500000000000E+02   0.9886621794895668E+00   0.2332084155994194E-02  -0.5684378713640803E-02   0.1172708195500914E-02   0.1009919131948553E-05   0.8469926404871752E-05   0.2385865516274079E-02
  0.3127500000000000E+02   0.9887381573044572E+00   0.2277193186693756E-02  -0.5646205583197395E-02   0.1145061847945856E-02   0.9876895421547706E-06   0.8344747951085775E-05   0.2329351252848799E-02
  0.3132500000000000E+02   0.9888162826197179E+00   0.2226212061895282E-02  -0.5606951132214433E-02   0.1119382353099734E-02   0.9670829530878357E-06   0.8218744391464622E-05   0.2276843140855245E-02
  0.3137500000000000E+02   0.9888959304837018E+00   0.2179369727944547E-02  -0.5566929739101778E-02   0.1095785022200021E-02   0.9482072830084079E-06   0.8092850081387798E-05   0.2228576904382026E-02
  0.3142500000000000E+02   0.9889764806911501E+00   0.2136786389973991E-02  -0.5526453405105713E-02   0.1074330432061470E-02   0.9311236478351587E-06   0.7967939588182722E-05   0.2184676586646821E-02
  0.3147500000000000E+02   0.9890573309157148E+00   0.2098485753402503E-02  -0.5485825136081424E-02   0.1055030590031381E-02   0.9158513354275741E-06   0.7844815826227054E-05   0.2145167148711970E-02
  0.3152500000000000E+02   0.9891379055547128E+00   0.2064406338266590E-02  -0.5445334485350894E-02   0.1037854634766772E-02   0.9023724272936113E-06   0.7724204010636476E-05   0.2109986136451986E-02
  0.3157500000000000E+02   0.9892176616134204E+00   0.2034411026338950E-02  -0.5405254589821884E-02   0.1022733648919462E-02   0.8906356940809104E-06   0.7606749190019899E-05   0.2078993544197406E-02
  0.3162500000000000E+02   0.9892960929436788E+00   0.2008294521115906E-02  -0.5365840037654612E-02   0.1009564421752785E-02   0.8805596150002974E-06   0.7493015385367722E-05   0.2051979538767926E-02
  0.3167500000000000E+02   0.9893727340293668E+00   0.1985788832555521E-02  -0.5327324967154268E-02   0.9982122171446736E-03   0.8720345594903318E-06   0.7383484730757784E-05   0.2028670151787715E-02
  0.3172500000000000E+02   0.9894471643150375E+00   0.1966567251394490E-02  -0.5289920895262035E-02   0.9885127801079715E-03   0.8649243255056378E-06   0.7278555433610581E-05   0.2008731410848717E-02
  0.3177500000000000E+02   0.9895190138179963E+00   0.1950247563325742E-02  -0.5253813902747262E-02   0.9802739586151443E-03   0.8590673572775191E-06   0.7178537830478068E-05   0.1991772673052884E-02
  0.3182500000000000E+02   0.9895879704477047E+00   0.1936395473459117E-02  -0.5219160962246394E-02   0.9732774282887188E-03   0.8542780667822295E-06   0.7083648309752268E-05   0.1977350150292468E-02
  0.3187500000000000E+02   0.9896537890740330E+00   0.1924529352583530E-02  -0.5186085387464012E-02   0.9672810785588497E-03   0.8503487509832569E-06   0.6994001408542970E-05   0.1964971760699275E-02
  0.3192500000000000E+02   0.9897163019391751E+00   0.1914127447527189E-02  -0.5154671606322214E-02   0.9620226345224065E-03   0.8470526168411822E-06   0.6909600956635436E-05   0.1954104473448158E-02
  0.3197499999999999E+02   0.9897754295189966E+00   0.1904638574419989E-02  -0.5124959706622856E-02   0.9572250269030435E-03   0.8441483778892381E-06   0.6830331696736825E-05   0.1944185189904881E-02
  0.3202500000000000E+02   0.9898311904615473E+00   0.1895496992105748E-02  -0.5096940443108489E-02   0.9526038611992817E-03   0.8413867493463735E-06   0.6755953280174812E-05   0.1934635878261704E-02
  0.3207500000000000E+02   0.9898837088519241E+00   0.1886141610442418E-02  -0.5070551585262373E-02   0.9478770647746358E-03   0.8385189316993353E-06   0.6686098808554932E-05   0.1924883127621129E-02
  0.3212500000000000E+02   0.9899332168877640E+00   0.1876038947746850E-02  -0.5045676568446789E-02   0.9427764187588406E-03   0.8353068440612657E-06   0.6620280036889866E-05   0.1914381533769091E-02
  0.3217500000000000E+02   0.9899800512114998E+00   0.1864708402514714E-02  -0.5022146330170174E-02   0.9370602549780432E-03   0.8315344867760438E-06   0.6557900868192461E-05   0.1902639462928371E-02
  0.3222500000000000E+02   0.9900246417041062E+00   0.1851747605832232E-02  -0.4999744933143924E-02   0.9305261965524872E-03   0.8270194478871658E-06   0.6498279824583020E-05   0.1889244923148596E-02
  0.3227500000000000E+02   0.9900674924822105E+00   0.1836855076293606E-02  -0.4978219106319237E-02   0.9230225466239698E-03   0.8216233116626582E-06   0.6440680867449008E-05   0.1873888713248933E-02
  0.3232500000000000E+02   0.9901091560219533E+00   0.1819847301532082E-02  -0.4957291241557638E-02   0.9144568798472901E-03   0.8152596675490708E-06   0.6384350486298569E-05   0.1856381913622091E-02
  0.3237499999999999E+02   0.9901502025199176E+00   0.1800667829689840E-02  -0.4936674786935047E-02   0.9048006212590928E-03   0.8078986073312746E-06   0.6328557707140396E-05   0.1836665245362792E-02
  0.3242500000000000E+02   0.9901911875082956E+00   0.1779386938677696E-02  -0.4916090521386751E-02   0.8940888912624604E-03   0.7995670267533885E-06   0.6272632918480380E-05   0.1814808823674050E-02
  0.3247499999999999E+02   0.9902326211269501E+00   0.1756191773671955E-02  -0.4895282000848766E-02   0.8824155598433474E-03   0.7903446349559831E-06   0.6216001402037299E-05   0.1791002178898711E-02
  0.3252500000000000E+02   0.9902749422089837E+00   0.1731368207675451E-02  -0.4874028588846890E-02   0.8699241389611502E-03   0.7803561896702944E-06   0.6158208217096742E-05   0.1765535812216365E-02
  0.3257500000000000E+02   0.9903184995224952E+00   0.1705276774198619E-02  -0.4852154892875271E-02   0.8567956925109209E-03   0.7697609775876988E-06   0.6098932438947467E-05   0.1738776674232374E-02
  0.3262500000000000E+02   0.9903635413439400E+00   0.1678325618686029E-02  -0.4829536014247848E-02   0.8432352443239601E-03   0.7587408432351421E-06   0.6037990357959561E-05   0.1711140570715128E-02
  0.3267500000000000E+02   0.9904102133056295E+00   0.1650943440137596E-02  -0.4806098638813872E-02   0.8294581778885010E-03   0.7474880979287229E-06   0.5975328734851495E-05   0.1683064531083420E-02
  0.3272499999999999E+02   0.9904585634263492E+00   0.1623554925433670E-02  -0.4781818515777192E-02   0.8156778863366296E-03   0.7361944446330703E-06   0.5911010288294329E-05   0.1654981700978903E-02
  0.3277500000000001E+02   0.9905085525689130E+00   0.1596560400926813E-02  -0.4756715206694184E-02   0.8020955405182112E-03   0.7250417152483436E-06   0.5845194123226993E-05   0.1627300528208280E-02
  0.3282500000000000E+02   0.9905600683181801E+00   0.1570320555403565E-02  -0.4730845113038007E-02   0.7888924054829746E-03   0.7141948303462254E-06   0.5778113810384135E-05   0.1600389122584579E-02
  0.3287500000000000E+02   0.9906129403800891E+00   0.1545146308110808E-02  -0.4704293737312848E-02   0.7762247432538403E-03   0.7037970403030005E-06   0.5710055431208753E-05   0.1574564871769713E-02
  0.3292500000000000E+02   0.9906669559494893E+00   0.1521293317200541E-02  -0.4677167958405226E-02   0.7642210488028702E-03   0.6939672429726474E-06   0.5641337286625356E-05   0.1550088802339570E-02
  0.3297500000000000E+02   0.9907218739524432E+00   0.1498960284498157E-02  -0.4649588871776467E-02   0.7529811952351008E-03   0.6847990148201895E-06   0.5572292301263628E-05   0.1527163826297650E-02
  0.3302500000000000E+02   0.9907774375292491E+00   0.1478290091042730E-02  -0.4621685513566010E-02   0.7425770028983674E-03   0.6763609319358860E-06   0.5503253559142433E-05   0.1505935887284663E-02
  0.3307500000000000E+02   0.9908333845166792E+00   0.1459372841520177E-02  -0.4593589590408897E-02   0.7330537689222195E-03   0.6686977718696787E-06   0.5434542949483808E-05   0.1486497063979760E-02
  0.3312499999999999E+02   0.9908894559778962E+00   0.1442250042888376E-02  -0.4565431190903690E-02   0.7244323675707957E-03   0.6618322496094561E-06   0.5366462601666390E-05   0.1468889837720233E-02
  0.3317500000000000E+02   0.9909454030107082E+00   0.1426919338124245E-02  -0.4537335362963524E-02   0.7167116300863606E-03   0.6557670266621862E-06   0.5299288633702717E-05   0.1453111930835345E-02
  0.3322500000000000E+02   0.9910009921510869E+00   0.1413339418581797E-02  -0.4509419397822567E-02   0.7098708145118062E-03   0.6504868222776767E-06   0.5233266700337804E-05   0.1439121329039116E-02
  0.3327500000000000E+02   0.9910560096987830E+00   0.1401434920676833E-02  -0.4481790656408635E-02   0.7038720675942677E-03   0.6459605378402905E-06   0.5168608871875141E-05   0.1426841287490321E-02
  0.3332500000000000E+02   0.9911102652464600E+00   0.1391101258869066E-02  -0.4454544796550164E-02   0.6986628544172202E-03   0.6421433719695874E-06   0.5105491472563270E-05   0.1416165269752834E-02
  0.3337500000000000E+02   0.9911635946123183E+00   0.1382209449542609E-02  -0.4427764300376946E-02   0.6941783830337948E-03   0.6389789511224465E-06   0.5044053632442386E-05   0.1406961874023842E-02
  0.3342500000000000E+02   0.9912158622755991E+00   0.1374611036624623E-02  -0.4401517251785170E-02   0.6903440796887294E-03   0.6364015268923118E-06   0.4984396438465646E-05   0.1399079858813381E-02
  0.3347499999999999E+02   0.9912669633096959E+00   0.1368143239907510E-02  -0.4375856366412245E-02   0.6870781753616343E-03   0.6343382965647485E-06   0.4926582692744192E-05   0.1392353391052088E-02
  0.3352500000000001E+02   0.9913168247130216E+00   0.1362634413897973E-02  -0.4350818324088124E-02   0.6842944477714221E-03   0.6327118888164587E-06   0.4870637383487384E-05   0.1386607606289534E-02
  0.3357500000000000E+02   0.9913654059668229E+00   0.1357909834574436E-02  -0.4326423489391829E-02   0.6819051276490155E-03   0.6314430242137875E-06   0.4816549035165855E-05   0.1381664499305716E-02
  0.3362500000000000E+02   0.9914126986141700E+00   0.1353797733744343E-02  -0.4302676123539739E-02   0.6798239290599490E-03   0.6304533147987947E-06   0.4764272118808901E-05   0.1377349064316588E-02
  0.3367499999999999E+02   0.9914587246647605E+00   0.1350135390459478E-02  -0.4279565185652978E-02   0.6779691082222352E-03   0.6296681152133632E-06   0.4713730665869043E-05   0.1373495491954285E-02
  0.3372500000000000E+02   0.9915035336898610E+00   0.1346774984936068E-02  -0.4257065791522296E-02   0.6762664030383643E-03   0.6290192881799653E-06   0.4664823141285402E-05   0.1369953124413750E-02
  0.3377500000000000E+02   0.9915471985767691E+00   0.1343588843233904E-02  -0.4235141345287019E-02   0.6746516667846183E-03   0.6284477094072587E-06   0.4617428503429416E-05   0.1366591791519618E-02
  0.3382500000000000E+02   0.9915898100496204E+00   0.1340473669232019E-02  -0.4213746290462783E-02   0.6730729934453503E-03   0.6279053200457969E-06   0.4571413229405227E-05   0.1363306117966642E-02
  0.3387500000000000E+02   0.9916314702122011E+00   0.1337353386417849E-02  -0.4192829352036576E-02   0.6714921451849177E-03   0.6273565447352546E-06   0.4526638939056424E-05   0.1360018418087844E-02
  0.3392500000000000E+02   0.9916722855030901E+00   0.1334180297637041E-02  -0.4172337073736099E-02   0.6698851354041120E-03   0.6267789313840493E-06   0.4482970137121165E-05   0.1356679881252000E-02
  0.3397500000000000E+02   0.9917123595492998E+00   0.1330934406271625E-02  -0.4152217406434344E-02   0.6682418887379388E-03   0.6261629308392022E-06   0.4440281532989106E-05   0.1353269888321135E-02
  0.3402500000000000E+02   0.9917517864437633E+00   0.1327620906947032E-02  -0.4132423083953118E-02   0.6665649819920545E-03   0.6255108112872630E-06   0.4398464404213604E-05   0.1349793466839152E-02
  0.3407500000000000E+02   0.9917906449479151E+00   0.1324266021559637E-02  -0.4112914534594614E-02   0.6648675542070973E-03   0.6248347813938194E-06   0.4357431542705458E-05   0.1346277063101552E-02
  0.3412500000000000E+02   0.9918289940392722E+00   0.1320911501347538E-02  -0.4093662117543140E-02   0.6631705468187512E-03   0.6241544656588586E-06   0.4317120447814659E-05   0.1342762956708074E-02
  0.3417500000000000E+02   0.9918668701018627E+00   0.1317608218597282E-02  -0.4074647534548670E-02   0.6614994865506199E-03   0.6234939259416970E-06   0.4277494585660867E-05   0.1339302747956491E-02
  0.3422499999999999E+02   0.9919042859167122E+00   0.1314409323539790E-02  -0.4055864337907722E-02   0.6598810497869870E-03   0.6228784501008939E-06   0.4238542693544943E-05   0.1335950401442048E-02
  0.3427500000000000E+02   0.9919412314720866E+00   0.1311363445351777E-02  -0.4037317524808182E-02   0.6583396488775778E-03   0.6223313329402076E-06   0.4200276250098708E-05   0.1332755332780009E-02
  0.3432500000000000E+02   0.9919776764949397E+00   0.1308508381995403E-02  -0.4019022267486627E-02   0.6568942636707786E-03   0.6218708610633376E-06   0.4162725342181524E-05   0.1329755990671743E-02
  0.3437500000000000E+02   0.9920135745136190E+00   0.1305865667226318E-02  -0.4001001874543997E-02   0.6555557132507432E-03   0.6215076888535104E-06   0.4125933234641451E-05   0.1326974329168108E-02
  0.3442500000000000E+02   0.9920488681962163E+00   0.1303436339111934E-02  -0.3983285111736845E-02   0.6543245307174178E-03   0.6212427644332988E-06   0.4089949994011705E-05   0.1324411499850240E-02
  0.3447500000000000E+02   0.9920834956613671E+00   0.1301198172676110E-02  -0.3965903034446772E-02   0.6531895728470782E-03   0.6210659367797238E-06   0.4054825542630482E-05   0.1322045030805841E-02
  0.3452500000000000E+02   0.9921173974183320E+00   0.1299104582569008E-02  -0.3948885504078903E-02   0.6521274679896600E-03   0.6209553495042101E-06   0.4020602537310221E-05   0.1319827701574245E-02
  0.3457500000000000E+02   0.9921505235518056E+00   0.1297085345381063E-02  -0.3932257581396925E-02   0.6511029773093264E-03   0.6208777010087875E-06   0.3987309485148478E-05   0.1317688266068965E-02
  0.3462500000000001E+02   0.9921828407203113E+00   0.1295049225302085E-02  -0.3916036013167701E-02   0.6500703114015824E-03   0.6207894199750419E-06   0.3954954530446069E-05   0.1315534108650181E-02
  0.3467500000000000E+02   0.9922143384893033E+00   0.1292888499190212E-02  -0.3900226052443334E-02   0.6489754003589810E-03   0.6206387635643007E-06   0.3923520364919666E-05   0.1313255829732871E-02
  0.3472500000000000E+02   0.9922450344839162E+00   0.1290485258335023E-02  -0.3884818870974915E-02   0.6477590557712163E-03   0.6203687886195916E-06   0.3892960714575145E-05   0.1310733636960010E-02
  0.3477499999999999E+02   0.9922749778412859E+00   0.1287719212490498E-02  -0.3869789824802905E-02   0.6463608870290245E-03   0.6199210724784977E-06   0.3863198821991147E-05   0.1307845264154557E-02
  0.3482500000000000E+02   0.9923042504906320E+00   0.1284476547067118E-02  -0.3855097809891239E-02   0.6447237466372051E-03   0.6192399742886731E-06   0.3834128253837149E-05   0.1304474962996512E-02
  0.3487500000000000E+02   0.9923329659086390E+00   0.1280659210013352E-02  -0.3840685884827333E-02   0.6427983917165314E-03   0.6182771410456550E-06   0.3805616208886785E-05   0.1300522935228055E-02
  0.3492500000000000E+02   0.9923612651937699E+00   0.1276193865185863E-02  -0.3826483239248613E-02   0.6405479786973512E-03   0.6169958915249517E-06   0.3777509284250451E-05   0.1295914430950877E-02
  0.3497499999999999E+02   0.9923893105631461E+00   0.1271039682176781E-02  -0.3812408456184357E-02   0.6379519745909604E-03   0.6153750746280967E-06   0.3749641397979551E-05   0.1290607670126650E-02
  0.3502500000000000E+02   0.9924172766661749E+00   0.1265194170152347E-02  -0.3798373870673055E-02   0.6350090869998738E-03   0.6134120122027906E-06   0.3721843303296624E-05   0.1284599781829071E-02
  0.3507500000000000E+02   0.9924453403809389E+00   0.1258696418544982E-02  -0.3784290690531322E-02   0.6317388928836773E-03   0.6111242073232830E-06   0.3693952912724265E-05   0.1277930112782558E-02
  0.3512499999999999E+02   0.9924736699584826E+00   0.1251627367529549E-02  -0.3770074445121674E-02   0.6281819765815707E-03   0.6085496218935383E-06   0.3665825526841812E-05   0.1270680520348897E-02
  0.3517500000000000E+02   0.9925024144628366E+00   0.1244107056477306E-02  -0.3755650286343282E-02   0.6243985508348886E-03   0.6057454837107149E-06   0.3637343063793577E-05   0.1262972595299188E-02
  0.3522500000000000E+02   0.9925316944010253E+00   0.1236289131001827E-02  -0.3740957692873970E-02   0.6204657014398792E-03   0.6027857449684228E-06   0.3608421516823806E-05   0.1254962097574251E-02
  0.3527500000000000E+02   0.9925615942583023E+00   0.1228353167436004E-02  -0.3725954218457672E-02   0.6164735358896176E-03   0.5997574516704343E-06   0.3579016103096087E-05   0.1246831171422725E-02
  0.3532500000000000E+02   0.9925921573884476E+00   0.1220495549494689E-02  -0.3710618058217485E-02   0.6125206047644139E-03   0.5967563726437770E-06   0.3549123859807992E-05   0.1238779085788924E-02
  0.3537500000000000E+02   0.9926233834129572E+00   0.1212919682760341E-02  -0.3694949355574129E-02   0.6087089902715062E-03   0.5938822659251656E-06   0.3518783735336928E-05   0.1231012298319562E-02
  0.3542500000000000E+02   0.9926552280134542E+00   0.1205826264895359E-02  -0.3678970307675056E-02   0.6051394224147468E-03   0.5912341315051106E-06   0.3488074461759621E-05   0.1223734573200707E-02
  0.3547500000000000E+02   0.9926876048029969E+00   0.1199404173670955E-02  -0.3662724227042391E-02   0.6019067051066913E-03   0.5889057269109762E-06   0.3457110646293945E-05   0.1217137725121589E-02
  0.3552500000000000E+02   0.9927203888572839E+00   0.1193822334868695E-02  -0.3646273769770669E-02   0.5990956341306622E-03   0.5869815268501387E-06   0.3426037571695408E-05   0.1211393358506890E-02
  0.3557500000000000E+02   0.9927534214768924E+00   0.1189222732976271E-02  -0.3629698545634330E-02   0.5967774888715601E-03   0.5855332120363635E-06   0.3395025159335982E-05   0.1206645768631632E-02
  0.3562500000000000E+02   0.9927865158195606E+00   0.1185714566305760E-02  -0.3613092291449238E-02   0.5950070987146033E-03   0.5846166936214653E-06   0.3364261448218515E-05   0.1203006006936280E-02
  0.3567500000000000E+02   0.9928194631594373E+00   0.1183369448567018E-02  -0.3596559729872162E-02   0.5938204349466131E-03   0.5842696304049004E-06   0.3333945809860771E-05   0.1200547011114233E-02
  0.3572500000000000E+02   0.9928520396667553E+00   0.1182217531176962E-02  -0.3580213167286517E-02   0.5932326649869318E-03   0.5845093816499842E-06   0.3304281984147272E-05   0.1199299671730015E-02
  0.3577500000000000E+02   0.9928840137263079E+00   0.1182244463117710E-02  -0.3564168821692970E-02   0.5932366270488687E-03   0.5853313586288344E-06   0.3275470912095616E-05   0.1199249749717247E-02
  0.3582500000000000E+02   0.9929151538997343E+00   0.1183389207344308E-02  -0.3548542827983892E-02   0.5938017345585662E-03   0.5867077881699197E-06   0.3247703279497852E-05   0.1200335662353389E-02
  0.3587499999999999E+02   0.9929452376626894E+00   0.1185542876633517E-02  -0.3533446854817046E-02   0.5948733918321419E-03   0.5885869729962440E-06   0.3221151686136770E-05   0.1202447301036079E-02
  0.3592500000000000E+02   0.9929740609962147E+00   0.1188548912376532E-02  -0.3518983293174349E-02   0.5963730831042088E-03   0.5908932143930280E-06   0.3195962428098085E-05   0.1205426207101339E-02
  0.3597499999999999E+02   0.9930014487718093E+00   0.1192205074510696E-02  -0.3505240046745128E-02   0.5981993696417541E-03   0.5935276366055316E-06   0.3172247027195037E-05   0.1209067578988098E-02
  0.3602500000000000E+02   0.9930272656428696E+00   0.1196267799243638E-02  -0.3492285067992262E-02   0.6002300741471228E-03   0.5963701991410515E-06   0.3150073852042055E-05   0.1213124674449374E-02
  0.3607500000000000E+02   0.9930514268598564E+00   0.1200459468270747E-02  -0.3480160931867537E-02   0.6023259252888147E-03   0.5992831798964088E-06   0.3129460424429909E-05   0.1217316159457383E-02
  0.3612500000000000E+02   0.9930739081052312E+00   0.1204478976600689E-02  -0.3468879900352051E-02   0.6043358568070846E-03   0.6021163369383947E-06   0.3110367247294031E-05   0.1221336798077372E-02
  0.3617500000000000E+02   0.9930947531657150E+00   0.1208015660344037E-02  -0.3458420070810764E-02   0.6061039923842788E-03   0.6047137960271722E-06   0.3092694162800516E-05   0.1224871548799655E-02
  0.3622499999999999E+02   0.9931140781129623E+00   0.1210766159693557E-02  -0.3448723274808718E-02   0.6074781037220213E-03   0.6069224677918547E-06   0.3076280276674913E-05   0.1227612641195596E-02
  0.3627500000000000E+02   0.9931320707400543E+00   0.1212453204556237E-02  -0.3439695356020178E-02   0.6083190344358464E-03   0.6086015011541162E-06   0.3060908302583373E-05   0.1229278611382002E-02
  0.3632500000000000E+02   0.9931489843620741E+00   0.1212844733583866E-02  -0.3431209275119418E-02   0.6085102929531192E-03   0.6096319840399112E-06   0.3046313758382568E-05   0.1229633689475674E-02
  0.3637500000000000E+02   0.9931651257327981E+00   0.1211771341732281E-02  -0.3423111166810711E-02   0.6079668088385259E-03   0.6099258841946700E-06   0.3032198816091149E-05   0.1228505508930776E-02
  0.3642500000000000E+02   0.9931808376683616E+00   0.1209139944407411E-02  -0.3415229053430391E-02   0.6066417928797734E-03   0.6094331574832865E-06   0.3018249873978442E-05   0.1225798996097836E-02
  0.3647500000000000E+02   0.9931964778336758E+00   0.1204941838826315E-02  -0.3407383485534266E-02   0.6045307876354437E-03   0.6081460866106107E-06   0.3004157244218324E-05   0.1221504591573068E-02
  0.3652500000000000E+02   0.9932123958292035E+00   0.1199254024088879E-02  -0.3399399037506190E-02   0.6016723364057109E-03   0.6061002468928624E-06   0.2989634908619364E-05   0.1215699642391870E-02
  0.3657500000000000E+02   0.9932289110318897E+00   0.1192233582968009E-02  -0.3391115427152647E-02   0.5981451708003827E-03   0.6033719657397553E-06   0.2974438217425569E-05   0.1208542757343239E-02
  0.3662499999999999E+02   0.9932462935047501E+00   0.1184105918126415E-02  -0.3382397097671852E-02   0.5940623137089330E-03   0.6000726430606339E-06   0.2958377725537884E-05   0.1200261921695469E-02
  0.3667500000000000E+02   0.9932647497325010E+00   0.1175148444039827E-02  -0.3373140379552830E-02   0.5895629004456931E-03   0.5963407148211210E-06   0.2941327998425602E-05   0.1191137989734626E-02
  0.3672499999999999E+02   0.9932844141166333E+00   0.1165671792787563E-02  -0.3363277763211214E-02   0.5848027504803368E-03   0.5923322834265881E-06   0.2923231013670801E-05   0.1181485640035422E-02
  0.3677500000000000E+02   0.9933053462808248E+00   0.1156000635356766E-02  -0.3352779256004079E-02   0.5799447443869924E-03   0.5882114725382849E-06   0.2904094543939759E-05   0.1171633925751165E-02
  0.3682500000000000E+02   0.9933275334914206E+00   0.1146455902888408E-02  -0.3341651171862137E-02   0.5751499017875087E-03   0.5841414142213898E-06   0.2883986478169715E-05   0.1161908233006151E-02
  0.3687500000000000E+02   0.9933508970143188E+00   0.1137339646437524E-02  -0.3329932944610148E-02   0.5705697823341555E-03   0.5802765078194024E-06   0.2863026339108081E-05   0.1152614908174230E-02
  0.3692500000000000E+02   0.9933753010461681E+00   0.1128923156668948E-02  -0.3317692648377002E-02   0.5663405221211936E-03   0.5767562814608699E-06   0.2841375287273412E-05   0.1144029188991006E-02
  0.3697499999999999E+02   0.9934005629349653E+00   0.1121438410627537E-02  -0.3305021869991265E-02   0.5625785396910351E-03   0.5737009068264278E-06   0.2819225724498680E-05   0.1136386511455671E-02
  0.3702500000000001E+02   0.9934264636591104E+00   0.1115072505037432E-02  -0.3292030450961270E-02   0.5593777410759276E-03   0.5712082091264730E-06   0.2796791312670110E-05   0.1129876849689995E-02
  0.3707500000000000E+02   0.9934527578706960E+00   0.1109964503998512E-02  -0.3278841447732384E-02   0.5568079369413254E-03   0.5693518933616744E-06   0.2774297890901489E-05   0.1124641509651281E-02
  0.3712500000000000E+02   0.9934791831485251E+00   0.1106204061106487E-02  -0.3265586488436778E-02   0.5549141507060316E-03   0.5681806697645849E-06   0.2751975472289195E-05   0.1120771727574498E-02
  0.3717500000000000E+02   0.9935054683946761E+00   0.1103831236022559E-02  -0.3252401559618590E-02   0.5537165265056733E-03   0.5677179885278104E-06   0.2730051268226881E-05   0.1118308483946647E-02
  0.3722500000000000E+02   0.9935313415162245E+00   0.1102837070109147E-02  -0.3239423152072707E-02   0.5532106183395950E-03   0.5679621651184738E-06   0.2708743539599511E-05   0.1117243089836907E-02
  0.3727500000000000E+02   0.9935565366510107E+00   0.1103164674557436E-02  -0.3226784636001678E-02   0.5533679364340592E-03   0.5688867724148440E-06   0.2688256009821907E-05   0.1117518293530723E-02
  0.3732500000000000E+02   0.9935808012247488E+00   0.1104710783937908E-02  -0.3214612721343602E-02   0.5541367269407414E-03   0.5704412775643735E-06   0.2668772585926798E-05   0.1119029857601734E-02
  0.3737500000000000E+02   0.9936039030739613E+00   0.1107327911150262E-02  -0.3203023885532508E-02   0.5554430529407533E-03   0.5725519958794009E-06   0.2650452208404403E-05   0.1121628742243332E-02
  0.3742500000000000E+02   0.9936256377463323E+00   0.1110827383077102E-02  -0.3192120712516622E-02   0.5571923166734597E-03   0.5751235091010747E-06   0.2633423774031437E-05   0.1125124176302945E-02
  0.3747500000000000E+02   0.9936458359122340E+00   0.1114983618363651E-02  -0.3181988176007344E-02   0.5592714041770958E-03   0.5780407395583476E-06   0.2617781231881413E-05   0.1129287981261028E-02
  0.3752500000000000E+02   0.9936643706100835E+00   0.1119540009884003E-02  -0.3172690005775691E-02   0.5615516341995532E-03   0.5811718744425543E-06   0.2603579119973118E-05   0.1133860515360207E-02
  0.3757500000000000E+02   0.9936811638346581E+00   0.1124216679576614E-02  -0.3164265382919695E-02   0.5638926457669904E-03   0.5843722872295885E-06   0.2590828961597508E-05   0.1138558509960891E-02
  0.3762500000000000E+02   0.9936961918019480E+00   0.1128720178042917E-02  -0.3156726298126133E-02   0.5661472609687705E-03   0.5874895032471991E-06   0.2579497043932543E-05   0.1143084873430442E-02
  0.3767500000000000E+02   0.9937094881327890E+00   0.1132754919065126E-02  -0.3150055952864772E-02   0.5681672180600358E-03   0.5903691098034212E-06   0.2569504123654269E-05   0.1147140252920759E-02
  0.3772499999999999E+02   0.9937211442331887E+00   0.1136035806787366E-02  -0.3144208565723061E-02   0.5698095033148360E-03   0.5928613367238982E-06   0.2560727518381759E-05   0.1150435808263569E-02
  0.3777500000000001E+02   0.9937313063378846E+00   0.1138301190634964E-02  -0.3139110851659299E-02   0.5709428482079687E-03   0.5948278615240766E-06   0.2553005839671726E-05   0.1152706325364003E-02
  0.3782500000000000E+02   0.9937401690204729E+00   0.1139325044316222E-02  -0.3134665273206161E-02   0.5714538386614034E-03   0.5961482636396748E-06   0.2546146320085513E-05   0.1153722553906218E-02
  0.3787500000000000E+02   0.9937479654147110E+00   0.1138927181235766E-02  -0.3130754941449099E-02   0.5712520407673284E-03   0.5967255018240722E-06   0.2539934330242156E-05   0.1153301567622425E-02
  0.3792500000000000E+02   0.9937549548579947E+00   0.1136980434428664E-02  -0.3127249810699451E-02   0.5702736052383608E-03   0.5964898427481458E-06   0.2534144341428925E-05   0.1151314060734292E-02
  0.3797500000000000E+02   0.9937614090614059E+00   0.1133414045308912E-02  -0.3124013613381105E-02   0.5684829711954458E-03   0.5954008287640214E-06   0.2528551341480941E-05   0.1147687812503484E-02
  0.3802500000000000E+02   0.9937675981411632E+00   0.1128212971709040E-02  -0.3120910865878290E-02   0.5658725235620065E-03   0.5934471136528127E-06   0.2522941616941109E-05   0.1142407022556428E-02
  0.3807500000000000E+02   0.9937737778592872E+00   0.1121413350928416E-02  -0.3117813269340797E-02   0.5624603217187403E-03   0.5906442701523767E-06   0.2517121898888887E-05   0.1135507751036997E-02
  0.3812500000000000E+02   0.9937801792148941E+00   0.1113094831387654E-02  -0.3114604932724085E-02   0.5582862568232004E-03   0.5870309264528886E-06   0.2510926115613176E-05   0.1127070182029707E-02
  0.3817500000000000E+02   0.9937870011519793E+00   0.1103370825520010E-02  -0.3111186033532554E-02   0.5534071654038665E-03   0.5826637719946344E-06   0.2504219347130195E-05   0.1117208773270224E-02
  0.3822500000000000E+02   0.9937944066898953E+00   0.1092377884257291E-02  -0.3107474762202744E-02   0.5478915011408662E-03   0.5776120570560270E-06   0.2496898959039971E-05   0.1106061506423355E-02
  0.3827500000000000E+02   0.9938025223323961E+00   0.1080265345868778E-02  -0.3103407621953158E-02   0.5418141430756922E-03   0.5719521922737101E-06   0.2488893233258212E-05   0.1093779405659972E-02
  0.3832500000000000E+02   0.9938114402467763E+00   0.1067186206758057E-02  -0.3098938338772506E-02   0.5352518157517594E-03   0.5657629520187337E-06   0.2480158058200625E-05   0.1080517285802053E-02
  0.3837500000000000E+02   0.9938212224709931E+00   0.1053289861173006E-02  -0.3094035753538948E-02   0.5282794460805359E-03   0.5591216312927713E-06   0.2470672367622524E-05   0.1066426387587340E-02
  0.3842500000000000E+02   0.9938319063136544E+00   0.1038717026884187E-02  -0.3088681115059444E-02   0.5209676162800551E-03   0.5521013340561805E-06   0.2460433029921230E-05   0.1051649223704988E-02
  0.3847499999999999E+02   0.9938435101419046E+00   0.1023596869553368E-02  -0.3082865177812977E-02   0.5133811195531009E-03   0.5447694106432181E-06   0.2449449811828601E-05   0.1036316650798445E-02
  0.3852500000000000E+02   0.9938560388725652E+00   0.1008046095377890E-02  -0.3076585447915114E-02   0.5055785031545290E-03   0.5371869323469843E-06   0.2437740904173021E-05   0.1020546935878186E-02
  0.3857500000000000E+02   0.9938694886553942E+00   0.9921696157455975E-03  -0.3069843833834573E-02   0.4976124002312884E-03   0.5294090013976615E-06   0.2425329334372066E-05   0.1004446416997105E-02
  0.3862500000000000E+02   0.9938838504309024E+00   0.9760622998893562E-03  -0.3062644861312025E-02   0.4895304077323756E-03   0.5214856454023196E-06   0.2412240426303129E-05   0.9881112685767813E-03
  0.3867500000000000E+02   0.9938991122331501E+00   0.9598113131687988E-03  -0.3054994517625254E-02   0.4813762584147715E-03   0.5134630327478860E-06   0.2398500321310804E-05   0.9716298626815215E-03
  0.3872500000000000E+02   0.9939152602725350E+00   0.9434985762551919E-03  -0.3046899707760398E-02   0.4731910538111680E-03   0.5053847628106386E-06   0.2384135455465357E-05   0.9550852553089962E-03
  0.3877500000000000E+02   0.9939322789635709E+00   0.9272029592197306E-03  -0.3038368239815292E-02   0.4650143644859773E-03   0.4972930244434577E-06   0.2369172803436006E-05   0.9385574062809583E-03
  0.3882500000000000E+02   0.9939501501519101E+00   0.9110019292994605E-03  -0.3029409212154888E-02   0.4568850564486316E-03   0.4892294703376500E-06   0.2353640650185997E-05   0.9221248473412644E-03
  0.3887500000000001E+02   0.9939688518415106E+00   0.8949724873922910E-03  -0.3020033651409348E-02   0.4488417609182765E-03   0.4812357158337477E-06   0.2337569636720306E-05   0.9058656308443534E-03
  0.3892500000000000E+02   0.9939883567287837E+00   0.8791913424961291E-03  -0.3010255247406279E-02   0.4409229619078495E-03   0.4733534313286331E-06   0.2320993841300035E-05   0.8898575071253565E-03
  0.3897500000000000E+02   0.9940086308213797E+00   0.8637343734406044E-03  -0.3000091045745168E-02   0.4331667263373015E-03   0.4656240511510696E-06   0.2303951696465373E-05   0.8741773801840593E-03
  0.3902499999999999E+02   0.9940296323637653E+00   0.8486755042284288E-03  -0.2989561986557421E-02   0.4256101400098813E-03   0.4580881636218591E-06   0.2286486596695969E-05   0.8589001694085000E-03
  0.3907500000000000E+02   0.9940513112208776E+00   0.8340851678092663E-03  -0.2978693213541161E-02   0.4182885371314888E-03   0.4507846739510445E-06   0.2268647112490092E-05   0.8440972543193513E-03
  0.3912500000000000E+02   0.9940736087963814E+00   0.8200285522695165E-03  -0.2967514114863623E-02   0.4112346206761352E-03   0.4437498429757556E-06   0.2250486785417816E-05   0.8298346988210954E-03
  0.3917500000000000E+02   0.9940964584937280E+00   0.8065638165643982E-03  -0.2956058091805769E-02   0.4044775674684682E-03   0.4370163021075700E-06   0.2232063528241695E-05   0.8161714445605429E-03
  0.3922500000000000E+02   0.9941197866738273E+00   0.7937404365783398E-03  -0.2944362078314611E-02   0.3980421986444275E-03   0.4306121316030446E-06   0.2213438690075136E-05   0.8031576363339126E-03
  0.3927500000000000E+02   0.9941435140266379E+00   0.7815978046632418E-03  -0.2932465852944377E-02   0.3919482772708380E-03   0.4245600697097513E-06   0.2194675867235862E-05   0.7908332043484770E-03
  0.3932500000000000E+02   0.9941675572556171E+00   0.7701641650327218E-03  -0.2920411193889971E-02   0.3862099744489335E-03   0.4188768987356798E-06   0.2175839547148055E-05   0.7792267868098223E-03
  0.3937499999999999E+02   0.9941918309709769E+00   0.7594559302055548E-03  -0.2908240929313965E-02   0.3808355265684807E-03   0.4135730342835320E-06   0.2156993668478605E-05   0.7683550385910909E-03
  0.3942500000000000E+02   0.9942162496954101E+00   0.7494773944926015E-03  -0.2895997931302574E-02   0.3758270917264681E-03   0.4086523282090009E-06   0.2138200169845172E-05   0.7582223421134277E-03
  0.3947500000000000E+02   0.9942407298989713E+00   0.7402208410980178E-03  -0.2883724095248619E-02   0.3711808035759747E-03   0.4041120853373049E-06   0.2119517586139065E-05   0.7488209168489279E-03
  0.3952500000000000E+02   0.9942651919931617E+00   0.7316670291553741E-03  -0.2871459339747973E-02   0.3668870157256246E-03   0.3999432883443353E-06   0.2100999739323812E-05   0.7401313134453110E-03
  0.3957500000000000E+02   0.9942895622241786E+00   0.7237860435043665E-03  -0.2859240657121620E-02   0.3629307280455298E-03   0.3961310232069524E-06   0.2082694561918680E-05   0.7321232749000113E-03
  0.3962500000000000E+02   0.9943137744096223E+00   0.7165384896808734E-03  -0.2847101242493877E-02   0.3592921860698144E-03   0.3926550973504039E-06   0.2064643087270956E-05   0.7247569468837560E-03
  0.3967500000000000E+02   0.9943377714614701E+00   0.7098770155368530E-03  -0.2835069730089512E-02   0.3559476441598808E-03   0.3894908419481503E-06   0.2046878640796290E-05   0.7179844182752104E-03
  0.3972500000000000E+02   0.9943615066323841E+00   0.7037481356076874E-03  -0.2823169568296202E-02   0.3528702804411413E-03   0.3866100868214380E-06   0.2029426269075155E-05   0.7117515676535952E-03
  0.3977500000000000E+02   0.9943849444154667E+00   0.6980943223456071E-03  -0.2811418568513968E-02   0.3500312455160074E-03   0.3839822896608527E-06   0.2012302446534494E-05   0.7060001794135183E-03
  0.3982500000000000E+02   0.9944080610235205E+00   0.6928563088194278E-03  -0.2799828664852066E-02   0.3474008171758358E-03   0.3815757903513494E-06   0.1995515099512903E-05   0.7006702734802605E-03
  0.3987500000000000E+02   0.9944308443770284E+00   0.6879755216565699E-03  -0.2788405920153281E-02   0.3449496203919405E-03   0.3793591466421701E-06   0.1979063981981681E-05   0.6957025665350114E-03
  0.3992500000000000E+02   0.9944532935441688E+00   0.6833965342154309E-03  -0.2777150806754891E-02   0.3426498574357275E-03   0.3773024910644640E-06   0.1962941423978403E-05   0.6910409535817990E-03
  0.3997500000000000E+02   0.9944754176032002E+00   0.6790694033601083E-03  -0.2766058776861868E-02   0.3404764796348632E-03   0.3753788336800399E-06   0.1947133452286194E-05   0.6866348717897582E-03
  0.4002500000000000E+02   0.9944972339370235E+00   0.6749517348541526E-03  -0.2755121117611892E-02   0.3384082230688268E-03   0.3735652243293692E-06   0.1931621254158403E-05   0.6824413899810730E-03
  0.4007500000000000E+02   0.9945187660181916E+00   0.6710103180562589E-03  -0.2744326061626778E-02   0.3364284283318728E-03   0.3718436847854808E-06   0.1916382922123770E-05   0.6784268627332102E-03
  0.4012499999999999E+02   0.9945400407939664E+00   0.6672221842422655E-03  -0.2733660098103829E-02   0.3345255713272655E-03   0.3702018279041029E-06   0.1901395385727646E-05   0.6745680018268060E-03
  0.4017500000000000E+02   0.9945610858274798E+00   0.6635749753685220E-03  -0.2723109406213897E-02   0.3326934483428291E-03   0.3686330981001954E-06   0.1886636409837935E-05   0.6708522505891328E-03
  0.4022499999999999E+02   0.9945819263849350E+00   0.6600665586058845E-03  -0.2712661315581233E-02   0.3309309829785956E-03   0.3671365938364991E-06   0.1872086523621160E-05   0.6672773957083880E-03
  0.4027500000000000E+02   0.9946025826743462E+00   0.6567038803293915E-03  -0.2702305690817530E-02   0.3292416517538845E-03   0.3657164649496985E-06   0.1857730742482219E-05   0.6638504100816223E-03
  0.4032500000000000E+02   0.9946230674362078E+00   0.6535011132336889E-03  -0.2692036139638976E-02   0.3276325552962242E-03   0.3643809110531794E-06   0.1843559957564311E-05   0.6605855809073974E-03
  0.4037500000000000E+02   0.9946433840624522E+00   0.6504772035906356E-03  -0.2681850956143483E-02   0.3261131887624112E-03   0.3631408373370640E-06   0.1829571891477252E-05   0.6575020311807876E-03
  0.4042500000000000E+02   0.9946635253823136E+00   0.6476529660887942E-03  -0.2671753729747373E-02   0.3246939854109454E-03   0.3620082472763408E-06   0.1815771550333782E-05   0.6546207836320017E-03
  0.4047499999999999E+02   0.9946834732095238E+00   0.6450478983676415E-03  -0.2661753572439807E-02   0.3233847196165325E-03   0.3609944663836530E-06   0.1802171135595964E-05   0.6519615411033482E-03
  0.4052500000000000E+02   0.9947031987018264E+00   0.6426768973851867E-03  -0.2651864938793880E-02   0.3221928606432629E-03   0.3601082977126181E-06   0.1788789409894514E-05   0.6495393674894313E-03
  0.4057500000000000E+02   0.9947226635462649E+00   0.6405470595333761E-03  -0.2642107031992413E-02   0.3211219683774654E-03   0.3593542106955942E-06   0.1775650535926909E-05   0.6473614531133814E-03
  0.4062500000000000E+02   0.9947418219538433E+00   0.6386547421041986E-03  -0.2632502804100212E-02   0.3201702200541813E-03   0.3587306634778840E-06   0.1762782426304419E-05   0.6454241440092804E-03
  0.4067500000000000E+02   0.9947606234228011E+00   0.6369830612318859E-03  -0.2623077571016430E-02   0.3193291557621944E-03   0.3582286584914278E-06   0.1750214656911775E-05   0.6437104120209338E-03
  0.4072499999999999E+02   0.9947790162053306E+00   0.6355000044297282E-03  -0.2613857274782583E-02   0.3185827320065395E-03   0.3578306336575266E-06   0.1737976011086084E-05   0.6421879455993196E-03
  0.4077500000000000E+02   0.9947969513805313E+00   0.6341573439596503E-03  -0.2604866441965337E-02   0.3179067766740567E-03   0.3575097971662994E-06   0.1726091741599647E-05   0.6408080493553900E-03
  0.4082500000000000E+02   0.9948143873893476E+00   0.6328905451522030E-03  -0.2596125910406588E-02   0.3172689426988092E-03   0.3572300192592932E-06   0.1714580666304858E-05   0.6395055483967444E-03
  0.4087499999999999E+02   0.9948312948206959E+00   0.6316198609721122E-03  -0.2587650429982991E-02   0.3166292563173108E-03   0.3569463939290294E-06   0.1703452253146316E-05   0.6381998906895728E-03
  0.4092500000000000E+02   0.9948476611534294E+00   0.6302527763210242E-03  -0.2579446285389086E-02   0.3159413418812284E-03   0.3566065687928952E-06   0.1692703898602253E-05   0.6367976127193291E-03
  0.4097499999999999E+02   0.9948634950662637E+00   0.6286878977083249E-03  -0.2571509135345873E-02   0.3151543711987442E-03   0.3561529038839540E-06   0.1682318652573973E-05   0.6351962653326497E-03
  0.4102500000000000E+02   0.9948788298472934E+00   0.6268202650348266E-03  -0.2563822302992791E-02   0.3142157258031785E-03   0.3555254532259312E-06   0.1672263678530988E-05   0.6332897767173452E-03
  0.4107500000000000E+02   0.9948937253946230E+00   0.6245478916985934E-03  -0.2556355772355134E-02   0.3130742750795722E-03   0.3546656661094554E-06   0.1662489742581145E-05   0.6309750573351102E-03
  0.4112500000000000E+02   0.9949082683311113E+00   0.6217791326550232E-03  -0.2549066130032362E-02   0.3116840696326829E-03   0.3535205864696737E-06   0.1652931981339999E-05   0.6281594429674981E-03
  0.4117500000000000E+02   0.9949225698835386E+00   0.6184402719960841E-03  -0.2541897627480028E-02   0.3100081449662312E-03   0.3520472080929396E-06   0.1643512094857720E-05   0.6247683617194973E-03
  0.4122499999999999E+02   0.9949367614049913E+00   0.6144825619469245E-03  -0.2534784424752523E-02   0.3080220504694726E-03   0.3502165489736009E-06   0.1634141949792693E-05   0.6207524492266599E-03
  0.4127500000000000E+02   0.9949509877256697E+00   0.6098878875304058E-03  -0.2527653922995143E-02   0.3057166897553882E-03   0.3480169709368729E-06   0.1624728380196706E-05   0.6160932776349299E-03
  0.4132500000000000E+02   0.9949653988480245E+00   0.6046723150267944E-03  -0.2520430927181683E-02   0.3031001003804279E-03   0.3454563139298787E-06   0.1615178776696471E-05   0.6108069481769250E-03
  0.4137500000000000E+02   0.9949801407834166E+00   0.5988870151216404E-03  -0.2513042239545737E-02   0.3001979176079927E-03   0.3425625433710297E-06   0.1605406906378175E-05   0.6049450319350787E-03
  0.4142500000000000E+02   0.9949953464867188E+00   0.5926163987911157E-03  -0.2505421204269664E-02   0.2970524408797179E-03   0.3393828049284069E-06   0.1595338346648910E-05   0.5985926939404410E-03
  0.4147500000000000E+02   0.9950111278359433E+00   0.5859736943611316E-03  -0.2497511728603796E-02   0.2937204173678724E-03   0.3359810040684688E-06   0.1584914967557597E-05   0.5918642302849417E-03
  0.4152500000000000E+02   0.9950275694236818E+00   0.5790945403182273E-03  -0.2489271395913151E-02   0.2902698305453868E-03   0.3324342277530419E-06   0.1574098049888330E-05   0.5848965980219527E-03
  0.4157500000000000E+02   0.9950447246198355E+00   0.5721293944744451E-03  -0.2480673440176329E-02   0.2867760950795639E-03   0.3288284588329337E-06   0.1562869844583487E-05   0.5778417465267245E-03
  0.4162500000000000E+02   0.9950626140059724E+00   0.5652356253245032E-03  -0.2471707531503831E-02   0.2833180921243667E-03   0.3252540757329012E-06   0.1551233611072341E-05   0.5708586254375006E-03
  0.4167500000000000E+02   0.9950812259517328E+00   0.5585700598986798E-03  -0.2462379487662592E-02   0.2799744332508467E-03   0.3218015821284721E-06   0.1539212367750868E-05   0.5641056522197711E-03
  0.4172500000000000E+02   0.9951005188654756E+00   0.5522825556758745E-03  -0.2452710146070625E-02   0.2768202376434430E-03   0.3185578963642239E-06   0.1526846713029703E-05   0.5577342137117135E-03
  0.4177500000000000E+02   0.9951204245345477E+00   0.5465109028407579E-03  -0.2442733689327903E-02   0.2739245762110245E-03   0.3156033825952898E-06   0.1514192118526924E-05   0.5518835120092838E-03
  0.4182500000000000E+02   0.9951408519717332E+00   0.5413771065588510E-03  -0.2432495716806149E-02   0.2713486076051865E-03   0.3130096589195114E-06   0.1501316066212435E-05   0.5466768056172739E-03
  0.4187500000000000E+02   0.9951616912767588E+00   0.5369848900614983E-03  -0.2422051308556994E-02   0.2691443263986938E-03   0.3108380970783014E-06   0.1488295320395747E-05   0.5422188855112227E-03
  0.4192500000000000E+02   0.9951828171688526E+00   0.5334181196380631E-03  -0.2411463254066382E-02   0.2673537736199521E-03   0.3091388464181956E-06   0.1475213518677335E-05   0.5385944843754191E-03
  0.4197499999999999E+02   0.9952040920143425E+00   0.5307397846592601E-03  -0.2400800534163361E-02   0.2660085257403194E-03   0.3079501736769563E-06   0.1462159154851585E-05   0.5358672484056851E-03
  0.4202500000000001E+02   0.9952253683374845E+00   0.5289911602767641E-03  -0.2390137062079134E-02   0.2651292754458674E-03   0.3072979049242598E-06   0.1449223925638463E-05   0.5340788953789034E-03
  0.4207500000000000E+02   0.9952464909492057E+00   0.5281908243542054E-03  -0.2379550616211978E-02   0.2647253395218890E-03   0.3071947794532577E-06   0.1436501329119104E-05   0.5332482269357353E-03
  0.4212500000000000E+02   0.9952672989515081E+00   0.5283332825614635E-03  -0.2369121835458121E-02   0.2647939704580415E-03   0.3076395715615748E-06   0.1424085337961261E-05   0.5333697461317334E-03
  0.4217500000000000E+02   0.9952876279726619E+00   0.5293870708156471E-03  -0.2358933099158578E-02   0.2653194061368087E-03   0.3086159019786283E-06   0.1412068925282922E-05   0.5344117475995152E-03
  0.4222500000000000E+02   0.9953073130560380E+00   0.5312923521817059E-03  -0.2349067079753464E-02   0.2662716660959501E-03   0.3100907462989284E-06   0.1400542196992057E-05   0.5363138969042946E-03
  0.4227500000000000E+02   0.9953261926530192E+00   0.5339582082760474E-03  -0.2339604742395585E-02   0.2676051945202129E-03   0.3120127547505099E-06   0.1389589887338882E-05   0.5389845002058781E-03
  0.4232500000000000E+02   0.9953441141380148E+00   0.5372600422859611E-03  -0.2330622581985908E-02   0.2692575588901002E-03   0.3143106257052599E-06   0.1379288014961073E-05   0.5422978843183623E-03
  0.4237500000000000E+02   0.9953609411421038E+00   0.5410377496278164E-03  -0.2322188948941983E-02   0.2711485329406248E-03   0.3168919175658345E-06   0.1369699589904152E-05   0.5460925483366315E-03
  0.4242500000000000E+02   0.9953765627588647E+00   0.5450955396963342E-03  -0.2314359436710767E-02   0.2731800065743030E-03   0.3196428206686814E-06   0.1360869422880015E-05   0.5501709776492058E-03
  0.4247500000000000E+02   0.9953909042894040E+00   0.5492044461384964E-03  -0.2307171497687999E-02   0.2752372425904552E-03   0.3224295061835332E-06   0.1352818322841691E-05   0.5543021669630472E-03
  0.4252500000000000E+02   0.9954039386738520E+00   0.5531085535928758E-03  -0.2300638714620495E-02   0.2771919954325129E-03   0.3251016692589961E-06   0.1345537263197584E-05   0.5582278901660925E-03
  0.4257500000000000E+02   0.9954156971723415E+00   0.5565356949169343E-03  -0.2294745447363411E-02   0.2789078700234373E-03   0.3274987283251294E-06   0.1338982402048149E-05   0.5616734795540578E-03
  0.4262500000000000E+02   0.9954262773539335E+00   0.5592127624675937E-03  -0.2289442827795307E-02   0.2802479929913550E-03   0.3294587871747466E-06   0.1333072069102325E-05   0.5643632621655096E-03
  0.4267500000000000E+02   0.9954358462347873E+00   0.5608848447134875E-03  -0.2284647184709110E-02   0.2810846015002263E-03   0.3308299174921239E-06   0.1327686865281411E-05   0.5660398611095346E-03
  0.4272499999999999E+02   0.9954446366895444E+00   0.5613362999542981E-03  -0.2280241839103581E-02   0.2813096039057165E-03   0.3314826658750716E-06   0.1322673755068844E-05   0.5664854602895344E-03
  0.4277500000000000E+02   0.9954529361564511E+00   0.5604109144141994E-03  -0.2276082761274556E-02   0.2808446829485545E-03   0.3313221085516353E-06   0.1317854430990547E-05   0.5655421563514713E-03
  0.4282500000000000E+02   0.9954610680754634E+00   0.5580278373762097E-03  -0.2272007870288584E-02   0.2796492840624152E-03   0.3302974917712193E-06   0.1313037382296701E-05   0.5631280603728820E-03
  0.4287500000000000E+02   0.9954693681011926E+00   0.5541903336897493E-03  -0.2267848953251828E-02   0.2777250052072257E-03   0.3284076831224417E-06   0.1308032225764347E-05   0.5592461594725560E-03
  0.4292500000000000E+02   0.9954781584196472E+00   0.5489855841250006E-03  -0.2263444536491965E-02   0.2751155007395535E-03   0.3257013483696675E-06   0.1302664242297320E-05   0.5539841469209411E-03
  0.4297500000000000E+02   0.9954877240108269E+00   0.5425755075227785E-03  -0.2258651783207832E-02   0.2719018854397954E-03   0.3222717940536166E-06   0.1296786940548851E-05   0.5475051878165143E-03
  0.4302500000000000E+02   0.9954982942399454E+00   0.5351803459307570E-03  -0.2253355721884231E-02   0.2681945106004179E-03   0.3182474670462086E-06   0.1290290899496178E-05   0.5400313720046473E-03
  0.4307500000000000E+02   0.9955100318931269E+00   0.5270580008470049E-03  -0.2247474744423550E-02   0.2641226093173745E-03   0.3137798546564400E-06   0.1283107980004979E-05   0.5318228670854279E-03
  0.4312500000000000E+02   0.9955230301450687E+00   0.5184825127932020E-03  -0.2240962128968960E-02   0.2598235110450687E-03   0.3090307867489444E-06   0.1275210957031490E-05   0.5231561954337900E-03
  0.4317500000000000E+02   0.9955373164703371E+00   0.5097246477660912E-03  -0.2233804082184210E-02   0.2554329109622773E-03   0.3041609046571474E-06   0.1266609418969245E-05   0.5143046290780809E-03
  0.4322500000000000E+02   0.9955528615538610E+00   0.5010365750117927E-03  -0.2226015275194726E-02   0.2510771891642289E-03   0.2993204932758062E-06   0.1257343227916378E-05   0.5055227093155222E-03
  0.4327499999999999E+02   0.9955695909361519E+00   0.4926414774192448E-03  -0.2217633008048669E-02   0.2468682017825330E-03   0.2946431999085310E-06   0.1247474905642537E-05   0.4970357440435119E-03
  0.4332500000000000E+02   0.9955873973395656E+00   0.4847279525692232E-03  -0.2208711032108956E-02   0.2429004732395603E-03   0.2902425791405418E-06   0.1237082095693486E-05   0.4890341423662544E-03
  0.4337500000000000E+02   0.9956061521445265E+00   0.4774484123476530E-03  -0.2199313797952462E-02   0.2392503928640179E-03   0.2862110122619775E-06   0.1226250893210604E-05   0.4816717885506445E-03
  0.4342500000000000E+02   0.9956257150971835E+00   0.4709203949739984E-03  -0.2189511589366311E-02   0.2359768715821507E-03   0.2826203687200892E-06   0.1215070458658479E-05   0.4750673594629651E-03
  0.4347500000000000E+02   0.9956459418750405E+00   0.4652296911576293E-03  -0.2179376730801930E-02   0.2331229082204071E-03   0.2795237636657045E-06   0.1203629021789869E-05   0.4693074765968290E-03
  0.4352500000000000E+02   0.9956666895383371E+00   0.4604343469661605E-03  -0.2168980854500568E-02   0.2307175955305825E-03   0.2769578563106316E-06   0.1192011170616338E-05   0.4644507457932171E-03
  0.4357500000000000E+02   0.9956878201406466E+00   0.4565688406844769E-03  -0.2158393090307298E-02   0.2287782136578103E-03   0.2749452699715781E-06   0.1180296203909807E-05   0.4605319745509537E-03
  0.4362499999999999E+02   0.9957092028878181E+00   0.4536479701892243E-03  -0.2147678983185131E-02   0.2273121786833925E-03   0.2734968550647567E-06   0.1168557283672012E-05   0.4575660983890129E-03
  0.4367500000000000E+02   0.9957307152584645E+00   0.4516701936157427E-03  -0.2136899931345138E-02   0.2263187172592447E-03   0.2726136382846602E-06   0.1156861130592372E-05   0.4555515560514241E-03
  0.4372500000000000E+02   0.9957522434679548E+00   0.4506203260807528E-03  -0.2126112953556913E-02   0.2257902185488195E-03   0.2722883964912451E-06   0.1145268038879776E-05   0.4544730149775237E-03
  0.4377500000000000E+02   0.9957736825984935E+00   0.4504716102892704E-03  -0.2115370623950952E-02   0.2257132723704435E-03   0.2725068629307616E-06   0.1133832031614813E-05   0.4543034647179947E-03
  0.4382500000000000E+02   0.9957949366474216E+00   0.4511872568193858E-03  -0.2104721047937796E-02   0.2260694415215589E-03   0.2732486207524147E-06   0.1122601024929133E-05   0.4550057747451612E-03
  0.4387500000000000E+02   0.9958159186730283E+00   0.4527215995636715E-03  -0.2094207789368974E-02   0.2268358411673164E-03   0.2744877694491526E-06   0.1111616914668695E-05   0.4565338632922286E-03
  0.4392500000000000E+02   0.9958365511450873E+00   0.4550210400139830E-03  -0.2083869695189922E-02   0.2279856123154349E-03   0.2761934677829837E-06   0.1100915541531727E-05   0.4588336523409280E-03
  0.4397500000000000E+02   0.9958567665365039E+00   0.4580249644228821E-03  -0.2073740599326079E-02   0.2294883815854083E-03   0.2783304640051932E-06   0.1090526530000684E-05   0.4618439943273616E-03
  0.4402500000000000E+02   0.9958765081231802E+00   0.4616668109087496E-03  -0.2063848922254641E-02   0.2313107959913875E-03   0.2808597209629921E-06   0.1080473032648559E-05   0.4654977491242253E-03
  0.4407500000000000E+02   0.9958957308933796E+00   0.4658754378237455E-03  -0.2054217215698206E-02   0.2334172085601372E-03   0.2837392289843117E-06   0.1070771443566733E-05   0.4697231639173337E-03
  0.4412500000000000E+02   0.9959144024101886E+00   0.4705768984136097E-03  -0.2044861730774450E-02   0.2357705674173596E-03   0.2869250720497503E-06   0.1061431170257950E-05   0.4744456619590421E-03
  0.4417500000000000E+02   0.9959325034285326E+00   0.4756966600265162E-03  -0.2035792109054246E-02   0.2383335275279225E-03   0.2903727725903812E-06   0.1052454568707156E-05   0.4795900789130825E-03
  0.4422499999999999E+02   0.9959500280506405E+00   0.4811622227748543E-03  -0.2027011304779447E-02   0.2410697625212983E-03   0.2940388895330920E-06   0.1043837147335934E-05   0.4850833015297409E-03
  0.4427500000000000E+02   0.9959669832190674E+00   0.4869060015957869E-03  -0.2018515838881019E-02   0.2439454084687099E-03   0.2978827883267636E-06   0.1035568128964383E-05   0.4908571717439624E-03
  0.4432500000000000E+02   0.9959833873986422E+00   0.4928682508633686E-03  -0.2010296459262872E-02   0.2469305289998166E-03   0.3018684490014903E-06   0.1027631424979804E-05   0.4968514338369433E-03
  0.4437499999999999E+02   0.9959992683854588E+00   0.4989997483950804E-03  -0.2002339238368345E-02   0.2500004599280643E-03   0.3059661388853702E-06   0.1020007025627137E-05   0.5030164394803218E-03
  0.4442500000000000E+02   0.9960146602914979E+00   0.5052639307661586E-03  -0.1994627083712786E-02   0.2531368790579348E-03   0.3101537597282356E-06   0.1012672751690765E-05   0.5093153003025243E-03
  0.4447499999999999E+02   0.9960295998698759E+00   0.5116381931841794E-03  -0.1987141578750018E-02   0.2563284575278602E-03   0.3144176903801172E-06   0.1005606255801214E-05   0.5157251990438521E-03
  0.4452500000000000E+02   0.9960441224470714E+00   0.5181141341650682E-03  -0.1979865020666827E-02   0.2595709825913469E-03   0.3187529857854091E-06   0.9987871168399633E-06   0.5222376377920188E-03
  0.4457500000000000E+02   0.9960582577962397E+00   0.5246966269805919E-03  -0.1972782487750457E-02   0.2628668926928097E-03   0.3231628544807921E-06   0.9921988468041513E-06   0.5288575042366940E-03
  0.4462500000000000E+02   0.9960720263089931E+00   0.5314017177368467E-03  -0.1965883757308218E-02   0.2662242247476567E-03   0.3276574088124639E-06   0.9858306297427407E-06   0.5356009556399470E-03
  0.4467500000000000E+02   0.9960854358015758E+00   0.5382534630410683E-03  -0.1959164905858568E-02   0.2696550301923753E-03   0.3322517518954004E-06   0.9796786350239056E-06   0.5424922341781568E-03
  0.4472499999999999E+02   0.9960984792350190E+00   0.5452799112578422E-03  -0.1952629451535182E-02   0.2731733619808999E-03   0.3369635222226893E-06   0.9737467854940524E-06   0.5495596190660080E-03
  0.4477500000000000E+02   0.9961111335536076E+00   0.5525084913613562E-03  -0.1946288936335305E-02   0.2767929647656569E-03   0.3418100550837246E-06   0.9680469059523313E-06   0.5568307813548488E-03
  0.4482500000000000E+02   0.9961233597684374E+00   0.5599611032158206E-03  -0.1940162884704888E-02   0.2805248154430717E-03   0.3468053398805397E-06   0.9625982203579837E-06   0.5643278373530209E-03
  0.4487500000000000E+02   0.9961351043448020E+00   0.5676492117165183E-03  -0.1934278109025356E-02   0.2843746655485912E-03   0.3519569593836771E-06   0.9574262020159883E-06   0.5720624052569976E-03
  0.4492500000000000E+02   0.9961463018973783E+00   0.5755692474812595E-03  -0.1928667360013292E-02   0.2883407371088538E-03   0.3572631987920442E-06   0.9525608088818596E-06   0.5800309697905205E-03
  0.4497499999999999E+02   0.9961568791506119E+00   0.5836986203716026E-03  -0.1923367343354188E-02   0.2924117253491517E-03   0.3627105163547205E-06   0.9480341595526654E-06   0.5882108632040502E-03
  0.4502500000000000E+02   0.9961667600714843E+00   0.5919926648075219E-03  -0.1918416149039204E-02   0.2965652680031423E-03   0.3682715768888488E-06   0.9438777308547530E-06   0.5965571837242729E-03
  0.4507500000000000E+02   0.9961758720132678E+00   0.6003828541827381E-03  -0.1913850174201537E-02   0.3007670501627170E-03   0.3739040627159750E-06   0.9401191920848330E-06   0.6050009910408374E-03
  0.4512499999999999E+02   0.9961841526098499E+00   0.6087766318509268E-03  -0.1909700669829650E-02   0.3049707187112648E-03   0.3795504847567458E-06   0.9367790385823128E-06   0.6134491287717984E-03
  0.4517500000000000E+02   0.9961915570272132E+00   0.6170591853344829E-03  -0.1905990108332922E-02   0.3091187699851332E-03   0.3851392054882342E-06   0.9338672480456672E-06   0.6217860031181845E-03
  0.4522500000000000E+02   0.9961980650224579E+00   0.6250974115342920E-03  -0.1902728647173557E-02   0.3131445348443001E-03   0.3905868380501000E-06   0.9313802491815551E-06   0.6298775678277415E-03
  0.4527500000000000E+02   0.9962036871096976E+00   0.6327461606769417E-03  -0.1899911039457969E-02   0.3169753052200940E-03   0.3958020871196924E-06   0.9292985481080732E-06   0.6375776048077999E-03
  0.4532500000000000E+02   0.9962084690311005E+00   0.6398565973692121E-03  -0.1897514393054966E-02   0.3205365213473624E-03   0.4006909415789046E-06   0.9275853811708286E-06   0.6447361389408645E-03
  0.4537500000000000E+02   0.9962124937332186E+00   0.6462861962773626E-03  -0.1895497178942662E-02   0.3237567781984200E-03   0.4051629270099419E-06   0.9261867298391846E-06   0.6512095026882270E-03
  0.4542500000000000E+02   0.9962158801987657E+00   0.6519095476374108E-03  -0.1893799814445818E-02   0.3265732381565292E-03   0.4091379085598555E-06   0.9250329273887999E-06   0.6568712211573672E-03
  0.4547499999999999E+02   0.9962187787991084E+00   0.6566288619426421E-03  -0.1892346989269655E-02   0.3289368937117962E-03   0.4125527504875980E-06   0.9240419076441154E-06   0.6616225998418701E-03
  0.4552500000000000E+02   0.9962213632843125E+00   0.6603829214549506E-03  -0.1891051676103372E-02   0.3308170528697883E-03   0.4153670433088033E-06   0.9231239155213301E-06   0.6654017535934029E-03
  0.4557500000000000E+02   0.9962238200369278E+00   0.6631532970453513E-03  -0.1889820512420592E-02   0.3322044553166505E-03   0.4175671469708479E-06   0.9221872619053375E-06   0.6681898856321180E-03
  0.4562500000000000E+02   0.9962263356695757E+00   0.6649669514274480E-03  -0.1888560012677787E-02   0.3331125788097842E-03   0.4191679825043819E-06   0.9211445177082020E-06   0.6700139291286490E-03
  0.4567500000000000E+02   0.9962290843307766E+00   0.6658948375375575E-03  -0.1887182927525322E-02   0.3335769394739702E-03   0.4202123073739282E-06   0.9199184538701147E-06   0.6709451545132191E-03
  0.4572500000000000E+02   0.9962322161232759E+00   0.6660466692285822E-03  -0.1885614046541528E-02   0.3336524744066957E-03   0.4207675666482858E-06   0.9184470712915437E-06   0.6710939182285113E-03
  0.4577500000000000E+02   0.9962358478266097E+00   0.6655625603364588E-03  -0.1883794847309495E-02   0.3334093549932104E-03   0.4209207413259802E-06   0.9166872181115277E-06   0.6706012519550047E-03
  0.4582500000000000E+02   0.9962400567128734E+00   0.6646025847285168E-03  -0.1881686595338716E-02   0.3329277580638233E-03   0.4207718448855678E-06   0.9146165204881128E-06   0.6696283515543450E-03
  0.4587500000000000E+02   0.9962448777598932E+00   0.6633354442080774E-03  -0.1879271742144195E-02   0.3322921894257617E-03   0.4204268102223422E-06   0.9122335992119713E-06   0.6683451613890577E-03
  0.4592500000000000E+02   0.9962503041148584E+00   0.6619273491082112E-03  -0.1876553694846739E-02   0.3315859133249146E-03   0.4199904637899370E-06   0.9095567532337921E-06   0.6669191679891856E-03
  0.4597500000000000E+02   0.9962562903311178E+00   0.6605319780337622E-03  -0.1873555196231114E-02   0.3308859220555079E-03   0.4195601385536421E-06   0.9066214265463398E-06   0.6655052774585441E-03
  0.4602500000000000E+02   0.9962627577302915E+00   0.6592820746706669E-03  -0.1870315639737496E-02   0.3302587253945987E-03   0.4192202859827272E-06   0.9034768265809522E-06   0.6642373402990774E-03
  0.4607500000000000E+02   0.9962696012222174E+00   0.6582829434960058E-03  -0.1866887653777627E-02   0.3297570911902917E-03   0.4190382618815274E-06   0.9001820426803888E-06   0.6632215887976730E-03
  0.4612500000000000E+02   0.9962766970042276E+00   0.6576078809428501E-03  -0.1863333245248788E-02   0.3294177555268735E-03   0.4190613186774211E-06   0.8968019482551623E-06   0.6625320247052265E-03
  0.4617500000000000E+02   0.9962839107024514E+00   0.6572954503914826E-03  -0.1859719721402975E-02   0.3292600566165013E-03   0.4193147551343004E-06   0.8934030894237073E-06   0.6622076652912153E-03
  0.4622499999999999E+02   0.9962911056575346E+00   0.6573484752956186E-03  -0.1856115539233150E-02   0.3292854294502550E-03   0.4198011521323200E-06   0.8900496916022597E-06   0.6622515211080685E-03
  0.4627500000000000E+02   0.9962981511544952E+00   0.6577346607930381E-03  -0.1852586182751859E-02   0.3294777162611892E-03   0.4205006454581151E-06   0.8867998707385370E-06   0.6626312148348190E-03
  0.4632500000000000E+02   0.9963049304280064E+00   0.6583888243229623E-03  -0.1849190152674596E-02   0.3298042829939034E-03   0.4213722309526152E-06   0.8837021252392964E-06   0.6632812211866226E-03
  0.4637500000000000E+02   0.9963113482351542E+00   0.6592167798163390E-03  -0.1845975172639958E-02   0.3302179640714050E-03   0.4223561383072307E-06   0.8807922066318480E-06   0.6641067725170042E-03
  0.4642500000000000E+02   0.9963173376905187E+00   0.6601009396783502E-03  -0.1842974764758365E-02   0.3306598676309372E-03   0.4233773226966133E-06   0.8780905119315181E-06   0.6649894948292838E-03
  0.4647500000000000E+02   0.9963228659329548E+00   0.6609076439696334E-03  -0.1840205410128082E-02   0.3310630459931468E-03   0.4243500886609810E-06   0.8756001919164789E-06   0.6657947840947406E-03
  0.4652500000000001E+02   0.9963279380834087E+00   0.6614960821372657E-03  -0.1837664565103814E-02   0.3313569640198124E-03   0.4251837681760213E-06   0.8733062054660511E-06   0.6663807880675892E-03
  0.4657500000000000E+02   0.9963325989097876E+00   0.6617284473788824E-03  -0.1835329825853660E-02   0.3314725852115327E-03   0.4257892292046148E-06   0.8711755480159611E-06   0.6666086321566185E-03
  0.4662500000000000E+02   0.9963369316854603E+00   0.6614806932521366E-03  -0.1833159498474290E-02   0.3313477599194628E-03   0.4260858148246053E-06   0.8691588239133990E-06   0.6663532555035725E-03
  0.4667500000000000E+02   0.9963410539393350E+00   0.6606530089696913E-03  -0.1831094726129634E-02   0.3309324731912111E-03   0.4260081462461987E-06   0.8671932117369096E-06   0.6655139680963166E-03
  0.4672500000000000E+02   0.9963451101385563E+00   0.6591789710713881E-03  -0.1829063152879784E-02   0.3301934301721449E-03   0.4255121155740567E-06   0.8652067001185820E-06   0.6640236791932257E-03
  0.4677499999999999E+02   0.9963492617665080E+00   0.6570323343379500E-03  -0.1826983892667000E-02   0.3291174594662153E-03   0.4245793916125958E-06   0.8631232802565858E-06   0.6618557516754295E-03
  0.4682500000000000E+02   0.9963536756687500E+00   0.6542306291817224E-03  -0.1824773366535526E-02   0.3277133171238077E-03   0.4232198883471833E-06   0.8608686147366007E-06   0.6590276419363517E-03
  0.4687500000000000E+02   0.9963585118344600E+00   0.6508351175487341E-03  -0.1822351423321655E-02   0.3260116665990132E-03   0.4214718902223694E-06   0.8583756057505790E-06   0.6556008719245728E-03
  0.4692500000000000E+02   0.9963639118785460E+00   0.6469471498499382E-03  -0.1819647110032685E-02   0.3240632556916562E-03   0.4193998438076583E-06   0.8555892895614542E-06   0.6516773738972585E-03
  0.4697499999999999E+02   0.9963699893589717E+00   0.6427014511117141E-03  -0.1816603523444149E-02   0.3219355548190633E-03   0.4170901409238221E-06   0.8524705914049770E-06   0.6473927380732087E-03
  0.4702500000000000E+02   0.9963768227377258E+00   0.6382572347986979E-03  -0.1813181337718239E-02   0.3197083065342704E-03   0.4146454618961178E-06   0.8489986602132280E-06   0.6429072671708946E-03
  0.4707500000000000E+02   0.9963844513569433E+00   0.6337882228488400E-03  -0.1809360821687256E-02   0.3174685265384575E-03   0.4121783698436626E-06   0.8451717196736114E-06   0.6383959242141333E-03
  0.4712500000000000E+02   0.9963928743600764E+00   0.6294726222314589E-03  -0.1805142380695512E-02   0.3153054824048842E-03   0.4098048346386668E-06   0.8410065710423583E-06   0.6340382324358784E-03
  0.4717500000000000E+02   0.9964020521347338E+00   0.6254839086821871E-03  -0.1800545834936274E-02   0.3133060762918210E-03   0.4076382409441795E-06   0.8365370250083165E-06   0.6300089855626131E-03
  0.4722500000000000E+02   0.9964119096442956E+00   0.6219829690421585E-03  -0.1795608751261835E-02   0.3115509080580518E-03   0.4057842442491405E-06   0.8318116065113005E-06   0.6264703255255941E-03
  0.4727500000000000E+02   0.9964223409603846E+00   0.6191118345025717E-03  -0.1790384173093185E-02   0.3101111353198625E-03   0.4043366334172629E-06   0.8268908706808234E-06   0.6235654230196428E-03
  0.4732500000000000E+02   0.9964332143824329E+00   0.6169889629569960E-03  -0.1784938055966467E-02   0.3090461096406439E-03   0.4033741802823953E-06   0.8218446078735110E-06   0.6214137198367726E-03
  0.4737500000000000E+02   0.9964443776891642E+00   0.6157058383764278E-03  -0.1779346636849088E-02   0.3084016726672730E-03   0.4029583319736929E-06   0.8167491253591779E-06   0.6201074997419212E-03
  0.4742500000000000E+02   0.9964556632620452E+00   0.6153245611590839E-03  -0.1773693867567316E-02   0.3082089489021391E-03   0.4031315387331548E-06   0.8116846955101286E-06   0.6197094595402851E-03
  0.4747500000000000E+02   0.9964668930126585E+00   0.6158760990226451E-03  -0.1768068946545132E-02   0.3084834695543642E-03   0.4039160052465090E-06   0.8067331728842576E-06   0.6202509471736754E-03
  0.4752500000000000E+02   0.9964778832063559E+00   0.6173589362076253E-03  -0.1762563902683145E-02   0.3092244960383553E-03   0.4053126964104446E-06   0.8019757164145895E-06   0.6217306020767480E-03
  0.4757500000000000E+02   0.9964884493859221E+00   0.6197379794740609E-03  -0.1757271129377846E-02   0.3104144721270403E-03   0.4073005063126364E-06   0.7974905138446150E-06   0.6241132543982606E-03
  0.4762500000000000E+02   0.9964984116506459E+00   0.6229437330145707E-03  -0.1752280740767609E-02   0.3120186107095929E-03   0.4098355994815170E-06   0.7933503962912019E-06   0.6273290943117293E-03
  0.4767500000000000E+02   0.9965076005308627E+00   0.6268719218607172E-03  -0.1747677629920230E-02   0.3139847049753812E-03   0.4128510438096037E-06   0.7896202525110056E-06   0.6312732912565875E-03
  0.4772500000000000E+02   0.9965158636102186E+00   0.6313839035465903E-03  -0.1743538152612412E-02   0.3162433340917936E-03   0.4162569611692132E-06   0.7863542052762155E-06   0.6358064043605589E-03
  0.4777500000000000E+02   0.9965230728856929E+00   0.6363083346362346E-03  -0.1739926441547746E-02   0.3187086970071913E-03   0.4199415073691599E-06   0.7835925944111832E-06   0.6407560532780794E-03
  0.4782500000000000E+02   0.9965291326252441E+00   0.6414446197476410E-03  -0.1736890471104258E-02   0.3212803386325445E-03   0.4237730360696805E-06   0.7813589165459909E-06   0.6459203805828687E-03
  0.4787499999999999E+02   0.9965339872066303E+00   0.6465686296437854E-03  -0.1734458131069205E-02   0.3238460121709169E-03   0.4276037771406409E-06   0.7796569875981811E-06   0.6510737961668017E-03
  0.4792500000000000E+02   0.9965376281418598E+00   0.6514410001320758E-03  -0.1732633707629772E-02   0.3262858339001754E-03   0.4312752470302191E-06   0.7784686986984186E-06   0.6559753188752088E-03
  0.4797500000000000E+02   0.9965400992758111E+00   0.6558180020100183E-03  -0.1731395278090742E-02   0.3284777257883972E-03   0.4346253975064560E-06   0.7777528000063937E-06   0.6603795077108959E-03
  0.4802500000000000E+02   0.9965414990744692E+00   0.6594645265815744E-03  -0.1730693562529972E-02   0.3303039181556176E-03   0.4374972134934283E-06   0.7774451373520020E-06   0.6640495267482656E-03
  0.4807500000000000E+02   0.9965419790599317E+00   0.6621682308401173E-03  -0.1730452704790220E-02   0.3316580339619936E-03   0.4397481358937168E-06   0.7774606592529205E-06   0.6667713841085803E-03
  0.4812499999999999E+02   0.9965417378396684E+00   0.6637534448917869E-03  -0.1730573259885237E-02   0.3324520550826133E-03   0.4412593863886440E-06   0.7776973025788549E-06   0.6683679401450424E-03
  0.4817500000000000E+02   0.9965410107835380E+00   0.6640931949741349E-03  -0.1730937361493212E-02   0.3326223459329102E-03   0.4419440974109862E-06   0.7780415805459604E-06   0.6687110276623356E-03
  0.4822500000000000E+02   0.9965400561135831E+00   0.6631177482025919E-03  -0.1731415686873072E-02   0.3321339360082435E-03   0.4417531762341472E-06   0.7783753945983879E-06   0.6677300782508022E-03
  0.4827500000000000E+02   0.9965391388214619E+00   0.6608184783153482E-03  -0.1731875510967540E-02   0.3309824595739701E-03   0.4406780851683241E-06   0.7785833477993275E-06   0.6654160427801912E-03
  0.4832500000000000E+02   0.9965385142429439E+00   0.6572465236232754E-03  -0.1732188933602941E-02   0.3291934871270534E-03   0.4387501615501975E-06   0.7785597208426986E-06   0.6618200693715402E-03
  0.4837500000000000E+02   0.9965384131806946E+00   0.6525065069262256E-03  -0.1732240332482871E-02   0.3268193831800945E-03   0.4360366318643295E-06   0.7782143193379965E-06   0.6570472059513749E-03
  0.4842500000000000E+02   0.9965390301595669E+00   0.6467463179531112E-03  -0.1731932248192680E-02   0.3239341910483244E-03   0.4326339648074087E-06   0.7774766014898725E-06   0.6512461311571240E-03
  0.4847499999999999E+02   0.9965405158138080E+00   0.6401444526669097E-03  -0.1731189200188998E-02   0.3206272928401055E-03   0.4286595445494596E-06   0.7762977937023871E-06   0.6445964161877894E-03
  0.4852500000000000E+02   0.9965429737039152E+00   0.6328965715712103E-03  -0.1729959284158089E-02   0.3169966771302539E-03   0.4242427664921738E-06   0.7746510202169586E-06   0.6372949910503325E-03
  0.4857500000000000E+02   0.9965464612131124E+00   0.6252027915447307E-03  -0.1728213725649019E-02   0.3131425730652217E-03   0.4195165682321137E-06   0.7725297388738307E-06   0.6295433416471008E-03
  0.4862499999999999E+02   0.9965509937054902E+00   0.6172568527242345E-03  -0.1725944799402024E-02   0.3091620229477966E-03   0.4146101664260756E-06   0.7699449424307270E-06   0.6215365895560819E-03
  0.4867500000000000E+02   0.9965565508932395E+00   0.6092378291072321E-03  -0.1723162641472098E-02   0.3051447285500957E-03   0.4096434586745783E-06   0.7669216421486946E-06   0.6134551305058670E-03
  0.4872499999999999E+02   0.9965630843435779E+00   0.6013045951558671E-03  -0.1719891489811332E-02   0.3011702777756640E-03   0.4047232459995831E-06   0.7634951150634707E-06   0.6054590476844090E-03
  0.4877500000000000E+02   0.9965705251970044E+00   0.5935928990530681E-03  -0.1716165818425819E-02   0.2973066770833342E-03   0.3999411889049949E-06   0.7597073016808989E-06   0.5976851512369466E-03
  0.4882500000000000E+02   0.9965787913931390E+00   0.5862146589468835E-03  -0.1712026717756276E-02   0.2936099976339915E-03   0.3953732510262224E-06   0.7556036218843851E-06   0.5902462586338780E-03
  0.4887500000000000E+02   0.9965877939433032E+00   0.5792589866232980E-03  -0.1707518752268045E-02   0.2901248869966955E-03   0.3910803066019823E-06   0.7512303613959769E-06   0.5832322172731808E-03
  0.4892500000000000E+02   0.9965974420057916E+00   0.5727944266320761E-03  -0.1702687417625692E-02   0.2868856899706479E-03   0.3871095740912079E-06   0.7466326858809312E-06   0.5767121536865502E-03
  0.4897499999999999E+02   0.9966076466884837E+00   0.5668719438548702E-03  -0.1697577235293402E-02   0.2839179445668230E-03   0.3834965658031533E-06   0.7418532710708293E-06   0.5707374787221039E-03
  0.4902500000000000E+02   0.9966183236198128E+00   0.5615282679006281E-03  -0.1692230464080513E-02   0.2812400569423917E-03   0.3802672918689835E-06   0.7369314940725568E-06   0.5653452538841930E-03
  0.4907500000000000E+02   0.9966293943997727E+00   0.5567892857436995E-03  -0.1686686372729285E-02   0.2788650006683081E-03   0.3774405110064175E-06   0.7319031083571021E-06   0.5605616076190093E-03
  0.4912500000000000E+02   0.9966407870788895E+00   0.5526732509171818E-03  -0.1680980999462900E-02   0.2768019242338428E-03   0.3750298710173527E-06   0.7268003166252383E-06   0.5564049678322269E-03
  0.4917500000000000E+02   0.9966524358265234E+00   0.5491936420845632E-03  -0.1675147317669268E-02   0.2750575830146732E-03   0.3730458245153303E-06   0.7216521562310814E-06   0.5528889419775955E-03
  0.4922499999999999E+02   0.9966642799499689E+00   0.5463615547784028E-03  -0.1669215726835982E-02   0.2736375374701993E-03   0.3714972391279888E-06   0.7164851168880895E-06   0.5500247274722015E-03
  0.4927500000000000E+02   0.9966762624192284E+00   0.5441875490898731E-03  -0.1663214791151502E-02   0.2725470788778112E-03   0.3703926473349518E-06   0.7113239172474378E-06   0.5478229745465256E-03
  0.4932500000000000E+02   0.9966883280429948E+00   0.5426829056020156E-03  -0.1657172152867536E-02   0.2717918587006226E-03   0.3697411007931611E-06   0.7061923741292894E-06   0.5462950534215189E-03
  0.4937500000000000E+02   0.9967004214313721E+00   0.5418602641475599E-03  -0.1651115552531834E-02   0.2713782088550387E-03   0.3695526089486511E-06   0.7011143049965627E-06   0.5454537002004895E-03
  0.4942500000000000E+02   0.9967124848712766E+00   0.5417336366140149E-03  -0.1645073893006166E-02   0.2713131484844085E-03   0.3698381529617183E-06   0.6961144103623319E-06   0.5453130326575457E-03
  0.4947500000000000E+02   0.9967244562322121E+00   0.5423177969546892E-03  -0.1639078288323770E-02   0.2716040788259684E-03   0.3706092740851065E-06   0.6912190879207742E-06   0.5458879391445402E-03
  0.4952500000000000E+02   0.9967362670143977E+00   0.5436270595099910E-03  -0.1633163041304897E-02   0.2722581717387725E-03   0.3718772410892834E-06   0.6864571338570205E-06   0.5471928518454468E-03
  0.4957500000000000E+02   0.9967478406497686E+00   0.5456734617705342E-03  -0.1627366494591387E-02   0.2732814599768264E-03   0.3736518048310921E-06   0.6818602884316649E-06   0.5492399206578592E-03
  0.4962500000000000E+02   0.9967590911710731E+00   0.5484643718336236E-03  -0.1621731697409867E-02   0.2746776393511172E-03   0.3759395509699646E-06   0.6774635819376068E-06   0.5520366080968737E-03
  0.4967500000000000E+02   0.9967699223768189E+00   0.5519995474147718E-03  -0.1616306824105074E-02   0.2764465962273688E-03   0.3787418664732035E-06   0.6733054331120539E-06   0.5555827322113672E-03
  0.4972499999999999E+02   0.9967802276406974E+00   0.5562676873533281E-03  -0.1611145270036918E-02   0.2785826808452220E-03   0.3820525453534002E-06   0.6694274452579748E-06   0.5598669985811749E-03
  0.4977500000000000E+02   0.9967898905416596E+00   0.5612425444848161E-03  -0.1606305336638969E-02   0.2810727609182549E-03   0.3858550784900937E-06   0.6658738368829286E-06   0.5648630904527274E-03
  0.4982500000000000E+02   0.9967987865200779E+00   0.5668787176670054E-03  -0.1601849402781519E-02   0.2838941144511895E-03   0.3901197064034700E-06   0.6626904361768634E-06   0.5705254351428964E-03
  0.4987500000000000E+02   0.9968067857868277E+00   0.5731073171132187E-03  -0.1597842468845423E-02   0.2870122589330118E-03   0.3948003670749784E-06   0.6599231664645042E-06   0.5767848415207316E-03
  0.4992500000000000E+02   0.9968137577107836E+00   0.5798318044729865E-03  -0.1594349960563179E-02   0.2903788677728754E-03   0.3998317459340112E-06   0.6576159591081440E-06   0.5835443111828622E-03
  0.4997499999999999E+02   0.9968195768659622E+00   0.5869244442926226E-03  -0.1591434701803673E-02   0.2939299925363345E-03   0.4051267300929145E-06   0.6558080589570452E-06   0.5906754618877202E-03
  0.5002500000000000E+02   0.9968241308090028E+00   0.5942239526606500E-03  -0.1589153020778666E-02   0.2975848842480659E-03   0.4105746743983956E-06   0.6545307434739438E-06   0.5980161519677014E-03
  0.5007500000000000E+02   0.9968273294595962E+00   0.6015350627220390E-03  -0.1587550053279485E-02   0.3012457741057513E-03   0.4160409827427121E-06   0.6538035661265365E-06   0.6053700294322479E-03
  0.5012500000000000E+02   0.9968291156610288E+00   0.6086307984141963E-03  -0.1586654454446279E-02   0.3047990099138888E-03   0.4213685617718125E-06   0.6536303575279570E-06   0.6125088021839877E-03
  0.5017500000000000E+02   0.9968294761198957E+00   0.6152581959596821E-03  -0.1586472919889004E-02   0.3081179187140134E-03   0.4263816727522827E-06   0.6539953632453067E-06   0.6191779745689671E-03
  0.5022500000000000E+02   0.9968284515158621E+00   0.6211479744678212E-03  -0.1586985121416307E-02   0.3110676469613923E-03   0.4308925464315054E-06   0.6548600391230192E-06   0.6251065570212012E-03
  0.5027500000000000E+02   0.9968261442313491E+00   0.6260281922004828E-03  -0.1588139833504698E-02   0.3135119969909443E-03   0.4347108059686865E-06   0.6561611215057255E-06   0.6300207890933927E-03
  0.5032500000000000E+02   0.9968227220093769E+00   0.6296412481885966E-03  -0.1589853097785032E-02   0.3153219396568614E-03   0.4376552728983386E-06   0.6578105897181230E-06   0.6336612359008336E-03
  0.5037500000000000E+02   0.9968184160385954E+00   0.6317627972321369E-03  -0.1592009177551534E-02   0.3163850865775403E-03   0.4395671767475595E-06   0.6596979968607734E-06   0.6358018213340021E-03
  0.5042500000000000E+02   0.9968135125655615E+00   0.6322204241860439E-03  -0.1594464753601588E-02   0.3166150436205349E-03   0.4403232778646223E-06   0.6616953468464204E-06   0.6362686333960599E-03
  0.5047499999999999E+02   0.9968083381083385E+00   0.6309095048873110E-03  -0.1597056325125856E-02   0.3159593573337681E-03   0.4398471088783867E-06   0.6636642747584435E-06   0.6349559132183715E-03
  0.5052500000000000E+02   0.9968032395100347E+00   0.6278037698790231E-03  -0.1599610196180157E-02   0.3144048100794427E-03   0.4381165873786254E-06   0.6654648332783020E-06   0.6318367252925653E-03
  0.5057500000000000E+02   0.9967985611291569E+00   0.6229587607656315E-03  -0.1601953898070274E-02   0.3119791566088620E-03   0.4351667087226817E-06   0.6669648241954700E-06   0.6269664812700218E-03
  0.5062500000000000E+02   0.9967946221007179E+00   0.6165075163210734E-03  -0.1603927578516684E-02   0.3087489691469902E-03   0.4310868197667824E-06   0.6680484565389356E-06   0.6204786424684766E-03
  0.5067500000000000E+02   0.9967916966106334E+00   0.6086491614373531E-03  -0.1605393883679085E-02   0.3048139271329560E-03   0.4260129057608635E-06   0.6686232202708095E-06   0.6125732709644882E-03
  0.5072500000000000E+02   0.9967899994978154E+00   0.5996322367418154E-03  -0.1606245173284671E-02   0.3002984713410440E-03   0.4201161427774678E-06   0.6686242102173725E-06   0.6035002735813844E-03
  0.5077500000000001E+02   0.9967896784297645E+00   0.5897353031041819E-03  -0.1606407444080471E-02   0.2953420912860832E-03   0.4135894671734797E-06   0.6680156165514770E-06   0.5935398873649322E-03
  0.5082500000000000E+02   0.9967908127046029E+00   0.5792474557475045E-03  -0.1605840934273628E-02   0.2900895655727546E-03   0.4066339987288482E-06   0.6667895796676551E-06   0.5829830597236027E-03
  0.5087500000000000E+02   0.9967934177246144E+00   0.5684509545736085E-03  -0.1604537886612745E-02   0.2846822607598400E-03   0.3994468682704522E-06   0.6649629716063343E-06   0.5721139480203533E-03
  0.5092500000000000E+02   0.9967974535612751E+00   0.5576074255065493E-03  -0.1602518261129671E-02   0.2792512179294493E-03   0.3922114841545782E-06   0.6625728517870391E-06   0.5611960077716411E-03
  0.5097500000000000E+02   0.9968028358369136E+00   0.5469482566989995E-03  -0.1599824286431906E-02   0.2739123399633265E-03   0.3850906949113326E-06   0.6596713531418138E-06   0.5504623019689913E-03
  0.5102499999999999E+02   0.9968094473066983E+00   0.5366691010161988E-03  -0.1596514659233494E-02   0.2687636355921912E-03   0.3782228065020832E-06   0.6563206326829334E-06   0.5401099458242680E-03
  0.5107500000000000E+02   0.9968171488969483E+00   0.5269279096205209E-03  -0.1592659015451470E-02   0.2638842324120470E-03   0.3717200686264338E-06   0.6525883324010712E-06   0.5302981100236962E-03
  0.5112500000000000E+02   0.9968257893998699E+00   0.5178456790515769E-03  -0.1588333073785586E-02   0.2593347494855783E-03   0.3656690699149527E-06   0.6485438000190823E-06   0.5211487602429907E-03
  0.5117500000000000E+02   0.9968352134347966E+00   0.5095090538378951E-03  -0.1583614647321707E-02   0.2551585998150047E-03   0.3601324486312146E-06   0.6442551530571793E-06   0.5127492690926637E-03
  0.5122500000000000E+02   0.9968452676038523E+00   0.5019740205058594E-03  -0.1578580559447706E-02   0.2513838398955481E-03   0.3551513870579338E-06   0.6397871512842142E-06   0.5051561305542218E-03
  0.5127499999999999E+02   0.9968558049790207E+00   0.4952700899485706E-03  -0.1573304395584341E-02   0.2480252642126871E-03   0.3507484675770532E-06   0.6351997729638608E-06   0.4983991689102982E-03
  0.5132500000000000E+02   0.9968666881682018E+00   0.4894045418367692E-03  -0.1567854966793680E-02   0.2450865310533909E-03   0.3469305904059950E-06   0.6305473609957236E-06   0.4924858120721546E-03
  0.5137500000000000E+02   0.9968777912429476E+00   0.4843664644956044E-03  -0.1562295343689568E-02   0.2425621860215789E-03   0.3436917639777084E-06   0.6258782042428402E-06   0.4874051601466389E-03
  0.5142500000000000E+02   0.9968890007956384E+00   0.4801304503695753E-03  -0.1556682326533942E-02   0.2404395131254705E-03   0.3410156675082741E-06   0.6212344356386887E-06   0.4831317078113622E-03
  0.5147500000000000E+02   0.9969002163511119E+00   0.4766598964548462E-03  -0.1551066238792753E-02   0.2387001880302703E-03   0.3388779480184337E-06   0.6166521528872148E-06   0.4796286691048677E-03
  0.5152500000000000E+02   0.9969113503041992E+00   0.4739099134146038E-03  -0.1545490958248408E-02   0.2373217353034092E-03   0.3372482524959314E-06   0.6121616932175973E-06   0.4768509081011055E-03
  0.5157500000000000E+02   0.9969223275020379E+00   0.4718298724177362E-03  -0.1539994126098621E-02   0.2362788041794260E-03   0.3360920139704953E-06   0.6077880165684930E-06   0.4747475045637145E-03
  0.5162499999999999E+02   0.9969330845459523E+00   0.4703656221834805E-03  -0.1534607496554319E-02   0.2355442791082302E-03   0.3353720129062163E-06   0.6035511694092460E-06   0.4732639872423277E-03
  0.5167500000000000E+02   0.9969435688564076E+00   0.4694613975220382E-03  -0.1529357405123055E-02   0.2350902357539415E-03   0.3350497275193430E-06   0.5994668130865270E-06   0.4723442562789385E-03
  0.5172500000000000E+02   0.9969537375278840E+00   0.4690614217244659E-03  -0.1524265342113695E-02   0.2348887436334060E-03   0.3350864732259636E-06   0.5955468059840444E-06   0.4719321971775747E-03
  0.5177500000000000E+02   0.9969635559983809E+00   0.4691111847814719E-03  -0.1519348618979732E-02   0.2349125063828898E-03   0.3354443168711799E-06   0.5917998284696485E-06   0.4719729683066046E-03
  0.5182500000000000E+02   0.9969729965688057E+00   0.4695583630996953E-03  -0.1514621109840353E-02   0.2351353224729343E-03   0.3360867396164313E-06   0.5882320347263536E-06   0.4724139274877763E-03
  0.5187500000000000E+02   0.9969820368274519E+00   0.4703533385163169E-03  -0.1510094040536814E-02   0.2355323452490728E-03   0.3369790165318211E-06   0.5848477077383912E-06   0.4732051552908404E-03
  0.5192500000000000E+02   0.9969906580597763E+00   0.4714492778998207E-03  -0.1505776785062807E-02   0.2360801229184157E-03   0.3380882832024159E-06   0.5816498848040308E-06   0.4742995361300325E-03
  0.5197500000000000E+02   0.9969988437487383E+00   0.4728017506454335E-03  -0.1501677616664865E-02   0.2367564071198907E-03   0.3393832709369465E-06   0.5786409129605264E-06   0.4756523743388928E-03
  0.5202500000000000E+02   0.9970065782912223E+00   0.4743678893325481E-03  -0.1497804350763188E-02   0.2375397327114084E-03   0.3408337121233894E-06   0.5758228883973867E-06   0.4772205504876221E-03
  0.5207500000000000E+02   0.9970138460672049E+00   0.4761051365751306E-03  -0.1494164811263521E-02   0.2384087903127465E-03   0.3424094444576138E-06   0.5731979327449899E-06   0.4789612611606069E-03
  0.5212499999999999E+02   0.9970206309971322E+00   0.4779696654482544E-03  -0.1490767052427011E-02   0.2393416353483786E-03   0.3440792749315784E-06   0.5707682629833763E-06   0.4808304299992262E-03
  0.5217500000000000E+02   0.9970269167072234E+00   0.4799146080074260E-03  -0.1487619276342111E-02   0.2403148009339727E-03   0.3458096989095148E-06   0.5685360211149034E-06   0.4827809252110371E-03
  0.5222500000000000E+02   0.9970326873907815E+00   0.4818882722371772E-03  -0.1484729401882268E-02   0.2413024048938795E-03   0.3475636034106116E-06   0.5665028448361224E-06   0.4847607648362825E-03
  0.5227500000000000E+02   0.9970379294052808E+00   0.4838325678281782E-03  -0.1482104265210782E-02   0.2422753612603686E-03   0.3492991136391278E-06   0.5646691811303518E-06   0.4867115313824776E-03
  0.5232500000000000E+02   0.9970426335797690E+00   0.4856818902659088E-03  -0.1479748464555009E-02   0.2432008211746661E-03   0.3509687640455264E-06   0.5630333706713136E-06   0.4885672467413442E-03
  0.5237499999999999E+02   0.9970467981257866E+00   0.4873627242484875E-03  -0.1477662902691246E-02   0.2440419738957691E-03   0.3525191849381268E-06   0.5615905613741554E-06   0.4902539699865695E-03
  0.5242500000000000E+02   0.9970504319507063E+00   0.4887942132787790E-03  -0.1475843127795362E-02   0.2447583315409649E-03   0.3538914868669143E-06   0.5603315426281125E-06   0.4916903665122144E-03
  0.5247499999999999E+02   0.9970535580724087E+00   0.4898898933509462E-03  -0.1474277623387921E-02   0.2453065967018601E-03   0.3550224909358582E-06   0.5592416244246154E-06   0.4927894479054706E-03
  0.5252500000000000E+02   0.9970562167416117E+00   0.4905606972103586E-03  -0.1472946244476803E-02   0.2456421663115330E-03   0.3558468879922469E-06   0.5582997124722859E-06   0.4934615901252712E-03
  0.5257500000000000E+02   0.9970584678123710E+00   0.4907191989727763E-03  -0.1471819029975063E-02   0.2457212567080805E-03   0.3563003110051368E-06   0.5574777442773544E-06   0.4936188001933504E-03
  0.5262500000000000E+02   0.9970603918859730E+00   0.4902848938750827E-03  -0.1470855629158607E-02   0.2455035472119364E-03   0.3563231775960452E-06   0.5567406439860793E-06   0.4931800256202879E-03
  0.5267500000000000E+02   0.9970620898113989E+00   0.4891901150168799E-03  -0.1470005550949449E-02   0.2449551429282781E-03   0.3558650182052308E-06   0.5560469187906731E-06   0.4920771066768255E-03
  0.5272499999999999E+02   0.9970636802701028E+00   0.4873860125917274E-03  -0.1469209372454428E-02   0.2440515691486191E-03   0.3548888747223204E-06   0.5553499545255212E-06   0.4902607940015075E-03
  0.5277500000000000E+02   0.9970652953990066E+00   0.4848479047561453E-03  -0.1468400929968472E-02   0.2427804514187140E-03   0.3533752663691565E-06   0.5545999776741609E-06   0.4877061366288466E-03
  0.5282500000000000E+02   0.9970670746841281E+00   0.4815792942586542E-03  -0.1467510376187531E-02   0.2411435277584631E-03   0.3513252047609105E-06   0.5537465489203651E-06   0.4844165299460020E-03
  0.5287499999999999E+02   0.9970691576363720E+00   0.4776139556594352E-03  -0.1466467847586417E-02   0.2391576948997910E-03   0.3487618169321848E-06   0.5527413601161311E-06   0.4804258240026909E-03
  0.5292500000000000E+02   0.9970716759778763E+00   0.4730157291227685E-03  -0.1465207377267741E-02   0.2368549061171692E-03   0.3457303007224646E-06   0.5515410444931749E-06   0.4757981248152707E-03
  0.5297499999999999E+02   0.9970747461666050E+00   0.4678759690934304E-03  -0.1463670638798154E-02   0.2342808946133922E-03   0.3422961633934102E-06   0.5501096963479168E-06   0.4706252354259789E-03
  0.5302500000000000E+02   0.9970784630400065E+00   0.4623089246013812E-03  -0.1461810129952501E-02   0.2314928609097802E-03   0.3385419346132005E-06   0.5484208369800428E-06   0.4650220140763431E-03
  0.5307500000000000E+02   0.9970828951748428E+00   0.4564456005258103E-03  -0.1459591497234181E-02   0.2285563992398741E-03   0.3345627463533666E-06   0.5464586498254688E-06   0.4591202014981426E-03
  0.5312499999999999E+02   0.9970880822847019E+00   0.4504268094738321E-03  -0.1456994840030035E-02   0.2255420182937800E-03   0.3304612930023493E-06   0.5442184191587831E-06   0.4530614311418599E-03
  0.5317500000000000E+02   0.9970940346747049E+00   0.4443961476402495E-03  -0.1454014984498597E-02   0.2225216235952071E-03   0.3263427064235020E-06   0.5417062179674854E-06   0.4469901605109531E-03
  0.5322499999999999E+02   0.9971007345094129E+00   0.4384935270253596E-03  -0.1450660849287688E-02   0.2195652782657229E-03   0.3223098105654834E-06   0.5389379789623193E-06   0.4410471605188215E-03
  0.5327500000000000E+02   0.9971081384709277E+00   0.4328497103922574E-03  -0.1446954114860066E-02   0.2167384658110825E-03   0.3184590869044330E-06   0.5359381343427231E-06   0.4353640128129001E-03
  0.5332500000000000E+02   0.9971161813078001E+00   0.4275820758892133E-03  -0.1442927446509534E-02   0.2140999686656912E-03   0.3148775228359405E-06   0.5327380220316482E-06   0.4300588441845202E-03
  0.5337500000000000E+02   0.9971247797935312E+00   0.4227916326975354E-03  -0.1438622512076493E-02   0.2117003732715712E-03   0.3116403648244270E-06   0.5293742349317631E-06   0.4252333201976883E-03
  0.5342500000000000E+02   0.9971338367007824E+00   0.4185611499937533E-03  -0.1434087991667110E-02   0.2095811327826803E-03   0.3088096808229070E-06   0.5258870469037830E-06   0.4209707598972095E-03
  0.5347499999999999E+02   0.9971432445223439E+00   0.4149541636274755E-03  -0.1429377714120883E-02   0.2077740694381649E-03   0.3064335633790150E-06   0.5223189970958766E-06   0.4173351347384961E-03
  0.5352500000000000E+02   0.9971528888037730E+00   0.4120145877910825E-03  -0.1424548987934648E-02   0.2063011800327667E-03   0.3045457760615248E-06   0.5187136633205377E-06   0.4143706773326272E-03
  0.5357500000000000E+02   0.9971626510743588E+00   0.4097666728043877E-03  -0.1419661133376104E-02   0.2051746148284212E-03   0.3031656545537363E-06   0.5151146122749569E-06   0.4121018393853419E-03
  0.5362500000000000E+02   0.9971724114602584E+00   0.4082151016141279E-03  -0.1414774173841504E-02   0.2043967260162495E-03   0.3022981104358264E-06   0.5115644830345100E-06   0.4105333899000070E-03
  0.5367500000000000E+02   0.9971820511303868E+00   0.4073450939239957E-03  -0.1409947611074269E-02   0.2039601200460112E-03   0.3019336410933948E-06   0.5081041415504178E-06   0.4096505214307396E-03
  0.5372500000000000E+02   0.9971914547598367E+00   0.4071224775870862E-03  -0.1405239191733521E-02   0.2038476935616805E-03   0.3020483157675991E-06   0.5047718377712040E-06   0.4094189233971864E-03
  0.5377500000000000E+02   0.9972005131961451E+00   0.4074937836620395E-03  -0.1400703572508988E-02   0.2040326811363961E-03   0.3026037794024386E-06   0.5016023031381986E-06   0.4097848788021495E-03
  0.5382500000000000E+02   0.9972091264791093E+00   0.4083865164399877E-03  -0.1396390808302228E-02   0.2044787905235737E-03   0.3035473868041522E-06   0.4986257444469865E-06   0.4106755361653425E-03
  0.5387500000000000E+02   0.9972172072932393E+00   0.4097098330781173E-03  -0.1392344623834973E-02   0.2051405428710558E-03   0.3048126424685757E-06   0.4958667202834504E-06   0.4119995923423327E-03
  0.5392500000000000E+02   0.9972246848230879E+00   0.4113559258761838E-03  -0.1388600483530178E-02   0.2059639645989237E-03   0.3063201662356551E-06   0.4933429275717635E-06   0.4136486807272443E-03
  0.5397499999999999E+02   0.9972315088405063E+00   0.4132024163551549E-03  -0.1385183545195900E-02   0.2068877857340783E-03   0.3079794185954279E-06   0.4910639753702619E-06   0.4154997757099137E-03
  0.5402500000000000E+02   0.9972376536934767E+00   0.4151160250347589E-03  -0.1382106662845883E-02   0.2078452768593678E-03   0.3096913874506145E-06   0.4890302748299138E-06   0.4174188789631453E-03
  0.5407500000000000E+02   0.9972431217151351E+00   0.4169576588727666E-03  -0.1379368679622073E-02   0.2087667958158768E-03   0.3113523485956546E-06   0.4872322181328929E-06   0.4192661307838525E-03
  0.5412500000000000E+02   0.9972479454674451E+00   0.4185888567648408E-03  -0.1376953303958151E-02   0.2095830144065610E-03   0.3128586623509036E-06   0.4856498419255371E-06   0.4209022872792087E-03
  0.5417500000000000E+02   0.9972521882207380E+00   0.4198792707410396E-03  -0.1374828868794697E-02   0.2102286638065692E-03   0.3141123719182262E-06   0.4842531584324826E-06   0.4221962401321577E-03
  0.5422499999999999E+02   0.9972559421841855E+00   0.4207145814801805E-03  -0.1372949216709607E-02   0.2106464976840882E-03   0.3150271583176975E-06   0.4830032806663996E-06   0.4230329751101773E-03
  0.5427500000000000E+02   0.9972593242542535E+00   0.4210040188808048E-03  -0.1371255827710693E-02   0.2107910579069867E-03   0.3155340326050008E-06   0.4818543675252384E-06   0.4233211360966854E-03
  0.5432500000000000E+02   0.9972624694096754E+00   0.4206865552368837E-03  -0.1369681125482525E-02   0.2106317759864373E-03   0.3155860639921139E-06   0.4807562846384490E-06   0.4229992572005888E-03
  0.5437500000000000E+02   0.9972655222818123E+00   0.4197349141384826E-03  -0.1368152697437508E-02   0.2101549811736139E-03   0.3151614939782123E-06   0.4796577451854355E-06   0.4220398009010461E-03
  0.5442500000000000E+02   0.9972686277710783E+00   0.4181568017805325E-03  -0.1366597992747076E-02   0.2093645180203453E-03   0.3142647798435908E-06   0.4785095953904978E-06   0.4204504046546733E-03
  0.5447499999999999E+02   0.9972719217703807E+00   0.4159931713550193E-03  -0.1364948967188973E-02   0.2082808784474317E-03   0.3129254114194965E-06   0.4772678706525744E-06   0.4182721442814973E-03
  0.5452500000000000E+02   0.9972755230407504E+00   0.4133137816969010E-03  -0.1363146151469485E-02   0.2069389789211559E-03   0.3111946831914041E-06   0.4758962828335352E-06   0.4155750754204110E-03
  0.5457500000000000E+02   0.9972795270680367E+00   0.4102106988906470E-03  -0.1361141727903359E-02   0.2053849074130850E-03   0.3091408973508585E-06   0.4743678981300096E-06   0.4124517043371024E-03
  0.5462500000000000E+02   0.9972840023755871E+00   0.4067906270040836E-03  -0.1358901377524480E-02   0.2036720837772500E-03   0.3068436562113613E-06   0.4726659011216035E-06   0.4090092786647559E-03
  0.5467500000000000E+02   0.9972889893715882E+00   0.4031670041959853E-03  -0.1356404858090188E-02   0.2018573023235052E-03   0.3043879452145705E-06   0.4707834790495290E-06   0.4053618395791902E-03
  0.5472500000000000E+02   0.9972945014642310E+00   0.3994526813915042E-03  -0.1353645446468654E-02   0.1999970658131972E-03   0.3018586230408954E-06   0.4687229705806560E-06   0.4016228576463682E-03
  0.5477500000000000E+02   0.9973005279455248E+00   0.3957537709347115E-03  -0.1350628495281225E-02   0.1981445050821030E-03   0.2993357660913310E-06   0.4664944877146750E-06   0.3978990437638652E-03
  0.5482500000000000E+02   0.9973070380455173E+00   0.3921649845098271E-03  -0.1347369403314924E-02   0.1963470442547737E-03   0.2968911148710803E-06   0.4641142359034016E-06   0.3942856570415592E-03
  0.5487500000000000E+02   0.9973139855760133E+00   0.3887665354373138E-03  -0.1343891290585209E-02   0.1946448492363028E-03   0.2945856865081512E-06   0.4616027356665913E-06   0.3908633857948491E-03
  0.5492500000000000E+02   0.9973213136782184E+00   0.3856224985075707E-03  -0.1340222621214471E-02   0.1930700060433627E-03   0.2924684800181122E-06   0.4589831045683923E-06   0.3876966946576905E-03
  0.5497500000000000E+02   0.9973289593190561E+00   0.3827804130797842E-03  -0.1336394952049624E-02   0.1916463217168133E-03   0.2905761187349258E-06   0.4562795068396316E-06   0.3848334225697945E-03
  0.5502500000000000E+02   0.9973368573105987E+00   0.3802718745132843E-03  -0.1332440919999511E-02   0.1903896201773096E-03   0.2889332422147106E-06   0.4535158308383276E-06   0.3823053753247015E-03
  0.5507500000000000E+02   0.9973449437336107E+00   0.3781138664561492E-03  -0.1328392527711553E-02   0.1893084091041615E-03   0.2875534641599564E-06   0.4507146184166902E-06   0.3801296637434223E-03
  0.5512500000000000E+02   0.9973531587201130E+00   0.3763106206866097E-03  -0.1324279750185453E-02   0.1884048110193753E-03   0.2864407375451151E-06   0.4478962469762052E-06   0.3783105728393942E-03
  0.5517499999999999E+02   0.9973614485918848E+00   0.3748558333979396E-03  -0.1320129463879161E-02   0.1876756728843978E-03   0.2855909990934485E-06   0.4450783531129843E-06   0.3768417897602887E-03
  0.5522500000000000E+02   0.9973697673688761E+00   0.3737351037231724E-03  -0.1315964691311677E-02   0.1871137869985339E-03   0.2849939924588406E-06   0.4422754830852892E-06   0.3757088554272975E-03
  0.5527499999999999E+02   0.9973780776635185E+00   0.3729284845963857E-03  -0.1311804153152130E-02   0.1867091681604172E-03   0.2846351872814607E-06   0.4394989560754386E-06   0.3748917292710767E-03
  0.5532500000000000E+02   0.9973863509739329E+00   0.3724130458902500E-03  -0.1307662121281195E-02   0.1864503369883047E-03   0.2844977182081822E-06   0.4367569278827187E-06   0.3743673664100653E-03
  0.5537500000000000E+02   0.9973945673894952E+00   0.3721653476782087E-03  -0.1303548566077617E-02   0.1863255582533892E-03   0.2845642658251716E-06   0.4340546425943940E-06   0.3741122045584666E-03
  0.5542499999999999E+02   0.9974027147316796E+00   0.3721637129749358E-03  -0.1299469586450774E-02   0.1863239788311855E-03   0.2848187943904998E-06   0.4313948564354278E-06   0.3741044494422370E-03
  0.5547500000000000E+02   0.9974107871735169E+00   0.3723901813771169E-03  -0.1295428100919871E-02   0.1864366059068904E-03   0.2852480545707000E-06   0.4287784111587801E-06   0.3743260395430017E-03
  0.5552499999999999E+02   0.9974187834106522E+00   0.3728320243514742E-03  -0.1291424763203319E-02   0.1866570657326511E-03   0.2858427582127417E-06   0.4262049249788577E-06   0.3747641703114654E-03
  0.5557500000000000E+02   0.9974267044910436E+00   0.3734827142725333E-03  -0.1287459048728512E-02   0.1869820889185951E-03   0.2865983402363263E-06   0.4236735590213280E-06   0.3754122693965629E-03
  0.5562500000000001E+02   0.9974345514422831E+00   0.3743422643196695E-03  -0.1283530442487857E-02   0.1874116807573646E-03   0.2875152413396451E-06   0.4211838087916280E-06   0.3762703395588342E-03
  0.5567500000000000E+02   0.9974423228588885E+00   0.3754168930317999E-03  -0.1279639646964315E-02   0.1879489534483379E-03   0.2885986729558766E-06   0.4187362652071402E-06   0.3773446228018033E-03
  0.5572499999999999E+02   0.9974500126222868E+00   0.3767180107199895E-03  -0.1275789723657939E-02   0.1885996188155655E-03   0.2898578590359093E-06   0.4163332894220624E-06   0.3786465828726557E-03
  0.5577499999999999E+02   0.9974576079223826E+00   0.3782605686173548E-03  -0.1271987083660719E-02   0.1893711619807347E-03   0.2913047828551467E-06   0.4139795499767323E-06   0.3801912471848168E-03
  0.5582500000000000E+02   0.9974650877339984E+00   0.3800608497376900E-03  -0.1268242250537122E-02   0.1902717355229182E-03   0.2929524966298516E-06   0.4116823785653840E-06   0.3819949875028652E-03
  0.5587500000000001E+02   0.9974724218791295E+00   0.3821338095277002E-03  -0.1264570329961079E-02   0.1913088282318918E-03   0.2948130746251901E-06   0.4094519100924526E-06   0.3840728479903400E-03
  0.5592500000000000E+02   0.9974795707828039E+00   0.3844900947650630E-03  -0.1260991132144396E-02   0.1924877727570243E-03   0.2968953067592593E-06   0.4073009817430666E-06   0.3864355496808916E-03
  0.5597499999999999E+02   0.9974864860109504E+00   0.3871328846674153E-03  -0.1257528902805616E-02   0.1938101642168678E-03   0.2992022424014015E-06   0.4052447732845553E-06   0.3890863159996732E-03
  0.5602500000000000E+02   0.9974931116642850E+00   0.3900547152661352E-03  -0.1254211625628665E-02   0.1952722703847471E-03   0.3017287080695883E-06   0.4033001766839441E-06   0.3920176810969314E-03
  0.5607500000000000E+02   0.9974993866893702E+00   0.3932344736716251E-03  -0.1251069865595089E-02   0.1968635268619043E-03   0.3044589434110388E-06   0.4014848888595789E-06   0.3952084684073573E-03
  0.5612500000000000E+02   0.9975052481482836E+00   0.3966347876239287E-03  -0.1248135132437378E-02   0.1985652300516724E-03   0.3073645309135042E-06   0.3998162298819571E-06   0.3986211657628742E-03
  0.5617499999999998E+02   0.9975106354493248E+00   0.4002000872529303E-03  -0.1245437762973922E-02   0.2003495665424325E-03   0.3104028360024543E-06   0.3983097040575051E-06   0.4021999751499280E-03
  0.5622499999999999E+02   0.9975154954690075E+00   0.4038556719174134E-03  -0.1243004357208810E-02   0.2021791455175217E-03   0.3135162191438545E-06   0.3969773469072994E-06   0.4058698714510767E-03
  0.5627500000000000E+02   0.9975197883792003E+00   0.4075081572026268E-03  -0.1240854861319973E-02   0.2040072219544200E-03   0.3166323162274474E-06   0.3958259394250935E-06   0.4095370470335807E-03
  0.5632500000000000E+02   0.9975234938307854E+00   0.4110476779401527E-03  -0.1238999471996127E-02   0.2057787987931290E-03   0.3196656862255430E-06   0.3948552211027836E-06   0.4130911200365882E-03
  0.5637500000000000E+02   0.9975266169509038E+00   0.4143521493396348E-03  -0.1237435633847261E-02   0.2074327593578741E-03   0.3225210698319407E-06   0.3940562885974308E-06   0.4164094103653420E-03
  0.5642500000000000E+02   0.9975291934210226E+00   0.4172937108714320E-03  -0.1236145496664287E-02   0.2089050925250711E-03   0.3250983662776088E-06   0.3934104145834097E-06   0.4193634094225029E-03
  0.5647499999999999E+02   0.9975312927759511E+00   0.4197471859678279E-03  -0.1235094262978076E-02   0.2101331272037850E-03   0.3272992089166039E-06   0.3928885426116025E-06   0.4218272769058292E-03
  0.5652500000000000E+02   0.9975330190694935E+00   0.4216000094164704E-03  -0.1234229853651292E-02   0.2110605018805829E-03   0.3290347217835127E-06   0.3924516885363566E-06   0.4236878150660406E-03
  0.5657500000000000E+02   0.9975345082495861E+00   0.4227626729658648E-03  -0.1233484220616754E-02   0.2116423940363898E-03   0.3302337227571285E-06   0.3920523932912272E-06   0.4248549673219124E-03
  0.5662500000000000E+02   0.9975359219916907E+00   0.4231784263432350E-03  -0.1232776432730009E-02   0.2118503773240476E-03   0.3308503886597825E-06   0.3916372268194254E-06   0.4252715727323820E-03
  0.5667500000000000E+02   0.9975374383033407E+00   0.4228308638205208E-03  -0.1232017378328676E-02   0.2116762206927328E-03   0.3308703067060623E-06   0.3911501617144117E-06   0.4249209993948321E-03
  0.5672499999999999E+02   0.9975392398131474E+00   0.4217482076768629E-03  -0.1231115627480239E-02   0.2111340342474865E-03   0.3303139708934799E-06   0.3905364603693639E-06   0.4238314610158156E-03
  0.5677500000000000E+02   0.9975415011310360E+00   0.4200035704549805E-03  -0.1229983759788333E-02   0.2102604021074089E-03   0.3292371440812861E-06   0.3897466017843456E-06   0.4220762930570767E-03
  0.5682500000000000E+02   0.9975443768665728E+00   0.4177111402428006E-03  -0.1228544363326534E-02   0.2091124740727236E-03   0.3277280221459444E-06   0.3887397529678647E-06   0.4197701302357208E-03
  0.5687500000000000E+02   0.9975479917501945E+00   0.4150189168444714E-03  -0.1226734981251476E-02   0.2077643301939409E-03   0.3259016732001404E-06   0.3874863759122784E-06   0.4170616145304116E-03
  0.5692499999999999E+02   0.9975524338583153E+00   0.4120991500169452E-03  -0.1224511504757220E-02   0.2063021944189953E-03   0.3238926397947328E-06   0.3859697307617548E-06   0.4141237895780548E-03
  0.5697500000000000E+02   0.9975577513309626E+00   0.4091378695003273E-03  -0.1221849817556131E-02   0.2048191930438162E-03   0.3218467862360834E-06   0.3841862400938540E-06   0.4111435780920284E-03
  0.5702499999999999E+02   0.9975639523608059E+00   0.4063248237451875E-03  -0.1218745802383903E-02   0.2034103173430171E-03   0.3199134236589429E-06   0.3821448635991330E-06   0.4083116666206438E-03
  0.5707500000000000E+02   0.9975710077696764E+00   0.4038448271130178E-03  -0.1215214051789038E-02   0.2021680910615903E-03   0.3182385029617703E-06   0.3798657562593595E-06   0.4058138037784919E-03
  0.5712500000000001E+02   0.9975788552481364E+00   0.4018710744868579E-03  -0.1211285745971180E-02   0.2011792227683538E-03   0.3169593235517105E-06   0.3773785305093967E-06   0.4038240751563359E-03
  0.5717499999999999E+02   0.9975874043144708E+00   0.4005605408058817E-03  -0.1207006170115155E-02   0.2005223020587715E-03   0.3162008604228722E-06   0.3747204216948397E-06   0.4025002742751803E-03
  0.5722500000000000E+02   0.9975965411969721E+00   0.4000512290507191E-03  -0.1202432269876041E-02   0.2002664213329429E-03   0.3160735329761137E-06   0.3719345887709587E-06   0.4019811328119513E-03
  0.5727499999999999E+02   0.9976061330824958E+00   0.4004608030376946E-03  -0.1197630523979143E-02   0.2004704910981435E-03   0.3166720579574879E-06   0.3690686943270729E-06   0.4023849446150249E-03
  0.5732500000000000E+02   0.9976160314378643E+00   0.4018860390222319E-03  -0.1192675280937916E-02   0.2011829654609670E-03   0.3180749452507982E-06   0.3661738203786956E-06   0.4038090148247325E-03
  0.5737500000000001E+02   0.9976260743542019E+00   0.4044025267039497E-03  -0.1187647584972584E-02   0.2024416927394546E-03   0.3203441893890252E-06   0.3633037011930705E-06   0.4063293617588635E-03
  0.5742499999999999E+02   0.9976360880677856E+00   0.4080641138722711E-03  -0.1182634414326644E-02   0.2042736379703390E-03   0.3235247569396030E-06   0.3605141959580091E-06   0.4100001630422466E-03
  0.5747499999999999E+02   0.9976458879726161E+00   0.4129016941629914E-03  -0.1177728174256099E-02   0.2066942767546872E-03   0.3276435506124176E-06   0.3578628814028243E-06   0.4148525431105011E-03
  0.5752500000000001E+02   0.9976552795665501E+00   0.4189210709933732E-03  -0.1173026223571849E-02   0.2097065267518207E-03   0.3327076348133290E-06   0.3554086145952331E-06   0.4208924333602957E-03
  0.5757500000000000E+02   0.9976640598705808E+00   0.4260997920157239E-03  -0.1168630164673834E-02   0.2132991638448307E-03   0.3387016340575016E-06   0.3532108970672423E-06   0.4280973981097718E-03
  0.5762500000000001E+02   0.9976720199274421E+00   0.4343830454556389E-03  -0.1164644593680042E-02   0.2174447686019958E-03   0.3455843717786594E-06   0.3513288642191883E-06   0.4364125172629600E-03
  0.5767500000000000E+02   0.9976789490049871E+00   0.4436789523597397E-03  -0.1161174997573067E-02   0.2220973700930486E-03   0.3532850107369148E-06   0.3498197338946297E-06   0.4457456600742673E-03
  0.5772499999999999E+02   0.9976846410695819E+00   0.4538538787188184E-03  -0.1158324515380005E-02   0.2271900992209885E-03   0.3616991890808105E-06   0.3487365846876694E-06   0.4559627754011033E-03
  0.5777500000000000E+02   0.9976889039100504E+00   0.4647287093862100E-03  -0.1156189372776284E-02   0.2326333228687595E-03   0.3706859031399041E-06   0.3481254100056631E-06   0.4668841430817100E-03
  0.5782500000000000E+02   0.9976915709375394E+00   0.4760773183904590E-03  -0.1154852977177767E-02   0.2383138766852222E-03   0.3800661269037808E-06   0.3480215183867591E-06   0.4782828252406486E-03
  0.5787499999999999E+02   0.9976925151373663E+00   0.4876286426988752E-03  -0.1154378935226630E-02   0.2440961007463101E-03   0.3896243028885263E-06   0.3484455250236233E-06   0.4898867302464481E-03
  0.5792500000000000E+02   0.9976916639373956E+00   0.4990736898878939E-03  -0.1154803610640465E-02   0.2498253441534048E-03   0.3991137858753634E-06   0.3493993861661101E-06   0.5013856264602728E-03
  0.5797499999999999E+02   0.9976890130040079E+00   0.5100783559172627E-03  -0.1156129217557700E-02   0.2553343774926976E-03   0.4082669651713625E-06   0.3508631231504294E-06   0.5124439885876517E-03
  0.5802500000000000E+02   0.9976846364005633E+00   0.5203020328014134E-03  -0.1158318733056607E-02   0.2604527036464156E-03   0.4168100782440820E-06   0.3527929969651488E-06   0.5227196611939265E-03
  0.5807500000000001E+02   0.9976786904234102E+00   0.5294207245223303E-03  -0.1161293972836930E-02   0.2650181262138298E-03   0.4244817174260448E-06   0.3551218495406914E-06   0.5318870584246507E-03
  0.5812499999999999E+02   0.9976714090037438E+00   0.5371520308847857E-03  -0.1164937887553341E-02   0.2688892547227754E-03   0.4310529340932359E-06   0.3577620710372931E-06   0.5396622542773668E-03
  0.5817500000000000E+02   0.9976630898839561E+00   0.5432783287053412E-03  -0.1169101476818701E-02   0.2719571098113824E-03   0.4363460022442888E-06   0.3606111943605917E-06   0.5458262806792384E-03
  0.5822500000000000E+02   0.9976540726103367E+00   0.5476642184238568E-03  -0.1173614800512146E-02   0.2741538602399235E-03   0.4402486722639655E-06   0.3635595566224476E-06   0.5502426839607393E-03
  0.5827500000000000E+02   0.9976447112250112E+00   0.5502650577105865E-03  -0.1178300645392927E-02   0.2754571001341594E-03   0.4427213291286104E-06   0.3664989680442377E-06   0.5528661421833936E-03
  0.5832500000000000E+02   0.9976353457891669E+00   0.5511250581975144E-03  -0.1182988779299232E-02   0.2758889025748364E-03   0.4437957832149932E-06   0.3693310628870827E-06   0.5537406038158699E-03
  0.5837499999999999E+02   0.9976262770976865E+00   0.5503655030916183E-03  -0.1187528610396948E-02   0.2755099274671248E-03   0.4435660907570798E-06   0.3719740718132165E-06   0.5529874979260692E-03
  0.5842500000000000E+02   0.9976177480974587E+00   0.5481655091375636E-03  -0.1191798492726326E-02   0.2744097957497457E-03   0.4421733092758105E-06   0.3743671260097787E-06   0.5507864419513045E-03
  0.5847500000000000E+02   0.9976099339335922E+00   0.5447388765201226E-03  -0.1195710713840725E-02   0.2726955031948475E-03   0.4397870117342046E-06   0.3764717469037178E-06   0.5473520022905295E-03
  0.5852500000000000E+02   0.9976029407688477E+00   0.5403107378305776E-03  -0.1199212090752910E-02   0.2704797314795827E-03   0.4365865390125385E-06   0.3782707148349222E-06   0.5429102358165029E-03
  0.5857500000000000E+02   0.9975968120613231E+00   0.5350970769488705E-03  -0.1202280831609892E-02   0.2678705941551399E-03   0.4327444737436603E-06   0.3797649033331541E-06   0.5376781007905904E-03
  0.5862500000000000E+02   0.9975915401295350E+00   0.5292891028164244E-03  -0.1204920749327765E-02   0.2649638118028744E-03   0.4284139570037978E-06   0.3809688507420879E-06   0.5318477366045511E-03
  0.5867499999999999E+02   0.9975870806040991E+00   0.5230433194626532E-03  -0.1207154028874613E-02   0.2618377382119205E-03   0.4237205539439269E-06   0.3819058361377231E-06   0.5255764629606696E-03
  0.5872500000000000E+02   0.9975833675978214E+00   0.5164772036294558E-03  -0.1209013633712619E-02   0.2585511937329637E-03   0.4187586248691731E-06   0.3826030977241773E-06   0.5189824137103282E-03
  0.5877500000000001E+02   0.9975803278952209E+00   0.5096697928109763E-03  -0.1210536202169488E-02   0.2551437571602882E-03   0.4135916637007308E-06   0.3830876532895571E-06   0.5121451077220997E-03
  0.5882500000000000E+02   0.9975778929779288E+00   0.5026661753790981E-03  -0.1211756026525124E-02   0.2516380115665676E-03   0.4082558089325359E-06   0.3833830090384719E-06   0.5051099451622707E-03
  0.5887499999999999E+02   0.9975760081544451E+00   0.4954847698038619E-03  -0.1212700481294848E-02   0.2480431869941807E-03   0.4027656413468217E-06   0.3835069020922547E-06   0.4978955113842003E-03
  0.5892499999999999E+02   0.9975746384210541E+00   0.4881262848434019E-03  -0.1213387087767193E-02   0.2443596452600308E-03   0.3971213804311016E-06   0.3834701160643579E-06   0.4905025748495788E-03
  0.5897499999999999E+02   0.9975737709662632E+00   0.4805833013505851E-03  -0.1213822258853692E-02   0.2405836764969414E-03   0.3913166249513890E-06   0.3832763279870800E-06   0.4829237141142888E-03
  0.5902500000000001E+02   0.9975734144814974E+00   0.4728494863560027E-03  -0.1214001642933837E-02   0.2367121120709579E-03   0.3853458342886356E-06   0.3829228758101621E-06   0.4751525790036737E-03
  0.5907500000000000E+02   0.9975735956813968E+00   0.4649275531395268E-03  -0.1213911864887063E-02   0.2327463100770746E-03   0.3792108256918495E-06   0.3824022717428073E-06   0.4671918944497789E-03
  0.5912499999999999E+02   0.9975743536658280E+00   0.4568352430693381E-03  -0.1213533347943274E-02   0.2286951507265887E-03   0.3729256899699106E-06   0.3817042299247667E-06   0.4590594781491616E-03
  0.5917500000000000E+02   0.9975757329428467E+00   0.4486088430609350E-03  -0.1212843806256636E-02   0.2245767981090830E-03   0.3665197186335728E-06   0.3808179369857206E-06   0.4507917823390517E-03
  0.5922499999999999E+02   0.9975777760338379E+00   0.4403040574362488E-03  -0.1211821946998537E-02   0.2204191374664447E-03   0.3600381821622121E-06   0.3797342831621196E-06   0.4424447764446780E-03
  0.5927500000000001E+02   0.9975805165629484E+00   0.4319943851355197E-03  -0.1210450930283491E-02   0.2162589634312273E-03   0.3535410699597951E-06   0.3784477979117496E-06   0.4340923213558393E-03
  0.5932500000000001E+02   0.9975839735837062E+00   0.4237674530817145E-03  -0.1208721209908004E-02   0.2121401448333903E-03   0.3471001490726666E-06   0.3769580964035156E-06   0.4258224877671338E-03
  0.5937499999999999E+02   0.9975881476424511E+00   0.4157199651154112E-03  -0.1206632504661020E-02   0.2081110961709261E-03   0.3407948723419142E-06   0.3752707306168619E-06   0.4177324810971872E-03
  0.5942500000000000E+02   0.9975930187754366E+00   0.4079520062464826E-03  -0.1204194801544101E-02   0.2042219261050183E-03   0.3347077362968717E-06   0.3733974327816363E-06   0.4099229166404252E-03
  0.5947499999999999E+02   0.9975985463490967E+00   0.4005613908931857E-03  -0.1201428436137575E-02   0.2005216078082738E-03   0.3289196513013113E-06   0.3713558202924098E-06   0.4024921375760748E-03
  0.5952500000000000E+02   0.9976046704355662E+00   0.3936385905981874E-03  -0.1198363404218084E-02   0.1970554393261843E-03   0.3235057644016016E-06   0.3691686858051002E-06   0.3955311146544861E-03
  0.5957500000000000E+02   0.9976113142978673E+00   0.3872625703462709E-03  -0.1195038117694280E-02   0.1938629587985087E-03   0.3185320085323334E-06   0.3668630182471930E-06   0.3891192589655821E-03
  0.5962499999999999E+02   0.9976183875426745E+00   0.3814976546182738E-03  -0.1191497826209753E-02   0.1909763752450989E-03   0.3140524822961732E-06   0.3644688926550541E-06   0.3833212700251158E-03
  0.5967500000000000E+02   0.9976257895624543E+00   0.3763913750412445E-03  -0.1187792893799888E-02   0.1884194908529108E-03   0.3101076256904984E-06   0.3620183376809630E-06   0.3781849710935040E-03
  0.5972500000000000E+02   0.9976334130009730E+00   0.3719731433961039E-03  -0.1183977063827113E-02   0.1862070365584604E-03   0.3067230677035930E-06   0.3595442500595812E-06   0.3737399747964859E-03
  0.5977500000000000E+02   0.9976411471038228E+00   0.3682535518773943E-03  -0.1180105781501961E-02   0.1843443217385679E-03   0.3039089862505653E-06   0.3570793852145859E-06   0.3699969798645332E-03
  0.5982500000000000E+02   0.9976488809317648E+00   0.3652241193394996E-03  -0.1176234585141600E-02   0.1828271072363826E-03   0.3016598337080443E-06   0.3546554199440959E-06   0.3669475166013844E-03
  0.5987499999999999E+02   0.9976565065006224E+00   0.3628573634898697E-03  -0.1172417534283099E-02   0.1816416415904915E-03   0.2999543309040690E-06   0.3523020613063077E-06   0.3645640201403241E-03
  0.5992500000000000E+02   0.9976639219558465E+00   0.3611071678012682E-03  -0.1168705620525956E-02   0.1807648447907346E-03   0.2987557052297360E-06   0.3500461676747414E-06   0.3628001997596072E-03
  0.5997500000000000E+02   0.9976710348868716E+00   0.3599095109387376E-03  -0.1165145108471322E-02   0.1801646734573670E-03   0.2980122303654546E-06   0.3479108540679902E-06   0.3615917720424057E-03
  0.6002500000000000E+02   0.9976777658342771E+00   0.3591837176809389E-03  -0.1161775780188834E-02   0.1798007469935865E-03   0.2976582010672926E-06   0.3459145736689902E-06   0.3608577173427580E-03
  0.6007500000000000E+02   0.9976840519445318E+00   0.3588344540806537E-03  -0.1158629105803999E-02   0.1796253461945680E-03   0.2976155302454623E-06   0.3440701989526905E-06   0.3605022831894918E-03
  0.6012500000000000E+02   0.9976898505927734E+00   0.3587547049592823E-03  -0.1155726430035031E-02   0.1795849034990503E-03   0.2977961695701981E-06   0.3423841649988107E-06   0.3604179738337802E-03
  0.6017500000000000E+02   0.9976951426440726E+00   0.3588299190626196E-03  -0.1153077339593911E-02   0.1796220776787720E-03   0.2981055123563610E-06   0.3408557774930163E-06   0.3604897123229171E-03
  0.6022500000000000E+02   0.9976999348906981E+00   0.3589433741003072E-03  -0.1150678442919717E-02   0.1796784391567487E-03   0.2984468278717226E-06   0.3394768186696615E-06   0.3606002279627277E-03
  0.6027500000000001E+02   0.9977042611297698E+00   0.3589826045570055E-03  -0.1148512830346338E-02   0.1796976873780400E-03   0.2987266023392385E-06   0.3382315941360271E-06   0.3606365118942865E-03
  0.6032499999999999E+02   0.9977081813758661E+00   0.3588464782490299E-03  -0.1146550467730933E-02   0.1796291930598358E-03   0.2988604470821108E-06   0.3370975413525435E-06   0.3604969254772520E-03
  0.6037500000000000E+02   0.9977117788651368E+00   0.3584522584422476E-03  -0.1144749695526692E-02   0.1794315334143678E-03   0.2987790242761772E-06   0.3360464614343925E-06   0.3600982957771624E-03
  0.6042499999999999E+02   0.9977151547969398E+00   0.3577418197221828E-03  -0.1143059860416296E-02   0.1790756039959990E-03   0.2984332963879331E-06   0.3350463450109489E-06   0.3593821627892598E-03
  0.6047500000000000E+02   0.9977184211279568E+00   0.3566861660445716E-03  -0.1141424921953460E-02   0.1785468808818614E-03   0.2977983842010991E-06   0.3340636573951626E-06   0.3583193227821605E-03
  0.6052500000000001E+02   0.9977216920959324E+00   0.3552875640635442E-03  -0.1139787695342176E-02   0.1778464892719040E-03   0.2968754511411777E-06   0.3330658546063010E-06   0.3569119771496786E-03
  0.6057499999999999E+02   0.9977250754059233E+00   0.3535789350463100E-03  -0.1138094263425260E-02   0.1769908998509538E-03   0.2956913039009153E-06   0.3320238470891681E-06   0.3551931275793403E-03
  0.6062499999999999E+02   0.9977286640844731E+00   0.3516205694626767E-03  -0.1136298054587703E-02   0.1760102848756300E-03   0.2942957495635178E-06   0.3309141300128508E-06   0.3532232809725535E-03
  0.6067500000000000E+02   0.9977325298739259E+00   0.3494946318023390E-03  -0.1134363149904116E-02   0.1749457679335450E-03   0.2927570877773779E-06   0.3297203584267063E-06   0.3510849330379328E-03
  0.6072499999999999E+02   0.9977367187415506E+00   0.3472982075003273E-03  -0.1132266531768122E-02   0.1738459436938919E-03   0.2911563575603682E-06   0.3284342451319554E-06   0.3488755854736292E-03
  0.6077500000000001E+02   0.9977412487045755E+00   0.3451357494482830E-03  -0.1129999173234197E-02   0.1727630968807822E-03   0.2895810511534815E-06   0.3270557706942969E-06   0.3467001581631230E-03
  0.6082500000000000E+02   0.9977461098229001E+00   0.3431117075455662E-03  -0.1127566042192107E-02   0.1717495126910566E-03   0.2881189499932304E-06   0.3255927901361718E-06   0.3446635838034816E-03
  0.6087499999999999E+02   0.9977512659637446E+00   0.3413239204952618E-03  -0.1124985218425079E-02   0.1708541686618818E-03   0.2868525705847913E-06   0.3240601801716954E-06   0.3428641673998271E-03
  0.6092500000000000E+02   0.9977566578319729E+00   0.3398580889869078E-03  -0.1122286376967874E-02   0.1701199678157837E-03   0.2858544925182194E-06   0.3224786884073634E-06   0.3413880318263247E-03
  0.6097499999999999E+02   0.9977622067787809E+00   0.3387834051785496E-03  -0.1119508881726516E-02   0.1695815506413948E-03   0.2851836370140743E-06   0.3208736276770667E-06   0.3403047251844132E-03
  0.6102500000000001E+02   0.9977678190136207E+00   0.3381492351941259E-03  -0.1116699677185196E-02   0.1692636342427811E-03   0.2848824146265958E-06   0.3192735175378367E-06   0.3396638864734475E-03
  0.6107500000000000E+02   0.9977733900023843E+00   0.3379826622310566E-03  -0.1113911086863206E-02   0.1691797823507619E-03   0.2849745849697208E-06   0.3177087254935462E-06   0.3394927763352372E-03
  0.6112499999999999E+02   0.9977788089946128E+00   0.3382866979613217E-03  -0.1111198547219194E-02   0.1693315099084696E-03   0.2854636703005424E-06   0.3162101152403925E-06   0.3397944795186829E-03
  0.6117500000000000E+02   0.9977839637488888E+00   0.3390390446417583E-03  -0.1108618242413817E-02   0.1697076633323268E-03   0.2863318268153919E-06   0.3148076771412992E-06   0.3405466606248424E-03
  0.6122500000000001E+02   0.9977887455937684E+00   0.3401914174255170E-03  -0.1106224571182590E-02   0.1702840811474050E-03   0.2875391842542403E-06   0.3135291029507586E-06   0.3417008822470003E-03
  0.6127499999999999E+02   0.9977930549547241E+00   0.3416695889059475E-03  -0.1104067380489626E-02   0.1710236160487466E-03   0.2890237934941468E-06   0.3123982757379027E-06   0.3431826478243235E-03
  0.6132500000000000E+02   0.9977968073858593E+00   0.3433744640230850E-03  -0.1102188946511928E-02   0.1718766725802236E-03   0.2907024464114723E-06   0.3114336779709485E-06   0.3448924783521524E-03
  0.6137500000000000E+02   0.9977999399684409E+00   0.3451845945345262E-03  -0.1100620771931293E-02   0.1727824652375290E-03   0.2924727196707903E-06   0.3106467738718688E-06   0.3467084337985923E-03
  0.6142500000000000E+02   0.9978024176928048E+00   0.3469605538714107E-03  -0.1099380391375915E-02   0.1736712076559489E-03   0.2942166062752117E-06   0.3100404897431330E-06   0.3484905020537575E-03
  0.6147500000000000E+02   0.9978042391667993E+00   0.3485514723867597E-03  -0.1098468513704320E-02   0.1744673831204060E-03   0.2958059985905788E-06   0.3096079847141274E-06   0.3500871572935194E-03
  0.6152499999999998E+02   0.9978054407628320E+00   0.3498037541055720E-03  -0.1097866945525938E-02   0.1750941070853114E-03   0.2971100514167728E-06   0.3093319538497040E-06   0.3513441099329854E-03
  0.6157500000000000E+02   0.9978060982190247E+00   0.3505715727844765E-03  -0.1097537788755543E-02   0.1754783805459971E-03   0.2980040940327189E-06   0.3091847113604906E-06   0.3521148454816882E-03
  0.6162500000000000E+02   0.9978063248374849E+00   0.3507282491375211E-03  -0.1097424341257591E-02   0.1755567848577364E-03   0.2983793359997009E-06   0.3091292428732370E-06   0.3522720514967198E-03
  0.6167500000000000E+02   0.9978062658205631E+00   0.3501771728586314E-03  -0.1097453930577807E-02   0.1752809491959662E-03   0.2981522333471461E-06   0.3091212861423009E-06   0.3517185912849168E-03
  0.6172500000000000E+02   0.9978060889164868E+00   0.3488607111224426E-03  -0.1097542595207446E-02   0.1746220106559770E-03   0.2972721850905518E-06   0.3091123172143203E-06   0.3503964592848602E-03
  0.6177500000000000E+02   0.9978059722714944E+00   0.3467656663247093E-03  -0.1097601164557593E-02   0.1735733474706747E-03   0.2957263244698873E-06   0.3090531275112277E-06   0.3482922736612771E-03
  0.6182500000000000E+02   0.9978060910003296E+00   0.3439243388136627E-03  -0.1097541981032513E-02   0.1721511124798594E-03   0.2935405819384053E-06   0.3088975341127414E-06   0.3454383559130151E-03
  0.6187500000000000E+02   0.9978066042908957E+00   0.3404110120219280E-03  -0.1097285355329825E-02   0.1703924751786359E-03   0.2907768422276496E-06   0.3086057200588749E-06   0.3419092118780793E-03
  0.6192500000000000E+02   0.9978076447454146E+00   0.3363344983623554E-03  -0.1096764902738911E-02   0.1683518916272242E-03   0.2875267186689627E-06   0.3081467725382819E-06   0.3378140533014340E-03
  0.6197500000000000E+02   0.9978093111661285E+00   0.3318280299647569E-03  -0.1095931155536523E-02   0.1660960448127001E-03   0.2839030240953003E-06   0.3075001529897578E-06   0.3332866484633416E-03
  0.6202500000000000E+02   0.9978116652813561E+00   0.3270380839470132E-03  -0.1094753203051080E-02   0.1636982511582960E-03   0.2800302866453426E-06   0.3066560420049321E-06   0.3284740983630044E-03
  0.6207499999999999E+02   0.9978147321931949E+00   0.3221136602243260E-03  -0.1093218468657398E-02   0.1612330931073067E-03   0.2760356063331770E-06   0.3056146929600185E-06   0.3235260638753895E-03
  0.6212500000000000E+02   0.9978185037920784E+00   0.3171971663013399E-03  -0.1091331001387030E-02   0.1587718557990512E-03   0.2720408449451258E-06   0.3043850564949064E-06   0.3185856046990295E-03
  0.6217500000000000E+02   0.9978229441149070E+00   0.3124175609420332E-03  -0.1089108794318894E-02   0.1563790943178858E-03   0.2681567168707297E-06   0.3029829864869820E-06   0.3137822862674695E-03
  0.6222500000000000E+02   0.9978279956135806E+00   0.3078859189144560E-03  -0.1086580646951218E-02   0.1541104128493237E-03   0.2644789313639903E-06   0.3014293169206350E-06   0.3092277187108589E-03
  0.6227499999999999E+02   0.9978335854745871E+00   0.3036932050001775E-03  -0.1083783001778693E-02   0.1520113498170979E-03   0.2610862160005318E-06   0.2997480334263230E-06   0.3050133158900856E-03
  0.6232500000000000E+02   0.9978396313918672E+00   0.2999098266212425E-03  -0.1080757054391812E-02   0.1501171534832335E-03   0.2580398615479384E-06   0.2979646813411878E-06   0.3012098422998577E-03
  0.6237499999999999E+02   0.9978460464624371E+00   0.2965864592038901E-03  -0.1077546302623023E-02   0.1484531947931070E-03   0.2553843612333736E-06   0.2961050756809302E-06   0.2978682397353430E-03
  0.6242500000000000E+02   0.9978527430955229E+00   0.2937556676231259E-03  -0.1074194589486432E-02   0.1470357788496642E-03   0.2531487397394185E-06   0.2941943195749569E-06   0.2950212547594329E-03
  0.6247500000000001E+02   0.9978596359799746E+00   0.2914339355183256E-03  -0.1070744617541197E-02   0.1458731606607841E-03   0.2513482408889781E-06   0.2922561000725524E-06   0.2926854767482319E-03
  0.6252499999999999E+02   0.9978666442422920E+00   0.2896238239430387E-03  -0.1067236868459442E-02   0.1449666256991617E-03   0.2499861354997305E-06   0.2903122116958586E-06   0.2908635064372026E-03
  0.6257500000000000E+02   0.9978736929611915E+00   0.2883160859756726E-03  -0.1063708844745936E-02   0.1443115484583304E-03   0.2490555002044641E-06   0.2883822540306883E-06   0.2895460805546844E-03
  0.6262499999999999E+02   0.9978807142005032E+00   0.2874916505426268E-03  -0.1060194552620408E-02   0.1438983855558105E-03   0.2485408919798824E-06   0.2864834549054154E-06   0.2887140651945997E-03
  0.6267500000000000E+02   0.9978876476953987E+00   0.2871234514430180E-03  -0.1056724158476019E-02   0.1437135913453850E-03   0.2484198969434648E-06   0.2846305809432029E-06   0.2883402936562163E-03
  0.6272500000000001E+02   0.9978944412896151E+00   0.2871781164178077E-03  -0.1053323770014214E-02   0.1437404634557747E-03   0.2486645655019093E-06   0.2828359092021233E-06   0.2883912635604568E-03
  0.6277499999999999E+02   0.9979010511822879E+00   0.2876175488682299E-03  -0.1050015312703101E-02   0.1439599345698290E-03   0.2492427614199269E-06   0.2811092449904122E-06   0.2888287259410433E-03
  0.6282500000000000E+02   0.9979074420084009E+00   0.2884004355363488E-03  -0.1046816489528091E-02   0.1443513271176864E-03   0.2501194531807603E-06   0.2794579803040189E-06   0.2896111997598029E-03
  0.6287500000000001E+02   0.9979135867508245E+00   0.2894837016794212E-03  -0.1043740825040107E-02   0.1448930816643095E-03   0.2512579659746521E-06   0.2778871938106169E-06   0.2906954334945661E-03
  0.6292500000000000E+02   0.9979194664669556E+00   0.2908239158478304E-03  -0.1040797802194238E-02   0.1455634600532184E-03   0.2526211959041005E-06   0.2763997964720953E-06   0.2920378159650928E-03
  0.6297499999999999E+02   0.9979250698100471E+00   0.2923786243220760E-03  -0.1037993101940859E-02   0.1463412133310052E-03   0.2541727688364156E-06   0.2749967267597083E-06   0.2935957164272816E-03
  0.6302499999999999E+02   0.9979303923338063E+00   0.2941075754942795E-03  -0.1035328951283665E-02   0.1472061945821990E-03   0.2558781090242447E-06   0.2736771963754071E-06   0.2953287141157633E-03
  0.6307500000000000E+02   0.9979354355863775E+00   0.2959737813367382E-03  -0.1032804576744484E-02   0.1481398902249919E-03   0.2577053709505361E-06   0.2724389822864839E-06   0.2971996642112065E-03
  0.6312500000000000E+02   0.9979402060226044E+00   0.2979443597048243E-03  -0.1030416748777574E-02   0.1491258416172902E-03   0.2596261846011189E-06   0.2712787548560918E-06   0.2991755437859019E-03
  0.6317500000000000E+02   0.9979447137866322E+00   0.2999911088516242E-03  -0.1028160391077670E-02   0.1501499326392748E-03   0.2616161707076510E-06   0.2701924262348585E-06   0.3012280289246991E-03
  0.6322499999999999E+02   0.9979489714355532E+00   0.3020907832749827E-03  -0.1026029219403091E-02   0.1512005277970002E-03   0.2636551977167968E-06   0.2691754992149664E-06   0.3033337720153328E-03
  0.6327500000000000E+02   0.9979529926848609E+00   0.3042250648883296E-03  -0.1024016369490344E-02   0.1522684578375475E-03   0.2657273737907956E-06   0.2682233953364696E-06   0.3054743731580615E-03
  0.6332500000000000E+02   0.9979567912556991E+00   0.3063802510635502E-03  -0.1022114974030264E-02   0.1533468636573399E-03   0.2678207911975609E-06   0.2673317425664851E-06   0.3076360673027574E-03
  0.6337500000000000E+02   0.9979603798921955E+00   0.3085467064181619E-03  -0.1020318654525787E-02   0.1544309219595919E-03   0.2699270627206914E-06   0.2664966071192650E-06   0.3098091741446204E-03
  0.6342500000000000E+02   0.9979637695966319E+00   0.3107181439765453E-03  -0.1018621904131711E-02   0.1555174855054841E-03   0.2720407064016864E-06   0.2657146602094733E-06   0.3119873766463256E-03
  0.6347499999999999E+02   0.9979669691044571E+00   0.3128908106302549E-03  -0.1017020350455922E-02   0.1566046754570438E-03   0.2741584434354166E-06   0.2649832776452740E-06   0.3141669033957904E-03
  0.6352500000000000E+02   0.9979699845945187E+00   0.3150626506347898E-03  -0.1015510900636563E-02   0.1576914627167210E-03   0.2762784734146353E-06   0.2643005770144830E-06   0.3163456888277217E-03
  0.6357499999999999E+02   0.9979728196065289E+00   0.3172325100383877E-03  -0.1014091782696624E-02   0.1587772697437200E-03   0.2783997820144036E-06   0.2636654027493676E-06   0.3185225744631714E-03
  0.6362500000000000E+02   0.9979754751209592E+00   0.3193994267325371E-03  -0.1012762505598785E-02   0.1598616152162440E-03   0.2805215205669760E-06   0.2630772728500100E-06   0.3206965960515609E-03
  0.6367500000000000E+02   0.9979779497483005E+00   0.3215620284245239E-03  -0.1011523764557487E-02   0.1609438127035701E-03   0.2826424775463196E-06   0.2625363021310843E-06   0.3228663790257609E-03
  0.6372499999999999E+02   0.9979802399756132E+00   0.3237180377558754E-03  -0.1010377317674060E-02   0.1620227229621665E-03   0.2847606418055911E-06   0.2620431155295266E-06   0.3250296415124084E-03
  0.6377500000000000E+02   0.9979823404279720E+00   0.3258638633725367E-03  -0.1009325855112708E-02   0.1630965492503064E-03   0.2868728394309582E-06   0.2615987615729525E-06   0.3271827836355025E-03
  0.6382500000000000E+02   0.9979842441192259E+00   0.3279942408664452E-03  -0.1008372873624097E-02   0.1641626576040125E-03   0.2889744128411124E-06   0.2612046311085297E-06   0.3293205268967729E-03
  0.6387500000000000E+02   0.9979859426881285E+00   0.3301018803532666E-03  -0.1007522558393870E-02   0.1652174004346104E-03   0.2910589042513340E-06   0.2608623805220989E-06   0.3314355602204899E-03
  0.6392500000000000E+02   0.9979874266394325E+00   0.3321770794254073E-03  -0.1006779662412138E-02   0.1662559227945288E-03   0.2931177071212344E-06   0.2605738527528565E-06   0.3335181512181853E-03
  0.6397500000000000E+02   0.9979886856317871E+00   0.3342072718297205E-03  -0.1006149362425823E-02   0.1672719364670883E-03   0.2951396592272145E-06   0.2603409842659160E-06   0.3355556928706775E-03
  0.6402499999999999E+02   0.9979897088718159E+00   0.3361765030102641E-03  -0.1005637061756048E-02   0.1682574574402508E-03   0.2971105692088025E-06   0.2601656826249114E-06   0.3375321766859215E-03
  0.6407500000000000E+02   0.9979904856832800E+00   0.3380648521560246E-03  -0.1005248105490963E-02   0.1692025165872560E-03   0.2990126935943769E-06   0.2600496581715068E-06   0.3394276119963069E-03
  0.6412500000000000E+02   0.9979910063187214E+00   0.3398478540694117E-03  -0.1004987374318200E-02   0.1700948702317250E-03   0.3008242112287338E-06   0.2599941952090507E-06   0.3412174448687529E-03
  0.6417500000000000E+02   0.9979912630659576E+00   0.3414960093895040E-03  -0.1004858730774272E-02   0.1709197549027278E-03   0.3025187735197284E-06   0.2599998534480465E-06   0.3428720654700116E-03
  0.6422499999999999E+02   0.9979912516717020E+00   0.3429745036941092E-03  -0.1004864306752173E-02   0.1716597465993184E-03   0.3040652377760177E-06   0.2600660994710916E-06   0.3443565248716501E-03
  0.6427499999999999E+02   0.9979909730592534E+00   0.3442432788840821E-03  -0.1005003643786861E-02   0.1722947963401685E-03   0.3054277118816939E-06   0.2601908803692696E-06   0.3456306052902845E-03
  0.6432500000000000E+02   0.9979904352586118E+00   0.3452576072467221E-03  -0.1005272726966933E-02   0.1728025172811350E-03   0.3065660455675055E-06   0.2603701666935591E-06   0.3466493948363722E-03
  0.6437500000000000E+02   0.9979896554004412E+00   0.3459693026776382E-03  -0.1005662986817590E-02   0.1731587907254938E-03   0.3074368902395671E-06   0.2605975078904573E-06   0.3473645019324385E-03
  0.6442499999999998E+02   0.9979886615587524E+00   0.3463286587531592E-03  -0.1006160376817111E-02   0.1733387359444545E-03   0.3079954102553013E-06   0.2608636580089366E-06   0.3477259996665876E-03
  0.6447499999999999E+02   0.9979874941736486E+00   0.3462871269012483E-03  -0.1006744661008585E-02   0.1733180504725938E-03   0.3081976610096616E-06   0.2611563393886071E-06   0.3476851136554110E-03
  0.6452500000000001E+02   0.9979862067605458E+00   0.3458006428535914E-03  -0.1007389058663266E-02   0.1730746749606828E-03   0.3080035556930420E-06   0.2614602135225857E-06   0.3471975615284761E-03
  0.6457500000000000E+02   0.9979848656315397E+00   0.3448333871313846E-03  -0.1008060383327791E-02   0.1725906753880828E-03   0.3073802329368339E-06   0.2617571179493931E-06   0.3462273291938402E-03
  0.6462500000000000E+02   0.9979835484288939E+00   0.3433616458125074E-03  -0.1008719776417810E-02   0.1718541756118534E-03   0.3063055297504070E-06   0.2620266040816889E-06   0.3447505489572887E-03
  0.6467499999999998E+02   0.9979823414004795E+00   0.3413773483551619E-03  -0.1009324070537332E-02   0.1708611284272217E-03   0.3047711823948661E-06   0.2622467744212382E-06   0.3427590545648715E-03
  0.6472499999999999E+02   0.9979813355181427E+00   0.3388908277543401E-03  -0.1009827732040836E-02   0.1696166975221451E-03   0.3027853473116860E-06   0.2623953734623236E-06   0.3402631563982486E-03
  0.6477500000000001E+02   0.9979806217229817E+00   0.3359323947101065E-03  -0.1010185240754469E-02   0.1681360459070674E-03   0.3003740731570047E-06   0.2624510430019321E-06   0.3372932264310413E-03
  0.6482499999999999E+02   0.9979802857370202E+00   0.3325524448687301E-03  -0.1010353686908716E-02   0.1664443901376059E-03   0.2975814666902302E-06   0.2623946195044294E-06   0.3338998103015510E-03
  0.6487500000000000E+02   0.9979804029702543E+00   0.3288200080128273E-03  -0.1010295320515109E-02   0.1645762746465569E-03   0.2944684636901584E-06   0.2622103373998652E-06   0.3301521744019909E-03
  0.6492500000000000E+02   0.9979810340503908E+00   0.3248198626695921E-03  -0.1009979789218352E-02   0.1625741279182433E-03   0.2911103079113958E-06   0.2618868122965118E-06   0.3261354114402045E-03
  0.6497499999999999E+02   0.9979822214074828E+00   0.3206485323039915E-03  -0.1009385848234290E-02   0.1604862587103741E-03   0.2875930146539942E-06   0.2614177105298576E-06   0.3219464216153976E-03
  0.6502500000000001E+02   0.9979839871792994E+00   0.3164096085893398E-03  -0.1008502409245216E-02   0.1583645152898787E-03   0.2840092134067246E-06   0.2608020588446460E-06   0.3176892166647326E-03
  0.6507500000000000E+02   0.9979863325052893E+00   0.3122088894914174E-03  -0.1007328894222725E-02   0.1562618518241159E-03   0.2804538044882894E-06   0.2600441993487646E-06   0.3134700367069783E-03
  0.6512500000000000E+02   0.9979892380916300E+00   0.3081497749611945E-03  -0.1005874952945351E-02   0.1542300235983270E-03   0.2770198269437584E-06   0.2591534391459276E-06   0.3093927248688397E-03
  0.6517500000000000E+02   0.9979926657928143E+00   0.3043292517315925E-03  -0.1004159671593730E-02   0.1523175770339286E-03   0.2737948372834727E-06   0.2581434732763729E-06   0.3055546930079175E-03
  0.6522499999999999E+02   0.9979965608853540E+00   0.3008346537744041E-03  -0.1002210434805195E-02   0.1505682279363900E-03   0.2708579699795871E-06   0.2570316705472933E-06   0.3020436662964927E-03
  0.6527499999999999E+02   0.9980008547069391E+00   0.2977412400933344E-03  -0.1000061604709113E-02   0.1490196488758552E-03   0.2682777210994570E-06   0.2558383059200785E-06   0.2989352488649617E-03
  0.6532500000000000E+02   0.9980054673862986E+00   0.2951105128750026E-03  -0.9977531544963503E-03   0.1477026271997172E-03   0.2661103896597685E-06   0.2545858048879158E-06   0.2962912334333727E-03
  0.6537500000000000E+02   0.9980103104746123E+00   0.2929891213346613E-03  -0.9953293512320327E-03   0.1466405162772612E-03   0.2643990407238632E-06   0.2532980404877639E-06   0.2941584997211064E-03
  0.6542500000000000E+02   0.9980152893878362E+00   0.2914081637425571E-03  -0.9928375333169148E-03   0.1458488861196106E-03   0.2631728237156864E-06   0.2519996976036377E-06   0.2925683133216116E-03
  0.6547499999999999E+02   0.9980203056637842E+00   0.2903827083364625E-03  -0.9903269806998960E-03   0.1453352836208486E-03   0.2624464857969096E-06   0.2507156960640026E-06   0.2915358448911423E-03
  0.6552499999999999E+02   0.9980252591163232E+00   0.2899113955948466E-03  -0.9878478366478483E-03   0.1450990335638290E-03   0.2622199569293838E-06   0.2494706463419043E-06   0.2910597713747923E-03
  0.6557500000000000E+02   0.9980300500239040E+00   0.2899760513077768E-03  -0.9854500124013565E-03   0.1451310450440268E-03   0.2624779430899588E-06   0.2482883009172237E-06   0.2911218881842506E-03
  0.6562500000000001E+02   0.9980345815153352E+00   0.2905413240640835E-03  -0.9831819931863661E-03   0.1454136300947147E-03   0.2631895399672851E-06   0.2471909615447680E-06   0.2916867457372428E-03
  0.6567500000000000E+02   0.9980387623072876E+00   0.2915544540472058E-03  -0.9810894682487081E-03   0.1459203879794523E-03   0.2643079641021897E-06   0.2461988085879520E-06   0.2927014174091517E-03
  0.6572499999999999E+02   0.9980425099003863E+00   0.2929453723246420E-03  -0.9792137314096339E-03   0.1466162548122810E-03   0.2657705827594293E-06   0.2453291340183718E-06   0.2940955986255879E-03
  0.6577499999999999E+02   0.9980457542501486E+00   0.2946274069414394E-03  -0.9775898439674524E-03   0.1474578567739151E-03   0.2674994949556643E-06   0.2445954849316359E-06   0.2957823143119437E-03
  0.6582500000000000E+02   0.9980484417961855E+00   0.2964989145487738E-03  -0.9762446182465245E-03   0.1483943264369493E-03   0.2694029561626976E-06   0.2440067584971053E-06   0.2976595546124850E-03
  0.6587500000000001E+02   0.9980505395684550E+00   0.2984461404083702E-03  -0.9751945624805192E-03   0.1493687337811731E-03   0.2713779265537687E-06   0.2435663286232994E-06   0.2996131430073427E-03
  0.6592499999999998E+02   0.9980520389177595E+00   0.3003475130257377E-03  -0.9744440136015831E-03   0.1503202351661497E-03   0.2733139364880131E-06   0.2432713223465516E-06   0.3015210442077289E-03
  0.6597499999999999E+02   0.9980529582801900E+00   0.3020793908833987E-03  -0.9739837533341289E-03   0.1511869490738134E-03   0.2750982921991288E-06   0.2431121896092029E-06   0.3032591299194359E-03
  0.6602500000000001E+02   0.9980533443338340E+00   0.3035230091836005E-03  -0.9737904287447918E-03   0.1519094325432469E-03   0.2766223991198944E-06   0.2430727115558246E-06   0.3047081501240529E-03
  0.6607500000000000E+02   0.9980532709893190E+00   0.3045720676093747E-03  -0.9738270567736240E-03   0.1524344786243569E-03   0.2777886989789192E-06   0.2431305597569664E-06   0.3057613494641297E-03
  0.6612500000000000E+02   0.9980528358971286E+00   0.3051401301945960E-03  -0.9740447715251843E-03   0.1527188200654963E-03   0.2785174673138186E-06   0.2432584492379974E-06   0.3063318971779065E-03
  0.6617499999999998E+02   0.9980521545317663E+00   0.3051668636688712E-03  -0.9743857843748094E-03   0.1527322519695703E-03   0.2787525811844660E-06   0.2434258308665871E-06   0.3063591533577921E-03
  0.6622499999999999E+02   0.9980513523503806E+00   0.3046221919721448E-03  -0.9747873079757330E-03   0.1524597117780913E-03   0.2784654082980220E-06   0.2436009647215308E-06   0.3058128453178481E-03
  0.6627500000000001E+02   0.9980505559086634E+00   0.3035077117446972E-03  -0.9751860024309611E-03   0.1519019885653390E-03   0.2776562079087491E-06   0.2437531336531696E-06   0.3046944955047019E-03
  0.6632500000000000E+02   0.9980498840374152E+00   0.3018551467365261E-03  -0.9755223914401645E-03   0.1510749503651299E-03   0.2763528267077453E-06   0.2438547205402568E-06   0.3030358768955131E-03
  0.6637499999999999E+02   0.9980494401714625E+00   0.2997221097155887E-03  -0.9757447020168897E-03   0.1500074238068371E-03   0.2746069212069634E-06   0.2438828957003452E-06   0.3008947643557566E-03
  0.6642500000000000E+02   0.9980493066840274E+00   0.2971858596666836E-03  -0.9758117007171441E-03   0.1487380701825680E-03   0.2724883240400149E-06   0.2438207359309737E-06   0.2983486715578904E-03
  0.6647499999999999E+02   0.9980495416895482E+00   0.2943359887251275E-03  -0.9756942945319258E-03   0.1473117255727227E-03   0.2700784018307977E-06   0.2436577013361901E-06   0.2954875111499924E-03
  0.6652500000000001E+02   0.9980501783492064E+00   0.2912670080658160E-03  -0.9753758791737344E-03   0.1457756901248257E-03   0.2674632894888315E-06   0.2433895014445953E-06   0.2924061512772687E-03
  0.6657500000000000E+02   0.9980512263523023E+00   0.2880716523647851E-03  -0.9748515982543893E-03   0.1441763767537014E-03   0.2647277537493492E-06   0.2430174635210281E-06   0.2891976917554801E-03
  0.6662499999999999E+02   0.9980526750191451E+00   0.2848354608846840E-03  -0.9741267907377171E-03   0.1425565986442778E-03   0.2619502027955604E-06   0.2425475603670530E-06   0.2859480207973950E-03
  0.6667500000000000E+02   0.9980544973917692E+00   0.2816329034426068E-03  -0.9732149438158588E-03   0.1409536299003075E-03   0.2591990951728101E-06   0.2419892622265594E-06   0.2827319222667491E-03
  0.6672499999999999E+02   0.9980566547208538E+00   0.2785250681729940E-03  -0.9721354473292143E-03   0.1393980478701200E-03   0.2565307711574054E-06   0.2413543568563495E-06   0.2796107509722411E-03
  0.6677499999999999E+02   0.9980591008735500E+00   0.2755587510467113E-03  -0.9709113876503750E-03   0.1379132770945950E-03   0.2539885666923620E-06   0.2406558463097038E-06   0.2766315156799619E-03
  0.6682500000000000E+02   0.9980617863300429E+00   0.2727666907291669E-03  -0.9695675473239129E-03   0.1365157065633673E-03   0.2516029801758841E-06   0.2399069902731219E-06   0.2738271125828894E-03
  0.6687499999999999E+02   0.9980646615713378E+00   0.2701686626011017E-03  -0.9681287093499247E-03   0.1352152370534839E-03   0.2493926334693448E-06   0.2391205318783655E-06   0.2712174219487811E-03
  0.6692500000000000E+02   0.9980676797679201E+00   0.2677731600924828E-03  -0.9666183113593574E-03   0.1340161224842521E-03   0.2473657801264468E-06   0.2383081164884989E-06   0.2688109949633991E-03
  0.6697500000000001E+02   0.9980707987536216E+00   0.2655794278366563E-03  -0.9650574575417181E-03   0.1329179874133228E-03   0.2455221459465920E-06   0.2374798973373760E-06   0.2666070942463006E-03
  0.6702499999999999E+02   0.9980739823155167E+00   0.2635796530172569E-03  -0.9634642729068332E-03   0.1319169237516550E-03   0.2438549243870118E-06   0.2366443123787724E-06   0.2645978935414364E-03
  0.6707500000000000E+02   0.9980772008574152E+00   0.2617611591931343E-03  -0.9618535710752552E-03   0.1310065887517924E-03   0.2423527834046541E-06   0.2358080118479875E-06   0.2627706801610560E-03
  0.6712500000000000E+02   0.9980804315102382E+00   0.2601084776616202E-03  -0.9602367989184346E-03   0.1301792417291737E-03   0.2410017679588438E-06   0.2349759136020016E-06   0.2611099346787501E-03
  0.6717500000000000E+02   0.9980836577738030E+00   0.2586051962310407E-03  -0.9586222157432767E-03   0.1294266693961131E-03   0.2397870047260092E-06   0.2341513617397755E-06   0.2595991872952924E-03
  0.6722499999999999E+02   0.9980868687847259E+00   0.2572355074338229E-03  -0.9570152596231063E-03   0.1287409607809173E-03   0.2386941355916523E-06   0.2333363625994361E-06   0.2582225725623612E-03
  0.6727499999999999E+02   0.9980900583145241E+00   0.2559854011793531E-03  -0.9554190487773839E-03   0.1281151042006659E-03   0.2377104273845031E-06   0.2325318710323662E-06   0.2569660272144817E-03
  0.6732500000000000E+02   0.9980932236086807E+00   0.2548434727576807E-03  -0.9538349625691778E-03   0.1275433917251124E-03   0.2368255290950696E-06   0.2317380993980520E-06   0.2558181018752955E-03
  0.6737500000000000E+02   0.9980963641784802E+00   0.2538013460283450E-03  -0.9522632461574920E-03   0.1270216310448835E-03   0.2360318745589667E-06   0.2309548226837427E-06   0.2547703864406593E-03
  0.6742500000000000E+02   0.9980994806503847E+00   0.2528537415733164E-03  -0.9507035863679514E-03   0.1265471796441907E-03   0.2353247564540516E-06   0.2301816560448786E-06   0.2538175790033777E-03
  0.6747499999999999E+02   0.9981025737614674E+00   0.2519982471699573E-03  -0.9491556144768376E-03   0.1261188299805459E-03   0.2347021233102704E-06   0.2294182860135693E-06   0.2529572558720477E-03
  0.6752500000000001E+02   0.9981056435648226E+00   0.2512348693879353E-03  -0.9476193039168468E-03   0.1257365851092257E-03   0.2341641715404396E-06   0.2286646432898171E-06   0.2521894217745411E-03
  0.6757500000000000E+02   0.9981086888784777E+00   0.2505654573435762E-03  -0.9460952461166627E-03   0.1254013703120969E-03   0.2337128163447112E-06   0.2279210126879171E-06   0.2515159316230622E-03
  0.6762500000000000E+02   0.9981117069788907E+00   0.2499930909797360E-03  -0.9445848039331128E-03   0.1251147269597024E-03   0.2333511270923568E-06   0.2271880835265406E-06   0.2509398765682395E-03
  0.6767500000000000E+02   0.9981146935096336E+00   0.2495215166864938E-03  -0.9430901573820316E-03   0.1248785300558109E-03   0.2330828043733224E-06   0.2264669505680716E-06   0.2504650174904738E-03
  0.6772499999999999E+02   0.9981176425509140E+00   0.2491546941509542E-03  -0.9416142688668527E-03   0.1246947614421039E-03   0.2329117586778240E-06   0.2257590807687857E-06   0.2500953300854852E-03
  0.6777500000000001E+02   0.9981205467787990E+00   0.2488964925816960E-03  -0.9401608035045639E-03   0.1245653577576863E-03   0.2328418269337124E-06   0.2250662640723730E-06   0.2498346998652235E-03
  0.6782499999999999E+02   0.9981233976358711E+00   0.2487505449739183E-03  -0.9387340437206904E-03   0.1244921374946009E-03   0.2328766357438842E-06   0.2243905670450468E-06   0.2496867758055817E-03
  0.6787500000000000E+02   0.9981261854380595E+00   0.2487202390413209E-03  -0.9373388357802881E-03   0.1244767964561323E-03   0.2330195920696381E-06   0.2237343063235647E-06   0.2496549612170452E-03
  0.6792500000000000E+02   0.9981288993551348E+00   0.2488087958524694E-03  -0.9359805995408088E-03   0.1245209471169726E-03   0.2332739561209367E-06   0.2231000548429511E-06   0.2497424927174358E-03
  0.6797499999999999E+02   0.9981315272236981E+00   0.2490193647829086E-03  -0.9346654220359074E-03   0.1246261661596446E-03   0.2336429299007752E-06   0.2224906880072591E-06   0.2499525356677947E-03
  0.6802500000000001E+02   0.9981340551797050E+00   0.2493550484386936E-03  -0.9334002413807774E-03   0.1247940069755807E-03   0.2341296804120334E-06   0.2219094698515432E-06   0.2502882094111604E-03
  0.6807500000000000E+02   0.9981364671303529E+00   0.2498187655097338E-03  -0.9321931110800596E-03   0.1250259310665135E-03   0.2347372107024322E-06   0.2213601714182473E-06   0.2507524499238119E-03
  0.6812499999999999E+02   0.9981387441198861E+00   0.2504128642040892E-03  -0.9310535174416046E-03   0.1253231146287364E-03   0.2354679958245969E-06   0.2208472056897442E-06   0.2513476221855301E-03
  0.6817500000000000E+02   0.9981408636777390E+00   0.2511384144043232E-03  -0.9299927058498136E-03   0.1256860943531368E-03   0.2363233148786519E-06   0.2203757561373357E-06   0.2520748101083223E-03
  0.6822500000000001E+02   0.9981427992678157E+00   0.2519941327530971E-03  -0.9290239564485603E-03   0.1261142295170189E-03   0.2373022344504923E-06   0.2199518698579751E-06   0.2529327380098310E-03
  0.6827500000000001E+02   0.9981445199822482E+00   0.2529749309704137E-03  -0.9281627374996271E-03   0.1266049755058534E-03   0.2384002325173938E-06   0.2195824818821763E-06   0.2539163138290540E-03
  0.6832499999999999E+02   0.9981459906394987E+00   0.2540701233729697E-03  -0.9274266564111011E-03   0.1271529867558445E-03   0.2396074949027845E-06   0.2192753350194012E-06   0.2550148301000847E-03
  0.6837499999999999E+02   0.9981471724525725E+00   0.2552613847160029E-03  -0.9268351254730911E-03   0.1277490947062225E-03   0.2409069686043317E-06   0.2190387601354573E-06   0.2562099140341461E-03
  0.6842500000000000E+02   0.9981480244243743E+00   0.2565206141336958E-03  -0.9264086637044144E-03   0.1283792387058248E-03   0.2422723178827635E-06   0.2188812859342893E-06   0.2574733829386789E-03
  0.6847500000000001E+02   0.9981485055975079E+00   0.2578079340880688E-03  -0.9261677710890037E-03   0.1290234644184930E-03   0.2436659989792431E-06   0.2188110565582274E-06   0.2587652346007198E-03
  0.6852499999999999E+02   0.9981485782259991E+00   0.2590701304846481E-03  -0.9261313414031802E-03   0.1296551429337691E-03   0.2450377436607298E-06   0.2188350515600158E-06   0.2600320798127626E-03
  0.6857499999999999E+02   0.9981482118361390E+00   0.2602399106362984E-03  -0.9263146300205749E-03   0.1302405990905094E-03   0.2463238102479184E-06   0.2189581280795420E-06   0.2612063950596194E-03
  0.6862500000000000E+02   0.9981473879951539E+00   0.2612363992993937E-03  -0.9267268673763818E-03   0.1307393593266084E-03   0.2474474041308695E-06   0.2191819404954813E-06   0.2622070172014795E-03
  0.6867500000000000E+02   0.9981461054118773E+00   0.2619672792399625E-03  -0.9273687061301938E-03   0.1311052225005385E-03   0.2483206590902138E-06   0.2195038369711463E-06   0.2629412883485301E-03
  0.6872500000000001E+02   0.9981443847741294E+00   0.2623328758322416E-03  -0.9282297999066991E-03   0.1312883036319312E-03   0.2488484715833299E-06   0.2199158791807609E-06   0.2633091520003423E-03
  0.6877500000000001E+02   0.9981422725306877E+00   0.2622322558668270E-03  -0.9292869100191448E-03   0.1312380857686142E-03   0.2489342641689992E-06   0.2204041692488160E-06   0.2632092715799931E-03
  0.6882499999999999E+02   0.9981398427245627E+00   0.2615710562657187E-03  -0.9305029872577197E-03   0.1309073378017378E-03   0.2484874179199777E-06   0.2209486797300848E-06   0.2625468868450068E-03
  0.6887500000000000E+02   0.9981371960610451E+00   0.2602703234417583E-03  -0.9318276374675749E-03   0.1302565383632869E-03   0.2474316985915929E-06   0.2215237508600483E-06   0.2612426870356919E-03
  0.6892500000000000E+02   0.9981344557062648E+00   0.2582752303014409E-03  -0.9331992234167252E-03   0.1292582388388250E-03   0.2457136036546897E-06   0.2220993343675844E-06   0.2592415640224888E-03
  0.6897499999999999E+02   0.9981317598508825E+00   0.2555622871769298E-03  -0.9345485857972236E-03   0.1279006729815223E-03   0.2433093122150126E-06   0.2226429314543471E-06   0.2565198564762058E-03
  0.6902500000000001E+02   0.9981292517362820E+00   0.2521437078775255E-03  -0.9358040345036622E-03   0.1261899429965327E-03   0.2402289548120426E-06   0.2231220219281466E-06   0.2530897404340137E-03
  0.6907499999999999E+02   0.9981270684438915E+00   0.2480679891885438E-03  -0.9368969593606113E-03   0.1241503106428168E-03   0.2365172911966004E-06   0.2235066558207686E-06   0.2489998196453709E-03
  0.6912500000000000E+02   0.9981253300907942E+00   0.2434164436529007E-03  -0.9377672379429214E-03   0.1218224629410420E-03   0.2322505291699554E-06   0.2237718221157022E-06   0.2443316528949149E-03
  0.6917500000000000E+02   0.9981241310262720E+00   0.2382962055003009E-03  -0.9383676423048160E-03   0.1192600124868890E-03   0.2275297609720471E-06   0.2238992453989447E-06   0.2391927387006626E-03
  0.6922499999999999E+02   0.9981235341909367E+00   0.2328308741370310E-03  -0.9386666630676332E-03   0.1165248150278022E-03   0.2224721126028725E-06   0.2238783813165772E-06   0.2337071254163212E-03
  0.6927500000000001E+02   0.9981235691271134E+00   0.2271502860623522E-03  -0.9386495061094458E-03   0.1136818504439489E-03   0.2172010202397599E-06   0.2237065466518391E-06   0.2280051432734713E-03
  0.6932499999999999E+02   0.9981242334320078E+00   0.2213808565202264E-03  -0.9383173660374444E-03   0.1107943885589576E-03   0.2118370088896363E-06   0.2233882782312240E-06   0.2222137058514466E-03
  0.6937500000000000E+02   0.9981254969169011E+00   0.2156375817688331E-03  -0.9376853450909772E-03   0.1079199858736127E-03   0.2064900208997911E-06   0.2229341248460929E-06   0.2164482770818352E-03
  0.6942500000000000E+02   0.9981273074771984E+00   0.2100182972923698E-03  -0.9367795155261760E-03   0.1051076113033798E-03   0.2012538730957593E-06   0.2223591197370286E-06   0.2108071024675255E-03
  0.6947499999999999E+02   0.9981295976838066E+00   0.2046003077927779E-03  -0.9356336207666516E-03   0.1023959589982584E-03   0.1962029647299815E-06   0.2216811644359887E-06   0.2053678216345525E-03
  0.6952499999999999E+02   0.9981322912955219E+00   0.1994391513705486E-03  -0.9342858159314682E-03   0.9981282939602702E-04   0.1913910198074043E-06   0.2209194998860606E-06   0.2001862241980756E-03
  0.6957500000000000E+02   0.9981353091596522E+00   0.1945690726358587E-03  -0.9327757144597104E-03   0.9737536569423555E-04   0.1868514657342954E-06   0.2200933731899835E-06   0.1952967221998075E-03
  0.6962500000000000E+02   0.9981385742246883E+00   0.1900047397131241E-03  -0.9311418791144721E-03   0.9509091298796835E-04   0.1825990096020535E-06   0.2192209479857918E-06   0.1907140722011049E-03
  0.6967500000000000E+02   0.9981420155804229E+00   0.1857437993433816E-03  -0.9294197997481435E-03   0.9295829695343022E-04   0.1786320277939594E-06   0.2183184641686759E-06   0.1864359394560729E-03
  0.6972500000000001E+02   0.9981455715492544E+00   0.1817699673121584E-03  -0.9276403459653748E-03   0.9096937051441542E-04   0.1749354815069094E-06   0.2173996309086992E-06   0.1824459999758042E-03
  0.6977499999999999E+02   0.9981491918859098E+00   0.1780564520929447E-03  -0.9258286660436266E-03   0.8911072731227004E-04   0.1714841660659383E-06   0.2164752323049665E-06   0.1787173773765161E-03
  0.6982500000000000E+02   0.9981528391254229E+00   0.1745695774203806E-03  -0.9240035121672596E-03   0.8736551475266409E-04   0.1682461661783417E-06   0.2155529311616645E-06   0.1752162795545865E-03
  0.6987499999999999E+02   0.9981564890814713E+00   0.1712724909281761E-03  -0.9221769909101285E-03   0.8571529013241733E-04   0.1651864092107641E-06   0.2146372659029616E-06   0.1719057218084872E-03
  0.6992500000000000E+02   0.9981601304692616E+00   0.1681288234708946E-03  -0.9203547518782385E-03   0.8414185208884911E-04   0.1622701862325975E-06   0.2137298417815380E-06   0.1687492004891681E-03
  0.6997500000000001E+02   0.9981637636329550E+00   0.1651061138589305E-03  -0.9185366245157978E-03   0.8262895465055726E-04   0.1594664616440882E-06   0.2128297153142904E-06   0.1657141312211805E-03
  0.7002499999999999E+02   0.9981673984086984E+00   0.1621787632755639E-03  -0.9167176875299887E-03   0.8116378591591799E-04   0.1567507424145620E-06   0.2119339584270751E-06   0.1627748150970168E-03
  0.7007499999999999E+02   0.9981710512453782E+00   0.1593302625751347E-03  -0.9148897098205655E-03   0.7973808283903759E-04   0.1541072562716793E-06   0.2110383680824813E-06   0.1599146750840499E-03
  0.7012500000000000E+02   0.9981747418135705E+00   0.1565544670420032E-03  -0.9130428475706553E-03   0.7834876930443097E-04   0.1515302171323292E-06   0.2101382639089444E-06   0.1571275363540193E-03
  0.7017500000000000E+02   0.9981784894247171E+00   0.1538557831714340E-03  -0.9111674363401212E-03   0.7699804970126650E-04   0.1490240419725534E-06   0.2092292983624827E-06   0.1544178145375146E-03
  0.7022500000000001E+02   0.9981823096240927E+00   0.1512482648536789E-03  -0.9092556962023712E-03   0.7569295667886210E-04   0.1466025113271178E-06   0.2083081982547808E-06   0.1517996092129198E-03
  0.7027499999999999E+02   0.9981862112939578E+00   0.1487537582326877E-03  -0.9073031815667321E-03   0.7444442277798023E-04   0.1442870032308144E-06   0.2073733663913597E-06   0.1492948423724982E-03
  0.7032499999999999E+02   0.9981901945121088E+00   0.1463993461063606E-03  -0.9053098529570036E-03   0.7326600148621253E-04   0.1421040395143118E-06   0.2064252954897739E-06   0.1469306936524607E-03
  0.7037500000000000E+02   0.9981942492826330E+00   0.1442143945403183E-03  -0.9032807122791864E-03   0.7217238919728017E-04   0.1400824350840291E-06   0.2054667767324745E-06   0.1447366361513252E-03
  0.7042500000000000E+02   0.9981983551282960E+00   0.1422274877678922E-03  -0.9012260068635980E-03   0.7117789125065492E-04   0.1382503263587254E-06   0.2045029134728906E-06   0.1427413600313460E-03
  0.7047499999999999E+02   0.9982024814428127E+00   0.1404634664138290E-03  -0.8991610532042005E-03   0.7029493967891111E-04   0.1366322875184299E-06   0.2035409692565408E-06   0.1409697998111150E-03
  0.7052499999999999E+02   0.9982065884670243E+00   0.1389406881179749E-03  -0.8971057484501443E-03   0.6953272226383572E-04   0.1352466509935637E-06   0.2025900845654400E-06   0.1394403849295506E-03
  0.7057499999999999E+02   0.9982106287777792E+00   0.1376685428944593E-03  -0.8950838253123372E-03   0.6889593908793695E-04   0.1341030647753364E-06   0.2016608889588271E-06   0.1381625460681008E-03
  0.7062500000000000E+02   0.9982145492478091E+00   0.1366452074957506E-03  -0.8931218712702194E-03   0.6838367870696641E-04   0.1332002724401106E-06   0.2007650184720603E-06   0.1371344614278512E-03
  0.7067500000000001E+02   0.9982182935234937E+00   0.1358556333371064E-03  -0.8912480886188456E-03   0.6798841121009244E-04   0.1325241117145206E-06   0.1999145283925144E-06   0.1363410374278717E-03
  0.7072499999999999E+02   0.9982218051423791E+00   0.1352698392088383E-03  -0.8894907343781622E-03   0.6769513379869559E-04   0.1320458022112626E-06   0.1991211762484648E-06   0.1357521951903383E-03
  0.7077499999999999E+02   0.9982250314358148E+00   0.1348417174669010E-03  -0.8878761673094537E-03   0.6748077330381859E-04   0.1317207276330275E-06   0.1983955471626243E-06   0.1353216721017688E-03
  0.7082500000000000E+02   0.9982279282936947E+00   0.1345087362646788E-03  -0.8864264635004560E-03   0.6731403707616878E-04   0.1314880888628162E-06   0.1977460119245453E-06   0.1349867222343623E-03
  0.7087500000000000E+02   0.9982304656733471E+00   0.1341930792849049E-03  -0.8851566595193816E-03   0.6715598320821576E-04   0.1312719619221205E-06   0.1971775536732034E-06   0.1346692589293003E-03
  0.7092500000000000E+02   0.9982326334038181E+00   0.1338048247316622E-03  -0.8840718476782472E-03   0.6696161124120462E-04   0.1309843568290791E-06   0.1966905722539589E-06   0.1342790434876572E-03
  0.7097499999999999E+02   0.9982344464171334E+00   0.1332476218545359E-03  -0.8831645579601144E-03   0.6668270272694537E-04   0.1305307361966008E-06   0.1962798637472986E-06   0.1337193801143728E-03
  0.7102499999999999E+02   0.9982359481610142E+00   0.1324268905055318E-03  -0.8824130499042182E-03   0.6627192446375495E-04   0.1298180307467810E-06   0.1959340460562271E-06   0.1328953431697714E-03
  0.7107500000000000E+02   0.9982372108225012E+00   0.1312598545475211E-03  -0.8817812003452108E-03   0.6568784958461537E-04   0.1287644879936302E-06   0.1956357143717806E-06   0.1317238456951899E-03
  0.7112500000000000E+02   0.9982383313315718E+00   0.1296858956746812E-03  -0.8812205029875564E-03   0.6490013917062448E-04   0.1273098773610560E-06   0.1953625200628081E-06   0.1301440309101964E-03
  0.7117500000000000E+02   0.9982394229912585E+00   0.1276751186196833E-03  -0.8806742567333270E-03   0.6389382896017098E-04   0.1254239814708795E-06   0.1950891639411770E-06   0.1281258703111300E-03
  0.7122499999999999E+02   0.9982406037975567E+00   0.1252330242160824E-03  -0.8800834107575151E-03   0.6267166840372779E-04   0.1231112969556647E-06   0.1947900305424631E-06   0.1256748569538415E-03
  0.7127499999999999E+02   0.9982419836058731E+00   0.1223999658963702E-03  -0.8793929870593020E-03   0.6125384915356115E-04   0.1204106228695375E-06   0.1944419680599657E-06   0.1228314638850080E-03
  0.7132500000000000E+02   0.9982436527585331E+00   0.1192454110028145E-03  -0.8785577720521465E-03   0.5967513355378920E-04   0.1173895322809362E-06   0.1940266461041213E-06   0.1196653881113733E-03
  0.7137500000000000E+02   0.9982456743613300E+00   0.1158584060523003E-03  -0.8775461821408648E-03   0.5798008322682605E-04   0.1141350801040785E-06   0.1935320438446561E-06   0.1162659834560203E-03
  0.7142500000000000E+02   0.9982480812755344E+00   0.1123364862641882E-03  -0.8763417694771514E-03   0.5621750888330451E-04   0.1107429373389672E-06   0.1929528817804977E-06   0.1127311304013882E-03
  0.7147499999999999E+02   0.9982508775855352E+00   0.1087752994225595E-03  -0.8749424878111700E-03   0.5443527744835510E-04   0.1073071837597825E-06   0.1922900949329255E-06   0.1091568214596532E-03
  0.7152499999999999E+02   0.9982540433281518E+00   0.1052605667422063E-03  -0.8733583259110667E-03   0.5267628864637056E-04   0.1039123645804674E-06   0.1915496440231386E-06   0.1056290912089406E-03
  0.7157500000000000E+02   0.9982575408855809E+00   0.1018630710162437E-03  -0.8716081082821292E-03   0.5097596657391520E-04   0.1006285044750250E-06   0.1907410259722087E-06   0.1022189844041175E-03
  0.7162500000000000E+02   0.9982613215969084E+00   0.9863653615643527E-04  -0.8697161864043013E-03   0.4936119831136934E-04   0.9750895934827713E-07   0.1898757952291423E-06   0.9898042623419784E-04
  0.7167500000000000E+02   0.9982653315983607E+00   0.9561775801557082E-04  -0.8677095158913239E-03   0.4785039925455779E-04   0.9459048662046085E-07   0.1889662983472685E-06   0.9595035250580062E-04
  0.7172499999999999E+02   0.9982695164124394E+00   0.9282818332204040E-04  -0.8656153597546012E-03   0.4645430321941362E-04   0.9189474978041102E-07   0.1880247100870411E-06   0.9315029368275051E-04
  0.7177500000000001E+02   0.9982738242118049E+00   0.9027621258777497E-04  -0.8634596548995344E-03   0.4517711490993697E-04   0.8943054679384388E-07   0.1870623726873441E-06   0.9058868591656899E-04
  0.7182499999999999E+02   0.9982782079301680E+00   0.8795969797389276E-04  -0.8612659556576086E-03   0.4401775998506582E-04   0.8719624138408233E-07   0.1860893902493174E-06   0.8826337799681011E-04
  0.7187500000000000E+02   0.9982826264944457E+00   0.8586832069992656E-04  -0.8590548171099055E-03   0.4297107485881714E-04   0.8518208518836088E-07   0.1851144122081733E-06   0.8616401753658657E-04
  0.7192500000000001E+02   0.9982870454537176E+00   0.8398571031910951E-04  -0.8568434803032376E-03   0.4202886732050286E-04   0.8337229350545631E-07   0.1841445430275648E-06   0.8427417811934830E-04
  0.7197499999999999E+02   0.9982914372255619E+00   0.8229129042528295E-04  -0.8546457489664316E-03   0.4118084024269376E-04   0.8174685803845991E-07   0.1831853294923036E-06   0.8257321185135274E-04
  0.7202499999999999E+02   0.9982957811030467E+00   0.8076190238030898E-04  -0.8524719860176777E-03   0.4041540419003007E-04   0.8028314658748592E-07   0.1822407949491942E-06   0.8103787905811992E-04
  0.7207499999999999E+02   0.9983000630884700E+00   0.7937327900164439E-04  -0.8503291967808524E-03   0.3972041492934487E-04   0.7895736018261709E-07   0.1813135068870695E-06   0.7964382730994072E-04
  0.7212500000000000E+02   0.9983042755573983E+00   0.7810142474658741E-04  -0.8482211971262421E-03   0.3908386413531888E-04   0.7774590321522340E-07   0.1804046774757540E-06   0.7836697652093847E-04
  0.7217500000000001E+02   0.9983084167183193E+00   0.7692391970637801E-04  -0.8461488838926723E-03   0.3849453195844161E-04   0.7662668336781204E-07   0.1795143043059861E-06   0.7718482751647226E-04
  0.7222499999999999E+02   0.9983124898250954E+00   0.7582111529334718E-04  -0.8441106290093536E-03   0.3794258538629025E-04   0.7558030896540060E-07   0.1786413596327341E-06   0.7607766186731502E-04
  0.7227499999999999E+02   0.9983165021218984E+00   0.7477714528109059E-04  -0.8421028074886427E-03   0.3742008419850532E-04   0.7459110708016365E-07   0.1777840311216027E-06   0.7502955641343689E-04
  0.7232500000000000E+02   0.9983204635466260E+00   0.7378065192624956E-04  -0.8401204462763490E-03   0.3692134433940833E-04   0.7364786141001557E-07   0.1769400071161234E-06   0.7402911188282232E-04
  0.7237500000000000E+02   0.9983243852745556E+00   0.7282513363365404E-04  -0.8381579530490901E-03   0.3644311190090062E-04   0.7274417512250710E-07   0.1761067879834379E-06   0.7306980176079469E-04
  0.7242500000000001E+02   0.9983282782304060E+00   0.7190885903520749E-04  -0.8362098608197810E-03   0.3598452012817179E-04   0.7187840173040212E-07   0.1752819960907363E-06   0.7214988609871434E-04
  0.7247499999999999E+02   0.9983321517173467E+00   0.7103435224294058E-04  -0.8342715140176038E-03   0.3554683183068021E-04   0.7105314666666299E-07   0.1744636537329681E-06   0.7127189504049491E-04
  0.7252499999999999E+02   0.9983360122980118E+00   0.7020751705589967E-04  -0.8323396284587448E-03   0.3513300111704624E-04   0.7027440533275636E-07   0.1736504021994626E-06   0.7044175007735906E-04
  0.7257500000000000E+02   0.9983398630197977E+00   0.6943651471785276E-04  -0.8304126790290578E-03   0.3474711180112567E-04   0.6955045066354596E-07   0.1728416448616102E-06   0.6966763801852326E-04
  0.7262500000000000E+02   0.9983437030192954E+00   0.6873052791556088E-04  -0.8284910976363857E-03   0.3439375888082746E-04   0.6889060202042561E-07   0.1720376094336251E-06   0.6895877082166390E-04
  0.7267500000000000E+02   0.9983475274869850E+00   0.6809853172908974E-04  -0.8265772908807589E-03   0.3407743349720516E-04   0.6830399594258670E-07   0.1712393355657896E-06   0.6832415240950676E-04
  0.7272499999999999E+02   0.9983513279378269E+00   0.6754815914075915E-04  -0.8246755046443788E-03   0.3380195521485435E-04   0.6779844672439209E-07   0.1704486007913041E-06   0.6777144038139654E-04
  0.7277499999999999E+02   0.9983550927224216E+00   0.6708470887137601E-04  -0.8227915683000075E-03   0.3356997552850089E-04   0.6737944525596118E-07   0.1696677995020036E-06   0.6730595055320041E-04
  0.7282500000000000E+02   0.9983588077244357E+00   0.6671031084533206E-04  -0.8209325457066985E-03   0.3338256025283660E-04   0.6704931219381095E-07   0.1688997868106105E-06   0.6692981967731705E-04
  0.7287500000000000E+02   0.9983624572141914E+00   0.6642324925279802E-04  -0.8191063080656980E-03   0.3323885077874473E-04   0.6680650618913107E-07   0.1681476938647662E-06   0.6664132630321538E-04
  0.7292499999999998E+02   0.9983660248538930E+00   0.6621744881605343E-04  -0.8173210308963785E-03   0.3313580699996351E-04   0.6664509357469170E-07   0.1674147158761474E-06   0.6643437538976003E-04
  0.7297499999999999E+02   0.9983694948648727E+00   0.6608215445145405E-04  -0.8155846099437980E-03   0.3306804701595413E-04   0.6655441070137191E-07   0.1667038712719640E-06   0.6629817694102449E-04
  0.7302499999999999E+02   0.9983728533609575E+00   0.6600187055040374E-04  -0.8139039939585313E-03   0.3302781674716412E-04   0.6651898659574437E-07   0.1660177319708432E-06   0.6621718508523314E-04
  0.7307500000000000E+02   0.9983760898174933E+00   0.6595666069404994E-04  -0.8122844495972448E-03   0.3300513990892978E-04   0.6651882886253339E-07   0.1653581320976883E-06   0.6617139872298428E-04
  0.7312500000000000E+02   0.9983791985820909E+00   0.6592292392495526E-04  -0.8107288054416406E-03   0.3298820645168787E-04   0.6653019176375065E-07   0.1647258753339474E-06   0.6613714023679424E-04
  0.7317499999999998E+02   0.9983821802509344E+00   0.6587473960513232E-04  -0.8092367632882569E-03   0.3296404552006771E-04   0.6652692171816664E-07   0.1641204772486357E-06   0.6608840459474434E-04
  0.7322499999999999E+02   0.9983850426579478E+00   0.6578579394910025E-04  -0.8078044031565312E-03   0.3291948948310424E-04   0.6648239620012262E-07   0.1635399932396294E-06   0.6599879200028175E-04
  0.7327500000000001E+02   0.9983878011902841E+00   0.6563176794628253E-04  -0.8064240254016530E-03   0.3284236884843175E-04   0.6637193721374567E-07   0.1629809877269465E-06   0.6584390344770255E-04
  0.7332500000000000E+02   0.9983904781906044E+00   0.6539290563599989E-04  -0.8050844497926590E-03   0.3272279743336727E-04   0.6617541718067733E-07   0.1624386886896735E-06   0.6560391727582297E-04
  0.7337500000000000E+02   0.9983931013526776E+00   0.6505634836437029E-04  -0.8037718183366849E-03   0.3255434044359825E-04   0.6587963850351141E-07   0.1619073406231482E-06   0.6526593103606081E-04
  0.7342500000000000E+02   0.9983957012391476E+00   0.6461778012677245E-04  -0.8024708373777223E-03   0.3233483782777435E-04   0.6548002470653076E-07   0.1613807239466020E-06   0.6482561230858336E-04
  0.7347499999999999E+02   0.9983983082808826E+00   0.6408202402411068E-04  -0.8011662791254093E-03   0.3206670277299980E-04   0.6498125479331306E-07   0.1608527640161433E-06   0.6428779730029769E-04
  0.7352500000000001E+02   0.9984009497672846E+00   0.6346244859299781E-04  -0.7998444877184152E-03   0.3175662465767990E-04   0.6439669242129122E-07   0.1603181258236691E-06   0.6366589547528318E-04
  0.7357499999999999E+02   0.9984036473415580E+00   0.6277931436859344E-04  -0.7984946326171638E-03   0.3141474168691878E-04   0.6374673649934667E-07   0.1597726932094511E-06   0.6298023094340898E-04
  0.7362500000000000E+02   0.9984064153708833E+00   0.6205741685202696E-04  -0.7971095241964266E-03   0.3105346143588329E-04   0.6305644998974175E-07   0.1592138633159317E-06   0.6225567789597399E-04
  0.7367500000000000E+02   0.9984092603292680E+00   0.6132348607286753E-04  -0.7956859225894952E-03   0.3068615958163120E-04   0.6235293143552734E-07   0.1586406349223696E-06   0.6151905176275987E-04
  0.7372499999999999E+02   0.9984121811005415E+00   0.6060376727968296E-04  -0.7942243860847853E-03   0.3032596926416273E-04   0.6166286000084690E-07   0.1580535149607024E-06   0.6079668201915532E-04
  0.7377499999999999E+02   0.9984151699535384E+00   0.5992207146220367E-04  -0.7927287831482888E-03   0.2998480554951804E-04   0.6101050885988091E-07   0.1574542968298234E-06   0.6011245631660337E-04
  0.7382500000000000E+02   0.9984182138890507E+00   0.5929841508655305E-04  -0.7912056184058436E-03   0.2967268473815454E-04   0.6041635084666171E-07   0.1568457723793295E-06   0.5948645573840791E-04
  0.7387500000000000E+02   0.9984212960930026E+00   0.5874822434110549E-04  -0.7896633054653712E-03   0.2939732616030033E-04   0.5989623403220014E-07   0.1562314305348321E-06   0.5893415642174690E-04
  0.7392500000000000E+02   0.9984243973140590E+00   0.5828199135625072E-04  -0.7881114775522002E-03   0.2916398014560922E-04   0.5946101514260757E-07   0.1556151776074128E-06   0.5846608465424099E-04
  0.7397499999999999E+02   0.9984274970775451E+00   0.5790524121521186E-04  -0.7865603800559784E-03   0.2897541151830204E-04   0.5911650886162903E-07   0.1550010952005192E-06   0.5808778380255509E-04
  0.7402499999999999E+02   0.9984305747245156E+00   0.5761868486822976E-04  -0.7850203505762599E-03   0.2883197612211807E-04   0.5886362692712872E-07   0.1543932364305220E-06   0.5779996777016848E-04
  0.7407500000000000E+02   0.9984336103128968E+00   0.5741847482786643E-04  -0.7835013679916569E-03   0.2873174877840589E-04   0.5869862293803852E-07   0.1537954520707416E-06   0.5759877757732802E-04
  0.7412500000000000E+02   0.9984365854351519E+00   0.5729653044659419E-04  -0.7820126433071284E-03   0.2867068606229010E-04   0.5861340940096284E-07   0.1532112353006434E-06   0.5747610773900186E-04
  0.7417500000000000E+02   0.9984394839976888E+00   0.5724094473597756E-04  -0.7805622296469528E-03   0.2864282987914264E-04   0.5859595959066021E-07   0.1526435760419058E-06   0.5742001442074801E-04
  0.7422499999999999E+02   0.9984422929774934E+00   0.5723651575339609E-04  -0.7791566436496922E-03   0.2864057336971700E-04   0.5863083868949112E-07   0.1520948220228294E-06   0.5741524852164808E-04
  0.7427499999999999E+02   0.9984450031292325E+00   0.5726545556824937E-04  -0.7778005116467757E-03   0.2865501566997404E-04   0.5869991914617096E-07   0.1515665520474339E-06   0.5744396685689649E-04
  0.7432500000000000E+02   0.9984476095718655E+00   0.5730831413281874E-04  -0.7764962761319660E-03   0.2867642420301579E-04   0.5878331939806404E-07   0.1510594753568098E-06   0.5748665888399107E-04
  0.7437500000000000E+02   0.9984501121509830E+00   0.5734511375324477E-04  -0.7752440144536132E-03   0.2869480235039045E-04   0.5886056257919789E-07   0.1505733768613997E-06   0.5752328466426188E-04
  0.7442500000000000E+02   0.9984525154659821E+00   0.5735662920553090E-04  -0.7740414252126460E-03   0.2870053000191249E-04   0.5891188951863025E-07   0.1501071287130347E-06   0.5753455891795830E-04
  0.7447499999999999E+02   0.9984548284803234E+00   0.5732568454119493E-04  -0.7728840232800183E-03   0.2868501245843418E-04   0.5891959419585483E-07   0.1496587823466877E-06   0.5750325183409357E-04
  0.7452500000000001E+02   0.9984570636989459E+00   0.5723829232144666E-04  -0.7717655513995725E-03   0.2864125049120145E-04   0.5886920251053654E-07   0.1492257419250568E-06   0.5741533184687929E-04
  0.7457500000000000E+02   0.9984592359856896E+00   0.5708445548752806E-04  -0.7706785719278075E-03   0.2856424159268288E-04   0.5875030856722421E-07   0.1488050029829400E-06   0.5726077003431765E-04
  0.7462500000000000E+02   0.9984613611792303E+00   0.5685849651046599E-04  -0.7696151593977740E-03   0.2845114468748671E-04   0.5855692744369602E-07   0.1483934241273215E-06   0.5703387035762181E-04
  0.7467499999999998E+02   0.9984634547194153E+00   0.5655886513223664E-04  -0.7685675878823517E-03   0.2830118393879237E-04   0.5828731197989819E-07   0.1479879904281307E-06   0.5673307688867365E-04
  0.7472499999999999E+02   0.9984655304974366E+00   0.5618748031932374E-04  -0.7675289063571178E-03   0.2811531948007429E-04   0.5794328842377719E-07   0.1475860280986243E-06   0.5636031380095099E-04
  0.7477500000000001E+02   0.9984676000919464E+00   0.5574875237901853E-04  -0.7664933209456937E-03   0.2789575810177699E-04   0.5752925929277591E-07   0.1471853410275237E-06   0.5592000451064296E-04
  0.7482500000000000E+02   0.9984696724664370E+00   0.5524848226786597E-04  -0.7654563463564967E-03   0.2764540248271095E-04   0.5705107536314122E-07   0.1467842570259237E-06   0.5541796759857977E-04
  0.7487499999999999E+02   0.9984717541079785E+00   0.5469283733910066E-04  -0.7644147364698206E-03   0.2736733866652498E-04   0.5651498208025082E-07   0.1463815899728080E-06   0.5486038937600630E-04
  0.7492500000000000E+02   0.9984738495085816E+00   0.5408756293631990E-04  -0.7633662434779476E-03   0.2706444154923722E-04   0.5592680559005131E-07   0.1459765386885897E-06   0.5425303300089958E-04
  0.7497499999999999E+02   0.9984759618427206E+00   0.5343752411460829E-04  -0.7623092788671126E-03   0.2673914555607052E-04   0.5529147708642348E-07   0.1455685517216273E-06   0.5360077872751253E-04
  0.7502500000000001E+02   0.9984780936810194E+00   0.5274659962852041E-04  -0.7612425562995018E-03   0.2639339158714142E-04   0.5461291999473115E-07   0.1451571889352156E-06   0.5290751750742229E-04
  0.7507500000000000E+02   0.9984802475959931E+00   0.5201788524891503E-04  -0.7601647885089324E-03   0.2602872874754104E-04   0.5389425720803332E-07   0.1447420069450325E-06   0.5217635488027553E-04
  0.7512499999999999E+02   0.9984824265531104E+00   0.5125411402125009E-04  -0.7590744916146086E-03   0.2564652463327273E-04   0.5313824408701079E-07   0.1443224877172552E-06   0.5141003248780692E-04
  0.7517500000000000E+02   0.9984846340311504E+00   0.5045817184181749E-04  -0.7579699248919658E-03   0.2524822331483835E-04   0.5234780209258182E-07   0.1438980196355093E-06   0.5061144521560399E-04
  0.7522499999999999E+02   0.9984868738718538E+00   0.4963358008155863E-04  -0.7568491659999399E-03   0.2483558683396172E-04   0.5152652034769355E-07   0.1434679296274627E-06   0.4978412529714595E-04
  0.7527500000000001E+02   0.9984891499115952E+00   0.4878483333398200E-04  -0.7557102952824302E-03   0.2441086420839002E-04   0.5067900869792581E-07   0.1430315551480218E-06   0.4893258110967873E-04
  0.7532500000000000E+02   0.9984914654880307E+00   0.4791751689845328E-04  -0.7545516426307186E-03   0.2397685022094596E-04   0.4981102320128069E-07   0.1425883376340944E-06   0.4806241503721983E-04
  0.7537499999999999E+02   0.9984938229343887E+00   0.4703817813517238E-04  -0.7533720405303868E-03   0.2353682105048860E-04   0.4892933607815929E-07   0.1421379158932841E-06   0.4718019445291086E-04
  0.7542500000000000E+02   0.9984962231694942E+00   0.4615397736866592E-04  -0.7521710292067718E-03   0.2309435959255656E-04   0.4804137565889153E-07   0.1416801993389130E-06   0.4629310157250433E-04
  0.7547500000000001E+02   0.9984986654651518E+00   0.4527218576168117E-04  -0.7509489730226360E-03   0.2265310420617999E-04   0.4715470548986902E-07   0.1412154064411053E-06   0.4540842980544834E-04
  0.7552499999999999E+02   0.9985011474325939E+00   0.4439962092061905E-04  -0.7497070672607409E-03   0.2221646630210578E-04   0.4627643645812278E-07   0.1407440615424840E-06   0.4453301764243293E-04
  0.7557500000000000E+02   0.9985036652274619E+00   0.4354211343782263E-04  -0.7484472355566707E-03   0.2178736341082622E-04   0.4541266884468073E-07   0.1402669511559423E-06   0.4367271357089636E-04
  0.7562500000000000E+02   0.9985062139380321E+00   0.4270408293134267E-04  -0.7471719356388906E-03   0.2136800704085279E-04   0.4456804644738100E-07   0.1397850472218597E-06   0.4283195082043965E-04
  0.7567500000000000E+02   0.9985087880992928E+00   0.4188827798590718E-04  -0.7458839020952901E-03   0.2095977254989013E-04   0.4374548011887475E-07   0.1392994086641993E-06   0.4201348650839889E-04
  0.7572499999999999E+02   0.9985113822659508E+00   0.4109570839284858E-04  -0.7445858596538679E-03   0.2056316523849059E-04   0.4294607118812885E-07   0.1388110740490091E-06   0.4121833366905539E-04
  0.7577499999999999E+02   0.9985139915768144E+00   0.4032577504343544E-04  -0.7432802407774108E-03   0.2017788534519547E-04   0.4216924129304911E-07   0.1383209579632528E-06   0.4044589153520433E-04
  0.7582500000000000E+02   0.9985166122469580E+00   0.3957658370490490E-04  -0.7419689393953766E-03   0.1980298505226855E-04   0.4141305516831596E-07   0.1378297627310398E-06   0.3969426025698679E-04
  0.7587500000000000E+02   0.9985192419301951E+00   0.3884541183938262E-04  -0.7406531295310881E-03   0.1943710207016860E-04   0.4067470498341746E-07   0.1373379157146119E-06   0.3896070912248605E-04
  0.7592500000000000E+02   0.9985218799034259E+00   0.3812928031917023E-04  -0.7393331730581876E-03   0.1907874570918826E-04   0.3995110652207231E-07   0.1368455405653968E-06   0.3824224998689976E-04
  0.7597499999999999E+02   0.9985245270395520E+00   0.3742556424563727E-04  -0.7380086332525737E-03   0.1872660251714778E-04   0.3923953872712822E-07   0.1363524678194308E-06   0.3753624991946288E-04
  0.7602500000000001E+02   0.9985271855600575E+00   0.3673256276650289E-04  -0.7366783985938152E-03   0.1837982140064731E-04   0.3853824275606436E-07   0.1358582856177725E-06   0.3684100272352659E-04
  0.7607499999999999E+02   0.9985298585918397E+00   0.3604994364920893E-04  -0.7353409045141035E-03   0.1803823607743749E-04   0.3784689190698744E-07   0.1353624251717493E-06   0.3615617483688671E-04
  0.7612500000000000E+02   0.9985325495896581E+00   0.3537899122836049E-04  -0.7339944223879735E-03   0.1770248914247320E-04   0.3716685682045398E-07   0.1348642690008262E-06   0.3548305401871878E-04
  0.7617500000000000E+02   0.9985352617148378E+00   0.3472261839083755E-04  -0.7326373704107381E-03   0.1737403806498012E-04   0.3650122365595161E-07   0.1343632649391032E-06   0.3482456137081630E-04
  0.7622499999999999E+02   0.9985379972710934E+00   0.3408514872975473E-04  -0.7312685958956733E-03   0.1705504618455368E-04   0.3585457055317252E-07   0.1338590274838342E-06   0.3418503284378328E-04
  0.7627500000000001E+02   0.9985407572834637E+00   0.3347192093984170E-04  -0.7298875859613752E-03   0.1674818476206607E-04   0.3523255608057578E-07   0.1333514112283411E-06   0.3356982245684128E-04
  0.7632499999999999E+02   0.9985435412697564E+00   0.3288879913950366E-04  -0.7284945818933908E-03   0.1645638795921766E-04   0.3464140695888390E-07   0.1328405481239786E-06   0.3298481116644505E-04
  0.7637500000000000E+02   0.9985463472077083E+00   0.3234168045340005E-04  -0.7270905955745199E-03   0.1618260644766000E-04   0.3408740087057986E-07   0.1323268488407561E-06   0.3243591298991258E-04
  0.7642500000000000E+02   0.9985491716602005E+00   0.3183607471480987E-04  -0.7256773468296007E-03   0.1592959710516828E-04   0.3357642329509096E-07   0.1318109758190832E-06   0.3192865346633587E-04
  0.7647499999999999E+02   0.9985520099965423E+00   0.3137679893763975E-04  -0.7242571526990815E-03   0.1569977013963924E-04   0.3311364372954945E-07   0.1312937997525510E-06   0.3146786323155475E-04
  0.7652500000000001E+02   0.9985548566435006E+00   0.3096779321237519E-04  -0.7228328018303865E-03   0.1549509697054545E-04   0.3270331887686336E-07   0.1307763517046450E-06   0.3105749338135972E-04
  0.7657500000000000E+02   0.9985577053118914E+00   0.3061203490789562E-04  -0.7214074410960558E-03   0.1531706730027400E-04   0.3234869895759286E-07   0.1302597805744699E-06   0.3070052943651292E-04
  0.7662499999999999E+02   0.9985605491661724E+00   0.3031150957932007E-04  -0.7199844907331832E-03   0.1516667456011932E-04   0.3205199363127823E-07   0.1297453215258967E-06   0.3039896218710713E-04
  0.7667500000000000E+02   0.9985633809290620E+00   0.3006719013317259E-04  -0.7185675919940682E-03   0.1504440548881137E-04   0.3181434653640488E-07   0.1292342764735158E-06   0.3015376682529010E-04
  0.7672499999999999E+02   0.9985661929367777E+00   0.2987897845042069E-04  -0.7171605795051050E-03   0.1495021092714258E-04   0.3163576999599408E-07   0.1287280034912814E-06   0.2996484443305449E-04
  0.7677500000000001E+02   0.9985689771818004E+00   0.2974557380413101E-04  -0.7157674598696762E-03   0.1488343998409704E-04   0.3151500192238375E-07   0.1282279082820780E-06   0.2983089005797560E-04
  0.7682499999999999E+02   0.9985717253990094E+00   0.2966424993580212E-04  -0.7143923685700715E-03   0.1484272849987012E-04   0.3144926534003542E-07   0.1277354276251255E-06   0.2974916918776356E-04
  0.7687499999999999E+02   0.9985744292662925E+00   0.2963054981412555E-04  -0.7130394695934461E-03   0.1482584632065953E-04   0.3143393965770175E-07   0.1272519922408335E-06   0.2971521167145011E-04
  0.7692500000000000E+02   0.9985770807970914E+00   0.2963794708933095E-04  -0.7117127590225980E-03   0.1482952790888851E-04   0.3146219532154564E-07   0.1267789557022723E-06   0.2972247223716933E-04
  0.7697500000000001E+02   0.9985796729888371E+00   0.2967757642862211E-04  -0.7104157405922740E-03   0.1484933741734971E-04   0.3152470023260387E-07   0.1263174788062347E-06   0.2976206007822133E-04
  0.7702500000000001E+02   0.9985822007421332E+00   0.2973819232776732E-04  -0.7091509657775052E-03   0.1487964808069051E-04   0.3160956789782275E-07   0.1258683678905808E-06   0.2982269755006474E-04
  0.7707499999999999E+02   0.9985846619682779E+00   0.2980655239355802E-04  -0.7079194796446586E-03   0.1491383399037698E-04   0.3170275688011989E-07   0.1254318829774710E-06   0.2989110452377231E-04
  0.7712500000000000E+02   0.9985870586642979E+00   0.2986839444445981E-04  -0.7067202829572627E-03   0.1494475898652960E-04   0.3178910383461704E-07   0.1250075558004497E-06   0.2995297822162947E-04
  0.7717500000000000E+02   0.9985893976014366E+00   0.2991004554393085E-04  -0.7055499876899018E-03   0.1496558173797643E-04   0.3185403359220780E-07   0.1245940802805683E-06   0.2999460676234086E-04
  0.7722500000000001E+02   0.9985916902325327E+00   0.2992046399661894E-04  -0.7044028633684807E-03   0.1497077745681690E-04   0.3188573730665285E-07   0.1241893434418333E-06   0.3000491689498412E-04
  0.7727499999999999E+02   0.9985939515628899E+00   0.2989325221859466E-04  -0.7032714020294151E-03   0.1495714504166113E-04   0.3187732800029018E-07   0.1237906383775169E-06   0.2997749254020625E-04
  0.7732499999999999E+02   0.9985961980533806E+00   0.2982804089287372E-04  -0.7021473674021506E-03   0.1492449964457209E-04   0.3182833357015060E-07   0.1233950428486922E-06   0.2991196286334432E-04
  0.7737500000000000E+02   0.9985984450023111E+00   0.2973076317416092E-04  -0.7010231048963922E-03   0.1487580987350583E-04   0.3174501037532565E-07   0.1229998814699357E-06   0.2981427728059099E-04
  0.7742500000000000E+02   0.9986007040717050E+00   0.2961269764009563E-04  -0.6998927793312459E-03   0.1481671893464355E-04   0.3163934243640078E-07   0.1226031534708239E-06   0.2969574574112741E-04
  0.7747499999999999E+02   0.9986029815466149E+00   0.2948857526792620E-04  -0.6987532458928580E-03   0.1475459745682790E-04   0.3152703598980047E-07   0.1222038245937333E-06   0.2957114038700003E-04
  0.7752500000000001E+02   0.9986052775967793E+00   0.2937429052010147E-04  -0.6976044195666775E-03   0.1469739823001212E-04   0.3142508266979795E-07   0.1218019396744870E-06   0.2945640019715182E-04
  0.7757499999999999E+02   0.9986075864488684E+00   0.2928472745789182E-04  -0.6964491889532853E-03   0.1465256849839270E-04   0.3134943635392280E-07   0.1213985758516622E-06   0.2936645098517783E-04
  0.7762500000000000E+02   0.9986098971639713E+00   0.2923198443209334E-04  -0.6952930272489111E-03   0.1462616168428117E-04   0.3131310796938608E-07   0.1209956924181276E-06   0.2931342511296203E-04
  0.7767500000000000E+02   0.9986121947120160E+00   0.2922401899170821E-04  -0.6941434546560155E-03   0.1462215937207517E-04   0.3132470338510701E-07   0.1205959321402904E-06   0.2930530263248292E-04
  0.7772499999999999E+02   0.9986144611860379E+00   0.2926357146856526E-04  -0.6930094308235102E-03   0.1464193273175122E-04   0.3138725460408597E-07   0.1202024013102213E-06   0.2934483191685931E-04
  0.7777499999999999E+02   0.9986166772018638E+00   0.2934721583137534E-04  -0.6919006545195172E-03   0.1468376762411761E-04   0.3149718309914668E-07   0.1198184202859409E-06   0.2942857793758934E-04
  0.7782499999999999E+02   0.9986188236875350E+00   0.2946452499289272E-04  -0.6908266683054443E-03   0.1474244697197068E-04   0.3164338213568822E-07   0.1194472094061117E-06   0.2954608531002386E-04
  0.7787500000000000E+02   0.9986208842988693E+00   0.2959758750937688E-04  -0.6897956499313240E-03   0.1480900894463825E-04   0.3180667324959058E-07   0.1190914709581389E-06   0.2967939366997477E-04
  0.7792500000000000E+02   0.9986228485221532E+00   0.2972139445931395E-04  -0.6888128599289445E-03   0.1487094052472965E-04   0.3196019643521946E-07   0.1187528596232277E-06   0.2980342557255774E-04
  0.7797499999999999E+02   0.9986247150935023E+00   0.2980576976186463E-04  -0.6878789307597222E-03   0.1491314331801217E-04   0.3207146268257787E-07   0.1184314087611655E-06   0.2988792202112517E-04
  0.7802499999999999E+02   0.9986264947640862E+00   0.2981930574738465E-04  -0.6869884832432227E-03   0.1491990267500116E-04   0.3210657356129570E-07   0.1181250815278049E-06   0.2990138873931849E-04
  0.7807500000000000E+02   0.9986282110083339E+00   0.2973501566273942E-04  -0.6861297721920678E-03   0.1487771587517388E-04   0.3203630692368251E-07   0.1178296852602952E-06   0.2981676414468087E-04
  0.7812500000000000E+02   0.9986298975185878E+00   0.2953630965730665E-04  -0.6852859399170130E-03   0.1477828217764579E-04   0.3184257477975984E-07   0.1175393385180600E-06   0.2961741181306771E-04
  0.7817500000000000E+02   0.9986315925070153E+00   0.2922113224989233E-04  -0.6844378672087315E-03   0.1462057299874680E-04   0.3152292260471146E-07   0.1172474736792701E-06   0.2930126951060541E-04
  0.7822500000000001E+02   0.9986333314380234E+00   0.2880245856538402E-04  -0.6835678096238640E-03   0.1441108023324136E-04   0.3109111521981248E-07   0.1169480856761221E-06   0.2888134705543314E-04
  0.7827499999999999E+02   0.9986351407267662E+00   0.2830489001886349E-04  -0.6826625504130490E-03   0.1416211295357987E-04   0.3057351151932162E-07   0.1166367907691426E-06   0.2838231285017190E-04
  0.7832500000000000E+02   0.9986370344182320E+00   0.2775883720985043E-04  -0.6817150621463153E-03   0.1388888686829978E-04   0.3000281721877328E-07   0.1163113594704370E-06   0.2783466085008151E-04
  0.7837499999999999E+02   0.9986390143156652E+00   0.2719454486271041E-04  -0.6807244424817949E-03   0.1360653473212484E-04   0.2941164265205343E-07   0.1159716573964451E-06   0.2726871900557922E-04
  0.7842500000000000E+02   0.9986410725937356E+00   0.2663769786246357E-04  -0.6796946066948140E-03   0.1332790783830801E-04   0.2882774691277502E-07   0.1156191702420771E-06   0.2671024308084155E-04
  0.7847500000000001E+02   0.9986431953914776E+00   0.2610720912625639E-04  -0.6786324899753504E-03   0.1306246917911244E-04   0.2827162654638926E-07   0.1152563745832503E-06   0.2617819831671554E-04
  0.7852499999999999E+02   0.9986453661773775E+00   0.2561485273260811E-04  -0.6775463637224144E-03   0.1281610987494689E-04   0.2775609462491675E-07   0.1148861594261211E-06   0.2568439147486608E-04
  0.7857499999999999E+02   0.9986475683016728E+00   0.2516602408140675E-04  -0.6764445585106804E-03   0.1259152951232531E-04   0.2728708034858465E-07   0.1145113943441431E-06   0.2523423306356498E-04
  0.7862500000000000E+02   0.9986497866682660E+00   0.2476097454199630E-04  -0.6753346275547578E-03   0.1238885389302783E-04   0.2686494661514565E-07   0.1141346517834570E-06   0.2482797539023074E-04
  0.7867500000000000E+02   0.9986520087186052E+00   0.2439612019276843E-04  -0.6742228544293072E-03   0.1220628985597290E-04   0.2648589314290323E-07   0.1137580480804338E-06   0.2446202492137957E-04
  0.7872500000000001E+02   0.9986542249626172E+00   0.2406526819829657E-04  -0.6731139874216474E-03   0.1204073888891331E-04   0.2614327553474891E-07   0.1133831618089775E-06   0.2413017204829580E-04
  0.7877499999999999E+02   0.9986564292152491E+00   0.2376075521741203E-04  -0.6720111211823143E-03   0.1188836672335680E-04   0.2582883378775304E-07   0.1130110019512368E-06   0.2382473262539188E-04
  0.7882499999999999E+02   0.9986586185878417E+00   0.2347453667018695E-04  -0.6709157010438282E-03   0.1174514833952555E-04   0.2553387205717579E-07   0.1126420172224013E-06   0.2353764021197691E-04
  0.7887500000000000E+02   0.9986607932038479E+00   0.2319922543157970E-04  -0.6698276652609136E-03   0.1160738766516939E-04   0.2525038787956279E-07   0.1122761512240712E-06   0.2326148758469153E-04
  0.7892500000000000E+02   0.9986629555978073E+00   0.2292899733722990E-04  -0.6687457457271728E-03   0.1147217063392064E-04   0.2497206063613351E-07   0.1119129495745974E-06   0.2299043468943583E-04
  0.7897500000000001E+02   0.9986651098227182E+00   0.2266021812696119E-04  -0.6676679145914965E-03   0.1133767886788662E-04   0.2469494018622356E-07   0.1115517138489440E-06   0.2272083727330374E-04
  0.7902499999999999E+02   0.9986672603984512E+00   0.2239165536904245E-04  -0.6665919104049678E-03   0.1120329571081193E-04   0.2441768552230301E-07   0.1111916793316295E-06   0.2245145937766954E-04
  0.7907499999999999E+02   0.9986694113149288E+00   0.2212423215344520E-04  -0.6655157368669062E-03   0.1106948299185266E-04   0.2414130429142126E-07   0.1108321806525790E-06   0.2218322636794045E-04
  0.7912500000000000E+02   0.9986715653010391E+00   0.2186041262230134E-04  -0.6644380286132678E-03   0.1093747358453719E-04   0.2386848931288209E-07   0.1104727706628037E-06   0.2191860881220680E-04
  0.7917500000000001E+02   0.9986737234798573E+00   0.2160340922022484E-04  -0.6633582237219882E-03   0.1080887476607768E-04   0.2360275777168131E-07   0.1101132736170286E-06   0.2166082760262849E-04
  0.7922499999999999E+02   0.9986758854044232E+00   0.2135641889262460E-04  -0.6622765458123014E-03   0.1068528606065557E-04   0.2334761877798733E-07   0.1097537749308542E-06   0.2141308810472223E-04
  0.7927499999999999E+02   0.9986780493712711E+00   0.2112203677067105E-04  -0.6611938471747791E-03   0.1056800588580413E-04   0.2310593192411741E-07   0.1093945656269941E-06   0.2117799227194715E-04
  0.7932500000000000E+02   0.9986802128747705E+00   0.2090190714843562E-04  -0.6601113814493909E-03   0.1045785692459931E-04   0.2287952316062937E-07   0.1090360647389256E-06   0.2095718869088130E-04
  0.7937500000000000E+02   0.9986823730853641E+00   0.2069659909957601E-04  -0.6590305643460193E-03   0.1035512389293104E-04   0.2266904527859891E-07   0.1086787391407702E-06   0.2075124786901050E-04
  0.7942500000000000E+02   0.9986845272779822E+00   0.2050565863072432E-04  -0.6579527592961432E-03   0.1025957963409163E-04   0.2247403136160610E-07   0.1083230328220995E-06   0.2055971453141844E-04
  0.7947499999999998E+02   0.9986866731751928E+00   0.2032778568138877E-04  -0.6568791057630641E-03   0.1017057367803711E-04   0.2229308537120370E-07   0.1079693111741138E-06   0.2038128509564922E-04
  0.7952499999999999E+02   0.9986888091902265E+00   0.2016109521416123E-04  -0.6558103976501695E-03   0.1008716287337577E-04   0.2212416574320145E-07   0.1076178224431559E-06   0.2021406945768733E-04
  0.7957500000000000E+02   0.9986909345598508E+00   0.2000343073794933E-04  -0.6547470168198899E-03   0.1000826825275669E-04   0.2196492763866897E-07   0.1072686777146864E-06   0.2005590534619458E-04
  0.7962500000000000E+02   0.9986930493565233E+00   0.1985269763364637E-04  -0.6536889270143398E-03   0.9932841805525243E-05   0.2181308824976704E-07   0.1069218508670305E-06   0.1990469252761259E-04
  0.7967500000000000E+02   0.9986951543748077E+00   0.1970717438696421E-04  -0.6526357306846364E-03   0.9860022196272735E-05   0.2166676919476403E-07   0.1065771989878434E-06   0.1975870485686670E-04
  0.7972499999999999E+02   0.9986972509046192E+00   0.1956575193090590E-04  -0.6515867824431476E-03   0.9789254514304442E-05   0.2152476111210566E-07   0.1062345008578216E-06   0.1961683024630587E-04
  0.7977499999999999E+02   0.9986993404296818E+00   0.1942805620514215E-04  -0.6505413399339188E-03   0.9720351593121091E-05   0.2138666068797742E-07   0.1058935069472867E-06   0.1947869354373560E-04
  0.7982500000000000E+02   0.9987014243112978E+00   0.1929443179409533E-04  -0.6494987220511117E-03   0.9653485823753530E-05   0.2125285516835781E-07   0.1055539909814843E-06   0.1934464012479550E-04
  0.7987500000000000E+02   0.9987035035220434E+00   0.1916579870537890E-04  -0.6484584421783124E-03   0.9589117496883343E-05   0.2112436697928785E-07   0.1052157926074545E-06   0.1921559229423413E-04
  0.7992500000000000E+02   0.9987055784769567E+00   0.1904342520989909E-04  -0.6474202926490813E-03   0.9527881148551068E-05   0.2100260518024354E-07   0.1048788436624557E-06   0.1909282153068544E-04
  0.7997499999999999E+02   0.9987076489790118E+00   0.1892867378053910E-04  -0.6463843720275753E-03   0.9470458446605372E-05   0.2088908628990851E-07   0.1045431756488973E-06   0.1897769376156017E-04
  0.8002499999999999E+02   0.9987097142656080E+00   0.1882277107436192E-04  -0.6453510618482650E-03   0.9417463106996980E-05   0.2078518061114923E-07   0.1042089108888198E-06   0.1887143874620451E-04
  0.8007500000000000E+02   0.9987117731248528E+00   0.1872663371017845E-04  -0.6443209684363627E-03   0.9369353726155683E-05   0.2069191925556795E-07   0.1038762426469418E-06   0.1877497540177347E-04
  0.8012500000000000E+02   0.9987138240472567E+00   0.1864076056498962E-04  -0.6432948470109778E-03   0.9326379894622287E-05   0.2060987399331714E-07   0.1035454099020698E-06   0.1868880382269303E-04
  0.8017500000000000E+02   0.9987158653852585E+00   0.1856518769858404E-04  -0.6422735218705178E-03   0.9288559645208453E-05   0.2053910594478551E-07   0.1032166712471782E-06   0.1861296009203977E-04
  0.8022499999999999E+02   0.9987178955023646E+00   0.1849949594348824E-04  -0.6412578117744872E-03   0.9255683250932088E-05   0.2047917238733912E-07   0.1028902808252738E-06   0.1854702389519999E-04
  0.8027500000000001E+02   0.9987199129002172E+00   0.1844286084737210E-04  -0.6402484663688979E-03   0.9227338212825476E-05   0.2042918050752887E-07   0.1025664681253269E-06   0.1849016859525082E-04
  0.8032499999999999E+02   0.9987219163141160E+00   0.1839413529681434E-04  -0.6392461183947207E-03   0.9202950598855266E-05   0.2038787758369771E-07   0.1022454230879983E-06   0.1844124407323605E-04
  0.8037500000000000E+02   0.9987239047675395E+00   0.1835195301437284E-04  -0.6382512564103715E-03   0.9181836826076819E-05   0.2035376466058372E-07   0.1019272879462817E-06   0.1839888049445202E-04
  0.8042500000000000E+02   0.9987258775782054E+00   0.1831483533066476E-04  -0.6372642217588043E-03   0.9163257081225022E-05   0.2032521428661920E-07   0.1016121568771697E-06   0.1836159535720216E-04
  0.8047499999999999E+02   0.9987278343159898E+00   0.1828127693875135E-04  -0.6362852296230015E-03   0.9146458225648018E-05   0.2030056535372938E-07   0.1013000832751864E-06   0.1832787946932775E-04
  0.8052499999999999E+02   0.9987297747274171E+00   0.1824978420742604E-04  -0.6353144068044214E-03   0.9130692964497473E-05   0.2027816557790868E-07   0.1009910921649057E-06   0.1829623536196427E-04
  0.8057499999999999E+02   0.9987316986587825E+00   0.1821884759418173E-04  -0.6343518301874518E-03   0.9115206044727876E-05   0.2025634086790535E-07   0.1006851925659506E-06   0.1826514963457132E-04
  0.8062500000000000E+02   0.9987336060226831E+00   0.1818684998089371E-04  -0.6333975434849037E-03   0.9099188394023333E-05   0.2023329329196380E-07   0.1003823827149146E-06   0.1823300105907917E-04
  0.8067500000000001E+02   0.9987354968522595E+00   0.1815194209453607E-04  -0.6324515301003863E-03   0.9081714791683972E-05   0.2020696202345684E-07   0.1000826412768803E-06   0.1819793568453026E-04
  0.8072499999999999E+02   0.9987373714677027E+00   0.1811194591889878E-04  -0.6315136298238322E-03   0.9061695543694548E-05   0.2017491494965017E-07   0.9978590095042526E-07   0.1815777000224132E-04
  0.8077499999999999E+02   0.9987392307396351E+00   0.1806436465321656E-04  -0.6305834070574612E-03   0.9037881464694867E-05   0.2013435863636392E-07   0.9949200725588328E-07   0.1811000092569640E-04
  0.8082500000000000E+02   0.9987410763806974E+00   0.1800656908313695E-04  -0.6296600049315870E-03   0.9008957121554063E-05   0.2008234508248667E-07   0.9920067364179228E-07   0.1805199262667147E-04
  0.8087500000000000E+02   0.9987429111480302E+00   0.1793618381513159E-04  -0.6287420439998748E-03   0.8973734071468203E-05   0.2001620228698504E-07   0.9891145145992244E-07   0.1798136373769010E-04
  0.8092500000000001E+02   0.9987447388246944E+00   0.1785161468814635E-04  -0.6278276315351272E-03   0.8931414733031273E-05   0.1993412406128542E-07   0.9862373525761967E-07   0.1789651608688375E-04
  0.8097499999999999E+02   0.9987465638960885E+00   0.1775256903960974E-04  -0.6269145234220064E-03   0.8881852682246266E-05   0.1983575404077847E-07   0.9833681586010943E-07   0.1779715626928165E-04
  0.8102499999999999E+02   0.9987483909490542E+00   0.1764037625846555E-04  -0.6260004247922168E-03   0.8825713029338233E-05   0.1972254856366404E-07   0.9804997598146279E-07   0.1768461700297077E-04
  0.8107500000000000E+02   0.9987502239489399E+00   0.1751796294562558E-04  -0.6250833517205123E-03   0.8764459990839884E-05   0.1959775447706376E-07   0.9776260331346902E-07   0.1756183222435835E-04
  0.8112500000000000E+02   0.9987520656160325E+00   0.1738946751784882E-04  -0.6241619432030276E-03   0.8700164070236675E-05   0.1946598322760009E-07   0.9747428629409570E-07   0.1743295072077873E-04
  0.8117500000000000E+02   0.9987539170798936E+00   0.1725962190424592E-04  -0.6232356340977185E-03   0.8635192711928334E-05   0.1933252247593340E-07   0.9718486517264740E-07   0.1730271627120617E-04
  0.8122499999999999E+02   0.9987557778652241E+00   0.1713309889553497E-04  -0.6223046621955941E-03   0.8571883771001978E-05   0.1920260665600679E-07   0.9689443091885150E-07   0.1717581335512867E-04
  0.8127499999999999E+02   0.9987576461356272E+00   0.1701399262920584E-04  -0.6213699462619404E-03   0.8512285593044437E-05   0.1908083414325571E-07   0.9660328433209354E-07   0.1705634633432903E-04
  0.8132500000000000E+02   0.9987595190582702E+00   0.1690550525562138E-04  -0.6204329035899292E-03   0.8458000249464030E-05   0.1897081364418039E-07   0.9631187719370661E-07   0.1694752533642368E-04
  0.8137500000000000E+02   0.9987613931643131E+00   0.1680981867032381E-04  -0.6194952696729761E-03   0.8410119364325489E-05   0.1887501709403078E-07   0.9602075500296912E-07   0.1685153767233347E-04
  0.8142499999999998E+02   0.9987632646359171E+00   0.1672807678235533E-04  -0.6185589546097159E-03   0.8369215244210026E-05   0.1879475621758923E-07   0.9573051182957556E-07   0.1676953007017935E-04
  0.8147499999999999E+02   0.9987651295133346E+00   0.1666039602983584E-04  -0.6176259394942152E-03   0.8335346140909210E-05   0.1873019077417201E-07   0.9544175798478852E-07   0.1670161923014901E-04
  0.8152499999999999E+02   0.9987669838637313E+00   0.1660584572520425E-04  -0.6166981919525361E-03   0.8308046419807875E-05   0.1868030290723268E-07   0.9515509382361745E-07   0.1664687213581852E-04
  0.8157500000000000E+02   0.9987688239810999E+00   0.1656238173418738E-04  -0.6157775661241871E-03   0.8286293380663826E-05   0.1864281888429073E-07   0.9487107888702699E-07   0.1660323958335766E-04
  0.8162500000000000E+02   0.9987706466912362E+00   0.1652677077200388E-04  -0.6148656500819527E-03   0.8268469383804798E-05   0.1861411999381007E-07   0.9459018512302777E-07   0.1656748030234254E-04
  0.8167499999999998E+02   0.9987724498077165E+00   0.1649460282747587E-04  -0.6139635377037100E-03   0.8252368066830678E-05   0.1858925244681181E-07   0.9431272748848039E-07   0.1653517341707883E-04
  0.8172499999999999E+02   0.9987742327090495E+00   0.1646053639891697E-04  -0.6130715399215170E-03   0.8235317037956687E-05   0.1856219986537693E-07   0.9403877703709358E-07   0.1650096428623968E-04
  0.8177500000000001E+02   0.9987759968835652E+00   0.1641891066451002E-04  -0.6121889121105673E-03   0.8214484148369349E-05   0.1852657082199979E-07   0.9376808045733069E-07   0.1645917817195452E-04
  0.8182500000000000E+02   0.9987777461673424E+00   0.1636473734292398E-04  -0.6113137350536313E-03   0.8187373725474392E-05   0.1847671760407864E-07   0.9350002805290035E-07   0.1640481452616286E-04
  0.8187500000000000E+02   0.9987794863928205E+00   0.1629485503904858E-04  -0.6104430907424296E-03   0.8152404098279023E-05   0.1840904265099464E-07   0.9323371237025900E-07   0.1633470415905344E-04
  0.8192500000000000E+02   0.9987812243686466E+00   0.1620881621735449E-04  -0.6095735727662532E-03   0.8109351354955502E-05   0.1832300752243432E-07   0.9296808780023923E-07   0.1624839838147828E-04
  0.8197499999999999E+02   0.9987829664643286E+00   0.1610908435546932E-04  -0.6087019944173155E-03   0.8059447979793864E-05   0.1822136526547838E-07   0.9270218759534993E-07   0.1614836664028753E-04
  0.8202500000000001E+02   0.9987847173267025E+00   0.1600042236793024E-04  -0.6078260308499672E-03   0.8005076878070565E-05   0.1810947826447429E-07   0.9243531731159892E-07   0.1603938344464775E-04
  0.8207499999999999E+02   0.9987864791853555E+00   0.1588875811906107E-04  -0.6069445665808360E-03   0.7949203785576833E-05   0.1799404135942549E-07   0.9216715605065842E-07   0.1592739110109043E-04
  0.8212500000000000E+02   0.9987882518639013E+00   0.1578001381218803E-04  -0.6060576898472281E-03   0.7894791605256123E-05   0.1788175933291107E-07   0.9189774968716099E-07   0.1581832623633625E-04
  0.8217500000000000E+02   0.9987900332787104E+00   0.1567927518725841E-04  -0.6051664430894999E-03   0.7844384752047830E-05   0.1777840485546914E-07   0.9162743100944103E-07   0.1571728696132473E-04
  0.8222499999999999E+02   0.9987918200848274E+00   0.1559040770849190E-04  -0.6042724997940008E-03   0.7799917129668079E-05   0.1768838013656069E-07   0.9135671919070080E-07   0.1562814812164954E-04
  0.8227499999999999E+02   0.9987936082105219E+00   0.1551600864448918E-04  -0.6033778970526704E-03   0.7762688156700053E-05   0.1761465831483870E-07   0.9108623762559184E-07   0.1555351326585764E-04
  0.8232500000000000E+02   0.9987953931779708E+00   0.1545750092372367E-04  -0.6024848751241541E-03   0.7733409724253837E-05   0.1755888570182700E-07   0.9081666501921768E-07   0.1549480874048126E-04
  0.8237500000000000E+02   0.9987971702380884E+00   0.1541519383713990E-04  -0.6015958099757635E-03   0.7712236567774662E-05   0.1752144673269502E-07   0.9054871482661845E-07   0.1545234455687323E-04
  0.8242500000000000E+02   0.9987989344288357E+00   0.1538819737511270E-04  -0.6007131841117008E-03   0.7698723412210892E-05   0.1750136270358888E-07   0.9028312609494989E-07   0.1542522854152254E-04
  0.8247500000000001E+02   0.9988006807158852E+00   0.1537415446709053E-04  -0.5998395161989079E-03   0.7691691013761709E-05   0.1749598292506333E-07   0.9002064166538652E-07   0.1541109795056006E-04
  0.8252499999999999E+02   0.9988024044010594E+00   0.1536886043134595E-04  -0.5989771567268543E-03   0.7689035772457933E-05   0.1750054633215100E-07   0.8976194619085420E-07   0.1540573802035828E-04
  0.8257500000000000E+02   0.9988041019525008E+00   0.1536599118210842E-04  -0.5981278726761019E-03   0.7687593755152978E-05   0.1750786543442138E-07   0.8950754174116720E-07   0.1540280952948717E-04
  0.8262499999999999E+02   0.9988057722394840E+00   0.1535732690152093E-04  -0.5972922297456940E-03   0.7683252597836327E-05   0.1750857400765595E-07   0.8925756490907742E-07   0.1539407300182448E-04
  0.8267500000000000E+02   0.9988074177930684E+00   0.1533387856124773E-04  -0.5964689616508867E-03   0.7671515101270609E-05   0.1749240565173990E-07   0.8901160332948144E-07   0.1537051790921865E-04
  0.8272499999999999E+02   0.9988090453200196E+00   0.1528796562219202E-04  -0.5956547130087086E-03   0.7648538699219830E-05   0.1745056274129692E-07   0.8876862689423085E-07   0.1532444532258017E-04
  0.8277499999999999E+02   0.9988106647225458E+00   0.1521555280817445E-04  -0.5948445297607741E-03   0.7612304541802790E-05   0.1737838987967652E-07   0.8852714249574355E-07   0.1525181026265801E-04
  0.8282500000000000E+02   0.9988122866573594E+00   0.1511760000504096E-04  -0.5940330803688720E-03   0.7563292848669105E-05   0.1727692919160641E-07   0.8828556274789142E-07   0.1515357483102165E-04
  0.8287500000000000E+02   0.9988139197368944E+00   0.1499956078545425E-04  -0.5932160560406796E-03   0.7504232023651810E-05   0.1715236410760914E-07   0.8804262121029322E-07   0.1503520555186258E-04
  0.8292500000000000E+02   0.9988155687737851E+00   0.1486935271204911E-04  -0.5923910490149842E-03   0.7439083202326489E-05   0.1701371245326438E-07   0.8779762655222794E-07   0.1490463883868578E-04
  0.8297499999999999E+02   0.9988172346624751E+00   0.1473500576942668E-04  -0.5915576117943022E-03   0.7371863766837721E-05   0.1687014262124046E-07   0.8755047159913303E-07   0.1476992381191878E-04
  0.8302500000000001E+02   0.9988189154425479E+00   0.1460304480806623E-04  -0.5907167251631984E-03   0.7305838084781131E-05   0.1672912088943008E-07   0.8730146898522960E-07   0.1463760087476903E-04
  0.8307500000000000E+02   0.9988206076879454E+00   0.1447790526862743E-04  -0.5898701031643583E-03   0.7243225196307503E-05   0.1659573647923142E-07   0.8705114202228703E-07   0.1451211603589103E-04
  0.8312500000000000E+02   0.9988223076190155E+00   0.1436209763174811E-04  -0.5890196367444034E-03   0.7185281087530140E-05   0.1647288296697165E-07   0.8680005959346189E-07   0.1439598574759511E-04
  0.8317499999999998E+02   0.9988240117518471E+00   0.1425669535094201E-04  -0.5881670688903107E-03   0.7132542802264747E-05   0.1636181162771421E-07   0.8654874115658414E-07   0.1429028600211233E-04
  0.8322499999999999E+02   0.9988257171594906E+00   0.1416184532343474E-04  -0.5873138639428399E-03   0.7085083829677735E-05   0.1626271268094793E-07   0.8629761964362160E-07   0.1419516402136262E-04
  0.8327500000000001E+02   0.9988274214942564E+00   0.1407716452327810E-04  -0.5864611964393474E-03   0.7042712539261003E-05   0.1617516784477346E-07   0.8604703953224805E-07   0.1411023583825912E-04
  0.8332500000000000E+02   0.9988291228985704E+00   0.1400199375334478E-04  -0.5856099957126659E-03   0.7005099132745482E-05   0.1609844025649350E-07   0.8579727100575634E-07   0.1403484065657764E-04
  0.8337499999999999E+02   0.9988308198884484E+00   0.1393552677604153E-04  -0.5847610041885831E-03   0.6971840248325418E-05   0.1603162207620565E-07   0.8554852777275770E-07   0.1396817029289213E-04
  0.8342500000000000E+02   0.9988325112607166E+00   0.1387684712219704E-04  -0.5839148238033776E-03   0.6942477376552609E-05   0.1597367635199715E-07   0.8530098109770197E-07   0.1390930607715035E-04
  0.8347499999999999E+02   0.9988341960568493E+00   0.1382490996174625E-04  -0.5830719340965684E-03   0.6916487790786453E-05   0.1592341575942005E-07   0.8505476535005948E-07   0.1385720068418977E-04
  0.8352500000000001E+02   0.9988358736027638E+00   0.1377851636700513E-04  -0.5822326723018412E-03   0.6893271671488759E-05   0.1587947249799298E-07   0.8480997242085631E-07   0.1381065233822151E-04
  0.8357500000000000E+02   0.9988375436187440E+00   0.1373634176058653E-04  -0.5813971783541483E-03   0.6872166338411596E-05   0.1584033056481205E-07   0.8456663607332428E-07   0.1376833332664281E-04
  0.8362499999999999E+02   0.9988392063456502E+00   0.1369707922636312E-04  -0.5805653317486614E-03   0.6852517947537086E-05   0.1580449068130863E-07   0.8432471425684097E-07   0.1372893364295436E-04
  0.8367500000000000E+02   0.9988408625807307E+00   0.1365970894378459E-04  -0.5797367336243253E-03   0.6833816286224258E-05   0.1577078142850167E-07   0.8408408490630719E-07   0.1369143104552568E-04
  0.8372499999999999E+02   0.9988425135183042E+00   0.1362380431454597E-04  -0.5789107864693221E-03   0.6815847925155790E-05   0.1573871388587627E-07   0.8384457011855267E-07   0.1365539789377976E-04
  0.8377500000000001E+02   0.9988441603945987E+00   0.1358970827369107E-04  -0.5780868718046062E-03   0.6798784424865779E-05   0.1570868748013324E-07   0.8360598824390977E-07   0.1362117786745883E-04
  0.8382500000000000E+02   0.9988458040804751E+00   0.1355846235758591E-04  -0.5772645539395826E-03   0.6783146849033070E-05   0.1568191059822030E-07   0.8336821264689923E-07   0.1358981486890576E-04
  0.8387499999999999E+02   0.9988474448058380E+00   0.1353152990154519E-04  -0.5764437178467086E-03   0.6769667282949764E-05   0.1566008265168862E-07   0.8313121061731668E-07   0.1356277557737276E-04
  0.8392500000000000E+02   0.9988490820893260E+00   0.1351047065099600E-04  -0.5756246043366886E-03   0.6759126044753172E-05   0.1564501873248084E-07   0.8289505228970544E-07   0.1354162330472900E-04
  0.8397500000000001E+02   0.9988507148064355E+00   0.1349669739560564E-04  -0.5748077759756276E-03   0.6752229932072951E-05   0.1563836796106291E-07   0.8265989970715663E-07   0.1352777406576504E-04
  0.8402499999999999E+02   0.9988523412811356E+00   0.1349133661310754E-04  -0.5739940712509162E-03   0.6749542503934683E-05   0.1564145141414721E-07   0.8242599277983108E-07   0.1352235690166788E-04
  0.8407500000000000E+02   0.9988539593300096E+00   0.1349513189893894E-04  -0.5731845824870074E-03   0.6751435768361548E-05   0.1565514911084679E-07   0.8219364224802682E-07   0.1352611709173709E-04
  0.8412499999999999E+02   0.9988555662585020E+00   0.1350830770676762E-04  -0.5723806577222490E-03   0.6758022014469355E-05   0.1567974053099915E-07   0.8196322950211077E-07   0.1353927958830838E-04
  0.8417500000000000E+02   0.9988571588661517E+00   0.1353033019010371E-04  -0.5715838980905330E-03   0.6769034165986756E-05   0.1571462505958271E-07   0.8173520494520535E-07   0.1356130931962535E-04
  0.8422499999999999E+02   0.9988587335612176E+00   0.1355954119354010E-04  -0.5707961004765005E-03   0.6783642673555140E-05   0.1575789402551522E-07   0.8151007052207917E-07   0.1359054435381725E-04
  0.8427499999999999E+02   0.9988602867216356E+00   0.1359270774416023E-04  -0.5700190769346580E-03   0.6800230132983463E-05   0.1580580296768180E-07   0.8128832709297426E-07   0.1362374436984869E-04
  0.8432499999999999E+02   0.9988618154460971E+00   0.1362464942002187E-04  -0.5692542789381694E-03   0.6816204863795770E-05   0.1585233264545015E-07   0.8107036676905491E-07   0.1365571717972874E-04
  0.8437500000000000E+02   0.9988633187348924E+00   0.1364827969982593E-04  -0.5685022066223011E-03   0.6828021595256732E-05   0.1588923045870317E-07   0.8085630565749239E-07   0.1367936016778124E-04
  0.8442500000000000E+02   0.9988647988208628E+00   0.1365550046349427E-04  -0.5677617429313830E-03   0.6831628969317813E-05   0.1590704585709957E-07   0.8064579807153455E-07   0.1368655681419416E-04
  0.8447499999999999E+02   0.9988662619080195E+00   0.1363913463693580E-04  -0.5670297840986160E-03   0.6823436410142354E-05   0.1589737948268197E-07   0.8043793807490794E-07   0.1367011372064085E-04
  0.8452500000000001E+02   0.9988677174389234E+00   0.1359532055234413E-04  -0.5663016061625559E-03   0.6801511983332562E-05   0.1585567879535354E-07   0.8023137114780499E-07   0.1362616040782704E-04
  0.8457499999999999E+02   0.9988691757390123E+00   0.1352504740736271E-04  -0.5655720434702971E-03   0.6766350562395764E-05   0.1578304131750550E-07   0.8002463325881482E-07   0.1355568827270983E-04
  0.8462500000000000E+02   0.9988706451325243E+00   0.1343376023066426E-04  -0.5648369315336410E-03   0.6720676201455589E-05   0.1568577011323592E-07   0.7981655865122494E-07   0.1346415467271261E-04
  0.8467500000000000E+02   0.9988721301110337E+00   0.1332927609279597E-04  -0.5640940232829461E-03   0.6668399650785855E-05   0.1557295460691305E-07   0.7960653290015835E-07   0.1335939441345139E-04
  0.8472499999999999E+02   0.9988736312746237E+00   0.1321934168138343E-04  -0.5633430184979193E-03   0.6613396451411176E-05   0.1545362352061507E-07   0.7939449340937694E-07   0.1324917177520716E-04
  0.8477500000000001E+02   0.9988751465333374E+00   0.1311002974661609E-04  -0.5625849627431956E-03   0.6558704701948437E-05   0.1533486893472702E-07   0.7918075386342964E-07   0.1313957330808927E-04
  0.8482499999999999E+02   0.9988766725833599E+00   0.1300528414850441E-04  -0.5618215088579737E-03   0.6506297452103825E-05   0.1522130803447950E-07   0.7896579337958733E-07   0.1303455183734676E-04
  0.8487500000000000E+02   0.9988782059882348E+00   0.1290723954934016E-04  -0.5610543760410369E-03   0.6457242638909797E-05   0.1511545015351780E-07   0.7875010410674658E-07   0.1293624687649140E-04
  0.8492500000000000E+02   0.9988797437068092E+00   0.1281679680594337E-04  -0.5602850857272523E-03   0.6411990945868473E-05   0.1501836476579628E-07   0.7853411805998825E-07   0.1284556132481304E-04
  0.8497499999999999E+02   0.9988812832223342E+00   0.1273411819356115E-04  -0.5595148970004571E-03   0.6370623555563093E-05   0.1493025786514448E-07   0.7831819026633232E-07   0.1276265781753398E-04
  0.8502500000000001E+02   0.9988828224917651E+00   0.1265893960674203E-04  -0.5587448319576138E-03   0.6333008339051207E-05   0.1485083567998721E-07   0.7810260688984396E-07   0.1268727163893985E-04
  0.8507500000000000E+02   0.9988843598612320E+00   0.1259073487620441E-04  -0.5579757179969835E-03   0.6298882061342962E-05   0.1477949608687559E-07   0.7788759777256481E-07   0.1261887541592409E-04
  0.8512499999999999E+02   0.9988858940045060E+00   0.1252879892172152E-04  -0.5572082186031668E-03   0.6267891981786328E-05   0.1471542537369582E-07   0.7767334553391299E-07   0.1255676246258008E-04
  0.8517500000000000E+02   0.9988874238924512E+00   0.1247229897382347E-04  -0.5564428486298789E-03   0.6239621479662250E-05   0.1465765782028274E-07   0.7745999022779128E-07   0.1250009811995814E-04
  0.8522499999999999E+02   0.9988889487835015E+00   0.1242032418188025E-04  -0.5556799790642497E-03   0.6213614872322292E-05   0.1460513359312653E-07   0.7724763103377114E-07   0.1244796947701393E-04
  0.8527500000000001E+02   0.9988904682135477E+00   0.1237194902292825E-04  -0.5549198420873314E-03   0.6189409137405269E-05   0.1455677308301839E-07   0.7703632803761128E-07   0.1239944892198186E-04
  0.8532500000000000E+02   0.9988919819586655E+00   0.1232630148587556E-04  -0.5541625497197389E-03   0.6166568023996979E-05   0.1451155712697754E-07   0.7682610777105611E-07   0.1235366247916493E-04
  0.8537499999999999E+02   0.9988934899660573E+00   0.1228260060321813E-04  -0.5534081283709025E-03   0.6144700828994237E-05   0.1446857140445796E-07   0.7661697306256734E-07   0.1230982742476911E-04
  0.8542500000000000E+02   0.9988949922937217E+00   0.1224013648252155E-04  -0.5526565490213686E-03   0.6123452407336310E-05   0.1442698321529474E-07   0.7640891151165323E-07   0.1226723227427301E-04
  0.8547500000000001E+02   0.9988964891151614E+00   0.1219822389420424E-04  -0.5519077248675730E-03   0.6102479952928992E-05   0.1438598698822434E-07   0.7620189486842213E-07   0.1222519026638390E-04
  0.8552500000000001E+02   0.9988979807885532E+00   0.1215621052427873E-04  -0.5511614767179651E-03   0.6081457127030094E-05   0.1434481410391127E-07   0.7599586960820721E-07   0.1218304763190943E-04
  0.8557499999999999E+02   0.9988994679042986E+00   0.1211358712364683E-04  -0.5504175092053698E-03   0.6060129163022790E-05   0.1430286306446876E-07   0.7579075071648254E-07   0.1214029398425651E-04
  0.8562500000000000E+02   0.9989009512130875E+00   0.1207014006094089E-04  -0.5496754467735343E-03   0.6038389184743361E-05   0.1425988021551262E-07   0.7558643202803408E-07   0.1209671520780614E-04
  0.8567500000000000E+02   0.9989024314356560E+00   0.1202601845267999E-04  -0.5489349288521073E-03   0.6016311790024407E-05   0.1421604012096135E-07   0.7538281260978280E-07   0.1205246073591214E-04
  0.8572500000000001E+02   0.9989039090694144E+00   0.1198164638697964E-04  -0.5481957065944787E-03   0.5994109138384342E-05   0.1417184299263770E-07   0.7517982312559782E-07   0.1200795558112859E-04
  0.8577499999999999E+02   0.9989053843101393E+00   0.1193753822753037E-04  -0.5474576820545529E-03   0.5972038552148082E-05   0.1412789705311872E-07   0.7497743607607493E-07   0.1196371523190292E-04
  0.8582499999999999E+02   0.9989068571057157E+00   0.1189413483645171E-04  -0.5467208813000335E-03   0.5950320582738868E-05   0.1408472490569358E-07   0.7477565791638399E-07   0.1192018151405004E-04
  0.8587500000000000E+02   0.9989083272708811E+00   0.1185173062187455E-04  -0.5459853970092299E-03   0.5929102514327467E-05   0.1404267684169879E-07   0.7457451303777362E-07   0.1187764947706545E-04
  0.8592500000000000E+02   0.9989097945856816E+00   0.1181048190287918E-04  -0.5452513392156799E-03   0.5908462548556897E-05   0.1400194025234768E-07   0.7437403022264606E-07   0.1183627577712327E-04
  0.8597499999999999E+02   0.9989112588463123E+00   0.1177044873804600E-04  -0.5445188098742726E-03   0.5888430730316297E-05   0.1396258877139481E-07   0.7417423574859135E-07   0.1179612059769120E-04
  0.8602499999999999E+02   0.9989127198789014E+00   0.1173163218119282E-04  -0.5437878959645426E-03   0.5869007585882935E-05   0.1392462616337530E-07   0.7397515158458300E-07   0.1175718498752252E-04
  0.8607499999999999E+02   0.9989141775389382E+00   0.1169399587916727E-04  -0.5430586697781070E-03   0.5850174927797895E-05   0.1388801177028837E-07   0.7377679553034436E-07   0.1171943250632417E-04
  0.8612500000000000E+02   0.9989156317098374E+00   0.1165747767885530E-04  -0.5423311896353145E-03   0.5831901661593618E-05   0.1385267417544361E-07   0.7357918145611274E-07   0.1168280085757312E-04
  0.8617500000000001E+02   0.9989170823027955E+00   0.1162199834838189E-04  -0.5416054999588527E-03   0.5814148148805913E-05   0.1381852148406446E-07   0.7338231936181118E-07   0.1164721062902619E-04
  0.8622499999999999E+02   0.9989185292559269E+00   0.1158746985686427E-04  -0.5408816317044041E-03   0.5796870349125349E-05   0.1378545111476593E-07   0.7318621553161536E-07   0.1161257359068664E-04
  0.8627499999999999E+02   0.9989199725315503E+00   0.1155380260950713E-04  -0.5401596037193368E-03   0.5780023439924363E-05   0.1375335838173886E-07   0.7299087293650966E-07   0.1157879994574840E-04
  0.8632499999999999E+02   0.9989214121120733E+00   0.1152091072515044E-04  -0.5394394248005030E-03   0.5763564456470418E-05   0.1372214277528905E-07   0.7279629181943019E-07   0.1154580361966726E-04
  0.8637500000000000E+02   0.9989228479954583E+00   0.1148871517640816E-04  -0.5387210959638677E-03   0.5747453862848075E-05   0.1369171171693284E-07   0.7260247032971040E-07   0.1151350540712686E-04
  0.8642500000000000E+02   0.9989242801910410E+00   0.1145714518672188E-04  -0.5380046125350590E-03   0.5731656250861369E-05   0.1366198224894323E-07   0.7240940510172839E-07   0.1148183437209925E-04
  0.8647499999999999E+02   0.9989257087160708E+00   0.1142613845281766E-04  -0.5372899658812047E-03   0.5716140451316892E-05   0.1363288132821847E-07   0.7221709173081680E-07   0.1145072807073932E-04
  0.8652499999999999E+02   0.9989271335930411E+00   0.1139564069087081E-04  -0.5365771447456424E-03   0.5700879306976480E-05   0.1360434531369353E-07   0.7202552513779890E-07   0.1142013209651112E-04
  0.8657500000000000E+02   0.9989285548477245E+00   0.1136560485885047E-04  -0.5358661362313555E-03   0.5685849283511982E-05   0.1357631906506443E-07   0.7183469983598830E-07   0.1138999930079065E-04
  0.8662500000000000E+02   0.9989299725077736E+00   0.1133599027292967E-04  -0.5351569265008571E-03   0.5671030027464429E-05   0.1354875491168086E-07   0.7164461012000259E-07   0.1136028890730759E-04
  0.8667500000000000E+02   0.9989313866017512E+00   0.1130676173838636E-04  -0.5344495012615802E-03   0.5656403931453279E-05   0.1352161163511267E-07   0.7145525019575219E-07   0.1133096564111450E-04
  0.8672500000000001E+02   0.9989327971584712E+00   0.1127788875337640E-04  -0.5337438460951693E-03   0.5641955735842147E-05   0.1349485353531823E-07   0.7126661426782492E-07   0.1130199893059210E-04
  0.8677499999999999E+02   0.9989342042065640E+00   0.1124934480782908E-04  -0.5330399466749736E-03   0.5627672177992199E-05   0.1346844960740639E-07   0.7107869659650550E-07   0.1127336220478876E-04
  0.8682500000000000E+02   0.9989356077741963E+00   0.1122110678030025E-04  -0.5323377889067116E-03   0.5613541690521592E-05   0.1344237283284784E-07   0.7089149153402638E-07   0.1124503228893531E-04
  0.8687499999999999E+02   0.9989370078888987E+00   0.1119315442617362E-04  -0.5316373590138479E-03   0.5599554145264255E-05   0.1341659957768600E-07   0.7070499354596035E-07   0.1121698889151067E-04
  0.8692500000000000E+02   0.9989384045774675E+00   0.1116546994675018E-04  -0.5309386435878860E-03   0.5585700637695156E-05   0.1339110908564351E-07   0.7051919722324297E-07   0.1118921417237475E-04
  0.8697500000000001E+02   0.9989397978659152E+00   0.1113803762787630E-04  -0.5302416296117940E-03   0.5571973306144154E-05   0.1336588305289482E-07   0.7033409728707406E-07   0.1116169238059436E-04
  0.8702499999999999E+02   0.9989411877794557E+00   0.1111084353731448E-04  -0.5295463044687754E-03   0.5558365180397408E-05   0.1334090527187743E-07   0.7014968858998310E-07   0.1113440955114171E-04
  0.8707499999999999E+02   0.9989425743425101E+00   0.1108387527122618E-04  -0.5288526559380502E-03   0.5544870054868438E-05   0.1331616133285527E-07   0.6996596611352026E-07   0.1110735325081388E-04
  0.8712500000000000E+02   0.9989439575787267E+00   0.1105712174148005E-04  -0.5281606721858623E-03   0.5531482382193189E-05   0.1329163837350961E-07   0.6978292496476309E-07   0.1108051236506826E-04
  0.8717500000000000E+02   0.9989453375110092E+00   0.1103057299680161E-04  -0.5274703417509352E-03   0.5518197183755170E-05   0.1326732486835434E-07   0.6960056037143384E-07   0.1105387691877433E-04
  0.8722500000000001E+02   0.9989467141615507E+00   0.1100422007195542E-04  -0.5267816535273750E-03   0.5505009974234619E-05   0.1324321045114803E-07   0.6941886767642258E-07   0.1102743792506019E-04
  0.8727499999999999E+02   0.9989480875518687E+00   0.1097805486016236E-04  -0.5260945967474617E-03   0.5491916697781669E-05   0.1321928576466121E-07   0.6923784233235687E-07   0.1100118725744567E-04
  0.8732499999999999E+02   0.9989494577028416E+00   0.1095207000480627E-04  -0.5254091609631084E-03   0.5478913673839494E-05   0.1319554233315678E-07   0.6905747989589088E-07   0.1097511754130764E-04
  0.8737500000000000E+02   0.9989508246347436E+00   0.1092625880719140E-04  -0.5247253360287640E-03   0.5465997550997380E-05   0.1317197245377271E-07   0.6887777602244102E-07   0.1094922206143176E-04
  0.8742500000000000E+02   0.9989521883672807E+00   0.1090061514769106E-04  -0.5240431120827616E-03   0.5453165267543034E-05   0.1314856910367593E-07   0.6869872646057366E-07   0.1092349468298515E-04
  0.8747500000000001E+02   0.9989535489196228E+00   0.1087513341810335E-04  -0.5233624795319969E-03   0.5440414017621616E-05   0.1312532586041645E-07   0.6852032704732425E-07   0.1089792978372106E-04
  0.8752499999999999E+02   0.9989549063104350E+00   0.1084980846341589E-04  -0.5226834290357196E-03   0.5427741222101832E-05   0.1310223683336405E-07   0.6834257370333405E-07   0.1087252219561347E-04
  0.8757499999999999E+02   0.9989562605579076E+00   0.1082463553149596E-04  -0.5220059514909892E-03   0.5415144503406942E-05   0.1307929660448035E-07   0.6816546242847012E-07   0.1084726715443464E-04
  0.8762500000000000E+02   0.9989576116797834E+00   0.1079961022947965E-04  -0.5213300380184638E-03   0.5402621663697162E-05   0.1305650017698209E-07   0.6798898929757568E-07   0.1082216025604670E-04
  0.8767500000000001E+02   0.9989589596933826E+00   0.1077472848584232E-04  -0.5206556799502993E-03   0.5390170665894258E-05   0.1303384293069634E-07   0.6781315045681023E-07   0.1079719741838712E-04
  0.8772499999999999E+02   0.9989603046156281E+00   0.1074998651730360E-04  -0.5199828688174923E-03   0.5377789617124809E-05   0.1301132058311076E-07   0.6763794211988065E-07   0.1077237484829947E-04
  0.8777499999999999E+02   0.9989616464630671E+00   0.1072538079986004E-04  -0.5193115963393335E-03   0.5365476754228380E-05   0.1298892915528553E-07   0.6746336056485436E-07   0.1074768901250109E-04
  0.8782499999999999E+02   0.9989629852518910E+00   0.1070090804335412E-04  -0.5186418544125271E-03   0.5353230431034908E-05   0.1296666494193084E-07   0.6728940213091605E-07   0.1072313661209498E-04
  0.8787500000000000E+02   0.9989643209979556E+00   0.1067656516908160E-04  -0.5179736351020869E-03   0.5341049107162094E-05   0.1294452448506302E-07   0.6711606321561329E-07   0.1069871456012679E-04
  0.8792500000000000E+02   0.9989656537167984E+00   0.1065234929001890E-04  -0.5173069306323441E-03   0.5328931338123526E-05   0.1292250455074638E-07   0.6694334027215545E-07   0.1067441996176770E-04
  0.8797499999999998E+02   0.9989669834236546E+00   0.1062825769331569E-04  -0.5166417333783979E-03   0.5316875766570043E-05   0.1290060210850295E-07   0.6677122980685138E-07   0.1065025009676754E-04
  0.8802499999999999E+02   0.9989683101334735E+00   0.1060428782475201E-04  -0.5159780358590105E-03   0.5304881114513939E-05   0.1287881431303574E-07   0.6659972837694153E-07   0.1062620240387695E-04
  0.8807500000000000E+02   0.9989696338609313E+00   0.1058043727490474E-04  -0.5153158307293904E-03   0.5292946176408270E-05   0.1285713848796479E-07   0.6642883258842057E-07   0.1060227446698251E-04
  0.8812500000000000E+02   0.9989709546204452E+00   0.1055670376680425E-04  -0.5146551107740871E-03   0.5281069812971728E-05   0.1283557211131813E-07   0.6625853909390658E-07   0.1057846400273559E-04
  0.8817500000000000E+02   0.9989722724261854E+00   0.1053308514489512E-04  -0.5139958689014401E-03   0.5269250945665836E-05   0.1281411280255799E-07   0.6608884459092825E-07   0.1055476884948801E-04
  0.8822499999999999E+02   0.9989735872920864E+00   0.1050957936514007E-04  -0.5133380981376945E-03   0.5257488551744169E-05   0.1279275831095306E-07   0.6591974582014077E-07   0.1053118695737364E-04
  0.8827499999999999E+02   0.9989748992318579E+00   0.1048618448612894E-04  -0.5126817916216719E-03   0.5245781659804276E-05   0.1277150650513387E-07   0.6575123956369896E-07   0.1050771637939714E-04
  0.8832500000000000E+02   0.9989762082589940E+00   0.1046289866107369E-04  -0.5120269425998858E-03   0.5234129345782940E-05   0.1275035536369123E-07   0.6558332264375744E-07   0.1048435526341082E-04
  0.8837500000000000E+02   0.9989775143867836E+00   0.1043972013058597E-04  -0.5113735444217671E-03   0.5222530729342899E-05   0.1272930296669563E-07   0.6541599192101148E-07   0.1046110184487580E-04
  0.8842500000000000E+02   0.9989788176283178E+00   0.1041664721614765E-04  -0.5107215905354456E-03   0.5210984970606269E-05   0.1270834748803243E-07   0.6524924429339179E-07   0.1043795444031768E-04
  0.8847499999999999E+02   0.9989801179964983E+00   0.1039367831419661E-04  -0.5100710744839754E-03   0.5199491267195732E-05   0.1268748718846083E-07   0.6508307669488261E-07   0.1041491144139879E-04
  0.8852499999999999E+02   0.9989814155040457E+00   0.1037081189075921E-04  -0.5094219899011154E-03   0.5188048851549263E-05   0.1266672040931632E-07   0.6491748609423660E-07   0.1039197130953848E-04
  0.8857500000000000E+02   0.9989827101635057E+00   0.1034804647657057E-04  -0.5087743305079995E-03   0.5176656988478870E-05   0.1264604556678701E-07   0.6475246949392602E-07   0.1036913257102223E-04
  0.8862500000000000E+02   0.9989840019872560E+00   0.1032538066263021E-04  -0.5081280901098051E-03   0.5165314972947126E-05   0.1262546114670202E-07   0.6458802392910166E-07   0.1034639381254707E-04
  0.8867500000000000E+02   0.9989852909875125E+00   0.1030281309614729E-04  -0.5074832625927561E-03   0.5154022128038659E-05   0.1260496569977836E-07   0.6442414646664518E-07   0.1032375367715755E-04
  0.8872499999999999E+02   0.9989865771763355E+00   0.1028034247683517E-04  -0.5068398419207920E-03   0.5142777803106347E-05   0.1258455783727854E-07   0.6426083420414400E-07   0.1030121086053185E-04
  0.8877500000000001E+02   0.9989878605656346E+00   0.1025796755351983E-04  -0.5061978221336805E-03   0.5131581372074563E-05   0.1256423622703725E-07   0.6409808426923999E-07   0.1027876410758228E-04
  0.8882499999999999E+02   0.9989891411671743E+00   0.1023568712103059E-04  -0.5055571973433537E-03   0.5120432231883633E-05   0.1254399958982010E-07   0.6393589381853339E-07   0.1025641220933894E-04
  0.8887500000000000E+02   0.9989904189925786E+00   0.1021350001734535E-04  -0.5049179617321320E-03   0.5109329801061642E-05   0.1252384669598152E-07   0.6377426003697261E-07   0.1023415400008833E-04
  0.8892500000000000E+02   0.9989916940533360E+00   0.1019140512096568E-04  -0.5042801095502814E-03   0.5098273518411223E-05   0.1250377636239293E-07   0.6361318013708015E-07   0.1021198835474239E-04
  0.8897499999999999E+02   0.9989929663608035E+00   0.1016940134849975E-04  -0.5036436351137930E-03   0.5087262841800299E-05   0.1248378744961505E-07   0.6345265135824047E-07   0.1018991418641578E-04
  0.8902500000000001E+02   0.9989942359262109E+00   0.1014748765243349E-04  -0.5030085328021627E-03   0.5076297247047048E-05   0.1246387885929163E-07   0.6329267096599354E-07   0.1016793044419192E-04
  0.8907499999999999E+02   0.9989955027606650E+00   0.1012566301907263E-04  -0.5023747970568371E-03   0.5065376226890316E-05   0.1244404953174385E-07   0.6313323625150054E-07   0.1014603611106025E-04
  0.8912500000000000E+02   0.9989967668751522E+00   0.1010392646664000E-04  -0.5017424223792144E-03   0.5054499290037697E-05   0.1242429844374707E-07   0.6297434453090290E-07   0.1012423020200907E-04
  0.8917500000000001E+02   0.9989980282805432E+00   0.1008227704351398E-04  -0.5011114033284247E-03   0.5043665960284270E-05   0.1240462460647358E-07   0.6281599314462976E-07   0.1010251176225989E-04
  0.8922499999999999E+02   0.9989992869875959E+00   0.1006071382659575E-04  -0.5004817345204415E-03   0.5032875775695720E-05   0.1238502706358633E-07   0.6265817945704460E-07   0.1008087986563085E-04
  0.8927499999999999E+02   0.9990005430069586E+00   0.1003923591979392E-04  -0.4998534106258612E-03   0.5022128287850242E-05   0.1236550488947084E-07   0.6250090085576105E-07   0.1005933361301781E-04
  0.8932500000000000E+02   0.9990017963491727E+00   0.1001784245261658E-04  -0.4992264263687929E-03   0.5011423061134121E-05   0.1234605718759292E-07   0.6234415475124131E-07   0.1003787213098310E-04
  0.8937500000000000E+02   0.9990030470246759E+00   0.9996532578861543E-05  -0.4986007765254152E-03   0.5000759672086490E-05   0.1232668308897185E-07   0.6218793857631424E-07   0.1001649457044267E-04
  0.8942500000000000E+02   0.9990042950438047E+00   0.9975305475396433E-05  -0.4979764559223110E-03   0.4990137708789003E-05   0.1230738175075888E-07   0.6203224978564160E-07   0.9995200105443305E-05
  0.8947499999999999E+02   0.9990055404167972E+00   0.9954160341021513E-05  -0.4973534594352458E-03   0.4979556770296918E-05   0.1228815235491290E-07   0.6187708585529898E-07   0.9973987932022740E-05
  0.8952499999999999E+02   0.9990067831537955E+00   0.9933096395408153E-05  -0.4967317819882799E-03   0.4969016466108016E-05   0.1226899410696485E-07   0.6172244428244225E-07   0.9952857267145648E-05
  0.8957500000000000E+02   0.9990080232648478E+00   0.9912112878107072E-05  -0.4961114185524362E-03   0.4958516415666428E-05   0.1224990623486386E-07   0.6156832258486626E-07   0.9931807347709510E-05
  0.8962500000000000E+02   0.9990092607599114E+00   0.9891209047620757E-05  -0.4954923641441455E-03   0.4948056247898568E-05   0.1223088798789877E-07   0.6141471830051172E-07   0.9910837429614811E-05
  0.8967500000000000E+02   0.9990104956488537E+00   0.9870384180534957E-05  -0.4948746138246918E-03   0.4937635600778621E-05   0.1221193863568886E-07   0.6126162898722313E-07   0.9889946786894474E-05
  0.8972499999999999E+02   0.9990117279414555E+00   0.9849637570704802E-05  -0.4942581626989906E-03   0.4927254120921358E-05   0.1219305746723861E-07   0.6110905222234339E-07   0.9869134710898039E-05
  0.8977499999999999E+02   0.9990129576474119E+00   0.9828968528491296E-05  -0.4936430059147012E-03   0.4916911463200158E-05   0.1217424379005147E-07   0.6095698560239392E-07   0.9848400509526300E-05
  0.8982500000000000E+02   0.9990141847763350E+00   0.9808376380044409E-05  -0.4930291386608943E-03   0.4906607290388331E-05   0.1215549692929827E-07   0.6080542674264691E-07   0.9827743506512689E-05
  0.8987500000000001E+02   0.9990154093377552E+00   0.9787860466629374E-05  -0.4924165561677185E-03   0.4896341272822072E-05   0.1213681622703620E-07   0.6065437327694788E-07   0.9807163040747937E-05
  0.8992500000000000E+02   0.9990166313411233E+00   0.9767420143992769E-05  -0.4918052537050688E-03   0.4886113088083301E-05   0.1211820104147437E-07   0.6050382285729217E-07   0.9786658465644629E-05
  0.8997499999999999E+02   0.9990178507958120E+00   0.9747054781765910E-05  -0.4911952265820307E-03   0.4875922420701188E-05   0.1209965074628312E-07   0.6035377315359662E-07   0.9766229148539139E-05
  0.9002499999999999E+02   0.9990190677111174E+00   0.9726763762902437E-05  -0.4905864701457707E-03   0.4865768961870767E-05   0.1208116472994324E-07   0.6020422185333587E-07   0.9745874470127856E-05
  0.9007500000000000E+02   0.9990202820962607E+00   0.9706546483148008E-05  -0.4899789797813137E-03   0.4855652409187631E-05   0.1206274239513287E-07   0.6005516666139920E-07   0.9725593823935587E-05
  0.9012500000000000E+02   0.9990214939603900E+00   0.9686402350539730E-05  -0.4893727509098778E-03   0.4845572466397479E-05   0.1204438315814906E-07   0.5990660529959490E-07   0.9705386615813736E-05
  0.9017499999999998E+02   0.9990227033125807E+00   0.9666330784933162E-05  -0.4887677789893186E-03   0.4835528843159491E-05   0.1202608644836171E-07   0.5975853550667399E-07   0.9685252263466189E-05
  0.9022499999999999E+02   0.9990239101618383E+00   0.9646331217555241E-05  -0.4881640595125747E-03   0.4825521254822639E-05   0.1200785170769774E-07   0.5961095503786553E-07   0.9665190196001091E-05
  0.9027500000000001E+02   0.9990251145170985E+00   0.9626403090581219E-05  -0.4875615880071127E-03   0.4815549422214031E-05   0.1198967839015326E-07   0.5946386166465900E-07   0.9645199853506772E-05
  0.9032500000000000E+02   0.9990263163872294E+00   0.9606545856734070E-05  -0.4869603600344830E-03   0.4805613071438489E-05   0.1197156596133214E-07   0.5931725317461523E-07   0.9625280686650141E-05
  0.9037500000000000E+02   0.9990275157810319E+00   0.9586758978904838E-05  -0.4863603711899867E-03   0.4795711933688608E-05   0.1195351389800893E-07   0.5917112737120544E-07   0.9605432156296109E-05
  0.9042499999999998E+02   0.9990287127072417E+00   0.9567041929792625E-05  -0.4857616171013435E-03   0.4785845745064633E-05   0.1193552168771472E-07   0.5902548207340877E-07   0.9585653733146645E-05
  0.9047499999999999E+02   0.9990299071745299E+00   0.9547394191562972E-05  -0.4851640934286916E-03   0.4776014246403545E-05   0.1191758882834451E-07   0.5888031511563569E-07   0.9565944897398341E-05
  0.9052500000000001E+02   0.9990310991915042E+00   0.9527815255523311E-05  -0.4845677958638106E-03   0.4766217183116687E-05   0.1189971482778449E-07   0.5873562434746372E-07   0.9546305138417026E-05
  0.9057499999999999E+02   0.9990322887667105E+00   0.9508304621814685E-05  -0.4839727201296773E-03   0.4756454305035524E-05   0.1188189920355823E-07   0.5859140763345551E-07   0.9526733954428707E-05
  0.9062500000000000E+02   0.9990334759086329E+00   0.9488861799118440E-05  -0.4833788619799106E-03   0.4746725366264897E-05   0.1186414148249043E-07   0.5844766285295112E-07   0.9507230852225533E-05
  0.9067500000000000E+02   0.9990346606256958E+00   0.9469486304377098E-05  -0.4827862171981057E-03   0.4737030125043372E-05   0.1184644120038711E-07   0.5830438789983506E-07   0.9487795346885946E-05
  0.9072499999999999E+02   0.9990358429262644E+00   0.9450177662528683E-05  -0.4821947815975003E-03   0.4727368343610320E-05   0.1182879790173152E-07   0.5816158068238529E-07   0.9468426961508336E-05
  0.9077500000000001E+02   0.9990370228186455E+00   0.9430935406253399E-05  -0.4816045510205313E-03   0.4717739788079169E-05   0.1181121113939442E-07   0.5801923912309622E-07   0.9449125226957072E-05
  0.9082500000000000E+02   0.9990382003110886E+00   0.9411759075732225E-05  -0.4810155213382794E-03   0.4708144228316632E-05   0.1179368047435825E-07   0.5787736115847634E-07   0.9429889681620476E-05
  0.9087499999999999E+02   0.9990393754117870E+00   0.9392648218416424E-05  -0.4804276884500247E-03   0.4698581437827381E-05   0.1177620547545399E-07   0.5773594473887382E-07   0.9410719871179744E-05
  0.9092500000000000E+02   0.9990405481288783E+00   0.9373602388807698E-05  -0.4798410482830251E-03   0.4689051193644060E-05   0.1175878571911037E-07   0.5759498782835657E-07   0.9391615348388522E-05
  0.9097499999999999E+02   0.9990417184704453E+00   0.9354621148248004E-05  -0.4792555967918499E-03   0.4679553276222117E-05   0.1174142078911438E-07   0.5745448840448657E-07   0.9372575672862184E-05
  0.9102499999999999E+02   0.9990428864445169E+00   0.9335704064718752E-05  -0.4786713299578249E-03   0.4670087469339344E-05   0.1172411027638263E-07   0.5731444445812227E-07   0.9353600410876516E-05
  0.9107500000000000E+02   0.9990440520590693E+00   0.9316850712648785E-05  -0.4780882437889211E-03   0.4660653559999801E-05   0.1170685377874298E-07   0.5717485399332861E-07   0.9334689135175170E-05
  0.9112499999999999E+02   0.9990452153220261E+00   0.9298060672730467E-05  -0.4775063343195329E-03   0.4651251338341804E-05   0.1168965090072544E-07   0.5703571502726084E-07   0.9315841424785289E-05
  0.9117500000000000E+02   0.9990463762412590E+00   0.9279333531743818E-05  -0.4769255976098119E-03   0.4641880597549929E-05   0.1167250125336263E-07   0.5689702558994346E-07   0.9297056864841182E-05
  0.9122499999999999E+02   0.9990475348245895E+00   0.9260668882387854E-05  -0.4763460297451116E-03   0.4632541133770629E-05   0.1165540445399837E-07   0.5675878372407672E-07   0.9278335046415206E-05
  0.9127499999999999E+02   0.9990486910797887E+00   0.9242066323119072E-05  -0.4757676268358768E-03   0.4623232746031426E-05   0.1163836012610474E-07   0.5662098748495022E-07   0.9259675566355826E-05
  0.9132500000000000E+02   0.9990498450145781E+00   0.9223525457996406E-05  -0.4751903850176431E-03   0.4613955236163329E-05   0.1162136789910653E-07   0.5648363494038367E-07   0.9241078027132160E-05
  0.9137500000000000E+02   0.9990509966366307E+00   0.9205045896532576E-05  -0.4746143004500381E-03   0.4604708408726472E-05   0.1160442740821314E-07   0.5634672417043029E-07   0.9222542036684928E-05
  0.9142500000000000E+02   0.9990521459535712E+00   0.9186627253551320E-05  -0.4740393693170031E-03   0.4595492070938669E-05   0.1158753829425727E-07   0.5621025326737205E-07   0.9204067208283310E-05
  0.9147499999999999E+02   0.9990532929729770E+00   0.9168269149050309E-05  -0.4734655878257943E-03   0.4586306032606832E-05   0.1157070020354022E-07   0.5607422033542575E-07   0.9185653160387481E-05
  0.9152499999999999E+02   0.9990544377023785E+00   0.9149971208069401E-05  -0.4728929522077596E-03   0.4577150106061054E-05   0.1155391278768337E-07   0.5593862349087096E-07   0.9167299516516514E-05
  0.9157500000000000E+02   0.9990555801492599E+00   0.9131733060563931E-05  -0.4723214587167845E-03   0.4568024106091208E-05   0.1153717570348539E-07   0.5580346086162629E-07   0.9149005905121324E-05
  0.9162500000000000E+02   0.9990567203210601E+00   0.9113554341282869E-05  -0.4717511036299582E-03   0.4558927849885987E-05   0.1152048861278520E-07   0.5566873058735250E-07   0.9130771959462490E-05
  0.9167499999999998E+02   0.9990578582251725E+00   0.9095434689651601E-05  -0.4711818832466852E-03   0.4549861156974254E-05   0.1150385118233023E-07   0.5553443081918855E-07   0.9112597317492728E-05
  0.9172499999999999E+02   0.9990589938689461E+00   0.9077373749658978E-05  -0.4706137938889077E-03   0.4540823849168528E-05   0.1148726308364956E-07   0.5540055971975064E-07   0.9094481621743620E-05
  0.9177500000000001E+02   0.9990601272596863E+00   0.9059371169748654E-05  -0.4700468319002171E-03   0.4531815750510610E-05   0.1147072399293202E-07   0.5526711546286998E-07   0.9076424519216652E-05
  0.9182500000000000E+02   0.9990612584046547E+00   0.9041426602714194E-05  -0.4694809936464095E-03   0.4522836687219113E-05   0.1145423359090873E-07   0.5513409623367177E-07   0.9058425661278034E-05
  0.9187500000000000E+02   0.9990623873110702E+00   0.9023539705598111E-05  -0.4689162755140419E-03   0.4513886487638932E-05   0.1143779156274003E-07   0.5500150022818408E-07   0.9040484703557454E-05
  0.9192500000000000E+02   0.9990635139861094E+00   0.9005710139594440E-05  -0.4683526739115429E-03   0.4504964982192507E-05   0.1142139759790661E-07   0.5486932565354824E-07   0.9022601305850392E-05
  0.9197499999999999E+02   0.9990646384369068E+00   0.8987937569954701E-05  -0.4677901852678801E-03   0.4496072003332767E-05   0.1140505139010443E-07   0.5473757072765576E-07   0.9004775132023801E-05
  0.9202500000000001E+02   0.9990657606705561E+00   0.8970221665897132E-05  -0.4672288060330043E-03   0.4487207385497715E-05   0.1138875263714347E-07   0.5460623367920298E-07   0.8987005849925091E-05
  0.9207500000000000E+02   0.9990668806941094E+00   0.8952562100519044E-05  -0.4666685326770725E-03   0.4478370965066573E-05   0.1137250104085010E-07   0.5447531274746016E-07   0.8969293131294252E-05
  0.9212499999999999E+02   0.9990679985145789E+00   0.8934958550712210E-05  -0.4661093616905587E-03   0.4469562580317452E-05   0.1135629630697281E-07   0.5434480618224915E-07   0.8951636651678978E-05
  0.9217500000000000E+02   0.9990691141389367E+00   0.8917410697080962E-05  -0.4655512895840319E-03   0.4460782071386369E-05   0.1134013814509122E-07   0.5421471224384361E-07   0.8934036090352552E-05
  0.9222499999999999E+02   0.9990702275741157E+00   0.8899918223863158E-05  -0.4649943128873790E-03   0.4452029280227693E-05   0.1132402626852822E-07   0.5408502920274071E-07   0.8916491130234565E-05
  0.9227500000000001E+02   0.9990713388270089E+00   0.8882480818853603E-05  -0.4644384281509151E-03   0.4443304050575847E-05   0.1130796039426505E-07   0.5395575533987279E-07   0.8899001457814156E-05
  0.9232500000000000E+02   0.9990724479044719E+00   0.8865098173330004E-05  -0.4638836319431627E-03   0.4434606227908242E-05   0.1129194024285921E-07   0.5382688894604444E-07   0.8881566763075697E-05
  0.9237499999999999E+02   0.9990735548133212E+00   0.8847769981981436E-05  -0.4633299208527397E-03   0.4425935659409491E-05   0.1127596553836531E-07   0.5369842832232598E-07   0.8864186739427109E-05
  0.9242500000000000E+02   0.9990746595603357E+00   0.8830495942838731E-05  -0.4627772914866934E-03   0.4417292193936580E-05   0.1126003600825801E-07   0.5357037177962097E-07   0.8846861083630012E-05
  0.9247500000000001E+02   0.9990757621522574E+00   0.8813275757207535E-05  -0.4622257404707231E-03   0.4408675681985369E-05   0.1124415138335818E-07   0.5344271763867355E-07   0.8829589495732598E-05
  0.9252499999999999E+02   0.9990768625957905E+00   0.8796109129602963E-05  -0.4616752644492905E-03   0.4400085975657893E-05   0.1122831139776071E-07   0.5331546423004995E-07   0.8812371679004106E-05
  0.9257499999999999E+02   0.9990779608976036E+00   0.8778995767686609E-05  -0.4611258600848434E-03   0.4391522928630852E-05   0.1121251578876514E-07   0.5318860989391500E-07   0.8795207339871619E-05
  0.9262499999999999E+02   0.9990790570643284E+00   0.8761935382205304E-05  -0.4605775240582588E-03   0.4382986396124960E-05   0.1119676429680825E-07   0.5306215298009149E-07   0.8778096187858674E-05
  0.9267500000000000E+02   0.9990801511025610E+00   0.8744927686931771E-05  -0.4600302530683997E-03   0.4374476234875257E-05   0.1118105666539878E-07   0.5293609184791476E-07   0.8761037935525723E-05
  0.9272500000000001E+02   0.9990812430188621E+00   0.8727972398607014E-05  -0.4594840438312264E-03   0.4365992303102272E-05   0.1116539264105415E-07   0.5281042486598602E-07   0.8744032298412344E-05
  0.9277499999999999E+02   0.9990823328197574E+00   0.8711069236884421E-05  -0.4589388930810179E-03   0.4357534460484068E-05   0.1114977197323915E-07   0.5268515041241183E-07   0.8727078994981200E-05
  0.9282499999999999E+02   0.9990834205117379E+00   0.8694217924275510E-05  -0.4583947975689284E-03   0.4349102568129079E-05   0.1113419441430650E-07   0.5256026687443037E-07   0.8710177746563602E-05
  0.9287500000000000E+02   0.9990845061012598E+00   0.8677418186097210E-05  -0.4578517540636540E-03   0.4340696488549745E-05   0.1111865971943911E-07   0.5243577264852388E-07   0.8693328277306646E-05
  0.9292500000000000E+02   0.9990855895947458E+00   0.8660669750420695E-05  -0.4573097593506548E-03   0.4332316085636901E-05   0.1110316764659417E-07   0.5231166614019957E-07   0.8676530314121871E-05
  0.9297499999999999E+02   0.9990866709985845E+00   0.8643972348021583E-05  -0.4567688102323775E-03   0.4323961224634859E-05   0.1108771795644876E-07   0.5218794576400077E-07   0.8659783586635348E-05
  0.9302500000000001E+02   0.9990877503191316E+00   0.8627325712331588E-05  -0.4562289035281442E-03   0.4315631772117218E-05   0.1107231041234709E-07   0.5206460994344138E-07   0.8643087827139130E-05
  0.9307499999999999E+02   0.9990888275627092E+00   0.8610729579391559E-05  -0.4556900360733751E-03   0.4307327595963364E-05   0.1105694478024934E-07   0.5194165711078927E-07   0.8626442770544198E-05
  0.9312500000000000E+02   0.9990899027356073E+00   0.8594183687805625E-05  -0.4551522047201439E-03   0.4299048565335524E-05   0.1104162082868179E-07   0.5181908570715433E-07   0.8609848154334431E-05
  0.9317500000000000E+02   0.9990909758440830E+00   0.8577687778696862E-05  -0.4546154063368446E-03   0.4290794550656586E-05   0.1102633832868858E-07   0.5169689418237364E-07   0.8593303718522157E-05
  0.9322499999999999E+02   0.9990920468943615E+00   0.8561241595663842E-05  -0.4540796378078582E-03   0.4282565423588352E-05   0.1101109705378455E-07   0.5157508099489755E-07   0.8576809205604560E-05
  0.9327500000000001E+02   0.9990931158926364E+00   0.8544844884738592E-05  -0.4535448960331090E-03   0.4274361057010506E-05   0.1099589677990966E-07   0.5145364461165131E-07   0.8560364360521503E-05
  0.9332499999999999E+02   0.9990941828450693E+00   0.8528497394345553E-05  -0.4530111779288415E-03   0.4266181325000073E-05   0.1098073728538449E-07   0.5133258350817418E-07   0.8543968930614376E-05
  0.9337500000000000E+02   0.9990952477577912E+00   0.8512198875261522E-05  -0.4524784804266213E-03   0.4258026102811378E-05   0.1096561835086695E-07   0.5121189616835541E-07   0.8527622665585894E-05
  0.9342500000000000E+02   0.9990963106369019E+00   0.8495949080576896E-05  -0.4519468004734462E-03   0.4249895266856651E-05   0.1095053975931034E-07   0.5109158108442324E-07   0.8511325317461231E-05
  0.9347499999999999E+02   0.9990973714884706E+00   0.8479747765657563E-05  -0.4514161350318568E-03   0.4241788694686959E-05   0.1093550129592225E-07   0.5097163675693349E-07   0.8495076640549788E-05
  0.9352500000000001E+02   0.9990984303185360E+00   0.8463594688108035E-05  -0.4508864810792712E-03   0.4233706264973755E-05   0.1092050274812476E-07   0.5085206169458327E-07   0.8478876391408210E-05
  0.9357499999999999E+02   0.9990994871331071E+00   0.8447489607735409E-05  -0.4503578356084281E-03   0.4225647857490848E-05   0.1090554390551568E-07   0.5073285441427562E-07   0.8462724328804236E-05
  0.9362500000000000E+02   0.9991005419381629E+00   0.8431432286514145E-05  -0.4498301956269435E-03   0.4217613353096775E-05   0.1089062455983061E-07   0.5061401344098412E-07   0.8446620213681355E-05
  0.9367500000000000E+02   0.9991015947396527E+00   0.8415422488551901E-05  -0.4493035581569771E-03   0.4209602633717707E-05   0.1087574450490624E-07   0.5049553730764307E-07   0.8430563809124549E-05
  0.9372499999999999E+02   0.9991026455434968E+00   0.8399459980055973E-05  -0.4487779202355657E-03   0.4201615582330654E-05   0.1086090353664434E-07   0.5037742455518798E-07   0.8414554880326604E-05
  0.9377500000000001E+02   0.9991036943555864E+00   0.8383544529300754E-05  -0.4482532789144011E-03   0.4193652082947184E-05   0.1084610145297686E-07   0.5025967373247129E-07   0.8398593194555483E-05
  0.9382500000000000E+02   0.9991047411817842E+00   0.8367675906595870E-05  -0.4477296312591639E-03   0.4185712020597474E-05   0.1083133805383180E-07   0.5014228339607897E-07   0.8382678521122349E-05
  0.9387499999999999E+02   0.9991057860279237E+00   0.8351853884255062E-05  -0.4472069743501894E-03   0.4177795281314742E-05   0.1081661314109995E-07   0.5002525211044648E-07   0.8366810631350353E-05
  0.9392500000000000E+02   0.9991068288998108E+00   0.8336078236565834E-05  -0.4466853052814690E-03   0.4169901752120057E-05   0.1080192651860241E-07   0.4990857844760171E-07   0.8350989298544172E-05
  0.9397500000000001E+02   0.9991078698032232E+00   0.8320348739759828E-05  -0.4461646211616488E-03   0.4162031321007515E-05   0.1078727799205905E-07   0.4979226098735564E-07   0.8335214297960310E-05
  0.9402500000000001E+02   0.9991089087439108E+00   0.8304665171983843E-05  -0.4456449191130307E-03   0.4154183876929736E-05   0.1077266736905753E-07   0.4967629831704609E-07   0.8319485406777987E-05
  0.9407499999999999E+02   0.9991099457275958E+00   0.8289027313271558E-05  -0.4451261962712394E-03   0.4146359309783717E-05   0.1075809445902327E-07   0.4956068903143141E-07   0.8303802404070810E-05
  0.9412499999999999E+02   0.9991109807599734E+00   0.8273434945515839E-05  -0.4446084497863323E-03   0.4138557510396969E-05   0.1074355907318992E-07   0.4944543173290605E-07   0.8288165070778956E-05
  0.9417500000000000E+02   0.9991120138467117E+00   0.8257887852441744E-05  -0.4440916768212455E-03   0.4130778370514011E-05   0.1072906102457074E-07   0.4933052503112238E-07   0.8272573189682102E-05
  0.9422500000000001E+02   0.9991130449934517E+00   0.8242385819580077E-05  -0.4435758745527929E-03   0.4123021782783137E-05   0.1071460012793052E-07   0.4921596754318187E-07   0.8257026545372890E-05
  0.9427499999999999E+02   0.9991140742058077E+00   0.8226928634241599E-05  -0.4430610401710000E-03   0.4115287640743510E-05   0.1070017619975823E-07   0.4910175789345559E-07   0.8241524924231059E-05
  0.9432499999999999E+02   0.9991151014893680E+00   0.8211516085491640E-05  -0.4425471708791040E-03   0.4107575838812458E-05   0.1068578905824015E-07   0.4898789471355351E-07   0.8226068114397957E-05
  0.9437500000000000E+02   0.9991161268496944E+00   0.8196147964125531E-05  -0.4420342638935537E-03   0.4099886272273177E-05   0.1067143852323390E-07   0.4887437664229377E-07   0.8210655905751901E-05
  0.9442500000000000E+02   0.9991171502923231E+00   0.8180824062644294E-05  -0.4415223164433435E-03   0.4092218837262568E-05   0.1065712441624272E-07   0.4876120232552514E-07   0.8195288089883784E-05
  0.9447500000000001E+02   0.9991181718227637E+00   0.8165544175231017E-05  -0.4410113257710124E-03   0.4084573430759417E-05   0.1064284656039060E-07   0.4864837041631789E-07   0.8179964460073372E-05
  0.9452499999999999E+02   0.9991191914465013E+00   0.8150308097727716E-05  -0.4405012891314231E-03   0.4076949950572809E-05   0.1062860478039782E-07   0.4853587957466401E-07   0.8164684811266079E-05
  0.9457499999999999E+02   0.9991202091689950E+00   0.8135115627612632E-05  -0.4399922037923165E-03   0.4069348295330777E-05   0.1061439890255714E-07   0.4842372846757044E-07   0.8149448940050201E-05
  0.9462500000000000E+02   0.9991212249956787E+00   0.8119966563978028E-05  -0.4394840670343125E-03   0.4061768364469182E-05   0.1060022875471035E-07   0.4831191576902953E-07   0.8134256644634628E-05
  0.9467500000000000E+02   0.9991222389319616E+00   0.8104860707508443E-05  -0.4389768761497992E-03   0.4054210058220835E-05   0.1058609416622550E-07   0.4820044015974577E-07   0.8119107724827022E-05
  0.9472499999999999E+02   0.9991232509832280E+00   0.8089797860459411E-05  -0.4384706284442652E-03   0.4046673277604845E-05   0.1057199496797453E-07   0.4808930032740021E-07   0.8104001982012472E-05
  0.9477499999999999E+02   0.9991242611548378E+00   0.8074777826636633E-05  -0.4379653212349677E-03   0.4039157924416202E-05   0.1055793099231148E-07   0.4797849496632908E-07   0.8088939219132585E-05
  0.9482499999999999E+02   0.9991252694521263E+00   0.8059800411375480E-05  -0.4374609518518202E-03   0.4031663901215512E-05   0.1054390207305096E-07   0.4786802277769048E-07   0.8073919240664924E-05
  0.9487500000000000E+02   0.9991262758804049E+00   0.8044865421521009E-05  -0.4369575176366158E-03   0.4024191111319002E-05   0.1052990804544733E-07   0.4775788246926599E-07   0.8058941852602957E-05
  0.9492500000000000E+02   0.9991272804449607E+00   0.8029972665408325E-05  -0.4364550159430269E-03   0.4016739458788687E-05   0.1051594874617414E-07   0.4764807275543299E-07   0.8044006862436346E-05
  0.9497499999999999E+02   0.9991282831510571E+00   0.8015121952843376E-05  -0.4359534441369384E-03   0.4009308848422767E-05   0.1050202401330408E-07   0.4753859235721006E-07   0.8029114079131674E-05
  0.9502499999999999E+02   0.9991292840039339E+00   0.8000313095084044E-05  -0.4354527995957813E-03   0.4001899185746155E-05   0.1048813368628932E-07   0.4742944000208400E-07   0.8014263313113473E-05
  0.9507500000000000E+02   0.9991302830088075E+00   0.7985545904821680E-05  -0.4349530797089773E-03   0.3994510377001246E-05   0.1047427760594222E-07   0.4732061442407978E-07   0.7999454376245700E-05
  0.9512500000000000E+02   0.9991312801708707E+00   0.7970820196162989E-05  -0.4344542818774944E-03   0.3987142329138844E-05   0.1046045561441654E-07   0.4721211436363685E-07   0.7984687081813550E-05
  0.9517500000000000E+02   0.9991322754952939E+00   0.7956135784612208E-05  -0.4339564035137355E-03   0.3979794949809246E-05   0.1044666755518889E-07   0.4710393856755850E-07   0.7969961244505566E-05
  0.9522499999999999E+02   0.9991332689872238E+00   0.7941492487053735E-05  -0.4334594420418725E-03   0.3972468147353548E-05   0.1043291327304074E-07   0.4699608578905773E-07   0.7955276680396229E-05
  0.9527499999999999E+02   0.9991342606517846E+00   0.7926890121734902E-05  -0.4329633948970679E-03   0.3965161830795028E-05   0.1041919261404052E-07   0.4688855478756254E-07   0.7940633206928650E-05
  0.9532500000000000E+02   0.9991352504940781E+00   0.7912328508249301E-05  -0.4324682595262530E-03   0.3957875909830796E-05   0.1040550542552637E-07   0.4678134432885841E-07   0.7926030642897836E-05
  0.9537499999999999E+02   0.9991362385191837E+00   0.7897807467520208E-05  -0.4319740333872391E-03   0.3950610294823500E-05   0.1039185155608899E-07   0.4667445318487006E-07   0.7911468808434069E-05
  0.9542500000000000E+02   0.9991372247321580E+00   0.7883326821784476E-05  -0.4314807139491617E-03   0.3943364896793268E-05   0.1037823085555501E-07   0.4656788013373223E-07   0.7896947524986734E-05
  0.9547500000000001E+02   0.9991382091380362E+00   0.7868886394576655E-05  -0.4309882986920366E-03   0.3936139627409759E-05   0.1036464317497060E-07   0.4646162395966826E-07   0.7882466615308378E-05
  0.9552499999999999E+02   0.9991391917418313E+00   0.7854486010713355E-05  -0.4304967851070929E-03   0.3928934398984337E-05   0.1035108836658529E-07   0.4635568345303706E-07   0.7868025903439024E-05
  0.9557500000000000E+02   0.9991401725485342E+00   0.7840125496278005E-05  -0.4300061706962177E-03   0.3921749124462444E-05   0.1033756628383636E-07   0.4625005741018833E-07   0.7853625214690875E-05
  0.9562500000000000E+02   0.9991411515631146E+00   0.7825804678605755E-05  -0.4295164529724005E-03   0.3914583717416046E-05   0.1032407678133323E-07   0.4614474463353359E-07   0.7839264375633155E-05
  0.9567500000000000E+02   0.9991421287905204E+00   0.7811523386268843E-05  -0.4290276294591777E-03   0.3907438092036306E-05   0.1031061971484249E-07   0.4603974393140223E-07   0.7824943214077426E-05
  0.9572500000000001E+02   0.9991431042356788E+00   0.7797281449061932E-05  -0.4285396976906330E-03   0.3900312163126251E-05   0.1029719494127275E-07   0.4593505411801732E-07   0.7810661559062875E-05
  0.9577499999999999E+02   0.9991440779034951E+00   0.7783078697988001E-05  -0.4280526552117303E-03   0.3893205846093707E-05   0.1028380231866027E-07   0.4583067401354309E-07   0.7796419240842145E-05
  0.9582499999999999E+02   0.9991450497988539E+00   0.7768914965244299E-05  -0.4275664995778694E-03   0.3886119056944270E-05   0.1027044170615451E-07   0.4572660244396554E-07   0.7782216090867260E-05
  0.9587500000000000E+02   0.9991460199266190E+00   0.7754790084208609E-05  -0.4270812283547754E-03   0.3879051712274434E-05   0.1025711296400408E-07   0.4562283824104506E-07   0.7768051941775804E-05
  0.9592500000000000E+02   0.9991469882916333E+00   0.7740703889425750E-05  -0.4265968391187203E-03   0.3872003729264836E-05   0.1024381595354295E-07   0.4551938024234055E-07   0.7753926627377404E-05
  0.9597499999999999E+02   0.9991479548987195E+00   0.7726656216594281E-05  -0.4261133294559682E-03   0.3864975025673594E-05   0.1023055053717685E-07   0.4541622729106735E-07   0.7739839982640364E-05
  0.9602499999999999E+02   0.9991489197526794E+00   0.7712646902553467E-05  -0.4256306969634416E-03   0.3857965519829799E-05   0.1021731657837002E-07   0.4531337823621636E-07   0.7725791843678605E-05
  0.9607499999999999E+02   0.9991498828582948E+00   0.7698675785270425E-05  -0.4251489392478325E-03   0.3850975130627068E-05   0.1020411394163204E-07   0.4521083193234162E-07   0.7711782047738738E-05
  0.9612500000000000E+02   0.9991508442203271E+00   0.7684742703827553E-05  -0.4246680539263803E-03   0.3844003777517261E-05   0.1019094249250509E-07   0.4510858723970298E-07   0.7697810433187469E-05
  0.9617500000000001E+02   0.9991518038435180E+00   0.7670847498410115E-05  -0.4241880386255392E-03   0.3837051380504259E-05   0.1017780209755127E-07   0.4500664302396034E-07   0.7683876839499120E-05
  0.9622499999999999E+02   0.9991527617325893E+00   0.7656990010293995E-05  -0.4237088909826436E-03   0.3830117860137849E-05   0.1016469262434022E-07   0.4490499815650500E-07   0.7669981107243349E-05
  0.9627499999999999E+02   0.9991537178922427E+00   0.7643170081833801E-05  -0.4232306086442428E-03   0.3823203137507758E-05   0.1015161394143700E-07   0.4480365151408381E-07   0.7656123078073203E-05
  0.9632499999999999E+02   0.9991546723271606E+00   0.7629387556450965E-05  -0.4227531892670999E-03   0.3816307134237705E-05   0.1013856591839002E-07   0.4470260197898904E-07   0.7642302594713186E-05
  0.9637500000000000E+02   0.9991556250420059E+00   0.7615642278622224E-05  -0.4222766305175263E-03   0.3809429772479628E-05   0.1012554842571940E-07   0.4460184843889542E-07   0.7628519500947672E-05
  0.9642500000000001E+02   0.9991565760414222E+00   0.7601934093868181E-05  -0.4218009300714920E-03   0.3802570974907970E-05   0.1011256133490539E-07   0.4450138978686184E-07   0.7614773641609449E-05
  0.9647499999999999E+02   0.9991575253300334E+00   0.7588262848742004E-05  -0.4213260856147372E-03   0.3795730664714014E-05   0.1009960451837691E-07   0.4440122492133335E-07   0.7601064862568366E-05
  0.9652499999999999E+02   0.9991584729124451E+00   0.7574628390818512E-05  -0.4208520948424388E-03   0.3788908765600426E-05   0.1008667784950060E-07   0.4430135274604934E-07   0.7587393010720365E-05
  0.9657500000000000E+02   0.9991594187932435E+00   0.7561030568683149E-05  -0.4203789554590998E-03   0.3782105201775733E-05   0.1007378120256960E-07   0.4420177216999912E-07   0.7573757933976429E-05
  0.9662500000000000E+02   0.9991603629769960E+00   0.7547469231921432E-05  -0.4199066651792149E-03   0.3775319897949048E-05   0.1006091445279303E-07   0.4410248210754092E-07   0.7560159481251991E-05
  0.9667500000000000E+02   0.9991613054682511E+00   0.7533944231108274E-05  -0.4194352217260500E-03   0.3768552779324719E-05   0.1004807747628513E-07   0.4400348147812400E-07   0.7546597502456205E-05
  0.9672499999999999E+02   0.9991622462715390E+00   0.7520455417797713E-05  -0.4189646228325294E-03   0.3761803771597193E-05   0.1003527015005500E-07   0.4390476920645482E-07   0.7533071848481643E-05
  0.9677499999999999E+02   0.9991631853913714E+00   0.7507002644512674E-05  -0.4184948662405708E-03   0.3755072800945893E-05   0.1002249235199630E-07   0.4380634422233644E-07   0.7519582371194015E-05
  0.9682500000000000E+02   0.9991641228322417E+00   0.7493585764734904E-05  -0.4180259497014172E-03   0.3748359794030174E-05   0.1000974396087711E-07   0.4370820546071807E-07   0.7506128923422066E-05
  0.9687500000000000E+02   0.9991650585986246E+00   0.7480204632895110E-05  -0.4175578709755268E-03   0.3741664677984399E-05   0.9997024856330109E-08   0.4361035186165138E-07   0.7492711358947682E-05
  0.9692500000000000E+02   0.9991659926949774E+00   0.7466859104363187E-05  -0.4170906278321285E-03   0.3734987380413035E-05   0.9984334918842722E-08   0.4351278237017763E-07   0.7479329532496064E-05
  0.9697499999999999E+02   0.9991669251257389E+00   0.7453549035438616E-05  -0.4166242180498880E-03   0.3728327829385860E-05   0.9971674029747543E-08   0.4341549593644670E-07   0.7465983299726111E-05
  0.9702499999999999E+02   0.9991678558953302E+00   0.7440274283341047E-05  -0.4161586394160199E-03   0.3721685953433238E-05   0.9959042071212914E-08   0.4331849151551200E-07   0.7452672517220952E-05
  0.9707500000000000E+02   0.9991687850081546E+00   0.7427034706200958E-05  -0.4156938897267315E-03   0.3715061681541454E-05   0.9946438926233588E-08   0.4322176806740348E-07   0.7439397042478567E-05
  0.9712500000000000E+02   0.9991697124685979E+00   0.7413830163050521E-05  -0.4152299667874448E-03   0.3708454943148137E-05   0.9933864478621631E-08   0.4312532455715408E-07   0.7426156733902629E-05
  0.9717500000000000E+02   0.9991706382810279E+00   0.7400660513814521E-05  -0.4147668684116868E-03   0.3701865668137714E-05   0.9921318612997349E-08   0.4302915995454959E-07   0.7412951450793380E-05
  0.9722499999999999E+02   0.9991715624497957E+00   0.7387525619301505E-05  -0.4143045924221989E-03   0.3695293786836988E-05   0.9908801214780497E-08   0.4293327323434018E-07   0.7399781053338743E-05
  0.9727499999999999E+02   0.9991724849792342E+00   0.7374425341194959E-05  -0.4138431366503825E-03   0.3688739230010712E-05   0.9896312170181471E-08   0.4283766337610584E-07   0.7386645402605476E-05
  0.9732500000000000E+02   0.9991734058736599E+00   0.7361359542044728E-05  -0.4133824989359658E-03   0.3682201928857302E-05   0.9883851366192809E-08   0.4274232936416848E-07   0.7373544360530539E-05
  0.9737500000000000E+02   0.9991743251373716E+00   0.7348328085258472E-05  -0.4129226771275585E-03   0.3675681815004557E-05   0.9871418690580696E-08   0.4264727018768813E-07   0.7360477789912540E-05
  0.9742500000000000E+02   0.9991752427746516E+00   0.7335330835093248E-05  -0.4124636690818750E-03   0.3669178820505447E-05   0.9859014031876601E-08   0.4255248484048351E-07   0.7347445554403262E-05
  0.9747499999999999E+02   0.9991761587897650E+00   0.7322367656647300E-05  -0.4120054726646227E-03   0.3662692877834007E-05   0.9846637279369167E-08   0.4245797232119693E-07   0.7334447518499435E-05
  0.9752500000000001E+02   0.9991770731869598E+00   0.7309438415851825E-05  -0.4115480857495024E-03   0.3656223919881211E-05   0.9834288323096027E-08   0.4236373163306958E-07   0.7321483547534471E-05
  0.9757499999999999E+02   0.9991779859704681E+00   0.7296542979463037E-05  -0.4110915062187637E-03   0.3649771879951002E-05   0.9821967053835983E-08   0.4226976178403785E-07   0.7308553507670474E-05
  0.9762500000000000E+02   0.9991788971445050E+00   0.7283681215054168E-05  -0.4106357319627607E-03   0.3643336691756290E-05   0.9809673363101094E-08   0.4217606178662369E-07   0.7295657265890238E-05
  0.9767500000000000E+02   0.9991798067132689E+00   0.7270852991007652E-05  -0.4101807608802854E-03   0.3636918289415038E-05   0.9797407143128933E-08   0.4208263065798511E-07   0.7282794689989389E-05
  0.9772499999999999E+02   0.9991807146809422E+00   0.7258058176507487E-05  -0.4097265908782344E-03   0.3630516607446439E-05   0.9785168286875086E-08   0.4198946741982991E-07   0.7269965648568706E-05
  0.9777499999999999E+02   0.9991816210516907E+00   0.7245296641531591E-05  -0.4092732198717197E-03   0.3624131580767095E-05   0.9772956688005617E-08   0.4189657109842063E-07   0.7257170011026462E-05
  0.9782499999999999E+02   0.9991825258296643E+00   0.7232568256844338E-05  -0.4088206457839583E-03   0.3617763144687273E-05   0.9760772240889701E-08   0.4180394072453416E-07   0.7244407647550923E-05
  0.9787500000000000E+02   0.9991834290189964E+00   0.7219872893989150E-05  -0.4083688665462715E-03   0.3611411234907206E-05   0.9748614840592356E-08   0.4171157533344421E-07   0.7231678429112910E-05
  0.9792500000000000E+02   0.9991843306238051E+00   0.7207210425281215E-05  -0.4079178800976413E-03   0.3605075787513441E-05   0.9736484382867271E-08   0.4161947396481324E-07   0.7218982227458484E-05
  0.9797499999999999E+02   0.9991852306481919E+00   0.7194580723800336E-05  -0.4074676843854874E-03   0.3598756738975265E-05   0.9724380764149803E-08   0.4152763566283402E-07   0.7206318915101780E-05
  0.9802499999999999E+02   0.9991861290962430E+00   0.7181983663383791E-05  -0.4070182773646680E-03   0.3592454026141127E-05   0.9712303881549954E-08   0.4143605947600837E-07   0.7193688365317821E-05
  0.9807500000000000E+02   0.9991870259720285E+00   0.7169419118619420E-05  -0.4065696569984789E-03   0.3586167586235185E-05   0.9700253632845642E-08   0.4134474445733407E-07   0.7181090452135591E-05
  0.9812500000000000E+02   0.9991879212796032E+00   0.7156886964838623E-05  -0.4061218212574325E-03   0.3579897356853792E-05   0.9688229916475774E-08   0.4125368966403902E-07   0.7168525050330991E-05
  0.9817500000000000E+02   0.9991888150230063E+00   0.7144387078109644E-05  -0.4056747681201456E-03   0.3573643275962142E-05   0.9676232631533743E-08   0.4116289415774548E-07   0.7155992035420111E-05
  0.9822499999999999E+02   0.9991897072062614E+00   0.7131919335230809E-05  -0.4052284955728958E-03   0.3567405281890884E-05   0.9664261677760785E-08   0.4107235700436294E-07   0.7143491283652429E-05
  0.9827499999999999E+02   0.9991905978333769E+00   0.7119483613723954E-05  -0.4047830016097320E-03   0.3561183313332830E-05   0.9652316955539594E-08   0.4098207727409421E-07   0.7131022672004222E-05
  0.9832500000000000E+02   0.9991914869083462E+00   0.7107079791827817E-05  -0.4043382842320309E-03   0.3554977309339651E-05   0.9640398365887836E-08   0.4089205404132889E-07   0.7118586078171911E-05
  0.9837500000000000E+02   0.9991923744351471E+00   0.7094707748491623E-05  -0.4038943414490515E-03   0.3548787209318662E-05   0.9628505810451924E-08   0.4080228638473974E-07   0.7106181380565650E-05
  0.9842500000000000E+02   0.9991932604177425E+00   0.7082367363368738E-05  -0.4034511712774913E-03   0.3542612953029652E-05   0.9616639191500842E-08   0.4071277338717642E-07   0.7093808458302929E-05
  0.9847499999999999E+02   0.9991941448600803E+00   0.7070058516810333E-05  -0.4030087717417086E-03   0.3536454480581706E-05   0.9604798411919973E-08   0.4062351413569421E-07   0.7081467191202223E-05
  0.9852499999999999E+02   0.9991950277660936E+00   0.7057781089859261E-05  -0.4025671408731668E-03   0.3530311732430146E-05   0.9592983375205160E-08   0.4053450772142624E-07   0.7069157459776843E-05
  0.9857500000000000E+02   0.9991959091397008E+00   0.7045534964243846E-05  -0.4021262767108791E-03   0.3524184649373417E-05   0.9581193985456660E-08   0.4044575323965717E-07   0.7056879145228693E-05
  0.9862500000000000E+02   0.9991967889848051E+00   0.7033320022371871E-05  -0.4016861773015190E-03   0.3518073172550084E-05   0.9569430147373313E-08   0.4035724978982973E-07   0.7044632129442247E-05
  0.9867499999999998E+02   0.9991976673052956E+00   0.7021136147324671E-05  -0.4012468406988656E-03   0.3511977243435870E-05   0.9557691766246853E-08   0.4026899647541721E-07   0.7032416294978602E-05
  0.9872499999999999E+02   0.9991985441050464E+00   0.7008983222851120E-05  -0.4008082649638034E-03   0.3505896803840649E-05   0.9545978747956029E-08   0.4018099240390824E-07   0.7020231525069450E-05
  0.9877500000000001E+02   0.9991994193879176E+00   0.6996861133361960E-05  -0.4003704481647663E-03   0.3499831795905608E-05   0.9534290998961175E-08   0.4009323668688046E-07   0.7008077703611377E-05
  0.9882500000000000E+02   0.9992002931577544E+00   0.6984769763923928E-05  -0.3999333883771827E-03   0.3493782162100304E-05   0.9522628426298481E-08   0.4000572843987383E-07   0.6995954715159974E-05
  0.9887500000000000E+02   0.9992011654183880E+00   0.6972709000254164E-05  -0.3994970836836975E-03   0.3487747845219871E-05   0.9510990937574645E-08   0.3991846678242001E-07   0.6983862444924215E-05
  0.9892499999999998E+02   0.9992020361736355E+00   0.6960678728714610E-05  -0.3990615321742830E-03   0.3481728788382212E-05   0.9499378440961439E-08   0.3983145083804928E-07   0.6971800778760833E-05
  0.9897499999999999E+02   0.9992029054272993E+00   0.6948678836306408E-05  -0.3986267319456838E-03   0.3475724935025195E-05   0.9487790845190303E-08   0.3974467973416469E-07   0.6959769603168698E-05
  0.9902500000000001E+02   0.9992037731831683E+00   0.6936709210664539E-05  -0.3981926811018610E-03   0.3469736228903973E-05   0.9476228059547215E-08   0.3965815260211596E-07   0.6947768805283429E-05
  0.9907499999999999E+02   0.9992046394450171E+00   0.6924769740052356E-05  -0.3977593777538813E-03   0.3463762614088245E-05   0.9464689993867395E-08   0.3957186857716222E-07   0.6935798272871912E-05
  0.9912499999999999E+02   0.9992055042166066E+00   0.6912860313356281E-05  -0.3973268200194724E-03   0.3457804034959601E-05   0.9453176558530230E-08   0.3948582679836913E-07   0.6923857894326962E-05
  0.9917500000000000E+02   0.9992063675016836E+00   0.6900980820080531E-05  -0.3968950060234677E-03   0.3451860436208887E-05   0.9441687664454197E-08   0.3940002640868266E-07   0.6911947558662043E-05
  0.9922499999999999E+02   0.9992072293039813E+00   0.6889131150341956E-05  -0.3964639338975839E-03   0.3445931762833614E-05   0.9430223223091922E-08   0.3931446655487035E-07   0.6900067155506066E-05
  0.9927500000000001E+02   0.9992080896272192E+00   0.6877311194864859E-05  -0.3960336017804211E-03   0.3440017960135371E-05   0.9418783146425208E-08   0.3922914638750690E-07   0.6888216575098206E-05
  0.9932500000000000E+02   0.9992089484751032E+00   0.6865520844975924E-05  -0.3956040078172407E-03   0.3434118973717286E-05   0.9407367346960153E-08   0.3914406506091591E-07   0.6876395708282791E-05
  0.9937499999999999E+02   0.9992098058513256E+00   0.6853759992599256E-05  -0.3951751501604095E-03   0.3428234749481539E-05   0.9395975737722454E-08   0.3905922173324354E-07   0.6864604446504338E-05
  0.9942500000000000E+02   0.9992106617595654E+00   0.6842028530251345E-05  -0.3947470269687336E-03   0.3422365233626848E-05   0.9384608232252546E-08   0.3897461556631258E-07   0.6852842681802476E-05
  0.9947499999999999E+02   0.9992115162034881E+00   0.6830326351036258E-05  -0.3943196364074586E-03   0.3416510372646053E-05   0.9373264744601023E-08   0.3889024572560863E-07   0.6841110306807138E-05
  0.9952499999999999E+02   0.9992123691867458E+00   0.6818653348640737E-05  -0.3938929766492683E-03   0.3410670113323674E-05   0.9361945189323966E-08   0.3880611138046339E-07   0.6829407214733627E-05
  0.9957500000000000E+02   0.9992132207129776E+00   0.6807009417329450E-05  -0.3934670458728418E-03   0.3404844402733525E-05   0.9350649481478405E-08   0.3872221170375592E-07   0.6817733299377842E-05
  0.9962499999999999E+02   0.9992140707858089E+00   0.6795394451940287E-05  -0.3930418422637416E-03   0.3399033188236363E-05   0.9339377536617846E-08   0.3863854587207412E-07   0.6806088455111573E-05
  0.9967500000000000E+02   0.9992149194088529E+00   0.6783808347879629E-05  -0.3926173640137476E-03   0.3393236417477520E-05   0.9328129270787747E-08   0.3855511306557000E-07   0.6794472576877724E-05
  0.9972499999999999E+02   0.9992157665857089E+00   0.6772251001117818E-05  -0.3921936093217449E-03   0.3387454038384635E-05   0.9316904600521236E-08   0.3847191246812065E-07   0.6782885560185783E-05
  0.9977499999999999E+02   0.9992166123199637E+00   0.6760722308184535E-05  -0.3917705763925028E-03   0.3381685999165339E-05   0.9305703442834695E-08   0.3838894326707488E-07   0.6771327301107176E-05
  0.9982500000000000E+02   0.9992174566151912E+00   0.6749222166164305E-05  -0.3913482634375631E-03   0.3375932248305010E-05   0.9294525715223502E-08   0.3830620465341424E-07   0.6759797696270745E-05
  0.9987500000000000E+02   0.9992182994749524E+00   0.6737750472692089E-05  -0.3909266686747959E-03   0.3370192734564560E-05   0.9283371335657852E-08   0.3822369582165262E-07   0.6748296642858331E-05
  0.9992500000000000E+02   0.9992191409027955E+00   0.6726307125948828E-05  -0.3905057903286213E-03   0.3364467406978211E-05   0.9272240222578532E-08   0.3814141596986643E-07   0.6736824038600295E-05
  0.9997499999999999E+02   0.9992199809022558E+00   0.6714892024657096E-05  -0.3900856266294550E-03   0.3358756214851314E-05   0.9261132294892780E-08   0.3805936429957305E-07   0.6725379781771150E-05
