#   omega (eV)      epsilon_1       epsilon_2       n               kappa           mu (cm^(-1))    R               epsinv
  0.2500000000000000E-01   0.1491677143502129E+01   0.4102272331021808E-04   0.2213423532262244E+00   0.1679411313373966E-04   0.1157953915114194E-10   0.9928829522021218E-02   0.1843634459822750E-04
  0.7500000000000000E-01   0.1491687367023006E+01   0.1230742352479764E-03   0.2213465395053194E+00   0.5038464975625388E-04   0.1042206313289018E-09   0.9929168124554081E-02   0.5531100114833375E-04
  0.1250000000000000E+00   0.1491707815566447E+01   0.2051439458905600E-03   0.2213549126357348E+00   0.8398211845230588E-04   0.2895283069936567E-09   0.9929845389531988E-02   0.9219156051481560E-04
  0.1750000000000000E+00   0.1491738492136500E+01   0.2872439968873057E-03   0.2213674737621669E+00   0.1175911439668975E-03   0.5675535654572160E-09   0.9930861436807633E-02   0.1290819604276077E-03
  0.2250000000000000E+00   0.1491779401240916E+01   0.3693865436676640E-03   0.2213842246022757E+00   0.1512163560930013E-03   0.9383729474459110E-09   0.9932216446231223E-02   0.1659861423982656E-03
  0.2750000000000000E+00   0.1491830548893164E+01   0.4515837609752943E-03   0.2214051674474233E+00   0.1848623916988353E-03   0.1402088585282209E-08   0.9933910657735783E-02   0.2029080532388827E-03
  0.3250000000000000E+00   0.1491891942615129E+01   0.5338478484242237E-03   0.2214303051636608E+00   0.2185338967632266E-03   0.1958828269912504E-08   0.9935944371451186E-02   0.2398516465872717E-03
  0.3749999999999999E+00   0.1491963591440480E+01   0.6161910360834594E-03   0.2214596411929630E+00   0.2522355284214074E-03   0.2608745534883396E-08   0.9938317947846899E-02   0.2768208844402278E-03
  0.4250000000000000E+00   0.1492045505918725E+01   0.6986255900966153E-03   0.2214931795547141E+00   0.2859719570236544E-03   0.3352019757395433E-08   0.9941031807903599E-02   0.3138197386967573E-03
  0.4749999999999999E+00   0.1492137698119954E+01   0.7811638183430744E-03   0.2215309248474444E+00   0.3197478682091626E-03   0.4188856276589602E-08   0.9944086433313877E-02   0.3508521927131237E-03
  0.5250000000000000E+00   0.1492240181640272E+01   0.8638180761474257E-03   0.2215728822508207E+00   0.3535679649976306E-03   0.5119486529249517E-08   0.9947482366712281E-02   0.3879222428716517E-03
  0.5750000000000001E+00   0.1492352971607932E+01   0.9466007720439025E-03   0.2216190575278929E+00   0.3874369699010238E-03   0.6144168203129352E-08   0.9951220211934841E-02   0.4250339001652012E-03
  0.6249999999999999E+00   0.1492476084690171E+01   0.1029524373602926E-02   0.2216694570275983E+00   0.4213596270581349E-03   0.7263185408147487E-08   0.9955300634308481E-02   0.4621911917993820E-03
  0.6749999999999999E+00   0.1492609539100765E+01   0.1112601413326811E-02   0.2217240876875275E+00   0.4553407043945317E-03   0.8476848865714126E-08   0.9959724360970548E-02   0.4993981628145311E-03
  0.7250000000000001E+00   0.1492753354608294E+01   0.1195844494621933E-02   0.2217829570369558E+00   0.4893849958105784E-03   0.9785496116491646E-08   0.9964492181219082E-02   0.5366588777295610E-03
  0.7749999999999999E+00   0.1492907552545151E+01   0.1279266297855030E-02   0.2218460732001388E+00   0.5234973234003617E-03   0.1118949174691921E-07   0.9969604946893539E-02   0.5739774222099340E-03
  0.8250000000000000E+00   0.1493072155817288E+01   0.1362879586501295E-02   0.2219134448998845E+00   0.5576825397043408E-03   0.1268922763486417E-07   0.9975063572787444E-02   0.6113579047619758E-03
  0.8749999999999999E+00   0.1493247188914705E+01   0.1446697213392417E-02   0.2219850814613962E+00   0.5919455299987309E-03   0.1428512321479821E-07   0.9980869037092343E-02   0.6488044584559334E-03
  0.9249999999999999E+00   0.1493432677922719E+01   0.1530732127072774E-02   0.2220609928163997E+00   0.6262912146246487E-03   0.1597762576293044E-07   0.9987022381874471E-02   0.6863212426801760E-03
  0.9750000000000001E+00   0.1493628650534002E+01   0.1614997378272597E-02   0.2221411895075522E+00   0.6607245513602818E-03   0.1776721070276860E-07   0.9993524713584001E-02   0.7239124449291678E-03
  0.1025000000000000E+01   0.1493835136061410E+01   0.1699506126506983E-02   0.2222256826931432E+00   0.6952505378393638E-03   0.1965438193161670E-07   0.1000037720359796E-01   0.7615822826278327E-03
  0.1075000000000000E+01   0.1494052165451625E+01   0.1784271646810194E-02   0.2223144841520914E+00   0.7298742140194500E-03   0.2163967216855966E-07   0.1000758108879723E-01   0.7993350049951331E-03
  0.1125000000000000E+01   0.1494279771299614E+01   0.1869307336615038E-02   0.2224076062892404E+00   0.7646006647036238E-03   0.2372364332452820E-07   0.1001513767217808E-01   0.8371748949497985E-03
  0.1175000000000000E+01   0.1494517987863937E+01   0.1954626722787563E-02   0.2225050621409679E+00   0.7994350221194312E-03   0.2590688689508297E-07   0.1002304832349969E-01   0.8751062710612886E-03
  0.1225000000000000E+01   0.1494766851082905E+01   0.2040243468827869E-02   0.2226068653811037E+00   0.8343824685590560E-03   0.2819002437660578E-07   0.1003131447996741E-01   0.9131334895492635E-03
  0.1275000000000000E+01   0.1495026398591625E+01   0.2126171382248224E-02   0.2227130303271758E+00   0.8694482390848895E-03   0.3057370770663520E-07   0.1003993764695361E-01   0.9512609463349598E-03
  0.1325000000000000E+01   0.1495296669739945E+01   0.2212424422140454E-02   0.2228235719469822E+00   0.9046376243049629E-03   0.3305861972914110E-07   0.1004891939875623E-01   0.9894930791481463E-03
  0.1375000000000000E+01   0.1495577705611319E+01   0.2299016706945050E-02   0.2229385058655036E+00   0.9399559732228645E-03   0.3564547468558774E-07   0.1005826137939636E-01   0.1027834369693476E-02
  0.1425000000000000E+01   0.1495869549042621E+01   0.2385962522435223E-02   0.2230578483721632E+00   0.9754086961670845E-03   0.3833501873269868E-07   0.1006796530345583E-01   0.1066289345880334E-02
  0.1475000000000000E+01   0.1496172244644935E+01   0.2473276329929808E-02   0.2231816164284430E+00   0.1011001267804983E-02   0.4112803048790165E-07   0.1007803295695573E-01   0.1104862584120499E-02
  0.1525000000000000E+01   0.1496485838825341E+01   0.2560972774749864E-02   0.2233098276758658E+00   0.1046739230246923E-02   0.4402532160350323E-07   0.1008846619827694E-01   0.1143558711698260E-02
  0.1575000000000000E+01   0.1496810379809729E+01   0.2649066694934620E-02   0.2234425004443572E+00   0.1082628196246441E-02   0.4702773737071879E-07   0.1009926695912431E-01   0.1182382409217915E-02
  0.1625000000000000E+01   0.1497145917666684E+01   0.2737573130233315E-02   0.2235796537609931E+00   0.1118673852502641E-02   0.5013615735476232E-07   0.1011043724553500E-01   0.1221338413133869E-02
  0.1675000000000000E+01   0.1497492504332443E+01   0.2826507331390823E-02   0.2237213073591517E+00   0.1154881963071542E-02   0.5335149606229314E-07   0.1012197913893319E-01   0.1260431518369025E-02
  0.1725000000000000E+01   0.1497850193636999E+01   0.2915884769745746E-02   0.2238674816880748E+00   0.1191258372893395E-02   0.5667470364260559E-07   0.1013389479723173E-01   0.1299666581027451E-02
  0.1775000000000000E+01   0.1498219041331357E+01   0.3005721147161301E-02   0.2240181979228599E+00   0.1227809011443606E-02   0.6010676662405484E-07   0.1014618645598300E-01   0.1339048521207824E-02
  0.1825000000000000E+01   0.1498599105115992E+01   0.3096032406310308E-02   0.2241734779748912E+00   0.1264539896515308E-02   0.6364870868731695E-07   0.1015885642958002E-01   0.1378582325924572E-02
  0.1875000000000000E+01   0.1498990444670557E+01   0.3186834741337567E-02   0.2243333445027293E+00   0.1301457138142358E-02   0.6730159147720701E-07   0.1017190711250996E-01   0.1418273052144253E-02
  0.1925000000000000E+01   0.1499393121684871E+01   0.3278144608924220E-02   0.2244978209234720E+00   0.1338566942672042E-02   0.7106651545490525E-07   0.1018534098066130E-01   0.1458125829945244E-02
  0.1975000000000000E+01   0.1499807199891249E+01   0.3369978739780568E-02   0.2246669314246066E+00   0.1375875616997515E-02   0.7494462079258081E-07   0.1019916059268721E-01   0.1498145865809386E-02
  0.2025000000000000E+01   0.1500232745098202E+01   0.3462354150596115E-02   0.2248407009763704E+00   0.1413389572960848E-02   0.7893708831256347E-07   0.1021336859142670E-01   0.1538338446055153E-02
  0.2075000000000000E+01   0.1500669825225590E+01   0.3555288156477414E-02   0.2250191553446406E+00   0.1451115331938294E-02   0.8304514047337428E-07   0.1022796770538588E-01   0.1578708940422462E-02
  0.2125000000000000E+01   0.1501118510341251E+01   0.3648798383907043E-02   0.2252023211043694E+00   0.1489059529620422E-02   0.8727004240511493E-07   0.1024296075028151E-01   0.1619262805820283E-02
  0.2175000000000000E+01   0.1501578872699193E+01   0.3742902784259522E-02   0.2253902256535956E+00   0.1527228921000713E-02   0.9161310299691351E-07   0.1025835063064949E-01   0.1660005590249065E-02
  0.2225000000000000E+01   0.1502050986779387E+01   0.3837619647913130E-02   0.2255828972280460E+00   0.1565630385587479E-02   0.9607567603934984E-07   0.1027414034152067E-01   0.1700942936911169E-02
  0.2275000000000000E+01   0.1502534929329257E+01   0.3932967618999747E-02   0.2257803649163594E+00   0.1604270932855133E-02   0.1006591614250223E-06   0.1029033297016677E-01   0.1742080588523583E-02
  0.2325000000000000E+01   0.1503030779406911E+01   0.4028965710838502E-02   0.2259826586759555E+00   0.1643157707952301E-02   0.1053650064106876E-06   0.1030693169791941E-01   0.1783424391848587E-02
  0.2375000000000000E+01   0.1503538618426204E+01   0.4125633322103184E-02   0.2261898093495791E+00   0.1682297997685851E-02   0.1101947069447039E-06   0.1032393980206526E-01   0.1824980302459507E-02
  0.2425000000000000E+01   0.1504058530203718E+01   0.4222990253777685E-02   0.2264018486825516E+00   0.1721699236801618E-02   0.1151498090638279E-06   0.1034136065782082E-01   0.1866754389760313E-02
  0.2475000000000000E+01   0.1504590601007732E+01   0.4321056726959010E-02   0.2266188093407575E+00   0.1761369014584632E-02   0.1202319103637887E-06   0.1035919774039007E-01   0.1908752842279704E-02
  0.2525000000000000E+01   0.1505134919609287E+01   0.4419853401572755E-02   0.2268407249294062E+00   0.1801315081803744E-02   0.1254426615484557E-06   0.1037745462710903E-01   0.1950981973262363E-02
  0.2575000000000000E+01   0.1505691577335441E+01   0.4519401396072465E-02   0.2270676300126029E+00   0.1841545358028085E-02   0.1307837680628732E-06   0.1039613499968120E-01   0.1993448226582398E-02
  0.2625000000000000E+01   0.1506260668124820E+01   0.4619722308201231E-02   0.2272995601337711E+00   0.1882067939345508E-02   0.1362569918159341E-06   0.1041524264650812E-01   0.2036158183006634E-02
  0.2675000000000000E+01   0.1506842288585578E+01   0.4720838236901711E-02   0.2275365518369650E+00   0.1922891106516194E-02   0.1418641529990204E-06   0.1043478146511964E-01   0.2079118566838279E-02
  0.2725000000000000E+01   0.1507436538055893E+01   0.4822771805470012E-02   0.2277786426891242E+00   0.1964023333598232E-02   0.1476071320075784E-06   0.1045475546470904E-01   0.2122336252974995E-02
  0.2775000000000000E+01   0.1508043518667119E+01   0.4925546186058460E-02   0.2280258713033143E+00   0.2005473297085726E-02   0.1534878714732886E-06   0.1047516876877798E-01   0.2165818274418934E-02
  0.2825000000000000E+01   0.1508663335409749E+01   0.5029185125644233E-02   0.2282782773630099E+00   0.2047249885604665E-02   0.1595083784152996E-06   0.1049602561789735E-01   0.2209571830280887E-02
  0.2875000000000000E+01   0.1509296096202324E+01   0.5133712973593248E-02   0.2285359016474731E+00   0.2089362210216613E-02   0.1656707265198836E-06   0.1051733037258955E-01   0.2253604294325268E-02
  0.2925000000000000E+01   0.1509941911963465E+01   0.5239154710963810E-02   0.2287987860582943E+00   0.2131819615386267E-02   0.1719770585588980E-06   0.1053908751633933E-01   0.2297923224108484E-02
  0.2975000000000000E+01   0.1510600896687190E+01   0.5345535981711127E-02   0.2290669736471564E+00   0.2174631690675360E-02   0.1784295889585902E-06   0.1056130165873988E-01   0.2342536370769467E-02
  0.3024999999999999E+01   0.1511273167521707E+01   0.5452883125972740E-02   0.2293405086448947E+00   0.2217808283232880E-02   0.1850306065315944E-06   0.1058397753878166E-01   0.2387451689538399E-02
  0.3075000000000000E+01   0.1511958844851896E+01   0.5561223215637408E-02   0.2296194364919313E+00   0.2261359511160387E-02   0.1917824773864872E-06   0.1060712002829253E-01   0.2432677351038230E-02
  0.3125000000000000E+01   0.1512658052385673E+01   0.5670584092424579E-02   0.2299038038701628E+00   0.2305295777840852E-02   0.1986876480309723E-06   0.1063073413553732E-01   0.2478221753463041E-02
  0.3175000000000000E+01   0.1513370917244498E+01   0.5780994408731193E-02   0.2301936587363949E+00   0.2349627787331141E-02   0.2057486486867609E-06   0.1065482500898698E-01   0.2524093535728631E-02
  0.3225000000000000E+01   0.1514097570058268E+01   0.5892483671535690E-02   0.2304890503574162E+00   0.2394366560931249E-02   0.2129680968364768E-06   0.1067939794126708E-01   0.2570301591703507E-02
  0.3275000000000000E+01   0.1514838145064853E+01   0.6005082289688442E-02   0.2307900293468177E+00   0.2439523455058922E-02   0.2203487010255632E-06   0.1070445837329665E-01   0.2616855085643633E-02
  0.3325000000000000E+01   0.1515592780214608E+01   0.6118821624962839E-02   0.2310966477036711E+00   0.2485110180576034E-02   0.2278932649452153E-06   0.1073001189862977E-01   0.2663763468971709E-02
  0.3375000000000000E+01   0.1516361617280135E+01   0.6233734047293975E-02   0.2314089588531829E+00   0.2531138823733864E-02   0.2356046918259113E-06   0.1075606426801205E-01   0.2711036498562207E-02
  0.3425000000000000E+01   0.1517144801971668E+01   0.6349852994694011E-02   0.2317270176894584E+00   0.2577621868928968E-02   0.2434859891752740E-06   0.1078262139416629E-01   0.2758684256717583E-02
  0.3475000000000000E+01   0.1517942484058437E+01   0.6467213038405317E-02   0.2320508806205179E+00   0.2624572223489718E-02   0.2515402738988376E-06   0.1080968935682243E-01   0.2806717173049113E-02
  0.3525000000000000E+01   0.1518754817496404E+01   0.6585849953938203E-02   0.2323806056157101E+00   0.2672003244747529E-02   0.2597707778480114E-06   0.1083727440800733E-01   0.2855146048509300E-02
  0.3574999999999999E+01   0.1519581960562802E+01   0.6705800798740613E-02   0.2327162522556903E+00   0.2719928769686446E-02   0.2681808538462557E-06   0.1086538297761224E-01   0.2903982081862173E-02
  0.3625000000000000E+01   0.1520424075997927E+01   0.6827103997367045E-02   0.2330578817851348E+00   0.2768363147512282E-02   0.2767739822524659E-06   0.1089402167925639E-01   0.2953236898924790E-02
  0.3675000000000000E+01   0.1521281331154649E+01   0.6949799435155715E-02   0.2334055571683704E+00   0.2817321275538492E-02   0.2855537781300074E-06   0.1092319731646624E-01   0.3002922584968985E-02
  0.3725000000000000E+01   0.1522153898156173E+01   0.7073928561593270E-02   0.2337593431481202E+00   0.2866818638853462E-02   0.2945239991011552E-06   0.1095291688919206E-01   0.3053051720739381E-02
  0.3775000000000000E+01   0.1523041954062549E+01   0.7199534504749226E-02   0.2341193063075575E+00   0.2916871354314189E-02   0.3036885539801808E-06   0.1098318760068358E-01   0.3103637422623730E-02
  0.3825000000000000E+01   0.1523945681046480E+01   0.7326662198407004E-02   0.2344855151358776E+00   0.2967496219508323E-02   0.3130515122945721E-06   0.1101401686474793E-01   0.3154693387608236E-02
  0.3874999999999999E+01   0.1524865266578980E+01   0.7455358523812978E-02   0.2348580400975968E+00   0.3018710767443254E-02   0.3226171148234291E-06   0.1104541231341427E-01   0.3206233943766999E-02
  0.3925000000000000E+01   0.1525800903625391E+01   0.7585672468321548E-02   0.2352369537057690E+00   0.3070533327862389E-02   0.3323897853057608E-06   0.1107738180502818E-01   0.3258274107176024E-02
  0.3975000000000000E+01   0.1526752790852246E+01   0.7717655303646956E-02   0.2356223305993081E+00   0.3122983096260367E-02   0.3423741435001492E-06   0.1110993343279964E-01   0.3310829646313741E-02
  0.4025000000000000E+01   0.1527721132845393E+01   0.7851360786959253E-02   0.2360142476245595E+00   0.3176080211877991E-02   0.3525750198122811E-06   0.1114307553382551E-01   0.3363917155219223E-02
  0.4074999999999999E+01   0.1528706140339608E+01   0.7986845388704214E-02   0.2364127839212107E+00   0.3229845846212622E-02   0.3629974717496253E-06   0.1117681669860383E-01   0.3417554136934581E-02
  0.4125000000000000E+01   0.1529708030459755E+01   0.8124168551812935E-02   0.2368180210125408E+00   0.3284302303891867E-02   0.3736468025149860E-06   0.1121116578105066E-01   0.3471759099070858E-02
  0.4175000000000000E+01   0.1530727026973158E+01   0.8263392987928893E-02   0.2372300428998637E+00   0.3339473138140446E-02   0.3845285821150380E-06   0.1124613190901927E-01   0.3526551663719868E-02
  0.4225000000000000E+01   0.1531763360552350E+01   0.8404585017458773E-02   0.2376489361608130E+00   0.3395383283538301E-02   0.3956486714391051E-06   0.1128172449530503E-01   0.3581952694404336E-02
  0.4275000000000000E+01   0.1532817269046551E+01   0.8547814961696779E-02   0.2380747900508016E+00   0.3452059209341480E-02   0.4070132498608218E-06   0.1131795324909423E-01   0.3637984443334446E-02
  0.4325000000000000E+01   0.1533888997759126E+01   0.8693157597034484E-02   0.2385076966065294E+00   0.3509529097337647E-02   0.4186288470349479E-06   0.1135482818777709E-01   0.3694670722942399E-02
  0.4375000000000000E+01   0.1534978799726531E+01   0.8840692683410088E-02   0.2389477507497404E+00   0.3567823049059254E-02   0.4305023797081276E-06   0.1139235964898981E-01   0.3752037106521753E-02
  0.4425000000000000E+01   0.1536086935991889E+01   0.8990505581730392E-02   0.2393950503884594E+00   0.3626973328202549E-02   0.4426411945407019E-06   0.1143055830266895E-01   0.3810111163828422E-02
  0.4475000000000000E+01   0.1537213675862731E+01   0.9142687978060490E-02   0.2398496965115271E+00   0.3687014645317328E-02   0.4550531181513721E-06   0.1146943516278157E-01   0.3868922738722586E-02
  0.4525000000000000E+01   0.1538359297137398E+01   0.9297338735921439E-02   0.2403117932702081E+00   0.3747984493241034E-02   0.4677465158502529E-06   0.1150900159822033E-01   0.3928504277345158E-02
  0.4575000000000000E+01   0.1539524086277165E+01   0.9454564901974735E-02   0.2407814480377157E+00   0.3809923543314997E-02   0.4807303608167056E-06   0.1154926934210051E-01   0.3988891216891004E-02
  0.4625000000000000E+01   0.1540708338490616E+01   0.9614482894423704E-02   0.2412587714332619E+00   0.3872876114028186E-02   0.4940143157941347E-06   0.1159025049832934E-01   0.4050122446648522E-02
  0.4675000000000000E+01   0.1541912357681575E+01   0.9777219906986051E-02   0.2417438772911895E+00   0.3936890725128693E-02   0.5076088296822514E-06   0.1163195754379030E-01   0.4112240854359617E-02
  0.4725000000000000E+01   0.1543136456190405E+01   0.9942915562988838E-02   0.2422368825471637E+00   0.4002020750905911E-02   0.5215252516375298E-06   0.1167440332373298E-01   0.4175293971585057E-02
  0.4774999999999999E+01   0.1544380954228258E+01   0.1011172385153803E-01   0.2427379070013400E+00   0.4068325185290708E-02   0.5357759653047326E-06   0.1171760103689414E-01   0.4239334730631727E-02
  0.4825000000000000E+01   0.1545646178862440E+01   0.1028381536636113E-01   0.2432470729019165E+00   0.4135869526866140E-02   0.5503745453357876E-06   0.1176156420540679E-01   0.4304422340895726E-02
  0.4875000000000000E+01   0.1546932462356122E+01   0.1045937984011986E-01   0.2437645042705725E+00   0.4204726780755791E-02   0.5653359369457275E-06   0.1180630662258745E-01   0.4370623281069808E-02
  0.4925000000000000E+01   0.1548240139597250E+01   0.1063862891018865E-01   0.2442903258640514E+00   0.4274978551649931E-02   0.5806766561376372E-06   0.1185184226921258E-01   0.4438012380456093E-02
  0.4975000000000000E+01   0.1549569544275665E+01   0.1082179894718338E-01   0.2448246616359449E+00   0.4346716160395395E-02   0.5964150022044885E-06   0.1189818518608753E-01   0.4506673919942882E-02
  0.5025000000000000E+01   0.1550921003403709E+01   0.1100915360008305E-01   0.2453676325374201E+00   0.4420041645715508E-02   0.6125712635498691E-06   0.1194534928822181E-01   0.4576702611005071E-02
  0.5074999999999999E+01   0.1552294829768121E+01   0.1120098543774403E-01   0.2459193534928616E+00   0.4495068403240840E-02   0.6291678810318915E-06   0.1199334810526883E-01   0.4648204199788011E-02
  0.5124999999999999E+01   0.1553691312028841E+01   0.1139761569417887E-01   0.2464799294377225E+00   0.4571921065476061E-02   0.6462295093026742E-06   0.1204219443681805E-01   0.4721295292486337E-02
  0.5175000000000000E+01   0.1555110702548357E+01   0.1159939071600356E-01   0.2470494504532232E+00   0.4650734063427845E-02   0.6637828889927930E-06   0.1209189992339994E-01   0.4796101833519262E-02
  0.5225000000000000E+01   0.1556553203708715E+01   0.1180667343276187E-01   0.2476279863017696E+00   0.4731648200582340E-02   0.6818564205633317E-06   0.1214247455718180E-01   0.4872755558507863E-02
  0.5274999999999999E+01   0.1558018954339114E+01   0.1201982824839599E-01   0.2482155810125399E+00   0.4814804602361087E-02   0.7004793279838821E-06   0.1219392618667666E-01   0.4951387781598243E-02
  0.5325000000000000E+01   0.1559508018592207E+01   0.1223919817531414E-01   0.2488122484508850E+00   0.4900335575062029E-02   0.7196803184645846E-06   0.1224626009546524E-01   0.5032120056542511E-02
  0.5375000000000000E+01   0.1561020380117400E+01   0.1246507320388786E-01   0.2494179700055765E+00   0.4988351977934264E-02   0.7394856496533733E-06   0.1229947875349831E-01   0.5115051325568656E-02
  0.5424999999999999E+01   0.1562555946070271E+01   0.1269764842017448E-01   0.2500326961983252E+00   0.5078926518798803E-02   0.7599164824247190E-06   0.1235358189917803E-01   0.5200240968435158E-02
  0.5475000000000001E+01   0.1564114570424702E+01   0.1293697201883207E-01   0.2506563559843833E+00   0.5172073030664551E-02   0.7809854885847281E-06   0.1240856728641681E-01   0.5287687806336288E-02
  0.5525000000000000E+01   0.1565696110530020E+01   0.1318289347228372E-01   0.2512888793021861E+00   0.5267725818691646E-02   0.8026932978304805E-06   0.1246443260130519E-01   0.5377309201993789E-02
  0.5574999999999999E+01   0.1567300520942956E+01   0.1343503889342925E-01   0.2519302344779157E+00   0.5365729863945645E-02   0.8250264431497810E-06   0.1252117872645127E-01   0.5468931214131343E-02
  0.5625000000000000E+01   0.1568927958548098E+01   0.1369284026373387E-01   0.2525804701064043E+00   0.5465852530245300E-02   0.8479585611024316E-06   0.1257881347740139E-01   0.5562300639683227E-02
  0.5675000000000000E+01   0.1570578856392633E+01   0.1395560636330662E-01   0.2532397443913748E+00   0.5567811915382574E-02   0.8714542940824166E-06   0.1263735430587551E-01   0.5657113989396149E-02
  0.5725000000000000E+01   0.1572253967225461E+01   0.1422258567980828E-01   0.2539083423007393E+00   0.5671301960441502E-02   0.8954729152765241E-06   0.1269682995047438E-01   0.5753043044436409E-02
  0.5775000000000000E+01   0.1573954443690694E+01   0.1449301825868827E-01   0.2545867072533716E+00   0.5776012998901204E-02   0.9199714350514557E-06   0.1275728339321651E-01   0.5849755331797276E-02
  0.5825000000000000E+01   0.1575681981412571E+01   0.1476628415310759E-01   0.2552754979273266E+00   0.5881690584054750E-02   0.9449140269086159E-06   0.1281877717846150E-01   0.5946972701345401E-02
  0.5875000000000000E+01   0.1577438881375913E+01   0.1504225263292656E-01   0.2559756131403954E+00   0.5988274165338078E-02   0.9702948782933374E-06   0.1288139614459301E-01   0.6044610286971408E-02
  0.5925000000000000E+01   0.1579227803610716E+01   0.1532172165065170E-01   0.2566880940399863E+00   0.6096071779193679E-02   0.9961680740000687E-06   0.1294523934636488E-01   0.6142952076883022E-02
  0.5975000000000000E+01   0.1581051183035764E+01   0.1560662735875761E-01   0.2574138918939322E+00   0.6205843381947498E-02   0.1022663870043630E-05   0.1301039968528892E-01   0.6242734820397900E-02
  0.6024999999999999E+01   0.1582910594484343E+01   0.1589979989702087E-01   0.2581536156214059E+00   0.6318703733632680E-02   0.1049975671902446E-05   0.1307694107878765E-01   0.6345050323812399E-02
  0.6075000000000000E+01   0.1584806416727570E+01   0.1620437825612730E-01   0.2589073982638666E+00   0.6435889676426727E-02   0.1078323488747186E-05   0.1314488569861915E-01   0.6451111206911271E-02
  0.6125000000000000E+01   0.1586737897500866E+01   0.1652319831861056E-01   0.2596749230034034E+00   0.6558516811311453E-02   0.1107913671200073E-05   0.1321421533914855E-01   0.6562006184870899E-02
  0.6175000000000000E+01   0.1588703475063472E+01   0.1685836547005293E-01   0.2604555511847921E+00   0.6687409744122490E-02   0.1138909165180436E-05   0.1328488212271429E-01   0.6678529890259606E-02
  0.6225000000000001E+01   0.1590701170123188E+01   0.1721103928103726E-01   0.2612484781685016E+00   0.6823016867393943E-02   0.1171412874774229E-05   0.1335682201241116E-01   0.6801098360457924E-02
  0.6274999999999999E+01   0.1592729027267002E+01   0.1758134978999389E-01   0.2620529084591923E+00   0.6965377470370281E-02   0.1205459376155298E-05   0.1342997033477709E-01   0.6929717165856869E-02
  0.6324999999999999E+01   0.1594785585428071E+01   0.1796846922499649E-01   0.2628682419651018E+00   0.7114150402989165E-02   0.1241017097063339E-05   0.1350427864568909E-01   0.7064010704200365E-02
  0.6375000000000000E+01   0.1596870371028216E+01   0.1837094587990444E-01   0.2636942690776944E+00   0.7268746218700687E-02   0.1278008927352412E-05   0.1357973289168610E-01   0.7203353315948790E-02
  0.6425000000000000E+01   0.1598984188203711E+01   0.1878737786752349E-01   0.2645312855780317E+00   0.7428593535720852E-02   0.1316357706593034E-05   0.1365636491085611E-01   0.7347132646173742E-02
  0.6475000000000000E+01   0.1601128900001406E+01   0.1921726921186187E-01   0.2653800065205387E+00   0.7593477497998521E-02   0.1356046791147741E-05   0.1373424602474107E-01   0.7495084319291008E-02
  0.6525000000000000E+01   0.1603306586936962E+01   0.1966161246293110E-01   0.2662412341524867E+00   0.7763770414604645E-02   0.1397164018158153E-05   0.1381345785183471E-01   0.7647520883254096E-02
  0.6574999999999999E+01   0.1605518418041018E+01   0.2012272972252265E-01   0.2671154120728121E+00   0.7940369729070243E-02   0.1439894505502425E-05   0.1389405152821645E-01   0.7805272912656728E-02
  0.6624999999999999E+01   0.1607763876571093E+01   0.2060331579297619E-01   0.2680023190685252E+00   0.8124321021790951E-02   0.1484455388549666E-05   0.1397601825390166E-01   0.7969320099319065E-02
  0.6675000000000000E+01   0.1610040830276011E+01   0.2110513308424911E-01   0.2689010959010274E+00   0.8316303434690739E-02   0.1531002110060229E-05   0.1405928954377082E-01   0.8140286616357736E-02
  0.6725000000000001E+01   0.1612346489193653E+01   0.2162800141340423E-01   0.2698106218589333E+00   0.8516231098201880E-02   0.1579551968074514E-05   0.1414376992444649E-01   0.8318049469520850E-02
  0.6774999999999999E+01   0.1614678907348490E+01   0.2216959397390644E-01   0.2707301055197606E+00   0.8723171772513614E-02   0.1629963638913215E-05   0.1422939074008875E-01   0.8501656079182150E-02
  0.6824999999999999E+01   0.1617038451886319E+01   0.2272629335326879E-01   0.2716596629222667E+00   0.8935682248913951E-02   0.1681994475213789E-05   0.1431616486092418E-01   0.8689647099905235E-02
  0.6875000000000000E+01   0.1619428524852130E+01   0.2329500452150915E-01   0.2726006024953482E+00   0.9152519838444088E-02   0.1735431889921322E-05   0.1440421632314274E-01   0.8880744484528117E-02
  0.6924999999999999E+01   0.1621854909512519E+01   0.2387530722766875E-01   0.2735551702939918E+00   0.9373487613480181E-02   0.1790256172803721E-05   0.1449376092317239E-01   0.9074670493580605E-02
  0.6975000000000001E+01   0.1624323656508415E+01   0.2447089188836257E-01   0.2745257221780659E+00   0.9599999224238372E-02   0.1846756354991036E-05   0.1458503246693531E-01   0.9272697712113510E-02
  0.7024999999999999E+01   0.1626838268300204E+01   0.2508934599112145E-01   0.2755136202612070E+00   0.9834997287596001E-02   0.1905525501785340E-05   0.1467818011763499E-01   0.9477576519383859E-02
  0.7075000000000000E+01   0.1629397435181930E+01   0.2574015044377641E-01   0.2765183450847561E+00   0.1008217020260189E-01   0.1967318433293946E-05   0.1477318188327742E-01   0.9692786725893214E-02
  0.7125000000000000E+01   0.1631994290327215E+01   0.2643160873614349E-01   0.2775372026685958E+00   0.1034475108863036E-01   0.2032820848973749E-05   0.1486981081482692E-01   0.9921387753492482E-02
  0.7174999999999999E+01   0.1634617442630071E+01   0.2716772609679804E-01   0.2785657270292914E+00   0.1062429780591782E-01   0.2102404771050958E-05   0.1496766553120961E-01   0.1016485253986218E-01
  0.7225000000000000E+01   0.1637253562918489E+01   0.2794585463595030E-01   0.2795986887937396E+00   0.1091977308225225E-01   0.2175933694625392E-05   0.1506625888914617E-01   0.1042219027167801E-01
  0.7274999999999999E+01   0.1639891151389622E+01   0.2875575534815852E-01   0.2806315632924044E+00   0.1122717734452433E-01   0.2252671023917067E-05   0.1516515305858681E-01   0.1068959417818232E-01
  0.7325000000000000E+01   0.1642524855010218E+01   0.2958078628872965E-01   0.2816622124460622E+00   0.1154000874859004E-01   0.2331352584032847E-05   0.1526412002129324E-01   0.1096086879099988E-01
  0.7374999999999999E+01   0.1645159028053283E+01   0.3040173926457639E-01   0.2826922734646626E+00   0.1185075325294455E-01   0.2410472452472334E-05   0.1536328128304083E-01   0.1122882664160413E-01
  0.7424999999999999E+01   0.1647808618916828E+01   0.3120279622110007E-01   0.2837275097172511E+00   0.1215320073181756E-01   0.2488750277066052E-05   0.1546315542714414E-01   0.1148746702344997E-01
  0.7475000000000001E+01   0.1650496030225775E+01   0.3197740537934660E-01   0.2847765959980564E+00   0.1244473376887190E-01   0.2565612125250725E-05   0.1556455821741023E-01   0.1173413997589276E-01
  0.7525000000000000E+01   0.1653244737498059E+01   0.3273110382372342E-01   0.2858486400190685E+00   0.1272743260950139E-01   0.2641444577007547E-05   0.1566837605152477E-01   0.1197060661523856E-01
  0.7575000000000000E+01   0.1656072661217925E+01   0.3347977062797938E-01   0.2869506026862274E+00   0.1300740314278485E-01   0.2717486718254968E-05   0.1577531836503014E-01   0.1220242755103141E-01
  0.7625000000000001E+01   0.1658988404139314E+01   0.3424458891202228E-01   0.2880858291400641E+00   0.1329282107500718E-01   0.2795446592304392E-05   0.1588576644283138E-01   0.1243713214823409E-01
  0.7675000000000000E+01   0.1661991351809866E+01   0.3504666616506184E-01   0.2892540827469003E+00   0.1359183834826064E-01   0.2877072309335540E-05   0.1599976312331901E-01   0.1268224441073135E-01
  0.7725000000000000E+01   0.1665074324798321E+01   0.3590366387963102E-01   0.2904525749452285E+00   0.1391126825453268E-01   0.2963871738911792E-05   0.1611710148936937E-01   0.1294403388385957E-01
  0.7775000000000000E+01   0.1668226640422463E+01   0.3682900395760709E-01   0.2916771584794124E+00   0.1425627282941308E-01   0.3057036246425818E-05   0.1623743526953829E-01   0.1322721013291132E-01
  0.7824999999999999E+01   0.1671436023197369E+01   0.3783278945582468E-01   0.2929230762684134E+00   0.1463071939477493E-01   0.3157506254400084E-05   0.1636035113943547E-01   0.1353525364538214E-01
  0.7874999999999999E+01   0.1674688879847491E+01   0.3892307713952282E-01   0.2941850762583864E+00   0.1503767809317241E-01   0.3266070376159615E-05   0.1648538133153732E-01   0.1387089090157249E-01
  0.7925000000000000E+01   0.1677969353957598E+01   0.4010636229151202E-01   0.2954570516043260E+00   0.1547961865730836E-01   0.3383402927472234E-05   0.1661196865994659E-01   0.1423630175640092E-01
  0.7974999999999999E+01   0.1681258062210849E+01   0.4138670820556997E-01   0.2967315538424484E+00   0.1595808634521683E-01   0.3509988508516109E-05   0.1673941559848280E-01   0.1463285382851026E-01
  0.8024999999999999E+01   0.1684531491774050E+01   0.4276357979713636E-01   0.2979995560567197E+00   0.1647287920769816E-01   0.3645933534669856E-05   0.1686685373215241E-01   0.1506038219559731E-01
  0.8074999999999999E+01   0.1687762822227087E+01   0.4422894115271560E-01   0.2992507589612123E+00   0.1702094104916202E-01   0.3790707642529996E-05   0.1699326349825591E-01   0.1551620706491553E-01
  0.8125000000000000E+01   0.1690924564846341E+01   0.4576449868351409E-01   0.3004745901655146E+00   0.1759530675554742E-01   0.3942887671093376E-05   0.1711756166153258E-01   0.1599418950402390E-01
  0.8174999999999999E+01   0.1693992947399980E+01   0.4734013950395068E-01   0.3016618698516491E+00   0.1818449960024797E-01   0.4099994822466771E-05   0.1723875770588822E-01   0.1648417808826560E-01
  0.8225000000000000E+01   0.1696953394061287E+01   0.4891459258628161E-01   0.3028068970550224E+00   0.1877277158144173E-01   0.4258518073736420E-05   0.1735615926804574E-01   0.1697219118393354E-01
  0.8275000000000000E+01   0.1699805813671614E+01   0.5043896953316897E-01   0.3039094696003255E+00   0.1934143846222297E-01   0.4414189415347864E-05   0.1746958212692392E-01   0.1744156106703305E-01
  0.8325000000000001E+01   0.1702568002625444E+01   0.5186300043963164E-01   0.3049761947861920E+00   0.1987124387664746E-01   0.4562506412703728E-05   0.1757950195347521E-01   0.1787499398489699E-01
  0.8375000000000000E+01   0.1705275710699818E+01   0.5314267002982963E-01   0.3060205360339636E+00   0.2034526585286697E-01   0.4699399617207019E-05   0.1768708913373066E-01   0.1825713332603459E-01
  0.8424999999999999E+01   0.1707978960292423E+01   0.5424717643190360E-01   0.3070614324935304E+00   0.2075157872588063E-01   0.4821867187846558E-05   0.1779410262622561E-01   0.1857694201437119E-01
  0.8475000000000000E+01   0.1710735603441464E+01   0.5516326921609070E-01   0.3081208574312972E+00   0.2108492839278342E-01   0.4928400915663866E-05   0.1790267034382751E-01   0.1882924385872314E-01
  0.8524999999999999E+01   0.1713604027312974E+01   0.5589607740796172E-01   0.3092210374464155E+00   0.2134707425607246E-01   0.5019112621692775E-05   0.1801502217600876E-01   0.1901509675484974E-01
  0.8574999999999999E+01   0.1716636876263936E+01   0.5646684536233716E-01   0.3103820450980661E+00   0.2154594744852113E-01   0.5095583436548703E-05   0.1813324621160051E-01   0.1914110451281648E-01
  0.8625000000000000E+01   0.1719876869422958E+01   0.5690880584591936E-01   0.3116201823899898E+00   0.2169408743856856E-01   0.5160534458160208E-05   0.1825911364614778E-01   0.1921805904948400E-01
  0.8674999999999999E+01   0.1723354887000957E+01   0.5726250286820037E-01   0.3129472289390627E+00   0.2180685621099630E-01   0.5217431257425796E-05   0.1839398514089755E-01   0.1925935176161029E-01
  0.8725000000000000E+01   0.1727089923302811E+01   0.5757151334996601E-01   0.3143704075026381E+00   0.2190079486777035E-01   0.5270107879346259E-05   0.1853878860497527E-01   0.1927948517149853E-01
  0.8775000000000000E+01   0.1731090302367396E+01   0.5787908171294871E-01   0.3158928393509282E+00   0.2199232338003219E-01   0.5322460294214977E-05   0.1869404874958290E-01   0.1929287531879439E-01
  0.8824999999999999E+01   0.1735355558775939E+01   0.5822585055159721E-01   0.3175142617444620E+00   0.2209685778828039E-01   0.5378230694717849E-05   0.1885994715620667E-01   0.1931302276301088E-01
  0.8875000000000000E+01   0.1739878470465141E+01   0.5864864324677566E-01   0.3192318102492842E+00   0.2222833121181838E-01   0.5440883330136435E-05   0.1903639336009691E-01   0.1935204876808703E-01
  0.8925000000000001E+01   0.1744646852430108E+01   0.5918009585428952E-01   0.3210407145742085E+00   0.2239904311857798E-01   0.5513557179154870E-05   0.1922309109089079E-01   0.1942053438906745E-01
  0.8975000000000000E+01   0.1749644869908384E+01   0.5984884189065424E-01   0.3229348139051367E+00   0.2261972444204866E-01   0.5599070804258941E-05   0.1941958896961190E-01   0.1952756435918357E-01
  0.9024999999999999E+01   0.1754853781056113E+01   0.6067993007831659E-01   0.3249068560321235E+00   0.2289969660963297E-01   0.5699951120354926E-05   0.1962531061598550E-01   0.1968086766301471E-01
  0.9074999999999999E+01   0.1760252139776302E+01   0.6169518499072030E-01   0.3269485911055265E+00   0.2324701401556179E-01   0.5818459335553226E-05   0.1983956388325501E-01   0.1988695692596715E-01
  0.9125000000000000E+01   0.1765815568389183E+01   0.6291326705419643E-01   0.3290507011302635E+00   0.2366849774831508E-01   0.5956590703070342E-05   0.2006153217996945E-01   0.2015118627801553E-01
  0.9175000000000001E+01   0.1771516269086647E+01   0.6434921995179621E-01   0.3312026283554430E+00   0.2416958116710328E-01   0.6116026941262453E-05   0.2029025323609705E-01   0.2047766056495678E-01
  0.9225000000000000E+01   0.1777322525498168E+01   0.6601330819976875E-01   0.3333923956469880E+00   0.2475389405822200E-01   0.6298020864023184E-05   0.2052459386600932E-01   0.2086893560116570E-01
  0.9274999999999999E+01   0.1783198591463756E+01   0.6790898592785456E-01   0.3356065649378033E+00   0.2542252625533364E-01   0.6503195575934866E-05   0.2076323502841655E-01   0.2132546076566514E-01
  0.9325000000000001E+01   0.1789105579909170E+01   0.7002998460085397E-01   0.3378305587788475E+00   0.2617296493241129E-01   0.6731253648621539E-05   0.2100469049360628E-01   0.2184475625957850E-01
  0.9375000000000000E+01   0.1795004178817539E+01   0.7235687797416365E-01   0.3400496490425069E+00   0.2699783475405711E-01   0.6980626530583230E-05   0.2124739261204873E-01   0.2242042166250695E-01
  0.9424999999999999E+01   0.1800860025770939E+01   0.7485416161805426E-01   0.3422509203183037E+00   0.2788381832522909E-01   0.7248160400326822E-05   0.2148988263157720E-01   0.2304126639164781E-01
  0.9475000000000001E+01   0.1806652006934006E+01   0.7746976988923453E-01   0.3444263115408519E+00   0.2881146003474380E-01   0.7529023936165628E-05   0.2173112649792255E-01   0.2369111155763259E-01
  0.9525000000000000E+01   0.1812382271918437E+01   0.8013952767760343E-01   0.3465763021051089E+00   0.2975677187854893E-01   0.7817087842129097E-05   0.2197092423995472E-01   0.2434999401101385E-01
  0.9574999999999999E+01   0.1818084566716232E+01   0.8279832247238739E-01   0.3487130045553157E+00   0.3069530811697290E-01   0.8105969626321137E-05   0.2221029343323987E-01   0.2499732695993186E-01
  0.9625000000000000E+01   0.1823825900548488E+01   0.8539699930291189E-01   0.3508608326412750E+00   0.3160836306725213E-01   0.8390675695079852E-05   0.2245163012052420E-01   0.2561679251453915E-01
  0.9674999999999999E+01   0.1829697679539127E+01   0.8791991289109806E-01   0.3530533041390211E+00   0.3248944909344999E-01   0.8669369494543716E-05   0.2269846872220596E-01   0.2620154877166849E-01
  0.9725000000000000E+01   0.1835797067219587E+01   0.9039568350446070E-01   0.3553262253528717E+00   0.3334831194641916E-01   0.8944532730314168E-05   0.2295482530659046E-01   0.2675756685479815E-01
  0.9775000000000000E+01   0.1842204878437433E+01   0.9289592340783137E-01   0.3577095560943064E+00   0.3421052867708432E-01   0.9222968896289431E-05   0.2322433567503001E-01   0.2730347121006824E-01
  0.9824999999999999E+01   0.1848968266803943E+01   0.9552273276254461E-01   0.3602210062200366E+00   0.3511294573666227E-01   0.9514676277709010E-05   0.2350951268945902E-01   0.2786700012357332E-01
  0.9874999999999998E+01   0.1856093105656107E+01   0.9839099201041980E-01   0.3628632032877082E+00   0.3609716359391974E-01   0.9831151173162165E-05   0.2381134979415981E-01   0.2847981438363912E-01
  0.9924999999999999E+01   0.1863545356948990E+01   0.1016121506747278E+00   0.3656242021382827E+00   0.3720355516386731E-01   0.1018378332930994E-04   0.2412928386031464E-01   0.2917268601474019E-01
  0.9975000000000000E+01   0.1871257194105583E+01   0.1052829595428526E+00   0.3684797819621768E+00   0.3846712276300277E-01   0.1058270768197141E-04   0.2446137216642069E-01   0.2997219220740945E-01
  0.1002500000000000E+02   0.1879133687284899E+01   0.1094787071083156E+00   0.3713959673892226E+00   0.3991506089839767E-01   0.1103609346273388E-04   0.2480451509812215E-01   0.3089887696624853E-01
  0.1007500000000000E+02   0.1887058089328407E+01   0.1142483843251512E+00   0.3743310176294801E+00   0.4156508979991334E-01   0.1154962730528633E-04   0.2515462925564227E-01   0.3196616566412626E-01
  0.1012500000000000E+02   0.1894896277713136E+01   0.1196091314578688E+00   0.3772370475622784E+00   0.4342358189883797E-01   0.1212592474421543E-04   0.2550677269970386E-01   0.3317924559092288E-01
  0.1017500000000000E+02   0.1902502709010426E+01   0.1255386384357020E+00   0.3800621034231733E+00   0.4548296707963714E-01   0.1276372381694398E-04   0.2585530199793394E-01   0.3453344970474341E-01
  0.1022500000000000E+02   0.1909731016512774E+01   0.1319662999159542E+00   0.3827538054264261E+00   0.4771865367430943E-01   0.1345692063349870E-04   0.2619418552319799E-01   0.3601221021035123E-01
  0.1027500000000000E+02   0.1916451803580449E+01   0.1387665233309425E+00   0.3852654881871445E+00   0.5008661679449695E-01   0.1419376858373526E-04   0.2651759705419417E-01   0.3758528771068068E-01
  0.1032500000000000E+02   0.1922577677987553E+01   0.1457599604376571E+00   0.3875649218125063E+00   0.5252365426161762E-01   0.1495681722485391E-04   0.2682084314424599E-01   0.3920859850886436E-01
  0.1037500000000000E+02   0.1928090942241047E+01   0.1527289723532516E+00   0.3896441000975417E+00   0.5495254948462391E-01   0.1572425737251703E-04   0.2710151580936835E-01   0.4082722658761637E-01
  0.1042500000000000E+02   0.1933064089735512E+01   0.1594502254501990E+00   0.3915267184835514E+00   0.5729326765064331E-01   0.1647304361650235E-04   0.2736054080593472E-01   0.4238261443817581E-01
  0.1047500000000000E+02   0.1937661149558934E+01   0.1657393994919915E+00   0.3932691246328077E+00   0.5947860200220530E-01   0.1718339510565658E-04   0.2760263882162984E-01   0.4382321186222853E-01
  0.1052500000000000E+02   0.1942112929128823E+01   0.1714941065512811E+00   0.3949521254872599E+00   0.6146953125412020E-01   0.1784334193990220E-04   0.2783580793696405E-01   0.4511562834139785E-01
  0.1057500000000000E+02   0.1946670778828247E+01   0.1767181079246333E+00   0.3966650107557834E+00   0.6326431412103789E-01   0.1845157200487880E-04   0.2806982402392822E-01   0.4625212626079599E-01
  0.1062500000000000E+02   0.1951554555114952E+01   0.1815169815934152E+00   0.3984871313681182E+00   0.6489762312501224E-01   0.1901743419067572E-04   0.2831423452909737E-01   0.4725142240108859E-01
  0.1067500000000000E+02   0.1956912708939213E+01   0.1860685954282904E+00   0.4004733965611318E+00   0.6643060692376686E-01   0.1955826365093226E-04   0.2857654806579678E-01   0.4815279240479702E-01
  0.1072500000000000E+02   0.1962804593129130E+01   0.1905817590166634E+00   0.4026474800579791E+00   0.6793644223735591E-01   0.2009529068137096E-04   0.2886114268773490E-01   0.4900630467835355E-01
  0.1077500000000000E+02   0.1969203865469649E+01   0.1952573864691390E+00   0.4050025755664881E+00   0.6948648702313319E-01   0.2064960873062802E-04   0.2916900565401892E-01   0.4986284620789593E-01
  0.1082500000000000E+02   0.1976014817023300E+01   0.2002603494495035E+00   0.4075069200577259E+00   0.7114009408965828E-01   0.2123912067915286E-04   0.2949808031702602E-01   0.5076644142920907E-01
  0.1087500000000000E+02   0.1983092909595860E+01   0.2057028327522149E+00   0.4101109666517302E+00   0.7293852668937489E-01   0.2187663115251374E-04   0.2984389053932216E-01   0.5174951599057979E-01
  0.1092500000000000E+02   0.1990264361362255E+01   0.2116356046736781E+00   0.4127542734741803E+00   0.7490177472733230E-01   0.2256876248115608E-04   0.3020019969745095E-01   0.5283042345943536E-01
  0.1097500000000000E+02   0.1997343908334269E+01   0.2180429165333482E+00   0.4153716918269292E+00   0.7702673361083810E-01   0.2331525677587484E-04   0.3055961990545212E-01   0.5401212428804559E-01
  0.1102500000000000E+02   0.2004152876874612E+01   0.2248385811796332E+00   0.4178995429685397E+00   0.7928579365675903E-01   0.2410838777312999E-04   0.3091422633734020E-01   0.5528118206662377E-01
  0.1107500000000000E+02   0.2010540752552484E+01   0.2318638028933626E+00   0.4202829097157015E+00   0.8162592160591964E-01   0.2493251132247074E-04   0.3125631100493059E-01   0.5660689087041199E-01
  0.1112500000000000E+02   0.2016412333105652E+01   0.2388905115925754E+00   0.4224848680129771E+00   0.8396943860860671E-01   0.2576412879831595E-04   0.3157941312769476E-01   0.5794112131424641E-01
  0.1117500000000000E+02   0.2021759205083864E+01   0.2456361746218438E+00   0.4244973997440205E+00   0.8621854089238215E-01   0.2657311046761567E-04   0.3187967256393575E-01   0.5922015689753125E-01
  0.1122500000000000E+02   0.2026689127642429E+01   0.2517956960247535E+00   0.4263519720481335E+00   0.8826562481040146E-01   0.2732575321326545E-04   0.3215736009543347E-01   0.6037006727758153E-01
  0.1127500000000000E+02   0.2031441896233937E+01   0.2570913987068475E+00   0.4281259422171013E+00   0.9001005832431160E-01   0.2798992829894145E-04   0.3241818411991619E-01   0.6131659037469286E-01
  0.1132500000000000E+02   0.2036379139679238E+01   0.2613332782469708E+00   0.4299403054541266E+00   0.9137908668291415E-01   0.2854165919013099E-04   0.3267378823838851E-01   0.6199879081239086E-01
  0.1137500000000000E+02   0.2041941842433043E+01   0.2644724943283585E+00   0.4319461761167940E+00   0.9234721902940692E-01   0.2897139578191296E-04   0.3294092933145985E-01   0.6238335401008877E-01
  0.1142500000000000E+02   0.2048582530723441E+01   0.2666282081989129E+00   0.4343018101150709E+00   0.9294703747794961E-01   0.2928774623915150E-04   0.3323926119321468E-01   0.6247466986626878E-01
  0.1147500000000000E+02   0.2056692000928354E+01   0.2680760095083635E+00   0.4371467175383974E+00   0.9326675079059947E-01   0.2951710319614402E-04   0.3358827867211350E-01   0.6231649477821547E-01
  0.1152500000000000E+02   0.2066544052053533E+01   0.2692020924876368E+00   0.4405812006310323E+00   0.9343523723956534E-01   0.2969927303473312E-04   0.3400440368793759E-01   0.6198422757175668E-01
  0.1157500000000000E+02   0.2078272875306915E+01   0.2704410769671114E+00   0.4446570244758892E+00   0.9360044369881684E-01   0.2988086046004532E-04   0.3449910638524191E-01   0.6157083918718633E-01
  0.1162500000000000E+02   0.2091882817029513E+01   0.2722186343747274E+00   0.4493797481634414E+00   0.9390866497191815E-01   0.3010875656943485E-04   0.3507842441343134E-01   0.6117167240369587E-01
  0.1167500000000000E+02   0.2107278791004152E+01   0.2749130024068741E+00   0.4547189300101899E+00   0.9449007527692939E-01   0.3042546865098427E-04   0.3574365002288731E-01   0.6087262250691555E-01
  0.1172500000000000E+02   0.2124302604594970E+01   0.2788387242282592E+00   0.4606210017075436E+00   0.9545211382770818E-01   0.3086687009147395E-04   0.3649263235445079E-01   0.6074371720628986E-01
  0.1177500000000000E+02   0.2142764180165203E+01   0.2842479869771974E+00   0.4670207176350765E+00   0.9687933631756129E-01   0.3146199538720848E-04   0.3732115318378473E-01   0.6083768726827331E-01
  0.1182500000000000E+02   0.2162462558840417E+01   0.2913419758827508E+00   0.4738491553517781E+00   0.9883710786305448E-01   0.3223408675466484E-04   0.3822403321769934E-01   0.6119184197057560E-01
  0.1187500000000000E+02   0.2183196287429093E+01   0.3002854167994231E+00   0.4810379866514833E+00   0.1013766761912522E+00   0.3320212334345674E-04   0.3919584282630034E-01   0.6183143073093463E-01
  0.1192500000000000E+02   0.2204765270787800E+01   0.3112197081025613E+00   0.4885206980023056E+00   0.1045399330087378E+00   0.3438228987049781E-04   0.4023123681793091E-01   0.6277314932531644E-01
  0.1197500000000000E+02   0.2226966889991297E+01   0.3242721825205522E+00   0.4962317400046670E+00   0.1083629540299488E+00   0.3578908127699194E-04   0.4132499831255222E-01   0.6402803968989806E-01
  0.1202500000000000E+02   0.2249589006515671E+01   0.3395605037231615E+00   0.5041045311028400E+00   0.1128779605079006E+00   0.3743591316775318E-04   0.4247188927840143E-01   0.6560348733867127E-01
  0.1207500000000000E+02   0.2272402055842153E+01   0.3571920262331084E+00   0.5120690766521454E+00   0.1181136601986343E+00   0.3933520878555910E-04   0.4366639477687421E-01   0.6750429226148361E-01
  0.1212500000000000E+02   0.2295152107536213E+01   0.3772583988116404E+00   0.5200498185184788E+00   0.1240940902776912E+00   0.4149798784824592E-04   0.4490243363269971E-01   0.6973292322658282E-01
  0.1217500000000000E+02   0.2317556597133161E+01   0.3998260456222182E+00   0.5279642359637153E+00   0.1308361924354992E+00   0.4393302009495846E-04   0.4617309811555641E-01   0.7228912417069622E-01
  0.1222500000000000E+02   0.2339304320757163E+01   0.4249236013743442E+00   0.5357226524426475E+00   0.1383464653264315E+00   0.4664564768428195E-04   0.4747047956667257E-01   0.7516907121276881E-01
  0.1227500000000000E+02   0.2360061049788989E+01   0.4525279643569087E+00   0.5432296163340917E+00   0.1466171850148519E+00   0.4963643364252117E-04   0.4878563176781487E-01   0.7836430246471855E-01
  0.1232500000000000E+02   0.2379481590552107E+01   0.4825512797126696E+00   0.5503870675236446E+00   0.1556228408443269E+00   0.5289985226734017E-04   0.5010871388609942E-01   0.8186066213480291E-01
  0.1237500000000000E+02   0.2397228187982083E+01   0.5148316595693900E+00   0.5570992516708384E+00   0.1653175476826388E+00   0.5642328328123699E-04   0.5142933604318740E-01   0.8563750383356264E-01
  0.1242500000000000E+02   0.2412993926383804E+01   0.5491305132303984E+00   0.5632790210892142E+00   0.1756341976775815E+00   0.6018658067200604E-04   0.5273710288611223E-01   0.8966737105405113E-01
  0.1247500000000000E+02   0.2426528482645806E+01   0.5851388022875355E+00   0.5688548359084189E+00   0.1864859606174846E+00   0.6416244257681648E-04   0.5402231906577491E-01   0.9391631074872692E-01
  0.1252500000000000E+02   0.2437662608350460E+01   0.6224933707815371E+00   0.5737775437852068E+00   0.1977704451431976E+00   0.6831771274332262E-04   0.5527679366157175E-01   0.9834489263567200E-01
  0.1257500000000000E+02   0.2446327336122787E+01   0.6608029944714222E+00   0.5780259319140331E+00   0.2093764687599003E+00   0.7261562120053422E-04   0.5649466487255183E-01   0.1029099319593848E+00
  0.1262500000000000E+02   0.2452564143250016E+01   0.6996823062128951E+00   0.5816100992956352E+00   0.2211930445197891E+00   0.7701885278388925E-04   0.5767316085758848E-01   0.1075668737930378E+00
  0.1267500000000000E+02   0.2456522955840176E+01   0.7387904929210276E+00   0.5845718192036715E+00   0.2331199141520476E+00   0.8149323061766978E-04   0.5881320851706126E-01   0.1122727913378420E+00
  0.1272500000000000E+02   0.2458445758685358E+01   0.7778705600590732E+00   0.5869811987152860E+00   0.2450786942809358E+00   0.8601170191513401E-04   0.5991978963826849E-01   0.1169899377530864E+00
  0.1277500000000000E+02   0.2458634787069851E+01   0.8167838724346355E+00   0.5889291376609234E+00   0.2570233791662447E+00   0.9055818928310779E-04   0.6100192442479783E-01   0.1216897091547857E+00
  0.1282500000000000E+02   0.2457406145364353E+01   0.8555337286954213E+00   0.5905154759346356E+00   0.2689485709633487E+00   0.9513072511936858E-04   0.6207215394838950E-01   0.1263566914302227E+00
  0.1287500000000000E+02   0.2455032386136718E+01   0.8942714672624487E+00   0.5918333996415770E+00   0.2808935493701182E+00   0.9974317670490555E-04   0.6314542200475193E-01   0.1309922146498034E+00
  0.1292500000000000E+02   0.2451680688196755E+01   0.9332797207007271E+00   0.5929515876700533E+00   0.2929403906322722E+00   0.1044248837346497E-03   0.6423733865834874E-01   0.1356166417829924E+00
  0.1297500000000000E+02   0.2447355863309293E+01   0.9729301770646976E+00   0.5938964597848027E+00   0.3052049495097242E+00   0.1092177262922886E-03   0.6536193004457337E-01   0.1402696077169656E+00
  0.1302500000000000E+02   0.2441858606200082E+01   0.1013617057864390E+01   0.5946374205364904E+00   0.3178205417766298E+00   0.1141704960266745E-03   0.6652910342498018E-01   0.1450076642653712E+00
  0.1307500000000000E+02   0.2434768940238766E+01   0.1055671536844426E+01   0.5950780216799207E+00   0.3309153290610207E+00   0.1193308613277470E-03   0.6774214163356099E-01   0.1498992138002082E+00
  0.1312500000000000E+02   0.2425463179611790E+01   0.1099265866553617E+01   0.5950555811055849E+00   0.3445854425309994E+00   0.1247356029006161E-03   0.6899557024692876E-01   0.1550170659438461E+00
  0.1317500000000000E+02   0.2413170474109568E+01   0.1144319227507446E+01   0.5943512180682646E+00   0.3588667335463001E+00   0.1304001280503509E-03   0.7027373249523226E-01   0.1604292683744518E+00
  0.1322500000000000E+02   0.2397071837574956E+01   0.1190420955352002E+01   0.5927115786474788E+00   0.3737088909603143E+00   0.1363086144566652E-03   0.7155039727088243E-01   0.1661889907763402E+00
  0.1327500000000000E+02   0.2376438987071658E+01   0.1236790917669410E+01   0.5898824827230829E+00   0.3889567094138578E+00   0.1424065579480511E-03   0.7278973336513148E-01   0.1723242673768833E+00
  0.1332500000000000E+02   0.2350800411108948E+01   0.1282299539829782E+01   0.5856527917443746E+00   0.4043443641968826E+00   0.1485979452482775E-03   0.7394897832816068E-01   0.1788285002442496E+00
  0.1337500000000000E+02   0.2320107585957440E+01   0.1325567007504729E+01   0.5799035572507907E+00   0.4195088369227309E+00   0.1547494437515777E-03   0.7498302779992204E-01   0.1856529378116963E+00
  0.1342500000000000E+02   0.2284859197901181E+01   0.1365147386430154E+01   0.5726533197036927E+00   0.4340268034048868E+00   0.1607033895307468E-03   0.7585086341759434E-01   0.1927028688477189E+00
  0.1347500000000000E+02   0.2246134803916920E+01   0.1399777249296748E+01   0.5640869545244895E+00   0.4474742421601186E+00   0.1662995244590825E-03   0.7652317330323022E-01   0.1998397698562258E+00
  0.1352500000000000E+02   0.2205502137649987E+01   0.1428636996068176E+01   0.5545554202452252E+00   0.4595001816798575E+00   0.1714025005684151E-03   0.7698980354389161E-01   0.2068916219954863E+00
  0.1357500000000000E+02   0.2164797411707589E+01   0.1451552628475052E+01   0.5445393378915797E+00   0.4698982385442310E+00   0.1759291674868997E-03   0.7726512131818655E-01   0.2136724908745622E+00
  0.1362500000000000E+02   0.2125823692600862E+01   0.1469072879560735E+01   0.5345799417996056E+00   0.4786563539459371E+00   0.1798682592373345E-03   0.7738938371115668E-01   0.2200099666181425E+00
  0.1367500000000000E+02   0.2090045270065207E+01   0.1482394154958452E+01   0.5251923479114360E+00   0.4859695752435453E+00   0.1832865547502853E-03   0.7742504065967282E-01   0.2257757311111104E+00
  0.1372500000000000E+02   0.2058356605801345E+01   0.1493156559106948E+01   0.5167824798041909E+00   0.4922118296420814E+00   0.1863196211986492E-03   0.7744837047259870E-01   0.2309118625518408E+00
  0.1377500000000000E+02   0.2030973236257037E+01   0.1503171855364180E+01   0.5095870117206964E+00   0.4978751949020799E+00   0.1891499754394876E-03   0.7753832388629592E-01   0.2354453128890993E+00
  0.1382500000000000E+02   0.2007448424654770E+01   0.1514152038019955E+01   0.5036468542780648E+00   0.5034932350345434E+00   0.1919786670654636E-03   0.7776522522029550E-01   0.2394860741210212E+00
  0.1387500000000000E+02   0.1986786348371513E+01   0.1527488703012082E+01   0.4988140729508483E+00   0.5095657728929579E+00   0.1949967769968218E-03   0.7818172505630851E-01   0.2432097051839478E+00
  0.1392500000000000E+02   0.1967611165375151E+01   0.1544105206977221E+01   0.4947845694680177E+00   0.5164975738031454E+00   0.1983616361959864E-03   0.7881737778519873E-01   0.2468295687077333E+00
  0.1397500000000000E+02   0.1948357617759945E+01   0.1564381591424927E+01   0.4911463210887612E+00   0.5245567015457924E+00   0.2021801193741074E-03   0.7967703347960990E-01   0.2505661668514903E+00
  0.1402500000000000E+02   0.1927461741259332E+01   0.1588143055677584E+01   0.4874343476167713E+00   0.5338531607200590E+00   0.2064994410987278E-03   0.8074241190454905E-01   0.2546199862779403E+00
  0.1407500000000000E+02   0.1903539825368878E+01   0.1614703941116791E+01   0.4831863314822273E+00   0.5443361723483290E+00   0.2113050083971648E-03   0.8197594883815687E-01   0.2591515352930003E+00
  0.1412500000000000E+02   0.1875545562214059E+01   0.1642963771913446E+01   0.4779947648891920E+00   0.5558083867897265E+00   0.2165248490422260E-03   0.8332612953352621E-01   0.2642694994545515E+00
  0.1417500000000000E+02   0.1842890647078502E+01   0.1671552866570628E+01   0.4715517346526708E+00   0.5679558615603696E+00   0.2220403206696758E-03   0.8473377090463373E-01   0.2700262404875631E+00
  0.1422500000000000E+02   0.1805508438515097E+01   0.1699018388602995E+01   0.4636814724117977E+00   0.5803921210410004E+00   0.2277025926147700E-03   0.8613884481652925E-01   0.2764193764737596E+00
  0.1427500000000000E+02   0.1763840702708581E+01   0.1724028402931996E+01   0.4543550567097787E+00   0.5927123486723751E+00   0.2333534815041393E-03   0.8748735122767612E-01   0.2833984527506884E+00
  0.1432500000000000E+02   0.1718738834980641E+01   0.1745557829602203E+01   0.4436827737295075E+00   0.6045503421409031E+00   0.2388478268455109E-03   0.8873751122849671E-01   0.2908761133219724E+00
  0.1437500000000000E+02   0.1671292154468983E+01   0.1763015175250881E+01   0.4318833944476708E+00   0.6156280539627808E+00   0.2440733982535802E-03   0.8986433300512714E-01   0.2987432191281374E+00
  0.1442500000000000E+02   0.1622618742196159E+01   0.1776278889800418E+01   0.4192352016439544E+00   0.6257873563673190E+00   0.2489641406642718E-03   0.9086161335318263E-01   0.3068868357626268E+00
  0.1447500000000000E+02   0.1573667610753071E+01   0.1785635613883096E+01   0.4060188039549821E+00   0.6349970600892006E+00   0.2535038032263344E-03   0.9174079145108688E-01   0.3152090868281167E+00
  0.1452500000000000E+02   0.1525077644230399E+01   0.1791639922607947E+01   0.3924642292812666E+00   0.6433342720526182E+00   0.2577193464409777E-03   0.9252671657251005E-01   0.3236439999387355E+00
  0.1457500000000000E+02   0.1477120500444163E+01   0.1794934732082596E+01   0.3787133949581356E+00   0.6509455622345276E+00   0.2616660787804209E-03   0.9325111104371783E-01   0.3321692202252663E+00
  0.1462500000000000E+02   0.1429730461349132E+01   0.1796076700698669E+01   0.3648045698979470E+00   0.6579977603800705E+00   0.2654082891248832E-03   0.9394503582728744E-01   0.3408101790466066E+00
  0.1467500000000000E+02   0.1382603789897751E+01   0.1795403034279233E+01   0.3506798354635432E+00   0.6646293914882738E+00   0.2689997306252696E-03   0.9463182176578190E-01   0.3496358723829648E+00
  0.1472500000000000E+02   0.1335338633847172E+01   0.1792961387261936E+01   0.3362117205905277E+00   0.6709121614610413E+00   0.2724677842695661E-03   0.9532170874329149E-01   0.3587472703893926E+00
  0.1477500000000000E+02   0.1287583606109951E+01   0.1788509242106316E+01   0.3212421173106204E+00   0.6768287275563144E+00   0.2758039397486146E-03   0.9600897383509999E-01   0.3682608555414318E+00
  0.1482500000000000E+02   0.1239165935644863E+01   0.1781576344283953E+01   0.3056253081517666E+00   0.6822693820196924E+00   0.2789618254908819E-03   0.9667180614976034E-01   0.3782904254926848E+00
  0.1487500000000000E+02   0.1190176131110670E+01   0.1771573799375739E+01   0.2892670546560254E+00   0.6870468740273491E+00   0.2818626525439636E-03   0.9727472833345706E-01   0.3889300859384113E+00
  0.1492500000000000E+02   0.1140994765624571E+01   0.1757926016907771E+01   0.2721528855368134E+00   0.6909256100008667E+00   0.2844066996826774E-03   0.9777301862957100E-01   0.4002406195023716E+00
  0.1497500000000000E+02   0.1092258336111499E+01   0.1740197644937483E+01   0.2543608944876699E+00   0.6936590787327790E+00   0.2864884370531603E-03   0.9811834654925300E-01   0.4122405422892051E+00
  0.1502500000000000E+02   0.1044774135412597E+01   0.1718188881658361E+01   0.2360574278532150E+00   0.6950279343584028E+00   0.2880122320769572E-03   0.9826469134722030E-01   0.4249023969851928E+00
  0.1507500000000000E+02   0.9994056612269080E+00   0.1691980362244347E+01   0.2174776025013667E+00   0.6948712480492828E+00   0.2889055302236540E-03   0.9817358496343315E-01   0.4381542162897052E+00
  0.1512500000000000E+02   0.9569562597634412E+00   0.1661922000063149E+01   0.1988958122302316E+00   0.6931052653239226E+00   0.2891270823603032E-03   0.9781784686809676E-01   0.4518855257162402E+00
  0.1517500000000000E+02   0.9180768452778866E+00   0.1628574695637580E+01   0.1805932869093811E+00   0.6897272387093393E+00   0.2886690809386296E-03   0.9718327464617531E-01   0.4659566483089074E+00
  0.1522500000000000E+02   0.8832143061148885E+00   0.1592624670567271E+01   0.1628297503032219E+00   0.6848056089689721E+00   0.2875535955825215E-03   0.9626818448780539E-01   0.4802094549445219E+00
  0.1527500000000000E+02   0.8526043636974706E+00   0.1554793938315408E+01   0.1458243679537563E+00   0.6784608452218555E+00   0.2858249921713196E-03   0.9508116451211371E-01   0.4944772585562472E+00
  0.1532500000000000E+02   0.8263009685383971E+00   0.1515766917539398E+01   0.1297482166449253E+00   0.6708428016115192E+00   0.2835407210672305E-03   0.9363778674274435E-01   0.5085915523869369E+00
  0.1537500000000000E+02   0.8042272113641096E+00   0.1476145013937707E+01   0.1147274334011041E+00   0.6621102924837399E+00   0.2807628587337371E-03   0.9195721481016442E-01   0.5223839562080683E+00
  0.1542500000000000E+02   0.7862311433468256E+00   0.1436431689385692E+01   0.1008538429907124E+00   0.6524170754054454E+00   0.2775522063920145E-03   0.9005959537858989E-01   0.5356830686874108E+00
  0.1547500000000000E+02   0.7721327473471230E+00   0.1397042919357546E+01   0.8819865490515388E-01   0.6419061965663387E+00   0.2739658417694184E-03   0.8796485270462576E-01   0.5483076673801662E+00
  0.1552500000000000E+02   0.7617536146924289E+00   0.1358333401127274E+01   0.7682481166084454E-01   0.6307123435576507E+00   0.2700580526560188E-03   0.8569309423950532E-01   0.5600593773614760E+00
  0.1557500000000000E+02   0.7549267761520071E+00   0.1320627574031082E+01   0.6679454433120169E-01   0.6189699699200348E+00   0.2658837692401215E-03   0.8326638588713807E-01   0.5707190005381699E+00
  0.1562500000000000E+02   0.7514892230712885E+00   0.1284245885429965E+01   0.5817029527390494E-01   0.6068238218204477E+00   0.2615030988335808E-03   0.8071127526291616E-01   0.5800506897865685E+00
  0.1567500000000000E+02   0.7512630741549249E+00   0.1249519883949506E+01   0.5100899252953495E-01   0.5944382459288963E+00   0.2569854207874997E-03   0.7806121886928051E-01   0.5878167892096438E+00
  0.1572500000000000E+02   0.7540327151757531E+00   0.1216793608542137E+01   0.4535129594847476E-01   0.5820022480759007E+00   0.2524117155543035E-03   0.7535806031743411E-01   0.5938034835228471E+00
  0.1577500000000000E+02   0.7595246632518490E+00   0.1186412341543281E+01   0.4120853757740717E-01   0.5697284927684714E+00   0.2478742994276076E-03   0.7265192024053503E-01   0.5978538994650728E+00
  0.1582500000000000E+02   0.7673949367673957E+00   0.1158702296952161E+01   0.3855044571885635E-01   0.5578459388894387E+00   0.2434737734944784E-03   0.6999924502365212E-01   0.5999019903790561E+00
  0.1587500000000000E+02   0.7772261876411060E+00   0.1133945843241012E+01   0.3729636961242555E-01   0.5465872032622165E+00   0.2393136033439914E-03   0.6745921644490263E-01   0.5999987353633245E+00
  0.1592500000000000E+02   0.7885346133445708E+00   0.1112356549764444E+01   0.3731180521088340E-01   0.5361727034130802E+00   0.2354931796086776E-03   0.6508911482195678E-01   0.5983229690433060E+00
  0.1597500000000000E+02   0.8007852613943335E+00   0.1094057230776405E+01   0.3841088701320383E-01   0.5267939909236012E+00   0.2321003906849754E-03   0.6293944033598385E-01   0.5951726490431285E+00
  0.1602500000000000E+02   0.8134138865308616E+00   0.1079062910385405E+01   0.4036449382342777E-01   0.5185984896599830E+00   0.2292046784665037E-03   0.6104958324464477E-01   0.5909374220071357E+00
  0.1607500000000000E+02   0.8258537507240145E+00   0.1067269783490924E+01   0.4291294921195021E-01   0.5116773093561540E+00   0.2268513312547233E-03   0.5944463165564724E-01   0.5860580129871872E+00
  0.1612500000000000E+02   0.8375661812624149E+00   0.1058451043141486E+01   0.4578203482763876E-01   0.5060571935125733E+00   0.2250575144827959E-03   0.5813361637761379E-01   0.5809805089803008E+00
  0.1617500000000000E+02   0.8480738173543264E+00   0.1052260787654935E+01   0.4870105713787010E-01   0.5016972093681208E+00   0.2238103502856576E-03   0.5710922859882341E-01   0.5761134289120150E+00
  0.1622500000000000E+02   0.8569949300177042E+00   0.1048247726803727E+01   0.5142179507703082E-01   0.4984905828050334E+00   0.2230672719654908E-03   0.5634888173546065E-01   0.5717932341541643E+00
  0.1627500000000000E+02   0.8640759336147773E+00   0.1045880510492115E+01   0.5373709638030522E-01   0.4962720369648279E+00   0.2227588640592824E-03   0.5581693565709006E-01   0.5682609833436866E+00
  0.1632500000000000E+02   0.8692175500960857E+00   0.1044585632760763E+01   0.5549759059957271E-01   0.4948308940086677E+00   0.2227943579439902E-03   0.5546791772097920E-01   0.5656504023427026E+00
  0.1637500000000000E+02   0.8724887713843682E+00   0.1043796693152182E+01   0.5662453965641800E-01   0.4939297990805671E+00   0.2230697749585515E-03   0.5525059330035233E-01   0.5639863365516300E+00
  0.1642500000000000E+02   0.8741227552078306E+00   0.1043010543688984E+01   0.5711652815028101E-01   0.4933280844232095E+00   0.2234783264436952E-03   0.5511269939108297E-01   0.5631923209969161E+00
  0.1647500000000000E+02   0.8744908617125914E+00   0.1041842444913186E+01   0.5704786670233397E-01   0.4928076001720794E+00   0.2239221279067652E-03   0.5500603462728692E-01   0.5631063494823846E+00
  0.1652500000000000E+02   0.8740552272439335E+00   0.1040070260289845E+01   0.5655750539295923E-01   0.4921976584241943E+00   0.2243237227770382E-03   0.5489142452745895E-01   0.5635042153683197E+00
  0.1657500000000000E+02   0.8733055237499386E+00   0.1037658284254511E+01   0.5582889867921792E-01   0.4913950951487325E+00   0.2246355807261585E-03   0.5474292572917598E-01   0.5641295172832568E+00
  0.1662500000000000E+02   0.8726899730737067E+00   0.1034754922234194E+01   0.5506321661981106E-01   0.4903757926227966E+00   0.2248458464827567E-03   0.5455059063475610E-01   0.5647283712604120E+00
  0.1667500000000000E+02   0.8725524362648659E+00   0.1031664102805900E+01   0.5444989767833897E-01   0.4891954113122831E+00   0.2249792214460517E-03   0.5432125212194764E-01   0.5650852876868616E+00
  0.1672500000000000E+02   0.8730857389569394E+00   0.1028795944230235E+01   0.5413918302834531E-01   0.4879791780790730E+00   0.2250928033072946E-03   0.5407710641902171E-01   0.5650552292336006E+00
  0.1677500000000000E+02   0.8743071305950987E+00   0.1026605794318964E+01   0.5422073053032817E-01   0.4869026782477174E+00   0.2252676790746317E-03   0.5385228875730887E-01   0.5645864230027587E+00
  0.1682500000000000E+02   0.8760567656504389E+00   0.1025531373759939E+01   0.5471093268650384E-01   0.4861670349560898E+00   0.2255977546837052E-03   0.5368801732741468E-01   0.5637296503595742E+00
  0.1687500000000000E+02   0.8780161906659693E+00   0.1025935855033274E+01   0.5554974258322742E-01   0.4859722918043257E+00   0.2261775430349307E-03   0.5362710281231762E-01   0.5626323856795611E+00
  0.1692500000000000E+02   0.8797419876030949E+00   0.1028061699156883E+01   0.5660625753459758E-01   0.4864923389511630E+00   0.2270904522668608E-03   0.5370862780069657E-01   0.5615194409466189E+00
  0.1697500000000000E+02   0.8807098116542413E+00   0.1031997417471421E+01   0.5769139565857428E-01   0.4878537452925224E+00   0.2283986952802845E-03   0.5396342552657870E-01   0.5606644814008516E+00
  0.1702500000000000E+02   0.8803651588485158E+00   0.1037658011774476E+01   0.5857575951763838E-01   0.4901198626762936E+00   0.2301354996013685E-03   0.5441072595659220E-01   0.5603579874315610E+00
  0.1707500000000000E+02   0.8781781942768401E+00   0.1044779765833040E+01   0.5901097179521209E-01   0.4932808977710363E+00   0.2322999960609493E-03   0.5505609519363912E-01   0.5608767701389057E+00
  0.1712500000000000E+02   0.8737000180880643E+00   0.1052930740970285E+01   0.5875303096710249E-01   0.4972504022059331E+00   0.2348550567256437E-03   0.5589064165406610E-01   0.5624585357706265E+00
  0.1717500000000000E+02   0.8666165379038036E+00   0.1061538806951067E+01   0.5758625867543743E-01   0.5018686647274426E+00   0.2377283731799922E-03   0.5689141354162726E-01   0.5652830836733322E+00
  0.1722500000000000E+02   0.8567940244146390E+00   0.1069938306077584E+01   0.5534606117889185E-01   0.5069134881132696E+00   0.2408170711181670E-03   0.5802293149741190E-01   0.5694602259599187E+00
  0.1727500000000000E+02   0.8443084935896634E+00   0.1077433849583043E+01   0.5193811894450540E-01   0.5121184555343042E+00   0.2439959824095739E-03   0.5923982627570441E-01   0.5750237726766900E+00
  0.1732500000000000E+02   0.8294507403563208E+00   0.1083375431947049E+01   0.4735110339651882E-01   0.5171978281369565E+00   0.2471292368527391E-03   0.6049052335567095E-01   0.5819308977874171E+00
  0.1737500000000000E+02   0.8127014037909686E+00   0.1087234259361512E+01   0.4166007007669426E-01   0.5218757493898477E+00   0.2500841237436758E-03   0.6172180038573190E-01   0.5900666108170923E+00
  0.1742500000000000E+02   0.7946760972397612E+00   0.1088665524382511E+01   0.3501865867022902E-01   0.5259158930435162E+00   0.2527454082731503E-03   0.6288384938698408E-01   0.5992535324013641E+00
  0.1747500000000000E+02   0.7760480064468579E+00   0.1087544866157557E+01   0.2764014952134630E-01   0.5291467381184516E+00   0.2550277856318516E-03   0.6393526188284268E-01   0.6092673497863917E+00
  0.1752500000000000E+02   0.7574617517249173E+00   0.1083970164623660E+01   0.1976981318570070E-01   0.5314778642237904E+00   0.2568842040125856E-03   0.6484721071259590E-01   0.6198579538613300E+00
  0.1757500000000000E+02   0.7394550072435100E+00   0.1078228293170543E+01   0.1165304484060670E-01   0.5329041901615716E+00   0.2583084783283118E-03   0.6560611057279687E-01   0.6307752671715902E+00
  0.1762500000000000E+02   0.7224021806129789E+00   0.1070734585094850E+01   0.3504749268990803E-02   0.5334975175129134E+00   0.2593317679848239E-03   0.6621423611823651E-01   0.6417973637277697E+00
  0.1767500000000000E+02   0.7064884183723338E+00   0.1061958112626625E+01  -0.4514982470817608E-02   0.5333872905804399E+00   0.2600137279130041E-03   0.6668812621493792E-01   0.6527571260454432E+00
  0.1772500000000000E+02   0.6917148993530403E+00   0.1052347003355481E+01  -0.1231543713034056E-01   0.5327343581729924E+00   0.2604300793215231E-03   0.6705500904524971E-01   0.6635629841653274E+00
  0.1777500000000000E+02   0.6779304100830112E+00   0.1042265493299360E+01  -0.1987870783799073E-01   0.5317023013551057E+00   0.2606587701067283E-03   0.6734782823336125E-01   0.6742096993404829E+00
  0.1782500000000000E+02   0.6648809408211700E+00   0.1031950073972413E+01  -0.2725255542280214E-01   0.5304306270477777E+00   0.2607668153059069E-03   0.6759964694885658E-01   0.6847767425819334E+00
  0.1787500000000000E+02   0.6522683749816962E+00   0.1021487819452701E+01  -0.3453465250879417E-01   0.5290131966450540E+00   0.2607994965775568E-03   0.6783822787985699E-01   0.6954141202275528E+00
  0.1792500000000000E+02   0.6398102217077383E+00   0.1010816845435316E+01  -0.4185089704483347E-01   0.5274841057188852E+00   0.2607730668051569E-03   0.6808146617608540E-01   0.7063177455740557E+00
  0.1797500000000000E+02   0.6272936245517217E+00   0.9997469261778308E+00  -0.4933073318118042E-01   0.5258121625848059E+00   0.2606716007585026E-03   0.6833415865030171E-01   0.7176979442339719E+00
  0.1802500000000000E+02   0.6146179360423510E+00   0.9879970108595514E+00  -0.5708241516071633E-01   0.5239042238394309E+00   0.2604482031319674E-03   0.6858639246768723E-01   0.7297451064245015E+00
  0.1807500000000000E+02   0.6018210219172470E+00   0.9752450860358395E+00  -0.6517104736962198E-01   0.5216168601174260E+00   0.2600303968655465E-03   0.6881366781290597E-01   0.7425960428373325E+00
  0.1812500000000000E+02   0.5890856725562006E+00   0.9611842536263671E+00  -0.7360203136479249E-01   0.5187750222738547E+00   0.2593291074129382E-03   0.6897873274097718E-01   0.7563037592577553E+00
  0.1817500000000000E+02   0.5767246276488769E+00   0.9455773599086706E+00  -0.8231211948811268E-01   0.5151955147218609E+00   0.2582502111191377E-03   0.6903498160898565E-01   0.7708126687116640E+00
  0.1822500000000000E+02   0.5651459161058229E+00   0.9283018247942995E+00  -0.9116946284535610E-01   0.5107122762955435E+00   0.2567071863606535E-03   0.6893112692257945E-01   0.7859410362083094E+00
  0.1827500000000000E+02   0.5548039170727654E+00   0.9093773239097344E+00  -0.9998281439641887E-01   0.5051999775425822E+00   0.2546331252990333E-03   0.6861669398520538E-01   0.8013727141315969E+00
  0.1832500000000000E+02   0.5461445981206435E+00   0.8889719726555949E+00  -0.1085185809752593E+00   0.4985925414060278E+00   0.2519903751418847E-03   0.6804773390272617E-01   0.8166606791391980E+00
  0.1837500000000000E+02   0.5395545581824492E+00   0.8673870569290338E+00  -0.1165230715335404E+00   0.4908940058200758E+00   0.2487764516606358E-03   0.6719205137672071E-01   0.8312449999819489E+00
  0.1842500000000000E+02   0.5353221948710547E+00   0.8450248049255681E+00  -0.1237464605399041E+00   0.4821805372941664E+00   0.2450255458590754E-03   0.6603324952414509E-01   0.8444870581476303E+00
  0.1847500000000000E+02   0.5336159385241415E+00   0.8223467352928903E+00  -0.1299649214377282E+00   0.4725940111816030E+00   0.2408057501871852E-03   0.6457303272437469E-01   0.8557196983664728E+00
  0.1852500000000000E+02   0.5344802760059992E+00   0.7998308914054144E+00  -0.1349980665955637E+00   0.4623289616576204E+00   0.2362128440939332E-03   0.6283146960564709E-01   0.8643095784585996E+00
  0.1857500000000000E+02   0.5378466336208003E+00   0.7779348781790980E+00  -0.1387200007650701E+00   0.4516155482944763E+00   0.2313619309131595E-03   0.6084525119642169E-01   0.8697241022905006E+00
  0.1862500000000000E+02   0.5435540431879358E+00   0.7570689147662353E+00  -0.1410635949943818E+00   0.4407013780963699E+00   0.2263783458904875E-03   0.5866430760635272E-01   0.8715923698238792E+00
  0.1867500000000000E+02   0.5513740746151744E+00   0.7375801928096283E+00  -0.1420187025957036E+00   0.4298346566767102E+00   0.2213890983890721E-03   0.5634739196721052E-01   0.8697490799141446E+00
  0.1872500000000000E+02   0.5610353725594432E+00   0.7197475161746771E+00  -0.1416257840591412E+00   0.4192504287805093E+00   0.2165157701354500E-03   0.5395734737212016E-01   0.8642530698413587E+00
  0.1877500000000000E+02   0.5722446251241690E+00   0.7037838511512280E+00  -0.1399667378377812E+00   0.4091608325600323E+00   0.2118693779987933E-03   0.5155672628112191E-01   0.8553776192888600E+00
  0.1882500000000000E+02   0.5847023331744843E+00   0.6898439789374143E+00  -0.1371547021410648E+00   0.3997495151501628E+00   0.2075473166534711E-03   0.4920426091104468E-01   0.8435759699036598E+00
  0.1887500000000000E+02   0.5981129856866860E+00   0.6780346360362792E+00  -0.1333243042941111E+00   0.3911697532281868E+00   0.2036321837487805E-03   0.4695244671330639E-01   0.8294304912850652E+00
  0.1892500000000000E+02   0.6121900610863180E+00   0.6684250367005460E+00  -0.1286234077521690E+00   0.3835454398518184E+00   0.2001920855861805E-03   0.4484626588353936E-01   0.8135960343034612E+00
  0.1897500000000000E+02   0.6266567071994599E+00   0.6610562487823144E+00  -0.1232069496383265E+00   0.3769739327368251E+00   0.1972819251095826E-03   0.4292289560382424E-01   0.7967470592446143E+00
  0.1902500000000000E+02   0.6412431153116608E+00   0.6559483962668166E+00  -0.1172330528256439E+00   0.3715297669257091E+00   0.1949451670164126E-03   0.4121214052727732E-01   0.7795350844682801E+00
  0.1907500000000000E+02   0.6556816186576356E+00   0.6531050321812970E+00  -0.1108612796688990E+00   0.3672683560210330E+00   0.1932156275712804E-03   0.3973729806621364E-01   0.7625593124366620E+00
  0.1912500000000000E+02   0.6697005133501041E+00   0.6525142669731834E+00  -0.1042526787673683E+00   0.3642289803754384E+00   0.1921189189365388E-03   0.3851618826808931E-01   0.7463501500022919E+00
  0.1917500000000000E+02   0.6830175921443712E+00   0.6541463857474027E+00  -0.9757114490673502E-01   0.3624365411497161E+00   0.1916732655608662E-03   0.3756213209240965E-01   0.7313633434638210E+00
  0.1922500000000000E+02   0.6953344432280021E+00   0.6579477974743568E+00  -0.9098553458909031E-01   0.3619017202201172E+00   0.1918894898216743E-03   0.3688472109046921E-01   0.7179816209593228E+00
  0.1927500000000000E+02   0.7063327170074418E+00   0.6638312984814595E+00  -0.8467192150223213E-01   0.3626193241940837E+00   0.1927700336546089E-03   0.3649027418358389E-01   0.7065207669429454E+00
  0.1932500000000000E+02   0.7156737937738904E+00   0.6716628823562480E+00  -0.7881531102767680E-01   0.3645647232291482E+00   0.1943069510431262E-03   0.3638191820444618E-01   0.6972375511083455E+00
  0.1937500000000000E+02   0.7230035411573015E+00   0.6812457796501482E+00  -0.7361004909549140E-01   0.3676884550534003E+00   0.1964788905955397E-03   0.3655925974678597E-01   0.6903375718502714E+00
  0.1942500000000000E+02   0.7279640146538580E+00   0.6923031475904706E+00  -0.6925807133054929E-01   0.3719092942230280E+00   0.1992472112396810E-03   0.3701764308611942E-01   0.6859816518839155E+00
  0.1947500000000000E+02   0.7302138244783578E+00   0.7044618887330629E+00  -0.6596408985438507E-01   0.3771064265737054E+00   0.2025515599539541E-03   0.3774702169498545E-01   0.6842898571167880E+00
  0.1952500000000000E+02   0.7294581829504644E+00   0.7172413732650145E+00  -0.6392689292297715E-01   0.3831118359465901E+00   0.2063054990595645E-03   0.3873051899316243E-01   0.6853424985512039E+00
  0.1957500000000000E+02   0.7254880554185260E+00   0.7300520700576616E+00  -0.6332625527328051E-01   0.3897045658468087E+00   0.2103930827561052E-03   0.3994282481529118E-01   0.6891776705016610E+00
  0.1962500000000000E+02   0.7182252053964764E+00   0.7422096650301822E+00  -0.6430564328213695E-01   0.3966090314115137E+00   0.2146675784381958E-03   0.4134866799050008E-01   0.6957850545170605E+00
  0.1967500000000000E+02   0.7077665004215227E+00   0.7529693347949893E+00  -0.6695199701365806E-01   0.4034997837115629E+00   0.2189536753165195E-03   0.4290170990738180E-01   0.7050959707672321E+00
  0.1972500000000000E+02   0.6944175499571585E+00   0.7615816875271015E+00  -0.7127525821380842E-01   0.4100147510135090E+00   0.2230543440557491E-03   0.4454428881209978E-01   0.7169700876140598E+00
  0.1977500000000000E+02   0.6787041888755717E+00   0.7673663654782197E+00  -0.7719161468463676E-01   0.4157777376589278E+00   0.2267628550234288E-03   0.4620846291968087E-01   0.7311798959681824E+00
  0.1982500000000000E+02   0.6613522704042212E+00   0.7697925780541850E+00  -0.8451505063357123E-01   0.4204288549947917E+00   0.2298793197291705E-03   0.4781870067418121E-01   0.7473950622691082E+00
  0.1987500000000000E+02   0.6432325218856261E+00   0.7685504452629229E+00  -0.9296113103349768E-01   0.4236590467940057E+00   0.2322297284539870E-03   0.4929631762083327E-01   0.7651700280463544E+00
  0.1992500000000000E+02   0.6252766134172119E+00   0.7635959990736735E+00  -0.1021647778123881E+00   0.4252428397791863E+00   0.2336842981813887E-03   0.5056538063375645E-01   0.7839394688919930E+00
  0.1997500000000000E+02   0.6083796783458784E+00   0.7551577048662707E+00  -0.1117105661689951E+00   0.4250628658327246E+00   0.2341715584425728E-03   0.5155937729430465E-01   0.8030269506504734E+00
  0.2002500000000000E+02   0.5933092194552232E+00   0.7437022487184076E+00  -0.1211708598251964E+00   0.4231210679760126E+00   0.2336852856450527E-03   0.5222761632860785E-01   0.8216715997083035E+00
  0.2007500000000000E+02   0.5806383124975304E+00   0.7298682063815616E+00  -0.1301451344607474E+00   0.4195344736786012E+00   0.2322829855376268E-03   0.5254021793893803E-01   0.8390751372080190E+00
  0.2012500000000000E+02   0.5707132639454681E+00   0.7143835911673792E+00  -0.1382938181064008E+00   0.4145169236209501E+00   0.2300765453145875E-03   0.5249074028340879E-01   0.8544670106300938E+00
  0.2017500000000000E+02   0.5636560385649468E+00   0.6979846770879734E+00  -0.1453617519337933E+00   0.4083509477064162E+00   0.2272172522129949E-03   0.5209593743398502E-01   0.8671794108718395E+00
  0.2022500000000000E+02   0.5593938571376940E+00   0.6813495057623962E+00  -0.1511891050480619E+00   0.4013553017606920E+00   0.2238781589200915E-03   0.5139272757760670E-01   0.8767186953146153E+00
  0.2027500000000000E+02   0.5577046372690170E+00   0.6650528544600753E+00  -0.1557102538785776E+00   0.3938534475369728E+00   0.2202367078612686E-03   0.5043299595006837E-01   0.8828177092026339E+00
  0.2032500000000000E+02   0.5582673321028098E+00   0.6495431515519592E+00  -0.1589430471861998E+00   0.3861469484194135E+00   0.2164598502522352E-03   0.4927721406232072E-01   0.8854564460030998E+00
  0.2037500000000000E+02   0.5607091263992157E+00   0.6351376859996162E+00  -0.1609717747726035E+00   0.3784960189077541E+00   0.2126929650403019E-03   0.4798794826926828E-01   0.8848460018026093E+00
  0.2042500000000000E+02   0.5646450317410517E+00   0.6220308147435729E+00  -0.1619271695868313E+00   0.3711078513527951E+00   0.2090529980040396E-03   0.4662417320990695E-01   0.8813801416775848E+00
  0.2047500000000000E+02   0.5697084031081504E+00   0.6103101047980415E+00  -0.1619662108082628E+00   0.3641321583146847E+00   0.2056255789335209E-03   0.4523698997044976E-01   0.8755663575016022E+00
  0.2052500000000000E+02   0.5755727597031387E+00   0.5999765361256739E+00  -0.1612536937265907E+00   0.3576626994587904E+00   0.2024654896515396E-03   0.4386699420734044E-01   0.8679514827003831E+00
  0.2057500000000000E+02   0.5819660808585869E+00   0.5909662645382420E+00  -0.1599467539554738E+00   0.3517433372949066E+00   0.1995997145985997E-03   0.4254324471952332E-01   0.8590554353574775E+00
  0.2062500000000000E+02   0.5886787860639522E+00   0.5831725339056046E+00  -0.1581829331014187E+00   0.3463772337463568E+00   0.1970323281446221E-03   0.4128359722178426E-01   0.8493221327923152E+00
  0.2067500000000000E+02   0.5955662788389799E+00   0.5764669512938163E+00  -0.1560719946278487E+00   0.3415379911699984E+00   0.1947505667508616E-03   0.4009608939843289E-01   0.8390913524563337E+00
  0.2072500000000000E+02   0.6025465637774561E+00   0.5707195181263294E+00  -0.1536914991828476E+00   0.3371817236712568E+00   0.1927315250649765E-03   0.3898105759485461E-01   0.8285910228625493E+00
  0.2077500000000000E+02   0.6095932564386860E+00   0.5658166911489436E+00  -0.1510860365932809E+00   0.3332591496541670E+00   0.1909489640612580E-03   0.3793369118748462E-01   0.8179467638086327E+00
  0.2082500000000000E+02   0.6167243941558639E+00   0.5616765357764274E+00  -0.1482698924033661E+00   0.3297268294068739E+00   0.1893797281828053E-03   0.3694675765911185E-01   0.8072042481085511E+00
  0.2087500000000000E+02   0.6239877907122076E+00   0.5582599371649289E+00  -0.1452327426412493E+00   0.3265566926896359E+00   0.1880092709624917E-03   0.3601324923136905E-01   0.7963595651364398E+00
  0.2092500000000000E+02   0.6314441185935300E+00   0.5555769920571880E+00  -0.1419477244170769E+00   0.3237430911069803E+00   0.1868358309998793E-03   0.3512871780358182E-01   0.7853927534721303E+00
  0.2097500000000000E+02   0.6391492535180365E+00   0.5536881420700086E+00  -0.1383809834612847E+00   0.3213068255470251E+00   0.1858729163948244E-03   0.3429309493701709E-01   0.7742998550084803E+00
  0.2102500000000000E+02   0.6471375066902445E+00   0.5527002233809835E+00  -0.1345016439223626E+00   0.3192959405987623E+00   0.1851499477735372E-03   0.3351185092727268E-01   0.7631193181508514E+00
  0.2107500000000000E+02   0.6554071303147534E+00   0.5527582089646299E+00  -0.1302911569114666E+00   0.3177834819993667E+00   0.1847111426536909E-03   0.3279643266603708E-01   0.7519495315602027E+00
  0.2112500000000000E+02   0.6639089728926462E+00   0.5540338129995702E+00  -0.1257511843809037E+00   0.3168627758490202E+00   0.1846129373684855E-03   0.3216401993145426E-01   0.7409557695607575E+00
  0.2117500000000000E+02   0.6725385480774798E+00   0.5567121951176369E+00  -0.1209095173167619E+00   0.3166410091361645E+00   0.1849203778853505E-03   0.3163672979851183E-01   0.7303666857961236E+00
  0.2122500000000000E+02   0.6811312627782717E+00   0.5609777458054604E+00  -0.1158239142113273E+00   0.3172319150121982E+00   0.1857029334433105E-03   0.3124045517813607E-01   0.7204622820166166E+00
  0.2127500000000000E+02   0.6894602843693446E+00   0.5669994608809396E+00  -0.1105840672659735E+00   0.3187482031820633E+00   0.1870301001114010E-03   0.3100353274921281E-01   0.7115565301397001E+00
  0.2132500000000000E+02   0.6972365874966947E+00   0.5749158877412813E+00  -0.1053120762534518E+00   0.3212940917620715E+00   0.1889670013934323E-03   0.3095539971610638E-01   0.7039782326843244E+00
  0.2137500000000000E+02   0.7041110959817188E+00   0.5848192202237609E+00  -0.1001617984625240E+00   0.3249579864605274E+00   0.1915700138914458E-03   0.3112533285228710E-01   0.6980532630747894E+00
  0.2142500000000000E+02   0.7096794467947098E+00   0.5967379790584386E+00  -0.9531726168004351E-01   0.3298051094500888E+00   0.1948823026694972E-03   0.3154128811421813E-01   0.6940902979455992E+00
  0.2147500000000000E+02   0.7134906252723349E+00   0.6106179564267108E+00  -0.9099002587960792E-01   0.3358697780063295E+00   0.1989290881921228E-03   0.3222879439598499E-01   0.6923709268404368E+00
  0.2152500000000000E+02   0.7150613783281003E+00   0.6263018105168048E+00  -0.8741503114709681E-01   0.3431471215792929E+00   0.2037125159967365E-03   0.3320981493125872E-01   0.6931439459835803E+00
  0.2157500000000000E+02   0.7138986601239026E+00   0.6435089034261405E+00  -0.8484416530159067E-01   0.3515843307922577E+00   0.2092061793118015E-03   0.3450148263225019E-01   0.6966229134831745E+00
  0.2162500000000000E+02   0.7095320733469883E+00   0.6618186061327374E+00  -0.8353663642695697E-01   0.3610720474152319E+00   0.2153496533490118E-03   0.3611464503315877E-01   0.7029857089817448E+00
  0.2167500000000000E+02   0.7015569647408967E+00   0.6806620544775612E+00  -0.8374537497506429E-01   0.3714371725321644E+00   0.2220438061472306E-03   0.3805222083612089E-01   0.7123748401188008E+00
  0.2172500000000000E+02   0.6896862451456762E+00   0.6993286167881194E+00  -0.8569924575890064E-01   0.3824390462023549E+00   0.2291480700276113E-03   0.4030746892019078E-01   0.7248974677565996E+00
  0.2177500000000000E+02   0.6738052463094816E+00   0.7169931969531312E+00  -0.8958188374001019E-01   0.3937713805051185E+00   0.2364811366588942E-03   0.4286238871196781E-01   0.7406244842462015E+00
  0.2182500000000000E+02   0.6540198294236730E+00   0.7327679630447060E+00  -0.9550937371456747E-01   0.4050721708714892E+00   0.2438264705141826E-03   0.4568658093244463E-01   0.7595884029343795E+00
  0.2187500000000000E+02   0.6306851955885951E+00   0.7457767266937675E+00  -0.1035104106740967E+00   0.4159427703195855E+00   0.2509434324274959E-03   0.4873695836839664E-01   0.7817802544409160E+00
  0.2192500000000000E+02   0.6044034967139966E+00   0.7552428681302326E+00  -0.1135134008607236E+00   0.4259753440511829E+00   0.2575836285028973E-03   0.5195866050194582E-01   0.8071460936276652E+00
  0.2197500000000000E+02   0.5759837661714099E+00   0.7605749033922549E+00  -0.1253445564955517E+00   0.4347854398212447E+00   0.2635105867014953E-03   0.5528736219673047E-01   0.8355840442373369E+00
  0.2202500000000000E+02   0.5463671790447313E+00   0.7614309058593841E+00  -0.1387391068401765E+00   0.4420442817656682E+00   0.2685195349304980E-03   0.5865288544295946E-01   0.8669429632022878E+00
  0.2207500000000000E+02   0.5165309877540414E+00   0.7577464329017567E+00  -0.1533646768336786E+00   0.4475046174945015E+00   0.2724535213762701E-03   0.6198369065699832E-01   0.9010236899737267E+00
  0.2212500000000000E+02   0.4873911992356650E+00   0.7497199303547392E+00  -0.1688527156003392E+00   0.4510150874740951E+00   0.2752127449119523E-03   0.6521154826809265E-01   0.9375833635178599E+00
  0.2217500000000000E+02   0.4597240156717107E+00   0.7377612223971917E+00  -0.1848318253210769E+00   0.4525208695051053E+00   0.2767556104325832E-03   0.6827557851102192E-01   0.9763424094801206E+00
  0.2222500000000000E+02   0.4341193994330780E+00   0.7224178298698974E+00  -0.2009567091300094E+00   0.4520517462097303E+00   0.2770920802624308E-03   0.7112495092913866E-01   0.1016992614929303E+01
  0.2227500000000000E+02   0.4109701083063496E+00   0.7042972053351756E+00  -0.2169281284872708E+00   0.4497015095016901E+00   0.2762716047565783E-03   0.7371982931502928E-01   0.1059203470669584E+01
  0.2232500000000000E+02   0.3904904240820609E+00   0.6840003239680669E+00  -0.2325019272193254E+00   0.4456039358443649E+00   0.2743687710491416E-03   0.7603054181986910E-01   0.1102623061694367E+01
  0.2237500000000000E+02   0.3727534620060848E+00   0.6620757562313502E+00  -0.2474878321226117E+00   0.4399103326786514E+00   0.2714697225934110E-03   0.7803533667904095E-01   0.1146869660863930E+01
  0.2242500000000000E+02   0.3577349857309688E+00   0.6389964242512157E+00  -0.2617406503169425E+00   0.4327723208148624E+00   0.2676616312675423E-03   0.7971735988603876E-01   0.1191511179312652E+01
  0.2247500000000000E+02   0.3453538982373976E+00   0.6151559133399862E+00  -0.2751473885295391E+00   0.4243317217910410E+00   0.2630264311091113E-03   0.8106161507473129E-01   0.1236031903617278E+01
  0.2252500000000000E+02   0.3355032976419106E+00   0.5908783020216940E+00  -0.2876138249024490E+00   0.4147176929288260E+00   0.2576389709329652E-03   0.8205263370249991E-01   0.1279789419248940E+01
  0.2257500000000000E+02   0.3280697584572717E+00   0.5664347742304878E+00  -0.2990534401292463E+00   0.4040498995636213E+00   0.2515689021003387E-03   0.8267341899675738E-01   0.1321968959348547E+01
  0.2262500000000000E+02   0.3229415171241021E+00   0.5420611228475132E+00  -0.3093806386838368E+00   0.3924456460462303E+00   0.2448850627980981E-03   0.8290596585995637E-01   0.1361547025488204E+01
  0.2267500000000000E+02   0.3200082014243512E+00   0.5179719545927657E+00  -0.3185090833582537E+00   0.3800285095106109E+00   0.2376608611143516E-03   0.8273334118906162E-01   0.1397279963608101E+01
  0.2272500000000000E+02   0.3191556319232610E+00   0.4943694031234656E+00  -0.3263548953869655E+00   0.3669360912282208E+00   0.2299791764924719E-03   0.8214297984578005E-01   0.1427734563159408E+01
  0.2277500000000000E+02   0.3202591752594030E+00   0.4714460233098600E+00  -0.3328435742093866E+00   0.3533249513044659E+00   0.2219355560800989E-03   0.8113056438581213E-01   0.1451374421372189E+01
  0.2282500000000000E+02   0.3231783807467122E+00   0.4493829619538758E+00  -0.3379188770596995E+00   0.3393715259228108E+00   0.2136389228677367E-03   0.7970367334662057E-01   0.1466705736616307E+01
  0.2287500000000000E+02   0.3277544983025350E+00   0.4283452956393852E+00  -0.3415516470856578E+00   0.3252687122258690E+00   0.2052095581617280E-03   0.7788436245142281E-01   0.1472469284587480E+01
  0.2292500000000000E+02   0.3338112977037436E+00   0.4084765720876399E+00  -0.3437467180495488E+00   0.3112186889744812E+00   0.1967746757906230E-03   0.7571001948461589E-01   0.1467845453838882E+01
  0.2297500000000000E+02   0.3411586709725034E+00   0.3898942208915820E+00  -0.3445465188638783E+00   0.2974232589441466E+00   0.1884623665575763E-03   0.7323218932150144E-01   0.1452624541404177E+01
  0.2302500000000000E+02   0.3495979592520541E+00   0.3726868453150482E+00  -0.3440307465323296E+00   0.2840734099539744E+00   0.1803949665944254E-03   0.7051351783243867E-01   0.1427294340682837E+01
  0.2307500000000000E+02   0.3589278142346110E+00   0.3569137124374953E+00  -0.3423123022478829E+00   0.2713398119330614E+00   0.1726829350458137E-03   0.6762338043146768E-01   0.1393015709035222E+01
  0.2312500000000000E+02   0.3689495822893583E+00   0.3426062033807353E+00  -0.3395303933091289E+00   0.2593656088864435E+00   0.1654201167840829E-03   0.6463301189782862E-01   0.1351488807239121E+01
  0.2317500000000000E+02   0.3794715407038156E+00   0.3297706504232740E+00  -0.3358421248885610E+00   0.2482622451536405E+00   0.1586808849027657E-03   0.6161096826136005E-01   0.1304744337767096E+01
  0.2322500000000000E+02   0.3903116867251667E+00   0.3183918687599510E+00  -0.3314139657959669E+00   0.2381083753409565E+00   0.1525192239095797E-03   0.5861955135262623E-01   0.1254911484611932E+01
  0.2327500000000000E+02   0.4012990943744950E+00   0.3084367316827761E+00  -0.3264142155416898E+00   0.2289513368596528E+00   0.1469694488994316E-03   0.5571250969017551E-01   0.1204011781999459E+01
  0.2332500000000000E+02   0.4122740754380128E+00   0.2998572695353692E+00  -0.3210071589298655E+00   0.2208103321551783E+00   0.1420480367612664E-03   0.5293401440784872E-01   0.1153810656803087E+01
  0.2337500000000000E+02   0.4230875119086245E+00   0.2925929373114879E+00  -0.3153491236632435E+00   0.2136803934853735E+00   0.1377559882102237E-03   0.5031868209491083E-01   0.1105736289609937E+01
  0.2342500000000000E+02   0.4335997893119099E+00   0.2865718582881602E+00  -0.3095862716809488E+00   0.2075363267948597E+00   0.1340812091192169E-03   0.4789230783957378E-01   0.1060857797006917E+01
  0.2347500000000000E+02   0.4436797791113445E+00   0.2817109990214589E+00  -0.3038537071028372E+00   0.2023360620431216E+00   0.1310005401962673E-03   0.4567296471358583E-01   0.1019905540204549E+01
  0.2352500000000000E+02   0.4532043118632522E+00   0.2779153679884148E+00  -0.2982753685550391E+00   0.1980230959088208E+00   0.1284812254985426E-03   0.4367218194199238E-01   0.9833148862024107E+00
  0.2357500000000000E+02   0.4620585563635545E+00   0.2750764676843599E+00  -0.2929641590984596E+00   0.1945279516054026E+00   0.1264817620846675E-03   0.4189599544528257E-01   0.9512780022148124E+00
  0.2362500000000000E+02   0.4701376646633154E+00   0.2730703788769105E+00  -0.2880218185711639E+00   0.1917687830888990E+00   0.1249522042508423E-03   0.4034574617192573E-01   0.9237932465964633E+00
  0.2367500000000000E+02   0.4773499368105746E+00   0.2717560170251705E+00  -0.2835381395044787E+00   0.1896514190142780E+00   0.1238341069464053E-03   0.3901857250670570E-01   0.9007064682135699E+00
  0.2372500000000000E+02   0.4836215742155496E+00   0.2709742569165042E+00  -0.2795892641499663E+00   0.1880692800869866E+00   0.1230603867110859E-03   0.3790760193859963E-01   0.8817421983526953E+00
  0.2377500000000000E+02   0.4889028041469077E+00   0.2705487290292943E+00  -0.2762349830506297E+00   0.1869037067926012E+00   0.1225554510192548E-03   0.3700189761267360E-01   0.8665252223897814E+00
  0.2382500000000000E+02   0.4931747727173086E+00   0.2702890811723509E+00  -0.2735151909330151E+00   0.1860252807759874E+00   0.1222359832563397E-03   0.3628626064406879E-01   0.8545946003177554E+00
  0.2387500000000000E+02   0.4964561702607983E+00   0.2699972917463519E+00  -0.2714459334304666E+00   0.1852966746981868E+00   0.1220127450887189E-03   0.3574102857736691E-01   0.8454131654479099E+00
  0.2392500000000000E+02   0.4988081840214511E+00   0.2694771599320860E+00  -0.2700157578484014E+00   0.1845773815184100E+00   0.1217936425546035E-03   0.3534203782500713E-01   0.8383760658296874E+00
  0.2397500000000000E+02   0.5003362320320461E+00   0.2685463993828368E+00  -0.2691832869190306E+00   0.1837303352373413E+00   0.1214880819767016E-03   0.3506092176783733E-01   0.8328220595173703E+00
  0.2402500000000000E+02   0.5011871801568404E+00   0.2670499571240651E+00  -0.2688769687991893E+00   0.1826299717883713E+00   0.1210123349104490E-03   0.3486588345184801E-01   0.8280509210776814E+00
  0.2407500000000000E+02   0.5015414518599058E+00   0.2648725142789443E+00  -0.2689977380765092E+00   0.1811707898016509E+00   0.1202953016977952E-03   0.3472300503746927E-01   0.8233492790310878E+00
  0.2412500000000000E+02   0.5016005032196539E+00   0.2619478861476991E+00  -0.2694248372122390E+00   0.1792751105499855E+00   0.1192838130144486E-03   0.3459804150503257E-01   0.8180253655794426E+00
  0.2417500000000000E+02   0.5015712605248543E+00   0.2582634172456058E+00  -0.2700243861770015E+00   0.1768986609655624E+00   0.1179465441632326E-03   0.3445851774142601E-01   0.8114506455776062E+00
  0.2422500000000000E+02   0.5016499173496336E+00   0.2538584307845040E+00  -0.2706596363078795E+00   0.1740328956287317E+00   0.1162757967857372E-03   0.3427584412649924E-01   0.8031035967377128E+00
  0.2427500000000000E+02   0.5020076586864426E+00   0.2488170597015514E+00  -0.2712014185854721E+00   0.1707035839851811E+00   0.1142867993401063E-03   0.3402712449056344E-01   0.7926088710562482E+00
  0.2432500000000000E+02   0.5027803583351689E+00   0.2432569372632725E+00  -0.2715372462862422E+00   0.1669659402784359E+00   0.1120146764545894E-03   0.3369637260061935E-01   0.7797645764261723E+00
  0.2437500000000000E+02   0.5040632922655166E+00   0.2373158967276768E+00  -0.2715778694556734E+00   0.1628972314105409E+00   0.1095096824921283E-03   0.3327497023335204E-01   0.7645519924890332E+00
  0.2442500000000000E+02   0.5059107945752753E+00   0.2311388756392860E+00  -0.2712606754928338E+00   0.1585881726607805E+00   0.1068315574033935E-03   0.3276135473239473E-01   0.7471254301836642E+00
  0.2447500000000000E+02   0.5083399015359805E+00   0.2248667432187229E+00  -0.2705499826323225E+00   0.1541344422954338E+00   0.1040438916418820E-03   0.3216006812954146E-01   0.7277841298075337E+00
  0.2452500000000000E+02   0.5113365720193440E+00   0.2186280253077276E+00  -0.2694347935838731E+00   0.1496293714699561E+00   0.1012092158379896E-03   0.3148039370357380E-01   0.7069316758584002E+00
  0.2457500000000000E+02   0.5148630397810823E+00   0.2125337608437007E+00  -0.2679248600330815E+00   0.1451584333633463E+00   0.9838524947004042E-04   0.3073483266175403E-01   0.6850302803633345E+00
  0.2462500000000000E+02   0.5188651167422870E+00   0.2066751688047885E+00  -0.2660459485089678E+00   0.1407957135633536E+00   0.9562244951957320E-04   0.2993764154082754E-01   0.6625570975741097E+00
  0.2467500000000000E+02   0.5232786605865704E+00   0.2011234985192591E+00  -0.2638350584666770E+00   0.1366021982114148E+00   0.9296276697424541E-04   0.2910358355507538E-01   0.6399679220349450E+00
  0.2472500000000000E+02   0.5280348091177045E+00   0.1959313512791620E+00  -0.2613361147125514E+00   0.1326255115362219E+00   0.9043937752726588E-04   0.2824697095101393E-01   0.6176710741330800E+00
  0.2477500000000000E+02   0.5330638904871526E+00   0.1911348257953424E+00  -0.2585964180805400E+00   0.1289006625113026E+00   0.8807709963395751E-04   0.2738101030411426E-01   0.5960118636306718E+00
  0.2482500000000000E+02   0.5382981187414253E+00   0.1867559791359900E+00  -0.2556639409786048E+00   0.1254513850783507E+00   0.8589322514483836E-04   0.2651741825854749E-01   0.5752662909899701E+00
  0.2487500000000000E+02   0.5436732886652678E+00   0.1828052514963708E+00  -0.2525854182300584E+00   0.1222917347046350E+00   0.8389853688631579E-04   0.2566625228184603E-01   0.5556417564306398E+00
  0.2492500000000000E+02   0.5491297178898958E+00   0.1792836439986848E+00  -0.2494051069260061E+00   0.1194277003833884E+00   0.8209835006728426E-04   0.2483589517252722E-01   0.5372823710731210E+00
  0.2497500000000000E+02   0.5546126742529287E+00   0.1761845497580873E+00  -0.2461640590110591E+00   0.1168586824919455E+00   0.8049347462483504E-04   0.2403313720546141E-01   0.5202767526513024E+00
  0.2502500000000000E+02   0.5600724935841109E+00   0.1734952182533457E+00  -0.2428997515066202E+00   0.1145787619265738E+00   0.7908104573915149E-04   0.2326331041197501E-01   0.5046666923389774E+00
  0.2507500000000000E+02   0.5654645513894155E+00   0.1711978863867467E+00  -0.2396459381826966E+00   0.1125777417283541E+00   0.7785520751122518E-04   0.2253044163942661E-01   0.4904556181183363E+00
  0.2512500000000000E+02   0.5707492088802470E+00   0.1692706430483653E+00  -0.2364326136018254E+00   0.1108419807234252E+00   0.7680766113588001E-04   0.2183740244251354E-01   0.4776162511802200E+00
  0.2517500000000000E+02   0.5758918124468455E+00   0.1676881132590360E+00  -0.2332860101440467E+00   0.1093550629554447E+00   0.7592810595853690E-04   0.2118604352745028E-01   0.4660972146867012E+00
  0.2522500000000000E+02   0.5808627863681008E+00   0.1664220568330846E+00  -0.2302285781850004E+00   0.1080983601863834E+00   0.7520461167792564E-04   0.2057730919370207E-01   0.4558286066536546E+00
  0.2527500000000000E+02   0.5856378206969935E+00   0.1654419765272938E+00  -0.2272789280743231E+00   0.1070515497364401E+00   0.7462396407052531E-04   0.2001133315922805E-01   0.4467267059938021E+00
  0.2532500000000000E+02   0.5901981196997249E+00   0.1647158214953971E+00  -0.2244517395688979E+00   0.1061931474153761E+00   0.7417202554041559E-04   0.1948752154729842E-01   0.4386980619273943E+00
  0.2537500000000000E+02   0.5945306422349939E+00   0.1642108521496490E+00  -0.2217576691992375E+00   0.1055011052795640E+00   0.7383414544638391E-04   0.1900463178354623E-01   0.4316432378696001E+00
  0.2542500000000000E+02   0.5986282372871546E+00   0.1638947009891706E+00  -0.2192033070417770E+00   0.1049535061222012E+00   0.7359564320623818E-04   0.1856085765913084E-01   0.4254604524091832E+00
  0.2547500000000000E+02   0.6024895605734782E+00   0.1637366209262956E+00  -0.2167912488164199E+00   0.1045293612200182E+00   0.7344236969538262E-04   0.1815393068348982E-01   0.4200492895728416E+00
  0.2552500000000000E+02   0.6061186575583541E+00   0.1637088613801760E+00  -0.2145203537575239E+00   0.1042094866259841E+00   0.7336133054071335E-04   0.1778124588804085E-01   0.4153145457397016E+00
  0.2557500000000000E+02   0.6095241190179824E+00   0.1637880597207003E+00  -0.2123862502985696E+00   0.1039773999519367E+00   0.7334133111769762E-04   0.1744001642285831E-01   0.4111701526799993E+00
  0.2562500000000000E+02   0.6127177587514594E+00   0.1639564912638239E+00  -0.2103821289700568E+00   0.1038201497706518E+00   0.7337358134707039E-04   0.1712745592212973E-01   0.4075429828972924E+00
  0.2567500000000000E+02   0.6157128250968215E+00   0.1642029954014549E+00  -0.2084998267172916E+00   0.1037289699637279E+00   0.7345218339526555E-04   0.1684098144175361E-01   0.4043762282757782E+00
  0.2572500000000000E+02   0.6185218290246536E+00   0.1645233964601794E+00  -0.2067311642271054E+00   0.1036996469802583E+00   0.7357442110044984E-04   0.1657842389576780E-01   0.4016319711039176E+00
  0.2577500000000000E+02   0.6211541386837414E+00   0.1649202675372858E+00  -0.2050694555384014E+00   0.1037325013400921E+00   0.7374077821361159E-04   0.1633822854186586E-01   0.3992925571933252E+00
  0.2582500000000000E+02   0.6236135408257739E+00   0.1654019384492238E+00  -0.2035110753364636E+00   0.1038319136195742E+00   0.7395463204271304E-04   0.1611962610919884E-01   0.3973604396052536E+00
  0.2587500000000000E+02   0.6258959961470002E+00   0.1659807135310810E+00  -0.2020569495762137E+00   0.1040053631916018E+00   0.7422159546054770E-04   0.1592275589063244E-01   0.3958562755722455E+00
  0.2592500000000000E+02   0.6279878191540170E+00   0.1666703279491212E+00  -0.2007138303334104E+00   0.1042619866790922E+00   0.7454850754875666E-04   0.1574872498231513E-01   0.3948151991715362E+00
  0.2597500000000000E+02   0.6298645028514613E+00   0.1674827228922199E+00  -0.1994952214907452E+00   0.1046106952691248E+00   0.7494209628651796E-04   0.1559959161594783E-01   0.3942813214368399E+00
  0.2602500000000000E+02   0.6314903980952828E+00   0.1684242598582344E+00  -0.1984218296119963E+00   0.1050579133016488E+00   0.7540735382437445E-04   0.1547826373315401E-01   0.3943005975673521E+00
  0.2607500000000000E+02   0.6328194586833096E+00   0.1694915328585201E+00  -0.1975214153712613E+00   0.1056050193145866E+00   0.7594567906914477E-04   0.1538830551470060E-01   0.3949122372491775E+00
  0.2612500000000000E+02   0.6337972784692721E+00   0.1706669950382436E+00  -0.1968279106013214E+00   0.1062455962370525E+00   0.7655286158203565E-04   0.1533364438709609E-01   0.3961388368065134E+00
  0.2617500000000000E+02   0.6343646617371611E+00   0.1719147170842149E+00  -0.1963796485838871E+00   0.1069626452225062E+00   0.7721701647629341E-04   0.1531817037024363E-01   0.3979754287249081E+00
  0.2622500000000000E+02   0.6344629473030956E+00   0.1731767562594040E+00  -0.1962165472662911E+00   0.1077260023644558E+00   0.7791664300409710E-04   0.1534522135986688E-01   0.4003777467545181E+00
  0.2627500000000000E+02   0.6340411942800482E+00   0.1743708320079600E+00  -0.1963761173020191E+00   0.1084903247415634E+00   0.7861907434210220E-04   0.1541695629032563E-01   0.4032502755307628E+00
  0.2632500000000000E+02   0.6330650676901342E+00   0.1753902300729136E+00  -0.1968882806533431E+00   0.1091941667938778E+00   0.7927970234122458E-04   0.1553363787142009E-01   0.4064351608188278E+00
  0.2637500000000000E+02   0.6315267890635698E+00   0.1761069868304810E+00  -0.1977692210804285E+00   0.1097608016658613E+00   0.7984246396226720E-04   0.1569288114129548E-01   0.4097038124672188E+00
  0.2642500000000000E+02   0.6294548638437268E+00   0.1763792781228476E+00  -0.1990148585256066E+00   0.1101014669249556E+00   0.8024210139558458E-04   0.1588897213382321E-01   0.4127539285611802E+00
  0.2647500000000000E+02   0.6269216139532010E+00   0.1760633817175868E+00  -0.2005949948968792E+00   0.1101215157483753E+00   0.8040857055172154E-04   0.1611241229264298E-01   0.4152154017214991E+00
  0.2652500000000000E+02   0.6240461326780944E+00   0.1750295253052348E+00  -0.2024495734136051E+00   0.1097294412181439E+00   0.8027360229625616E-04   0.1634987692290365E-01   0.4166686011642510E+00
  0.2657500000000000E+02   0.6209905240210384E+00   0.1731795333394937E+00  -0.2044885952683919E+00   0.1088479261953017E+00   0.7977882297637008E-04   0.1658475943873258E-01   0.4166771914183779E+00
  0.2662500000000000E+02   0.6179484523998542E+00   0.1704629172483092E+00  -0.2065968137921516E+00   0.1074251529433945E+00   0.7888415711247511E-04   0.1679838170297800E-01   0.4148344934982626E+00
  0.2667500000000000E+02   0.6151269872772616E+00   0.1668875777824420E+00  -0.2086433058432970E+00   0.1054439666807161E+00   0.7757474480879813E-04   0.1697178520280017E-01   0.4108177121751146E+00
  0.2672500000000000E+02   0.6127248457909412E+00   0.1625221089065424E+00  -0.2104946370035804E+00   0.1029265388962782E+00   0.7586461796981519E-04   0.1708782289721705E-01   0.4044396200708644E+00
  0.2677500000000000E+02   0.6109114849270438E+00   0.1574887490304033E+00  -0.2120291186742610E+00   0.9993310207442746E-01   0.7379603710669437E-04   0.1713312899879401E-01   0.3956849164036516E+00
  0.2682500000000000E+02   0.6098113718260385E+00   0.1519485742295486E+00  -0.2131491775627102E+00   0.9655488047841404E-01   0.7143452372551929E-04   0.1709953248950199E-01   0.3847205705825155E+00
  0.2687500000000000E+02   0.6094961675846525E+00   0.1460825020783799E+00  -0.2137893935104076E+00   0.9290290723158395E-01   0.6886078509769129E-04   0.1698462329819984E-01   0.3718761555311090E+00
  0.2692500000000000E+02   0.6099852275087769E+00   0.1400723057991802E+00  -0.2139190826971309E+00   0.8909534802077616E-01   0.6616143753339685E-04   0.1679142225515587E-01   0.3575989503271215E+00
  0.2697500000000000E+02   0.6112527499088740E+00   0.1340850721697724E+00  -0.2135398167307443E+00   0.8524593807940208E-01   0.6342045301852276E-04   0.1652734234874727E-01   0.3423955126811369E+00
  0.2702500000000000E+02   0.6132387914243507E+00   0.1282629482883310E+00  -0.2126793760607345E+00   0.8145534639152631E-01   0.6071269198154518E-04   0.1620276796798388E-01   0.3267735926997758E+00
  0.2707500000000000E+02   0.6158613251743090E+00   0.1227183788928580E+00  -0.2113840442120833E+00   0.7780617294906771E-01   0.5810007751172680E-04   0.1582958986448408E-01   0.3111954950441811E+00
  0.2712500000000000E+02   0.6190272098213925E+00   0.1175338788059002E+00  -0.2097109288989054E+00   0.7436132113160977E-01   0.5563025313876014E-04   0.1541994773678756E-01   0.2960484741089703E+00
  0.2717500000000000E+02   0.6226408841209023E+00   0.1127648768631035E+00  -0.2077214318733922E+00   0.7116491686108785E-01   0.5333713591856628E-04   0.1498530922803482E-01   0.2816322581190555E+00
  0.2722500000000000E+02   0.6266104366613638E+00   0.1084441838770859E+00  -0.2054763773053238E+00   0.6824478264679575E-01   0.5124264463748854E-04   0.1453590493968716E-01   0.2681601746250513E+00
  0.2727500000000000E+02   0.6308512578927770E+00   0.1045869440748441E+00  -0.2030328339599682E+00   0.6561559153968374E-01   0.4935895994467430E-04   0.1408046891351672E-01   0.2557689942328364E+00
  0.2732500000000000E+02   0.6352877555360842E+00   0.1011953195288296E+00  -0.2004423874699045E+00   0.6328206869834571E-01   0.4769084646155239E-04   0.1362620416576497E-01   0.2445329455949603E+00
  0.2737500000000000E+02   0.6398536795591123E+00   0.9826250347740219E-01  -0.1977505094483530E+00   0.6124186093894209E-01   0.4623775070814515E-04   0.1317889187619815E-01   0.2344785205789676E+00
  0.2742500000000000E+02   0.6444915484151468E+00   0.9577591048624876E-01  -0.1949966718514256E+00   0.5948789721560753E-01   0.4499553772133062E-04   0.1274307702292843E-01   0.2255979962679832E+00
  0.2747500000000000E+02   0.6491515649607209E+00   0.9371954744592113E-01  -0.1922149121500830E+00   0.5801019903411105E-01   0.4395783038492962E-04   0.1232228207102188E-01   0.2178606771254548E+00
  0.2752500000000000E+02   0.6537903023418573E+00   0.9207564990076778E-01  -0.1894346283817523E+00   0.5679717708452310E-01   0.4311697370776950E-04   0.1191921769784057E-01   0.2112215922423738E+00
  0.2757500000000000E+02   0.6583693486047159E+00   0.9082569834249743E-01  -0.1866814512795009E+00   0.5583648527712979E-01   0.4246467322712003E-04   0.1153597298951833E-01   0.2056278011921844E+00
  0.2762500000000000E+02   0.6628540306159241E+00   0.8995093042401255E-01  -0.1839780944787318E+00   0.5511551210537211E-01   0.4199236415883267E-04   0.1117417676019540E-01   0.2010226533775471E+00
  0.2767500000000000E+02   0.6672122919800618E+00   0.8943245303240054E-01  -0.1813451218846889E+00   0.5462158439603385E-01   0.4169136508499706E-04   0.1083512732170349E-01   0.1973483965501056E+00
  0.2772500000000000E+02   0.6714137715994335E+00   0.8925104265222020E-01  -0.1788015958623076E+00   0.5434194842715211E-01   0.4155286309045835E-04   0.1051989114283486E-01   0.1945475071786091E+00
  0.2777500000000000E+02   0.6754291140779829E+00   0.8938670904303991E-01  -0.1763655844219548E+00   0.5426358306088164E-01   0.4156777006078358E-04   0.1022937229210838E-01   0.1925630623682577E+00
  0.2782500000000000E+02   0.6792295353579846E+00   0.8981808862299832E-01  -0.1740545134898128E+00   0.5437289148615652E-01   0.4172648427762465E-04   0.9964355071162206E-02   0.1913384153066360E+00
  0.2787500000000000E+02   0.6827866625085264E+00   0.9052173082337393E-01  -0.1718853546859711E+00   0.5465531332865586E-01   0.4201858824255055E-04   0.9725522328148871E-02   0.1908163860913172E+00
  0.2792500000000000E+02   0.6860726619631203E+00   0.9147134244057979E-01  -0.1698746422036397E+00   0.5509489716312148E-01   0.4243251279450301E-04   0.9513451927369682E-02   0.1909381416679835E+00
  0.2797500000000000E+02   0.6890606631018508E+00   0.9263706004722620E-01  -0.1680383161726920E+00   0.5567387407858982E-01   0.4295519850259600E-04   0.9328593938712664E-02   0.1916419123428412E+00
  0.2802500000000000E+02   0.6917254722729269E+00   0.9398482649722002E-01  -0.1663913954213008E+00   0.5637227469881947E-01   0.4357178711839173E-04   0.9171231383400967E-02   0.1928616755646081E+00
  0.2807500000000000E+02   0.6940445557156827E+00   0.9547595176556450E-01  -0.1649474902481894E+00   0.5716763356231413E-01   0.4426537750267067E-04   0.9041427829695891E-02   0.1945259273500701E+00
  0.2812500000000000E+02   0.6959992492090766E+00   0.9706693822112578E-01  -0.1637181754395558E+00   0.5803482472678685E-01   0.4501688089538473E-04   0.8938965711861986E-02   0.1965566552406123E+00
  0.2817500000000000E+02   0.6975761295282252E+00   0.9870964405896364E-01  -0.1627122545425407E+00   0.5894606997086335E-01   0.4580500894491307E-04   0.8863279860687282E-02   0.1988686226263544E+00
  0.2822500000000000E+02   0.6987684603849507E+00   0.1003518452741751E+00  -0.1619349573765531E+00   0.5987115568025452E-01   0.4660642425463858E-04   0.8813391313571242E-02   0.2013690727327384E+00
  0.2827500000000000E+02   0.6995776056543546E+00   0.1019382366473424E+00  -0.1613871231889697E+00   0.6077788659469435E-01   0.4739607743383889E-04   0.8787846999564516E-02   0.2039579624861216E+00
  0.2832500000000001E+02   0.7000142866601662E+00   0.1034118866912444E+00  -0.1610644315580316E+00   0.6163279432966232E-01   0.4814774693380013E-04   0.8784671414255374E-02   0.2065288420021258E+00
  0.2837500000000000E+02   0.7000995485487322E+00   0.1047161308486554E+00  -0.1609567523991238E+00   0.6240210570079440E-01   0.4883478806324364E-04   0.8801336972001118E-02   0.2089705012782910E+00
  0.2842500000000000E+02   0.6998652939276404E+00   0.1057968505586620E+00  -0.1610476952963992E+00   0.6305295900941571E-01   0.4943108440760931E-04   0.8834760321558261E-02   0.2111695024555574E+00
  0.2847499999999999E+02   0.6993542425513201E+00   0.1066050411790145E+00  -0.1613144454659563E+00   0.6355483327612699E-01   0.4991217654858805E-04   0.8881332288576018E-02   0.2130136874108861E+00
  0.2852500000000000E+02   0.6986191899464422E+00   0.1070995182089962E+00  -0.1617279749753084E+00   0.6388112391430548E-01   0.5025651781624882E-04   0.8936988716131434E-02   0.2143966761234707E+00
  0.2857500000000000E+02   0.6977214745742210E+00   0.1072495523431783E+00  -0.1622537067489307E+00   0.6401075910880577E-01   0.5044677515798804E-04   0.8997327532458596E-02   0.2152232350722784E+00
  0.2862500000000000E+02   0.6967286309780085E+00   0.1070371708142678E+00  -0.1628526779707464E+00   0.6392970985967478E-01   0.5047105943232892E-04   0.9057773161025096E-02   0.2154151973326959E+00
  0.2867500000000000E+02   0.6957113070810721E+00   0.1064588342323844E+00  -0.1634831945193972E+00   0.6363221487894721E-01   0.5032394268656177E-04   0.9113782706620097E-02   0.2149173861164239E+00
  0.2872500000000000E+02   0.6947396460483833E+00   0.1055262163380184E+00  -0.1641028925903232E+00   0.6312153457799893E-01   0.5000711249806125E-04   0.9161079989459258E-02   0.2137027926071098E+00
  0.2877500000000000E+02   0.6938794507240919E+00   0.1042658932638504E+00  -0.1646710416028994E+00   0.6241007941585344E-01   0.4952953603795414E-04   0.9195895369675447E-02   0.2117761683562875E+00
  0.2882500000000000E+02   0.6931885265075775E+00   0.1027178860728536E+00  -0.1651508561286452E+00   0.6151883057370768E-01   0.4890706260077513E-04   0.9215184022874053E-02   0.2091752834452552E+00
  0.2887500000000000E+02   0.6927136056482627E+00   0.1009331703847971E+00  -0.1655115571629978E+00   0.6047607444487520E-01   0.4816147488234048E-04   0.9216795246234413E-02   0.2059693976840244E+00
  0.2892500000000000E+02   0.6924881799176910E+00   0.9897042807055556E-01  -0.1657299488514198E+00   0.5931558248692863E-01   0.4731908732372641E-04   0.9199571460310163E-02   0.2022549440008158E+00
  0.2897500000000000E+02   0.6925314236022087E+00   0.9689242463326350E-01  -0.1657913534972468E+00   0.5807445477786936E-01   0.4640906065102077E-04   0.9163366737349181E-02   0.1981489147988691E+00
  0.2902500000000000E+02   0.6928482117249832E+00   0.9476242351018729E-01  -0.1656898559968041E+00   0.5679088537477035E-01   0.4546163597480830E-04   0.9108988033949701E-02   0.1937808316291473E+00
  0.2907500000000000E+02   0.6934300751623378E+00   0.9264099234468685E-01  -0.1654279196196953E+00   0.5550209174411361E-01   0.4450648196742007E-04   0.9038074222922290E-02   0.1892843559832625E+00
  0.2912500000000000E+02   0.6942568225646487E+00   0.9058343826025042E-01  -0.1650155205509318E+00   0.5424258802991066E-01   0.4357130110196466E-04   0.8952935574605785E-02   0.1847895292712140E+00
  0.2917500000000000E+02   0.6952985167870586E+00   0.8863796515402241E-01  -0.1644689919720005E+00   0.5304289386172730E-01   0.4268077205998531E-04   0.8856378251103468E-02   0.1804163598308376E+00
  0.2922499999999999E+02   0.6965175175336928E+00   0.8684451156279305E-01  -0.1638097671970761E+00   0.5192868091252918E-01   0.4185583429325824E-04   0.8751535163827760E-02   0.1762701034449414E+00
  0.2927500000000000E+02   0.6978703739330324E+00   0.8523412745589236E-01  -0.1630631746615895E+00   0.5092028745504682E-01   0.4111326264782461E-04   0.8641717933543470E-02   0.1724382183301964E+00
  0.2932500000000000E+02   0.6993094476488109E+00   0.8382869276048990E-01  -0.1622573800022342E+00   0.5003248656533284E-01   0.4046544311709349E-04   0.8530296748640736E-02   0.1689886942374502E+00
  0.2937500000000000E+02   0.7007842489757586E+00   0.8264076837674889E-01  -0.1614225060996399E+00   0.4927437772767622E-01   0.3992024665219741E-04   0.8420607333095867E-02   0.1659692935196824E+00
  0.2942499999999999E+02   0.7022425622741959E+00   0.8167339517453856E-01  -0.1605899007088523E+00   0.4864928075294118E-01   0.3948090395292678E-04   0.8315878014012562E-02   0.1634071988044386E+00
  0.2947500000000000E+02   0.7036315164313990E+00   0.8091971152715814E-01  -0.1597914686201981E+00   0.4815454051285976E-01   0.3914580688141692E-04   0.8219165411151086E-02   0.1613086174884494E+00
  0.2952500000000000E+02   0.7048988164872089E+00   0.8036234263375935E-01  -0.1590589441615432E+00   0.4778119826343501E-01   0.3890819962380373E-04   0.8133284654026430E-02   0.1596580267235697E+00
  0.2957500000000000E+02   0.7059943867119467E+00   0.7997262624655396E-01  -0.1584229541188683E+00   0.4751355008906082E-01   0.3875577505921994E-04   0.8060719456630899E-02   0.1584169424610189E+00
  0.2962500000000000E+02   0.7068726677469638E+00   0.7970988000978507E-01  -0.1579117188897932E+00   0.4732869569488355E-01   0.3867025958931838E-04   0.8003499446285766E-02   0.1575223611590954E+00
  0.2967500000000000E+02   0.7074957352454846E+00   0.7952107677817491E-01  -0.1575492751042376E+00   0.4719627773364084E-01   0.3862715017484936E-04   0.7963037961434294E-02   0.1568853511553662E+00
  0.2972500000000000E+02   0.7078372339813724E+00   0.7934144593269235E-01  -0.1573531945496788E+00   0.4707870807763358E-01   0.3859584842053291E-04   0.7939934415765119E-02   0.1563906383551174E+00
  0.2977500000000000E+02   0.7078868305831260E+00   0.7909659862067538E-01  -0.1573319362411821E+00   0.4693223940863256E-01   0.3854049070243206E-04   0.7933761861536824E-02   0.1558983618722456E+00
  0.2982500000000000E+02   0.7076545030572499E+00   0.7870669077771844E-01  -0.1574821937625555E+00   0.4670921504271255E-01   0.3842175634633288E-04   0.7942880850208826E-02   0.1552493181901204E+00
  0.2987500000000000E+02   0.7071736055813271E+00   0.7809279843004725E-01  -0.1577868387471075E+00   0.4636165879542591E-01   0.3819979855058296E-04   0.7964339339720775E-02   0.1542747517602706E+00
  0.2992500000000000E+02   0.7065014575736182E+00   0.7718506228161126E-01  -0.1582142104727216E+00   0.4584602356197773E-01   0.3783816133530679E-04   0.7993925142644303E-02   0.1528108901031013E+00
  0.2997500000000000E+02   0.7057164214368727E+00   0.7593138925657757E-01  -0.1587194290085762E+00   0.4512845766014464E-01   0.3730816382119545E-04   0.8026420937164566E-02   0.1507169548652829E+00
  0.3002500000000000E+02   0.7049111643838289E+00   0.7430487914829127E-01  -0.1592480273724871E+00   0.4418953601504741E-01   0.3659288492323965E-04   0.8056066969013181E-02   0.1478936675881125E+00
  0.3007500000000000E+02   0.7041829045650939E+00   0.7230804722176733E-01  -0.1597415574988692E+00   0.4302726611501438E-01   0.3568975616747337E-04   0.8077172347844844E-02   0.1442980566854700E+00
  0.3012500000000000E+02   0.7036224980010691E+00   0.6997255152705384E-01  -0.1601441531993882E+00   0.4165747716921345E-01   0.3461100521907171E-04   0.8084757214759996E-02   0.1399504834055263E+00
  0.3017500000000000E+02   0.7033047176244714E+00   0.6735435291994112E-01  -0.1604086462723801E+00   0.4011139027391188E-01   0.3338175659139102E-04   0.8075084872864612E-02   0.1349315764562926E+00
  0.3022500000000000E+02   0.7032817285012827E+00   0.6452553244281878E-01  -0.1605009420843200E+00   0.3843097370652426E-01   0.3203626592120623E-04   0.8045970935002049E-02   0.1293696417733055E+00
  0.3027500000000000E+02   0.7035807310893509E+00   0.6156479621399378E-01  -0.1604019263111464E+00   0.3666325480208823E-01   0.3061324457629663E-04   0.7996824684962807E-02   0.1234218382363687E+00
  0.3032500000000000E+02   0.7042055229670581E+00   0.5854872574548415E-01  -0.1601069205975041E+00   0.3485486854299121E-01   0.2915133517779690E-04   0.7928454456613988E-02   0.1172537808297391E+00
  0.3037500000000000E+02   0.7051408308683855E+00   0.5554521020836748E-01  -0.1596233057238322E+00   0.3304780498238925E-01   0.2768554633135990E-04   0.7842721730252838E-02   0.1110218396207522E+00
  0.3042500000000000E+02   0.7063579383004355E+00   0.5260961696819178E-01  -0.1589671968047379E+00   0.3127679251529589E-01   0.2624502484723753E-04   0.7742143138432609E-02   0.1048607551139090E+00
  0.3047500000000000E+02   0.7078203141722924E+00   0.4978349987315021E-01  -0.1581599934813518E+00   0.2956826682484792E-01   0.2485213907011545E-04   0.7629521666378052E-02   0.9887723335009317E-01
  0.3052500000000000E+02   0.7094883946552791E+00   0.4709520876149147E-01  -0.1572253740351586E+00   0.2794057112693386E-01   0.2352259028269456E-04   0.7507655090666377E-02   0.9314869084561604E-01
  0.3057500000000000E+02   0.7113231441367686E+00   0.4456164932255355E-01  -0.1561870085316619E+00   0.2640493200099397E-01   0.2226617978562312E-04   0.7379137303833461E-02   0.8772559205623810E-01
  0.3062500000000000E+02   0.7132883792102125E+00   0.4219054164034992E-01  -0.1550670321157102E+00   0.2496679810351994E-01   0.2108789055573882E-04   0.7246245515290275E-02   0.8263575761988810E-01
  0.3067500000000000E+02   0.7153520436289537E+00   0.3998271474034647E-01  -0.1538851791469698E+00   0.2362723932671276E-01   0.1998903111841749E-04   0.7110894990419819E-02   0.7788934145662815E-01
  0.3072500000000000E+02   0.7174866976032828E+00   0.3793416517020200E-01  -0.1526584212796332E+00   0.2238422268118201E-01   0.1896828653308297E-04   0.6974640386832450E-02   0.7348361620043083E-01
  0.3077500000000000E+02   0.7196694788064996E+00   0.3603775716310948E-01  -0.1514009498780372E+00   0.2123367752882238E-01   0.1802260114119923E-04   0.6838705165947669E-02   0.6940710558754945E-01
  0.3082500000000000E+02   0.7218817474713727E+00   0.3428454053230716E-01  -0.1501243681551988E+00   0.2017032801486887E-01   0.1714787221159662E-04   0.6704024952935894E-02   0.6564289325475015E-01
  0.3087500000000000E+02   0.7241085725648516E+00   0.3266471758436156E-01  -0.1488379920779246E+00   0.1918830803086786E-01   0.1633946529137672E-04   0.6571295212800218E-02   0.6217111650776631E-01
  0.3092500000000000E+02   0.7263381653565102E+00   0.3116831484598600E-01  -0.1475491908957777E+00   0.1828159144968053E-01   0.1559257708843706E-04   0.6441017336107507E-02   0.5897074533798511E-01
  0.3097500000000000E+02   0.7285613265206081E+00   0.2978562121237512E-01  -0.1462637238232385E+00   0.1744427526598868E-01   0.1490247625234808E-04   0.6313539957962633E-02   0.5602078092969021E-01
  0.3102500000000000E+02   0.7307709437920670E+00   0.2850745006092491E-01  -0.1449860482166498E+00   0.1667075139619964E-01   0.1426465122719306E-04   0.6189094161870107E-02   0.5330100874467632E-01
  0.3107500000000000E+02   0.7329615574262035E+00   0.2732527454906485E-01  -0.1437195874508777E+00   0.1595579797727609E-01   0.1367489053256582E-04   0.6067822350789993E-02   0.5079242597671369E-01
  0.3112500000000000E+02   0.7351289980154825E+00   0.2623127588729504E-01  -0.1424669549984880E+00   0.1529461519890979E-01   0.1312931618587929E-04   0.5949801208167248E-02   0.4847744198147083E-01
  0.3117500000000000E+02   0.7372700935381837E+00   0.2521833540585112E-01  -0.1412301362467142E+00   0.1468282509101649E-01   0.1262438642970545E-04   0.5835059489354788E-02   0.4633992868619830E-01
  0.3122500000000000E+02   0.7393824382670852E+00   0.2427999335830033E-01  -0.1400106323795877E+00   0.1411644973325833E-01   0.1215687987472286E-04   0.5723591499013335E-02   0.4436517851261625E-01
  0.3127500000000000E+02   0.7414642142202065E+00   0.2341039081067723E-01  -0.1388095719451958E+00   0.1359187820024600E-01   0.1172386974616864E-04   0.5615367103714491E-02   0.4253981094264563E-01
  0.3132500000000000E+02   0.7435140554080671E+00   0.2260420563259967E-01  -0.1376277960374542E+00   0.1310582920503164E-01   0.1132269414036183E-04   0.5510339053806343E-02   0.4085165566426055E-01
  0.3137500000000000E+02   0.7455309456763325E+00   0.2185658944283477E-01  -0.1364659227085473E+00   0.1265531379571597E-01   0.1095092601810015E-04   0.5408448278758484E-02   0.3928963004523930E-01
  0.3142500000000000E+02   0.7475141420650534E+00   0.2116310924307866E-01  -0.1353243955497554E+00   0.1223760051408761E-01   0.1060634502325509E-04   0.5309627697970209E-02   0.3784362114287316E-01
  0.3147500000000000E+02   0.7494631170144918E+00   0.2051969526259372E-01  -0.1342035205219989E+00   0.1185018404958477E-01   0.1028691204731035E-04   0.5213804968914735E-02   0.3650437716050536E-01
  0.3152500000000000E+02   0.7513775142296202E+00   0.1992259508512972E-01  -0.1331034942174497E+00   0.1149075751963352E-01   0.9990746687530224E-05   0.5120904485516447E-02   0.3526340978721700E-01
  0.3157500000000000E+02   0.7532571144235588E+00   0.1936833328731060E-01  -0.1320244258809988E+00   0.1115718798133780E-01   0.9716107289760734E-05   0.5030848846702980E-02   0.3411290679997667E-01
  0.3162500000000000E+02   0.7551018084044341E+00   0.1885367544006088E-01  -0.1309663547697434E+00   0.1084749453806559E-01   0.9461373051927794E-05   0.4943559939899516E-02   0.3304565330100523E-01
  0.3167500000000000E+02   0.7569115760065973E+00   0.1837559528450886E-01  -0.1299292638056607E+00   0.1055982836802621E-01   0.9225027625433907E-05   0.4858959726414110E-02   0.3205495969678956E-01
  0.3172500000000000E+02   0.7586864701844084E+00   0.1793124408888195E-01  -0.1289130899870259E+00   0.1029245410691275E-01   0.9005643736084921E-05   0.4776970773505099E-02   0.3113459475670899E-01
  0.3177500000000000E+02   0.7604266061908510E+00   0.1751792154849709E-01  -0.1279177316630644E+00   0.1004373221686060E-01   0.8801868515339148E-05   0.4697516549282910E-02   0.3027872264437028E-01
  0.3182500000000000E+02   0.7621321561627978E+00   0.1713304805682984E-01  -0.1269430525371590E+00   0.9812102238358886E-02   0.8612409460674610E-05   0.4620521479566155E-02   0.2948184357751752E-01
  0.3187500000000000E+02   0.7638033496298878E+00   0.1677413871736125E-01  -0.1259888821449480E+00   0.9596067129287428E-02   0.8436021213087952E-05   0.4545910759135740E-02   0.2873873866588138E-01
  0.3192500000000000E+02   0.7654404804397678E+00   0.1643878005155860E-01  -0.1250550125618656E+00   0.9394179227023092E-02   0.8271493634113294E-05   0.4473609913078856E-02   0.2804442043687044E-01
  0.3197499999999999E+02   0.7670439203198761E+00   0.1612461094240531E-01  -0.1241411912452826E+00   0.9205028699392218E-02   0.8117641961531040E-05   0.4403544117297423E-02   0.2739409150640410E-01
  0.3202500000000000E+02   0.7686141387427395E+00   0.1582930985999530E-01  -0.1232471102266292E+00   0.9027235635394922E-02   0.7973300084346125E-05   0.4335637311052518E-02   0.2678311466126938E-01
  0.3207500000000000E+02   0.7701517279144336E+00   0.1555059072968744E-01  -0.1223723923454902E+00   0.8859447101514347E-02   0.7837318145022144E-05   0.4269811168030779E-02   0.2620699810112578E-01
  0.3212500000000000E+02   0.7716574306026950E+00   0.1528620976928032E-01  -0.1215165758382614E+00   0.8700340466791754E-02   0.7708565671532066E-05   0.4205984033106831E-02   0.2566139949300557E-01
  0.3217500000000000E+02   0.7731321672886829E+00   0.1503398507059126E-01  -0.1206790992864509E+00   0.8548633984698604E-02   0.7585941176503279E-05   0.4144069973637319E-02   0.2514215154897792E-01
  0.3222500000000000E+02   0.7745770580052589E+00   0.1479182950321876E-01  -0.1198592895576936E+00   0.8403104939768815E-02   0.7468388567213783E-05   0.4083978126700160E-02   0.2464530984612167E-01
  0.3227500000000000E+02   0.7759934335614471E+00   0.1455779566326603E-01  -0.1190563557401910E+00   0.8262614616794166E-02   0.7354919778799705E-05   0.4025612534072142E-02   0.2416722056041015E-01
  0.3232500000000000E+02   0.7773828310352072E+00   0.1433012926714879E-01  -0.1182693919599788E+00   0.8126138038353294E-02   0.7244641865138674E-05   0.3968872631776038E-02   0.2370460200348589E-01
  0.3237499999999999E+02   0.7787469697457251E+00   0.1410732503281210E-01  -0.1174973912111993E+00   0.7992795087696021E-02   0.7136785572768501E-05   0.3913654492688129E-02   0.2325463004768489E-01
  0.3242500000000000E+02   0.7800877064430238E+00   0.1388817732511556E-01  -0.1167392708951537E+00   0.7861878643235242E-02   0.7030731499852935E-05   0.3859852811816738E-02   0.2281501472540590E-01
  0.3247499999999999E+02   0.7814069718490300E+00   0.1367181732627134E-01  -0.1159939088411992E+00   0.7732875068965652E-02   0.6926029641438849E-05   0.3807363491765171E-02   0.2238405455876745E-01
  0.3252500000000000E+02   0.7827066942377426E+00   0.1345772966344227E-01  -0.1152601865754670E+00   0.7605473077645216E-02   0.6822408674161733E-05   0.3756086560734246E-02   0.2196065720993766E-01
  0.3257500000000000E+02   0.7839887185266620E+00   0.1324574426644715E-01  -0.1145370350356318E+00   0.7479558598467284E-02   0.6719772740462592E-05   0.3705929071973507E-02   0.2154431978764075E-01
  0.3262500000000000E+02   0.7852547305423075E+00   0.1303600317796242E-01  -0.1138234772668432E+00   0.7355195518922468E-02   0.6618185479973303E-05   0.3656807618709804E-02   0.2113506865967845E-01
  0.3267500000000000E+02   0.7865061953236796E+00   0.1282890613152622E-01  -0.1131186630971097E+00   0.7232594484582629E-02   0.6517843139641905E-05   0.3608650159886606E-02   0.2073336531156416E-01
  0.3272499999999999E+02   0.7877443157474455E+00   0.1262504191137022E-01  -0.1124218922594002E+00   0.7112073743858025E-02   0.6419040245855286E-05   0.3561396973797228E-02   0.2033998996022554E-01
  0.3277500000000001E+02   0.7889700141342687E+00   0.1242511407612143E-01  -0.1117326244836538E+00   0.6994016902229897E-02   0.6322132158960105E-05   0.3515000705484352E-02   0.1995591708982485E-01
  0.3282500000000000E+02   0.7901839358021607E+00   0.1222986936704305E-01  -0.1110504771721506E+00   0.6878832291927243E-02   0.6227498740725475E-05   0.3469425611264010E-02   0.1958219652504008E-01
  0.3287500000000000E+02   0.7913864706282281E+00   0.1204003537043196E-01  -0.1103752129111475E+00   0.6766917663024515E-02   0.6135512510522111E-05   0.3424646200074789E-02   0.1921985067950101E-01
  0.3292500000000000E+02   0.7925777870517164E+00   0.1185627143794049E-01  -0.1097067199861943E+00   0.6658632443994542E-02   0.6046513382961089E-05   0.3380645513284871E-02   0.1886979433922558E-01
  0.3297500000000000E+02   0.7937578726486644E+00   0.1167913421681062E-01  -0.1090449892318245E+00   0.6554278316893325E-02   0.5960790737761376E-05   0.3337413275787081E-02   0.1853277896521918E-01
  0.3302500000000000E+02   0.7949265761461901E+00   0.1150905696077468E-01  -0.1083900901217031E+00   0.6454087619071912E-02   0.5878572457527070E-05   0.3294944106720864E-02   0.1820935993396683E-01
  0.3307500000000000E+02   0.7960836470822817E+00   0.1134634036456207E-01  -0.1077421482430315E+00   0.6358218278617381E-02   0.5800019829682691E-05   0.3253235916779673E-02   0.1789988283102436E-01
  0.3312499999999999E+02   0.7972287708273140E+00   0.1119115201839307E-01  -0.1071013254414801E+00   0.6266753629086955E-02   0.5725226864164819E-05   0.3212288557155195E-02   0.1760448390202380E-01
  0.3317500000000000E+02   0.7983615980518528E+00   0.1104353157328985E-01  -0.1064678031479214E+00   0.6179705450008573E-02   0.5654222561048615E-05   0.3172102733512757E-02   0.1732309980381389E-01
  0.3322500000000000E+02   0.7994817687783173E+00   0.1090339913405674E-01  -0.1058417688032757E+00   0.6097018823762229E-02   0.5586974867763505E-05   0.3132679161867742E-02   0.1705548253335492E-01
  0.3327500000000000E+02   0.8005889318372721E+00   0.1077056505022948E-01  -0.1052234049129043E+00   0.6018577770902186E-02   0.5523395390888864E-05   0.3094017922243382E-02   0.1680121650386774E-01
  0.3332500000000000E+02   0.8016827608843921E+00   0.1064473999582562E-01  -0.1046128800740943E+00   0.5944211033941656E-02   0.5463344291028682E-05   0.3056117958375015E-02   0.1655973592298612E-01
  0.3337500000000000E+02   0.8027629681784667E+00   0.1052554490789897E-01  -0.1040103412963534E+00   0.5873697762945027E-02   0.5406635135156835E-05   0.3018976674393395E-02   0.1633034173090276E-01
  0.3342500000000000E+02   0.8038293171384948E+00   0.1041252092504349E-01  -0.1034159070375877E+00   0.5806773177649953E-02   0.5353039774368740E-05   0.2982589589352919E-02   0.1611221827318085E-01
  0.3347499999999999E+02   0.8048816343479395E+00   0.1030513988876688E-01  -0.1028296605760838E+00   0.5743134517456259E-02   0.5302293534251646E-05   0.2946950025116282E-02   0.1590445055180292E-01
  0.3352500000000001E+02   0.8059198212104305E+00   0.1020281621290018E-01  -0.1022516435979455E+00   0.5682447726103591E-02   0.5254101133792576E-05   0.2912048820301875E-02   0.1570604327762229E-01
  0.3357500000000000E+02   0.8069438649398643E+00   0.1010492096314564E-01  -0.1016818501706442E+00   0.5624355338398297E-02   0.5208143772690853E-05   0.2877874080685211E-02   0.1551594300407369E-01
  0.3362500000000000E+02   0.8079538480570820E+00   0.1001079880174448E-01  -0.1011202215576003E+00   0.5568485932062813E-02   0.5164087735384606E-05   0.2844410992338580E-02   0.1533306433320930E-01
  0.3367499999999999E+02   0.8089499551497059E+00   0.9919788040698608E-02  -0.1005666425593174E+00   0.5514465278964715E-02   0.5121594651591480E-05   0.2811641735280141E-02   0.1515632055586926E-01
  0.3372500000000000E+02   0.8099324754273971E+00   0.9831243445024720E-02  -0.1000209401904099E+00   0.5461928995939489E-02   0.5080333243939765E-05   0.2779545539739613E-02   0.1498465817436325E-01
  0.3377500000000000E+02   0.8109017996611755E+00   0.9744560716979780E-02  -0.9948288546964046E-01   0.5410536101838438E-02   0.5039992024434095E-05   0.2748098922072047E-02   0.1481709368566526E-01
  0.3382500000000000E+02   0.8118584104864162E+00   0.9659200904118943E-02  -0.9895219888238294E-01   0.5359982507109016E-02   0.5000292040152143E-05   0.2717276121963341E-02   0.1465274997546517E-01
  0.3387500000000000E+02   0.8128028657619851E+00   0.9574712470448296E-02  -0.9842855967926267E-01   0.5310013184890848E-02   0.4960998498730601E-05   0.2687049738183495E-02   0.1449088893246823E-01
  0.3392500000000000E+02   0.8137357756144327E+00   0.9490748604770173E-02  -0.9791161865595033E-01   0.5260431683328861E-02   0.4921930006861024E-05   0.2657391530643569E-02   0.1433093666738544E-01
  0.3397500000000000E+02   0.8146577747794543E+00   0.9407077609272259E-02  -0.9740101351540931E-01   0.5211105790130897E-02   0.4882964282026826E-05   0.2628273327880509E-02   0.1417249815148250E-01
  0.3402500000000000E+02   0.8155694926667738E+00   0.9323584909581344E-02  -0.9689638546505885E-01   0.5161968549080928E-02   0.4844039549340495E-05   0.2599667957967050E-02   0.1401535916215632E-01
  0.3407500000000000E+02   0.8164715240255352E+00   0.9240266235983846E-02  -0.9639739545435899E-01   0.5113014387906802E-02   0.4805151352499397E-05   0.2571550112546083E-02   0.1385947495337043E-01
  0.3412500000000000E+02   0.8173644030663055E+00   0.9157212638230400E-02  -0.9590373847308975E-01   0.5064290733137734E-02   0.4766345085205640E-05   0.2543897060458516E-02   0.1370494674321544E-01
  0.3417500000000000E+02   0.8182485834148917E+00   0.9074588980463011E-02  -0.9541515459987315E-01   0.5015886031370020E-02   0.4727705066080494E-05   0.2516689147639290E-02   0.1355198857834566E-01
  0.3422499999999999E+02   0.8191244254589632E+00   0.8992608229484094E-02  -0.9493143594365516E-01   0.4967915463321882E-02   0.4689341336631941E-05   0.2489910048672403E-02   0.1340088811375448E-01
  0.3427500000000000E+02   0.8199921916963497E+00   0.8911504106412772E-02  -0.9445242914938723E-01   0.4920505776434186E-02   0.4651375507777915E-05   0.2463546766093989E-02   0.1325196520173316E-01
  0.3432500000000000E+02   0.8208520498034515E+00   0.8831504537774492E-02  -0.9397803363238588E-01   0.4873780584581959E-02   0.4613926923080521E-05   0.2437589400149101E-02   0.1310553194978691E-01
  0.3437500000000000E+02   0.8217040824602283E+00   0.8752807924192779E-02  -0.9350819608267202E-01   0.4827847249345364E-02   0.4577100199767061E-05   0.2412030730276177E-02   0.1296185724922583E-01
  0.3442500000000000E+02   0.8225483025585882E+00   0.8675563690797354E-02  -0.9304290200587295E-01   0.4782786148311026E-02   0.4540974927552014E-05   0.2386865658912379E-02   0.1282113791926834E-01
  0.3447500000000000E+02   0.8233846722661110E+00   0.8599858031987333E-02  -0.9258216515104156E-01   0.4738642828977897E-02   0.4505598022356493E-05   0.2362090569543820E-02   0.1268347776566562E-01
  0.3452500000000000E+02   0.8242131244430342E+00   0.8525705308541399E-02  -0.9212601565914125E-01   0.4695423294198310E-02   0.4470978996954857E-05   0.2337702647028898E-02   0.1254887515962852E-01
  0.3457500000000000E+02   0.8250335850218181E+00   0.8453045232523998E-02  -0.9167448770195663E-01   0.4653092486160595E-02   0.4437088242673088E-05   0.2313699202231085E-02   0.1241721925451395E-01
  0.3462500000000001E+02   0.8258459950705803E+00   0.8381745765948750E-02  -0.9122760731685553E-01   0.4611575920127647E-02   0.4403858306426179E-05   0.2290077037460054E-02   0.1228829464517863E-01
  0.3467500000000000E+02   0.8266503313228416E+00   0.8311611506655381E-02  -0.9078538110661027E-01   0.4570764335472020E-02   0.4371188066823463E-05   0.2266831885514037E-02   0.1216179405412320E-01
  0.3472500000000000E+02   0.8274466239592313E+00   0.8242397169511965E-02  -0.9034778646944175E-01   0.4530521141437907E-02   0.4338949625309389E-05   0.2243957953254477E-02   0.1203733839562053E-01
  0.3477499999999999E+02   0.8282349704089540E+00   0.8173825533594114E-02  -0.8991476403232457E-01   0.4490692305816306E-02   0.4306997601894765E-05   0.2221447599401585E-02   0.1191450323610233E-01
  0.3482500000000000E+02   0.8290155439698089E+00   0.8105608889444154E-02  -0.8948621294205150E-01   0.4451118151453253E-02   0.4275180345129698E-05   0.2199291173582996E-02   0.1179285019607086E-01
  0.3487500000000000E+02   0.8297885962075957E+00   0.8037472605630376E-02  -0.8906198957850697E-01   0.4411646299571702E-02   0.4243352342746203E-05   0.2177477037403079E-02   0.1167196125538168E-01
  0.3492500000000000E+02   0.8305544524552224E+00   0.7969179013308172E-02  -0.8864191005669275E-01   0.4372144770122088E-02   0.4211386890648834E-05   0.2155991776873312E-02   0.1155147333487141E-01
  0.3497499999999999E+02   0.8313135003091675E+00   0.7900549494184540E-02  -0.8822575656722054E-01   0.4332514079603417E-02   0.4179187903247240E-05   0.2134820598815198E-02   0.1143111009554989E-01
  0.3502500000000000E+02   0.8320661717685578E+00   0.7831482574761160E-02  -0.8781328719541259E-01   0.4292697133617892E-02   0.4146699693622219E-05   0.2113947883564553E-02   0.1131070779909712E-01
  0.3507500000000000E+02   0.8328129204614606E+00   0.7761966070479255E-02  -0.8740424842192052E-01   0.4252685845324780E-02   0.4113913668281293E-05   0.2093357846014592E-02   0.1119023244153611E-01
  0.3512499999999999E+02   0.8335541960880456E+00   0.7692081908110983E-02  -0.8699838913381597E-01   0.4212523733015838E-02   0.4080871181460051E-05   0.2073035241267208E-02   0.1106978623272255E-01
  0.3517500000000000E+02   0.8342904186147676E+00   0.7622003110246836E-02  -0.8659547475542317E-01   0.4172304219866843E-02   0.4047662241483667E-05   0.2052966044075030E-02   0.1094960273926720E-01
  0.3522500000000000E+02   0.8350219547661475E+00   0.7551983394898714E-02  -0.8619530010355736E-01   0.4132164890241069E-02   0.4014420274829121E-05   0.2033138035187961E-02   0.1083003140904506E-01
  0.3527500000000000E+02   0.8357490989657500E+00   0.7482340727626033E-02  -0.8579769979036467E-01   0.4092278440948060E-02   0.3981313627237898E-05   0.2013541242246284E-02   0.1071151346487758E-01
  0.3532500000000000E+02   0.8364720601647594E+00   0.7413436783702013E-02  -0.8540255538941699E-01   0.4052841404372447E-02   0.3948534819174014E-05   0.1994168204834534E-02   0.1059455203581677E-01
  0.3537500000000000E+02   0.8371909551305262E+00   0.7345654526902637E-02  -0.8500979905623951E-01   0.4014061855157580E-02   0.3916288716290294E-05   0.1975014057826835E-02   0.1047967973565236E-01
  0.3542500000000000E+02   0.8379058079369838E+00   0.7279375981636261E-02  -0.8461941374975002E-01   0.3976147239180250E-02   0.3884780717660761E-05   0.1956076449112926E-02   0.1036742669206177E-01
  0.3547500000000000E+02   0.8386165547602645E+00   0.7214961848284054E-02  -0.8423143055059945E-01   0.3939293228103471E-02   0.3854205846735917E-05   0.1937355323331997E-02   0.1025829139773985E-01
  0.3552500000000000E+02   0.8393230527238924E+00   0.7152734023686785E-02  -0.8384592376828226E-01   0.3903674179515239E-02   0.3824739323200558E-05   0.1918852610570260E-02   0.1015271589506685E-01
  0.3557500000000000E+02   0.8400250914688014E+00   0.7092961484690363E-02  -0.8346300456582145E-01   0.3869435451064532E-02   0.3796528874963672E-05   0.1900571858432231E-02   0.1005106592816333E-01
  0.3562500000000000E+02   0.8407224062922529E+00   0.7035849490144456E-02  -0.8308281373749815E-01   0.3836687541447271E-02   0.3769688781503813E-05   0.1882517839358830E-02   0.9953615969307373E-02
  0.3567500000000000E+02   0.8414146920198826E+00   0.6981531727167547E-02  -0.8270551409908877E-01   0.3805501850537512E-02   0.3744295461840435E-05   0.1864696155151216E-02   0.9860538551805310E-02
  0.3572500000000000E+02   0.8421016171522467E+00   0.6930064895015523E-02  -0.8233128274316881E-01   0.3775907778425437E-02   0.3720384346643212E-05   0.1847112849977019E-02   0.9771897151057750E-02
  0.3577500000000000E+02   0.8427828381778221E+00   0.6881425271509637E-02  -0.8196030321989622E-01   0.3747890911278279E-02   0.3697947798679096E-05   0.1829774033825760E-02   0.9687641928814808E-02
  0.3582500000000000E+02   0.8434580142036577E+00   0.6835507005751026E-02  -0.8159275756166062E-01   0.3721392150394520E-02   0.3676933950174452E-05   0.1812685511963710E-02   0.9607607937657497E-02
  0.3587499999999999E+02   0.8441268221773364E+00   0.6792122176190542E-02  -0.8122881800270743E-01   0.3696307801810526E-02   0.3657246483372645E-05   0.1795852413345923E-02   0.9531515800112860E-02
  0.3592500000000000E+02   0.8447889729310298E+00   0.6751002985668072E-02  -0.8086863826769097E-01   0.3672490824893786E-02   0.3638745560170097E-05   0.1779278812622687E-02   0.9458975344728327E-02
  0.3597499999999999E+02   0.8454442280583662E+00   0.6711806767032913E-02  -0.8051234442232669E-01   0.3649753602627858E-02   0.3621250271891017E-05   0.1762967346330597E-02   0.9389493104610807E-02
  0.3602500000000000E+02   0.8460924172469686E+00   0.6674124667847938E-02  -0.8016002548958989E-01   0.3627872702205771E-02   0.3604543089492930E-05   0.1746918833554845E-02   0.9322484856046686E-02
  0.3607500000000000E+02   0.8467334551740604E+00   0.6637494888980275E-02  -0.7981172431427153E-01   0.3606596097974615E-02   0.3588376803073571E-05   0.1731131923533729E-02   0.9257294383750345E-02
  0.3612500000000000E+02   0.8473673565111826E+00   0.6601421096184903E-02  -0.7946742946271479E-01   0.3585653190050552E-02   0.3572484306543299E-05   0.1715602805163211E-02   0.9193219304935510E-02
  0.3617500000000000E+02   0.8479942471042643E+00   0.6565396065020281E-02  -0.7912706920408641E-01   0.3564767648966393E-02   0.3556591284742112E-05   0.1700325023011832E-02   0.9129544011879275E-02
  0.3622499999999999E+02   0.8486143691581957E+00   0.6528929780530320E-02  -0.7879050874725990E-01   0.3543672662149691E-02   0.3540431406466934E-05   0.1685289447560663E-02   0.9065578635625151E-02
  0.3627500000000000E+02   0.8492280784201205E+00   0.6491580208312367E-02  -0.7845755181703684E-01   0.3522127613932510E-02   0.3523763077845549E-05   0.1670484440558815E-02   0.9000701551330648E-02
  0.3632500000000000E+02   0.8498358320233079E+00   0.6452983992974659E-02  -0.7812794729079131E-01   0.3499934711118832E-02   0.3506386279178205E-05   0.1655896237931896E-02   0.8934401629381370E-02
  0.3637500000000000E+02   0.8504381668030421E+00   0.6412883694419873E-02  -0.7780140099315014E-01   0.3476953717629884E-02   0.3488157642323858E-05   0.1641509543918327E-02   0.8866315559195060E-02
  0.3642500000000000E+02   0.8510356693486567E+00   0.6371148095475405E-02  -0.7747759195914028E-01   0.3453112921671827E-02   0.3469001865187789E-05   0.1627308296000093E-02   0.8796255482832834E-02
  0.3647500000000000E+02   0.8516289404934467E+00   0.6327782742804669E-02  -0.7715619169791554E-01   0.3428414801008952E-02   0.3448917883349913E-05   0.1613276528602271E-02   0.8724223058829679E-02
  0.3652500000000000E+02   0.8522185579943687E+00   0.6282929158427088E-02  -0.7683688442145420E-01   0.3402935544326627E-02   0.3427978899442200E-05   0.1599399242987235E-02   0.8650407849167555E-02
  0.3657500000000000E+02   0.8528050415169700E+00   0.6236852817045117E-02  -0.7651938600745090E-01   0.3376818485707507E-02   0.3406326268489834E-05   0.1585663187449118E-02   0.8575170216146370E-02
  0.3662499999999999E+02   0.8533888236065403E+00   0.6189921628475617E-02  -0.7620345970300935E-01   0.3350262400033250E-02   0.3384158137860991E-05   0.1572057467207854E-02   0.8499011182713860E-02
  0.3667500000000000E+02   0.8539702292160455E+00   0.6142577900888451E-02  -0.7588892717919804E-01   0.3323506276219884E-02   0.3361714427714423E-05   0.1558573933246289E-02   0.8422533406341920E-02
  0.3672499999999999E+02   0.8545494648828470E+00   0.6095307331287199E-02  -0.7557567434891621E-01   0.3296812493004334E-02   0.3339260067444262E-05   0.1545207335734667E-02   0.8346398188948230E-02
  0.3677500000000000E+02   0.8551266171767417E+00   0.6048608425734220E-02  -0.7526365215726005E-01   0.3270450242301302E-02   0.3317068344020650E-05   0.1531955261671798E-02   0.8271283229403077E-02
  0.3682500000000000E+02   0.8557016588998517E+00   0.6002965039933523E-02  -0.7495287317217036E-01   0.3244680657794638E-02   0.3295405845068185E-05   0.1518817900947901E-02   0.8197844826812973E-02
  0.3687500000000000E+02   0.8562744608792177E+00   0.5958823712814511E-02  -0.7464340514901602E-01   0.3219744553597793E-02   0.3274519933370866E-05   0.1505797696920800E-02   0.8126686826124897E-02
  0.3692500000000000E+02   0.8568448070696812E+00   0.5916576417259845E-02  -0.7433536280855191E-01   0.3195853108967889E-02   0.3254629120162163E-05   0.1492898937319143E-02   0.8058337144174565E-02
  0.3697499999999999E+02   0.8574124109709247E+00   0.5876548483864215E-02  -0.7402889891158271E-01   0.3173181364384225E-02   0.3235916228286518E-05   0.1480127331997675E-02   0.7993231514700279E-02
  0.3702500000000001E+02   0.8579769318946827E+00   0.5838990877560680E-02  -0.7372419542456132E-01   0.3151864082338305E-02   0.3218523916270996E-05   0.1467489609943552E-02   0.7931703298114384E-02
  0.3707500000000000E+02   0.8585379902342711E+00   0.5804075743054866E-02  -0.7342145523607901E-01   0.3131993383536450E-02   0.3202551983558781E-05   0.1454993152809119E-02   0.7873977841435856E-02
  0.3712500000000000E+02   0.8590951814635829E+00   0.5771894141008699E-02  -0.7312089457255944E-01   0.3113617572783090E-02   0.3188055874307421E-05   0.1442645668901366E-02   0.7820169885338986E-02
  0.3717500000000000E+02   0.8596480890486768E+00   0.5742455102081096E-02  -0.7282273601456524E-01   0.3096740680092489E-02   0.3175045904786334E-05   0.1430454901560960E-02   0.7770282799449958E-02
  0.3722500000000000E+02   0.8601962967541367E+00   0.5715685456241870E-02  -0.7252720185333683E-01   0.3081322421349352E-02   0.3163486917713810E-05   0.1418428359823549E-02   0.7724208880608454E-02
  0.3727500000000000E+02   0.8607394009565902E+00   0.5691430285307610E-02  -0.7223450745678772E-01   0.3067278493892960E-02   0.3153298280584714E-05   0.1406573057192365E-02   0.7681730481917805E-02
  0.3732500000000000E+02   0.8612770235402754E+00   0.5669454242809607E-02  -0.7194485433434050E-01   0.3054481336205037E-02   0.3144354364203089E-05   0.1394895246006293E-02   0.7642522278267051E-02
  0.3737500000000000E+02   0.8618088257516588E+00   0.5649444337443103E-02  -0.7165842269655753E-01   0.3042761670684333E-02   0.3136485834708030E-05   0.1383400139888777E-02   0.7606155449646801E-02
  0.3742500000000000E+02   0.8623345230461983E+00   0.5631015033059439E-02  -0.7137536349058204E-01   0.3031911286688295E-02   0.3129482238544989E-05   0.1372091624604870E-02   0.7572104908629584E-02
  0.3747500000000000E+02   0.8628539004991904E+00   0.5613716623286538E-02  -0.7109579014033607E-01   0.3021687577524620E-02   0.3123096423277018E-05   0.1360971967546781E-02   0.7539760838817808E-02
  0.3752500000000000E+02   0.8633668278280378E+00   0.5597047736217658E-02  -0.7081977050224753E-01   0.3011820289828496E-02   0.3117051285620026E-05   0.1350041546735118E-02   0.7508445673276681E-02
  0.3757500000000000E+02   0.8638732725721596E+00   0.5580472472526767E-02  -0.7054731981624252E-01   0.3002020754528073E-02   0.3111049147037768E-05   0.1339298629761856E-02   0.7477437171908373E-02
  0.3762500000000000E+02   0.8643733096173494E+00   0.5563442074419196E-02  -0.7027839562441507E-01   0.2991993543140092E-02   0.3104783722472449E-05   0.1328739239079661E-02   0.7445997449870690E-02
  0.3767500000000000E+02   0.8648671251649682E+00   0.5545420219826975E-02  -0.7001289567572988E-01   0.2981450062071712E-02   0.3097954199255902E-05   0.1318357139920159E-02   0.7413406742194256E-02
  0.3772499999999999E+02   0.8653550135411207E+00   0.5525910167518692E-02  -0.6975065967637628E-01   0.2970123131501651E-02   0.3090280452910782E-05   0.1308143979024284E-02   0.7378999537959241E-02
  0.3777500000000001E+02   0.8658373659550553E+00   0.5504481239056232E-02  -0.6949147536163025E-01   0.2957781198831831E-02   0.3081518002860417E-05   0.1298089586002978E-02   0.7342199739675085E-02
  0.3782500000000000E+02   0.8663146513783205E+00   0.5480791728122858E-02  -0.6923508879460893E-01   0.2944240625178346E-02   0.3071471075509655E-05   0.1288182426511041E-02   0.7302550985442554E-02
  0.3787500000000000E+02   0.8667873909369064E+00   0.5454605444687444E-02  -0.6898121814211344E-01   0.2929374546989564E-02   0.3060002191388210E-05   0.1278410171810702E-02   0.7259738435187407E-02
  0.3792500000000000E+02   0.8672561283159446E+00   0.5425799782169296E-02  -0.6872956958375664E-01   0.2913117181087863E-02   0.3047037059566745E-05   0.1268760328406136E-02   0.7213599234563614E-02
  0.3797500000000000E+02   0.8677213993948583E+00   0.5394364336876835E-02  -0.6847985362572062E-01   0.2895463054595821E-02   0.3032564192268927E-05   0.1259220859621807E-02   0.7164120392189938E-02
  0.3802500000000000E+02   0.8681837044726485E+00   0.5360390469657035E-02  -0.6823180001532969E-01   0.2876461371908392E-02   0.3016629413189372E-05   0.1249780731507147E-02   0.7111424616456200E-02
  0.3807500000000000E+02   0.8686434859748750E+00   0.5324053473669422E-02  -0.6798516970492463E-01   0.2856206414646766E-02   0.2999326153404942E-05   0.1240430328195425E-02   0.7055746349651662E-02
  0.3812500000000000E+02   0.8691011135855349E+00   0.5285589926206789E-02  -0.6773976282351268E-01   0.2834825360682078E-02   0.2980782954039912E-05   0.1231161703492354E-02   0.6997401446595891E-02
  0.3817500000000000E+02   0.8695568775604064E+00   0.5245273198360819E-02  -0.6749542225227778E-01   0.2812465120026394E-02   0.2961149833038414E-05   0.1221968660675657E-02   0.6936754462971887E-02
  0.3822500000000000E+02   0.8700109898219035E+00   0.5203389964170968E-02  -0.6725203302112548E-01   0.2789279713481712E-02   0.2940585115217160E-05   0.1212846675738168E-02   0.6874187333436352E-02
  0.3827500000000000E+02   0.8704635915227578E+00   0.5160220006440874E-02  -0.6700951823324397E-01   0.2765419426717640E-02   0.2919244032074846E-05   0.1203792696523153E-02   0.6810072486788598E-02
  0.3832500000000000E+02   0.8709147652091375E+00   0.5116020841796883E-02  -0.6676783252301621E-01   0.2741022555849190E-02   0.2897269971086642E-05   0.1194804859547558E-02   0.6744752408595006E-02
  0.3837500000000000E+02   0.8713645495212312E+00   0.5071017866019721E-02  -0.6652695415526744E-01   0.2716210119077825E-02   0.2874788795930558E-05   0.1185882168089572E-02   0.6678526565258529E-02
  0.3842500000000000E+02   0.8718129544746467E+00   0.5025399990135425E-02  -0.6628687681647094E-01   0.2691083516637926E-02   0.2851906247458010E-05   0.1177024171048039E-02   0.6611645631368660E-02
  0.3847499999999999E+02   0.8722599756705258E+00   0.4979320173417072E-02  -0.6604760198426929E-01   0.2665724818521856E-02   0.2828708113744616E-05   0.1168230674390952E-02   0.6544312214093756E-02
  0.3852500000000000E+02   0.8727056061905465E+00   0.4932899881071389E-02  -0.6580913254189114E-01   0.2640199156781304E-02   0.2805262638674630E-05   0.1159501507724307E-02   0.6476686770034039E-02
  0.3857500000000000E+02   0.8731498453725579E+00   0.4886236286492401E-02  -0.6557146806769154E-01   0.2614558588225112E-02   0.2781624514671618E-05   0.1150836359091243E-02   0.6408897139887244E-02
  0.3862500000000000E+02   0.8735927040882937E+00   0.4839410971269623E-02  -0.6533460200142682E-01   0.2588846758226205E-02   0.2757839760792470E-05   0.1142234682413305E-02   0.6341050044529729E-02
  0.3867500000000000E+02   0.8740342065316529E+00   0.4792498922366155E-02  -0.6509852068127431E-01   0.2563103721826662E-02   0.2733950807192794E-05   0.1133695674437379E-02   0.6273242954051460E-02
  0.3872500000000000E+02   0.8744743888597204E+00   0.4745576763490289E-02  -0.6486320406689838E-01   0.2537370352727400E-02   0.2710001179328336E-05   0.1125218311872725E-02   0.6205574929308888E-02
  0.3877500000000000E+02   0.8749132952958948E+00   0.4698729369957124E-02  -0.6462862782100287E-01   0.2511691885016315E-02   0.2686039291174452E-05   0.1116801434773251E-02   0.6138155320700662E-02
  0.3882500000000000E+02   0.8753509724904358E+00   0.4652054285682749E-02  -0.6439476632263963E-01   0.2486120277137628E-02   0.2662121006613580E-05   0.1108443859344533E-02   0.6071109567314727E-02
  0.3887500000000001E+02   0.8757874630244408E+00   0.4605663663665791E-02  -0.6416159613746253E-01   0.2460715249906705E-02   0.2638310798730434E-05   0.1100144502407877E-02   0.6004581739821756E-02
  0.3892500000000000E+02   0.8762227989311194E+00   0.4559683756036314E-02  -0.6392909947709557E-01   0.2435544013540641E-02   0.2614681510286863E-05   0.1091902500776460E-02   0.5938733871267037E-02
  0.3897500000000000E+02   0.8766569959980764E+00   0.4514252250836659E-02  -0.6369726723917701E-01   0.2410679843647224E-02   0.2591312874648627E-05   0.1083717311596362E-02   0.5873742474670713E-02
  0.3902499999999999E+02   0.8770900494258257E+00   0.4469513957217177E-02  -0.6346610132083663E-01   0.2386199775320859E-02   0.2568289075740177E-05   0.1075588783815386E-02   0.5809792912348242E-02
  0.3907500000000000E+02   0.8775219311834993E+00   0.4425615456343675E-02  -0.6323561602391137E-01   0.2362181746043326E-02   0.2545695694903825E-05   0.1067517195692296E-02   0.5747072430423124E-02
  0.3912500000000000E+02   0.8779525891614161E+00   0.4382699355744266E-02  -0.6300583849937658E-01   0.2338701528686820E-02   0.2523616407625482E-05   0.1059503257901704E-02   0.5685762695541885E-02
  0.3917500000000000E+02   0.8783819480082365E+00   0.4340898720827598E-02  -0.6277680829179200E-01   0.2315829761380403E-02   0.2502129759539796E-05   0.1051548085665650E-02   0.5626032583994130E-02
  0.3922500000000000E+02   0.8788099113843932E+00   0.4300332132983423E-02  -0.6254857612790166E-01   0.2293629314264150E-02   0.2481306282314050E-05   0.1043653146012815E-02   0.5568031808283920E-02
  0.3927500000000000E+02   0.8792363652756749E+00   0.4261099669702504E-02  -0.6232120214029846E-01   0.2272153150646403E-02   0.2461206123284169E-05   0.1035820187572294E-02   0.5511885763079337E-02
  0.3932500000000000E+02   0.8796611819893585E+00   0.4223279948408967E-02  -0.6209475372836826E-01   0.2251442757782506E-02   0.2441877275195907E-05   0.1028051160361215E-02   0.5457691770519529E-02
  0.3937499999999999E+02   0.8800842244872045E+00   0.4186928245517351E-02  -0.6186930324147344E-01   0.2231527152871248E-02   0.2423354417627055E-05   0.1020348132122397E-02   0.5405516734469940E-02
  0.3942500000000000E+02   0.8805053507760044E+00   0.4152075609436414E-02  -0.6164492563370760E-01   0.2212422420287156E-02   0.2405658327819973E-05   0.1012713206300070E-02   0.5355396092330554E-02
  0.3947500000000000E+02   0.8809244181572140E+00   0.4118728835005480E-02  -0.6142169619622606E-01   0.2194131708730917E-02   0.2388795788407379E-05   0.1005148445092055E-02   0.5307333886590367E-02
  0.3952500000000000E+02   0.8813412872151953E+00   0.4086871153488581E-02  -0.6119968843139678E-01   0.2176645609895460E-02   0.2372759911004532E-05   0.9976557995012914E-03   0.5261303761435110E-02
  0.3957500000000000E+02   0.8817558254861375E+00   0.4056463507942098E-02  -0.6097897209953429E-01   0.2159942848677120E-02   0.2357530802979209E-05   0.9902370471414424E-03   0.5217250710657692E-02
  0.3962500000000000E+02   0.8821679107895770E+00   0.4027446317185848E-02  -0.6075961144764241E-01   0.2143991232847915E-02   0.2343076523486459E-05   0.9828937378387602E-03   0.5175093447025892E-02
  0.3967500000000000E+02   0.8825774342192956E+00   0.3999741670989432E-02  -0.6054166362159430E-01   0.2128748831166032E-02   0.2329354297326321E-05   0.9756271468302642E-03   0.5134727314810198E-02
  0.3972500000000000E+02   0.8829843027821304E+00   0.3973255933656066E-02  -0.6032517726751285E-01   0.2114165367388586E-02   0.2316311975095090E-05   0.9684382355286718E-03   0.5096027712415657E-02
  0.3977500000000000E+02   0.8833884416471514E+00   0.3947882754049316E-02  -0.6011019134194984E-01   0.2100183828828827E-02   0.2303889740224664E-05   0.9613276202932133E-03   0.5058854019570672E-02
  0.3982500000000000E+02   0.8837897959317278E+00   0.3923506480953506E-02  -0.5989673416953445E-01   0.2086742288618458E-02   0.2292022064059085E-05   0.9542955502576136E-03   0.5023054025279592E-02
  0.3987500000000000E+02   0.8841883319150424E+00   0.3900005960452234E-02  -0.5968482280586018E-01   0.2073775929093097E-02   0.2280639897194134E-05   0.9473418958449461E-03   0.4988468824975209E-02
  0.3992500000000000E+02   0.8845840375444618E+00   0.3877258647712857E-02  -0.5947446277670010E-01   0.2061219230239953E-02   0.2269673059313585E-05   0.9404661499568964E-03   0.4954938099373419E-02
  0.3997500000000000E+02   0.8849769220960455E+00   0.3855144904672680E-02  -0.5926564826680536E-01   0.2049008254864947E-02   0.2259052753766842E-05   0.9336674437996803E-03   0.4922305610575660E-02
  0.4002500000000000E+02   0.8853670148751688E+00   0.3833552287629219E-02  -0.5905836281838517E-01   0.2037082926371388E-02   0.2248714092898043E-05   0.9269445787862327E-03   0.4890424665820689E-02
  0.4007500000000000E+02   0.8857543628998232E+00   0.3812379568125779E-02  -0.5885258056928999E-01   0.2025389162960170E-02   0.2238598483528747E-05   0.9202960749095053E-03   0.4859163223167718E-02
  0.4012499999999999E+02   0.8861390275944279E+00   0.3791540191549767E-02  -0.5864826801564338E-01   0.2013880711494125E-02   0.2228655697733129E-05   0.9137202344977593E-03   0.4828408265039883E-02
  0.4017500000000000E+02   0.8865210806256807E+00   0.3770964873348497E-02  -0.5844538622864692E-01   0.2002520522014158E-02   0.2218845449816658E-05   0.9072152185374229E-03   0.4798069061164411E-02
  0.4022499999999999E+02   0.8869005991182243E+00   0.3750603070137358E-02  -0.5824389339896940E-01   0.1991281523872443E-02   0.2209138320818294E-05   0.9007791310642043E-03   0.4768078991261509E-02
  0.4027500000000000E+02   0.8872776605781264E+00   0.3730423141620756E-02  -0.5804374753436403E-01   0.1980146706312588E-02   0.2199515916825018E-05   0.8944101057884143E-03   0.4738395698859476E-02
  0.4032500000000000E+02   0.8876523379095682E+00   0.3710411129829137E-02  -0.5784490910587570E-01   0.1969108465097759E-02   0.2189970211678528E-05   0.8881063883997302E-03   0.4708999488764103E-02
  0.4037500000000000E+02   0.8880246949238859E+00   0.3690568208396993E-02  -0.5764734343089972E-01   0.1958167243796789E-02   0.2180502098847769E-05   0.8818664080372971E-03   0.4679890041118565E-02
  0.4042500000000000E+02   0.8883947827082073E+00   0.3670906977134263E-02  -0.5745102259848833E-01   0.1947329563315898E-02   0.2171119250001440E-05   0.8756888322073701E-03   0.4651081670031441E-02
  0.4047499999999999E+02   0.8887626371504137E+00   0.3651446878483374E-02  -0.5725592677990654E-01   0.1936605586928418E-02   0.2161833438753131E-05   0.8695726008278755E-03   0.4622597482247200E-02
  0.4052500000000000E+02   0.8891282778217060E+00   0.3632209081177117E-02  -0.5706204481823107E-01   0.1926006404354007E-02   0.2152657530246936E-05   0.8635169368225751E-03   0.4594462876901852E-02
  0.4057500000000000E+02   0.8894917083137190E+00   0.3613211209340021E-02  -0.5686937404623282E-01   0.1915541235704259E-02   0.2143602358597378E-05   0.8575213324982169E-03   0.4566698867194346E-02
  0.4062500000000000E+02   0.8898529180277672E+00   0.3594462297023750E-02  -0.5667791933452726E-01   0.1905214756813502E-02   0.2134673717199256E-05   0.8515855125890862E-03   0.4539315704865748E-02
  0.4067500000000000E+02   0.8902118853275347E+00   0.3575958328370993E-02  -0.5648769141770726E-01   0.1895024736743591E-02   0.2125869677109193E-05   0.8457093762230082E-03   0.4512307261116052E-02
  0.4072499999999999E+02   0.8905685818943881E+00   0.3557678692843728E-02  -0.5629870458433750E-01   0.1884960161719770E-02   0.2117178432236980E-05   0.8398929211499787E-03   0.4485646576569487E-02
  0.4077500000000000E+02   0.8909229780613654E+00   0.3539583850660694E-02  -0.5611097385001318E-01   0.1875000001376350E-02   0.2108576851339494E-05   0.8341361544765487E-03   0.4459282947669239E-02
  0.4082500000000000E+02   0.8912750488394541E+00   0.3521614467047171E-02  -0.5592451176559088E-01   0.1865112753659786E-02   0.2100029896538434E-05   0.8284389950076847E-03   0.4433140869195208E-02
  0.4087499999999999E+02   0.8916247802806835E+00   0.3503692229124060E-02  -0.5573932504907442E-01   0.1855256880895814E-02   0.2091491042710617E-05   0.8228011732295303E-03   0.4407121095035898E-02
  0.4092500000000000E+02   0.8919721757449759E+00   0.3485722494207480E-02  -0.5555541127046770E-01   0.1845382215009817E-02   0.2082903794380519E-05   0.8172221359921842E-03   0.4381103996864050E-02
  0.4097499999999999E+02   0.8923172615589947E+00   0.3467598818489883E-02  -0.5537275586031709E-01   0.1835432357049998E-02   0.2074204337891575E-05   0.8117009639441577E-03   0.4354955274898340E-02
  0.4102500000000000E+02   0.8926600914936887E+00   0.3449209269449068E-02  -0.5519132974496910E-01   0.1825348019148696E-02   0.2065325279770995E-05   0.8062363104346183E-03   0.4328533892680550E-02
  0.4107500000000000E+02   0.8930007494703444E+00   0.3430444233188829E-02  -0.5501108792026355E-01   0.1815071155511809E-02   0.2056200306595098E-05   0.8008263705140355E-03   0.4301701867986150E-02
  0.4112500000000000E+02   0.8933393499634206E+00   0.3411205205210546E-02  -0.5483196924424039E-01   0.1804549611397105E-02   0.2046769466551626E-05   0.7954688873799015E-03   0.4274335274670489E-02
  0.4117500000000000E+02   0.8936760357258605E+00   0.3391413835144256E-02  -0.5465389764601103E-01   0.1793741903996514E-02   0.2036984639258666E-05   0.7901612008224763E-03   0.4246335539616520E-02
  0.4122499999999999E+02   0.8940109727233231E+00   0.3371020333522639E-02  -0.5447678480995599E-01   0.1782621663522606E-02   0.2026814658797748E-05   0.7849003379370814E-03   0.4217639918429686E-02
  0.4127500000000000E+02   0.8943443425032278E+00   0.3350010296253098E-02  -0.5430053421491432E-01   0.1771181235400213E-02   0.2016249518524517E-05   0.7796831410483754E-03   0.4188229971007907E-02
  0.4132500000000000E+02   0.8946763325872832E+00   0.3328409100332815E-02  -0.5412504621632397E-01   0.1759433996543919E-02   0.2005303140071890E-05   0.7745064223543673E-03   0.4158136983566604E-02
  0.4137500000000000E+02   0.8950071257861283E+00   0.3306283280548823E-02  -0.5395022369561830E-01   0.1747415074428949E-02   0.1994014338909992E-05   0.7693671304294644E-03   0.4127443606578895E-02
  0.4142500000000000E+02   0.8953368895158876E+00   0.3283738676899873E-02  -0.5377597770572051E-01   0.1735180358736769E-02   0.1982445845120043E-05   0.7642625115427854E-03   0.4096281454741000E-02
  0.4147500000000000E+02   0.8956657661981310E+00   0.3260915573542248E-02  -0.5360223254094210E-01   0.1722803923289749E-02   0.1970681497551556E-05   0.7591902494159179E-03   0.4064824954225187E-02
  0.4152500000000000E+02   0.8959938656405356E+00   0.3237981440688040E-02  -0.5342892975731639E-01   0.1710374182393870E-02   0.1958821967217644E-05   0.7541485705169074E-03   0.4033282209678549E-02
  0.4157500000000000E+02   0.8963212599673189E+00   0.3215122158615229E-02  -0.5325603084318409E-01   0.1697989247018211E-02   0.1946979531390099E-05   0.7491363074874805E-03   0.4001883995852014E-02
  0.4162500000000000E+02   0.8966479812729584E+00   0.3192532699290215E-02  -0.5308351844909076E-01   0.1685751996871634E-02   0.1935272483116583E-05   0.7441529195676991E-03   0.3970872096304052E-02
  0.4167500000000000E+02   0.8969740217966680E+00   0.3170408163428690E-02  -0.5291139628486097E-01   0.1673765343069354E-02   0.1923819719027484E-05   0.7391984745735937E-03   0.3940488111669666E-02
  0.4172500000000000E+02   0.8972993361297291E+00   0.3148935857653632E-02  -0.5273968794245321E-01   0.1662128043142555E-02   0.1912735923568838E-05   0.7342736010621715E-03   0.3910963591246440E-02
  0.4177500000000000E+02   0.8976238448120974E+00   0.3128288810150194E-02  -0.5256843498531028E-01   0.1650931278662692E-02   0.1902127597258440E-05   0.7293794212838355E-03   0.3882511982499220E-02
  0.4182500000000000E+02   0.8979474386522825E+00   0.3108620828983048E-02  -0.5239769465656496E-01   0.1640256050166744E-02   0.1892089999409100E-05   0.7245174754252358E-03   0.3855322525030328E-02
  0.4187500000000000E+02   0.8982699831917635E+00   0.3090062956171271E-02  -0.5222753751215792E-01   0.1630171311403189E-02   0.1882704923148124E-05   0.7196896459338637E-03   0.3829555902395819E-02
  0.4192500000000000E+02   0.8985913228950402E+00   0.3072720992102264E-02  -0.5205804520032453E-01   0.1620732670678981E-02   0.1874039110733504E-05   0.7148980880114019E-03   0.3805341243312705E-02
  0.4197499999999999E+02   0.8989112848413838E+00   0.3056673667557705E-02  -0.5188930850584050E-01   0.1611981435807137E-02   0.1866143055901292E-05   0.7101451692604391E-03   0.3782773943724873E-02
  0.4202500000000001E+02   0.8992296818949957E+00   0.3041971019043840E-02  -0.5172142567144000E-01   0.1603943767894231E-02   0.1859049924461682E-05   0.7054334184148885E-03   0.3761913755628248E-02
  0.4207500000000000E+02   0.8995463155179381E+00   0.3028632565995243E-02  -0.5155450090981029E-01   0.1596629731966941E-02   0.1852774348182650E-05   0.7007654803469178E-03   0.3742782643016641E-02
  0.4212500000000000E+02   0.8998609785549037E+00   0.3016644985721600E-02  -0.5138864293277023E-01   0.1590032083870468E-02   0.1847310904417211E-05   0.6961440722528819E-03   0.3725362026866884E-02
  0.4217500000000000E+02   0.9001734584543453E+00   0.3005959128925616E-02  -0.5122396325294798E-01   0.1584124710417311E-02   0.1842632182359038E-05   0.6915719341513672E-03   0.3709589223380916E-02
  0.4222500000000000E+02   0.9004835414877265E+00   0.2996486416110195E-02  -0.5106057396218655E-01   0.1578860743842036E-02   0.1838686457099931E-05   0.6870517656903089E-03   0.3695353123439778E-02
  0.4227500000000000E+02   0.9007910185701070E+00   0.2988094906183997E-02  -0.5089858466922415E-01   0.1574170503761499E-02   0.1835395146967240E-05   0.6825861409897246E-03   0.3682489469788364E-02
  0.4232500000000000E+02   0.9010956932407753E+00   0.2980605630542167E-02  -0.5073809830276343E-01   0.1569959578706878E-02   0.1832650416758524E-05   0.6781773942456052E-03   0.3670776458620755E-02
  0.4237500000000000E+02   0.9013973921899491E+00   0.2973790119479745E-02  -0.5057920557702167E-01   0.1566107534692823E-02   0.1830313497922504E-05   0.6738274716426465E-03   0.3659931800205752E-02
  0.4242500000000000E+02   0.9016959783708345E+00   0.2967370363453419E-02  -0.5042197809933169E-01   0.1562467904171767E-02   0.1828214496209497E-05   0.6695377503420171E-03   0.3649612758381581E-02
  0.4247500000000000E+02   0.9019913661856862E+00   0.2961022659283091E-02  -0.5026646038899851E-01   0.1558870217690684E-02   0.1826154592175290E-05   0.6653088332313971E-03   0.3639420940979327E-02
  0.4252500000000000E+02   0.9022835374978152E+00   0.2954386761636022E-02  -0.5011266146398419E-01   0.1555124824692041E-02   0.1823911529712901E-05   0.6611403383489702E-03   0.3628913574680909E-02
  0.4257500000000000E+02   0.9025725564009925E+00   0.2947081350275179E-02  -0.4996054708330055E-01   0.1551031034146738E-02   0.1821249042679154E-05   0.6570307128357042E-03   0.3617622494270753E-02
  0.4262500000000000E+02   0.9028585799832776E+00   0.2938725935231293E-02  -0.4981003409786600E-01   0.1546388638424104E-02   0.1817930326201227E-05   0.6529771099033161E-03   0.3605080987998420E-02
  0.4267500000000000E+02   0.9031418620519187E+00   0.2928967984672415E-02  -0.4966098850438683E-01   0.1541012180518034E-02   0.1813734832196877E-05   0.6489753695258525E-03   0.3590857004418496E-02
  0.4272499999999999E+02   0.9034227472383396E+00   0.2917512505196560E-02  -0.4951322855855544E-01   0.1534746507188130E-02   0.1808476698206456E-05   0.6450201354900385E-03   0.3574589325143711E-02
  0.4277500000000000E+02   0.9037016542272197E+00   0.2904149971333905E-02  -0.4936653360677445E-01   0.1527481450002211E-02   0.1802022276066903E-05   0.6411051214987933E-03   0.3556021680526210E-02
  0.4282500000000000E+02   0.9039790489006487E+00   0.2888777924551654E-02  -0.4922065821906030E-01   0.1519163173623745E-02   0.1794303845695297E-05   0.6372235099230792E-03   0.3535029084712312E-02
  0.4287500000000000E+02   0.9042554104553684E+00   0.2871412143935331E-02  -0.4907535001372432E-01   0.1509800037246259E-02   0.1785326934606607E-05   0.6333684359748380E-03   0.3511631383748712E-02
  0.4292500000000000E+02   0.9045311953185826E+00   0.2852185060005339E-02  -0.4893036863533995E-01   0.1499461745988476E-02   0.1775169742105950E-05   0.6295334875609084E-03   0.3485991179910598E-02
  0.4297500000000000E+02   0.9048068043153525E+00   0.2831331596826059E-02  -0.4878550301807594E-01   0.1488271891255597E-02   0.1763974720729584E-05   0.6257131452627731E-03   0.3458396374045602E-02
  0.4302500000000000E+02   0.9050825577779205E+00   0.2809165113648857E-02  -0.4864058446822406E-01   0.1476395286464177E-02   0.1751933919990732E-05   0.6219031003596839E-03   0.3429230609972671E-02
  0.4307500000000000E+02   0.9053586814071568E+00   0.2786047807966124E-02  -0.4849549408911102E-01   0.1464022393303856E-02   0.1739270768874834E-05   0.6181004168990661E-03   0.3398936971004591E-02
  0.4312500000000000E+02   0.9056353033593413E+00   0.2762360407559333E-02  -0.4835016430098127E-01   0.1451353378068040E-02   0.1726221289486408E-05   0.6143035368405839E-03   0.3367980843442017E-02
  0.4317500000000000E+02   0.9059124609703146E+00   0.2738475271967217E-02  -0.4820457529249533E-01   0.1438583965041004E-02   0.1713017318652245E-05   0.6105121551345179E-03   0.3336816990363750E-02
  0.4322500000000000E+02   0.9061901142451612E+00   0.2714735573687798E-02  -0.4805874791547149E-01   0.1425894490727848E-02   0.1699873428345359E-05   0.6067270077647947E-03   0.3305864098839038E-02
  0.4327499999999999E+02   0.9064681628702614E+00   0.2691441594496873E-02  -0.4791273472935542E-01   0.1413442702508888E-02   0.1686978224605220E-05   0.6029496190554454E-03   0.3275488059088657E-02
  0.4332500000000000E+02   0.9067464638707565E+00   0.2668843803467502E-02  -0.4776661070882560E-01   0.1401360125301919E-02   0.1674489850298482E-05   0.5991820478614274E-03   0.3245993557538212E-02
  0.4337500000000000E+02   0.9070248478162450E+00   0.2647141507969878E-02  -0.4762046471740766E-01   0.1389751359569277E-02   0.1662534964533401E-05   0.5954266604079699E-03   0.3217622495172314E-02
  0.4342500000000000E+02   0.9073031323557212E+00   0.2626485501236164E-02  -0.4747439238782136E-01   0.1378695480859733E-02   0.1651210233192918E-05   0.5916859449066861E-03   0.3190557294679415E-02
  0.4347500000000000E+02   0.9075811326236241E+00   0.2606983152346283E-02  -0.4732849064948297E-01   0.1368248723069083E-02   0.1640585370278016E-05   0.5879623725254122E-03   0.3164927189756081E-02
  0.4352500000000000E+02   0.9078586686040848E+00   0.2588704636982465E-02  -0.4718285385683618E-01   0.1358447760654332E-02   0.1630706920447820E-05   0.5842583020046310E-03   0.3140815901428024E-02
  0.4357500000000000E+02   0.9081355698619791E+00   0.2571689349469364E-02  -0.4703757130315944E-01   0.1349313085189573E-02   0.1621602182096437E-05   0.5805759211446850E-03   0.3118269526935413E-02
  0.4362499999999999E+02   0.9084116781890040E+00   0.2555951873078764E-02  -0.4689272583119541E-01   0.1340852148729944E-02   0.1613282877796173E-05   0.5769172168428269E-03   0.3097303879748162E-02
  0.4367500000000000E+02   0.9086868487282285E+00   0.2541487166555074E-02  -0.4674839324406299E-01   0.1333062094279678E-02   0.1605748353392573E-05   0.5732839654784564E-03   0.3077910863746406E-02
  0.4372500000000000E+02   0.9089609500841150E+00   0.2528274834450229E-02  -0.4660464224971494E-01   0.1325932003915021E-02   0.1598988218014337E-05   0.5696777364765707E-03   0.3060063721246291E-02
  0.4377500000000000E+02   0.9092338638360556E+00   0.2516282491285732E-02  -0.4646153471907977E-01   0.1319444669987390E-02   0.1592984426892128E-05   0.5660999032823419E-03   0.3043721168595127E-02
  0.4382500000000000E+02   0.9095054837767850E+00   0.2505468317716046E-02  -0.4631912608892463E-01   0.1313577941141380E-02   0.1587712864913896E-05   0.5625516574226021E-03   0.3028830540466609E-02
  0.4387500000000000E+02   0.9097757151057304E+00   0.2495782955263590E-02  -0.4617746578853144E-01   0.1308305720270527E-02   0.1583144520136648E-05   0.5590340226469282E-03   0.3015330122629148E-02
  0.4392500000000000E+02   0.9100444737266422E+00   0.2487170907186268E-02  -0.4603659761172207E-01   0.1303598702507641E-02   0.1579246350619855E-05   0.5555478672720792E-03   0.3003150878047495E-02
  0.4397500000000000E+02   0.9103116857294808E+00   0.2479571615460394E-02  -0.4589655999222908E-01   0.1299424942561888E-02   0.1575981950391548E-05   0.5520939137985948E-03   0.2992217773600746E-02
  0.4402500000000000E+02   0.9105772870774658E+00   0.2472920373079560E-02  -0.4575738617142211E-01   0.1295750335000131E-02   0.1573312114404683E-05   0.5486727456483975E-03   0.2982450901095047E-02
  0.4407500000000000E+02   0.9108412234703297E+00   0.2467149209552088E-02  -0.4561910427355964E-01   0.1292539079836769E-02   0.1571195389608513E-05   0.5452848115077249E-03   0.2973766559953924E-02
  0.4412500000000000E+02   0.9111034503141092E+00   0.2462187856711495E-02  -0.4548173732506366E-01   0.1289754189622037E-02   0.1569588680374541E-05   0.5419304282561957E-03   0.2966078431376535E-02
  0.4417500000000000E+02   0.9113639326975229E+00   0.2457964862442107E-02  -0.4534530327016550E-01   0.1287358073480314E-02   0.1568447951869867E-05   0.5386097838090551E-03   0.2959298925776883E-02
  0.4422499999999999E+02   0.9116226452576277E+00   0.2454408873105820E-02  -0.4520981504433508E-01   0.1285313209006117E-02   0.1567729045425113E-05   0.5353229413691904E-03   0.2953340728730690E-02
  0.4427500000000000E+02   0.9118795718158823E+00   0.2451450054332174E-02  -0.4507528076768907E-01   0.1283582886147800E-02   0.1567388587366116E-05   0.5320698465487852E-03   0.2948118509089287E-02
  0.4432500000000000E+02   0.9121347046822126E+00   0.2449021569280054E-02  -0.4494170411192766E-01   0.1282131980751396E-02   0.1567384940259533E-05   0.5288503385579931E-03   0.2943550692237337E-02
  0.4437499999999999E+02   0.9123880435595444E+00   0.2447060989920551E-02  -0.4480908487606616E-01   0.1280927692660818E-02   0.1567679117180619E-05   0.5256641661740599E-03   0.2939561149372655E-02
  0.4442500000000000E+02   0.9126395940320982E+00   0.2445511487295191E-02  -0.4467741977961637E-01   0.1279940167817992E-02   0.1568235559959968E-05   0.5225110085394813E-03   0.2936080618493451E-02
  0.4447499999999999E+02   0.9128893656820645E+00   0.2444322637100844E-02  -0.4454670344978595E-01   0.1279142918825223E-02   0.1569022675367189E-05   0.5193905000678902E-03   0.2933047661657865E-02
  0.4452500000000000E+02   0.9131373699430698E+00   0.2443450690892653E-02  -0.4441692954590626E-01   0.1278512965770481E-02   0.1570013031257389E-05   0.5163022579658020E-03   0.2930408980205275E-02
  0.4457500000000000E+02   0.9133836178559980E+00   0.2442858200666938E-02  -0.4428809193444094E-01   0.1278030638757807E-02   0.1571183137990432E-05   0.5132459102202880E-03   0.2928118954889305E-02
  0.4462500000000000E+02   0.9136281179348226E+00   0.2442512941808967E-02  -0.4416018580596659E-01   0.1277679013542923E-02   0.1572512776657918E-05   0.5102211214562802E-03   0.2926138346650379E-02
  0.4467500000000000E+02   0.9138708743710670E+00   0.2442386149629033E-02  -0.4403320861462157E-01   0.1277442988416757E-02   0.1573983880609116E-05   0.5072276138984057E-03   0.2924432177907302E-02
  0.4472499999999999E+02   0.9141118858026192E+00   0.2442450159831364E-02  -0.4390716072210166E-01   0.1277308049747583E-02   0.1575579025294690E-05   0.5042651808029653E-03   0.2922966903987242E-02
  0.4477500000000000E+02   0.9143511448463595E+00   0.2442675615485109E-02  -0.4378204564208765E-01   0.1277258811316366E-02   0.1577279628555026E-05   0.5013336901381749E-03   0.2921707070317126E-02
  0.4482500000000000E+02   0.9145886385471591E+00   0.2443028466257588E-02  -0.4365786980556374E-01   0.1277277445552299E-02   0.1579064005182123E-05   0.4984330769404473E-03   0.2920611725944677E-02
  0.4487500000000000E+02   0.9148243498317253E+00   0.2443467035681669E-02  -0.4353464180102395E-01   0.1277342150834776E-02   0.1580905453139235E-05   0.4955633236107277E-03   0.2919630922939590E-02
  0.4492500000000000E+02   0.9150582599774941E+00   0.2443939466232991E-02  -0.4341237108448270E-01   0.1277425816704155E-02   0.1582770572314156E-05   0.4927244283942965E-03   0.2918702670944903E-02
  0.4497499999999999E+02   0.9152903520163631E+00   0.2444381867108810E-02  -0.4329106620143719E-01   0.1277495056622666E-02   0.1584618028141443E-05   0.4899163633799999E-03   0.2917750733269458E-02
  0.4502500000000000E+02   0.9155206148924783E+00   0.2444717481504807E-02  -0.4317073261542637E-01   0.1277509773602177E-02   0.1586397968930080E-05   0.4871390245313876E-03   0.2916683640393983E-02
  0.4507500000000000E+02   0.9157490480862218E+00   0.2444857152499130E-02  -0.4305137029369455E-01   0.1277423404247663E-02   0.1588052282982027E-05   0.4843921774743569E-03   0.2915395251124846E-02
  0.4512499999999999E+02   0.9159756663107846E+00   0.2444701291808589E-02  -0.4293297125560702E-01   0.1277183947615389E-02   0.1589515834469027E-05   0.4816754039160917E-03   0.2913767101979611E-02
  0.4517500000000000E+02   0.9162005037970036E+00   0.2444143437618807E-02  -0.4281551733672218E-01   0.1276735823599126E-02   0.1590718741352985E-05   0.4789880544944370E-03   0.2911672644618671E-02
  0.4522500000000000E+02   0.9164236176262585E+00   0.2443075326053954E-02  -0.4269897845049131E-01   0.1276022521160344E-02   0.1591589653859187E-05   0.4763292143269581E-03   0.2908983278909502E-02
  0.4527500000000000E+02   0.9166450895732211E+00   0.2441393205570306E-02  -0.4258331162839402E-01   0.1274989894798407E-02   0.1592059864308115E-05   0.4736976872879202E-03   0.2905575857380220E-02
  0.4532500000000000E+02   0.9168650260004483E+00   0.2439004917851155E-02  -0.4246846107734881E-01   0.1273589860337841E-02   0.1592067943393853E-05   0.4710920038784522E-03   0.2901341092995117E-02
  0.4537500000000000E+02   0.9170835555146183E+00   0.2435837088364932E-02  -0.4235435940556020E-01   0.1271784147032160E-02   0.1591564477518349E-05   0.4685104553984900E-03   0.2896192088764656E-02
  0.4542500000000000E+02   0.9173008243402977E+00   0.2431841656700867E-02  -0.4224093003946416E-01   0.1269547704101132E-02   0.1590516404237450E-05   0.4659511541321220E-03   0.2890072074574440E-02
  0.4547499999999999E+02   0.9175169896596377E+00   0.2427000968446302E-02  -0.4212809070175283E-01   0.1266871355599290E-02   0.1588910433149433E-05   0.4634121158315475E-03   0.2882960427969668E-02
  0.4552500000000000E+02   0.9177322114544120E+00   0.2421330766212689E-02  -0.4201575767018106E-01   0.1263763358113287E-02   0.1586755111164522E-05   0.4608913575435138E-03   0.2874876194429145E-02
  0.4557500000000000E+02   0.9179466436117908E+00   0.2414880649089944E-02  -0.4190385041952194E-01   0.1260249636817426E-02   0.1584081239414142E-05   0.4583870014399070E-03   0.2865878598776996E-02
  0.4562500000000000E+02   0.9181604251676693E+00   0.2407731879144153E-02  -0.4179229619050129E-01   0.1256372636940745E-02   0.1580940549834002E-05   0.4558973743294946E-03   0.2856064407320004E-02
  0.4567500000000000E+02   0.9183736725363825E+00   0.2399992741000796E-02  -0.4168103404272527E-01   0.1252188898611340E-02   0.1577402764061718E-05   0.4534210931676861E-03   0.2845562389224810E-02
  0.4572500000000000E+02   0.9185864734215397E+00   0.2391791941624373E-02  -0.4157001802919558E-01   0.1247765609703783E-02   0.1573551343433225E-05   0.4509571289818487E-03   0.2834525459019729E-02
  0.4577500000000000E+02   0.9187988828581883E+00   0.2383270721324800E-02  -0.4145921925774765E-01   0.1243176487222223E-02   0.1569478362750985E-05   0.4485048446857078E-03   0.2823121299690332E-02
  0.4582500000000000E+02   0.9190109215581445E+00   0.2374574410094576E-02  -0.4134862675011974E-01   0.1238497370553301E-02   0.1565278985820509E-05   0.4460640055823104E-03   0.2811522339647340E-02
  0.4587500000000000E+02   0.9192225764752524E+00   0.2365844112701536E-02  -0.4123824714252411E-01   0.1233801883340891E-02   0.1561045991347980E-05   0.4436347642902606E-03   0.2799895895478976E-02
  0.4592500000000000E+02   0.9194338033181472E+00   0.2357209073189287E-02  -0.4112810337032646E-01   0.1229157451310551E-02   0.1556864713794181E-05   0.4412176239073545E-03   0.2788395133609550E-02
  0.4597500000000000E+02   0.9196445306344073E+00   0.2348780098423599E-02  -0.4101823253351600E-01   0.1224621874005383E-02   0.1552808653634185E-05   0.4388133842644394E-03   0.2777151299947423E-02
  0.4602500000000000E+02   0.9198546650682691E+00   0.2340644253883831E-02  -0.4090868315092289E-01   0.1220240561437674E-02   0.1548935903275280E-05   0.4364230762041170E-03   0.2766267468192891E-02
  0.4607500000000000E+02   0.9200640974334799E+00   0.2332860914979148E-02  -0.4079951199050447E-01   0.1216044478782654E-02   0.1545286449854253E-05   0.4340478882175222E-03   0.2755813902593657E-02
  0.4612500000000000E+02   0.9202727093137439E+00   0.2325459180189212E-02  -0.4069078062595355E-01   0.1212048802004939E-02   0.1541880365425969E-05   0.4316890888475105E-03   0.2745825039015958E-02
  0.4617500000000000E+02   0.9204803799751857E+00   0.2318436629158610E-02  -0.4058255183223491E-01   0.1208252275162503E-02   0.1538716879619329E-05   0.4293479473696733E-03   0.2736298060216687E-02
  0.4622499999999999E+02   0.9206869934230790E+00   0.2311759427664914E-02  -0.4047488590760107E-01   0.1204637269891354E-02   0.1535774342175441E-05   0.4270256546726286E-03   0.2727193063071294E-02
  0.4627500000000000E+02   0.9208924454423038E+00   0.2305363821473042E-02  -0.4036783700574187E-01   0.1201170568460218E-02   0.1533011109444520E-05   0.4247232461445728E-03   0.2718434862761050E-02
  0.4632500000000000E+02   0.9210966504219189E+00   0.2299159096998856E-02  -0.4026144958195910E-01   0.1197804910513073E-02   0.1530367413082447E-05   0.4224415287763198E-03   0.2709916521435904E-02
  0.4637500000000000E+02   0.9212995476850658E+00   0.2293032092130483E-02  -0.4015575509838420E-01   0.1194481346484251E-02   0.1527768273297268E-05   0.4201810155199963E-03   0.2701504695632790E-02
  0.4642500000000000E+02   0.9215011069446337E+00   0.2286853292904899E-02  -0.4005076918564809E-01   0.1191132415911671E-02   0.1525127487768488E-05   0.4179418709732624E-03   0.2693046841163635E-02
  0.4647500000000000E+02   0.9217013324124572E+00   0.2280484437598175E-02  -0.3994648950657342E-01   0.1187686109509721E-02   0.1522352651471401E-05   0.4157238733529108E-03   0.2684380180559700E-02
  0.4652500000000001E+02   0.9219002650424852E+00   0.2273787370914878E-02  -0.3984289459204193E-01   0.1184070480814062E-02   0.1519351042787844E-05   0.4135263980739039E-03   0.2675342128588327E-02
  0.4657500000000000E+02   0.9220979824235089E+00   0.2266633669068947E-02  -0.3973994390082580E-01   0.1180218657785580E-02   0.1516036061536540E-05   0.4113484276737205E-03   0.2665781611411845E-02
  0.4662500000000000E+02   0.9222945959806217E+00   0.2258914334074425E-02  -0.3963757928039779E-01   0.1176073889054204E-02   0.1512333753013457E-05   0.4091885910730349E-03   0.2655570454517369E-02
  0.4667500000000000E+02   0.9224902453991514E+00   0.2250548689577721E-02  -0.3953572787320292E-01   0.1171594173198257E-02   0.1508188837027954E-05   0.4070452322643230E-03   0.2644613820619810E-02
  0.4672500000000000E+02   0.9226850905210876E+00   0.2241491558861358E-02  -0.3943430633785694E-01   0.1166755992667041E-02   0.1503569621417451E-05   0.4049165048393014E-03   0.2632858619131718E-02
  0.4677499999999999E+02   0.9228793013215179E+00   0.2231737907779390E-02  -0.3933322606871192E-01   0.1161556727233607E-02   0.1498471242978795E-05   0.4028004849948660E-03   0.2620298929817838E-02
  0.4682500000000000E+02   0.9230730468723681E+00   0.2221324395196624E-02  -0.3923239894129160E-01   0.1156015457197379E-02   0.1492916848837907E-05   0.4006952926543289E-03   0.2606977789272494E-02
  0.4687500000000000E+02   0.9232664843681282E+00   0.2210327651419812E-02  -0.3913174302410038E-01   0.1150172063325457E-02   0.1486956582467931E-05   0.3985992088793532E-03   0.2592985133243194E-02
  0.4692500000000000E+02   0.9234597492776051E+00   0.2198859525574934E-02  -0.3903118770299374E-01   0.1144084749389002E-02   0.1480664520796597E-05   0.3965107782541960E-03   0.2578452181737612E-02
  0.4697499999999999E+02   0.9236529474969412E+00   0.2187059915958243E-02  -0.3893067776270853E-01   0.1137826307298492E-02   0.1474133961763512E-05   0.3944288873173459E-03   0.2563542991635691E-02
  0.4702500000000000E+02   0.9238461500581082E+00   0.2175088046411175E-02  -0.3883017613736151E-01   0.1131479574374371E-02   0.1467471633215739E-05   0.3923528138290090E-03   0.2548444193216431E-02
  0.4707500000000000E+02   0.9240393905701942E+00   0.2163113135825378E-02  -0.3872966523796872E-01   0.1125132575926662E-02   0.1460791455644578E-05   0.3902822458313685E-03   0.2533354024689652E-02
  0.4712500000000000E+02   0.9242326652198442E+00   0.2151305330387979E-02  -0.3862914694773611E-01   0.1118873805856389E-02   0.1454208444120002E-05   0.3882172731988569E-03   0.2518471686694363E-02
  0.4717500000000000E+02   0.9244259348959470E+00   0.2139827569793764E-02  -0.3852864151183999E-01   0.1112787994620286E-02   0.1447833205278490E-05   0.3861583570340459E-03   0.2503987804732720E-02
  0.4722500000000000E+02   0.9246191288640150E+00   0.2128828799702174E-02  -0.3842818562104933E-01   0.1106952579031821E-02   0.1441767313412443E-05   0.3841062835502922E-03   0.2490076482636063E-02
  0.4727500000000000E+02   0.9248121493966557E+00   0.2118438683512437E-02  -0.3832782999838646E-01   0.1101434953404590E-02   0.1436099676099529E-05   0.3820621090611982E-03   0.2476889125299639E-02
  0.4732500000000000E+02   0.9250048768428312E+00   0.2108763752834874E-02  -0.3822763675824703E-01   0.1096290470297498E-02   0.1430903855485703E-05   0.3800271016848471E-03   0.2464549957802685E-02
  0.4737500000000000E+02   0.9251971747533830E+00   0.2099884792883382E-02  -0.3812767673719586E-01   0.1091561084614787E-02   0.1426236213635315E-05   0.3780026837894525E-03   0.2453152999961830E-02
  0.4742500000000000E+02   0.9253888948366495E+00   0.2091855192012782E-02  -0.3802802691425156E-01   0.1087274499953814E-02   0.1422134703593159E-05   0.3759903774609102E-03   0.2442760176809711E-02
  0.4747500000000000E+02   0.9255798816660574E+00   0.2084699985615742E-02  -0.3792876796140621E-01   0.1083443676617551E-02   0.1418618126932826E-05   0.3739917536759496E-03   0.2433400246731319E-02
  0.4752500000000000E+02   0.9257699771810103E+00   0.2078415378227611E-02  -0.3782998190296627E-01   0.1080066588615114E-02   0.1415685713592765E-05   0.3720083846203826E-03   0.2425068291888604E-02
  0.4757500000000000E+02   0.9259590251015802E+00   0.2072968616569428E-02  -0.3773174982110539E-01   0.1077126163200357E-02   0.1413316939213274E-05   0.3700417978068922E-03   0.2417725619619188E-02
  0.4762500000000000E+02   0.9261468754108716E+00   0.2068298193694163E-02  -0.3763414952764299E-01   0.1074590392353896E-02   0.1411471567820482E-05   0.3680934303605279E-03   0.2411300049085248E-02
  0.4767500000000000E+02   0.9263333890447498E+00   0.2064314474908830E-02  -0.3753725312941603E-01   0.1072412663046378E-02   0.1410089983102994E-05   0.3661645820528689E-03   0.2405686686446727E-02
  0.4772500000000000E+02   0.9265184428676980E+00   0.2060900934585290E-02  -0.3744112444623604E-01   0.1070532404264438E-02   0.1409093939361709E-05   0.3642563663508031E-03   0.2400749406590471E-02
  0.4777500000000000E+02   0.9267019349097192E+00   0.2057916263399707E-02  -0.3734581629433575E-01   0.1068876185359687E-02   0.1408387912491814E-05   0.3623696598466611E-03   0.2396323341450727E-02
  0.4782500000000000E+02   0.9268837897011419E+00   0.2055197630950465E-02  -0.3725136771987081E-01   0.1067359413475888E-02   0.1407861250244625E-05   0.3605050518476465E-03   0.2392218704520314E-02
  0.4787499999999999E+02   0.9270639633860541E+00   0.2052565352653016E-02  -0.3715780134806046E-01   0.1065888759096133E-02   0.1407391297937954E-05   0.3586627974462651E-03   0.2388226239277210E-02
  0.4792500000000000E+02   0.9272424481462650E+00   0.2049829100415105E-02  -0.3706512109077109E-01   0.1064365381975291E-02   0.1406847602161745E-05   0.3568427788050991E-03   0.2384124452253014E-02
  0.4797500000000000E+02   0.9274192753601186E+00   0.2046795612528974E-02  -0.3697331051113151E-01   0.1062688934205615E-02   0.1406097169439007E-05   0.3550444803271972E-03   0.2379688577908510E-02
  0.4802500000000000E+02   0.9275945168917965E+00   0.2043277615022506E-02  -0.3688233215861814E-01   0.1060762190980292E-02   0.1405010589412437E-05   0.3532669834843173E-03   0.2374700940473904E-02
  0.4807500000000000E+02   0.9277682839888467E+00   0.2039103400509632E-02  -0.3679212814539645E-01   0.1058496021519971E-02   0.1403468647370875E-05   0.3515089860493623E-03   0.2368962069408097E-02
  0.4812499999999999E+02   0.9279407234722666E+00   0.2034126275766567E-02  -0.3670262212747444E-01   0.1055814290836648E-02   0.1401368886106507E-05   0.3497688482341710E-03   0.2362301653234835E-02
  0.4817500000000000E+02   0.9281120112189247E+00   0.2028232948034043E-02  -0.3661372269051322E-01   0.1052658209798475E-02   0.1398631475305286E-05   0.3480446649752506E-03   0.2354588253331516E-02
  0.4822500000000000E+02   0.9282823433112639E+00   0.2021349924849907E-02  -0.3652532794548402E-01   0.1048989653531615E-02   0.1395203744771348E-05   0.3463343598717660E-03   0.2345736705531132E-02
  0.4827500000000000E+02   0.9284519255887764E+00   0.2013447176345281E-02  -0.3643733095282697E-01   0.1044793058627051E-02   0.1391062852894258E-05   0.3446357928327817E-03   0.2335712340067260E-02
  0.4832500000000000E+02   0.9286209625972615E+00   0.2004538633419468E-02  -0.3634962545813458E-01   0.1040075678055154E-02   0.1386216281961273E-05   0.3429468711426754E-03   0.2324531527334616E-02
  0.4837500000000000E+02   0.9287896470311677E+00   0.1994679509171298E-02  -0.3626211137094237E-01   0.1034866187531955E-02   0.1380700136114806E-05   0.3412656529968276E-03   0.2312258537450615E-02
  0.4842500000000000E+02   0.9289581506766303E+00   0.1983960847451105E-02  -0.3617469946381413E-01   0.1029211853199645E-02   0.1374575506325967E-05   0.3395904337720021E-03   0.2298999184756690E-02
  0.4847499999999999E+02   0.9291266176112656E+00   0.1972502034373475E-02  -0.3608731489952111E-01   0.1023174642715621E-02   0.1367923399333810E-05   0.3379198080758891E-03   0.2284892113212742E-02
  0.4852500000000000E+02   0.9292951600637628E+00   0.1960442194789973E-02  -0.3599989937738113E-01   0.1016826758380929E-02   0.1360838860911907E-05   0.3362527042964054E-03   0.2270098794031001E-02
  0.4857500000000000E+02   0.9294638569622016E+00   0.1947931415893295E-02  -0.3591241188398941E-01   0.1010246081323317E-02   0.1353424943016055E-05   0.3345883921237359E-03   0.2254793329552431E-02
  0.4862499999999999E+02   0.9296327548784978E+00   0.1935122615388900E-02  -0.3582482820042843E-01   0.1003511950933728E-02   0.1345787082837931E-05   0.3329264666282962E-03   0.2239153011860784E-02
  0.4867500000000000E+02   0.9298018708559098E+00   0.1922164651429268E-02  -0.3573713943242218E-01   0.9967015893870767E-03   0.1338028312935257E-05   0.3312668145010662E-03   0.2223350328392479E-02
  0.4872499999999999E+02   0.9299711965034367E+00   0.1909197014668867E-02  -0.3564934988335389E-01   0.9898873477390898E-03   0.1330245545841361E-05   0.3296095688838474E-03   0.2207546808278810E-02
  0.4877500000000000E+02   0.9301407027434542E+00   0.1896346200896174E-02  -0.3556147458869241E-01   0.9831348245277903E-03   0.1322527009594663E-05   0.3279550589948186E-03   0.2191888822192898E-02
  0.4882500000000000E+02   0.9303103446780323E+00   0.1883723669867615E-02  -0.3547353678926313E-01   0.9765018077352870E-03   0.1314950776432915E-05   0.3263037598073191E-03   0.2176505224678070E-02
  0.4887500000000000E+02   0.9304800661607207E+00   0.1871425166733086E-02  -0.3538556555777450E-01   0.9700379239168292E-03   0.1307584235975126E-05   0.3246562457220193E-03   0.2161506578125995E-02
  0.4892500000000000E+02   0.9306498037936362E+00   0.1859531115255348E-02  -0.3529759372391905E-01   0.9637848434697400E-03   0.1300484315928426E-05   0.3230131507885256E-03   0.2146985619897263E-02
  0.4897499999999999E+02   0.9308194901926575E+00   0.1848107775392021E-02  -0.3520965617953342E-01   0.9577768824228234E-03   0.1293698240085542E-05   0.3213751367909653E-03   0.2133018615132786E-02
  0.4902500000000000E+02   0.9309890564642794E+00   0.1837208876324653E-02  -0.3512178859300330E-01   0.9520418507770081E-03   0.1287264624665699E-05   0.3197428695218142E-03   0.2119667259661043E-02
  0.4907500000000000E+02   0.9311584339121126E+00   0.1826877474797431E-02  -0.3503402652347776E-01   0.9466020175901464E-03   0.1281214739686531E-05   0.3181170028584837E-03   0.2106980842747882E-02
  0.4912500000000000E+02   0.9313275550405595E+00   0.1817147835729029E-02  -0.3494640489975898E-01   0.9414750874744321E-03   0.1275573793783685E-05   0.3164981698038763E-03   0.2094998434383519E-02
  0.4917500000000000E+02   0.9314963539521353E+00   0.1808047179256796E-02  -0.3485895781373349E-01   0.9366751076926295E-03   0.1270362132984869E-05   0.3148869794057684E-03   0.2083750916796816E-02
  0.4922499999999999E+02   0.9316647662485074E+00   0.1799597180843604E-02  -0.3477171857117378E-01   0.9322132470982214E-03   0.1265596273001260E-05   0.3132840183738826E-03   0.2073262729336997E-02
  0.4927500000000000E+02   0.9318327285486223E+00   0.1791815146623317E-02  -0.3468471994105737E-01   0.9280984066231230E-03   0.1261289709036304E-05   0.3116898562158500E-03   0.2063553237219245E-02
  0.4932500000000000E+02   0.9320001777344593E+00   0.1784714814333409E-02  -0.3459799454604195E-01   0.9243376356433960E-03   0.1257453466565348E-05   0.3101050527715379E-03   0.2054637667381706E-02
  0.4937500000000000E+02   0.9321670500292741E+00   0.1778306751576169E-02  -0.3451157533970617E-01   0.9209363396572384E-03   0.1254096371377220E-05   0.3085301671074132E-03   0.2046527579543830E-02
  0.4942500000000000E+02   0.9323332800071034E+00   0.1772598338926425E-02  -0.3442549611936074E-01   0.9178982728947177E-03   0.1251225028165718E-05   0.3069657668156040E-03   0.2039230858844872E-02
  0.4947500000000000E+02   0.9324987996275326E+00   0.1767593337052374E-02  -0.3433979202572979E-01   0.9152253155177493E-03   0.1248843505128963E-05   0.3054124368297739E-03   0.2032751229904736E-02
  0.4952500000000000E+02   0.9326635373875607E+00   0.1763291046281149E-02  -0.3425449998196606E-01   0.9129170398662080E-03   0.1246952728583585E-05   0.3038707869112810E-03   0.2027087302804793E-02
  0.4957500000000000E+02   0.9328274176834956E+00   0.1759685075944399E-02  -0.3416965902391900E-01   0.9109700748094320E-03   0.1245549597943904E-05   0.3023414569686897E-03   0.2022231171665377E-02
  0.4962500000000000E+02   0.9329903604803664E+00   0.1756761751721680E-02  -0.3408531047125640E-01   0.9093772828834293E-03   0.1244625839209552E-05   0.3008251193517948E-03   0.2018166598889364E-02
  0.4967500000000000E+02   0.9331522813935805E+00   0.1754498204696649E-02  -0.3400149788531437E-01   0.9081267728965642E-03   0.1244166626230576E-05   0.2993224772158269E-03   0.2014866835770712E-02
  0.4972499999999999E+02   0.9333130922956836E+00   0.1752860208720706E-02  -0.3391826675537257E-01   0.9072007825019367E-03   0.1244149015473177E-05   0.2978342580008257E-03   0.2012292156201641E-02
  0.4977500000000000E+02   0.9334727025666985E+00   0.1751799865459073E-02  -0.3383566385216319E-01   0.9065744821650213E-03   0.1244540263631720E-05   0.2963612010469629E-03   0.2010387217531427E-02
  0.4982500000000000E+02   0.9336310211045219E+00   0.1751253280765124E-02  -0.3375373618847044E-01   0.9062147748219979E-03   0.1245296129423028E-05   0.2949040384156734E-03   0.2009078413047882E-02
  0.4987500000000000E+02   0.9337879591952328E+00   0.1751138431428895E-02  -0.3367252953528277E-01   0.9060791941404471E-03   0.1246359301081772E-05   0.2934634681709571E-03   0.2008271443653319E-02
  0.4992500000000000E+02   0.9339434343035927E+00   0.1751353484228739E-02  -0.3359208646242318E-01   0.9061150367746039E-03   0.1247658136934484E-05   0.2920401197669310E-03   0.2007849407922314E-02
  0.4997499999999999E+02   0.9340973747730632E+00   0.1751775891204371E-02  -0.3351244390926078E-01   0.9062588960224051E-03   0.1249105952050082E-05   0.2906345118562341E-03   0.2007671780292630E-02
  0.5002500000000000E+02   0.9342497253162628E+00   0.1752262631963805E-02  -0.3343363034713731E-01   0.9064367885017152E-03   0.1250601119214065E-05   0.2892470038241320E-03   0.2007574700443094E-02
  0.5007500000000000E+02   0.9344004530308139E+00   0.1752651985658580E-02  -0.3335566267057521E-01   0.9065650715446595E-03   0.1252028262986533E-05   0.2878777436532773E-03   0.2007373010157393E-02
  0.5012500000000000E+02   0.9345495535021671E+00   0.1752767168473863E-02  -0.3327854304392075E-01   0.9065523247993328E-03   0.1253260794316581E-05   0.2865266162289434E-03   0.2006864420310204E-02
  0.5017500000000000E+02   0.9346970563784510E+00   0.1752422045290318E-02  -0.3320225602129334E-01   0.9063023037675365E-03   0.1254164944098315E-05   0.2851931976754226E-03   0.2005836045191424E-02
  0.5022500000000000E+02   0.9348430296619438E+00   0.1751428905060846E-02  -0.3312676633026690E-01   0.9057179597439882E-03   0.1254605298349372E-05   0.2838767224156453E-03   0.2004073291081560E-02
  0.5027500000000000E+02   0.9349875819072083E+00   0.1749607987387775E-02  -0.3305201773786492E-01   0.9047063645009317E-03   0.1254451621156176E-05   0.2825760699323897E-03   0.2001370741085047E-02
  0.5032500000000000E+02   0.9351308615960487E+00   0.1746798100511269E-02  -0.3297793337600341E-01   0.9031841985827555E-03   0.1253586500636007E-05   0.2812897772727797E-03   0.1997544281806431E-02
  0.5037500000000000E+02   0.9352730532040288E+00   0.1742867345829084E-02  -0.3290441777705777E-01   0.9010832940747033E-03   0.1251913115992383E-05   0.2800160809574166E-03   0.1992443346476197E-02
  0.5042500000000000E+02   0.9354143698742341E+00   0.1737722747115021E-02  -0.3283136066297243E-01   0.8983556106131556E-03   0.1249362262228286E-05   0.2787529882592793E-03   0.1985961901736309E-02
  0.5047499999999999E+02   0.9355550431140065E+00   0.1731317554450823E-02  -0.3275864227285397E-01   0.8949770089024764E-03   0.1245897742039460E-05   0.2774983733650042E-03   0.1978046773577598E-02
  0.5052500000000000E+02   0.9356953104283672E+00   0.1723655198535048E-02  -0.3268613975658929E-01   0.8909492923534224E-03   0.1241519375593055E-05   0.2762500896485997E-03   0.1968702143258230E-02
  0.5057500000000000E+02   0.9358354021799339E+00   0.1714789295379122E-02  -0.3261373396766143E-01   0.8863002068512921E-03   0.1236263179079166E-05   0.2750060862281059E-03   0.1957989529152748E-02
  0.5062500000000000E+02   0.9359755291191805E+00   0.1704819664068938E-02  -0.3254131590874754E-01   0.8810813795476440E-03   0.1230198665648325E-05   0.2737645159750605E-03   0.1946023213541557E-02
  0.5067500000000000E+02   0.9361158719167066E+00   0.1693884895959275E-02  -0.3246879214173615E-01   0.8753644751722659E-03   0.1223423638071855E-05   0.2725238235159753E-03   0.1932961731166521E-02
  0.5072500000000000E+02   0.9362565736797608E+00   0.1682152471817374E-02  -0.3239608865448840E-01   0.8692360851860548E-03   0.1216057176849971E-05   0.2712828051625021E-03   0.1918996559739733E-02
  0.5077500000000001E+02   0.9363977359402710E+00   0.1669807670502266E-02  -0.3232315293260535E-01   0.8627919927828814E-03   0.1208231711987716E-05   0.2700406372588907E-03   0.1904339434593183E-02
  0.5082500000000000E+02   0.9365394180822371E+00   0.1657042518849956E-02  -0.3224995425300359E-01   0.8561314598393542E-03   0.1200085078085069E-05   0.2687968740473846E-03   0.1889209716130381E-02
  0.5087500000000000E+02   0.9366816397429591E+00   0.1644045832386332E-02  -0.3217648244015470E-01   0.8493520784302873E-03   0.1191753314317639E-05   0.2675514198672293E-03   0.1873823009570144E-02
  0.5092500000000000E+02   0.9368243854447227E+00   0.1630995068667402E-02  -0.3210274546946701E-01   0.8425455599925722E-03   0.1183364738756571E-05   0.2663044827548406E-03   0.1858381861290394E-02
  0.5097500000000000E+02   0.9369676106092462E+00   0.1618050350123254E-02  -0.3202876635618079E-01   0.8357946465166558E-03   0.1175035565295683E-05   0.2650565172005030E-03   0.1843068938600593E-02
  0.5102499999999999E+02   0.9371112481512988E+00   0.1605350686958762E-02  -0.3195457974529403E-01   0.8291711594154189E-03   0.1166867096040272E-05   0.2638081632125636E-03   0.1828042726574915E-02
  0.5107500000000000E+02   0.9372552149909548E+00   0.1593012188734863E-02  -0.3188022854402928E-01   0.8227350766419666E-03   0.1158944345993309E-05   0.2625601874123054E-03   0.1813435499022884E-02
  0.5112500000000000E+02   0.9373994180119680E+00   0.1581127910040684E-02  -0.3180576084109887E-01   0.8165344546019281E-03   0.1151335851289010E-05   0.2613134301198008E-03   0.1799353157105275E-02
  0.5117500000000000E+02   0.9375437591822257E+00   0.1569768921570750E-02  -0.3173122725955579E-01   0.8106059834646472E-03   0.1144094370763476E-05   0.2600687606819819E-03   0.1785876467500393E-02
  0.5122500000000000E+02   0.9376881397124309E+00   0.1558986210318966E-02  -0.3165667880717804E-01   0.8049759709183410E-03   0.1137258197419311E-05   0.2588270418792038E-03   0.1773063246473536E-02
  0.5127499999999999E+02   0.9378324632480453E+00   0.1548813065585442E-02  -0.3158216522686719E-01   0.7996615768379960E-03   0.1130852832861652E-05   0.2575891032246089E-03   0.1760951097040986E-02
  0.5132500000000000E+02   0.9379766381660434E+00   0.1539267678316544E-02  -0.3150773380997929E-01   0.7946721579780463E-03   0.1124892827694684E-05   0.2563557223361647E-03   0.1749560387618284E-02
  0.5137500000000000E+02   0.9381205790884068E+00   0.1530355753341416E-02  -0.3143342861464338E-01   0.7900106190700567E-03   0.1119383642119527E-05   0.2551276132487561E-03   0.1738897243088986E-02
  0.5142500000000000E+02   0.9382642077378344E+00   0.1522072997214425E-02  -0.3135929002412474E-01   0.7856746993693530E-03   0.1114323426158278E-05   0.2539054204538282E-03   0.1728956391563470E-02
  0.5147500000000000E+02   0.9384074532574543E+00   0.1514407393961675E-02  -0.3128535458220882E-01   0.7816581493451743E-03   0.1109704654561847E-05   0.2526897175192149E-03   0.1719723766898962E-02
  0.5152500000000000E+02   0.9385502521036097E+00   0.1507341216295337E-02  -0.3121165504917078E-01   0.7779517704519050E-03   0.1105515576883834E-05   0.2514810092788582E-03   0.1711178807457711E-02
  0.5157500000000000E+02   0.9386925476052604E+00   0.1500852742437388E-02  -0.3113822062993055E-01   0.7745443026007311E-03   0.1101741459520725E-05   0.2502797367371686E-03   0.1703296417468463E-02
  0.5162499999999999E+02   0.9388342892693875E+00   0.1494917661437755E-02  -0.3106507733333053E-01   0.7714231505473523E-03   0.1098365605740924E-05   0.2490862839711178E-03   0.1696048571992893E-02
  0.5167500000000000E+02   0.9389754319013466E+00   0.1489510156024776E-02  -0.3099224842688153E-01   0.7685749435990873E-03   0.1095370144171338E-05   0.2479009864158368E-03   0.1689405553590360E-02
  0.5172500000000000E+02   0.9391159346033652E+00   0.1484603654699024E-02  -0.3091975495431665E-01   0.7659859244313860E-03   0.1092736578126678E-05   0.2467241399802013E-03   0.1683336811870693E-02
  0.5177500000000000E+02   0.9392557597131574E+00   0.1480171246651120E-02  -0.3084761628394483E-01   0.7636421637718349E-03   0.1090446089502583E-05   0.2455560104603002E-03   0.1677811439274614E-02
  0.5182500000000000E+02   0.9393948717471405E+00   0.1476185756252149E-02  -0.3077585065451904E-01   0.7615295993444963E-03   0.1088479593254474E-05   0.2443968427088427E-03   0.1672798260015146E-02
  0.5187500000000000E+02   0.9395332364176937E+00   0.1472619479833088E-02  -0.3070447568279955E-01   0.7596339005436155E-03   0.1086817542867508E-05   0.2432468689893169E-03   0.1668265535853980E-02
  0.5192500000000000E+02   0.9396708197998607E+00   0.1469443597197999E-02  -0.3063350879393667E-01   0.7579401653185634E-03   0.1085439494418017E-05   0.2421063159074969E-03   0.1664180303359744E-02
  0.5197500000000000E+02   0.9398075877283029E+00   0.1466627284335219E-02  -0.3056296753302545E-01   0.7564324629744233E-03   0.1084323447251631E-05   0.2409754092828936E-03   0.1660507373095553E-02
  0.5202500000000000E+02   0.9399435055085802E+00   0.1464136572320395E-02  -0.3049286971451803E-01   0.7550932461369644E-03   0.1083444993149146E-05   0.2398543763119498E-03   0.1657208042051922E-02
  0.5207500000000000E+02   0.9400785380262303E+00   0.1461933020414926E-02  -0.3042323336650565E-01   0.7539026669806463E-03   0.1082776323126853E-05   0.2387434443968545E-03   0.1654238596537311E-02
  0.5212499999999999E+02   0.9402126503306200E+00   0.1459972298511530E-02  -0.3035407643024479E-01   0.7528378467970228E-03   0.1082285161501154E-05   0.2376428360845355E-03   0.1651548713271102E-02
  0.5217500000000000E+02   0.9403458087556905E+00   0.1458202804462581E-02  -0.3028541618296732E-01   0.7518721636230011E-03   0.1081933719897480E-05   0.2365527596984177E-03   0.1649079900571346E-02
  0.5222500000000000E+02   0.9404779826136567E+00   0.1456564473527742E-02  -0.3021726836545235E-01   0.7509746389651289E-03   0.1081677788099507E-05   0.2354733954721865E-03   0.1646764157128056E-02
  0.5227500000000000E+02   0.9406091464574359E+00   0.1454987966657261E-02  -0.3014964601659931E-01   0.7501095198250369E-03   0.1081466101398472E-05   0.2344048773317428E-03   0.1644523058917053E-02
  0.5232500000000000E+02   0.9407392828508165E+00   0.1453394445853029E-02  -0.3008255804648763E-01   0.7492361632994995E-03   0.1081240141136619E-05   0.2333472709333649E-03   0.1642267508884169E-02
  0.5237499999999999E+02   0.9408683855118332E+00   0.1451696150258005E-02  -0.3001600761729462E-01   0.7483093337922016E-03   0.1080934530314389E-05   0.2323005491506738E-03   0.1639898389926352E-02
  0.5242500000000000E+02   0.9409964626081111E+00   0.1449797965864250E-02  -0.2994999044609681E-01   0.7472800121567795E-03   0.1080478171848572E-05   0.2312645668762347E-03   0.1637308338103398E-02
  0.5247499999999999E+02   0.9411235398923203E+00   0.1447600124623405E-02  -0.2988449319025133E-01   0.7460967866516625E-03   0.1079796235558406E-05   0.2302390376871795E-03   0.1634384788484499E-02
  0.5252500000000000E+02   0.9412496632873461E+00   0.1445002068207640E-02  -0.2981949211648316E-01   0.7447078437805164E-03   0.1078813025678284E-05   0.2292235154877287E-03   0.1631014332610663E-02
  0.5257500000000000E+02   0.9413749004862400E+00   0.1441907368078890E-02  -0.2975495227771985E-01   0.7430635031139146E-03   0.1077455653625378E-05   0.2282173845124125E-03   0.1627088264686853E-02
  0.5262500000000000E+02   0.9414993411455380E+00   0.1438229419066093E-02  -0.2969082741471885E-01   0.7411191503189084E-03   0.1075658309698244E-05   0.2272198608688178E-03   0.1622508997062251E-02
  0.5267500000000000E+02   0.9416230953415033E+00   0.1433897444636448E-02  -0.2962706075262900E-01   0.7388383304199470E-03   0.1073366791823598E-05   0.2262300079790663E-03   0.1617196823978403E-02
  0.5272499999999999E+02   0.9417462901330950E+00   0.1428862206841153E-02  -0.2956358677284432E-01   0.7361956885405384E-03   0.1070542838110057E-05   0.2252467668205550E-03   0.1611096349194460E-02
  0.5277500000000000E+02   0.9418690643176969E+00   0.1423100745011651E-02  -0.2950033391569673E-01   0.7331794099185360E-03   0.1067167754909169E-05   0.2242689999125977E-03   0.1604181815802689E-02
  0.5282500000000000E+02   0.9419915617370057E+00   0.1416619508410129E-02  -0.2943722802974580E-01   0.7297928322216470E-03   0.1063244859178339E-05   0.2232955458727002E-03   0.1596460623300075E-02
  0.5287499999999999E+02   0.9421139237348042E+00   0.1409455410267596E-02  -0.2937419625756499E-01   0.7260549868101427E-03   0.1058800372276042E-05   0.2223252795238443E-03   0.1587974500203649E-02
  0.5292500000000000E+02   0.9422362815269149E+00   0.1401674593537361E-02  -0.2931117096627789E-01   0.7219999610651058E-03   0.1053882597378685E-05   0.2213571714257630E-03   0.1578798097092971E-02
  0.5297499999999999E+02   0.9423587492739445E+00   0.1393369011844773E-02  -0.2924809331552469E-01   0.7176751352483626E-03   0.1048559447255580E-05   0.2203903406364322E-03   0.1569035118066428E-02
  0.5302500000000000E+02   0.9424814185387226E+00   0.1384651225332065E-02  -0.2918491611159924E-01   0.7131384999634168E-03   0.1042914612899715E-05   0.2194240955333058E-03   0.1558812442438878E-02
  0.5307500000000000E+02   0.9426043545881242E+00   0.1375648026845011E-02  -0.2912160571102551E-01   0.7084553714126427E-03   0.1037042828452370E-05   0.2184579594002491E-03   0.1548272931471820E-02
  0.5312499999999999E+02   0.9427275947168586E+00   0.1366493608719303E-02  -0.2905814288221698E-01   0.7036948704506907E-03   0.1031044762867004E-05   0.2174916797696293E-03   0.1537567721435798E-02
  0.5317500000000000E+02   0.9428511484925740E+00   0.1357322947341928E-02  -0.2899452267721658E-01   0.6989265143407240E-03   0.1025022047727002E-05   0.2165252226914809E-03   0.1526848766581643E-02
  0.5322499999999999E+02   0.9429749996017838E+00   0.1348265946273739E-02  -0.2893075347877261E-01   0.6942171998051563E-03   0.1019072851262526E-05   0.2155587547658296E-03   0.1516262241437503E-02
  0.5327500000000000E+02   0.9430991088463769E+00   0.1339442683198721E-02  -0.2886685545482648E-01   0.6896287551930092E-03   0.1013288263621993E-05   0.2145926166937423E-03   0.1505943191120032E-02
  0.5332500000000000E+02   0.9432234178061334E+00   0.1330959899361899E-02  -0.2880285867014498E-01   0.6852161331217587E-03   0.1007749603838107E-05   0.2136272922621430E-03   0.1496011585259434E-02
  0.5337500000000000E+02   0.9433478527276596E+00   0.1322908691316245E-02  -0.2873880108161642E-01   0.6810262228067298E-03   0.1002526624070868E-05   0.2126633762256172E-03   0.1486569729488354E-02
  0.5342500000000000E+02   0.9434723282970424E+00   0.1315363236606486E-02  -0.2867472659378711E-01   0.6770971952545883E-03   0.9976764891783927E-06   0.2117015437149424E-03   0.1477700844011098E-02
  0.5347499999999999E+02   0.9435967510731601E+00   0.1308380314180200E-02  -0.2861068328955496E-01   0.6734582580190173E-03   0.9932433549086785E-06   0.2107425228209836E-03   0.1469468539066634E-02
  0.5352500000000000E+02   0.9437210224772057E+00   0.1301999361497653E-02  -0.2854672188982632E-01   0.6701296865406180E-03   0.9892583523611654E-06   0.2097870710590068E-03   0.1461916896055699E-02
  0.5357500000000000E+02   0.9438450413358707E+00   0.1296242831780941E-02  -0.2848289444344765E-01   0.6671230101699359E-03   0.9857398012671284E-06   0.2088359556293553E-03   0.1455070887443561E-02
  0.5362500000000000E+02   0.9439687060530108E+00   0.1291116663420546E-02  -0.2841925320887839E-01   0.6644412560071658E-03   0.9826935103187765E-06   0.2078899368097961E-03   0.1448936923375356E-02
  0.5367500000000000E+02   0.9440919165352630E+00   0.1286610737751652E-02  -0.2835584966299898E-01   0.6620791867606104E-03   0.9801130706615036E-06   0.2069497534525475E-03   0.1443503385266856E-02
  0.5372500000000000E+02   0.9442145760218464E+00   0.1282699272613699E-02  -0.2829273355970308E-01   0.6600235054908431E-03   0.9779801022875620E-06   0.2060161094020219E-03   0.1438741086739158E-02
  0.5377500000000000E+02   0.9443365929692334E+00   0.1279341171255160E-02  -0.2822995196070466E-01   0.6582530372470525E-03   0.9762644678522533E-06   0.2050896596801597E-03   0.1434603683322088E-02
  0.5382500000000000E+02   0.9444578831185757E+00   0.1276480414477603E-02  -0.2816754817273082E-01   0.6567389327643490E-03   0.9749245207423278E-06   0.2041709954914759E-03   0.1431028129009394E-02
  0.5387500000000000E+02   0.9445783718280181E+00   0.1274046643380373E-02  -0.2810556054881830E-01   0.6554449699803887E-03   0.9739075001767853E-06   0.2032606274725411E-03   0.1427935344365366E-02
  0.5392500000000000E+02   0.9446979966838347E+00   0.1271956123984382E-02  -0.2804402114651616E-01   0.6543280517111368E-03   0.9731502205403514E-06   0.2023589671417013E-03   0.1425231309999374E-02
  0.5397499999999999E+02   0.9448167103161218E+00   0.1270113304476255E-02  -0.2798295428116027E-01   0.6533390078241699E-03   0.9725802181189747E-06   0.2014663071709470E-03   0.1422808820914663E-02
  0.5402500000000000E+02   0.9449344832433477E+00   0.1268413160427305E-02  -0.2792237506453965E-01   0.6524238023231524E-03   0.9721175077939033E-06   0.2005828018473414E-03   0.1420550119915407E-02
  0.5407500000000000E+02   0.9450513064684479E+00   0.1266744463650335E-02  -0.2786228807151314E-01   0.6515252150528237E-03   0.9716770575666344E-06   0.1997084498155079E-03   0.1418330561393919E-02
  0.5412500000000000E+02   0.9451671934672971E+00   0.1264994001944356E-02  -0.2780268631920457E-01   0.6505850119843550E-03   0.9711720063350708E-06   0.1988430817464417E-03   0.1416023335525915E-02
  0.5417500000000000E+02   0.9452821811729513E+00   0.1263051625378212E-02  -0.2774355076262980E-01   0.6495465400969772E-03   0.9705175340355429E-06   0.1979863557827817E-03   0.1413505113405481E-02
  0.5422499999999999E+02   0.9453963295897849E+00   0.1260815819332240E-02  -0.2768485049478275E-01   0.6483575926868118E-03   0.9696351576855963E-06   0.1971377633015774E-03   0.1410662277617659E-02
  0.5427500000000000E+02   0.9455097197848025E+00   0.1258199338689313E-02  -0.2762654378101170E-01   0.6469733056997157E-03   0.9684570975743131E-06   0.1962966466242088E-03   0.1407397217563205E-02
  0.5432500000000000E+02   0.9456224501948923E+00   0.1255134323377038E-02  -0.2756857995905115E-01   0.6453587870104941E-03   0.9669302672949068E-06   0.1954622288401288E-03   0.1403634041489172E-02
  0.5437500000000000E+02   0.9457346314309877E+00   0.1251576292153172E-02  -0.2751090211156004E-01   0.6434911686263179E-03   0.9650194201131748E-06   0.1946336541191684E-03   0.1399323031465692E-02
  0.5442500000000000E+02   0.9458463800046026E+00   0.1247506501286230E-02  -0.2745345029232582E-01   0.6413608179789456E-03   0.9627090500734802E-06   0.1938100351330545E-03   0.1394443268228584E-02
  0.5447499999999999E+02   0.9459578115917190E+00   0.1242932351422663E-02  -0.2739616498989939E-01   0.6389715455983961E-03   0.9600037952701237E-06   0.1929905029093426E-03   0.1389003072894205E-02
  0.5452500000000000E+02   0.9460690345351090E+00   0.1237885792523908E-02  -0.2733899046819543E-01   0.6363397835386509E-03   0.9569272950546704E-06   0.1921742539380662E-03   0.1383038210712392E-02
  0.5457500000000000E+02   0.9461801442463109E+00   0.1232419954962167E-02  -0.2728187764414280E-01   0.6334928519566027E-03   0.9535196679536635E-06   0.1913605897809967E-03   0.1376608113007683E-02
  0.5462500000000000E+02   0.9462912190138416E+00   0.1226604463057772E-02  -0.2722478624200630E-01   0.6304665485457803E-03   0.9498339550859630E-06   0.1905489456826034E-03   0.1369790628378520E-02
  0.5467500000000000E+02   0.9464023174956202E+00   0.1220520020035312E-02  -0.2716768608157560E-01   0.6273023637132479E-03   0.9459319792796238E-06   0.1897389064287594E-03   0.1362675962259338E-02
  0.5472500000000000E+02   0.9465134779264350E+00   0.1214252873764388E-02  -0.2711055748448932E-01   0.6240446348275739E-03   0.9418800891861869E-06   0.1889302095273429E-03   0.1355360486369694E-02
  0.5477500000000000E+02   0.9466247188576644E+00   0.1207889693814019E-02  -0.2705339089278902E-01   0.6207379122901690E-03   0.9377451998495715E-06   0.1881227373177803E-03   0.1347941011065313E-02
  0.5482500000000000E+02   0.9467360411007834E+00   0.1201513246283047E-02  -0.2699618586868424E-01   0.6174247360765700E-03   0.9335914321424710E-06   0.1873165006175257E-03   0.1340509952231227E-02
  0.5487500000000000E+02   0.9468474304798438E+00   0.1195199084686628E-02  -0.2693894967858435E-01   0.6141439349010203E-03   0.9294775247712627E-06   0.1865116169184288E-03   0.1333151636119240E-02
  0.5492500000000000E+02   0.9469588610023060E+00   0.1189013318583860E-02  -0.2688169566227194E-01   0.6109294796345769E-03   0.9254550718087756E-06   0.1857082860374175E-03   0.1325939810358705E-02
  0.5497500000000000E+02   0.9470702981114510E+00   0.1183011399575282E-02  -0.2682444156037456E-01   0.6078098598530894E-03   0.9215675439151166E-06   0.1849067656685054E-03   0.1318936292911116E-02
  0.5502500000000000E+02   0.9471817017628915E+00   0.1177237785556234E-02  -0.2676720793249998E-01   0.6048079119155823E-03   0.9178499896377476E-06   0.1841073486594670E-03   0.1312190602782088E-02
  0.5507500000000000E+02   0.9472930291516601E+00   0.1171726306136457E-02  -0.2671001675521356E-01   0.6019410074632211E-03   0.9143292827565069E-06   0.1833103431982753E-03   0.1305740373973017E-02
  0.5512500000000000E+02   0.9474042369908510E+00   0.1166501045735031E-02  -0.2665289025072537E-01   0.5992215079549120E-03   0.9110247756563376E-06   0.1825160565413068E-03   0.1299612347146103E-02
  0.5517499999999999E+02   0.9475152833008712E+00   0.1161577574657977E-02  -0.2659584996728015E-01   0.5966573979671916E-03   0.9079492284911561E-06   0.1817247824929892E-03   0.1293823749054310E-02
  0.5522500000000000E+02   0.9476261287087909E+00   0.1156964382077065E-02  -0.2653891611146308E-01   0.5942530221421462E-03   0.9051099014545041E-06   0.1809367925596427E-03   0.1288383896329785E-02
  0.5527499999999999E+02   0.9477367372825177E+00   0.1152664390509393E-02  -0.2648210711964993E-01   0.5920098638860152E-03   0.9025097167959631E-06   0.1801523305266847E-03   0.1283295889068709E-02
  0.5532500000000000E+02   0.9478470769387288E+00   0.1148676454477311E-02  -0.2642543944854092E-01   0.5899273158014058E-03   0.9001484146671464E-06   0.1793716101160653E-03   0.1278558285574990E-02
  0.5537500000000000E+02   0.9479571194710423E+00   0.1144996764562040E-02  -0.2636892756083309E-01   0.5880034013774658E-03   0.8980236409013347E-06   0.1785948153363048E-03   0.1274166670454382E-02
  0.5542499999999999E+02   0.9480668402494485E+00   0.1141620092112829E-02  -0.2631258407977255E-01   0.5862354146961473E-03   0.8961319154420343E-06   0.1778221031146825E-03   0.1270115044051376E-02
  0.5547500000000000E+02   0.9481762176459907E+00   0.1138540820692261E-02  -0.2625642008429041E-01   0.5846204504839031E-03   0.8944694382929461E-06   0.1770536077820315E-03   0.1266396973393379E-02
  0.5552499999999999E+02   0.9482852322462914E+00   0.1135753719636114E-02  -0.2620044551407796E-01   0.5831558016247446E-03   0.8930326968866570E-06   0.1762894469574128E-03   0.1263006455255442E-02
  0.5557500000000000E+02   0.9483938659118856E+00   0.1133254424467610E-02  -0.2614466965121187E-01   0.5818392060665381E-03   0.8918188458986042E-06   0.1755297283518440E-03   0.1259938452449638E-02
  0.5562500000000001E+02   0.9485021007638803E+00   0.1131039599423834E-02  -0.2608910164210243E-01   0.5806689304590747E-03   0.8908258386280645E-06   0.1747745569816531E-03   0.1257189076193101E-02
  0.5567500000000000E+02   0.9486099181633335E+00   0.1129106769492370E-02  -0.2603375102104588E-01   0.5796436840989385E-03   0.8900522985045033E-06   0.1740240422589209E-03   0.1254755400935357E-02
  0.5572499999999999E+02   0.9487172977671836E+00   0.1127453823042131E-02  -0.2597862819491614E-01   0.5787623637829945E-03   0.8894971300061581E-06   0.1732783044141772E-03   0.1252634913242402E-02
  0.5577499999999999E+02   0.9488242167400904E+00   0.1126078200999560E-02  -0.2592374484775761E-01   0.5780236378021350E-03   0.8891588800211449E-06   0.1725374797077546E-03   0.1250824612834953E-02
  0.5582500000000000E+02   0.9489306492021286E+00   0.1124975804253011E-02  -0.2586911422427207E-01   0.5774253853768127E-03   0.8890348731970041E-06   0.1718017239011151E-03   0.1249319801307003E-02
  0.5587500000000001E+02   0.9490365659900070E+00   0.1124139667594472E-02  -0.2581475125236932E-01   0.5769640163611676E-03   0.8891201581421775E-06   0.1710712134869281E-03   0.1248112612439791E-02
  0.5592500000000000E+02   0.9491419348053094E+00   0.1123558466550211E-02  -0.2576067246710911E-01   0.5766337052905921E-03   0.8894063158810757E-06   0.1703461442170114E-03   0.1247190357952621E-02
  0.5597499999999999E+02   0.9492467208164860E+00   0.1123214943812470E-02  -0.2570689570184259E-01   0.5764255842812260E-03   0.8898801984476649E-06   0.1696267265248564E-03   0.1246533784996164E-02
  0.5602500000000000E+02   0.9493508877701885E+00   0.1123084365525844E-02  -0.2565343951808230E-01   0.5763269513520733E-03   0.8905226846316661E-06   0.1689131775263479E-03   0.1246115367654534E-02
  0.5607500000000000E+02   0.9494543996490669E+00   0.1123133144501443E-02  -0.2560032235511289E-01   0.5763205644813243E-03   0.8913075617664986E-06   0.1682057094180934E-03   0.1245897784290664E-02
  0.5612500000000000E+02   0.9495572228832695E+00   0.1123317795910403E-02  -0.2554756139567926E-01   0.5763841062983523E-03   0.8922006658078569E-06   0.1675045143038215E-03   0.1245832763958037E-02
  0.5617499999999998E+02   0.9496593290773701E+00   0.1123584416828949E-02  -0.2549517116743072E-01   0.5764899175384146E-03   0.8931594333788882E-06   0.1668097457921620E-03   0.1245860513538084E-02
  0.5622499999999999E+02   0.9497606981503479E+00   0.1123868896480650E-02  -0.2544316193266827E-01   0.5766051053058245E-03   0.8941330328199427E-06   0.1661214981404075E-03   0.1245909954243806E-02
  0.5627500000000000E+02   0.9498613217041894E+00   0.1124098058218209E-02  -0.2539153796101212E-01   0.5766921291994902E-03   0.8950632378071886E-06   0.1654397842601181E-03   0.1245899989571804E-02
  0.5632500000000000E+02   0.9499612063433749E+00   0.1124191894567289E-02  -0.2534029582744168E-01   0.5767099479718807E-03   0.8958861765777015E-06   0.1647645145021643E-03   0.1245741982713935E-02
  0.5637500000000000E+02   0.9500603765777416E+00   0.1124066972047756E-02  -0.2528942292417735E-01   0.5766157659948706E-03   0.8965350232350861E-06   0.1640954786984201E-03   0.1245343527735006E-02
  0.5642500000000000E+02   0.9501588768779005E+00   0.1123640948824746E-02  -0.2523889640731825E-01   0.5763673502580977E-03   0.8969435913687673E-06   0.1634323343009104E-03   0.1244613450891339E-02
  0.5647499999999999E+02   0.9502567724432670E+00   0.1122837973915618E-02  -0.2518868280379860E-01   0.5759257992332189E-03   0.8970506506615205E-06   0.1627746034460298E-03   0.1243467785610702E-02
  0.5652500000000000E+02   0.9503541483129421E+00   0.1121594546652855E-02  -0.2513873846821746E-01   0.5752585475037307E-03   0.8968046339554879E-06   0.1621216812251437E-03   0.1241836254509505E-02
  0.5657500000000000E+02   0.9504511066110209E+00   0.1119865250056431E-02  -0.2508901099633476E-01   0.5743423054451900E-03   0.8961682678351553E-06   0.1614728563012531E-03   0.1239668609397668E-02
  0.5662500000000000E+02   0.9505477619589274E+00   0.1117627680000081E-02  -0.2503944157842131E-01   0.5731655862107256E-03   0.8951225830207907E-06   0.1608273433709435E-03   0.1236940078940504E-02
  0.5667500000000000E+02   0.9506442353686929E+00   0.1114885914583258E-02  -0.2498996813138432E-01   0.5717304838631091E-03   0.8936697751401549E-06   0.1601843251100223E-03   0.1233655198867874E-02
  0.5672499999999999E+02   0.9507406471914827E+00   0.1111672021546389E-02  -0.2494052891507537E-01   0.5700534452065057E-03   0.8918345058805286E-06   0.1595429995739770E-03   0.1229849469673699E-02
  0.5677500000000000E+02   0.9508371098688108E+00   0.1108045366406509E-02  -0.2489106624942672E-01   0.5681649137110356E-03   0.8896634443886108E-06   0.1589026279832880E-03   0.1225588580029010E-02
  0.5682500000000000E+02   0.9509337212710828E+00   0.1104089805594029E-02  -0.2484152993001965E-01   0.5661078888617949E-03   0.8872231059413989E-06   0.1582625777096785E-03   0.1220965290127510E-02
  0.5687500000000000E+02   0.9510305592968127E+00   0.1099909152842813E-02  -0.2479187999680099E-01   0.5639356001461540E-03   0.8845962899078852E-06   0.1576223561452997E-03   0.1216094405544861E-02
  0.5692499999999999E+02   0.9511276781751911E+00   0.1095621523627384E-02  -0.2474208862898786E-01   0.5617086059251576E-03   0.8818775955383973E-06   0.1569816327601601E-03   0.1211106511683187E-02
  0.5697500000000000E+02   0.9512251066247636E+00   0.1091353248993846E-02  -0.2469214108790529E-01   0.5594916717943780E-03   0.8791685672462944E-06   0.1563402486167057E-03   0.1206141234420528E-02
  0.5702499999999999E+02   0.9513228477416120E+00   0.1087233002503429E-02  -0.2464203577277324E-01   0.5573507585826917E-03   0.8765729864941825E-06   0.1556982144485117E-03   0.1201340739601255E-02
  0.5707500000000000E+02   0.9514208802784675E+00   0.1083386632419939E-02  -0.2459178356315683E-01   0.5553503723689862E-03   0.8741927086214907E-06   0.1550556997574741E-03   0.1196844015990486E-02
  0.5712500000000001E+02   0.9515191608617110E+00   0.1079932985227748E-02  -0.2454140668048388E-01   0.5535514232094172E-03   0.8721242792232464E-06   0.1544130160612958E-03   0.1192782258108756E-02
  0.5717499999999999E+02   0.9516176266771875E+00   0.1076980796707862E-02  -0.2449093730923191E-01   0.5520096316364310E-03   0.8704563965857232E-06   0.1537705974453991E-03   0.1189275433039933E-02
  0.5722500000000000E+02   0.9517161982179387E+00   0.1074626551244900E-02  -0.2444041618647730E-01   0.5507744319645336E-03   0.8692681450302926E-06   0.1531289810913213E-03   0.1186429921056275E-02
  0.5727499999999999E+02   0.9518147817975489E+00   0.1072953088734756E-02  -0.2438989131177693E-01   0.5498882592439603E-03   0.8686278252104212E-06   0.1524887896741043E-03   0.1184336985784433E-02
  0.5732500000000000E+02   0.9519132716631535E+00   0.1072028674846860E-02  -0.2433941686249730E-01   0.5493860740993856E-03   0.8685921546107083E-06   0.1518507166362319E-03   0.1183071759408608E-02
  0.5737500000000001E+02   0.9520115516710598E+00   0.1071906237230550E-02  -0.2428905233361911E-01   0.5492949729600965E-03   0.8692055992380785E-06   0.1512155144939601E-03   0.1182692414014380E-02
  0.5742499999999999E+02   0.9521094966032799E+00   0.1072622496294339E-02  -0.2423886186191393E-01   0.5496337445561113E-03   0.8704996169850350E-06   0.1505839855890107E-03   0.1183239219117174E-02
  0.5747499999999999E+02   0.9522069733003585E+00   0.1074196774385645E-02  -0.2418891364464582E-01   0.5504122618640053E-03   0.8724916364847773E-06   0.1499569740915233E-03   0.1184733246520146E-02
  0.5752500000000001E+02   0.9523038418637416E+00   0.1076629345557560E-02  -0.2413927932306681E-01   0.5516306388532197E-03   0.8751836577820151E-06   0.1493353575911905E-03   0.1187174570209628E-02
  0.5757500000000000E+02   0.9523999572385661E+00   0.1079899288117735E-02  -0.2409003317147218E-01   0.5532781326268998E-03   0.8785604417340315E-06   0.1487200362862003E-03   0.1190539919291827E-02
  0.5762500000000001E+02   0.9524951715204429E+00   0.1083961925152199E-02  -0.2404125091585485E-01   0.5553318345521292E-03   0.8825873549694885E-06   0.1481119176211903E-03   0.1194779877435905E-02
  0.5767500000000000E+02   0.9525893373270156E+00   0.1088746084976522E-02  -0.2399300800764970E-01   0.5577552691267273E-03   0.8872080572563878E-06   0.1475118942998439E-03   0.1199815883750538E-02
  0.5772499999999999E+02   0.9526823125198663E+00   0.1094151579292603E-02  -0.2394537720634193E-01   0.5604971042301551E-03   0.8923423546067130E-06   0.1469208140071731E-03   0.1205537472327631E-02
  0.5777500000000000E+02   0.9527739664341017E+00   0.1100047465805620E-02  -0.2389842539038078E-01   0.5634902629091504E-03   0.8978846815288766E-06   0.1463394400426875E-03   0.1211800373368710E-02
  0.5782500000000000E+02   0.9528641875540356E+00   0.1106271801990047E-02  -0.2385220962791890E-01   0.5666517984783666E-03   0.9037037932759591E-06   0.1457684034863903E-03   0.1218426252525090E-02
  0.5787499999999999E+02   0.9529528922606516E+00   0.1112633657682654E-02  -0.2380677269900067E-01   0.5698839259307752E-03   0.9096443027532114E-06   0.1452081494963188E-03   0.1225204932039158E-02
  0.5792500000000000E+02   0.9530400338956626E+00   0.1118918074895672E-02  -0.2376213845579178E-01   0.5730765620613060E-03   0.9155306362363248E-06   0.1446588826869011E-03   0.1231899850121034E-02
  0.5797499999999999E+02   0.9531256110047657E+00   0.1124894388555885E-02  -0.2371830760311533E-01   0.5761115860905570E-03   0.9211737611006909E-06   0.1441205188259047E-03   0.1238257213173306E-02
  0.5802500000000000E+02   0.9532096733476407E+00   0.1130327831551045E-02  -0.2367525462236342E-01   0.5788687815721812E-03   0.9263806394104894E-06   0.1435926516301258E-03   0.1244018756727515E-02
  0.5807500000000001E+02   0.9532923242240577E+00   0.1134993687822888E-02  -0.2363292658142446E-01   0.5812330826811425E-03   0.9309658199087009E-06   0.1430745434444743E-03   0.1248937306104463E-02
  0.5812499999999999E+02   0.9533737179696923E+00   0.1138692558713607E-02  -0.2359124441753901E-01   0.5831023903684363E-03   0.9347640035085577E-06   0.1425651464437902E-03   0.1252793560083931E-02
  0.5817500000000000E+02   0.9534540521447622E+00   0.1141264768295731E-02  -0.2355010693726989E-01   0.5843949476588310E-03   0.9376419661157124E-06   0.1420631566297995E-03   0.1255411927735273E-02
  0.5822500000000000E+02   0.9535335548698401E+00   0.1142601758560433E-02  -0.2350939730103063E-01   0.5850551738042032E-03   0.9395080676341888E-06   0.1415670970259728E-03   0.1256673055976564E-02
  0.5827500000000000E+02   0.9536124687308781E+00   0.1142652641008398E-02  -0.2346899126418256E-01   0.5850570185618764E-03   0.9403178235289037E-06   0.1410754205506081E-03   0.1256521031946807E-02
  0.5832500000000000E+02   0.9536910334003950E+00   0.1141424850679113E-02  -0.2342876607552213E-01   0.5844042969052805E-03   0.9400746468551215E-06   0.1405866188051001E-03   0.1254964100804172E-02
  0.5837499999999999E+02   0.9537694693796293E+00   0.1138978900268224E-02  -0.2338860880189553E-01   0.5831280028747807E-03   0.9388257295266204E-06   0.1400993217810418E-03   0.1252068895603476E-02
  0.5842500000000000E+02   0.9538479649836316E+00   0.1135418264803608E-02  -0.2334842299242468E-01   0.5812811301050104E-03   0.9366538837138203E-06   0.1396123756223077E-03   0.1247949311711602E-02
  0.5847500000000000E+02   0.9539266679737350E+00   0.1130876166032320E-02  -0.2330813296317169E-01   0.5789319048305731E-03   0.9336667801269388E-06   0.1391248903173097E-03   0.1242751970929026E-02
  0.5852500000000000E+02   0.9540056823225230E+00   0.1125501313962592E-02  -0.2326768545377900E-01   0.5761564848427727E-03   0.9299852682903304E-06   0.1386362550333759E-03   0.1236640538026631E-02
  0.5857500000000000E+02   0.9540850697329901E+00   0.1119444504669712E-02  -0.2322704884974724E-01   0.5730320968406469E-03   0.9257323446332221E-06   0.1381461241327797E-03   0.1229780978644923E-02
  0.5862500000000000E+02   0.9541648549140028E+00   0.1112847499987021E-02  -0.2318621048130731E-01   0.5696313421902841E-03   0.9210239529716660E-06   0.1376543806021485E-03   0.1222329326866405E-02
  0.5867499999999999E+02   0.9542450333110477E+00   0.1105835009900667E-02  -0.2314517266508453E-01   0.5660180914075220E-03   0.9159623088378812E-06   0.1371610852957332E-03   0.1214422865441534E-02
  0.5872500000000000E+02   0.9543255799728863E+00   0.1098510024544462E-02  -0.2310394816417050E-01   0.5622450937743526E-03   0.9106319677315393E-06   0.1366664202942350E-03   0.1206174990128737E-02
  0.5877500000000001E+02   0.9544064584099302E+00   0.1090952297982059E-02  -0.2306255565249882E-01   0.5583532007572441E-03   0.9050984895889107E-06   0.1361706334194632E-03   0.1197673540207797E-02
  0.5882500000000000E+02   0.9544876285675764E+00   0.1083219500063153E-02  -0.2302101563245418E-01   0.5543719554849907E-03   0.8994093131123203E-06   0.1356739891653557E-03   0.1188982062621306E-02
  0.5887499999999999E+02   0.9545690533192903E+00   0.1075350406400013E-02  -0.2297934711044014E-01   0.5503212256668478E-03   0.8935963292863073E-06   0.1351767294906083E-03   0.1180143316390634E-02
  0.5892499999999999E+02   0.9546507031369170E+00   0.1067369449627550E-02  -0.2293756520571266E-01   0.5462135333512625E-03   0.8876796008759091E-06   0.1346790463235759E-03   0.1171184272607782E-02
  0.5897499999999999E+02   0.9547325588070318E+00   0.1059291968661236E-02  -0.2289567975955442E-01   0.5420567419047773E-03   0.8816716822307779E-06   0.1341810663223640E-03   0.1162121880556991E-02
  0.5902500000000001E+02   0.9548146122372579E+00   0.1051129541227537E-02  -0.2285369492220890E-01   0.5378567855014589E-03   0.8755820305246315E-06   0.1336828473722510E-03   0.1152968924323485E-02
  0.5907500000000000E+02   0.9548968655447293E+00   0.1042894858509971E-02  -0.2281160961910278E-01   0.5336201641238603E-03   0.8694210575292000E-06   0.1331843854259678E-03   0.1143739375510540E-02
  0.5912499999999999E+02   0.9549793287441349E+00   0.1034605699577377E-02  -0.2276941873379446E-01   0.5293559777042745E-03   0.8632034505229746E-06   0.1326856295732703E-03   0.1134452756602008E-02
  0.5917500000000000E+02   0.9550620164501235E+00   0.1026287689563683E-02  -0.2272711479529210E-01   0.5250773377124385E-03   0.8569504939942625E-06   0.1321865026913125E-03   0.1125137168468144E-02
  0.5922499999999999E+02   0.9551449440667142E+00   0.1017975676049228E-02  -0.2268468992780437E-01   0.5208020715310541E-03   0.8506912478454837E-06   0.1316869247419511E-03   0.1115830800873636E-02
  0.5927500000000001E+02   0.9552281239429922E+00   0.1009713720153050E-02  -0.2264213781762492E-01   0.5165527179054080E-03   0.8444625724704082E-06   0.1311868358100320E-03   0.1106581922780014E-02
  0.5932500000000001E+02   0.9553115619247504E+00   0.1001553851873013E-02  -0.2259945547728048E-01   0.5123558900624962E-03   0.8383081191851804E-06   0.1306862163391568E-03   0.1097447517138371E-02
  0.5937499999999999E+02   0.9553952546322392E+00   0.9935538601695774E-03  -0.2255664463801244E-01   0.5082411449825773E-03   0.8322765066836607E-06   0.1301851026706386E-03   0.1088490857491271E-02
  0.5942500000000000E+02   0.9554791876625595E+00   0.9857744590308401E-03  -0.2251371266903868E-01   0.5042395334887560E-03   0.8264189650166311E-06   0.1296835968138020E-03   0.1079778401165378E-02
  0.5947499999999999E+02   0.9555633347762201E+00   0.9782761838443670E-03  -0.2247067299319427E-01   0.5003820124966727E-03   0.8207867414728709E-06   0.1291818702201287E-03   0.1071376388016196E-02
  0.5952500000000000E+02   0.9556476580057512E+00   0.9711163330996314E-03  -0.2242754503078603E-01   0.4966978806344406E-03   0.8154285316901109E-06   0.1286801620532006E-03   0.1063347490392638E-02
  0.5957500000000000E+02   0.9557321085383846E+00   0.9643461944138418E-03  -0.2238435374744396E-01   0.4932133595193677E-03   0.8103881371477997E-06   0.1281787729370148E-03   0.1055747776428954E-02
  0.5962499999999999E+02   0.9558166281828454E+00   0.9580087019726704E-03  -0.2234112890321716E-01   0.4899503959381722E-03   0.8057024741877058E-06   0.1276780553857566E-03   0.1048624147842204E-02
  0.5967500000000000E+02   0.9559011512301012E+00   0.9521365849884562E-03  -0.2229790410025534E-01   0.4869257154001693E-03   0.8013999868425035E-06   0.1271784020891748E-03   0.1042012317365296E-02
  0.5972500000000000E+02   0.9559856065495184E+00   0.9467509990568400E-03  -0.2225471571024185E-01   0.4841501228740609E-03   0.7974994589980564E-06   0.1266802330147863E-03   0.1035935316610571E-02
  0.5977500000000000E+02   0.9560699198114084E+00   0.9418605927820306E-03  -0.2221160173738812E-01   0.4816280262966815E-03   0.7940091880305627E-06   0.1261839819771967E-03   0.1030402481778715E-02
  0.5982500000000000E+02   0.9561540157800584E+00   0.9374609524425864E-03  -0.2216860064562298E-01   0.4793571535243981E-03   0.7909264736764124E-06   0.1256900830022744E-03   0.1025408854046101E-02
  0.5987499999999999E+02   0.9562378206655862E+00   0.9335343841676302E-03  -0.2212575015596840E-01   0.4773284419323479E-03   0.7882373896624932E-06   0.1251989565521448E-03   0.1020934949695819E-02
  0.5992500000000000E+02   0.9563212645488652E+00   0.9300500288310096E-03  -0.2208308600682474E-01   0.4755260981392026E-03   0.7859168355948158E-06   0.1247109955290897E-03   0.1016946894136305E-02
  0.5997500000000000E+02   0.9564042838951365E+00   0.9269643500142938E-03  -0.2204064066918299E-01   0.4739278484172301E-03   0.7839289047557987E-06   0.1242265509753345E-03   0.1013396963318808E-02
  0.6002500000000000E+02   0.9564868241459649E+00   0.9242220786337032E-03  -0.2199844202202872E-01   0.4725054224578856E-03   0.7822276402910171E-06   0.1237459175429428E-03   0.1010224623350695E-02
  0.6007500000000000E+02   0.9565688423271365E+00   0.9217577266801075E-03  -0.2195651201981508E-01   0.4712253279164936E-03   0.7807582771812645E-06   0.1232693191123393E-03   0.1007358190656225E-02
  0.6012500000000000E+02   0.9566503095381762E+00   0.9194977842217952E-03  -0.2191486542062493E-01   0.4700499740327945E-03   0.7794590694772824E-06   0.1227968953483163E-03   0.1004717236927968E-02
  0.6017500000000000E+02   0.9567312131098687E+00   0.9173636773466886E-03  -0.2187350868416460E-01   0.4689391839866207E-03   0.7782637719863453E-06   0.1223286904236178E-03   0.1002215823323867E-02
  0.6022500000000000E+02   0.9568115581484407E+00   0.9152754842138057E-03  -0.2183243918333555E-01   0.4678520945070236E-03   0.7771047777020837E-06   0.1218646455016470E-03   0.9997665605198888E-03
  0.6027500000000001E+02   0.9568913681523332E+00   0.9131562854477753E-03  -0.2179164488984431E-01   0.4667493794534933E-03   0.7759168095177679E-06   0.1214045967187621E-03   0.9972853592817149E-03
  0.6032499999999999E+02   0.9569706844125949E+00   0.9109368803965651E-03  -0.2175110468147545E-01   0.4655956601412557E-03   0.7746409410354301E-06   0.1209482802181178E-03   0.9946965783613386E-03
  0.6037500000000000E+02   0.9570495640050471E+00   0.9085604623780880E-03  -0.2171078936900450E-01   0.4643618944708935E-03   0.7732286020242033E-06   0.1204953451897502E-03   0.9919381256105011E-03
  0.6042499999999999E+02   0.9571280763485833E+00   0.9059867524651485E-03  -0.2167066345578750E-01   0.4630274891200737E-03   0.7716451421234283E-06   0.1200453748950792E-03   0.9889659662440996E-03
  0.6047500000000000E+02   0.9572062985140972E+00   0.9031950786430828E-03  -0.2163068753567177E-01   0.4615818725794375E-03   0.7698725127638928E-06   0.1195979144531933E-03   0.9857574785005143E-03
  0.6052500000000001E+02   0.9572843096778336E+00   0.9001859751045460E-03  -0.2159082112792854E-01   0.4600253117730852E-03   0.7679106994358353E-06   0.1191525030031894E-03   0.9823131930956066E-03
  0.6057499999999999E+02   0.9573621852686852E+00   0.8969810576239224E-03  -0.2155102566833578E-01   0.4583688476124220E-03   0.7657776887524345E-06   0.1187087070294154E-03   0.9786566507478107E-03
  0.6062499999999999E+02   0.9574399914180818E+00   0.8936211689300816E-03  -0.2151126734535413E-01   0.4566333464595356E-03   0.7635079567478915E-06   0.1182661513785347E-03   0.9748323718550170E-03
  0.6067500000000000E+02   0.9575177802663258E+00   0.8901630271298398E-03  -0.2147151949836690E-01   0.4548477866855272E-03   0.7611496693227994E-06   0.1178245448892863E-03   0.9709021933879896E-03
  0.6072499999999999E+02   0.9575955865260850E+00   0.8866747940553480E-03  -0.2143176437324346E-01   0.4530469934411103E-03   0.7587609443810353E-06   0.1173836984906584E-03   0.9669404285988553E-03
  0.6077500000000001E+02   0.9576734254947835E+00   0.8832310704986456E-03  -0.2139199413730175E-01   0.4512690807797079E-03   0.7564056046959506E-06   0.1169435348470670E-03   0.9630284033146926E-03
  0.6082500000000000E+02   0.9577512924967869E+00   0.8799078123726973E-03  -0.2135221116350794E-01   0.4495528536465677E-03   0.7541488422857932E-06   0.1165040898294643E-03   0.9592489082938870E-03
  0.6087499999999999E+02   0.9578291635707321E+00   0.8767775650627182E-03  -0.2131242767835750E-01   0.4479353727680564E-03   0.7520531347915576E-06   0.1160655070065819E-03   0.9556810013147081E-03
  0.6092500000000000E+02   0.9579069971248886E+00   0.8739052698204792E-03  -0.2127266491513413E-01   0.4464498121658687E-03   0.7501746334076615E-06   0.1156280268345723E-03   0.9523954359865978E-03
  0.6097499999999999E+02   0.9579847362686782E+00   0.8713447472431700E-03  -0.2123295192177954E-01   0.4451236629563843E-03   0.7485601154300459E-06   0.1151919722632086E-03   0.9494508317415897E-03
  0.6102500000000001E+02   0.9580623115773949E+00   0.8691358423970002E-03  -0.2119332414760478E-01   0.4439772755126093E-03   0.7472444914301717E-06   0.1147577321633513E-03   0.9468905678811094E-03
  0.6107500000000000E+02   0.9581396441353282E+00   0.8673021444822125E-03  -0.2115382188801662E-01   0.4430226954326373E-03   0.7462487952687348E-06   0.1143257434589378E-03   0.9447403062576461E-03
  0.6112499999999999E+02   0.9582166488030551E+00   0.8658491781934282E-03  -0.2111448861504395E-01   0.4422627407000842E-03   0.7455785710861858E-06   0.1138964722715820E-03   0.9430060298775567E-03
  0.6117500000000000E+02   0.9582932377432626E+00   0.8647630008584269E-03  -0.2107536917617014E-01   0.4416902862739655E-03   0.7452226026339219E-06   0.1134703938929738E-03   0.9416725248389472E-03
  0.6122500000000001E+02   0.9583693242959611E+00   0.8640092188271500E-03  -0.2103650781510202E-01   0.4412877628862403E-03   0.7451519983940781E-06   0.1130479710986390E-03   0.9407023193984847E-03
  0.6127499999999999E+02   0.9584448273022138E+00   0.8635325430720755E-03  -0.2099794596386684E-01   0.4410269312061137E-03   0.7453197379123436E-06   0.1126296302901613E-03   0.9400352098353385E-03
  0.6132500000000000E+02   0.9585196759234100E+00   0.8632571168003474E-03  -0.2095971978220967E-01   0.4408690501520087E-03   0.7456608829012057E-06   0.1122157352609907E-03   0.9395886255493842E-03
  0.6137500000000000E+02   0.9585938148844970E+00   0.8630879395956645E-03  -0.2092185748081599E-01   0.4407656049674059E-03   0.7460937372605459E-06   0.1118065590481344E-03   0.9392591856136550E-03
  0.6142500000000000E+02   0.9586672098892567E+00   0.8629137488240421E-03  -0.2088437655693720E-01   0.4406597791737831E-03   0.7465222733254468E-06   0.1114022553211011E-03   0.9389258384308797E-03
  0.6147500000000000E+02   0.9587398527364774E+00   0.8626116623650184E-03  -0.2084728118291834E-01   0.4404888255874646E-03   0.7468400946380173E-06   0.1110028319351236E-03   0.9384549146009133E-03
  0.6152499999999998E+02   0.9588117654545089E+00   0.8620537072277810E-03  -0.2081056009602722E-01   0.4401873999541503E-03   0.7469360517637009E-06   0.1106081303746329E-03   0.9377072280677909E-03
  0.6157500000000000E+02   0.9588830026379047E+00   0.8611150506667771E-03  -0.2077418540627129E-01   0.4396917635510076E-03   0.7467013614040071E-06   0.1102178154546159E-03   0.9365470259936662E-03
  0.6162500000000000E+02   0.9589536511923381E+00   0.8596833509426664E-03  -0.2073811272741632E-01   0.4389445571792013E-03   0.7460377314265971E-06   0.1098313794151267E-03   0.9348521537260918E-03
  0.6167500000000000E+02   0.9590238269315678E+00   0.8576682421570238E-03  -0.2070228291511600E-01   0.4378996433842817E-03   0.7448656414507085E-06   0.1094481631428204E-03   0.9325243636141803E-03
  0.6172500000000000E+02   0.9590936679257133E+00   0.8550096882246163E-03  -0.2066662546353204E-01   0.4365263711293941E-03   0.7431316802950951E-06   0.1090673947038389E-03   0.9294983928753448E-03
  0.6177500000000000E+02   0.9591633250949377E+00   0.8516839097348586E-03  -0.2063106330814435E-01   0.4348126011693327E-03   0.7408138072506922E-06   0.1086882421359977E-03   0.9257484017554275E-03
  0.6182500000000000E+02   0.9592329511239086E+00   0.8477058706084695E-03  -0.2059551848569852E-01   0.4327659749411158E-03   0.7379236433468803E-06   0.1083098743739899E-03   0.9212906710716281E-03
  0.6187500000000000E+02   0.9593026891607873E+00   0.8431278725247526E-03  -0.2055991790395528E-01   0.4304131962418885E-03   0.7345053819138254E-06   0.1079315222323477E-03   0.9161820681808743E-03
  0.6192500000000000E+02   0.9593726628273790E+00   0.8380345018773544E-03  -0.2052419844182074E-01   0.4277974507099534E-03   0.7306315127717244E-06   0.1075525312272874E-03   0.9105145479177962E-03
  0.6197500000000000E+02   0.9594429687791275E+00   0.8325348082402011E-03  -0.2048831074745294E-01   0.4249744119314685E-03   0.7263961092301727E-06   0.1071723997616264E-03   0.9044066445487845E-03
  0.6202500000000000E+02   0.9595136725097330E+00   0.8267529905120274E-03  -0.2045222137965574E-01   0.4220074857790385E-03   0.7219067789240431E-06   0.1067907992628136E-03   0.8979933425738237E-03
  0.6207499999999999E+02   0.9595848074669708E+00   0.8208189439687416E-03  -0.2041591325861525E-01   0.4189629839227074E-03   0.7172764540421805E-06   0.1064075762970647E-03   0.8914157979035789E-03
  0.6212500000000000E+02   0.9596563770085731E+00   0.8148598075250982E-03  -0.2037938466658717E-01   0.4159058082131936E-03   0.7126160169539239E-06   0.1060227395421458E-03   0.8848121482072807E-03
  0.6217500000000000E+02   0.9597283583940506E+00   0.8089932567173306E-03  -0.2034264720914825E-01   0.4128960265610560E-03   0.7080284188531633E-06   0.1056364361983234E-03   0.8783102229066533E-03
  0.6222500000000000E+02   0.9598007079084875E+00   0.8033228503950354E-03  -0.2030572319860124E-01   0.4099864975315575E-03   0.7036045698406380E-06   0.1052489228358807E-03   0.8720224874309310E-03
  0.6227499999999999E+02   0.9598733663047407E+00   0.7979353676969066E-03  -0.2026864287494612E-01   0.4072215112305818E-03   0.6994209548769630E-06   0.1048605350820593E-03   0.8660431524178209E-03
  0.6232500000000000E+02   0.9599462639529266E+00   0.7928998246493329E-03  -0.2023144177645098E-01   0.4046362878223842E-03   0.6955387126936265E-06   0.1044716593815887E-03   0.8604471097013908E-03
  0.6237499999999999E+02   0.9600193253223555E+00   0.7882677444395625E-03  -0.2019415845120476E-01   0.4022571161616748E-03   0.6920038117448333E-06   0.1040827087499018E-03   0.8552902316121149E-03
  0.6242500000000000E+02   0.9600924726344926E+00   0.7840742468466921E-03  -0.2015683259205636E-01   0.4001019106562051E-03   0.6888479473659963E-06   0.1036941032773361E-03   0.8506105608702493E-03
  0.6247500000000001E+02   0.9601656286865953E+00   0.7803395823883984E-03  -0.2011950359510661E-01   0.3981809951577792E-03   0.6860898347233534E-06   0.1033062552854128E-03   0.8464299837519745E-03
  0.6252499999999999E+02   0.9602387189474854E+00   0.7770708293867855E-03  -0.2008220948993611E-01   0.3964979699890472E-03   0.6837366516121044E-06   0.1029195585096739E-03   0.8427560800027763E-03
  0.6257500000000000E+02   0.9603116730763204E+00   0.7742635705984375E-03  -0.2004498616453210E-01   0.3950505684786641E-03   0.6817854703216723E-06   0.1025343804426349E-03   0.8395839500389338E-03
  0.6262499999999999E+02   0.9603844260248349E+00   0.7719034540726935E-03  -0.2000786680297828E-01   0.3938314543171475E-03   0.6802245943736069E-06   0.1021510569418216E-03   0.8368979156785575E-03
  0.6267500000000000E+02   0.9604569188663676E+00   0.7699676127800901E-03  -0.1997088146272463E-01   0.3928289467201195E-03   0.6790347770663768E-06   0.1017698883183292E-03   0.8346730665931783E-03
  0.6272500000000001E+02   0.9605290994618750E+00   0.7684259670179927E-03  -0.1993405673516979E-01   0.3920276856362262E-03   0.6781903423001308E-06   0.1013911363116757E-03   0.8328766784125753E-03
  0.6277499999999999E+02   0.9606009230322183E+00   0.7672424631578519E-03  -0.1989741545416257E-01   0.3914092643237844E-03   0.6776602544097558E-06   0.1010150215824505E-03   0.8314695605156129E-03
  0.6282500000000000E+02   0.9606723526632778E+00   0.7663763135104378E-03  -0.1986097643884299E-01   0.3909528623429097E-03   0.6774091939517795E-06   0.1006417215839900E-03   0.8304074037153099E-03
  0.6287500000000001E+02   0.9607433597306743E+00   0.7657832968431572E-03  -0.1982475427753838E-01   0.3906359093361506E-03   0.6773986921187592E-06   0.1002713688830626E-03   0.8296421923705013E-03
  0.6292500000000000E+02   0.9608139241983368E+00   0.7654171596506233E-03  -0.1978875917602851E-01   0.3904348000575922E-03   0.6775883595860331E-06   0.9990405016572529E-04   0.8291237244023545E-03
  0.6297499999999999E+02   0.9608840347238816E+00   0.7652311277600840E-03  -0.1975299690434817E-01   0.3903256655432045E-03   0.6779372187835579E-06   0.9953980626837819E-04   0.8288012496398711E-03
  0.6302499999999999E+02   0.9609536884971897E+00   0.7651795006908550E-03  -0.1971746887965187E-01   0.3902851863617036E-03   0.6784051156939829E-06   0.9917863359936013E-04   0.8286251966870654E-03
  0.6307500000000000E+02   0.9610228907487063E+00   0.7652192633127241E-03  -0.1968217241748860E-01   0.3902914145710143E-03   0.6789541535238989E-06   0.9882048725473834E-04   0.8285489175222989E-03
  0.6312500000000000E+02   0.9610916538905205E+00   0.7653116176999360E-03  -0.1964710117030888E-01   0.3903245548687297E-03   0.6795500621332210E-06   0.9846528598738827E-04   0.8285303448166471E-03
  0.6317500000000000E+02   0.9611599962927450E+00   0.7654233194314901E-03  -0.1961224575189435E-01   0.3903676459211389E-03   0.6801634000023207E-06   0.9811291898083857E-04   0.8285334368226156E-03
  0.6322499999999999E+02   0.9612279407437058E+00   0.7655277019517798E-03  -0.1957759452295471E-01   0.3904070825366828E-03   0.6807704843097055E-06   0.9776325414352403E-04   0.8285292840462031E-03
  0.6327500000000000E+02   0.9612955126864763E+00   0.7656052916818328E-03  -0.1954313449068634E-01   0.3904329290835896E-03   0.6813539610253219E-06   0.9741614741910339E-04   0.8284967726065865E-03
  0.6332500000000000E+02   0.9613627383577394E+00   0.7656439529227670E-03  -0.1950885225803967E-01   0.3904389930934208E-03   0.6819029587609952E-06   0.9707145244812417E-04   0.8284227385591485E-03
  0.6337500000000000E+02   0.9614296429712128E+00   0.7656385489401001E-03  -0.1947473495015939E-01   0.3904226521389953E-03   0.6824128119825397E-06   0.9672902984757109E-04   0.8283015987053873E-03
  0.6342500000000000E+02   0.9614962490840012E+00   0.7655901553078827E-03  -0.1944077104744868E-01   0.3903844524138017E-03   0.6828843834357211E-06   0.9638875541027205E-04   0.8281344971704987E-03
  0.6347499999999999E+02   0.9615625752617247E+00   0.7655049047943512E-03  -0.1940695106619428E-01   0.3903275194672658E-03   0.6833230544033522E-06   0.9605052665529864E-04   0.8279280537413274E-03
  0.6352500000000000E+02   0.9616286351223414E+00   0.7653925729525402E-03  -0.1937326804602146E-01   0.3902568367820410E-03   0.6837374785434975E-06   0.9571426735456142E-04   0.8276928322353670E-03
  0.6357499999999999E+02   0.9616944367966205E+00   0.7652650267478587E-03  -0.1933971782484889E-01   0.3901784545869771E-03   0.6841382074339876E-06   0.9537992988063389E-04   0.8274416613535475E-03
  0.6362500000000000E+02   0.9617599828027223E+00   0.7651346553845047E-03  -0.1930629910266579E-01   0.3900986896746695E-03   0.6845362937856991E-06   0.9504749542807800E-04   0.8271879369703233E-03
  0.6367500000000000E+02   0.9618252702992246E+00   0.7650128863989625E-03  -0.1927301331234255E-01   0.3900233687780656E-03   0.6849419645316317E-06   0.9471697232581609E-04   0.8269440173376655E-03
  0.6372499999999999E+02   0.9618902916585390E+00   0.7649088661679622E-03  -0.1923986432710145E-01   0.3899571558560336E-03   0.6853634351286440E-06   0.9438839276572143E-04   0.8267197967450442E-03
  0.6377500000000000E+02   0.9619550352916730E+00   0.7648283575518688E-03  -0.1920685803987454E-01   0.3899029901572065E-03   0.6858059131426331E-06   0.9406180832075083E-04   0.8265215145462164E-03
  0.6382500000000000E+02   0.9620194866542529E+00   0.7647728828873325E-03  -0.1917400185029838E-01   0.3898616494312209E-03   0.6862708174803633E-06   0.9373728462338567E-04   0.8263508299231897E-03
  0.6387500000000000E+02   0.9620836293699220E+00   0.7647391208947562E-03  -0.1914130409193204E-01   0.3898314426354600E-03   0.6867552221359420E-06   0.9341489553678563E-04   0.8262041714865540E-03
  0.6392500000000000E+02   0.9621474464175338E+00   0.7647185526486151E-03  -0.1910877342702577E-01   0.3898080296427869E-03   0.6872515213039977E-06   0.9309471709330927E-04   0.8260723562904953E-03
  0.6397500000000000E+02   0.9622109213400545E+00   0.7646973446338125E-03  -0.1907641823029704E-01   0.3897843618226648E-03   0.6877473062737785E-06   0.9277682141282729E-04   0.8259404651336895E-03
  0.6402499999999999E+02   0.9622740394434166E+00   0.7646564552235523E-03  -0.1904424597790688E-01   0.3897507365079030E-03   0.6882254429319068E-06   0.9246127075850272E-04   0.8257879591952977E-03
  0.6407500000000000E+02   0.9623367889610042E+00   0.7645719532561825E-03  -0.1901226265403011E-01   0.3896949595540851E-03   0.6886643407359058E-06   0.9214811184854468E-04   0.8255890255938720E-03
  0.6412500000000000E+02   0.9623991621629391E+00   0.7644155420527877E-03  -0.1898047218562726E-01   0.3896026125778759E-03   0.6890384081643735E-06   0.9183737052379397E-04   0.8253131445086619E-03
  0.6417500000000000E+02   0.9624611563883659E+00   0.7641552873278628E-03  -0.1894887591652439E-01   0.3894574240673529E-03   0.6893186942261874E-06   0.9152904687495614E-04   0.8249258760394656E-03
  0.6422499999999999E+02   0.9625227749735665E+00   0.7637565510196535E-03  -0.1891747213463080E-01   0.3892417453817205E-03   0.6894737188334806E-06   0.9122311095870321E-04   0.8243898688614814E-03
  0.6427499999999999E+02   0.9625840280397376E+00   0.7631831330920272E-03  -0.1888625567071434E-01   0.3889371326735202E-03   0.6894704948822945E-06   0.9091949927465149E-04   0.8236660927832373E-03
  0.6432500000000000E+02   0.9626449330931541E+00   0.7623986179709559E-03  -0.1885521759280828E-01   0.3885250330233869E-03   0.6892757400297860E-06   0.9061811222712922E-04   0.8227152915269408E-03
  0.6437500000000000E+02   0.9627055153796676E+00   0.7613679100913402E-03  -0.1882434502581565E-01   0.3879875668701607E-03   0.6888572651172754E-06   0.9031881284449947E-04   0.8214996389290162E-03
  0.6442499999999998E+02   0.9627658079283532E+00   0.7600589236237871E-03  -0.1879362112950911E-01   0.3873083889337959E-03   0.6881855085363599E-06   0.9002142705820694E-04   0.8199845608524255E-03
  0.6447499999999999E+02   0.9628258512193407E+00   0.7584443659092276E-03  -0.1876302526801321E-01   0.3864735968171132E-03   0.6872351625017831E-06   0.8972574583592903E-04   0.8181406575813403E-03
  0.6452500000000001E+02   0.9628856924220275E+00   0.7565035254472625E-03  -0.1873253339816405E-01   0.3854726418613781E-03   0.6859868108529804E-06   0.8943152940148591E-04   0.8159456305644315E-03
  0.6457500000000000E+02   0.9629453841741927E+00   0.7542239484016723E-03  -0.1870211869175276E-01   0.3842991831370081E-03   0.6844284731169492E-06   0.8913851364916771E-04   0.8133860884133672E-03
  0.6462500000000000E+02   0.9630049829099242E+00   0.7516028688203437E-03  -0.1867175238760321E-01   0.3829518158929072E-03   0.6825569318774624E-06   0.8884641867386874E-04   0.8104590868596651E-03
  0.6467499999999998E+02   0.9630645467914086E+00   0.7486482535628753E-03  -0.1864140484542265E-01   0.3814346036501331E-03   0.6803787159247573E-06   0.8855495910896684E-04   0.8071732528754216E-03
  0.6472499999999999E+02   0.9631241333498706E+00   0.7453793381091401E-03  -0.1861104674776570E-01   0.3797573508643134E-03   0.6779106246930939E-06   0.8826385572469722E-04   0.8035493595683940E-03
  0.6477500000000001E+02   0.9631837969852827E+00   0.7418265653926762E-03  -0.1858065037386858E-01   0.3779355714126039E-03   0.6751797115466251E-06   0.8797284753508671E-04   0.7996202572820844E-03
  0.6482499999999999E+02   0.9632435865034364E+00   0.7380308933779011E-03  -0.1855019085435738E-01   0.3759901354611099E-03   0.6722226917895739E-06   0.8768170353637712E-04   0.7954301241262730E-03
  0.6487500000000000E+02   0.9633035428751885E+00   0.7340425005315643E-03  -0.1851964731266509E-01   0.3739466095891399E-03   0.6690847989137007E-06   0.8739023318786014E-04   0.7910330675728860E-03
  0.6492500000000000E+02   0.9633636973831416E+00   0.7299189807838196E-03  -0.1848900380896612E-01   0.3718343368624643E-03   0.6658181697305292E-06   0.8709829485903821E-04   0.7864911760805721E-03
  0.6497499999999999E+02   0.9634240702781647E+00   0.7257231696859571E-03  -0.1845825002427570E-01   0.3696853290773957E-03   0.6624798853002954E-06   0.8680580168963183E-04   0.7818721737224148E-03
  0.6502500000000001E+02   0.9634846700096180E+00   0.7215207723030595E-03  -0.1842738165219449E-01   0.3675330580826163E-03   0.6591298217024453E-06   0.8651272460181624E-04   0.7772468618395135E-03
  0.6507500000000000E+02   0.9635454930297557E+00   0.7173779666183525E-03  -0.1839640049807978E-01   0.3654112347297628E-03   0.6558284686020179E-06   0.8621909251331267E-04   0.7726865351847021E-03
  0.6512500000000000E+02   0.9636065241157654E+00   0.7133591350298004E-03  -0.1836531431447674E-01   0.3633526531978783E-03   0.6526348551341567E-06   0.8592499007146791E-04   0.7682605371125561E-03
  0.6517500000000000E+02   0.9636677371113543E+00   0.7095248367785230E-03  -0.1833413642280746E-01   0.3613881581829753E-03   0.6496046870798203E-06   0.8563055341972771E-04   0.7640340754740102E-03
  0.6522499999999999E+02   0.9637290959688082E+00   0.7059300845914044E-03  -0.1830288518200940E-01   0.3595457671902631E-03   0.6467887545110122E-06   0.8533596459683728E-04   0.7600663674052257E-03
  0.6527499999999999E+02   0.9637905559727783E+00   0.7026229387324034E-03  -0.1827158336464130E-01   0.3578499546445222E-03   0.6442316234925131E-06   0.8504144515458575E-04   0.7564091271764745E-03
  0.6532500000000000E+02   0.9638520650458304E+00   0.6996433889702271E-03  -0.1824025749140412E-01   0.3563210827847228E-03   0.6419705863161166E-06   0.8474724947824188E-04   0.7531053652384173E-03
  0.6537500000000000E+02   0.9639135650678416E+00   0.6970224651858403E-03  -0.1820893715869665E-01   0.3549749491346241E-03   0.6400348172175001E-06   0.8445365813169312E-04   0.7501884344958518E-03
  0.6542500000000000E+02   0.9639749931806848E+00   0.6947815033622740E-03  -0.1817765437377383E-01   0.3538224132183141E-03   0.6384446673401221E-06   0.8416097135634657E-04   0.7476812447694483E-03
  0.6547499999999999E+02   0.9640362830904845E+00   0.6929314963020135E-03  -0.1814644289127176E-01   0.3528690665146105E-03   0.6372110346913067E-06   0.8386950265737452E-04   0.7455955692024392E-03
  0.6552499999999999E+02   0.9640973664168571E+00   0.6914724769932992E-03  -0.1811533752595296E-01   0.3521149191041448E-03   0.6363347615342019E-06   0.8357957223750900E-04   0.7439313863590226E-03
  0.6557500000000000E+02   0.9641581741672267E+00   0.6903929156640855E-03  -0.1808437340191638E-01   0.3515540933267356E-03   0.6358060418655737E-06   0.8329149990916406E-04   0.7426762373876373E-03
  0.6562500000000001E+02   0.9642186384298003E+00   0.6896691570829679E-03  -0.1805358509063415E-01   0.3511745379439186E-03   0.6356038634719647E-06   0.8300559705174527E-04   0.7418046265715566E-03
  0.6567500000000000E+02   0.9642786943759781E+00   0.6892649792648107E-03  -0.1802300559159820E-01   0.3509578040980801E-03   0.6356955595540274E-06   0.8272215720503572E-04   0.7412775522767995E-03
  0.6572499999999999E+02   0.9643382826364338E+00   0.6891314128885293E-03  -0.1799266512287490E-01   0.3508789539615596E-03   0.6360365990236130E-06   0.8244144502530810E-04   0.7410423177896756E-03
  0.6577499999999999E+02   0.9643973520600680E+00   0.6892070134748574E-03  -0.1796258971687847E-01   0.3509066998151114E-03   0.6365707940609785E-06   0.8216368359777933E-04   0.7410328281876764E-03
  0.6582500000000000E+02   0.9644558627796906E+00   0.6894188124994860E-03  -0.1793279966011463E-01   0.3510038886650954E-03   0.6372311361321281E-06   0.8188904050235643E-04   0.7411706160314294E-03
  0.6587500000000001E+02   0.9645137893969565E+00   0.6896841722625658E-03  -0.1790330787231409E-01   0.3511284468173820E-03   0.6379414716800448E-06   0.8161761354523884E-04   0.7413668371939873E-03
  0.6592499999999998E+02   0.9645711239759485E+00   0.6899137149957323E-03  -0.1787411838304387E-01   0.3512348711653284E-03   0.6386191796729806E-06   0.8134941762703678E-04   0.7415254197706479E-03
  0.6597499999999999E+02   0.9646278784259139E+00   0.6900153773101712E-03  -0.1784522511930531E-01   0.3512762931860660E-03   0.6391789035860976E-06   0.8108437469542565E-04   0.7415474208056699E-03
  0.6602500000000001E+02   0.9646840857949749E+00   0.6898994584469722E-03  -0.1781661124748912E-01   0.3512070486771448E-03   0.6395372213982253E-06   0.8082230896094913E-04   0.7413364494434182E-03
  0.6607500000000000E+02   0.9647398000258414E+00   0.6894843082339407E-03  -0.1778824929819045E-01   0.3509855729893736E-03   0.6396179300180285E-06   0.8056294936955615E-04   0.7408047761375429E-03
  0.6612500000000000E+02   0.9647950938668608E+00   0.6887020853689153E-03  -0.1776010222994584E-01   0.3505773319391995E-03   0.6393574187350727E-06   0.8030594061885632E-04   0.7398795164037896E-03
  0.6617499999999998E+02   0.9648500548837857E+00   0.6875038716386523E-03  -0.1773212545966629E-01   0.3499574247810861E-03   0.6387094683959228E-06   0.8005086280697018E-04   0.7385081219300064E-03
  0.6622499999999999E+02   0.9649047798377184E+00   0.6858634123280385E-03  -0.1770426972461725E-01   0.3491124878124836E-03   0.6376487947330064E-06   0.7979725831951455E-04   0.7366623954299430E-03
  0.6627500000000001E+02   0.9649593680075239E+00   0.6837788979817702E-03  -0.1767648448157366E-01   0.3480416009490022E-03   0.6361727850088227E-06   0.7954466314701646E-04   0.7343404013136308E-03
  0.6632500000000000E+02   0.9650139142538433E+00   0.6812724905910142E-03  -0.1764872143738783E-01   0.3467560461609314E-03   0.6343011419363201E-06   0.7929263887897155E-04   0.7315659535138169E-03
  0.6637499999999999E+02   0.9650685026807143E+00   0.6783876620787163E-03  -0.1762093777525031E-01   0.3452779523529351E-03   0.6320734870987269E-06   0.7904080143211346E-04   0.7283857536506602E-03
  0.6642500000000000E+02   0.9651232016316061E+00   0.6751847606951012E-03  -0.1759309870160852E-01   0.3436380382725059E-03   0.6295453007447171E-06   0.7878884320151828E-04   0.7248646262196645E-03
  0.6647499999999999E+02   0.9651780604968411E+00   0.6717354642935488E-03  -0.1756517907097532E-01   0.3418727889033556E-03   0.6267828042708971E-06   0.7853654658085818E-04   0.7210795588558636E-03
  0.6652500000000001E+02   0.9652331084857928E+00   0.6681168689073336E-03  -0.1753716401057859E-01   0.3400214463249822E-03   0.6238574789318880E-06   0.7828378831555123E-04   0.7171133517505783E-03
  0.6657500000000000E+02   0.9652883552152786E+00   0.6644058979646443E-03  -0.1750904862052161E-01   0.3381231638987500E-03   0.6208408595428316E-06   0.7803053553517946E-04   0.7130486124497721E-03
  0.6662499999999999E+02   0.9653437927492545E+00   0.6606745453743176E-03  -0.1748083693522717E-01   0.3362145850231943E-03   0.6178000847888924E-06   0.7777683527284185E-04   0.7089626472912919E-03
  0.6667500000000000E+02   0.9653993986210792E+00   0.6569862473799766E-03  -0.1745254038479727E-01   0.3343279965515730E-03   0.6147944842456097E-06   0.7752279970946820E-04   0.7049235661078233E-03
  0.6672499999999999E+02   0.9654551393691876E+00   0.6533934714931439E-03  -0.1742417599512691E-01   0.3324901017969192E-03   0.6118732903321429E-06   0.7726858933539931E-04   0.7009876948286405E-03
  0.6677499999999999E+02   0.9655109741883228E+00   0.6499364536939104E-03  -0.1739576452930314E-01   0.3307213780645732E-03   0.6090744166098549E-06   0.7701439585488654E-04   0.6971982217834363E-03
  0.6682500000000000E+02   0.9655668584032958E+00   0.6466429210405480E-03  -0.1736732871945335E-01   0.3290359357774336E-03   0.6064241552171554E-06   0.7676042615140738E-04   0.6935849024681392E-03
  0.6687499999999999E+02   0.9656227465782596E+00   0.6435286002278144E-03  -0.1733889168423008E-01   0.3274417776291101E-03   0.6039376109550909E-06   0.7650688813098499E-04   0.6901646082252279E-03
  0.6692500000000000E+02   0.9656785951611779E+00   0.6405983171151081E-03  -0.1731047558298093E-01   0.3259413584850939E-03   0.6016196926352155E-06   0.7625397885831911E-04   0.6869425091368677E-03
  0.6697500000000001E+02   0.9657343646222549E+00   0.6378475186776870E-03  -0.1728210052756862E-01   0.3245323602124848E-03   0.5994665060697051E-06   0.7600187513060479E-04   0.6839137098712981E-03
  0.6702499999999999E+02   0.9657900210778348E+00   0.6352640807155486E-03  -0.1725378375613085E-01   0.3232086118548369E-03   0.5974670221500181E-06   0.7575072648712600E-04   0.6810651915333999E-03
  0.6707500000000000E+02   0.9658455374046691E+00   0.6328302907625241E-03  -0.1722553906625235E-01   0.3219610988676198E-03   0.5956049172948264E-06   0.7550065059472200E-04   0.6783779406936849E-03
  0.6712500000000000E+02   0.9659008938528497E+00   0.6305249106387088E-03  -0.1719737650328557E-01   0.3207790127764228E-03   0.5938604970832715E-06   0.7525173093597924E-04   0.6758291629757662E-03
  0.6717500000000000E+02   0.9659560781681098E+00   0.6283252269384016E-03  -0.1716930229833569E-01   0.3196507945914445E-03   0.5922126170054496E-06   0.7500401671755987E-04   0.6733944828193949E-03
  0.6722499999999999E+02   0.9660110852422876E+00   0.6262089944247834E-03  -0.1714131904631089E-01   0.3185651236336231E-03   0.5906405106357302E-06   0.7475752488073123E-04   0.6710500275722019E-03
  0.6727499999999999E+02   0.9660659163277715E+00   0.6241561731451637E-03  -0.1711342610578126E-01   0.3175118013222232E-03   0.5891254310944610E-06   0.7451224402139948E-04   0.6687742896875277E-03
  0.6732500000000000E+02   0.9661205778768855E+00   0.6221503618323137E-03  -0.1708562018960880E-01   0.3164824803724661E-03   0.5876520127759149E-06   0.7426813991764906E-04   0.6665496627473102E-03
  0.6737500000000000E+02   0.9661750800960872E+00   0.6201798430021371E-03  -0.1705789610060804E-01   0.3154711963918553E-03   0.5862092719264360E-06   0.7402516223921151E-04   0.6643635608414436E-03
  0.6742500000000000E+02   0.9662294353308694E+00   0.6182381811149613E-03  -0.1703024755326843E-01   0.3144746720721014E-03   0.5847911887440652E-06   0.7378325190548381E-04   0.6622090586792760E-03
  0.6747499999999999E+02   0.9662836564134215E+00   0.6163243523338376E-03  -0.1700266801435535E-01   0.3134923830814823E-03   0.5833968485290422E-06   0.7354234849714998E-04   0.6600850296429673E-03
  0.6752500000000001E+02   0.9663377551062993E+00   0.6144424273666014E-03  -0.1697515149460860E-01   0.3125263966118510E-03   0.5820301599853396E-06   0.7330239713256415E-04   0.6579958050058234E-03
  0.6757500000000000E+02   0.9663917407598595E+00   0.6126008701886063E-03  -0.1694769323164291E-01   0.3115810145456265E-03   0.5806992080530409E-06   0.7306335429966732E-04   0.6559504217716836E-03
  0.6762500000000000E+02   0.9664456192712980E+00   0.6108115477956472E-03  -0.1692029021938213E-01   0.3106622696606945E-03   0.5794153296897001E-06   0.7282519227561669E-04   0.6539615612115742E-03
  0.6767500000000000E+02   0.9664993923941835E+00   0.6090885643315057E-03  -0.1689294155917120E-01   0.3097773325407191E-03   0.5781920188170751E-06   0.7258790194420617E-04   0.6520442996165045E-03
  0.6772499999999999E+02   0.9665530574063959E+00   0.6074470350813692E-03  -0.1686564862855955E-01   0.3089338879442064E-03   0.5770437693140099E-06   0.7235149400411119E-04   0.6502147950327987E-03
  0.6777500000000001E+02   0.9666066071079410E+00   0.6059019034184850E-03  -0.1683841508228523E-01   0.3081395330703425E-03   0.5759849537795949E-06   0.7211599872011430E-04   0.6484890204103981E-03
  0.6782499999999999E+02   0.9666600300929971E+00   0.6044668808260056E-03  -0.1681124671377654E-01   0.3074012384730944E-03   0.5750288145082440E-06   0.7188146448447506E-04   0.6468816289545680E-03
  0.6787500000000000E+02   0.9667133112249465E+00   0.6031535616728926E-03  -0.1678415121342280E-01   0.3067248979037851E-03   0.5741866164777917E-06   0.7164795551813311E-04   0.6454050069773061E-03
  0.6792500000000000E+02   0.9667664322389327E+00   0.6019707353355765E-03  -0.1675713786200672E-01   0.3061149785652310E-03   0.5734669847211107E-06   0.7141554905320510E-04   0.6440685383756002E-03
  0.6797499999999999E+02   0.9668193724018252E+00   0.6009238922131836E-03  -0.1673021719496548E-01   0.3055742700131041E-03   0.5728754237428418E-06   0.7118433230834772E-04   0.6428780769685493E-03
  0.6802500000000001E+02   0.9668721091718802E+00   0.6000148994203589E-03  -0.1670340066683862E-01   0.3051037193799250E-03   0.5724139968109409E-06   0.7095439950883088E-04   0.6418356006975106E-03
  0.6807500000000000E+02   0.9669246188173090E+00   0.5992418074353008E-03  -0.1667670033664881E-01   0.3047023332206489E-03   0.5720811289674545E-06   0.7072584912512314E-04   0.6409390061756580E-03
  0.6812499999999999E+02   0.9669768769724215E+00   0.5985987409186035E-03  -0.1665012858506631E-01   0.3043671221806766E-03   0.5718714896856753E-06   0.7049878141643570E-04   0.6401819934609050E-03
  0.6817500000000000E+02   0.9670288591304289E+00   0.5980758252048507E-03  -0.1662369786382367E-01   0.3040930638178172E-03   0.5717759092037413E-06   0.7027329627592622E-04   0.6395539891104548E-03
  0.6822500000000001E+02   0.9670805410922120E+00   0.5976591045923660E-03  -0.1659742046756385E-01   0.3038730612627263E-03   0.5717812867201095E-06   0.7004949128717382E-04   0.6390400605378447E-03
  0.6827500000000001E+02   0.9671318994091019E+00   0.5973304197221703E-03  -0.1657130830877984E-01   0.3036978810812050E-03   0.5718704590835899E-06   0.6982745982265968E-04   0.6386207866473370E-03
  0.6832499999999999E+02   0.9671829118733198E+00   0.5970672293411837E-03  -0.1654537266856937E-01   0.3035560628563539E-03   0.5720220156780543E-06   0.6960728895127546E-04   0.6382720689768614E-03
  0.6837499999999999E+02   0.9672335581198201E+00   0.5968423866217623E-03  -0.1651962389079942E-01   0.3034338056560734E-03   0.5722100689698269E-06   0.6938905688337191E-04   0.6379648941721555E-03
  0.6842500000000000E+02   0.9672838204047973E+00   0.5966239112080692E-03  -0.1649407098650546E-01   0.3033148523092854E-03   0.5724040199804092E-06   0.6917282968122103E-04   0.6376650917349992E-03
  0.6847500000000001E+02   0.9673336846154301E+00   0.5963748331167978E-03  -0.1646872112078135E-01   0.3031804101829866E-03   0.5725683917349967E-06   0.6895865701476886E-04   0.6373331683257526E-03
  0.6852499999999999E+02   0.9673831415390481E+00   0.5960532193405833E-03  -0.1644357896783466E-01   0.3030091647996524E-03   0.5726628375162642E-06   0.6874656686109419E-04   0.6369243369747867E-03
  0.6857499999999999E+02   0.9674321883754269E+00   0.5956125218214722E-03  -0.1641864594248477E-01   0.3027774567728556E-03   0.5726424581142681E-06   0.6853655923954621E-04   0.6363888892527599E-03
  0.6862500000000000E+02   0.9674808304136950E+00   0.5950023972864030E-03  -0.1639391934801249E-01   0.3024596985472086E-03   0.5724585744124866E-06   0.6832859933993514E-04   0.6356730710607358E-03
  0.6867500000000000E+02   0.9675290827202704E+00   0.5941701347084347E-03  -0.1636939151841776E-01   0.3020290999411087E-03   0.5720600883118302E-06   0.6812261071537154E-04   0.6347206069596714E-03
  0.6872500000000001E+02   0.9675769716075723E+00   0.5930627751850532E-03  -0.1634504907211110E-01   0.3014587455822861E-03   0.5713955166477944E-06   0.6791846952521863E-04   0.6334749635232472E-03
  0.6877500000000001E+02   0.9676245355930257E+00   0.5916299168596377E-03  -0.1632087242467084E-01   0.3007230204822717E-03   0.5704156943771586E-06   0.6771600104999867E-04   0.6318823437901546E-03
  0.6882499999999999E+02   0.9676718255369786E+00   0.5898270687821377E-03  -0.1629683571892093E-01   0.2997993145692490E-03   0.5690770190767936E-06   0.6751497976357027E-04   0.6298952674563625E-03
  0.6887500000000000E+02   0.9677189036888297E+00   0.5876192705667490E-03  -0.1627290730990016E-01   0.2986698622683276E-03   0.5673449660780974E-06   0.6731513404824129E-04   0.6274764344771333E-03
  0.6892500000000000E+02   0.9677658414856508E+00   0.5849845617471002E-03  -0.1624905088385409E-01   0.2973235056457538E-03   0.5651974735208897E-06   0.6711615612860764E-04   0.6246024278218591E-03
  0.6897499999999999E+02   0.9678127161306052E+00   0.5819168066650756E-03  -0.1622522719736053E-01   0.2957571299614008E-03   0.5626277188079424E-06   0.6691771701414819E-04   0.6212667278132365E-03
  0.6902500000000001E+02   0.9678596061988493E+00   0.5784273943280048E-03  -0.1620139631068396E-01   0.2939765273902912E-03   0.5596458183373926E-06   0.6671948531528242E-04   0.6174815250422171E-03
  0.6907499999999999E+02   0.9679065867248152E+00   0.5745454548512733E-03  -0.1617752008465712E-01   0.2919965067786987E-03   0.5562790980109678E-06   0.6652114795323679E-04   0.6132779493455763E-03
  0.6912500000000000E+02   0.9679537243589694E+00   0.5703164499575693E-03  -0.1615356464217566E-01   0.2898401770140813E-03   0.5525707891722102E-06   0.6632243026106105E-04   0.6087045628389282E-03
  0.6917500000000000E+02   0.9680010732011334E+00   0.5657992572320777E-03  -0.1612950248575540E-01   0.2875374648704140E-03   0.5485772581121109E-06   0.6612311294447462E-04   0.6038242450072941E-03
  0.6922499999999999E+02   0.9680486718109812E+00   0.5610621105805889E-03  -0.1610531401672077E-01   0.2851230515692224E-03   0.5443641135087676E-06   0.6592304386697877E-04   0.5987098570439501E-03
  0.6927500000000001E+02   0.9680965416926549E+00   0.5561779215072724E-03  -0.1608098830511984E-01   0.2826339947173147E-03   0.5400016956735528E-06   0.6572214351305535E-04   0.5934392457515549E-03
  0.6932499999999999E+02   0.9681446873059140E+00   0.5512195530089383E-03  -0.1605652308375549E-01   0.2801073262544019E-03   0.5355605002525075E-06   0.6552040402229310E-04   0.5880901976318551E-03
  0.6937500000000000E+02   0.9681930974335943E+00   0.5462555524449426E-03  -0.1603192405288079E-01   0.2775778837738937E-03   0.5311070285805661E-06   0.6531788261205713E-04   0.5827358838314845E-03
  0.6942500000000000E+02   0.9682417475817445E+00   0.5413467053842623E-03  -0.1600720366007868E-01   0.2750765591973163E-03   0.5267004192163072E-06   0.6511469082411834E-04   0.5774411823779122E-03
  0.6947499999999999E+02   0.9682906030239321E+00   0.5365435977486925E-03  -0.1598237955281689E-01   0.2726290599882054E-03   0.5223900470734756E-06   0.6491098126954939E-04   0.5722600775371229E-03
  0.6952499999999999E+02   0.9683396221164224E+00   0.5318852137136268E-03  -0.1595747289342531E-01   0.2702551968346090E-03   0.5182141218059233E-06   0.6470693345038377E-04   0.5672341653757568E-03
  0.6957500000000000E+02   0.9683887595796302E+00   0.5273984810079365E-03  -0.1593250669131985E-01   0.2679686528587035E-03   0.5141992042907153E-06   0.6450273992368242E-04   0.5623921709119021E-03
  0.6962500000000000E+02   0.9684379695314300E+00   0.5230986130529578E-03  -0.1590750426145016E-01   0.2657771577967265E-03   0.5103604988488377E-06   0.6429859368016052E-04   0.5577503158175975E-03
  0.6967500000000000E+02   0.9684872081424620E+00   0.5189900821675712E-03  -0.1588248787496038E-01   0.2636829828619235E-03   0.5067027631431576E-06   0.6409467724816444E-04   0.5533133594067177E-03
  0.6972500000000001E+02   0.9685364358455882E+00   0.5150680737571975E-03  -0.1585747763652812E-01   0.2616836799817538E-03   0.5032216921062893E-06   0.6389115377272760E-04   0.5490761524251615E-03
  0.6977499999999999E+02   0.9685856190655219E+00   0.5113202992167953E-03  -0.1583249060562097E-01   0.2597730032418177E-03   0.4999056586224668E-06   0.6368816017874725E-04   0.5450255729014898E-03
  0.6982500000000000E+02   0.9686347314441855E+00   0.5077290688029842E-03  -0.1580754017405650E-01   0.2579419623336564E-03   0.4967377160429600E-06   0.6348580248839294E-04   0.5411427385006290E-03
  0.6987499999999999E+02   0.9686837545328785E+00   0.5042735341144652E-03  -0.1578263571452287E-01   0.2561799620760390E-03   0.4936977752944250E-06   0.6328415338098539E-04   0.5374053988691707E-03
  0.6992500000000000E+02   0.9687326779173755E+00   0.5009319994879766E-03  -0.1575778251723103E-01   0.2544759768429393E-03   0.4907648587342943E-06   0.6308325210213902E-04   0.5337904005541005E-03
  0.6997500000000001E+02   0.9687814987496481E+00   0.4976841767936947E-03  -0.1573298202802353E-01   0.2528196961324292E-03   0.4879193080279416E-06   0.6288310679510523E-04   0.5302760907209030E-03
  0.7002499999999999E+02   0.9688302206887399E+00   0.4945132298808038E-03  -0.1570823238662222E-01   0.2512025631789317E-03   0.4851447949400784E-06   0.6268369920688294E-04   0.5268444959025711E-03
  0.7007499999999999E+02   0.9688788523044460E+00   0.4914074383109971E-03  -0.1568352923772454E-01   0.2496186200818324E-03   0.4824299667799511E-06   0.6248499151287252E-04   0.5234830943925433E-03
  0.7012500000000000E+02   0.9689274050624015E+00   0.4883613191036694E-03  -0.1565886675467831E-01   0.2480650775476421E-03   0.4797695662287377E-06   0.6228693474356518E-04   0.5201860106474633E-03
  0.7017500000000000E+02   0.9689758910716171E+00   0.4853760873888959E-03  -0.1563423878375092E-01   0.2465425487723088E-03   0.4771649058490439E-06   0.6208947805244119E-04   0.5169545050516788E-03
  0.7022500000000001E+02   0.9690243208162452E+00   0.4824594085631934E-03  -0.1560963999632714E-01   0.2450549234154392E-03   0.4746236474576829E-06   0.6189257791338401E-04   0.5137967088120463E-03
  0.7027499999999999E+02   0.9690727010977577E+00   0.4796244809495415E-03  -0.1558506693414363E-01   0.2436089015105661E-03   0.4721589213491361E-06   0.6169620633524314E-04   0.5107266458044393E-03
  0.7032499999999999E+02   0.9691210333780305E+00   0.4768885675855716E-03  -0.1556051885080934E-01   0.2422132475979494E-03   0.4697878990165171E-06   0.6150035734217681E-04   0.5077626679861962E-03
  0.7037500000000000E+02   0.9691693126474223E+00   0.4742711483259997E-03  -0.1553599828659968E-01   0.2408778520598820E-03   0.4675299854924352E-06   0.6130505124932027E-04   0.5049254869284902E-03
  0.7042500000000000E+02   0.9692175268640577E+00   0.4717918775171625E-03  -0.1551151135307793E-01   0.2396126937784675E-03   0.4654048122598978E-06   0.6111033658403293E-04   0.5022359989457694E-03
  0.7047499999999999E+02   0.9692656569431728E+00   0.4694685093936789E-03  -0.1548706773831288E-01   0.2384267864898358E-03   0.4634301898910054E-06   0.6091628977440796E-04   0.4997130766162021E-03
  0.7052499999999999E+02   0.9693136772356924E+00   0.4673149059139164E-03  -0.1546268046362165E-01   0.2373271671072745E-03   0.4616201336006497E-06   0.6072301288160623E-04   0.4973714488995108E-03
  0.7057499999999999E+02   0.9693615564305442E+00   0.4653391894176055E-03  -0.1543836542513943E-01   0.2363179576962399E-03   0.4599830237899008E-06   0.6053062966450253E-04   0.4952197362595753E-03
  0.7062500000000000E+02   0.9694092588419941E+00   0.4635420652664894E-03  -0.1541414073991232E-01   0.2353995138701461E-03   0.4585199271617836E-06   0.6033928015184979E-04   0.4932586674943803E-03
  0.7067500000000001E+02   0.9694567460886744E+00   0.4619153333957185E-03  -0.1539002589316318E-01   0.2345676692005547E-03   0.4572230979437054E-06   0.6014911371307223E-04   0.4914794982601404E-03
  0.7072499999999999E+02   0.9695039792153860E+00   0.4604406413172303E-03  -0.1536604066081859E-01   0.2338131022955203E-03   0.4560747121340484E-06   0.5996028044354167E-04   0.4898626869631914E-03
  0.7077499999999999E+02   0.9695509213280535E+00   0.4590886042514844E-03  -0.1534220377158280E-01   0.2331208903285760E-03   0.4550459604588081E-06   0.5977292060991492E-04   0.4883769614221228E-03
  0.7082500000000000E+02   0.9695975407801742E+00   0.4578185181741668E-03  -0.1531853128910554E-01   0.2324703636260792E-03   0.4540967257074346E-06   0.5958715203761985E-04   0.4869790161174221E-03
  0.7087500000000000E+02   0.9696438148425478E+00   0.4565789895923203E-03  -0.1529503474887850E-01   0.2318354256880804E-03   0.4531761686634214E-06   0.5940305575291716E-04   0.4856141840424702E-03
  0.7092500000000000E+02   0.9696897335977248E+00   0.4553098533355862E-03  -0.1527171918113734E-01   0.2311855271166619E-03   0.4522245957984634E-06   0.5922066094557666E-04   0.4842184776136664E-03
  0.7097499999999999E+02   0.9697353035483360E+00   0.4539456836622429E-03  -0.1524858127911288E-01   0.2304874484222027E-03   0.4511769183954963E-06   0.5903993129956003E-04   0.4827223229318447E-03
  0.7102499999999999E+02   0.9697805501843286E+00   0.4524209683695701E-03  -0.1522560809591500E-01   0.2297079270587060E-03   0.4499677801569730E-06   0.5886075566458995E-04   0.4810560612243843E-03
  0.7107500000000000E+02   0.9698255186374114E+00   0.4506766008678153E-03  -0.1520277671258152E-01   0.2288169534858055E-03   0.4485380180075590E-06   0.5868294644067199E-04   0.4791568504656629E-03
  0.7112500000000000E+02   0.9698702716948702E+00   0.4486668328141394E-03  -0.1518005524677413E-01   0.2277913009400746E-03   0.4468416086189610E-06   0.5850624840880392E-04   0.4769760556101077E-03
  0.7117500000000000E+02   0.9699148849197610E+00   0.4463654050009533E-03  -0.1515740533051946E-01   0.2266176378930668E-03   0.4448518249515538E-06   0.5833035881428324E-04   0.4744857643321812E-03
  0.7122499999999999E+02   0.9699594393538854E+00   0.4437694673394652E-03  -0.1513478581508165E-01   0.2252945179441291E-03   0.4425652133979765E-06   0.5815495662783603E-04   0.4716829517472248E-03
  0.7127499999999999E+02   0.9700040130186176E+00   0.4409002586307800E-03  -0.1511215708604352E-01   0.2238327246107041E-03   0.4400023535075040E-06   0.5797973605961879E-04   0.4685902002740327E-03
  0.7132500000000000E+02   0.9700486728571395E+00   0.4378002858941298E-03  -0.1508948515415454E-01   0.2222538389503602E-03   0.4372051246187559E-06   0.5780443782908346E-04   0.4652526984502067E-03
  0.7137500000000000E+02   0.9700934686652797E+00   0.4345276433925846E-03  -0.1506674473644620E-01   0.2205873550671773E-03   0.4342311021190530E-06   0.5762887220308399E-04   0.4617321996405493E-03
  0.7142500000000000E+02   0.9701384299673255E+00   0.4311487818609965E-03  -0.1504392084210526E-01   0.2188670088871448E-03   0.4311463800551725E-06   0.5745293023393379E-04   0.4580993341009688E-03
  0.7147499999999999E+02   0.9701835659704573E+00   0.4277312369928421E-03  -0.1502100879529977E-01   0.2171270863704900E-03   0.4280183228328229E-06   0.5727658289139155E-04   0.4544258787480479E-03
  0.7152499999999999E+02   0.9702288680119222E+00   0.4243375506890806E-03  -0.1499801299246262E-01   0.2153993374055161E-03   0.4249094811734669E-06   0.5709987057068939E-04   0.4507782958529279E-03
  0.7157500000000000E+02   0.9702743135226544E+00   0.4210210670525256E-03  -0.1497494488973627E-01   0.2137108416015857E-03   0.4218733616219651E-06   0.5692288691340365E-04   0.4472132654209218E-03
  0.7162500000000000E+02   0.9703198705057825E+00   0.4178237130594653E-03  -0.1495182072909185E-01   0.2120828817574797E-03   0.4189521689750458E-06   0.5674576089463723E-04   0.4437753278159417E-03
  0.7167500000000000E+02   0.9703655017571785E+00   0.4147754625507317E-03  -0.1492865939550225E-01   0.2105306719695048E-03   0.4161762288374476E-06   0.5656864017177679E-04   0.4404963159712627E-03
  0.7172499999999999E+02   0.9704111683795279E+00   0.4118949905455941E-03  -0.1490548063287123E-01   0.2090636900559628E-03   0.4135646033720579E-06   0.5639167738781215E-04   0.4373960528697906E-03
  0.7177500000000001E+02   0.9704568324363749E+00   0.4091910169420005E-03  -0.1488230369666033E-01   0.2076863599534819E-03   0.4111264025887943E-06   0.5621501996183043E-04   0.4344837816200095E-03
  0.7182499999999999E+02   0.9705024587965511E+00   0.4066639391764365E-03  -0.1485914641760544E-01   0.2063988807781304E-03   0.4088623918127663E-06   0.5603880311201689E-04   0.4317599023716365E-03
  0.7187500000000000E+02   0.9705480163239298E+00   0.4043074916966891E-03  -0.1483602459784517E-01   0.2051980694541974E-03   0.4067666329074408E-06   0.5586314546499803E-04   0.4292177373554432E-03
  0.7192500000000001E+02   0.9705934785929818E+00   0.4021102992235430E-03  -0.1481295164782392E-01   0.2040781493707782E-03   0.4048280254055466E-06   0.5568814652241193E-04   0.4268451826077670E-03
  0.7197499999999999E+02   0.9706388242854797E+00   0.4000572878769717E-03  -0.1478993838508924E-01   0.2030314668230328E-03   0.4030317108128311E-06   0.5551388536637589E-04   0.4246262081548103E-03
  0.7202499999999999E+02   0.9706840373731020E+00   0.3981309767993730E-03  -0.1476699294179162E-01   0.2020491467232436E-03   0.4013603622021960E-06   0.5534042019023501E-04   0.4225422306707149E-03
  0.7207499999999999E+02   0.9707291071335741E+00   0.3963126949009130E-03  -0.1474412075668563E-01   0.2011217102329218E-03   0.3997954035387685E-06   0.5516778846572021E-04   0.4205734060066259E-03
  0.7212500000000000E+02   0.9707740279982875E+00   0.3945837586201433E-03  -0.1472132465265752E-01   0.2002396725378430E-03   0.3983181946154351E-06   0.5499600774930262E-04   0.4186998797375934E-03
  0.7217500000000001E+02   0.9708187991975679E+00   0.3929266155071833E-03  -0.1469860501692966E-01   0.1993941232134025E-03   0.3969111862788949E-06   0.5482507724997233E-04   0.4169030008940119E-03
  0.7222499999999999E+02   0.9708634241631358E+00   0.3913259162631389E-03  -0.1467596010445982E-01   0.1985772702270745E-03   0.3955590080240329E-06   0.5465498030220567E-04   0.4151664593037290E-03
  0.7227499999999999E+02   0.9709079096681232E+00   0.3897694386794900E-03  -0.1465338647448422E-01   0.1977829087395533E-03   0.3942494101872581E-06   0.5448568780492965E-04   0.4134772654069759E-03
  0.7232500000000000E+02   0.9709522647281771E+00   0.3882487653553753E-03  -0.1463087954825648E-01   0.1970067649255044E-03   0.3929739607174222E-06   0.5431716252172542E-04   0.4118264685505479E-03
  0.7237500000000000E+02   0.9709964993397420E+00   0.3867596237889833E-03  -0.1460843424936054E-01   0.1962466684471580E-03   0.3917284027650738E-06   0.5414936394004943E-04   0.4102095169213571E-03
  0.7242500000000001E+02   0.9710406231756532E+00   0.3853018341524374E-03  -0.1458604566563459E-01   0.1955025258459547E-03   0.3905126160363167E-06   0.5398225322636238E-04   0.4086262012458401E-03
  0.7247499999999999E+02   0.9710846443773248E+00   0.3838788673106228E-03  -0.1456370966203380E-01   0.1947760961690214E-03   0.3893301826215861E-06   0.5381579775044137E-04   0.4070801851178777E-03
  0.7252499999999999E+02   0.9711285685693390E+00   0.3824970756357090E-03  -0.1454142338059838E-01   0.1940706005867129E-03   0.3881876189103865E-06   0.5364997471250484E-04   0.4055781884391760E-03
  0.7257500000000000E+02   0.9711723981806230E+00   0.3811647029702242E-03  -0.1451918558482324E-01   0.1933902199792810E-03   0.3870933800329714E-06   0.5348477357147406E-04   0.4041289368844499E-03
  0.7262500000000000E+02   0.9712161321012893E+00   0.3798907955705046E-03  -0.1449699683368777E-01   0.1927395423199916E-03   0.3860567595874847E-06   0.5332019718429591E-04   0.4027420066797203E-03
  0.7267500000000000E+02   0.9712597656537265E+00   0.3786841220902867E-03  -0.1447485949622818E-01   0.1921230146887548E-03   0.3850867940760414E-06   0.5315626175614121E-04   0.4014266793319599E-03
  0.7272499999999999E+02   0.9713032908248223E+00   0.3775521768937657E-03  -0.1445277763361641E-01   0.1915444376106253E-03   0.3841912477000950E-06   0.5299299581711157E-04   0.4001908850954990E-03
  0.7277499999999999E+02   0.9713466966991270E+00   0.3765003016567591E-03  -0.1443075677930294E-01   0.1910065194538797E-03   0.3833757135195949E-06   0.5283043846294916E-04   0.3990402722220976E-03
  0.7282500000000000E+02   0.9713899700474496E+00   0.3755309292386470E-03  -0.1440880364032393E-01   0.1905104929029839E-03   0.3826428356034665E-06   0.5266863703789003E-04   0.3979774061724374E-03
  0.7287500000000000E+02   0.9714330960530461E+00   0.3746429407884859E-03  -0.1438692572883904E-01   0.1900557889136800E-03   0.3819916435396521E-06   0.5250764433181392E-04   0.3970010891419223E-03
  0.7292499999999998E+02   0.9714760591865641E+00   0.3738311360231917E-03  -0.1436513091824632E-01   0.1896397681077698E-03   0.3814169997742645E-06   0.5234751525537068E-04   0.3961057997437222E-03
  0.7297499999999999E+02   0.9715188442590573E+00   0.3730858462519325E-03  -0.1434342690901313E-01   0.1892575245970041E-03   0.3809091905027513E-06   0.5218830289119114E-04   0.3952812840752488E-03
  0.7302499999999999E+02   0.9715614376781145E+00   0.3723927634017103E-03  -0.1432182059152576E-01   0.1889017993810063E-03   0.3804537356232024E-06   0.5203005383849321E-04   0.3945123756510228E-03
  0.7307500000000000E+02   0.9716038288961707E+00   0.3717331033327913E-03  -0.1430031731150505E-01   0.1885630633048849E-03   0.3800315397050958E-06   0.5187280290486688E-04   0.3937791693660965E-03
  0.7312500000000000E+02   0.9716460119687556E+00   0.3710842485295930E-03  -0.1427892007970666E-01   0.1882298431517764E-03   0.3796195339958426E-06   0.5171656746347748E-04   0.3930577030130994E-03
  0.7317499999999998E+02   0.9716879870420158E+00   0.3704209990584665E-03  -0.1425762881753634E-01   0.1878893562291138E-03   0.3791919437170255E-06   0.5156134215275078E-04   0.3923212827056244E-03
  0.7322499999999999E+02   0.9717297614895778E+00   0.3697174791878431E-03  -0.1423643978055888E-01   0.1875284774705713E-03   0.3787222321416341E-06   0.5140709494952964E-04   0.3915425022507239E-03
  0.7327500000000001E+02   0.9717713503636163E+00   0.3689495950266951E-03  -0.1421534532986402E-01   0.1871349859620980E-03   0.3781856173679943E-06   0.5125376583002891E-04   0.3906958455329068E-03
  0.7332500000000000E+02   0.9718127758647915E+00   0.3680977442380205E-03  -0.1419433420106297E-01   0.1866989392578197E-03   0.3775618578373115E-06   0.5110126906249122E-04   0.3897605552866863E-03
  0.7337500000000000E+02   0.9718540656996622E+00   0.3671493093391005E-03  -0.1417339233753045E-01   0.1862139378696940E-03   0.3768378269688826E-06   0.5094949955274559E-04   0.3887232722054888E-03
  0.7342500000000000E+02   0.9718952504586649E+00   0.3661004068548809E-03  -0.1415250422035907E-01   0.1856780122798590E-03   0.3760093338430562E-06   0.5079834268641890E-04   0.3875798857219193E-03
  0.7347499999999999E+02   0.9719363604271454E+00   0.3649564743228721E-03  -0.1413165448580056E-01   0.1850939204932692E-03   0.3750817567184873E-06   0.5064768610100060E-04   0.3863361540897220E-03
  0.7352500000000001E+02   0.9719774224205106E+00   0.3637315422976636E-03  -0.1411082953039755E-01   0.1844687786378715E-03   0.3740693265523561E-06   0.5049743119990975E-04   0.3850069322010099E-03
  0.7357499999999999E+02   0.9720184572292769E+00   0.3624463654129491E-03  -0.1409001880671812E-01   0.1838131129245022E-03   0.3729932332883737E-06   0.5034750228212605E-04   0.3836141916916270E-03
  0.7362500000000000E+02   0.9720594780718204E+00   0.3611258467759477E-03  -0.1406921560795338E-01   0.1831395532489780E-03   0.3718789966275252E-06   0.5019785188387278E-04   0.3821842933216518E-03
  0.7367500000000000E+02   0.9721004901672063E+00   0.3597962908798722E-03  -0.1404841728440676E-01   0.1824614398857650E-03   0.3707536493955730E-06   0.5004846198893052E-04   0.3807450783425078E-03
  0.7372499999999999E+02   0.9721414912748467E+00   0.3584829503302115E-03  -0.1402762496963184E-01   0.1817915792616249E-03   0.3696432125119061E-06   0.4989934172994137E-04   0.3793232714516210E-03
  0.7377499999999999E+02   0.9721824728877126E+00   0.3572081522889025E-03  -0.1400684297512444E-01   0.1811412938030616E-03   0.3685707580197937E-06   0.4975052276746791E-04   0.3779424979262418E-03
  0.7382500000000000E+02   0.9722234217338331E+00   0.3559900894255369E-03  -0.1398607802869511E-01   0.1805198088449997E-03   0.3675551505431496E-06   0.4960205362570294E-04   0.3766220045687427E-03
  0.7387500000000000E+02   0.9722643213056189E+00   0.3548422053932888E-03  -0.1396533849877157E-01   0.1799339410914038E-03   0.3666103980742694E-06   0.4945399400673151E-04   0.3753760102430960E-03
  0.7392500000000000E+02   0.9723051532454304E+00   0.3537730245415365E-03  -0.1394463369165244E-01   0.1793880123922518E-03   0.3657454595704032E-06   0.4930640969606675E-04   0.3742135267898076E-03
  0.7397499999999999E+02   0.9723458985227476E+00   0.3527862637855898E-03  -0.1392397325449624E-01   0.1788839066242914E-03   0.3649643438015763E-06   0.4915936827875270E-04   0.3731384786518878E-03
  0.7402499999999999E+02   0.9723865384165934E+00   0.3518810984809702E-03  -0.1390336667711933E-01   0.1784212046720134E-03   0.3642663681191594E-06   0.4901293560242337E-04   0.3721499854784259E-03
  0.7407500000000000E+02   0.9724270553577736E+00   0.3510525090806119E-03  -0.1388282286493259E-01   0.1779973603646743E-03   0.3636465020139952E-06   0.4886717277999577E-04   0.3712427301232285E-03
  0.7412500000000000E+02   0.9724674336913280E+00   0.3502916918594241E-03  -0.1386234975237999E-01   0.1776079088814150E-03   0.3630957785069395E-06   0.4872213350876517E-04   0.3704073942572428E-03
  0.7417500000000000E+02   0.9725076603974336E+00   0.3495865616947276E-03  -0.1384195393748677E-01   0.1772467218061754E-03   0.3626018026973851E-06   0.4857786156683877E-04   0.3696311911131136E-03
  0.7422499999999999E+02   0.9725477257678791E+00   0.3489223985514223E-03  -0.1382164033896460E-01   0.1769063350119304E-03   0.3621494115128484E-06   0.4843438849761883E-04   0.3688985499106819E-03
  0.7427499999999999E+02   0.9725876239863210E+00   0.3482826855481951E-03  -0.1380141190212447E-01   0.1765783736417344E-03   0.3617215350746854E-06   0.4829173166747907E-04   0.3681920025292498E-03
  0.7432500000000000E+02   0.9726273535180308E+00   0.3476501527981090E-03  -0.1378126940139079E-01   0.1762540813776141E-03   0.3613002753580082E-06   0.4814989302958309E-04   0.3674932873901251E-03
  0.7437500000000000E+02   0.9726669171952209E+00   0.3470079821788008E-03  -0.1376121139715747E-01   0.1759249312584787E-03   0.3608681565091830E-06   0.4800885899003012E-04   0.3667846231190456E-03
  0.7442500000000000E+02   0.9727063219016947E+00   0.3463410582711322E-03  -0.1374123439577180E-01   0.1755832598653496E-03   0.3604094281819583E-06   0.4786860170184763E-04   0.3660500306829488E-03
  0.7447499999999999E+02   0.9727455778205266E+00   0.3456370934688274E-03  -0.1372133323103375E-01   0.1752228376799071E-03   0.3599112430195480E-06   0.4772908189303559E-04   0.3652765222403029E-03
  0.7452500000000001E+02   0.9727846972999736E+00   0.3448874363402237E-03  -0.1370150163921113E-01   0.1748392788356774E-03   0.3593645087436229E-06   0.4759025300839555E-04   0.3644549549947601E-03
  0.7457500000000000E+02   0.9728236934890556E+00   0.3440874077406197E-03  -0.1368173295079123E-01   0.1744302114418067E-03   0.3587642511845099E-06   0.4745206610848689E-04   0.3635803858182210E-03
  0.7462500000000000E+02   0.9728625789615228E+00   0.3432360951766853E-03  -0.1366202078808543E-01   0.1739951732624812E-03   0.3581094134594015E-06   0.4731447474171183E-04   0.3626518533272729E-03
  0.7467499999999998E+02   0.9729013645597644E+00   0.3423356477712718E-03  -0.1364235965130334E-01   0.1735352542361052E-03   0.3574021328947421E-06   0.4717743897453361E-04   0.3616716322957250E-03
  0.7472499999999999E+02   0.9729400586436946E+00   0.3413902164213733E-03  -0.1362274529930352E-01   0.1730525591473436E-03   0.3566466443411296E-06   0.4704092794298504E-04   0.3606441133030010E-03
  0.7477500000000001E+02   0.9729786668410784E+00   0.3404047464641585E-03  -0.1360317487613472E-01   0.1725495955552233E-03   0.3558480248983702E-06   0.4690492061061033E-04   0.3595745267434016E-03
  0.7482500000000000E+02   0.9730171922945837E+00   0.3393838411610488E-03  -0.1358364678577206E-01   0.1720286976463690E-03   0.3550110077139891E-06   0.4676940477765682E-04   0.3584677418732606E-03
  0.7487499999999999E+02   0.9730556363142175E+00   0.3383308804967440E-03  -0.1356416036136476E-01   0.1714915795337921E-03   0.3541390583265219E-06   0.4663437468819975E-04   0.3573273357810322E-03
  0.7492500000000000E+02   0.9730939992866181E+00   0.3372475189951924E-03  -0.1354471540429802E-01   0.1709390806971109E-03   0.3532338443598462E-06   0.4649982777542596E-04   0.3561550628810863E-03
  0.7497499999999999E+02   0.9731322816666642E+00   0.3361336163037812E-03  -0.1352531168154825E-01   0.1703711307974641E-03   0.3522951567365036E-06   0.4636576116679652E-04   0.3549507816009864E-03
  0.7502500000000001E+02   0.9731704848765612E+00   0.3349875862766639E-03  -0.1350594846995568E-01   0.1697869266201356E-03   0.3513212695322662E-06   0.4623216856153199E-04   0.3537128230725219E-03
  0.7507500000000000E+02   0.9732086119575767E+00   0.3338070885512794E-03  -0.1348662422588687E-01   0.1691852826067068E-03   0.3503096607236747E-06   0.4609903801314800E-04   0.3524387214475941E-03
  0.7512499999999999E+02   0.9732466678583529E+00   0.3325899335360714E-03  -0.1346733643911091E-01   0.1685650895407701E-03   0.3492579599243440E-06   0.4596635100624793E-04   0.3511261694469141E-03
  0.7517500000000000E+02   0.9732846593016525E+00   0.3313350328452677E-03  -0.1344808170034684E-01   0.1679257962502024E-03   0.3481649476372707E-06   0.4583408300910269E-04   0.3497740217455793E-03
  0.7522499999999999E+02   0.9733225942456336E+00   0.3300432125787183E-03  -0.1342885597431054E-01   0.1672678217771410E-03   0.3470314142337257E-06   0.4570220542305672E-04   0.3483831534041450E-03
  0.7527500000000001E+02   0.9733604810351079E+00   0.3287177268536311E-03  -0.1340965502987301E-01   0.1665928156146634E-03   0.3458607069161321E-06   0.4557068857652468E-04   0.3469570017350100E-03
  0.7532500000000000E+02   0.9733983274033914E+00   0.3273643666842954E-03  -0.1339047494592205E-01   0.1659037128525350E-03   0.3446588527652818E-06   0.4543950519242397E-04   0.3455016809398364E-03
  0.7537499999999999E+02   0.9734361395156106E+00   0.3259911442741062E-03  -0.1337131259619162E-01   0.1652045741402025E-03   0.3434342349128473E-06   0.4530863366365978E-04   0.3440256485719953E-03
  0.7542500000000000E+02   0.9734739212281744E+00   0.3246076220846390E-03  -0.1335216602452050E-01   0.1645002456330869E-03   0.3421968929151938E-06   0.4517806053866740E-04   0.3425389971398667E-03
  0.7547500000000001E+02   0.9735116736814937E+00   0.3232240231115522E-03  -0.1333303465120861E-01   0.1637959080738509E-03   0.3409575895369335E-06   0.4504778182743724E-04   0.3410525149308305E-03
  0.7552499999999999E+02   0.9735493952641096E+00   0.3218502855368912E-03  -0.1331391929114067E-01   0.1630965977069759E-03   0.3397268151329492E-06   0.4491780301571647E-04   0.3395766883179452E-03
  0.7557500000000000E+02   0.9735870819121519E+00   0.3204952094520858E-03  -0.1329482200197607E-01   0.1624067738766481E-03   0.3385138853712029E-06   0.4478813793085601E-04   0.3381208014313284E-03
  0.7562500000000000E+02   0.9736247276584615E+00   0.3191657988707306E-03  -0.1327574580582558E-01   0.1617299856135507E-03   0.3373262418426888E-06   0.4465880676930197E-04   0.3366922420953901E-03
  0.7567500000000000E+02   0.9736623253278006E+00   0.3178668489026894E-03  -0.1325669433691390E-01   0.1610686624770586E-03   0.3361690092481873E-06   0.4452983365125059E-04   0.3352960666023484E-03
  0.7572499999999999E+02   0.9736998672826875E+00   0.3166007832133578E-03  -0.1323767146361043E-01   0.1604240322403442E-03   0.3350448157652512E-06   0.4440124403407609E-04   0.3339348286532623E-03
  0.7577499999999999E+02   0.9737373461458528E+00   0.3153677196508892E-03  -0.1321868092233136E-01   0.1597961542004358E-03   0.3339538543757239E-06   0.4427306223781577E-04   0.3326086490468105E-03
  0.7582500000000000E+02   0.9737747554472742E+00   0.3141657317687544E-03  -0.1319972598968311E-01   0.1591840517493968E-03   0.3328941520489935E-06   0.4414530925770083E-04   0.3313154919842485E-03
  0.7587500000000000E+02   0.9738120901578218E+00   0.3129912740049449E-03  -0.1318080921208353E-01   0.1585859278613339E-03   0.3318620135344759E-06   0.4401800098874669E-04   0.3300516139060069E-03
  0.7592500000000000E+02   0.9738493470758973E+00   0.3118397392818698E-03  -0.1316193220988748E-01   0.1579994476602386E-03   0.3308526074050466E-06   0.4389114697118369E-04   0.3288121518513324E-03
  0.7597499999999999E+02   0.9738865250323441E+00   0.3107061121740677E-03  -0.1314309557360238E-01   0.1574220693904265E-03   0.3298606558607696E-06   0.4376474976776968E-04   0.3275918124321054E-03
  0.7602500000000001E+02   0.9739236248806902E+00   0.3095856657854233E-03  -0.1312429886887423E-01   0.1568513975116552E-03   0.3288811736614170E-06   0.4363880507607995E-04   0.3263856067156137E-03
  0.7607499999999999E+02   0.9739606492532706E+00   0.3084746300366754E-03  -0.1310554076008985E-01   0.1562855212877867E-03   0.3279101795438038E-06   0.4351330263118546E-04   0.3251895547872179E-03
  0.7612500000000000E+02   0.9739976020934249E+00   0.3073707433959117E-03  -0.1308681924742272E-01   0.1557232943031139E-03   0.3269452864166339E-06   0.4338822785265721E-04   0.3240012672745011E-03
  0.7617500000000000E+02   0.9740344880158459E+00   0.3062736017242722E-03  -0.1306813199093049E-01   0.1551645111744723E-03   0.3259860778860506E-06   0.4326356404906379E-04   0.3228203128707345E-03
  0.7622499999999999E+02   0.9740713115881120E+00   0.3051847448825965E-03  -0.1304947667456546E-01   0.1546099513956920E-03   0.3250342069175982E-06   0.4313929485834696E-04   0.3216483093520823E-03
  0.7627500000000001E+02   0.9741080766491828E+00   0.3041074712050434E-03  -0.1303085135144044E-01   0.1540612853104135E-03   0.3240932048253289E-06   0.4301540653163249E-04   0.3204887277308804E-03
  0.7632499999999999E+02   0.9741447857727707E+00   0.3030464270596217E-03  -0.1301225471567935E-01   0.1535208661442515E-03   0.3231680496329394E-06   0.4289188970128754E-04   0.3193464593858791E-03
  0.7637500000000000E+02   0.9741814399453391E+00   0.3020070630235848E-03  -0.1299368626552122E-01   0.1529914544725140E-03   0.3222645903949393E-06   0.4276874040804191E-04   0.3182272426943949E-03
  0.7642500000000000E+02   0.9742180384737366E+00   0.3009950641431054E-03  -0.1297514635008012E-01   0.1524759295726220E-03   0.3213889415936203E-06   0.4264596034865984E-04   0.3171370624662742E-03
  0.7647499999999999E+02   0.9742545790861217E+00   0.3000158463826184E-03  -0.1295663611817910E-01   0.1519770343233570E-03   0.3205469459040622E-06   0.4252355647731207E-04   0.3160816192581482E-03
  0.7652500000000001E+02   0.9742910581578567E+00   0.2990741743825473E-03  -0.1293815740387738E-01   0.1514971815727051E-03   0.3197437645815417E-06   0.4240154019765741E-04   0.3150659266436601E-03
  0.7657500000000000E+02   0.9743274709872556E+00   0.2981739126541947E-03  -0.1291971258674607E-01   0.1510383281159379E-03   0.3189836090354717E-06   0.4227992640085374E-04   0.3140940491983261E-03
  0.7662499999999999E+02   0.9743638120603242E+00   0.2973178869019719E-03  -0.1290130445772664E-01   0.1506019044724991E-03   0.3182695892812075E-06   0.4215873255291201E-04   0.3131689566116069E-03
  0.7667500000000000E+02   0.9744000752698280E+00   0.2965078112874347E-03  -0.1288293610813462E-01   0.1501887780758270E-03   0.3176036324690343E-06   0.4203797794450036E-04   0.3122924473487352E-03
  0.7672499999999999E+02   0.9744362540833967E+00   0.2957442318397360E-03  -0.1286461084448787E-01   0.1497992246497936E-03   0.3169864184320831E-06   0.4191768311720063E-04   0.3114650893853992E-03
  0.7677500000000001E+02   0.9744723416823388E+00   0.2950264433249162E-03  -0.1284633211818220E-01   0.1494328861472846E-03   0.3164172865433660E-06   0.4179786939091680E-04   0.3106861330375217E-03
  0.7682499999999999E+02   0.9745083311147000E+00   0.2943523541687881E-03  -0.1282810344796526E-01   0.1490887023814664E-03   0.3158940864839867E-06   0.4167855834627411E-04   0.3099533691196950E-03
  0.7687499999999999E+02   0.9745442155209934E+00   0.2937183006484763E-03  -0.1280992830561545E-01   0.1487648169639443E-03   0.3154129739708273E-06   0.4155977106929645E-04   0.3092629337015891E-03
  0.7692500000000000E+02   0.9745799884949863E+00   0.2931188478003479E-03  -0.1279180993323126E-01   0.1484584765147274E-03   0.3149681914314921E-06   0.4144152695619296E-04   0.3086090988759986E-03
  0.7697500000000001E+02   0.9746156446271823E+00   0.2925466586279011E-03  -0.1277375106800605E-01   0.1481659644607228E-03   0.3145519212757293E-06   0.4132384192871592E-04   0.3079841354033738E-03
  0.7702500000000001E+02   0.9746511802346010E+00   0.2919925563835128E-03  -0.1275575357266634E-01   0.1478826326110197E-03   0.3141543463311450E-06   0.4120672605889301E-04   0.3073783785417942E-03
  0.7707499999999999E+02   0.9746865942004694E+00   0.2914459260922869E-03  -0.1273781801025831E-01   0.1476031045293879E-03   0.3137640757343461E-06   0.4109018086571822E-04   0.3067806508662318E-03
  0.7712500000000000E+02   0.9747218887415606E+00   0.2908955695260753E-03  -0.1271994325558945E-01   0.1473217085359312E-03   0.3133690609506057E-06   0.4097419688977671E-04   0.3061791622206966E-03
  0.7717500000000000E+02   0.9747570698290500E+00   0.2903310156004254E-03  -0.1270212628214651E-01   0.1470331413290348E-03   0.3129580062482892E-06   0.4085875244171650E-04   0.3055628888136371E-03
  0.7722500000000001E+02   0.9747921469776968E+00   0.2897441037213540E-03  -0.1268436226890979E-01   0.1467332698118725E-03   0.3125220790211632E-06   0.4074381443950626E-04   0.3049232393655607E-03
  0.7727499999999999E+02   0.9748271322454973E+00   0.2891304699629977E-03  -0.1266664510699345E-01   0.1464198836847407E-03   0.3120565218149713E-06   0.4062934181566748E-04   0.3042556187856542E-03
  0.7732499999999999E+02   0.9748620385408671E+00   0.2884904891729774E-03  -0.1264896825694151E-01   0.1460931724878433E-03   0.3115616829376090E-06   0.4051529113518741E-04   0.3035604191196804E-03
  0.7737500000000000E+02   0.9748968776070567E+00   0.2878293444942248E-03  -0.1263132576944770E-01   0.1457557607438415E-03   0.3110431080002952E-06   0.4040162318471504E-04   0.3028430921740433E-03
  0.7742500000000000E+02   0.9749316581887267E+00   0.2871561796411358E-03  -0.1261371321379112E-01   0.1454122786005998E-03   0.3105106398653820E-06   0.4028830887820989E-04   0.3021132569669942E-03
  0.7747499999999999E+02   0.9749663847985878E+00   0.2864825914060349E-03  -0.1259612830236179E-01   0.1450685983808667E-03   0.3099768011649144E-06   0.4017533313718533E-04   0.3013831130947273E-03
  0.7752500000000001E+02   0.9750010572503708E+00   0.2858208783775342E-03  -0.1257857112709060E-01   0.1447309477088137E-03   0.3094549066065499E-06   0.4006269624157141E-04   0.3006655978446410E-03
  0.7757499999999999E+02   0.9750356708609446E+00   0.2851824175929622E-03  -0.1256104405701419E-01   0.1444050874621502E-03   0.3089573066369844E-06   0.3995041300514675E-04   0.2999726782501945E-03
  0.7762500000000000E+02   0.9750702170806395E+00   0.2845763612899432E-03  -0.1254355141900243E-01   0.1440956518633745E-03   0.3084939714269725E-06   0.3983851058407315E-04   0.2993139802914420E-03
  0.7767500000000000E+02   0.9751046843223631E+00   0.2840086526470848E-03  -0.1252609907783986E-01   0.1438056501452145E-03   0.3080714155327946E-06   0.3972702567353621E-04   0.2986957540497906E-03
  0.7772499999999999E+02   0.9751390588795306E+00   0.2834812451346453E-03  -0.1250869397136745E-01   0.1435360713577896E-03   0.3076918395347906E-06   0.3961600144929396E-04   0.2981200533788087E-03
  0.7777499999999999E+02   0.9751733259743224E+00   0.2829914095760607E-03  -0.1249134357967951E-01   0.1432855336184562E-03   0.3073523637371411E-06   0.3950548411871242E-04   0.2975840080788281E-03
  0.7782499999999999E+02   0.9752074710934696E+00   0.2825311199126180E-03  -0.1247405524879275E-01   0.1430499732256642E-03   0.3070443445301792E-06   0.3939551857905714E-04   0.2970791789548589E-03
  0.7787500000000000E+02   0.9752414817900211E+00   0.2820866949345278E-03  -0.1245683527843844E-01   0.1428224633674935E-03   0.3067529665228692E-06   0.3928614262496046E-04   0.2965911819782448E-03
  0.7792500000000000E+02   0.9752753499987344E+00   0.2816390813245646E-03  -0.1243968774985693E-01   0.1425933575048463E-03   0.3064575309566854E-06   0.3917737958053570E-04   0.2960999865171520E-03
  0.7797499999999999E+02   0.9753090745951596E+00   0.2811652777889971E-03  -0.1242261323024929E-01   0.1423510104401315E-03   0.3061329876474672E-06   0.3906923025457692E-04   0.2955814128708264E-03
  0.7802499999999999E+02   0.9753426634869266E+00   0.2806412482419513E-03  -0.1240560771408927E-01   0.1420832532232043E-03   0.3057530950977641E-06   0.3896166651432763E-04   0.2950101947503842E-03
  0.7807500000000000E+02   0.9753761342026770E+00   0.2800461274507613E-03  -0.1238866232504710E-01   0.1417795223524111E-03   0.3052950017115355E-06   0.3885462975986583E-04   0.2943643999551981E-03
  0.7812500000000000E+02   0.9754095121089379E+00   0.2793667124959476E-03  -0.1237176421880837E-01   0.1414331336299710E-03   0.3047441563106998E-06   0.3874803698910513E-04   0.2936301510982848E-03
  0.7817500000000000E+02   0.9754428262301532E+00   0.2786006517726285E-03  -0.1235489869930917E-01   0.1410428965858901E-03   0.3040978156876911E-06   0.3864179440052176E-04   0.2928049770055665E-03
  0.7822500000000001E+02   0.9754761038240795E+00   0.2777569693163467E-03  -0.1233805196504500E-01   0.1406133798456901E-03   0.3033656550010262E-06   0.3853581474510428E-04   0.2918983631538702E-03
  0.7827499999999999E+02   0.9755093655728958E+00   0.2768536646779771E-03  -0.1232121354361659E-01   0.1401536959557869E-03   0.3025671841359378E-06   0.3843003247138470E-04   0.2909292283464237E-03
  0.7832500000000000E+02   0.9755426229242319E+00   0.2759134236401901E-03  -0.1230437763781211E-01   0.1396753298249472E-03   0.3017270880270886E-06   0.3832441185516759E-04   0.2899214160072140E-03
  0.7837499999999999E+02   0.9755758780093472E+00   0.2749590933992086E-03  -0.1228754316695946E-01   0.1391898479648752E-03   0.3008702913513422E-06   0.3821894688832546E-04   0.2888989382615894E-03
  0.7842500000000000E+02   0.9756091254898465E+00   0.2740102526630977E-03  -0.1227071283194037E-01   0.1387071620852301E-03   0.3000182033138896E-06   0.3811365510664473E-04   0.2878823711538599E-03
  0.7847500000000001E+02   0.9756423552366810E+00   0.2730813889230702E-03  -0.1225389175887537E-01   0.1382346063652658E-03   0.2991867091403513E-06   0.3800856889738883E-04   0.2868869392919107E-03
  0.7852499999999999E+02   0.9756755549241494E+00   0.2721814872485508E-03  -0.1223708618587194E-01   0.1377767293355622E-03   0.2983857015789867E-06   0.3790372719799187E-04   0.2859220841435670E-03
  0.7857499999999999E+02   0.9757087120671581E+00   0.2713145240516632E-03  -0.1222030243165573E-01   0.1373355439069909E-03   0.2976196035309596E-06   0.3779916905020633E-04   0.2849919834600173E-03
  0.7862500000000000E+02   0.9757418154165203E+00   0.2704803868556159E-03  -0.1220354618922614E-01   0.1369109930553720E-03   0.2968883603937813E-06   0.3769492924277530E-04   0.2840965183331046E-03
  0.7867500000000000E+02   0.9757748558266096E+00   0.2696759186773991E-03  -0.1218682208665423E-01   0.1365014785726294E-03   0.2961885731030590E-06   0.3759103565249577E-04   0.2832323710535702E-03
  0.7872500000000001E+02   0.9758078267433048E+00   0.2688959614883222E-03  -0.1217013344012041E-01   0.1361043893240205E-03   0.2955146344767004E-06   0.3748750779859528E-04   0.2823941217753030E-03
  0.7877499999999999E+02   0.9758407244024848E+00   0.2681343752823021E-03  -0.1215348215348500E-01   0.1357166171253149E-03   0.2948598430328444E-06   0.3738435631497845E-04   0.2815753192833837E-03
  0.7882499999999999E+02   0.9758735477538663E+00   0.2673850251432943E-03  -0.1213686875688913E-01   0.1353350563892497E-03   0.2942174857906786E-06   0.3728158328482687E-04   0.2807695178795410E-03
  0.7887500000000000E+02   0.9759062980869359E+00   0.2666426825454173E-03  -0.1212029259613601E-01   0.1349570603318450E-03   0.2935818307068589E-06   0.3717918349984676E-04   0.2799712239611988E-03
  0.7892500000000000E+02   0.9759389783631112E+00   0.2659037271660784E-03  -0.1210375217075454E-01   0.1345807961870298E-03   0.2929489030528033E-06   0.3707714661835468E-04   0.2791766329390195E-03
  0.7897500000000001E+02   0.9759715923398664E+00   0.2651665171302936E-03  -0.1208724557734120E-01   0.1342054325866348E-03   0.2923168991653562E-06   0.3697545994184018E-04   0.2783840178770271E-03
  0.7902499999999999E+02   0.9760041436581210E+00   0.2644313509079031E-03  -0.1207077097147802E-01   0.1338311202554110E-03   0.2916861512760439E-06   0.3687411126856805E-04   0.2775936893204983E-03
  0.7907499999999999E+02   0.9760366350930983E+00   0.2637000553603647E-03  -0.1205432694689879E-01   0.1334587834903099E-03   0.2910586795222355E-06   0.3677309120283355E-04   0.2768075626096322E-03
  0.7912500000000000E+02   0.9760690681148935E+00   0.2629753419080525E-03  -0.1203791275788990E-01   0.1330897942866140E-03   0.2904374861370822E-06   0.3667239447642566E-04   0.2760284817980638E-03
  0.7917500000000001E+02   0.9761014427971070E+00   0.2622601185106320E-03  -0.1202152836552239E-01   0.1327256241103907E-03   0.2898257981306567E-06   0.3657202017951838E-04   0.2752594972657295E-03
  0.7922499999999999E+02   0.9761337580094815E+00   0.2615569147117709E-03  -0.1200517434014325E-01   0.1323675529054940E-03   0.2892264321487839E-06   0.3647197111506664E-04   0.2745032621206667E-03
  0.7927499999999999E+02   0.9761660117780516E+00   0.2608675019119610E-03  -0.1198885167909070E-01   0.1320164769169337E-03   0.2886413729767130E-06   0.3637225264781715E-04   0.2737616336265808E-03
  0.7932500000000000E+02   0.9761982016995087E+00   0.2601927171186975E-03  -0.1197256159697668E-01   0.1316728195014778E-03   0.2880715757664527E-06   0.3627287140256350E-04   0.2730354882815770E-03
  0.7937500000000000E+02   0.9762303253317322E+00   0.2595324544940425E-03  -0.1195630532804093E-01   0.1313365268629188E-03   0.2875169534400137E-06   0.3617383405231022E-04   0.2723247130538337E-03
  0.7942500000000000E+02   0.9762623805209615E+00   0.2588857780802293E-03  -0.1194008396057866E-01   0.1310071251134027E-03   0.2869764983946292E-06   0.3607514631546834E-04   0.2716283238001197E-03
  0.7947499999999998E+02   0.9762943656504395E+00   0.2582511177628122E-03  -0.1192389831111684E-01   0.1306838194555019E-03   0.2864484970054060E-06   0.3597681220536826E-04   0.2709446710108579E-03
  0.7952499999999999E+02   0.9763262798025889E+00   0.2576265222269969E-03  -0.1190774884235413E-01   0.1303656222003373E-03   0.2859308081946940E-06   0.3587883355311559E-04   0.2702717053129424E-03
  0.7957500000000000E+02   0.9763581228242151E+00   0.2570099460714558E-03  -0.1189163563017681E-01   0.1300514980638620E-03   0.2854211809806764E-06   0.3578120983255236E-04   0.2696072787535036E-03
  0.7962500000000000E+02   0.9763898952832384E+00   0.2563995408467715E-03  -0.1187555838556509E-01   0.1297405114419882E-03   0.2849175775737977E-06   0.3568393831855828E-04   0.2689494501419007E-03
  0.7967500000000000E+02   0.9764215983152263E+00   0.2557939078749105E-03  -0.1185951653226092E-01   0.1294319543397503E-03   0.2844184551802236E-06   0.3558701457935277E-04   0.2682967502455242E-03
  0.7972499999999999E+02   0.9764532333799805E+00   0.2551922658354507E-03  -0.1184350932994560E-01   0.1291254311664788E-03   0.2839229540201186E-06   0.3549043323624081E-04   0.2676483575374403E-03
  0.7977499999999999E+02   0.9764848019741617E+00   0.2545944978388995E-03  -0.1182753601965747E-01   0.1288208825478687E-03   0.2834309518728475E-06   0.3539418884700124E-04   0.2670041475119305E-03
  0.7982500000000000E+02   0.9765163053612970E+00   0.2540010710403226E-03  -0.1181159596040937E-01   0.1285185446429031E-03   0.2829429768284170E-06   0.3529827672491470E-04   0.2663646083067567E-03
  0.7987500000000000E+02   0.9765477443753846E+00   0.2534128555186176E-03  -0.1179568872856052E-01   0.1282188574914091E-03   0.2824600074192300E-06   0.3520269352416899E-04   0.2657306506864798E-03
  0.7992500000000000E+02   0.9765791193302314E+00   0.2528308926963978E-03  -0.1177981416368623E-01   0.1279223478330547E-03   0.2819832157201085E-06   0.3510743749807438E-04   0.2651033651326509E-03
  0.7997499999999999E+02   0.9766104300356327E+00   0.2522561678549783E-03  -0.1176397236038507E-01   0.1276295140025849E-03   0.2815137140583428E-06   0.3501250843164892E-04   0.2644837832633820E-03
  0.8002499999999999E+02   0.9766416758972505E+00   0.2516894285613582E-03  -0.1174816361773801E-01   0.1273407340596143E-03   0.2810523520521029E-06   0.3491790732308585E-04   0.2638726874342552E-03
  0.8007500000000000E+02   0.9766728560663883E+00   0.2511310709964650E-03  -0.1173238836352208E-01   0.1270562082777436E-03   0.2805995887701859E-06   0.3482363591932184E-04   0.2632704915695526E-03
  0.8012500000000000E+02   0.9767039696068692E+00   0.2505810989914888E-03  -0.1171664706977493E-01   0.1267759384231884E-03   0.2801554457151205E-06   0.3472969620620216E-04   0.2626771982484077E-03
  0.8017500000000000E+02   0.9767350156522974E+00   0.2500391502281120E-03  -0.1170094017322776E-01   0.1264997410156084E-03   0.2797195347771492E-06   0.3463608993397741E-04   0.2620924262145697E-03
  0.8022499999999999E+02   0.9767659935324112E+00   0.2495045789015152E-03  -0.1168526801137904E-01   0.1262272891548822E-03   0.2792911495030916E-06   0.3454281824149840E-04   0.2615154970733675E-03
  0.8027500000000001E+02   0.9767969028503427E+00   0.2489765798768082E-03  -0.1166963078340821E-01   0.1259581753387592E-03   0.2788694031847506E-06   0.3444988143230982E-04   0.2609455654701579E-03
  0.8032499999999999E+02   0.9768277434958762E+00   0.2484543328551638E-03  -0.1165402854347053E-01   0.1256919844014822E-03   0.2784533898886969E-06   0.3435727894522327E-04   0.2603817702237216E-03
  0.8037500000000000E+02   0.9768585155873964E+00   0.2479371369059043E-03  -0.1163846123006673E-01   0.1254283615763088E-03   0.2780423352804888E-06   0.3426500953844370E-04   0.2598233753442339E-03
  0.8042500000000000E+02   0.9768892193494250E+00   0.2474245003609111E-03  -0.1162292872799942E-01   0.1251670579743852E-03   0.2776356979187752E-06   0.3417307166347120E-04   0.2592698642570810E-03
  0.8047499999999999E+02   0.9769198549512793E+00   0.2469161541122006E-03  -0.1160743094999339E-01   0.1249079373135737E-03   0.2772331849199566E-06   0.3408146394964041E-04   0.2587209537523879E-03
  0.8052499999999999E+02   0.9769504223490871E+00   0.2464119704789227E-03  -0.1159196791661865E-01   0.1246509348773359E-03   0.2768346615872487E-06   0.3399018567169849E-04   0.2581765089879164E-03
  0.8057499999999999E+02   0.9769809211813613E+00   0.2459117924212197E-03  -0.1157653980911655E-01   0.1243959711224020E-03   0.2764399599180660E-06   0.3389923705114207E-04   0.2576363645674057E-03
  0.8062500000000000E+02   0.9770113507645068E+00   0.2454152028700357E-03  -0.1156114697167521E-01   0.1241428349958857E-03   0.2760486190413942E-06   0.3380861925588491E-04   0.2571000828975660E-03
  0.8067500000000001E+02   0.9770417102201149E+00   0.2449212860936723E-03  -0.1154578984704080E-01   0.1238910632267790E-03   0.2756596157326595E-06   0.3371833400811146E-04   0.2565667042240162E-03
  0.8072499999999999E+02   0.9770719987423325E+00   0.2444284502535254E-03  -0.1153046884127729E-01   0.1236398505713154E-03   0.2752711628453964E-06   0.3362838278164439E-04   0.2560345607816509E-03
  0.8077499999999999E+02   0.9771022159792970E+00   0.2439343903532574E-03  -0.1151518413083186E-01   0.1233880310739864E-03   0.2748806652071238E-06   0.3353876567227601E-04   0.2555012380054750E-03
  0.8082500000000000E+02   0.9771323624551822E+00   0.2434362646677008E-03  -0.1149993544906358E-01   0.1231341673094837E-03   0.2744849160661932E-06   0.3344948016382272E-04   0.2549637593241568E-03
  0.8087500000000000E+02   0.9771624399065818E+00   0.2429311184442835E-03  -0.1148472191610461E-01   0.1228767646946100E-03   0.2740805732496115E-06   0.3336052016507930E-04   0.2544190298968245E-03
  0.8092500000000001E+02   0.9771924513777986E+00   0.2424165045345598E-03  -0.1146954199067030E-01   0.1226145854032309E-03   0.2736648593992151E-06   0.3327187577221090E-04   0.2538644865429093E-03
  0.8097499999999999E+02   0.9772224009572174E+00   0.2418911411688589E-03  -0.1145439360341038E-01   0.1223469810616991E-03   0.2732363067474212E-06   0.3318353409196038E-04   0.2532987865148077E-03
  0.8102499999999999E+02   0.9772522931605959E+00   0.2413553754918765E-03  -0.1143927446884252E-01   0.1220741271924369E-03   0.2727952850853417E-06   0.3309548109124836E-04   0.2527222928133308E-03
  0.8107500000000000E+02   0.9772821321292944E+00   0.2408112590314339E-03  -0.1142418249088328E-01   0.1217970613716803E-03   0.2723440927660987E-06   0.3300770396364720E-04   0.2521371531007493E-03
  0.8112500000000000E+02   0.9773119209090455E+00   0.2402621950186745E-03  -0.1140911612763218E-01   0.1215175048335230E-03   0.2718865635007298E-06   0.3292019322702804E-04   0.2515469302826537E-03
  0.8117500000000000E+02   0.9773416610330892E+00   0.2397122993072241E-03  -0.1139407460220521E-01   0.1212375392200733E-03   0.2714273473782754E-06   0.3283294390326765E-04   0.2509559332309921E-03
  0.8122499999999999E+02   0.9773713524810095E+00   0.2391657103308300E-03  -0.1137905792353788E-01   0.1209592575636196E-03   0.2709711314862234E-06   0.3274595558710672E-04   0.2503684942086168E-03
  0.8127499999999999E+02   0.9774009939278773E+00   0.2386260460522980E-03  -0.1136406676035528E-01   0.1206844896231661E-03   0.2705220243132737E-06   0.3265923167035438E-04   0.2497884002762333E-03
  0.8132500000000000E+02   0.9774305831245632E+00   0.2380960904411978E-03  -0.1134910224880215E-01   0.1204146433198893E-03   0.2700831982828126E-06   0.3257277819649212E-04   0.2492185650920598E-03
  0.8137500000000000E+02   0.9774601172689887E+00   0.2375776827522970E-03  -0.1133416580466018E-01   0.1201506487506256E-03   0.2696567611925721E-06   0.3248660275714822E-04   0.2486609130989449E-03
  0.8142499999999998E+02   0.9774895932946260E+00   0.2370717272567959E-03  -0.1131925897742470E-01   0.1198929631276102E-03   0.2692437640132105E-06   0.3240071364207601E-04   0.2481163898614337E-03
  0.8147499999999999E+02   0.9775190080694087E+00   0.2365782383857485E-03  -0.1130438334969863E-01   0.1196415936318576E-03   0.2688442489811492E-06   0.3231511925754198E-04   0.2475850095047944E-03
  0.8152499999999999E+02   0.9775483585429363E+00   0.2360963640183834E-03  -0.1128954046274644E-01   0.1193961092152720E-03   0.2684572730321714E-06   0.3222982769888266E-04   0.2470658792922496E-03
  0.8157500000000000E+02   0.9775776419006802E+00   0.2356243688823144E-03  -0.1127473173851534E-01   0.1191556322296800E-03   0.2680808859465125E-06   0.3214484630500398E-04   0.2465571824501007E-03
  0.8162500000000000E+02   0.9776068557845308E+00   0.2351596027591131E-03  -0.1125995836811733E-01   0.1189188223686127E-03   0.2677120911190157E-06   0.3206018102393236E-04   0.2460561450658855E-03
  0.8167499999999998E+02   0.9776359986176711E+00   0.2346985213866819E-03  -0.1124522114756066E-01   0.1186838872521435E-03   0.2673468662124705E-06   0.3197583548338828E-04   0.2455590580804013E-03
  0.8172499999999999E+02   0.9776650700204660E+00   0.2342368618267256E-03  -0.1123052026746207E-01   0.1184486711149734E-03   0.2669803599413048E-06   0.3189180981065155E-04   0.2450614608290694E-03
  0.8177500000000001E+02   0.9776940712207471E+00   0.2337700728298388E-03  -0.1121585510559608E-01   0.1182108724320231E-03   0.2666073803888223E-06   0.3180809948572266E-04   0.2445585912867767E-03
  0.8182500000000000E+02   0.9777230052728506E+00   0.2332940290404509E-03  -0.1120122411615254E-01   0.1179684050639721E-03   0.2662232090112973E-06   0.3172469476298583E-04   0.2440461331708171E-03
  0.8187500000000000E+02   0.9777518768729981E+00   0.2328059064799704E-03  -0.1118662492310563E-01   0.1177198409466632E-03   0.2658246017653745E-06   0.3164158126330931E-04   0.2435211316828627E-03
  0.8192500000000000E+02   0.9777806916689514E+00   0.2323049315283814E-03  -0.1117205466930293E-01   0.1174647888064545E-03   0.2654106493494800E-06   0.3155874201023505E-04   0.2429827768631729E-03
  0.8197499999999999E+02   0.9778094552009946E+00   0.2317926718617477E-03  -0.1115751055196768E-01   0.1172040412579426E-03   0.2649831169213395E-06   0.3147616049375524E-04   0.2424327077803734E-03
  0.8202500000000001E+02   0.9778381718336873E+00   0.2312727060409670E-03  -0.1114299036285715E-01   0.1169394077136752E-03   0.2645460742610286E-06   0.3139382371754527E-04   0.2418746667829468E-03
  0.8207499999999999E+02   0.9778668440609323E+00   0.2307498055463030E-03  -0.1112849283964534E-01   0.1166733007652959E-03   0.2641049665025137E-06   0.3131172413938494E-04   0.2413136438093691E-03
  0.8212500000000000E+02   0.9778954723602684E+00   0.2302289748431407E-03  -0.1111401773958320E-01   0.1164082507858380E-03   0.2636655188633038E-06   0.3122986002272215E-04   0.2407548722662900E-03
  0.8217500000000000E+02   0.9779240554992558E+00   0.2297146825829290E-03  -0.1109956568455828E-01   0.1161465171880257E-03   0.2632328564177542E-06   0.3114823450116239E-04   0.2402030248990753E-03
  0.8222499999999999E+02   0.9779525910444085E+00   0.2292104367077323E-03  -0.1108513790373689E-01   0.1158898735841936E-03   0.2628110150219521E-06   0.3106685408340483E-04   0.2396617694317920E-03
  0.8227499999999999E+02   0.9779810758400954E+00   0.2287186643689787E-03  -0.1107073599139552E-01   0.1156395470803808E-03   0.2624028002136731E-06   0.3098572726452158E-04   0.2391336430746157E-03
  0.8232500000000000E+02   0.9780095063358157E+00   0.2282407557565858E-03  -0.1105636174142466E-01   0.1153962404563791E-03   0.2620098338045326E-06   0.3090486358400470E-04   0.2386200985155305E-03
  0.8237500000000000E+02   0.9780378787555827E+00   0.2277771222941340E-03  -0.1104201706167240E-01   0.1151601616164609E-03   0.2616326171739296E-06   0.3082427313983221E-04   0.2381215649921720E-03
  0.8242500000000000E+02   0.9780661891837646E+00   0.2273271623673639E-03  -0.1102770393053942E-01   0.1149310062935259E-03   0.2612704885385423E-06   0.3074396634050002E-04   0.2376374127221498E-03
  0.8247500000000001E+02   0.9780944336905368E+00   0.2268890923114312E-03  -0.1101342433355901E-01   0.1147078726314051E-03   0.2609214251246803E-06   0.3066395354300019E-04   0.2371657764810826E-03
  0.8252499999999999E+02   0.9781226086436110E+00   0.2264596869069961E-03  -0.1099918010581413E-01   0.1144891300146876E-03   0.2605817404994603E-06   0.3058424416452634E-04   0.2367032845656369E-03
  0.8257500000000000E+02   0.9781507113287118E+00   0.2260340928799123E-03  -0.1098497261827414E-01   0.1142723247988986E-03   0.2602458648542097E-06   0.3050484493179033E-04   0.2362448640011535E-03
  0.8262499999999999E+02   0.9781787408719643E+00   0.2256060051093119E-03  -0.1097080231150871E-01   0.1140542693969939E-03   0.2599065423397313E-06   0.3042575730359827E-04   0.2357839247417962E-03
  0.8267500000000000E+02   0.9782066991864091E+00   0.2251685130652297E-03  -0.1095666821720453E-01   0.1138314701840986E-03   0.2595558017039419E-06   0.3034697486526662E-04   0.2353132442227975E-03
  0.8272499999999999E+02   0.9782345913686484E+00   0.2247156610164395E-03  -0.1094256775765712E-01   0.1136009162314140E-03   0.2591867537216377E-06   0.3026848231029604E-04   0.2348265977623200E-03
  0.8277499999999999E+02   0.9782624249823286E+00   0.2242442156559765E-03  -0.1092849710800037E-01   0.1133609728924030E-03   0.2587956345210889E-06   0.3019025756181903E-04   0.2343206056808828E-03
  0.8282500000000000E+02   0.9782902082370137E+00   0.2237547137234951E-03  -0.1091445211684638E-01   0.1131119114025962E-03   0.2583830248452950E-06   0.3011227695424526E-04   0.2337958280060365E-03
  0.8287500000000000E+02   0.9783179478704369E+00   0.2232511280854332E-03  -0.1090042937687252E-01   0.1128557400670926E-03   0.2579534773396398E-06   0.3003452116510808E-04   0.2332564154833782E-03
  0.8292500000000000E+02   0.9783456477861391E+00   0.2227393674936480E-03  -0.1088642691353514E-01   0.1125954458387444E-03   0.2575137939643420E-06   0.2995697895399793E-04   0.2327085418155933E-03
  0.8297499999999999E+02   0.9783733089165241E+00   0.2222255003761659E-03  -0.1087244425429468E-01   0.1123340963889281E-03   0.2570709778759680E-06   0.2987964744125970E-04   0.2321585475425259E-03
  0.8302500000000001E+02   0.9784009299941159E+00   0.2217145059991715E-03  -0.1085848203872053E-01   0.1120742087826560E-03   0.2566307883578626E-06   0.2980252986606536E-04   0.2316116350327939E-03
  0.8307500000000000E+02   0.9784285085938351E+00   0.2212097999116575E-03  -0.1084454149158609E-01   0.1118175095779325E-03   0.2561971873614132E-06   0.2972563262911854E-04   0.2310713725941764E-03
  0.8312500000000000E+02   0.9784560419828450E+00   0.2207133343528313E-03  -0.1083062399324597E-01   0.1115649855861107E-03   0.2557724504280462E-06   0.2964896291033838E-04   0.2305397994088582E-03
  0.8317499999999998E+02   0.9784835276256661E+00   0.2202259557353662E-03  -0.1081673082428503E-01   0.1113170645915191E-03   0.2553575761533755E-06   0.2957252727040507E-04   0.2300177991052940E-03
  0.8322499999999999E+02   0.9785109633933581E+00   0.2197477875128280E-03  -0.1080286305976952E-01   0.1110738089035258E-03   0.2549527266015030E-06   0.2949633108518765E-04   0.2295054998558170E-03
  0.8327500000000001E+02   0.9785383475878667E+00   0.2192785295956003E-03  -0.1078902155693862E-01   0.1108350667219277E-03   0.2545575724296088E-06   0.2942037849448498E-04   0.2290025872737904E-03
  0.8332500000000000E+02   0.9785656788801412E+00   0.2188176485035946E-03  -0.1077520698648737E-01   0.1106005682677050E-03   0.2541715123300555E-06   0.2934467258673945E-04   0.2285085031428592E-03
  0.8337499999999999E+02   0.9785929562295199E+00   0.2183644713034357E-03  -0.1076141987331947E-01   0.1103699732755430E-03   0.2537937814251297E-06   0.2926921563137011E-04   0.2280225436162100E-03
  0.8342500000000000E+02   0.9786201788267869E+00   0.2179182105512928E-03  -0.1074766062533783E-01   0.1101428836089717E-03   0.2534234798067222E-06   0.2919400924202282E-04   0.2275438853291614E-03
  0.8347499999999999E+02   0.9786473460868083E+00   0.2174779548608501E-03  -0.1073392953717489E-01   0.1099188384976671E-03   0.2530595611724315E-06   0.2911905440090235E-04   0.2270715755881474E-03
  0.8352500000000001E+02   0.9786744577002950E+00   0.2170426689081917E-03  -0.1072022676403828E-01   0.1096973145413855E-03   0.2527008324027662E-06   0.2904435132039963E-04   0.2266045323879258E-03
  0.8357500000000000E+02   0.9787015137266604E+00   0.2166112531956569E-03  -0.1070655227478667E-01   0.1094777559144529E-03   0.2523460227506030E-06   0.2896989919448126E-04   0.2261416067980111E-03
  0.8362499999999999E+02   0.9787285146697919E+00   0.2161826991218332E-03  -0.1069290581363780E-01   0.1092596527368627E-03   0.2519939643709219E-06   0.2889569600157068E-04   0.2256817448304510E-03
  0.8367500000000000E+02   0.9787554614508616E+00   0.2157563206499866E-03  -0.1067928691391340E-01   0.1090426581573110E-03   0.2516438628366930E-06   0.2882173859344443E-04   0.2252242292615408E-03
  0.8372499999999999E+02   0.9787823552219707E+00   0.2153319682697960E-03  -0.1066569499222336E-01   0.1088266964866357E-03   0.2512955479576822E-06   0.2874802321883937E-04   0.2247689029642105E-03
  0.8377500000000001E+02   0.9788091970609798E+00   0.2149101028353082E-03  -0.1065212950269789E-01   0.1086120005126621E-03   0.2509495618665925E-06   0.2867454636408743E-04   0.2243162459642244E-03
  0.8382500000000000E+02   0.9788359876774102E+00   0.2144916783145725E-03  -0.1063859008562262E-01   0.1083990522397348E-03   0.2506070241421432E-06   0.2860130555169449E-04   0.2238672530243223E-03
  0.8387499999999999E+02   0.9788627272494191E+00   0.2140779014484175E-03  -0.1062507664982615E-01   0.1081884614194168E-03   0.2502693525358690E-06   0.2852829977173642E-04   0.2234231827438407E-03
  0.8392500000000000E+02   0.9788894154122171E+00   0.2136699911846546E-03  -0.1061158937852935E-01   0.1079808439692763E-03   0.2499379824348445E-06   0.2845552949729924E-04   0.2229853064370138E-03
  0.8397500000000001E+02   0.9789160513290674E+00   0.2132690159038769E-03  -0.1059812869345500E-01   0.1077767397095412E-03   0.2496141763798124E-06   0.2838299647721712E-04   0.2225547382347824E-03
  0.8402499999999999E+02   0.9789426337617735E+00   0.2128758056141261E-03  -0.1058469521919592E-01   0.1075765679919853E-03   0.2492989207144676E-06   0.2831070353386365E-04   0.2221323434714669E-03
  0.8407500000000000E+02   0.9789691610985689E+00   0.2124908861490370E-03  -0.1057128976911081E-01   0.1073805944540719E-03   0.2489928476647310E-06   0.2823865447871476E-04   0.2217186700797904E-03
  0.8412499999999999E+02   0.9789956313476740E+00   0.2121143751348126E-03  -0.1055791334857314E-01   0.1071888784580976E-03   0.2486961123289185E-06   0.2816685412058490E-04   0.2213138401342948E-03
  0.8417500000000000E+02   0.9790220421434599E+00   0.2117457967522926E-03  -0.1054456715185381E-01   0.1070011794986979E-03   0.2484081739761801E-06   0.2809530823748117E-04   0.2209173567015331E-03
  0.8422499999999999E+02   0.9790483908419338E+00   0.2113838024454125E-03  -0.1053125251387244E-01   0.1068168160856319E-03   0.2481274661741889E-06   0.2802402330467823E-04   0.2205278125896234E-03
  0.8427499999999999E+02   0.9790746748067516E+00   0.2110258350724352E-03  -0.1051797076568017E-01   0.1066344960482663E-03   0.2478509993245607E-06   0.2795300570901454E-04   0.2201425401046813E-03
  0.8432499999999999E+02   0.9791008919875395E+00   0.2106678629037542E-03  -0.1050472294224336E-01   0.1064521821317686E-03   0.2475740438715490E-06   0.2788226018302408E-04   0.2197573336481867E-03
  0.8437500000000000E+02   0.9791270418104111E+00   0.2103044341556888E-03  -0.1049150933248089E-01   0.1062671195543851E-03   0.2472901892921884E-06   0.2781178741914777E-04   0.2193665066111942E-03
  0.8442500000000000E+02   0.9791531261645700E+00   0.2099293708984343E-03  -0.1047832898075074E-01   0.1060761866297471E-03   0.2469921555523434E-06   0.2774158146115348E-04   0.2189636150976388E-03
  0.8447499999999999E+02   0.9791791499338538E+00   0.2095372283728021E-03  -0.1046517941827074E-01   0.1058766321379267E-03   0.2466735085188297E-06   0.2767162835842761E-04   0.2185429799277742E-03
  0.8452500000000001E+02   0.9792051204278170E+00   0.2091250858454639E-03  -0.1045205695058526E-01   0.1056669802177644E-03   0.2463307719979840E-06   0.2760190779136286E-04   0.2181015544200498E-03
  0.8457499999999999E+02   0.9792310456044799E+00   0.2086936883247808E-03  -0.1043895755558477E-01   0.1054476072589041E-03   0.2459647821750020E-06   0.2753239790390268E-04   0.2176401151506905E-03
  0.8462500000000000E+02   0.9792569319006273E+00   0.2082471402335838E-03  -0.1042587797982542E-01   0.1052205871190608E-03   0.2455803391289460E-06   0.2746308111023832E-04   0.2171629424666529E-03
  0.8467500000000000E+02   0.9792827828554564E+00   0.2077913277484198E-03  -0.1041281643398173E-01   0.1049888939545656E-03   0.2451843568781572E-06   0.2739394770310641E-04   0.2166761750468935E-03
  0.8472499999999999E+02   0.9793085990771460E+00   0.2073320706015861E-03  -0.1039977260974012E-01   0.1047554683512731E-03   0.2447836874017812E-06   0.2732499584340387E-04   0.2161858822952273E-03
  0.8477500000000001E+02   0.9793343791678230E+00   0.2068739180916369E-03  -0.1038674721242816E-01   0.1045226089631017E-03   0.2443836980019426E-06   0.2725622901266229E-04   0.2156968086033992E-03
  0.8482499999999999E+02   0.9793601208477105E+00   0.2064198307606851E-03  -0.1037374139299818E-01   0.1042918116639516E-03   0.2439878905778618E-06   0.2718765297835584E-04   0.2152120413185119E-03
  0.8487500000000000E+02   0.9793858217554259E+00   0.2059714516999923E-03  -0.1036075634364486E-01   0.1040639066307653E-03   0.2435982169818596E-06   0.2711927365898490E-04   0.2147332936729690E-03
  0.8492500000000000E+02   0.9794114798089142E+00   0.2055295503225730E-03  -0.1034779311542444E-01   0.1038392825746228E-03   0.2432155996304283E-06   0.2705109617656305E-04   0.2142613676148767E-03
  0.8497499999999999E+02   0.9794370932685452E+00   0.2050943747392055E-03  -0.1033485258636668E-01   0.1036180647945389E-03   0.2428403457490078E-06   0.2698312470368288E-04   0.2137965213491574E-03
  0.8502500000000001E+02   0.9794626606890419E+00   0.2046658496203342E-03  -0.1032193548576299E-01   0.1034002151602654E-03   0.2424723800143424E-06   0.2691536260208939E-04   0.2133386757494012E-03
  0.8507500000000000E+02   0.9794881808709595E+00   0.2042436685028545E-03  -0.1030904241868347E-01   0.1031855787598590E-03   0.2421113528800035E-06   0.2684781255860276E-04   0.2128875106819857E-03
  0.8512499999999999E+02   0.9795136528410755E+00   0.2038273423513160E-03  -0.1029617387589066E-01   0.1029739084416533E-03   0.2417566973895230E-06   0.2678047664250334E-04   0.2124425156922206E-03
  0.8517500000000000E+02   0.9795390758551376E+00   0.2034162402083743E-03  -0.1028333023245531E-01   0.1027648853566096E-03   0.2414076767969750E-06   0.2671335630327907E-04   0.2120030324198279E-03
  0.8522499999999999E+02   0.9795644494096131E+00   0.2030096391884619E-03  -0.1027051174182647E-01   0.1025581442186485E-03   0.2410634434471602E-06   0.2664645234492985E-04   0.2115683067341407E-03
  0.8527500000000001E+02   0.9795897732439552E+00   0.2026067909677511E-03  -0.1025771853469115E-01   0.1023533068971211E-03   0.2407231174610222E-06   0.2657976492584584E-04   0.2111375580478736E-03
  0.8532500000000000E+02   0.9796150473115035E+00   0.2022069937193380E-03  -0.1024495063367836E-01   0.1021500187590852E-03   0.2403858721700235E-06   0.2651329364125032E-04   0.2107100542969461E-03
  0.8537499999999999E+02   0.9796402717153383E+00   0.2018096365268692E-03  -0.1023220798576840E-01   0.1019479711075340E-03   0.2400509871121596E-06   0.2644703769628733E-04   0.2102851582345669E-03
  0.8542500000000000E+02   0.9796654466442765E+00   0.2014141897487430E-03  -0.1021949049463122E-01   0.1017468963141118E-03   0.2397178368812633E-06   0.2638099607602837E-04   0.2098623173942368E-03
  0.8547500000000001E+02   0.9796905723598458E+00   0.2010201633775966E-03  -0.1020679802721070E-01   0.1015465467821645E-03   0.2393858418176654E-06   0.2631516757990259E-04   0.2094410206884415E-03
  0.8552500000000001E+02   0.9797156492403820E+00   0.2006270993556814E-03  -0.1019413039145212E-01   0.1013466910612614E-03   0.2390544589813280E-06   0.2624955070739452E-04   0.2090207903728685E-03
  0.8557499999999999E+02   0.9797406778186621E+00   0.2002346404401251E-03  -0.1018148731729218E-01   0.1011471486310296E-03   0.2387232643585232E-06   0.2618414356344906E-04   0.2086012537645720E-03
  0.8562500000000000E+02   0.9797656587364810E+00   0.1998426360124276E-03  -0.1016886847960374E-01   0.1009478433485246E-03   0.2383920794309440E-06   0.2611894398214130E-04   0.2081822534596823E-03
  0.8567500000000000E+02   0.9797905926124322E+00   0.1994511908195678E-03  -0.1015627356498416E-01   0.1007488280690043E-03   0.2380610300722116E-06   0.2605394987400951E-04   0.2077638981073211E-03
  0.8572500000000001E+02   0.9798154799049101E+00   0.1990606034446660E-03  -0.1014370234095918E-01   0.1005502535648023E-03   0.2377304739523611E-06   0.2598915958037707E-04   0.2073464983092637E-03
  0.8577499999999999E+02   0.9798403208565498E+00   0.1986712346625146E-03  -0.1013115468404890E-01   0.1003523020259829E-03   0.2374008438971995E-06   0.2592457201162943E-04   0.2069304294744255E-03
  0.8582499999999999E+02   0.9798651155333131E+00   0.1982833904684733E-03  -0.1011863056002371E-01   0.1001551279728862E-03   0.2370725082417874E-06   0.2586018653923942E-04   0.2065160099576932E-03
  0.8587500000000000E+02   0.9798898639072828E+00   0.1978972704060187E-03  -0.1010612998208194E-01   0.9995883215361088E-04   0.2367457088176163E-06   0.2579600277700610E-04   0.2061034472239753E-03
  0.8592500000000000E+02   0.9799145659274496E+00   0.1975129743699108E-03  -0.1009365297509146E-01   0.9976346498005676E-04   0.2364205687246193E-06   0.2573202039649918E-04   0.2056928449312561E-03
  0.8597499999999999E+02   0.9799392215559714E+00   0.1971305332944884E-03  -0.1008119955727405E-01   0.9956904202967193E-04   0.2360971287416942E-06   0.2566823903375860E-04   0.2052842348992437E-03
  0.8602499999999999E+02   0.9799638307776766E+00   0.1967499362851801E-03  -0.1006876973540327E-01   0.9937555775091126E-04   0.2357753796036672E-06   0.2560465826567142E-04   0.2048776053758892E-03
  0.8607499999999999E+02   0.9799883935992829E+00   0.1963711462785169E-03  -0.1005636350519978E-01   0.9918299337416283E-04   0.2354552806357372E-06   0.2554127761276412E-04   0.2044729173548614E-03
  0.8612500000000000E+02   0.9800129100480900E+00   0.1959941084125783E-03  -0.1004398085199176E-01   0.9899132114033607E-04   0.2351367697066176E-06   0.2547809654314110E-04   0.2040701132983405E-03
  0.8617500000000001E+02   0.9800373801716715E+00   0.1956187562881007E-03  -0.1003162175087036E-01   0.9880050746372042E-04   0.2348197706837392E-06   0.2541511447376854E-04   0.2036691236605921E-03
  0.8622499999999999E+02   0.9800618040370903E+00   0.1952450179003815E-03  -0.1001928616708692E-01   0.9861051592836106E-04   0.2345042005187123E-06   0.2535233077296977E-04   0.2032698730670271E-03
  0.8627499999999999E+02   0.9800861817288085E+00   0.1948728208078678E-03  -0.1000697405710849E-01   0.9842130989875742E-04   0.2341899754398758E-06   0.2528974476622648E-04   0.2028722856972843E-03
  0.8632499999999999E+02   0.9801105133456093E+00   0.1945020958793799E-03  -0.9994685370172895E-02   0.9823285441255745E-04   0.2338770154569911E-06   0.2522735574443505E-04   0.2024762891874620E-03
  0.8637500000000000E+02   0.9801347989972415E+00   0.1941327794936957E-03  -0.9982420049983953E-02   0.9804511729150157E-04   0.2335652470192941E-06   0.2516516297277277E-04   0.2020818169202789E-03
  0.8642500000000000E+02   0.9801590388013416E+00   0.1937648144806598E-03  -0.9970178036265764E-02   0.9785806961669363E-04   0.2332546041675477E-06   0.2510316569875319E-04   0.2016888090044881E-03
  0.8647499999999999E+02   0.9801832328808922E+00   0.1933981502179047E-03  -0.9957959266046923E-02   0.9767168577736954E-04   0.2329450286728274E-06   0.2504136315883571E-04   0.2012972123748992E-03
  0.8652499999999999E+02   0.9802073813622678E+00   0.1930327422451626E-03  -0.9945763674647501E-02   0.9748594327600451E-04   0.2326364695942469E-06   0.2497975458347355E-04   0.2009069803900387E-03
  0.8657500000000000E+02   0.9802314843737995E+00   0.1926685516515829E-03  -0.9933591196403913E-02   0.9730082241877346E-04   0.2323288825613239E-06   0.2491833920079711E-04   0.2005180721934757E-03
  0.8662500000000000E+02   0.9802555420447547E+00   0.1923055443934096E-03  -0.9921441765184169E-02   0.9711630597084435E-04   0.2320222289697675E-06   0.2485711623921297E-04   0.2001304520026934E-03
  0.8667500000000000E+02   0.9802795545046332E+00   0.1919436906285071E-03  -0.9909315314743816E-02   0.9693237882019102E-04   0.2317164751947789E-06   0.2479608492918276E-04   0.1997440884155786E-03
  0.8672500000000001E+02   0.9803035218826914E+00   0.1915829641091945E-03  -0.9897211778965964E-02   0.9674902767086484E-04   0.2314115918720317E-06   0.2473524450440805E-04   0.1993589537776993E-03
  0.8677499999999999E+02   0.9803274443076305E+00   0.1912233416486967E-03  -0.9885131092018495E-02   0.9656624077345740E-04   0.2311075532651231E-06   0.2467459420259298E-04   0.1989750236263074E-03
  0.8682500000000000E+02   0.9803513219073967E+00   0.1908648026625383E-03  -0.9873073188455539E-02   0.9638400769342297E-04   0.2308043367214540E-06   0.2461413326592360E-04   0.1985922762124380E-03
  0.8687499999999999E+02   0.9803751548090630E+00   0.1905073287794433E-03  -0.9861038003276423E-02   0.9620231911451319E-04   0.2305019222103227E-06   0.2455386094133281E-04   0.1982106920954359E-03
  0.8692500000000000E+02   0.9803989431387621E+00   0.1901509035136253E-03  -0.9849025471960426E-02   0.9602116667322461E-04   0.2302002919337410E-06   0.2449377648064362E-04   0.1978302538014521E-03
  0.8697500000000001E+02   0.9804226870216564E+00   0.1897955119897829E-03  -0.9837035530480986E-02   0.9584054281987113E-04   0.2298994299997486E-06   0.2443387914061025E-04   0.1974509455368589E-03
  0.8702499999999999E+02   0.9804463865819328E+00   0.1894411407125926E-03  -0.9825068115308810E-02   0.9566044070213526E-04   0.2295993221485295E-06   0.2437416818290464E-04   0.1970727529480305E-03
  0.8707499999999999E+02   0.9804700419428121E+00   0.1890877773734166E-03  -0.9813123163407322E-02   0.9548085406741920E-04   0.2292999555227145E-06   0.2431464287406557E-04   0.1966956629199024E-03
  0.8712500000000000E+02   0.9804936532265683E+00   0.1887354106879455E-03  -0.9801200612222005E-02   0.9530177718082329E-04   0.2290013184744250E-06   0.2425530248541881E-04   0.1963196634067644E-03
  0.8717500000000000E+02   0.9805172205545545E+00   0.1883840302595107E-03  -0.9789300399668188E-02   0.9512320475609186E-04   0.2287034004028177E-06   0.2419614629299044E-04   0.1959447432898022E-03
  0.8722500000000001E+02   0.9805407440472315E+00   0.1880336264636691E-03  -0.9777422464116170E-02   0.9494513189730573E-04   0.2284061916169090E-06   0.2413717357740822E-04   0.1955708922568052E-03
  0.8727499999999999E+02   0.9805642238241979E+00   0.1876841903504421E-03  -0.9765566744375787E-02   0.9476755404949261E-04   0.2281096832193835E-06   0.2407838362380134E-04   0.1951981007002707E-03
  0.8732499999999999E+02   0.9805876600042210E+00   0.1873357135612223E-03  -0.9753733179681534E-02   0.9459046695664776E-04   0.2278138670078413E-06   0.2401977572170379E-04   0.1948263596307929E-03
  0.8737500000000000E+02   0.9806110527052659E+00   0.1869881882578980E-03  -0.9741921709676693E-02   0.9441386662592663E-04   0.2275187353905700E-06   0.2396134916495397E-04   0.1944556606031837E-03
  0.8742500000000000E+02   0.9806344020445255E+00   0.1866416070621865E-03  -0.9730132274399228E-02   0.9423774929699470E-04   0.2272242813144566E-06   0.2390310325160378E-04   0.1940859956532320E-03
  0.8747500000000001E+02   0.9806577081384463E+00   0.1862959630035154E-03  -0.9718364814268021E-02   0.9406211141569576E-04   0.2269304982030638E-06   0.2384503728383045E-04   0.1937173572433709E-03
  0.8752499999999999E+02   0.9806809711027566E+00   0.1859512494740931E-03  -0.9706619270068995E-02   0.9388694961135212E-04   0.2266373799032553E-06   0.2378715056784830E-04   0.1933497382158374E-03
  0.8757499999999999E+02   0.9807041910524893E+00   0.1856074601900409E-03  -0.9694895582943563E-02   0.9371226067712678E-04   0.2263449206390296E-06   0.2372944241383298E-04   0.1929831317521484E-03
  0.8762500000000000E+02   0.9807273681020063E+00   0.1852645891576533E-03  -0.9683193694375647E-02   0.9353804155297669E-04   0.2260531149714531E-06   0.2367191213583906E-04   0.1926175313379220E-03
  0.8767500000000001E+02   0.9807505023650188E+00   0.1849226306440159E-03  -0.9671513546182342E-02   0.9336428931080712E-04   0.2257619577637737E-06   0.2361455905173638E-04   0.1922529307322399E-03
  0.8772499999999999E+02   0.9807735939546085E+00   0.1845815791513306E-03  -0.9659855080502600E-02   0.9319100114149914E-04   0.2254714441509446E-06   0.2355738248313701E-04   0.1918893239408734E-03
  0.8777499999999999E+02   0.9807966429832455E+00   0.1842414293944161E-03  -0.9648218239788120E-02   0.9301817434354119E-04   0.2251815695129237E-06   0.2350038175533378E-04   0.1915267051928195E-03
  0.8782499999999999E+02   0.9808196495628068E+00   0.1839021762809249E-03  -0.9636602966794583E-02   0.9284580631303309E-04   0.2248923294512029E-06   0.2344355619724081E-04   0.1911650689196679E-03
  0.8787500000000000E+02   0.9808426138045915E+00   0.1835638148939052E-03  -0.9625009204572987E-02   0.9267389453487438E-04   0.2246037197681250E-06   0.2338690514133500E-04   0.1908044097374111E-03
  0.8792500000000000E+02   0.9808655358193368E+00   0.1832263404763781E-03  -0.9613436896462324E-02   0.9250243657497156E-04   0.2243157364485993E-06   0.2333042792360458E-04   0.1904447224303579E-03
  0.8797499999999998E+02   0.9808884157172318E+00   0.1828897484176658E-03  -0.9601885986082470E-02   0.9233143007332895E-04   0.2240283756438959E-06   0.2327412388349897E-04   0.1900860019368683E-03
  0.8802499999999999E+02   0.9809112536079313E+00   0.1825540342412373E-03  -0.9590356417326751E-02   0.9216087273790709E-04   0.2237416336572464E-06   0.2321799236387751E-04   0.1897282433366734E-03
  0.8807500000000000E+02   0.9809340496005674E+00   0.1822191935938758E-03  -0.9578848134356610E-02   0.9199076233914827E-04   0.2234555069310144E-06   0.2316203271096870E-04   0.1893714418395709E-03
  0.8812500000000000E+02   0.9809568038037616E+00   0.1818852222360003E-03  -0.9567361081595060E-02   0.9182109670508575E-04   0.2231699920352395E-06   0.2310624427432383E-04   0.1890155927753254E-03
  0.8817500000000000E+02   0.9809795163256357E+00   0.1815521160329983E-03  -0.9555895203721354E-02   0.9165187371696317E-04   0.2228850856573810E-06   0.2305062640677690E-04   0.1886606915846212E-03
  0.8822499999999999E+02   0.9810021872738217E+00   0.1812198709474437E-03  -0.9544450445665986E-02   0.9148309130530162E-04   0.2226007845931155E-06   0.2299517846440633E-04   0.1883067338109389E-03
  0.8827499999999999E+02   0.9810248167554716E+00   0.1808884830320973E-03  -0.9533026752605589E-02   0.9131474744636225E-04   0.2223170857380642E-06   0.2293989980649649E-04   0.1879537150932481E-03
  0.8832500000000000E+02   0.9810474048772660E+00   0.1805579484235949E-03  -0.9521624069958490E-02   0.9114684015895560E-04   0.2220339860803358E-06   0.2288478979550260E-04   0.1876016311594157E-03
  0.8837500000000000E+02   0.9810699517454233E+00   0.1802282633367445E-03  -0.9510242343380604E-02   0.9097936750155956E-04   0.2217514826937949E-06   0.2282984779701758E-04   0.1872504778202505E-03
  0.8842500000000000E+02   0.9810924574657071E+00   0.1798994240593625E-03  -0.9498881518760771E-02   0.9081232756970880E-04   0.2214695727319698E-06   0.2277507317973634E-04   0.1869002509641092E-03
  0.8847499999999999E+02   0.9811149221434333E+00   0.1795714269475901E-03  -0.9487541542217759E-02   0.9064571849362752E-04   0.2211882534225308E-06   0.2272046531542837E-04   0.1865509465520031E-03
  0.8852499999999999E+02   0.9811373458834785E+00   0.1792442684216362E-03  -0.9476222360096376E-02   0.9047953843607724E-04   0.2209075220622752E-06   0.2266602357890621E-04   0.1862025606131498E-03
  0.8857500000000000E+02   0.9811597287902855E+00   0.1789179449619005E-03  -0.9464923918963253E-02   0.9031378559039691E-04   0.2206273760125634E-06   0.2261174734799255E-04   0.1858550892409209E-03
  0.8862500000000000E+02   0.9811820709678705E+00   0.1785924531054378E-03  -0.9453646165604734E-02   0.9014845817871530E-04   0.2203478126951606E-06   0.2255763600349759E-04   0.1855085285891459E-03
  0.8867500000000000E+02   0.9812043725198284E+00   0.1782677894427251E-03  -0.9442389047023436E-02   0.8998355445031646E-04   0.2200688295884380E-06   0.2250368892919027E-04   0.1851628748687317E-03
  0.8872499999999999E+02   0.9812266335493394E+00   0.1779439506147045E-03  -0.9431152510434915E-02   0.8981907268014454E-04   0.2197904242239006E-06   0.2244990551177002E-04   0.1848181243445697E-03
  0.8877500000000001E+02   0.9812488541591738E+00   0.1776209333100696E-03  -0.9419936503265336E-02   0.8965501116743156E-04   0.2195125941830053E-06   0.2239628514084371E-04   0.1844742733326968E-03
  0.8882499999999999E+02   0.9812710344516978E+00   0.1772987342627755E-03  -0.9408740973148477E-02   0.8949136823443825E-04   0.2192353370942424E-06   0.2234282720889926E-04   0.1841313181976898E-03
  0.8887500000000000E+02   0.9812931745288774E+00   0.1769773502497460E-03  -0.9397565867923841E-02   0.8932814222529449E-04   0.2189586506304537E-06   0.2228953111128501E-04   0.1837892553502656E-03
  0.8892500000000000E+02   0.9813152744922848E+00   0.1766567780887630E-03  -0.9386411135632988E-02   0.8916533150493181E-04   0.2186825325063638E-06   0.2223639624618051E-04   0.1834480812450707E-03
  0.8897499999999999E+02   0.9813373344431014E+00   0.1763370146365185E-03  -0.9375276724518766E-02   0.8900293445809811E-04   0.2184069804763062E-06   0.2218342201458129E-04   0.1831077923786412E-03
  0.8902500000000001E+02   0.9813593544821232E+00   0.1760180567868145E-03  -0.9364162583021862E-02   0.8884094948844710E-04   0.2181319923321245E-06   0.2213060782027114E-04   0.1827683852875169E-03
  0.8907499999999999E+02   0.9813813347097644E+00   0.1756999014688985E-03  -0.9353068659779251E-02   0.8867937501769608E-04   0.2178575659012333E-06   0.2207795306980340E-04   0.1824298565464960E-03
  0.8912500000000000E+02   0.9814032752260614E+00   0.1753825456459186E-03  -0.9341994903622197E-02   0.8851820948484446E-04   0.2175836990448224E-06   0.2202545717248027E-04   0.1820922027670163E-03
  0.8917500000000001E+02   0.9814251761306771E+00   0.1750659863134922E-03  -0.9330941263573922E-02   0.8835745134544959E-04   0.2173103896561938E-06   0.2197311954033065E-04   0.1817554205956530E-03
  0.8922499999999999E+02   0.9814470375229044E+00   0.1747502204983767E-03  -0.9319907688848050E-02   0.8819709907095382E-04   0.2170376356592211E-06   0.2192093958809193E-04   0.1814195067127241E-03
  0.8927499999999999E+02   0.9814688595016694E+00   0.1744352452572288E-03  -0.9308894128846390E-02   0.8803715114805692E-04   0.2167654350069130E-06   0.2186891673318847E-04   0.1810844578309883E-03
  0.8932500000000000E+02   0.9814906421655354E+00   0.1741210576754546E-03  -0.9297900533157710E-02   0.8787760607813379E-04   0.2164937856800844E-06   0.2181705039571515E-04   0.1807502706944369E-03
  0.8937500000000000E+02   0.9815123856127057E+00   0.1738076548661315E-03  -0.9286926851555966E-02   0.8771846237668900E-04   0.2162226856861127E-06   0.2176533999841827E-04   0.1804169420771618E-03
  0.8942500000000000E+02   0.9815340899410274E+00   0.1734950339690049E-03  -0.9275973033997853E-02   0.8755971857284865E-04   0.2159521330577824E-06   0.2171378496667345E-04   0.1800844687823000E-03
  0.8947499999999999E+02   0.9815557552479940E+00   0.1731831921495495E-03  -0.9265039030622479E-02   0.8740137320888505E-04   0.2156821258522056E-06   0.2166238472847356E-04   0.1797528476410466E-03
  0.8952499999999999E+02   0.9815773816307485E+00   0.1728721265980887E-03  -0.9254124791748808E-02   0.8724342483977113E-04   0.2154126621498128E-06   0.2161113871440632E-04   0.1794220755117291E-03
  0.8957500000000000E+02   0.9815989691860865E+00   0.1725618345289727E-03  -0.9243230267874658E-02   0.8708587203276384E-04   0.2151437400534111E-06   0.2156004635763928E-04   0.1790921492789411E-03
  0.8962500000000000E+02   0.9816205180104587E+00   0.1722523131798038E-03  -0.9232355409675375E-02   0.8692871336701197E-04   0.2148753576872995E-06   0.2150910709390330E-04   0.1787630658527268E-03
  0.8967500000000000E+02   0.9816420281999743E+00   0.1719435598107109E-03  -0.9221500168001606E-02   0.8677194743318842E-04   0.2146075131964414E-06   0.2145832036147205E-04   0.1784348221678162E-03
  0.8972499999999999E+02   0.9816634998504025E+00   0.1716355717036672E-03  -0.9210664493879417E-02   0.8661557283314489E-04   0.2143402047456897E-06   0.2140768560115241E-04   0.1781074151829063E-03
  0.8977499999999999E+02   0.9816849330571763E+00   0.1713283461618469E-03  -0.9199848338507399E-02   0.8645958817958546E-04   0.2140734305190554E-06   0.2135720225626099E-04   0.1777808418799812E-03
  0.8982500000000000E+02   0.9817063279153944E+00   0.1710218805090196E-03  -0.9189051653256453E-02   0.8630399209575997E-04   0.2138071887190232E-06   0.2130686977261314E-04   0.1774550992636737E-03
  0.8987500000000001E+02   0.9817276845198237E+00   0.1707161720889789E-03  -0.9178274389667673E-02   0.8614878321517433E-04   0.2135414775659055E-06   0.2125668759850339E-04   0.1771301843606616E-03
  0.8992500000000000E+02   0.9817490029649016E+00   0.1704112182650039E-03  -0.9167516499452466E-02   0.8599396018131742E-04   0.2132762952972365E-06   0.2120665518469604E-04   0.1768060942190977E-03
  0.8997499999999999E+02   0.9817702833447386E+00   0.1701070164193469E-03  -0.9156777934489768E-02   0.8583952164740152E-04   0.2130116401671966E-06   0.2115677198440262E-04   0.1764828259080690E-03
  0.9002499999999999E+02   0.9817915257531205E+00   0.1698035639527539E-03  -0.9146058646825828E-02   0.8568546627611893E-04   0.2127475104460751E-06   0.2110703745327133E-04   0.1761603765170881E-03
  0.9007500000000000E+02   0.9818127302835100E+00   0.1695008582840051E-03  -0.9135358588672982E-02   0.8553179273940913E-04   0.2124839044197571E-06   0.2105745104937164E-04   0.1758387431556076E-03
  0.9012500000000000E+02   0.9818338970290501E+00   0.1691988968494827E-03  -0.9124677712408547E-02   0.8537849971823922E-04   0.2122208203892417E-06   0.2100801223317980E-04   0.1755179229525605E-03
  0.9017499999999998E+02   0.9818550260825651E+00   0.1688976771027606E-03  -0.9114015970573042E-02   0.8522558590239616E-04   0.2119582566701873E-06   0.2095872046756117E-04   0.1751979130559267E-03
  0.9022499999999999E+02   0.9818761175365633E+00   0.1685971965142115E-03  -0.9103373315870522E-02   0.8507304999028705E-04   0.2116962115924759E-06   0.2090957521776236E-04   0.1748787106323145E-03
  0.9027500000000001E+02   0.9818971714832386E+00   0.1682974525706389E-03  -0.9092749701165914E-02   0.8492089068875235E-04   0.2114346834998068E-06   0.2086057595138973E-04   0.1745603128665705E-03
  0.9032500000000000E+02   0.9819181880144729E+00   0.1679984427749213E-03  -0.9082145079485127E-02   0.8476910671288542E-04   0.2111736707493057E-06   0.2081172213840059E-04   0.1742427169614009E-03
  0.9037500000000000E+02   0.9819391672218375E+00   0.1677001646456770E-03  -0.9071559404014273E-02   0.8461769678586229E-04   0.2109131717111570E-06   0.2076301325109057E-04   0.1739259201370153E-03
  0.9042499999999998E+02   0.9819601091965956E+00   0.1674026157169440E-03  -0.9060992628097120E-02   0.8446665963877894E-04   0.2106531847682542E-06   0.2071444876407273E-04   0.1736099196307852E-03
  0.9047499999999999E+02   0.9819810140297041E+00   0.1671057935378723E-03  -0.9050444705235861E-02   0.8431599401049514E-04   0.2103937083158643E-06   0.2066602815427206E-04   0.1732947126969167E-03
  0.9052500000000001E+02   0.9820018818118147E+00   0.1668096956724346E-03  -0.9039915589089120E-02   0.8416569864748731E-04   0.2101347407613141E-06   0.2061775090090746E-04   0.1729802966061414E-03
  0.9057499999999999E+02   0.9820227126332767E+00   0.1665143196991450E-03  -0.9029405233471843E-02   0.8401577230370574E-04   0.2098762805236864E-06   0.2056961648548223E-04   0.1726666686454164E-03
  0.9062500000000000E+02   0.9820435065841382E+00   0.1662196632107925E-03  -0.9018913592353184E-02   0.8386621374043908E-04   0.2096183260335322E-06   0.2052162439176560E-04   0.1723538261176398E-03
  0.9067500000000000E+02   0.9820642637541478E+00   0.1659257238141871E-03  -0.9008440619856950E-02   0.8371702172618517E-04   0.2093608757325989E-06   0.2047377410578601E-04   0.1720417663413788E-03
  0.9072499999999999E+02   0.9820849842327567E+00   0.1656324991299138E-03  -0.8997986270259939E-02   0.8356819503652596E-04   0.2091039280735667E-06   0.2042606511581473E-04   0.1717304866506062E-03
  0.9077500000000001E+02   0.9821056681091200E+00   0.1653399867920979E-03  -0.8987550497991048E-02   0.8341973245400823E-04   0.2088474815197989E-06   0.2037849691235319E-04   0.1714199843944497E-03
  0.9082500000000000E+02   0.9821263154720986E+00   0.1650481844481805E-03  -0.8977133257630943E-02   0.8327163276802936E-04   0.2085915345451036E-06   0.2033106898812277E-04   0.1711102569369508E-03
  0.9087499999999999E+02   0.9821469264102604E+00   0.1647570897587040E-03  -0.8966734503910723E-02   0.8312389477472799E-04   0.2083360856335072E-06   0.2028378083805029E-04   0.1708013016568341E-03
  0.9092500000000000E+02   0.9821675010118828E+00   0.1644667003971009E-03  -0.8956354191711147E-02   0.8297651727687681E-04   0.2080811332790320E-06   0.2023663195925595E-04   0.1704931159472816E-03
  0.9097499999999999E+02   0.9821880393649529E+00   0.1641770140494986E-03  -0.8945992276062187E-02   0.8282949908378292E-04   0.2078266759854914E-06   0.2018962185104280E-04   0.1701856972157217E-03
  0.9102499999999999E+02   0.9822085415571706E+00   0.1638880284145243E-03  -0.8935648712142141E-02   0.8268283901118875E-04   0.2075727122662872E-06   0.2014275001488443E-04   0.1698790428836198E-03
  0.9107500000000000E+02   0.9822290076759492E+00   0.1635997412031213E-03  -0.8925323455276191E-02   0.8253653588117820E-04   0.2073192406442172E-06   0.2009601595441002E-04   0.1695731503862803E-03
  0.9112499999999999E+02   0.9822494378084169E+00   0.1633121501383720E-03  -0.8915016460936398E-02   0.8239058852208663E-04   0.2070662596512932E-06   0.2004941917539610E-04   0.1692680171726556E-03
  0.9117500000000000E+02   0.9822698320414186E+00   0.1630252529553236E-03  -0.8904727684740710E-02   0.8224499576841214E-04   0.2068137678285614E-06   0.2000295918575382E-04   0.1689636407051587E-03
  0.9122499999999999E+02   0.9822901904615172E+00   0.1627390474008253E-03  -0.8894457082452178E-02   0.8209975646073239E-04   0.2065617637259346E-06   0.1995663549551725E-04   0.1686600184594862E-03
  0.9127499999999999E+02   0.9823105131549952E+00   0.1624535312333670E-03  -0.8884204609978075E-02   0.8195486944562245E-04   0.2063102459020281E-06   0.1991044761683124E-04   0.1683571479244447E-03
  0.9132500000000000E+02   0.9823308002078559E+00   0.1621687022229247E-03  -0.8873970223369332E-02   0.8181033357557590E-04   0.2060592129240023E-06   0.1986439506394086E-04   0.1680550266017832E-03
  0.9137500000000000E+02   0.9823510517058252E+00   0.1618845581508122E-03  -0.8863753878819658E-02   0.8166614770892937E-04   0.2058086633674130E-06   0.1981847735317942E-04   0.1677536520060324E-03
  0.9142500000000000E+02   0.9823712677343526E+00   0.1616010968095357E-03  -0.8853555532665092E-02   0.8152231070978816E-04   0.2055585958160642E-06   0.1977269400295845E-04   0.1674530216643473E-03
  0.9147499999999999E+02   0.9823914483786125E+00   0.1613183160026550E-03  -0.8843375141383114E-02   0.8137882144795541E-04   0.2053090088618694E-06   0.1972704453375587E-04   0.1671531331163560E-03
  0.9152499999999999E+02   0.9824115937235062E+00   0.1610362135446473E-03  -0.8833212661591650E-02   0.8123567879886277E-04   0.2050599011047158E-06   0.1968152846810352E-04   0.1668539839140122E-03
  0.9157500000000000E+02   0.9824317038536626E+00   0.1607547872607766E-03  -0.8823068050048843E-02   0.8109288164350347E-04   0.2048112711523340E-06   0.1963614533057850E-04   0.1665555716214529E-03
  0.9162500000000000E+02   0.9824517788534399E+00   0.1604740349869671E-03  -0.8812941263652396E-02   0.8095042886836797E-04   0.2045631176201735E-06   0.1959089464779227E-04   0.1662578938148608E-03
  0.9167499999999998E+02   0.9824718188069265E+00   0.1601939545696794E-03  -0.8802832259438453E-02   0.8080831936538027E-04   0.2043154391312801E-06   0.1954577594837811E-04   0.1659609480823289E-03
  0.9172499999999999E+02   0.9824918237979428E+00   0.1599145438657902E-03  -0.8792740994581161E-02   0.8066655203183694E-04   0.2040682343161789E-06   0.1950078876298129E-04   0.1656647320237299E-03
  0.9177500000000001E+02   0.9825117939100422E+00   0.1596358007424772E-03  -0.8782667426392332E-02   0.8052512577034800E-04   0.2038215018127615E-06   0.1945593262425015E-04   0.1653692432505903E-03
  0.9182500000000000E+02   0.9825317292265126E+00   0.1593577230771067E-03  -0.8772611512319894E-02   0.8038403948877937E-04   0.2035752402661769E-06   0.1941120706682143E-04   0.1650744793859670E-03
  0.9187500000000000E+02   0.9825516298303771E+00   0.1590803087571218E-03  -0.8762573209948332E-02   0.8024329210019615E-04   0.2033294483287244E-06   0.1936661162731482E-04   0.1647804380643262E-03
  0.9192500000000000E+02   0.9825714958043961E+00   0.1588035556799380E-03  -0.8752552476997355E-02   0.8010288252280863E-04   0.2030841246597523E-06   0.1932214584431950E-04   0.1644871169314276E-03
  0.9197499999999999E+02   0.9825913272310676E+00   0.1585274617528379E-03  -0.8742549271321454E-02   0.7996280967991893E-04   0.2028392679255579E-06   0.1927780925838472E-04   0.1641945136442103E-03
  0.9202500000000001E+02   0.9826111241926293E+00   0.1582520248928703E-03  -0.8732563550909234E-02   0.7982307249986912E-04   0.2025948767992912E-06   0.1923360141200945E-04   0.1639026258706814E-03
  0.9207500000000000E+02   0.9826308867710591E+00   0.1579772430267533E-03  -0.8722595273882749E-02   0.7968366991599151E-04   0.2023509499608633E-06   0.1918952184963214E-04   0.1636114512898095E-03
  0.9212499999999999E+02   0.9826506150480770E+00   0.1577031140907762E-03  -0.8712644398497060E-02   0.7954460086655880E-04   0.2021074860968539E-06   0.1914557011762133E-04   0.1633209875914172E-03
  0.9217500000000000E+02   0.9826703091051455E+00   0.1574296360307071E-03  -0.8702710883139342E-02   0.7940586429473641E-04   0.2018644839004248E-06   0.1910174576426456E-04   0.1630312324760796E-03
  0.9222499999999999E+02   0.9826899690234709E+00   0.1571568068017019E-03  -0.8692794686328775E-02   0.7926745914853611E-04   0.2016219420712350E-06   0.1905804833976060E-04   0.1627421836550237E-03
  0.9227500000000001E+02   0.9827095948840056E+00   0.1568846243682147E-03  -0.8682895766715326E-02   0.7912938438076992E-04   0.2013798593153574E-06   0.1901447739620691E-04   0.1624538388500296E-03
  0.9232500000000000E+02   0.9827291867674475E+00   0.1566130867039120E-03  -0.8673014083079411E-02   0.7899163894900626E-04   0.2011382343451995E-06   0.1897103248759102E-04   0.1621661957933360E-03
  0.9237499999999999E+02   0.9827487447542422E+00   0.1563421917915863E-03  -0.8663149594331565E-02   0.7885422181552564E-04   0.2008970658794241E-06   0.1892771316978198E-04   0.1618792522275451E-03
  0.9242500000000000E+02   0.9827682689245844E+00   0.1560719376230749E-03  -0.8653302259511664E-02   0.7871713194727914E-04   0.2006563526428756E-06   0.1888451900051990E-04   0.1615930059055323E-03
  0.9247500000000001E+02   0.9827877593584181E+00   0.1558023221991775E-03  -0.8643472037787814E-02   0.7858036831584585E-04   0.2004160933665035E-06   0.1884144953940405E-04   0.1613074545903553E-03
  0.9252499999999999E+02   0.9828072161354382E+00   0.1555333435295786E-03  -0.8633658888456908E-02   0.7844392989739344E-04   0.2001762867872940E-06   0.1879850434788833E-04   0.1610225960551681E-03
  0.9257499999999999E+02   0.9828266393350916E+00   0.1552649996327684E-03  -0.8623862770943180E-02   0.7830781567263734E-04   0.1999369316481970E-06   0.1875568298926803E-04   0.1607384280831339E-03
  0.9262499999999999E+02   0.9828460290365786E+00   0.1549972885359682E-03  -0.8614083644797765E-02   0.7817202462680259E-04   0.1996980266980606E-06   0.1871298502867099E-04   0.1604549484673413E-03
  0.9267500000000000E+02   0.9828653853188530E+00   0.1547302082750555E-03  -0.8604321469698473E-02   0.7803655574958524E-04   0.1994595706915630E-06   0.1867041003304976E-04   0.1601721550107219E-03
  0.9272500000000001E+02   0.9828847082606245E+00   0.1544637568944922E-03  -0.8594576205448679E-02   0.7790140803511565E-04   0.1992215623891497E-06   0.1862795757116999E-04   0.1598900455259706E-03
  0.9277499999999999E+02   0.9829039979403583E+00   0.1541979324472529E-03  -0.8584847811977769E-02   0.7776658048192169E-04   0.1989840005569699E-06   0.1858562721360560E-04   0.1596086178354656E-03
  0.9282499999999999E+02   0.9829232544362779E+00   0.1539327329947554E-03  -0.8575136249339144E-02   0.7763207209289279E-04   0.1987468839668147E-06   0.1854341853272328E-04   0.1593278697711905E-03
  0.9287500000000000E+02   0.9829424778263643E+00   0.1536681566067925E-03  -0.8565441477711100E-02   0.7749788187524521E-04   0.1985102113960585E-06   0.1850133110267976E-04   0.1590477991746597E-03
  0.9292500000000000E+02   0.9829616681883584E+00   0.1534042013614642E-03  -0.8555763457395282E-02   0.7736400884048717E-04   0.1982739816275990E-06   0.1845936449940832E-04   0.1587684038968418E-03
  0.9297499999999999E+02   0.9829808255997614E+00   0.1531408653451135E-03  -0.8546102148817014E-02   0.7723045200438552E-04   0.1980381934498017E-06   0.1841751830061367E-04   0.1584896817980879E-03
  0.9302500000000001E+02   0.9829999501378360E+00   0.1528781466522611E-03  -0.8536457512523632E-02   0.7709721038693267E-04   0.1978028456564441E-06   0.1837579208575818E-04   0.1582116307480596E-03
  0.9307499999999999E+02   0.9830190418796075E+00   0.1526160433855418E-03  -0.8526829509185152E-02   0.7696428301231357E-04   0.1975679370466606E-06   0.1833418543605812E-04   0.1579342486256569E-03
  0.9312500000000000E+02   0.9830381009018645E+00   0.1523545536556434E-03  -0.8517218099593049E-02   0.7683166890887428E-04   0.1973334664248901E-06   0.1829269793447206E-04   0.1576575333189505E-03
  0.9317500000000000E+02   0.9830571272811603E+00   0.1520936755812447E-03  -0.8507623244659923E-02   0.7669936710909032E-04   0.1970994326008236E-06   0.1825132916569279E-04   0.1573814827251125E-03
  0.9322499999999999E+02   0.9830761210938134E+00   0.1518334072889565E-03  -0.8498044905418944E-02   0.7656737664953613E-04   0.1968658343893543E-06   0.1821007871613858E-04   0.1571060947503498E-03
  0.9327500000000001E+02   0.9830950824159091E+00   0.1515737469132625E-03  -0.8488483043023409E-02   0.7643569657085464E-04   0.1966326706105273E-06   0.1816894617394494E-04   0.1568313673098381E-03
  0.9332499999999999E+02   0.9831140113233000E+00   0.1513146925964611E-03  -0.8478937618746185E-02   0.7630432591772742E-04   0.1963999400894910E-06   0.1812793112895573E-04   0.1565572983276571E-03
  0.9337500000000000E+02   0.9831329078916070E+00   0.1510562424886088E-03  -0.8469408593979377E-02   0.7617326373884565E-04   0.1961676416564503E-06   0.1808703317271553E-04   0.1562838857367263E-03
  0.9342500000000000E+02   0.9831517721962209E+00   0.1507983947474646E-03  -0.8459895930233219E-02   0.7604250908688112E-04   0.1959357741466190E-06   0.1804625189845858E-04   0.1560111274787428E-03
  0.9347499999999999E+02   0.9831706043123019E+00   0.1505411475384351E-03  -0.8450399589136626E-02   0.7591206101845846E-04   0.1957043364001763E-06   0.1800558690110488E-04   0.1557390215041199E-03
  0.9352500000000001E+02   0.9831894043147824E+00   0.1502844990345195E-03  -0.8440919532435642E-02   0.7578191859412633E-04   0.1954733272622195E-06   0.1796503777724734E-04   0.1554675657719245E-03
  0.9357499999999999E+02   0.9832081722783668E+00   0.1500284474162573E-03  -0.8431455721993886E-02   0.7565208087833100E-04   0.1952427455827225E-06   0.1792460412514750E-04   0.1551967582498194E-03
  0.9362500000000000E+02   0.9832269082775323E+00   0.1497729908716758E-03  -0.8422008119791213E-02   0.7552254693938876E-04   0.1950125902164923E-06   0.1788428554472371E-04   0.1549265969140029E-03
  0.9367500000000000E+02   0.9832456123865306E+00   0.1495181275962381E-03  -0.8412576687923723E-02   0.7539331584945948E-04   0.1947828600231263E-06   0.1784408163754504E-04   0.1546570797491512E-03
  0.9372499999999999E+02   0.9832642846793884E+00   0.1492638557927931E-03  -0.8403161388603309E-02   0.7526438668452081E-04   0.1945535538669728E-06   0.1780399200682326E-04   0.1543882047483614E-03
  0.9377500000000001E+02   0.9832829252299081E+00   0.1490101736715247E-03  -0.8393762184156883E-02   0.7513575852434191E-04   0.1943246706170896E-06   0.1776401625740357E-04   0.1541199699130946E-03
  0.9382500000000000E+02   0.9833015341116693E+00   0.1487570794499027E-03  -0.8384379037026268E-02   0.7500743045245816E-04   0.1940962091472038E-06   0.1772415399575805E-04   0.1538523732531203E-03
  0.9387499999999999E+02   0.9833201113980290E+00   0.1485045713526347E-03  -0.8375011909767527E-02   0.7487940155614631E-04   0.1938681683356742E-06   0.1768440482997691E-04   0.1535854127864617E-03
  0.9392500000000000E+02   0.9833386571621231E+00   0.1482526476116178E-03  -0.8365660765050187E-02   0.7475167092639982E-04   0.1936405470654531E-06   0.1764476836975929E-04   0.1533190865393420E-03
  0.9397500000000001E+02   0.9833571714768672E+00   0.1480013064658921E-03  -0.8356325565657685E-02   0.7462423765790451E-04   0.1934133442240485E-06   0.1760524422640912E-04   0.1530533925461309E-03
  0.9402500000000001E+02   0.9833756544149568E+00   0.1477505461615934E-03  -0.8347006274485702E-02   0.7449710084901443E-04   0.1931865587034871E-06   0.1756583201282235E-04   0.1527883288492916E-03
  0.9407499999999999E+02   0.9833941060488692E+00   0.1475003649519075E-03  -0.8337702854542939E-02   0.7437025960172818E-04   0.1929601894002785E-06   0.1752653134348429E-04   0.1525238934993288E-03
  0.9412499999999999E+02   0.9834125264508640E+00   0.1472507610970256E-03  -0.8328415268949563E-02   0.7424371302166593E-04   0.1927342352153802E-06   0.1748734183445728E-04   0.1522600845547383E-03
  0.9417500000000000E+02   0.9834309156929834E+00   0.1470017328640989E-03  -0.8319143480937652E-02   0.7411746021804608E-04   0.1925086950541622E-06   0.1744826310337682E-04   0.1519969000819558E-03
  0.9422500000000001E+02   0.9834492738470539E+00   0.1467532785271956E-03  -0.8309887453849751E-02   0.7399150030366272E-04   0.1922835678263733E-06   0.1740929476943967E-04   0.1517343381553073E-03
  0.9427499999999999E+02   0.9834676009846869E+00   0.1465053963672564E-03  -0.8300647151139873E-02   0.7386583239486321E-04   0.1920588524461071E-06   0.1737043645340246E-04   0.1514723968569597E-03
  0.9432499999999999E+02   0.9834858971772790E+00   0.1462580846720522E-03  -0.8291422536371496E-02   0.7374045561152580E-04   0.1918345478317687E-06   0.1733168777756751E-04   0.1512110742768719E-03
  0.9437500000000000E+02   0.9835041624960137E+00   0.1460113417361414E-03  -0.8282213573218011E-02   0.7361536907703798E-04   0.1916106529060426E-06   0.1729304836577912E-04   0.1509503685127467E-03
  0.9442500000000000E+02   0.9835223970118617E+00   0.1457651658608291E-03  -0.8273020225462502E-02   0.7349057191827523E-04   0.1913871665958612E-06   0.1725451784341697E-04   0.1506902776699846E-03
  0.9447500000000001E+02   0.9835406007955820E+00   0.1455195553541249E-03  -0.8263842456996406E-02   0.7336606326557922E-04   0.1911640878323726E-06   0.1721609583738498E-04   0.1504307998616352E-03
  0.9452499999999999E+02   0.9835587739177225E+00   0.1452745085307020E-03  -0.8254680231819855E-02   0.7324184225273671E-04   0.1909414155509089E-06   0.1717778197610720E-04   0.1501719332083513E-03
  0.9457499999999999E+02   0.9835769164486210E+00   0.1450300237118579E-03  -0.8245533514040893E-02   0.7311790801695936E-04   0.1907191486909580E-06   0.1713957588951896E-04   0.1499136758383441E-03
  0.9462500000000000E+02   0.9835950284584060E+00   0.1447860992254739E-03  -0.8236402267875143E-02   0.7299425969886255E-04   0.1904972861961313E-06   0.1710147720906005E-04   0.1496560258873366E-03
  0.9467500000000000E+02   0.9836131100169974E+00   0.1445427334059766E-03  -0.8227286457645588E-02   0.7287089644244572E-04   0.1902758270141359E-06   0.1706348556766826E-04   0.1493989814985200E-03
  0.9472499999999999E+02   0.9836311611941077E+00   0.1442999245942978E-03  -0.8218186047781684E-02   0.7274781739507163E-04   0.1900547700967443E-06   0.1702560059977035E-04   0.1491425408225087E-03
  0.9477499999999999E+02   0.9836491820592420E+00   0.1440576711378372E-03  -0.8209101002819352E-02   0.7262502170744700E-04   0.1898341143997664E-06   0.1698782194127657E-04   0.1488867020172965E-03
  0.9482499999999999E+02   0.9836671726817000E+00   0.1438159713904246E-03  -0.8200031287400322E-02   0.7250250853360283E-04   0.1896138588830214E-06   0.1695014922957258E-04   0.1486314632482144E-03
  0.9487500000000000E+02   0.9836851331305756E+00   0.1435748237122809E-03  -0.8190976866271904E-02   0.7238027703087470E-04   0.1893940025103090E-06   0.1691258210351310E-04   0.1483768226878860E-03
  0.9492500000000000E+02   0.9837030634747584E+00   0.1433342264699838E-03  -0.8181937704286324E-02   0.7225832635988447E-04   0.1891745442493843E-06   0.1687512020341393E-04   0.1481227785161879E-03
  0.9497499999999999E+02   0.9837209637829344E+00   0.1430941780364282E-03  -0.8172913766400725E-02   0.7213665568452023E-04   0.1889554830719281E-06   0.1683776317104663E-04   0.1478693289202048E-03
  0.9502499999999999E+02   0.9837388341235864E+00   0.1428546767907916E-03  -0.8163905017676498E-02   0.7201526417191823E-04   0.1887368179535219E-06   0.1680051064963047E-04   0.1476164720941903E-03
  0.9507500000000000E+02   0.9837566745649956E+00   0.1426157211184978E-03  -0.8154911423278510E-02   0.7189415099244408E-04   0.1885185478736210E-06   0.1676336228382406E-04   0.1473642062395246E-03
  0.9512500000000000E+02   0.9837744851752415E+00   0.1423773094111820E-03  -0.8145932948475321E-02   0.7177331531967484E-04   0.1883006718155299E-06   0.1672631771972101E-04   0.1471125295646753E-03
  0.9517500000000000E+02   0.9837922660222028E+00   0.1421394400666550E-03  -0.8136969558638962E-02   0.7165275633038040E-04   0.1880831887663755E-06   0.1668937660484390E-04   0.1468614402851563E-03
  0.9522499999999999E+02   0.9838100171735590E+00   0.1419021114888686E-03  -0.8128021219243386E-02   0.7153247320450549E-04   0.1878660977170818E-06   0.1665253858813266E-04   0.1466109366234878E-03
  0.9527499999999999E+02   0.9838277386967902E+00   0.1416653220878818E-03  -0.8119087895865240E-02   0.7141246512515241E-04   0.1876493976623465E-06   0.1661580331994276E-04   0.1463610168091582E-03
  0.9532500000000000E+02   0.9838454306591783E+00   0.1414290702798258E-03  -0.8110169554182867E-02   0.7129273127856286E-04   0.1874330876006150E-06   0.1657917045203591E-04   0.1461116790785840E-03
  0.9537499999999999E+02   0.9838630931278075E+00   0.1411933544868719E-03  -0.8101266159976417E-02   0.7117327085410111E-04   0.1872171665340577E-06   0.1654263963757554E-04   0.1458629216750722E-03
  0.9542500000000000E+02   0.9838807261695656E+00   0.1409581731371967E-03  -0.8092377679126739E-02   0.7105408304423634E-04   0.1870016334685451E-06   0.1650621053111713E-04   0.1456147428487816E-03
  0.9547500000000001E+02   0.9838983298511441E+00   0.1407235246649497E-03  -0.8083504077615378E-02   0.7093516704452559E-04   0.1867864874136244E-06   0.1646988278860332E-04   0.1453671408566850E-03
  0.9552499999999999E+02   0.9839159042390395E+00   0.1404894075102214E-03  -0.8074645321524576E-02   0.7081652205359745E-04   0.1865717273824977E-06   0.1643365606735884E-04   0.1451201139625326E-03
  0.9557500000000000E+02   0.9839334493995534E+00   0.1402558201190091E-03  -0.8065801377036164E-02   0.7069814727313411E-04   0.1863573523919958E-06   0.1639753002608106E-04   0.1448736604368130E-03
  0.9562500000000000E+02   0.9839509653987939E+00   0.1400227609431875E-03  -0.8056972210431779E-02   0.7058004190785648E-04   0.1861433614625602E-06   0.1636150432483595E-04   0.1446277785567193E-03
  0.9567500000000000E+02   0.9839684523026757E+00   0.1397902284404746E-03  -0.8048157788091981E-02   0.7046220516550618E-04   0.1859297536182164E-06   0.1632557862504961E-04   0.1443824666061105E-03
  0.9572500000000001E+02   0.9839859101769218E+00   0.1395582210744016E-03  -0.8039358076496250E-02   0.7034463625683035E-04   0.1857165278865548E-06   0.1628975258950333E-04   0.1441377228754761E-03
  0.9577499999999999E+02   0.9840033390870627E+00   0.1393267373142822E-03  -0.8030573042222544E-02   0.7022733439556526E-04   0.1855036832987077E-06   0.1625402588232702E-04   0.1438935456619014E-03
  0.9582499999999999E+02   0.9840207390984388E+00   0.1390957756351800E-03  -0.8021802651946963E-02   0.7011029879841994E-04   0.1852912188893273E-06   0.1621839816899296E-04   0.1436499332690302E-03
  0.9587500000000000E+02   0.9840381102761999E+00   0.1388653345178803E-03  -0.8013046872442975E-02   0.6999352868506123E-04   0.1850791336965660E-06   0.1618286911630787E-04   0.1434068840070318E-03
  0.9592500000000000E+02   0.9840554526853065E+00   0.1386354124488582E-03  -0.8004305670581635E-02   0.6987702327809733E-04   0.1848674267620536E-06   0.1614743839240912E-04   0.1431643961925649E-03
  0.9597499999999999E+02   0.9840727663905301E+00   0.1384060079202494E-03  -0.7995579013330811E-02   0.6976078180306284E-04   0.1846560971308782E-06   0.1611210566675672E-04   0.1429224681487441E-03
  0.9602499999999999E+02   0.9840900514564546E+00   0.1381771194298202E-03  -0.7986866867755071E-02   0.6964480348840291E-04   0.1844451438515640E-06   0.1607687061012825E-04   0.1426810982051046E-03
  0.9607499999999999E+02   0.9841073079474759E+00   0.1379487454809385E-03  -0.7978169201015017E-02   0.6952908756545866E-04   0.1842345659760529E-06   0.1604173289461142E-04   0.1424402846975700E-03
  0.9612500000000000E+02   0.9841245359278040E+00   0.1377208845825444E-03  -0.7969485980367397E-02   0.6941363326845149E-04   0.1840243625596829E-06   0.1600669219359989E-04   0.1422000259684176E-03
  0.9617500000000001E+02   0.9841417354614623E+00   0.1374935352491211E-03  -0.7960817173164214E-02   0.6929843983446826E-04   0.1838145326611685E-06   0.1597174818178501E-04   0.1419603203662454E-03
  0.9622499999999999E+02   0.9841589066122892E+00   0.1372666960006671E-03  -0.7952162746852731E-02   0.6918350650344691E-04   0.1836050753425825E-06   0.1593690053515122E-04   0.1417211662459398E-03
  0.9627499999999999E+02   0.9841760494439388E+00   0.1370403653626663E-03  -0.7943522668975023E-02   0.6906883251816082E-04   0.1833959896693341E-06   0.1590214893096973E-04   0.1414825619686414E-03
  0.9632499999999999E+02   0.9841931640198807E+00   0.1368145418660620E-03  -0.7934896907167532E-02   0.6895441712420541E-04   0.1831872747101527E-06   0.1586749304779203E-04   0.1412445059017151E-03
  0.9637500000000000E+02   0.9842102504034017E+00   0.1365892240472272E-03  -0.7926285429160740E-02   0.6884025956998280E-04   0.1829789295370667E-06   0.1583293256544412E-04   0.1410069964187156E-03
  0.9642500000000001E+02   0.9842273086576060E+00   0.1363644104479374E-03  -0.7917688202778939E-02   0.6872635910668767E-04   0.1827709532253854E-06   0.1579846716502111E-04   0.1407700318993568E-03
  0.9647499999999999E+02   0.9842443388454157E+00   0.1361400996153443E-03  -0.7909105195940014E-02   0.6861271498829361E-04   0.1825633448536813E-06   0.1576409652888173E-04   0.1405336107294804E-03
  0.9652499999999999E+02   0.9842613410295723E+00   0.1359162901019465E-03  -0.7900536376654443E-02   0.6849932647153798E-04   0.1823561035037699E-06   0.1572982034063999E-04   0.1402977313010230E-03
  0.9657500000000000E+02   0.9842783152726359E+00   0.1356929804655650E-03  -0.7891981713025742E-02   0.6838619281590911E-04   0.1821492282606939E-06   0.1569563828516238E-04   0.1400623920119878E-03
  0.9662500000000000E+02   0.9842952616369873E+00   0.1354701692693143E-03  -0.7883441173249683E-02   0.6827331328363153E-04   0.1819427182127032E-06   0.1566155004856043E-04   0.1398275912664109E-03
  0.9667500000000000E+02   0.9843121801848282E+00   0.1352478550815774E-03  -0.7874914725614079E-02   0.6816068713965271E-04   0.1817365724512383E-06   0.1562755531818543E-04   0.1395933274743325E-03
  0.9672499999999999E+02   0.9843290709781812E+00   0.1350260364759787E-03  -0.7866402338498446E-02   0.6804831365162942E-04   0.1815307900709126E-06   0.1559365378262264E-04   0.1393595990517666E-03
  0.9677499999999999E+02   0.9843459340788916E+00   0.1348047120313585E-03  -0.7857903980373560E-02   0.6793619208991404E-04   0.1813253701694946E-06   0.1555984513168523E-04   0.1391264044206699E-03
  0.9682500000000000E+02   0.9843627695486269E+00   0.1345838803317463E-03  -0.7849419619801123E-02   0.6782432172754100E-04   0.1811203118478905E-06   0.1552612905640866E-04   0.1388937420089126E-03
  0.9687500000000000E+02   0.9843795774488784E+00   0.1343635399663356E-03  -0.7840949225433769E-02   0.6771270184021388E-04   0.1809156142101278E-06   0.1549250524904625E-04   0.1386616102502486E-03
  0.9692500000000000E+02   0.9843963578409614E+00   0.1341436895294591E-03  -0.7832492766014165E-02   0.6760133170629200E-04   0.1807112763633383E-06   0.1545897340306149E-04   0.1384300075842866E-03
  0.9697499999999999E+02   0.9844131107860155E+00   0.1339243276205623E-03  -0.7824050210375244E-02   0.6749021060677737E-04   0.1805072974177410E-06   0.1542553321312462E-04   0.1381989324564606E-03
  0.9702499999999999E+02   0.9844298363450061E+00   0.1337054528441792E-03  -0.7815621527439420E-02   0.6737933782530163E-04   0.1803036764866259E-06   0.1539218437510526E-04   0.1379683833180009E-03
  0.9707500000000000E+02   0.9844465345787243E+00   0.1334870638099070E-03  -0.7807206686218704E-02   0.6726871264811318E-04   0.1801004126863374E-06   0.1535892658606869E-04   0.1377383586259054E-03
  0.9712500000000000E+02   0.9844632055477878E+00   0.1332691591323815E-03  -0.7798805655813701E-02   0.6715833436406424E-04   0.1798975051362577E-06   0.1532575954426770E-04   0.1375088568429109E-03
  0.9717500000000000E+02   0.9844798493126414E+00   0.1330517374312535E-03  -0.7790418405414279E-02   0.6704820226459881E-04   0.1796949529587924E-06   0.1529268294914102E-04   0.1372798764374664E-03
  0.9722499999999999E+02   0.9844964659335581E+00   0.1328347973311626E-03  -0.7782044904298124E-02   0.6693831564373897E-04   0.1794927552793519E-06   0.1525969650130349E-04   0.1370514158837022E-03
  0.9727499999999999E+02   0.9845130554706391E+00   0.1326183374617153E-03  -0.7773685121831297E-02   0.6682867379807344E-04   0.1792909112263382E-06   0.1522679990254408E-04   0.1368234736614049E-03
  0.9732500000000000E+02   0.9845296179838144E+00   0.1324023564574592E-03  -0.7765339027467677E-02   0.6671927602674447E-04   0.1790894199311276E-06   0.1519399285581967E-04   0.1365960482559879E-03
  0.9737500000000000E+02   0.9845461535328445E+00   0.1321868529578601E-03  -0.7757006590748072E-02   0.6661012163143561E-04   0.1788882805280554E-06   0.1516127506524740E-04   0.1363691381584642E-03
  0.9742500000000000E+02   0.9845626621773191E+00   0.1319718256072792E-03  -0.7748687781301000E-02   0.6650120991636023E-04   0.1786874921544025E-06   0.1512864623610370E-04   0.1361427418654210E-03
  0.9747499999999999E+02   0.9845791439766597E+00   0.1317572730549480E-03  -0.7740382568841464E-02   0.6639254018824822E-04   0.1784870539503771E-06   0.1509610607481542E-04   0.1359168578789898E-03
  0.9752500000000001E+02   0.9845955989901188E+00   0.1315431939549464E-03  -0.7732090923170953E-02   0.6628411175633481E-04   0.1782869650591023E-06   0.1506365428895582E-04   0.1356914847068218E-03
  0.9757499999999999E+02   0.9846120272767815E+00   0.1313295869661789E-03  -0.7723812814177000E-02   0.6617592393234813E-04   0.1780872246265992E-06   0.1503129058723883E-04   0.1354666208620599E-03
  0.9762500000000000E+02   0.9846284288955655E+00   0.1311164507523519E-03  -0.7715548211833179E-02   0.6606797603049752E-04   0.1778878318017735E-06   0.1499901467951510E-04   0.1352422648633129E-03
  0.9767500000000000E+02   0.9846448039052212E+00   0.1309037839819520E-03  -0.7707297086198439E-02   0.6596026736746209E-04   0.1776887857364011E-06   0.1496682627676535E-04   0.1350184152346299E-03
  0.9772499999999999E+02   0.9846611523643337E+00   0.1306915853282213E-03  -0.7699059407417108E-02   0.6585279726237830E-04   0.1774900855851119E-06   0.1493472509109651E-04   0.1347950705054724E-03
  0.9777499999999999E+02   0.9846774743313222E+00   0.1304798534691370E-03  -0.7690835145718555E-02   0.6574556503682886E-04   0.1772917305053768E-06   0.1490271083573646E-04   0.1345722292106900E-03
  0.9782499999999999E+02   0.9846937698644412E+00   0.1302685870873881E-03  -0.7682624271416305E-02   0.6563857001483103E-04   0.1770937196574929E-06   0.1487078322502667E-04   0.1343498898904942E-03
  0.9787500000000000E+02   0.9847100390217809E+00   0.1300577848703535E-03  -0.7674426754908592E-02   0.6553181152282517E-04   0.1768960522045697E-06   0.1483894197442051E-04   0.1341280510904325E-03
  0.9792500000000000E+02   0.9847262818612673E+00   0.1298474455100807E-03  -0.7666242566677695E-02   0.6542528888966348E-04   0.1766987273125151E-06   0.1480718680047677E-04   0.1339067113613638E-03
  0.9797499999999999E+02   0.9847424984406640E+00   0.1296375677032631E-03  -0.7658071677289380E-02   0.6531900144659855E-04   0.1765017441500210E-06   0.1477551742085367E-04   0.1336858692594325E-03
  0.9802499999999999E+02   0.9847586888175714E+00   0.1294281501512186E-03  -0.7649914057392682E-02   0.6521294852727208E-04   0.1763051018885497E-06   0.1474393355430419E-04   0.1334655233460439E-03
  0.9807500000000000E+02   0.9847748530494285E+00   0.1292191915598685E-03  -0.7641769677720234E-02   0.6510712946770394E-04   0.1761087997023206E-06   0.1471243492067354E-04   0.1332456721878390E-03
  0.9812500000000000E+02   0.9847909911935122E+00   0.1290106906397164E-03  -0.7633638509087270E-02   0.6500154360628122E-04   0.1759128367682968E-06   0.1468102124089154E-04   0.1330263143566707E-03
  0.9817500000000000E+02   0.9848071033069390E+00   0.1288026461058262E-03  -0.7625520522391405E-02   0.6489619028374682E-04   0.1757172122661709E-06   0.1464969223696796E-04   0.1328074484295784E-03
  0.9822499999999999E+02   0.9848231894466652E+00   0.1285950566778012E-03  -0.7617415688612628E-02   0.6479106884318869E-04   0.1755219253783517E-06   0.1461844763198882E-04   0.1325890729887633E-03
  0.9827499999999999E+02   0.9848392496694871E+00   0.1283879210797643E-03  -0.7609323978812865E-02   0.6468617863002943E-04   0.1753269752899524E-06   0.1458728715011092E-04   0.1323711866215662E-03
  0.9832500000000000E+02   0.9848552840320419E+00   0.1281812380403358E-03  -0.7601245364135645E-02   0.6458151899201477E-04   0.1751323611887756E-06   0.1455621051655686E-04   0.1321537879204410E-03
  0.9837500000000000E+02   0.9848712925908084E+00   0.1279750062926137E-03  -0.7593179815805873E-02   0.6447708927920360E-04   0.1749380822653019E-06   0.1452521745761053E-04   0.1319368754829331E-03
  0.9842500000000000E+02   0.9848872754021073E+00   0.1277692245741530E-03  -0.7585127305129502E-02   0.6437288884395685E-04   0.1747441377126759E-06   0.1449430770061211E-04   0.1317204479116539E-03
  0.9847499999999999E+02   0.9849032325221017E+00   0.1275638916269451E-03  -0.7577087803493199E-02   0.6426891704092707E-04   0.1745505267266937E-06   0.1446348097395318E-04   0.1315045038142584E-03
  0.9852499999999999E+02   0.9849191640067978E+00   0.1273590061973982E-03  -0.7569061282364453E-02   0.6416517322704815E-04   0.1743572485057909E-06   0.1443273700707353E-04   0.1312890418034213E-03
  0.9857500000000000E+02   0.9849350699120455E+00   0.1271545670363165E-03  -0.7561047713290692E-02   0.6406165676152461E-04   0.1741643022510290E-06   0.1440207553045407E-04   0.1310740604968142E-03
  0.9862500000000000E+02   0.9849509502935390E+00   0.1269505728988811E-03  -0.7553047067899166E-02   0.6395836700582149E-04   0.1739716871660837E-06   0.1437149627561291E-04   0.1308595585170822E-03
  0.9867499999999998E+02   0.9849668052068169E+00   0.1267470225446294E-03  -0.7545059317896952E-02   0.6385530332365395E-04   0.1737794024572321E-06   0.1434099897510174E-04   0.1306455344918209E-03
  0.9872499999999999E+02   0.9849826347072633E+00   0.1265439147374358E-03  -0.7537084435070618E-02   0.6375246508097713E-04   0.1735874473333408E-06   0.1431058336250097E-04   0.1304319870535542E-03
  0.9877500000000001E+02   0.9849984388501083E+00   0.1263412482454920E-03  -0.7529122391285559E-02   0.6364985164597572E-04   0.1733958210058526E-06   0.1428024917241371E-04   0.1302189148397105E-03
  0.9882500000000000E+02   0.9850142176904279E+00   0.1261390218412884E-03  -0.7521173158485994E-02   0.6354746238905464E-04   0.1732045226887767E-06   0.1424999614046222E-04   0.1300063164926021E-03
  0.9887500000000000E+02   0.9850299712831451E+00   0.1259372343015932E-03  -0.7513236708695081E-02   0.6344529668282810E-04   0.1730135515986741E-06   0.1421982400328483E-04   0.1297941906594010E-03
  0.9892499999999998E+02   0.9850456996830306E+00   0.1257358844074348E-03  -0.7505313014013693E-02   0.6334335390211018E-04   0.1728229069546473E-06   0.1418973249852781E-04   0.1295825359921177E-03
  0.9897499999999999E+02   0.9850614029447027E+00   0.1255349709440817E-03  -0.7497402046620860E-02   0.6324163342390488E-04   0.1726325879783281E-06   0.1415972136484361E-04   0.1293713511475788E-03
  0.9902500000000001E+02   0.9850770811226284E+00   0.1253344927010239E-03  -0.7489503778773665E-02   0.6314013462739610E-04   0.1724425938938653E-06   0.1412979034188697E-04   0.1291606347874051E-03
  0.9907499999999999E+02   0.9850927342711234E+00   0.1251344484719547E-03  -0.7481618182806127E-02   0.6303885689393838E-04   0.1722529239279146E-06   0.1409993917030729E-04   0.1289503855779907E-03
  0.9912499999999999E+02   0.9851083624443535E+00   0.1249348370547512E-03  -0.7473745231129869E-02   0.6293779960704659E-04   0.1720635773096253E-06   0.1407016759174771E-04   0.1287406021904799E-03
  0.9917500000000000E+02   0.9851239656963340E+00   0.1247356572514557E-03  -0.7465884896233010E-02   0.6283696215238654E-04   0.1718745532706297E-06   0.1404047534883757E-04   0.1285312833007464E-03
  0.9922499999999999E+02   0.9851395440809309E+00   0.1245369078682578E-03  -0.7458037150680608E-02   0.6273634391776547E-04   0.1716858510450312E-06   0.1401086218519065E-04   0.1283224275893723E-03
  0.9927500000000001E+02   0.9851550976518614E+00   0.1243385877154757E-03  -0.7450201967113990E-02   0.6263594429312254E-04   0.1714974698693942E-06   0.1398132784539936E-04   0.1281140337416262E-03
  0.9932500000000000E+02   0.9851706264626942E+00   0.1241406956075385E-03  -0.7442379318250425E-02   0.6253576267051932E-04   0.1713094089827316E-06   0.1395187207503003E-04   0.1279061004474428E-03
  0.9937499999999999E+02   0.9851861305668501E+00   0.1239432303629667E-03  -0.7434569176883454E-02   0.6243579844413020E-04   0.1711216676264940E-06   0.1392249462062098E-04   0.1276986264014009E-03
  0.9942500000000000E+02   0.9852016100176025E+00   0.1237461908043565E-03  -0.7426771515881669E-02   0.6233605101023357E-04   0.1709342450445595E-06   0.1389319522967448E-04   0.1274916103027041E-03
  0.9947499999999999E+02   0.9852170648680783E+00   0.1235495757583592E-03  -0.7418986308189268E-02   0.6223651976720180E-04   0.1707471404832210E-06   0.1386397365065563E-04   0.1272850508551582E-03
  0.9952499999999999E+02   0.9852324951712572E+00   0.1233533840556653E-03  -0.7411213526825389E-02   0.6213720411549253E-04   0.1705603531911767E-06   0.1383482963298651E-04   0.1270789467671519E-03
  0.9957500000000000E+02   0.9852479009799738E+00   0.1231576145309873E-03  -0.7403453144884109E-02   0.6203810345763977E-04   0.1703738824195202E-06   0.1380576292704301E-04   0.1268732967516370E-03
  0.9962499999999999E+02   0.9852632823469172E+00   0.1229622660230393E-03  -0.7395705135533892E-02   0.6193921719824366E-04   0.1701877274217260E-06   0.1377677328414941E-04   0.1266680995261053E-03
  0.9967500000000000E+02   0.9852786393246314E+00   0.1227673373745228E-03  -0.7387969472017475E-02   0.6184054474396274E-04   0.1700018874536436E-06   0.1374786045657478E-04   0.1264633538125716E-03
  0.9972499999999999E+02   0.9852939719655160E+00   0.1225728274321072E-03  -0.7380246127651757E-02   0.6174208550350397E-04   0.1698163617734831E-06   0.1371902419752937E-04   0.1262590583375514E-03
  0.9977499999999999E+02   0.9853092803218271E+00   0.1223787350464136E-03  -0.7372535075827136E-02   0.6164383888761438E-04   0.1696311496418073E-06   0.1369026426115887E-04   0.1260552118320424E-03
  0.9982500000000000E+02   0.9853245644456772E+00   0.1221850590719974E-03  -0.7364836290007726E-02   0.6154580430907185E-04   0.1694462503215198E-06   0.1366158040254213E-04   0.1258518130315032E-03
  0.9987500000000000E+02   0.9853398243890356E+00   0.1219917983673307E-03  -0.7357149743730806E-02   0.6144798118267623E-04   0.1692616630778545E-06   0.1363297237768583E-04   0.1256488606758347E-03
  0.9992500000000000E+02   0.9853550602037298E+00   0.1217989517947861E-03  -0.7349475410606821E-02   0.6135036892524074E-04   0.1690773871783663E-06   0.1360443994352144E-04   0.1254463535093598E-03
  0.9997499999999999E+02   0.9853702719414448E+00   0.1216065182206194E-03  -0.7341813264318708E-02   0.6125296695558306E-04   0.1688934218929202E-06   0.1357598285789952E-04   0.1252442902808044E-03
