#   omega (eV)      epsilon_1       epsilon_2       n               kappa           mu (cm^(-1))    R               epsinv
  0.2500000000000000E-01   0.2325524341397746E+01   0.2915466761349295E-03   0.5249669998184920E+00   0.9559114268362219E-04   0.6591008232424104E-10   0.4322675241595005E-01   0.5390962468873388E-04
  0.7500000000000000E-01   0.2325596605369884E+01   0.8747570910046971E-03   0.5249907172269410E+00   0.2868073494228754E-03   0.5932609072649317E-09   0.4322985721440398E-01   0.1617404475708999E-03
  0.1250000000000000E+00   0.2325741161843686E+01   0.1458318831240590E-02   0.5250381603250271E+00   0.4781253575090157E-03   0.1648336906015751E-08   0.4323606806348901E-01   0.2696060009629816E-03
  0.1750000000000000E+00   0.2325958067910739E+01   0.2042466572650867E-02   0.5251093456839486E+00   0.6696131586994195E-03   0.3231887392845738E-08   0.4324538746895010E-01   0.3775294718804984E-03
  0.2250000000000000E+00   0.2326247409289858E+01   0.2627435680590817E-02   0.5252042981825789E+00   0.8613389313555071E-03   0.5345037882468764E-08   0.4325781919288462E-01   0.4855340974322418E-03
  0.2750000000000000E+00   0.2326609300425019E+01   0.3213462488188896E-02   0.5253230510340183E+00   0.1053371115715614E-02   0.7989291947585204E-08   0.4327336825792798E-01   0.5936431850178282E-03
  0.3250000000000000E+00   0.2327043884616300E+01   0.3800784576992493E-02   0.5254656458210869E+00   0.1245778489802276E-02   0.1116653370491783E-07   0.4329204095284890E-01   0.7018801326862555E-03
  0.3749999999999999E+00   0.2327551334184142E+01   0.4389641060743858E-02   0.5256321325408453E+00   0.1438630246150225E-02   0.1487903093779266E-07   0.4331384483956842E-01   0.8102684497028489E-03
  0.4250000000000000E+00   0.2328131850667330E+01   0.4980272873009107E-02   0.5258225696582486E+00   0.1631996069544502E-02   0.1912943886540723E-07   0.4333878876161899E-01   0.9188317773726161E-03
  0.4749999999999999E+00   0.2328785665055152E+01   0.5572923059402286E-02   0.5260370241690517E+00   0.1825946215963148E-02   0.2392080457108452E-07   0.4336688285406336E-01   0.1027593910169520E-02
  0.5250000000000000E+00   0.2329513038054317E+01   0.6167837075165217E-02   0.5262755716721199E+00   0.2020551592923684E-02   0.2925657210402468E-07   0.4339813855489716E-01   0.1136578817222199E-02
  0.5750000000000001E+00   0.2330314260391262E+01   0.6765263088890132E-02   0.5265382964513079E+00   0.2215883841439521E-02   0.3514058827137458E-07   0.4343256861796164E-01   0.1245810664208660E-02
  0.6249999999999999E+00   0.2331189653150598E+01   0.7365452293198148E-02   0.5268252915671077E+00   0.2412015419799070E-02   0.4157710913982335E-07   0.4347018712739873E-01   0.1355313835713985E-02
  0.6749999999999999E+00   0.2332139568150501E+01   0.7968659223220417E-02   0.5271366589582744E+00   0.2609019689389220E-02   0.4857080726844511E-07   0.4351100951368179E-01   0.1465112958107554E-02
  0.7250000000000001E+00   0.2333164388356006E+01   0.8575142083763483E-02   0.5274725095536799E+00   0.2806971002793726E-02   0.5612677969713296E-07   0.4355505257126183E-01   0.1575232922998449E-02
  0.7749999999999999E+00   0.2334264528331193E+01   0.9185163086081864E-02   0.5278329633946572E+00   0.3005944794407878E-02   0.6425055671774327E-07   0.4360233447787230E-01   0.1685698911330604E-02
  0.8250000000000000E+00   0.2335440434731418E+01   0.9798988795226126E-02   0.5282181497681353E+00   0.3206017673822566E-02   0.7294811145799907E-07   0.4365287481553891E-01   0.1796536418182234E-02
  0.8749999999999999E+00   0.2336692586836819E+01   0.1041689048898460E-01   0.5286282073508874E+00   0.3407267522243708E-02   0.8222587031130367E-07   0.4370669459334798E-01   0.1907771278337436E-02
  0.9249999999999999E+00   0.2338021497128447E+01   0.1103914452949401E-01   0.5290632843652463E+00   0.3609773592227952E-02   0.9209072424893212E-07   0.4376381627202868E-01   0.2019429692701748E-02
  0.9750000000000001E+00   0.2339427711908502E+01   0.1166603274865468E-01   0.5295235387466772E+00   0.3813616611031061E-02   0.1025500410545820E-06   0.4382426379041289E-01   0.2131538255637398E-02
  0.1025000000000000E+01   0.2340911811966270E+01   0.1229784284855595E-01   0.5300091383236198E+00   0.4018878887883733E-02   0.1136116785250557E-06   0.4388806259383773E-01   0.2244123983298865E-02
  0.1075000000000000E+01   0.2342474413291511E+01   0.1293486881819128E-01   0.5305202610100668E+00   0.4225644425528518E-02   0.1252839986848775E-06   0.4395523966456682E-01   0.2357214343054146E-02
  0.1125000000000000E+01   0.2344116167837153E+01   0.1357741136782610E-01   0.5310570950113545E+00   0.4433999036373431E-02   0.1375758830670115E-06   0.4402582355430606E-01   0.2470837284082943E-02
  0.1175000000000000E+01   0.2345837764333351E+01   0.1422577838247290E-01   0.5316198390437159E+00   0.4644030463641332E-02   0.1504967491165301E-06   0.4409984441890239E-01   0.2585021269249089E-02
  0.1225000000000000E+01   0.2347639929155086E+01   0.1488028539602712E-01   0.5322087025681534E+00   0.4855828507920002E-02   0.1640565677791367E-06   0.4417733405531560E-01   0.2699795308351194E-02
  0.1275000000000000E+01   0.2349523427245682E+01   0.1554125608772867E-01   0.5328239060392634E+00   0.5069485159546624E-02   0.1782658823419280E-06   0.4425832594096445E-01   0.2815188992863140E-02
  0.1325000000000000E+01   0.2351489063098775E+01   0.1620902280273388E-01   0.5334656811696690E+00   0.5285094737291497E-02   0.1931358285997015E-06   0.4434285527555323E-01   0.2931232532284108E-02
  0.1375000000000000E+01   0.2353537681801493E+01   0.1688392709871619E-01   0.5341342712107862E+00   0.5502754033840492E-02   0.2086781564265565E-06   0.4443095902549499E-01   0.3047956792226957E-02
  0.1425000000000000E+01   0.2355670170141797E+01   0.1756632032055919E-01   0.5348299312506923E+00   0.5722562468613334E-02   0.2249052528395260E-06   0.4452267597105602E-01   0.3165393334383588E-02
  0.1475000000000000E+01   0.2357887457783166E+01   0.1825656420536647E-01   0.5355529285299299E+00   0.5944622248496669E-02   0.2418301666486045E-06   0.4461804675635592E-01   0.3283574458517006E-02
  0.1525000000000000E+01   0.2360190518510037E+01   0.1895503152018939E-01   0.5363035427761369E+00   0.6169038537116563E-02   0.2594666347958445E-06   0.4471711394236633E-01   0.3402533246641779E-02
  0.1575000000000000E+01   0.2362580371547698E+01   0.1966210673506679E-01   0.5370820665584690E+00   0.6395919633325209E-02   0.2778291104952651E-06   0.4481992206306578E-01   0.3522303609567787E-02
  0.1625000000000000E+01   0.2365058082960588E+01   0.2037818673418636E-01   0.5378888056628459E+00   0.6625377159632536E-02   0.2969327932952656E-06   0.4492651768491566E-01   0.3642920335997017E-02
  0.1675000000000000E+01   0.2367624767133255E+01   0.2110368156821038E-01   0.5387240794891333E+00   0.6857526261373950E-02   0.3167936611960923E-06   0.4503694946983936E-01   0.3764419144379074E-02
  0.1725000000000000E+01   0.2370281588338579E+01   0.2183901525107049E-01   0.5395882214714589E+00   0.7092485817473288E-02   0.3374285049668677E-06   0.4515126824189683E-01   0.3886836737749159E-02
  0.1775000000000000E+01   0.2373029762398174E+01   0.2258462660482077E-01   0.5404815795229516E+00   0.7330378663734059E-02   0.3588549648197883E-06   0.4526952705786462E-01   0.4010210861791845E-02
  0.1825000000000000E+01   0.2375870558440299E+01   0.2334097015645587E-01   0.5414045165062848E+00   0.7571331829674415E-02   0.3810915696135360E-06   0.4539178128194537E-01   0.4134580366395952E-02
  0.1875000000000000E+01   0.2378805300760996E+01   0.2410851709095069E-01   0.5423574107315239E+00   0.7815476790012077E-02   0.4041577787738492E-06   0.4551808866485025E-01   0.4259985270990013E-02
  0.1925000000000000E+01   0.2381835370794613E+01   0.2488775626516456E-01   0.5433406564828756E+00   0.8062949732005813E-02   0.4280740271367253E-06   0.4564850942751461E-01   0.4386466833974574E-02
  0.1975000000000000E+01   0.2384962209200380E+01   0.2567919528768340E-01   0.5443546645760833E+00   0.8313891839971938E-02   0.4528617729391408E-06   0.4578310634973059E-01   0.4514067626597650E-02
  0.2025000000000000E+01   0.2388187318072181E+01   0.2648336167014751E-01   0.5453998629483250E+00   0.8568449598417318E-02   0.4785435492035804E-06   0.4592194486399949E-01   0.4642831611652462E-02
  0.2075000000000000E+01   0.2391512263279269E+01   0.2730080405614307E-01   0.5464766972826349E+00   0.8826775115368441E-02   0.5051430187864811E-06   0.4606509315493433E-01   0.4772804227413887E-02
  0.2125000000000000E+01   0.2394938676946277E+01   0.2813209353432184E-01   0.5475856316690220E+00   0.9089026467628245E-02   0.5326850333870295E-06   0.4621262226456745E-01   0.4904032477270826E-02
  0.2175000000000000E+01   0.2398468260081523E+01   0.2897782504306885E-01   0.5487271493046300E+00   0.9355368069862962E-02   0.5611956968420921E-06   0.4636460620394741E-01   0.5036565025557890E-02
  0.2225000000000000E+01   0.2402102785363383E+01   0.2983861887476807E-01   0.5499017532354802E+00   0.9625971069610958E-02   0.5907024330656888E-06   0.4652112207144232E-01   0.5170452300141022E-02
  0.2275000000000000E+01   0.2405844100095244E+01   0.3071512228852963E-01   0.5511099671425388E+00   0.9901013770517237E-02   0.6212340590277708E-06   0.4668225017819955E-01   0.5305746602369051E-02
  0.2325000000000000E+01   0.2409694129340467E+01   0.3160801124115476E-01   0.5523523361750742E+00   0.1018068208633469E-01   0.6528208632077120E-06   0.4684807418125053E-01   0.5442502225067718E-02
  0.2375000000000000E+01   0.2413654879249694E+01   0.3251799224713371E-01   0.5536294278345204E+00   0.1046517002849835E-01   0.6854946900033235E-06   0.4701868122479115E-01   0.5580775579324852E-02
  0.2425000000000000E+01   0.2417728440593901E+01   0.3344580437961762E-01   0.5549418329123308E+00   0.1075468023037725E-01   0.7192890306271069E-06   0.4719416209021288E-01   0.5720625330896877E-02
  0.2475000000000000E+01   0.2421916992517696E+01   0.3439222142558847E-01   0.5562901664855866E+00   0.1104942451164263E-01   0.7542391210785287E-06   0.4737461135550943E-01   0.5862112547158087E-02
  0.2525000000000000E+01   0.2426222806528636E+01   0.3535805420989976E-01   0.5576750689744707E+00   0.1134962448656847E-01   0.7903820478453035E-06   0.4756012756474020E-01   0.6005300855617724E-02
  0.2575000000000000E+01   0.2430648250739645E+01   0.3634415310448892E-01   0.5590972072660407E+00   0.1165551222050494E-01   0.8277568620589225E-06   0.4775081340828938E-01   0.6150256615146466E-02
  0.2625000000000000E+01   0.2435195794383145E+01   0.3735141074090259E-01   0.5605572759091395E+00   0.1196733093924497E-01   0.8664047029111669E-06   0.4794677591472787E-01   0.6297049101186094E-02
  0.2675000000000000E+01   0.2439868012617111E+01   0.3838076494635767E-01   0.5620559983856994E+00   0.1228533579654703E-01   0.9063689312304856E-06   0.4814812665515777E-01   0.6445750706366118E-02
  0.2725000000000000E+01   0.2444667591645052E+01   0.3943320192591770E-01   0.5635941284641524E+00   0.1260979470569231E-01   0.9476952742213917E-06   0.4835498196099845E-01   0.6596437158121329E-02
  0.2775000000000000E+01   0.2449597334173902E+01   0.4050975971604200E-01   0.5651724516411776E+00   0.1294098924165356E-01   0.9904319824883838E-06   0.4856746315626404E-01   0.6749187755098320E-02
  0.2825000000000000E+01   0.2454660165235906E+01   0.4161153193780794E-01   0.5667917866785690E+00   0.1327921562124727E-01   0.1034630000600372E-05   0.4878569680547837E-01   0.6904085624360187E-02
  0.2875000000000000E+01   0.2459859138403039E+01   0.4273967188157700E-01   0.5684529872426223E+00   0.1362478576954811E-01   0.1080343152604828E-05   0.4900981497848386E-01   0.7061218001651493E-02
  0.2925000000000000E+01   0.2465197442424997E+01   0.4389539695883765E-01   0.5701569436541167E+00   0.1397802848187996E-01   0.1127628344075747E-05   0.4923995553351927E-01   0.7220676537275463E-02
  0.2975000000000000E+01   0.2470678408324740E+01   0.4507999356149117E-01   0.5719045847577029E+00   0.1433929069188379E-01   0.1176545782479594E-05   0.4947626242007528E-01   0.7382557630467732E-02
  0.3024999999999999E+01   0.2476305516988658E+01   0.4629482237404871E-01   0.5736968799203270E+00   0.1470893885752398E-01   0.1227159217872765E-05   0.4971888600318388E-01   0.7546962795533903E-02
  0.3075000000000000E+01   0.2482082407291907E+01   0.4754132419018448E-01   0.5755348411692183E+00   0.1508736047845938E-01   0.1279536206207725E-05   0.4996798341096192E-01   0.7713999063459195E-02
  0.3125000000000000E+01   0.2488012884803235E+01   0.4882102629197871E-01   0.5774195254809382E+00   0.1547496576001039E-01   0.1333748397828608E-05   0.5022371890740858E-01   0.7883779423208830E-02
  0.3175000000000000E+01   0.2494100931117785E+01   0.5013554945813756E-01   0.5793520372340795E+00   0.1587218944103811E-01   0.1389871854087680E-05   0.5048626429265979E-01   0.8056423307528560E-02
  0.3225000000000000E+01   0.2500350713870910E+01   0.5148661567668598E-01   0.5813335308393717E+00   0.1627949280546682E-01   0.1447987395419917E-05   0.5075579933312517E-01   0.8232057128741413E-02
  0.3275000000000000E+01   0.2506766597491011E+01   0.5287605664831755E-01   0.5833652135622436E+00   0.1669736589998633E-01   0.1508180984684017E-05   0.5103251222417955E-01   0.8410814870835972E-02
  0.3325000000000000E+01   0.2513353154754832E+01   0.5430582317902129E-01   0.5854483485542958E+00   0.1712632998373630E-01   0.1570544150126219E-05   0.5131660008835857E-01   0.8592838745075047E-02
  0.3375000000000000E+01   0.2520115179214566E+01   0.5577799557511376E-01   0.5875842581116590E+00   0.1756694023958719E-01   0.1635174452962884E-05   0.5160826951230894E-01   0.8778279917445826E-02
  0.3425000000000000E+01   0.2527057698572484E+01   0.5729479517077811E-01   0.5897743271798672E+00   0.1801978878109527E-01   0.1702176005326015E-05   0.5190773712608360E-01   0.8967299317555303E-02
  0.3475000000000000E+01   0.2534185989085686E+01   0.5885859713812291E-01   0.5920200071266375E+00   0.1848550799444853E-01   0.1771660045194009E-05   0.5221523022874197E-01   0.9160068540084427E-02
  0.3525000000000000E+01   0.2541505591090884E+01   0.6047194475319570E-01   0.5943228198058417E+00   0.1896477426088652E-01   0.1843745575963150E-05   0.5253098746462612E-01   0.9356770851696230E-02
  0.3574999999999999E+01   0.2549022325746868E+01   0.6213756531902381E-01   0.5966843619379283E+00   0.1945831211235957E-01   0.1918560079535135E-05   0.5285525955513263E-01   0.9557602318403321E-02
  0.3625000000000000E+01   0.2556742313100342E+01   0.6385838797945848E-01   0.5991063098341207E+00   0.1996689888181439E-01   0.1996240313240031E-05   0.5318831009129067E-01   0.9762773070905315E-02
  0.3675000000000000E+01   0.2564671991588986E+01   0.6563756369641305E-01   0.6015904244937822E+00   0.2049136991973439E-01   0.2076933202629271E-05   0.5353041639298828E-01   0.9972508728390561E-02
  0.3725000000000000E+01   0.2572818139103613E+01   0.6747848770930284E-01   0.6041385571063744E+00   0.2103262446076476E-01   0.2160796844217063E-05   0.5388187044125867E-01   0.1018705200486165E-01
  0.3775000000000000E+01   0.2581187895738883E+01   0.6938482485068184E-01   0.6067526549913087E+00   0.2159163223883304E-01   0.2248001634691484E-05   0.5424297989064333E-01   0.1040666452631533E-01
  0.3825000000000000E+01   0.2589788788368312E+01   0.7136053815819100E-01   0.6094347680105230E+00   0.2216944096665757E-01   0.2338731546046347E-05   0.5461406916927387E-01   0.1063162889224277E-01
  0.3874999999999999E+01   0.2598628757183804E+01   0.7340992130238400E-01   0.6121870554896149E+00   0.2276718481655644E-01   0.2433185569609989E-05   0.5499548067494592E-01   0.1086225102110674E-01
  0.3925000000000000E+01   0.2607716184340946E+01   0.7553763544576787E-01   0.6150117936834254E+00   0.2338609406482599E-01   0.2531579356202387E-05   0.5538757607606503E-01   0.1109886282693943E-01
  0.3975000000000000E+01   0.2617059924847408E+01   0.7774875126418634E-01   0.6179113838206465E+00   0.2402750609263442E-01   0.2634147084805252E-05   0.5579073772688060E-01   0.1134182528328507E-01
  0.4025000000000000E+01   0.2626669339819969E+01   0.8004879700207015E-01   0.6208883607585649E+00   0.2469287797359710E-01   0.2741143598390229E-05   0.5620537020681816E-01   0.1159153194175652E-01
  0.4074999999999999E+01   0.2636554332212561E+01   0.8244381360377266E-01   0.6239454022724669E+00   0.2538380092348085E-01   0.2852846853178507E-05   0.5663190199387179E-01   0.1184841298594137E-01
  0.4125000000000000E+01   0.2646725385077582E+01   0.8494041817124430E-01   0.6270853389930287E+00   0.2610201694270451E-01   0.2969560736926195E-05   0.5707078728176550E-01   0.1211293991785183E-01
  0.4175000000000000E+01   0.2657193602358139E+01   0.8754587725236654E-01   0.6303111649871409E+00   0.2684943804977777E-01   0.3091618323247131E-05   0.5752250794970772E-01   0.1238563099426259E-01
  0.4225000000000000E+01   0.2667970752108689E+01   0.9026819177500367E-01   0.6336260489500425E+00   0.2762816858638502E-01   0.3219385642998069E-05   0.5798757569169891E-01   0.1266705755497917E-01
  0.4275000000000000E+01   0.2679069311890105E+01   0.9311619582216756E-01   0.6370333459351625E+00   0.2844053117591643E-01   0.3353266070973899E-05   0.5846653430901434E-01   0.1295785141536286E-01
  0.4325000000000000E+01   0.2690502515859876E+01   0.9609967190901846E-01   0.6405366094864664E+00   0.2928909704096769E-01   0.3493705447336648E-05   0.5895996216392198E-01   0.1325871353253313E-01
  0.4375000000000000E+01   0.2702284402746538E+01   0.9922948599063357E-01   0.6441396039476768E+00   0.3017672153641263E-01   0.3641198079215442E-05   0.5946847478383570E-01   0.1357042419998300E-01
  0.4425000000000000E+01   0.2714429863412925E+01   0.1025177461203799E+00   0.6478463165907384E+00   0.3110658593832975E-01   0.3796293799780692E-05   0.5999272759134238E-01   0.1389385508040497E-01
  0.4475000000000000E+01   0.2726954686008388E+01   0.1059779895124798E+00   0.6516609690142083E+00   0.3208224675059453E-01   0.3959606300913749E-05   0.6053341871455397E-01   0.1422998345281829E-01
  0.4525000000000000E+01   0.2739875595689337E+01   0.1096254037557709E+00   0.6555880269846572E+00   0.3310769405461120E-01   0.4131823002418333E-05   0.6109129180059114E-01   0.1457990912870034E-01
  0.4575000000000000E+01   0.2753210284412486E+01   0.1134770890847289E+00   0.6596322074932670E+00   0.3418742073465976E-01   0.4313716776286158E-05   0.6166713870771882E-01   0.1494487458273497E-01
  0.4625000000000000E+01   0.2766977424179319E+01   0.1175523699193495E+00   0.6637984812222857E+00   0.3532650475584981E-01   0.4506159908690634E-05   0.6226180188147538E-01   0.1532628894453087E-01
  0.4675000000000000E+01   0.2781196654057333E+01   0.1218731652663860E+00   0.6680920677869369E+00   0.3653070703347793E-01   0.4710140753048908E-05   0.6287617611666083E-01   0.1572575660083935E-01
  0.4725000000000000E+01   0.2795888526942008E+01   0.1264644288601071E+00   0.6725184199345489E+00   0.3780658776393507E-01   0.4926783598680583E-05   0.6351120925558174E-01   0.1614511124671715E-01
  0.4774999999999999E+01   0.2811074395844769E+01   0.1313546707579301E+00   0.6770831912067672E+00   0.3916164429011185E-01   0.5157372337962693E-05   0.6416790115334457E-01   0.1658645626513834E-01
  0.4825000000000000E+01   0.2826776210858914E+01   0.1365765718205497E+00   0.6817921792314423E+00   0.4060447346204317E-01   0.5403378533849565E-05   0.6484729992700873E-01   0.1705221224471780E-01
  0.4875000000000000E+01   0.2843016186158715E+01   0.1421676998820307E+00   0.6866512336195636E+00   0.4214496069141038E-01   0.5666494419819746E-05   0.6555049406598748E-01   0.1754517215232168E-01
  0.4925000000000000E+01   0.2859816280848988E+01   0.1481713293787685E+00   0.6916661132509558E+00   0.4379449591681557E-01   0.5948671119389587E-05   0.6627859838659426E-01   0.1806856397245299E-01
  0.4975000000000000E+01   0.2877197418255185E+01   0.1546373514413293E+00   0.6968422725712664E+00   0.4556621258822234E-01   0.6252161810994059E-05   0.6703273105299445E-01   0.1862611921107005E-01
  0.5025000000000000E+01   0.2895178347031055E+01   0.1616232341343187E+00   0.7021845508863558E+00   0.4747523823141232E-01   0.6579568475092857E-05   0.6781397800457949E-01   0.1922214311615952E-01
  0.5074999999999999E+01   0.2913774029350133E+01   0.1691949466799041E+00   0.7076967339634701E+00   0.4953893256187588E-01   0.6933888971759718E-05   0.6862334029185917E-01   0.1986157829619818E-01
  0.5124999999999999E+01   0.2932993437065876E+01   0.1774276919766201E+00   0.7133809564891949E+00   0.5177707015612525E-01   0.7318558251757322E-05   0.6946165940286128E-01   0.2055004726969900E-01
  0.5175000000000000E+01   0.2952836663072805E+01   0.1864061988653265E+00   0.7192369217573469E+00   0.5421189962427873E-01   0.7737473452495839E-05   0.7032951628231876E-01   0.2129385162210703E-01
  0.5225000000000000E+01   0.2973291331174101E+01   0.1962242211320442E+00   0.7252609364174718E+00   0.5686798355833250E-01   0.8194987892161284E-05   0.7122710211608906E-01   0.2209989732290954E-01
  0.5274999999999999E+01   0.2994328423098500E+01   0.2069827956202482E+00   0.7314447952926939E+00   0.5977169938740627E-01   0.8695854406804649E-05   0.7215406339457715E-01   0.2297550964631933E-01
  0.5325000000000000E+01   0.3015897834450286E+01   0.2187867355401050E+00   0.7377746027679153E+00   0.6295026270714942E-01   0.9245094426403053E-05   0.7310933004729593E-01   0.2392809743175278E-01
  0.5375000000000000E+01   0.3037924266545919E+01   0.2317387549701337E+00   0.7442296943337625E+00   0.6643011402768551E-01   0.9847764601537512E-05   0.7409094496946005E-01   0.2496462096200400E-01
  0.5424999999999999E+01   0.3060304646798952E+01   0.2459306102018689E+00   0.7507819774191649E+00   0.7023450474524426E-01   0.1050859026869149E-04   0.7509593380685912E-01   0.2609081357598401E-01
  0.5475000000000001E+01   0.3082909284417406E+01   0.2614312192356478E+00   0.7573962868186670E+00   0.7438026960581116E-01   0.1123145610178949E-04   0.7612029414114103E-01   0.2731015036126201E-01
  0.5525000000000000E+01   0.3105589608859605E+01   0.2782737210940674E+00   0.7640325299450765E+00   0.7887431676294868E-01   0.1201882702625212E-04   0.7715921807684886E-01   0.2862273175647487E-01
  0.5574999999999999E+01   0.3128193482767946E+01   0.2964462136988158E+00   0.7706498909717212E+00   0.8371113205675235E-01   0.1287129603688965E-04   0.7820760764405031E-01   0.3002450697507221E-01
  0.5625000000000000E+01   0.3150584356848950E+01   0.3158905854877102E+00   0.7772120525041921E+00   0.8887250821943349E-01   0.1378745653570218E-04   0.7926076215769803E-01   0.3150723849875935E-01
  0.5675000000000000E+01   0.3172658865902879E+01   0.3365077653745006E+00   0.7836919092297110E+00   0.9432900481110042E-01   0.1476404331691690E-04   0.8031502088814990E-01   0.3305901437643825E-01
  0.5725000000000000E+01   0.3194365721743659E+01   0.3581639130612052E+00   0.7900765416740165E+00   0.1000415079252038E+00   0.1579610138471056E-04   0.8136844744574437E-01   0.3466464545179320E-01
  0.5775000000000000E+01   0.3215737408625437E+01   0.3807046052939137E+00   0.7963757715078128E+00   0.1059646348309307E+00   0.1687746152729567E-04   0.8242208241931534E-01   0.3630632502246142E-01
  0.5825000000000000E+01   0.3236930096336384E+01   0.4040047081468682E+00   0.8026334753065025E+00   0.1120595821838311E+00   0.1800276120305944E-04   0.8348186353531611E-01   0.3796702644859672E-01
  0.5875000000000000E+01   0.3258226904738470E+01   0.4280710709833888E+00   0.8089297706157166E+00   0.1183216391086547E+00   0.1917194791830623E-04   0.8455972576966952E-01   0.3963882568789318E-01
  0.5925000000000000E+01   0.3279947533536591E+01   0.4531565959320044E+00   0.8153582407056763E+00   0.1248118927082543E+00   0.2039569533873343E-04   0.8567142877835596E-01   0.4133355692929844E-01
  0.5975000000000000E+01   0.3302266898599131E+01   0.4797950094901949E+00   0.8219779227458255E+00   0.1316687220795508E+00   0.2169775107075234E-04   0.8683039518556596E-01   0.4308825216915749E-01
  0.6024999999999999E+01   0.3325028496169872E+01   0.5086992008495597E+00   0.8287625731596551E+00   0.1390828990913379E+00   0.2311133209906197E-04   0.8804016605716096E-01   0.4495958128809710E-01
  0.6075000000000000E+01   0.3347648866564381E+01   0.5405577396269348E+00   0.8355734617271937E+00   0.1472449212461085E+00   0.2467066173616627E-04   0.8928925525767541E-01   0.4700929008317271E-01
  0.6125000000000000E+01   0.3369140514383408E+01   0.5758118123056205E+00   0.8421634269670297E+00   0.1562868429251272E+00   0.2640114142984457E-04   0.9054998429429052E-01   0.4928770202025768E-01
  0.6175000000000000E+01   0.3388223435040206E+01   0.6144609788983609E+00   0.8482035864134430E+00   0.1662319517761465E+00   0.2831037736099243E-04   0.9178032725027947E-01   0.5181992349744224E-01
  0.6225000000000001E+01   0.3403509876312945E+01   0.6558999963829688E+00   0.8533272493693025E+00   0.1769520187560441E+00   0.3038009095048495E-04   0.9292782015837921E-01   0.5459425628372010E-01
  0.6274999999999999E+01   0.3413791782383264E+01   0.6988065538221057E+00   0.8571985366806807E+00   0.1881345855115369E+00   0.3255941275956674E-04   0.9393657894112301E-01   0.5755139223322416E-01
  0.6324999999999999E+01   0.3418446197888478E+01   0.7411742306587297E+00   0.8596127190512433E+00   0.1992818781743087E+00   0.3476342274761255E-04   0.9475940017035762E-01   0.6057763352094491E-01
  0.6375000000000000E+01   0.3417859088557415E+01   0.7806207155455448E+00   0.8606087445743846E+00   0.2097756225810151E+00   0.3688326849404993E-04   0.9537435406818594E-01   0.6351090179889268E-01
  0.6425000000000000E+01   0.3413631850544189E+01   0.8149912211110104E+00   0.8605380258532072E+00   0.2190203075095095E+00   0.3881072080524622E-04   0.9579994412393908E-01   0.6616749702161955E-01
  0.6475000000000000E+01   0.3408353069276013E+01   0.8430432469786371E+00   0.8600295996905551E+00   0.2266209223549159E+00   0.4047007114294144E-04   0.9609960056696794E-01   0.6838668967999036E-01
  0.6525000000000000E+01   0.3404969589391144E+01   0.8648598183156075E+00   0.8598466947410468E+00   0.2325083623185472E+00   0.4184208192726362E-04   0.9637038317872484E-01   0.7007566072886512E-01
  0.6574999999999999E+01   0.3406069541707136E+01   0.8817932189286450E+00   0.8607029901178262E+00   0.2369516316176841E+00   0.4296844656830460E-04   0.9672065336226265E-01   0.7123374668972497E-01
  0.6624999999999999E+01   0.3413400560248537E+01   0.8960573321377736E+00   0.8631229909956162E+00   0.2404718680592681E+00   0.4393841151497154E-04   0.9724758867285134E-01   0.7194807696435869E-01
  0.6675000000000000E+01   0.3427712734555476E+01   0.9102367282588474E+00   0.8673811167443481E+00   0.2437201276421235E+00   0.4486801529243567E-04   0.9802229769402802E-01   0.7236883023513145E-01
  0.6725000000000001E+01   0.3448823749678614E+01   0.9268882280279870E+00   0.8735032712162873E+00   0.2473676566964964E+00   0.4588063246139839E-04   0.9908364219395216E-01   0.7267712519066051E-01
  0.6774999999999999E+01   0.3475783532306791E+01   0.9482719792383681E+00   0.8813028214573058E+00   0.2520253434010725E+00   0.4709206198630129E-04   0.1004386107769156E+00   0.7305475553734818E-01
  0.6824999999999999E+01   0.3507066161672032E+01   0.9761930545589416E+00   0.8904311431196550E+00   0.2581932322983195E+00   0.4860060800798356E-04   0.1020668855260366E+00   0.7366123850631931E-01
  0.6875000000000000E+01   0.3540746175320434E+01   0.1011924850038890E+01   0.9004283150935191E+00   0.2662359958547276E+00   0.5048166467889353E-04   0.1039272329400468E+00   0.7462090917216416E-01
  0.6924999999999999E+01   0.3574635179682147E+01   0.1056172083835582E+01   0.9107637087252367E+00   0.2763743311150194E+00   0.5278513960712015E-04   0.1059633780175253E+00   0.7601906337512666E-01
  0.6975000000000001E+01   0.3606389944882476E+01   0.1109023238524899E+01   0.9208656695347333E+00   0.2886779789222648E+00   0.5553311825011698E-04   0.1081080819533435E+00   0.7790283228307456E-01
  0.7024999999999999E+01   0.3633645563804886E+01   0.1169865474988469E+01   0.9301515393227433E+00   0.3030501624237635E+00   0.5871580804063685E-04   0.1102860537846322E+00   0.8028192833745698E-01
  0.7075000000000000E+01   0.3654246075731207E+01   0.1237294283131233E+01   0.9380761278974208E+00   0.3192068323119867E+00   0.6228634040304921E-04   0.1124180330815863E+00   0.8312685261675024E-01
  0.7125000000000000E+01   0.3666608648987346E+01   0.1309124243884347E+01   0.9442111298561262E+00   0.3366723458632870E+00   0.6615863040880610E-04   0.1144288447157894E+00   0.8636623133597959E-01
  0.7174999999999999E+01   0.3670150233035119E+01   0.1382645234187467E+01   0.9483457889332911E+00   0.3548254221711993E+00   0.7021514965886774E-04   0.1162605973138894E+00   0.8988891237393715E-01
  0.7225000000000000E+01   0.3665563997454026E+01   0.1455197492221073E+01   0.9505659180121577E+00   0.3730193065467073E+00   0.7432986672405917E-04   0.1178881870129977E+00   0.9355801164045539E-01
  0.7274999999999999E+01   0.3654676786212067E+01   0.1524930580844697E+01   0.9512479144616575E+00   0.3907577734081575E+00   0.7840338550955718E-04   0.1193294852367283E+00   0.9724035332927967E-01
  0.7325000000000000E+01   0.3639781162929248E+01   0.1591383172317246E+01   0.9509292440450003E+00   0.4078526110505468E+00   0.8239579877211192E-04   0.1206412791343848E+00   0.1008448676925322E+00
  0.7374999999999999E+01   0.3622674342104577E+01   0.1655506615213076E+01   0.9500893898963472E+00   0.4244694176047671E+00   0.8633812688649466E-04   0.1218979566682371E+00   0.1043530892809587E+00
  0.7424999999999999E+01   0.3603875165707342E+01   0.1719047936332742E+01   0.9489419014210307E+00   0.4410208265006089E+00   0.9031289191757964E-04   0.1231604929209680E+00   0.1078243370653672E+00
  0.7475000000000001E+01   0.3582397751213419E+01   0.1783580676515433E+01   0.9473365190836911E+00   0.4579538921589905E+00   0.9441198826348015E-04   0.1244496672969913E+00   0.1113712355402469E+00
  0.7525000000000000E+01   0.3556136549723430E+01   0.1849615422499263E+01   0.9448040773705650E+00   0.4755274436178682E+00   0.9869071207848948E-04   0.1257340324442603E+00   0.1151175825049119E+00
  0.7575000000000000E+01   0.3522652971219754E+01   0.1916091220047621E+01   0.9407088317677650E+00   0.4936575720898534E+00   0.1031341829567495E-03   0.1269341720740444E+00   0.1191562743013126E+00
  0.7625000000000001E+01   0.3480091630559068E+01   0.1980338359766685E+01   0.9344491149075898E+00   0.5118610627970144E+00   0.1076430846135078E-03   0.1279384363839446E+00   0.1235181069309248E+00
  0.7675000000000000E+01   0.3428018255564552E+01   0.2038478461260185E+01   0.9256608158083324E+00   0.5292932287258738E+00   0.1120389201863109E-03   0.1286250279797784E+00   0.1281521623109804E+00
  0.7725000000000000E+01   0.3368027002138790E+01   0.2086200851522256E+01   0.9143960612694224E+00   0.5448717989262136E+00   0.1160879149635580E-03   0.1288884449708754E+00   0.1329142541888946E+00
  0.7775000000000000E+01   0.3303953249984203E+01   0.2119834378559202E+01   0.9012477063055693E+00   0.5574850587665880E+00   0.1195440106879919E-03   0.1286701920445073E+00   0.1375639987890579E+00
  0.7824999999999999E+01   0.3241505652778104E+01   0.2137528577612918E+01   0.8873709275228443E+00   0.5662714590020741E+00   0.1222090059444282E-03   0.1279908780198764E+00   0.1417798927988452E+00
  0.7874999999999999E+01   0.3187234392183545E+01   0.2140183602689176E+01   0.8743472524032541E+00   0.5709143809785170E+00   0.1239983018311881E-03   0.1269736600941261E+00   0.1452069706212487E+00
  0.7925000000000000E+01   0.3147044393200170E+01   0.2131702729849134E+01   0.8638807352808227E+00   0.5718452606700609E+00   0.1249890563743792E-03   0.1258435450089825E+00   0.1475426425181993E+00
  0.7974999999999999E+01   0.3124768672370335E+01   0.2118368738457155E+01   0.8574049729297395E+00   0.5702495603626467E+00   0.1254266558382916E-03   0.1248921525924857E+00   0.1486400840724592E+00
  0.8024999999999999E+01   0.3121336140303788E+01   0.2107578565824398E+01   0.8557457396772348E+00   0.5678521902981613E+00   0.1256824212233810E-03   0.1244148677530190E+00   0.1485818843620264E+00
  0.8074999999999999E+01   0.3134732283333221E+01   0.2106460924311353E+01   0.8589603097945024E+00   0.5665696339004167E+00   0.1261798531026267E-03   0.1246447252481311E+00   0.1476795896711227E+00
  0.8125000000000000E+01   0.3160544747994035E+01   0.2120822477013285E+01   0.8663754822144059E+00   0.5681660783758754E+00   0.1273188956967414E-03   0.1257089925674352E+00   0.1463955661037604E+00
  0.8174999999999999E+01   0.3192721576014393E+01   0.2154551721605632E+01   0.8767548920249366E+00   0.5740098855639494E+00   0.1294199791356834E-03   0.1276188486452104E+00   0.1452288362630241E+00
  0.8225000000000000E+01   0.3224286905842050E+01   0.2209343746969859E+01   0.8885041833925049E+00   0.5849454204017168E+00   0.1326922151118377E-03   0.1302844409893658E+00   0.1446168152260282E+00
  0.8275000000000000E+01   0.3247985796025133E+01   0.2284548312581727E+01   0.8998621024225890E+00   0.6012405610040354E+00   0.1372178044381500E-03   0.1335404579095836E+00   0.1448798412267158E+00
  0.8325000000000001E+01   0.3256992502422145E+01   0.2377065920046435E+01   0.9090794129539492E+00   0.6225686327967791E+00   0.1429439141865498E-03   0.1371718831170935E+00   0.1462050201223551E+00
  0.8375000000000000E+01   0.3245819985079269E+01   0.2481422677962655E+01   0.9146152384353279E+00   0.6480212389802498E+00   0.1496815418598559E-03   0.1409382781486050E+00   0.1486522215298524E+00
  0.8424999999999999E+01   0.3211377512840364E+01   0.2590314288862694E+01   0.9153631255714363E+00   0.6761940475621016E+00   0.1571214380181326E-03   0.1446007251613877E+00   0.1521684749924081E+00
  0.8475000000000000E+01   0.3153794221694876E+01   0.2695850377271380E+01   0.9108601836336623E+00   0.7054023105303792E+00   0.1648810623572810E-03   0.1479548729092347E+00   0.1566077675031338E+00
  0.8524999999999999E+01   0.3076399248123387E+01   0.2791329295888604E+01   0.9013683927332712E+00   0.7340316864834353E+00   0.1725851354690176E-03   0.1508659774861363E+00   0.1617622555732452E+00
  0.8574999999999999E+01   0.2984478791675768E+01   0.2872799888983357E+01   0.8877172769541684E+00   0.7609190009688895E+00   0.1799561735289757E-03   0.1532915082286860E+00   0.1674116750068530E+00
  0.8625000000000000E+01   0.2883182948362057E+01   0.2939455704596128E+01   0.8709092039219446E+00   0.7855687754473102E+00   0.1868691064526314E-03   0.1552730775419220E+00   0.1733870571394466E+00
  0.8674999999999999E+01   0.2775684351744336E+01   0.2992465581301635E+01   0.8516562488330985E+00   0.8080510578536018E+00   0.1933314369595114E-03   0.1568903990948787E+00   0.1796276118402631E+00
  0.8725000000000000E+01   0.2662688603218546E+01   0.3032842514146193E+01   0.8301002069548176E+00   0.8286001232666571E+00   0.1993905730280675E-03   0.1581919669435521E+00   0.1862005318628419E+00
  0.8775000000000000E+01   0.2543614043418632E+01   0.3059587782278619E+01   0.8058847169327321E+00   0.8471160294980741E+00   0.2050143294859983E-03   0.1591340071483493E+00   0.1932649963873648E+00
  0.8824999999999999E+01   0.2418802519765914E+01   0.3069208614612987E+01   0.7785626303485931E+00   0.8628339992759859E+00   0.2100081533680087E-03   0.1595581079904735E+00   0.2009874620595395E+00
  0.8875000000000000E+01   0.2291543666416735E+01   0.3056991404337111E+01   0.7481508959934766E+00   0.8743499806976957E+00   0.2140167963735340E-03   0.1592216081555912E+00   0.2094350616763776E+00
  0.8925000000000001E+01   0.2168708750976341E+01   0.3019483255397779E+01   0.7155629374241830E+00   0.8800269548639690E+00   0.2166199202864910E-03   0.1578746425901467E+00   0.2184773692368584E+00
  0.8975000000000000E+01   0.2059463513726949E+01   0.2956885600803747E+01   0.6826873366997113E+00   0.8786200312778091E+00   0.2174852208199184E-03   0.1553606021274203E+00   0.2277231611678857E+00
  0.9024999999999999E+01   0.1972642113874783E+01   0.2874011519143655E+01   0.6520453586394905E+00   0.8698343251030622E+00   0.2165099922681393E-03   0.1517049456587718E+00   0.2365196470902485E+00
  0.9074999999999999E+01   0.1914179094081565E+01   0.2779322465301986E+01   0.6261758999048808E+00   0.8545577589314156E+00   0.2138859453904699E-03   0.1471555124743962E+00   0.2440417968609738E+00
  0.9125000000000000E+01   0.1885820947062035E+01   0.2682730557364965E+01   0.6070241375237941E+00   0.8346889429734043E+00   0.2100640459120365E-03   0.1421518835667487E+00   0.2494782642303379E+00
  0.9175000000000001E+01   0.1885383999980064E+01   0.2593375710412394E+01   0.5955673091768086E+00   0.8126813878351453E+00   0.2056461478706711E-03   0.1372304617790185E+00   0.2522672662113764E+00
  0.9225000000000000E+01   0.1907980286140061E+01   0.2518216347994909E+01   0.5917567864833169E+00   0.7910179398570142E+00   0.2012551026242027E-03   0.1329016870870691E+00   0.2522807264960905E+00
  0.9274999999999999E+01   0.1947442264561322E+01   0.2461575107081429E+01   0.5947120842260829E+00   0.7717929560545208E+00   0.1974280796070942E-03   0.1295471543128698E+00   0.2498583277668667E+00
  0.9325000000000001E+01   0.1997469650807604E+01   0.2425341913301858E+01   0.6030393556252867E+00   0.7564823361294898E+00   0.1945547437341958E-03   0.1273696073295903E+00   0.2456746901453620E+00
  0.9375000000000000E+01   0.2052378235501237E+01   0.2409476319627796E+01   0.6151585393578047E+00   0.7458946787309858E+00   0.1928603619809888E-03   0.1263998228369806E+00   0.2405187255886969E+00
  0.9424999999999999E+01   0.2107522036326486E+01   0.2412587095491979E+01   0.6295694075735285E+00   0.7402529417523813E+00   0.1924224292402739E-03   0.1265417992271650E+00   0.2350939438672495E+00
  0.9475000000000001E+01   0.2159483083855156E+01   0.2432509903416623E+01   0.6450299044921630E+00   0.7393512716012185E+00   0.1932076130264590E-03   0.1276317655718708E+00   0.2299056214935523E+00
  0.9525000000000000E+01   0.2206066195775656E+01   0.2466866095305659E+01   0.6606430126654230E+00   0.7427442492129008E+00   0.1951185116460489E-03   0.1294926377796438E+00   0.2252402181763179E+00
  0.9574999999999999E+01   0.2246087577992562E+01   0.2513565392373238E+01   0.6758551089737386E+00   0.7499351760524503E+00   0.1980417246709315E-03   0.1319740057497641E+00   0.2212076918747803E+00
  0.9625000000000000E+01   0.2278958726889433E+01   0.2571161308791297E+01   0.6903741998442623E+00   0.7605302154482076E+00   0.2018884173330233E-03   0.1349734672201383E+00   0.2178115313541710E+00
  0.9674999999999999E+01   0.2304140095123582E+01   0.2638947045230577E+01   0.7040303666958594E+00   0.7743251226055131E+00   0.2066181724862921E-03   0.1384386762076671E+00   0.2150187305402069E+00
  0.9725000000000000E+01   0.2320620184198856E+01   0.2716731196566344E+01   0.7166189225403619E+00   0.7913029388450269E+00   0.2122396794016175E-03   0.1423529329360273E+00   0.2128114607978725E+00
  0.9775000000000000E+01   0.2326602589484841E+01   0.2804338763612635E+01   0.7277758323624230E+00   0.8115458935949479E+00   0.2187882743697937E-03   0.1467107605600412E+00   0.2112115106758200E+00
  0.9824999999999999E+01   0.2319535089913670E+01   0.2900986266183190E+01   0.7369264512575888E+00   0.8350918555252543E+00   0.2262877266710755E-03   0.1514920694494705E+00   0.2102778894321445E+00
  0.9874999999999998E+01   0.2296518174562498E+01   0.3004737113790037E+01   0.7433265577175805E+00   0.8617826363306069E+00   0.2347086178704500E-03   0.1566429377327773E+00   0.2100856172380293E+00
  0.9924999999999999E+01   0.2255018413400544E+01   0.3112249081954600E+01   0.7461887945658796E+00   0.8911548085865301E+00   0.2439371034177939E-03   0.1620683354288881E+00   0.2106970711774938E+00
  0.9975000000000000E+01   0.2193695316553805E+01   0.3218981272850266E+01   0.7448631913911916E+00   0.9224165220322372E+00   0.2537664299414813E-03   0.1676389101254075E+00   0.2121359999723005E+00
  0.1002500000000000E+02   0.2113043587326477E+01   0.3319910999294451E+01   0.7390178217429910E+00   0.9545362209016797E+00   0.2639192001798654E-03   0.1732110690600150E+00   0.2143708895852769E+00
  0.1007500000000000E+02   0.2015519736146366E+01   0.3410603987280119E+01   0.7287500046937305E+00   0.9864364361590703E+00   0.2740995689612557E-03   0.1786565594077506E+00   0.2173115061229108E+00
  0.1012500000000000E+02   0.1904956683776299E+01   0.3488246161602168E+01   0.7145649033840507E+00   0.1017239462535769E+01   0.2840615313193446E-03   0.1838940455815550E+00   0.2208208973353996E+00
  0.1017500000000000E+02   0.1785386494784396E+01   0.3552143477315433E+01   0.6972003492023997E+00   0.1046471466667081E+01   0.2936675780070388E-03   0.1889118662764164E+00   0.2247434174129906E+00
  0.1022500000000000E+02   0.1659734695031920E+01   0.3603367005764519E+01   0.6773449483507177E+00   0.1074128195666491E+01   0.3029100103691538E-03   0.1937709248525048E+00   0.2289454971105072E+00
  0.1027500000000000E+02   0.1528983114844851E+01   0.3643612382213662E+01   0.6553550453833494E+00   0.1100553138849397E+01   0.3118796510258222E-03   0.1985817117235326E+00   0.2333599500542370E+00
  0.1032500000000000E+02   0.1392221739278760E+01   0.3673722554644392E+01   0.6310887087067998E+00   0.1126156577209428E+01   0.3206882371129549E-03   0.2034587724736603E+00   0.2380198959909816E+00
  0.1037500000000000E+02   0.1247644540486498E+01   0.3692486649812155E+01   0.6039353862604648E+00   0.1151070885224714E+01   0.3293702480236854E-03   0.2084651008117153E+00   0.2430694837027843E+00
  0.1042500000000000E+02   0.1094179095740358E+01   0.3696250394432433E+01   0.5730512754574590E+00   0.1174866468786126E+01   0.3377993153033687E-03   0.2135632380413499E+00   0.2487467054767074E+00
  0.1047500000000000E+02   0.9331716345498795E+00   0.3679628215329350E+01   0.5377393355772753E+00   0.1196440817438021E+01   0.3456522950188034E-03   0.2185878431899883E+00   0.2553440257746635E+00
  0.1052500000000000E+02   0.7694198603062004E+00   0.3637230063444947E+01   0.4978552772660880E+00   0.1214146025537155E+01   0.3524416447730849E-03   0.2232482955989158E+00   0.2631583666431226E+00
  0.1057500000000000E+02   0.6109627779639469E+00   0.3565848295768952E+01   0.4540929873364778E+00   0.1226141769069619E+01   0.3576146118788648E-03   0.2271625008258044E+00   0.2724402939186578E+00
  0.1062500000000000E+02   0.4675098102159210E+00   0.3466196683203897E+01   0.4080292128047283E+00   0.1230868170802861E+01   0.3606904738336887E-03   0.2299161606890281E+00   0.2833460832027828E+00
  0.1067500000000000E+02   0.3480780646353803E+00   0.3343381825772592E+01   0.3618976075965248E+00   0.1227471803725755E+01   0.3613878944219705E-03   0.2311361663564306E+00   0.2958912465577660E+00
  0.1072500000000000E+02   0.2588477584484858E+00   0.3205905167476629E+01   0.3181778625264713E+00   0.1216036643693919E+01   0.3596981094307463E-03   0.2305636783590845E+00   0.3099040907357078E+00
  0.1077500000000000E+02   0.2020683609642890E+00   0.3063745553719938E+01   0.2791540878203413E+00   0.1197567041723845E+01   0.3558863298422366E-03   0.2281128280083604E+00   0.3249841748601970E+00
  0.1082500000000000E+02   0.1762022591514829E+00   0.2926407205684214E+01   0.2465771804164849E+00   0.1173776983751015E+01   0.3504351705928368E-03   0.2239040838476551E+00   0.3404815689477727E+00
  0.1087500000000000E+02   0.1769011943356494E+00   0.2801585885410189E+01   0.2214881457894393E+00   0.1146792089250913E+01   0.3439601632208104E-03   0.2182653074134258E+00   0.3555231951713314E+00
  0.1092500000000000E+02   0.1982250635858250E+00   0.2694622853342714E+01   0.2041862634140097E+00   0.1118856332783244E+01   0.3371242259218189E-03   0.2116977042243946E+00   0.3691119825700124E+00
  0.1097500000000000E+02   0.2336777736736071E+00   0.2608555837945350E+01   0.1942946191265054E+00   0.1092090593129030E+01   0.3305653947363814E-03   0.2048096010616284E+00   0.3803020293834112E+00
  0.1102500000000000E+02   0.2769021259593549E+00   0.2544467481782301E+01   0.1908803932991703E+00   0.1068313617429372E+01   0.3248415354685288E-03   0.1982291832037078E+00   0.3884096381341561E+00
  0.1107500000000000E+02   0.3220677244332066E+00   0.2501895956335967E+01   0.1926039384352600E+00   0.1048921555474044E+01   0.3203914644235222E-03   0.1925154251685461E+00   0.3931813604993164E+00
  0.1112500000000000E+02   0.3640625535959011E+00   0.2479188757721750E+01   0.1978813728180229E+00   0.1034822317960185E+01   0.3175118939114275E-03   0.1880889247276562E+00   0.3948432809999198E+00
  0.1117500000000000E+02   0.3985941108363675E+00   0.2473776616791491E+01   0.2050471472536266E+00   0.1026423166275848E+01   0.3163502409303456E-03   0.1851977800668198E+00   0.3940108464528303E+00
  0.1122500000000000E+02   0.4222634679412481E+00   0.2482397595477532E+01   0.2125013646007226E+00   0.1023667959456271E+01   0.3169127063057140E-03   0.1839209463145567E+00   0.3915080478635173E+00
  0.1127500000000000E+02   0.4326261592288700E+00   0.2501313222618066E+01   0.2188267125311394E+00   0.1026115196238022E+01   0.3190853478360539E-03   0.1841998493957281E+00   0.3881776499484467E+00
  0.1132500000000000E+02   0.4282179859011746E+00   0.2526538172941400E+01   0.2228630621779275E+00   0.1033042149642503E+01   0.3226639489892122E-03   0.1858836475587605E+00   0.3847461987401757E+00
  0.1137500000000000E+02   0.4085166362765458E+00   0.2554068280916431E+01   0.2237338732375262E+00   0.1043555439941919E+01   0.3273867690731240E-03   0.1887744028069190E+00   0.3817654375531962E+00
  0.1142500000000000E+02   0.3738361402838305E+00   0.2580062746615599E+01   0.2208279067393808E+00   0.1056685685334020E+01   0.3329631911501068E-03   0.1926624021210911E+00   0.3796176544007539E+00
  0.1147500000000000E+02   0.3251961305422584E+00   0.2600940274972863E+01   0.2137518776407437E+00   0.1071446447534441E+01   0.3390918531301900E-03   0.1973462675228758E+00   0.3785585041408800E+00
  0.1152500000000000E+02   0.2642387566842031E+00   0.2613393965192240E+01   0.2022805970380213E+00   0.1086848599083560E+01   0.3454650969509329E-03   0.2026364846202802E+00   0.3787719540822161E+00
  0.1157500000000000E+02   0.1932498546629811E+00   0.2614394343493864E+01   0.1863340075800513E+00   0.1101879541001631E+01   0.3517623155120225E-03   0.2083447239950443E+00   0.3804192264797127E+00
  0.1162500000000000E+02   0.1152703945826755E+00   0.2601288920552408E+01   0.1660000084794264E+00   0.1115475515280971E+01   0.3576409137410575E-03   0.2142647497093484E+00   0.3836714238743759E+00
  0.1167500000000000E+02   0.3419162247886443E-01   0.2572078328480062E+01   0.1415991420124816E+00   0.1126524291156107E+01   0.3627368208215511E-03   0.2201530945252496E+00   0.3887219553612917E+00
  0.1172500000000000E+02  -0.4532607882632766E-01   0.2525846900936911E+01   0.1137610774825821E+00   0.1133926724502730E+01   0.3666840627715485E-03   0.2257181136223222E+00   0.3957793656186089E+00
  0.1177500000000000E+02  -0.1182291562511108E+00   0.2463196611964601E+01   0.8346740153493792E-01   0.1136719299756972E+01   0.3691546487093540E-03   0.2306240267546626E+00   0.4050433722787574E+00
  0.1182500000000000E+02  -0.1797209353240650E+00   0.2386464050710452E+01   0.5202205327383402E-01   0.1134227197654226E+01   0.3699094265217083E-03   0.2345125134455910E+00   0.4166669170501829E+00
  0.1187500000000000E+02  -0.2260025435830950E+00   0.2299558673810047E+01   0.2093959173824511E-01   0.1126197226759927E+01   0.3688436101554547E-03   0.2370396308241224E+00   0.4307058111152376E+00
  0.1192500000000000E+02  -0.2548482370626265E+00   0.2207428708256096E+01  -0.8223078629517655E-02   0.1112865534925823E+01   0.3660119564598165E-03   0.2379219706790704E+00   0.4470570446906669E+00
  0.1197500000000000E+02  -0.2658313367085132E+00   0.2115331066502891E+01  -0.3404511903537344E-01   0.1094942997953729E+01   0.3616273134876786E-03   0.2369841963287398E+00   0.4653894953383987E+00
  0.1202500000000000E+02  -0.2601819868460899E+00   0.2028143419735798E+01  -0.5538839850153199E-01   0.1073532982507566E+01   0.3560366198595466E-03   0.2342002235455733E+00   0.4850787185583506E+00
  0.1207500000000000E+02  -0.2404019136780909E+00   0.1949889644885311E+01  -0.7149275275155254E-01   0.1050013153189511E+01   0.3496842493817683E-03   0.2297210998080061E+00   0.5051707256794077E+00
  0.1212500000000000E+02  -0.2098099788807166E+00   0.1883523052874741E+01  -0.8202324198434008E-01   0.1025909989783537E+01   0.3430719399623567E-03   0.2238830852235974E+00   0.5244129239106371E+00
  0.1217500000000000E+02  -0.1721520865801882E+00   0.1830908127979207E+01  -0.8708390945412103E-01   0.1002780073075727E+01   0.3367199570789904E-03   0.2171900276522071E+00   0.5413907237852478E+00
  0.1222500000000000E+02  -0.1313317799613380E+00   0.1792898522969017E+01  -0.8721020870363561E-01   0.9820982552963825E+00   0.3311295962626289E-03   0.2102667871403542E+00   0.5547792592088902E+00
  0.1227500000000000E+02  -0.9124877621564714E-01   0.1769417944236810E+01  -0.8334290688817614E-01   0.9651471403718016E+00   0.3267452037322993E-03   0.2037867630389376E+00   0.5636585740276778E+00
  0.1232500000000000E+02  -0.5568922733535320E-01   0.1759486572101018E+01  -0.7677780855297334E-01   0.9529052639772768E+00   0.3239148406215869E-03   0.1983851883055077E+00   0.5677788297682440E+00
  0.1237500000000000E+02  -0.2819250362859577E-01   0.1761181652153660E+01  -0.6908250018314743E-01   0.9459386317800196E+00   0.3228511681654643E-03   0.1945760639912722E+00   0.5676551406879468E+00
  0.1242500000000000E+02  -0.1182202087211753E-01   0.1771571495776556E+01  -0.6197310280569723E-01   0.9443074079620941E+00   0.3235966271945343E-03   0.1926897048883583E+00   0.5644454502654170E+00
  0.1247500000000000E+02  -0.8797938321143672E-02   0.1786714022711859E+01  -0.5714854161068106E-01   0.9475055730221376E+00   0.3259991889949624E-03   0.1928399373002981E+00   0.5596730877058047E+00
  0.1252500000000000E+02  -0.2001887221035020E-01   0.1801848052154981E+01  -0.5608782632097709E-01   0.9544574709382333E+00   0.3297072587264650E-03   0.1949204879184656E+00   0.5549172571691787E+00
  0.1257500000000000E+02  -0.4460541940198171E-01   0.1811890726826670E+01  -0.5983132471317909E-01   0.9635987533162118E+00   0.3341938207027309E-03   0.1986248943176571E+00   0.5515753783507388E+00
  0.1262500000000000E+02  -0.7969489517488498E-01   0.1812247481939198E+01  -0.6879001810702645E-01   0.9730605970606339E+00   0.3388172129802728E-03   0.2034845484290239E+00   0.5507359663919277E+00
  0.1267500000000000E+02  -0.1207137202643547E+00   0.1799752092648808E+01  -0.8264453182176956E-01   0.9809458574563915E+00   0.3429155646179676E-03   0.2089217376755800E+00   0.5531436484393140E+00
  0.1272500000000000E+02  -0.1621832755297654E+00   0.1773391361879024E+01  -0.1003865336120771E+00   0.9856407380157640E+00   0.3459159826290098E-03   0.2143146400794180E+00   0.5592141741300726E+00
  0.1277500000000000E+02  -0.1988381850272233E+00   0.1734486158424272E+01  -0.1205092418490057E+00   0.9860741243437200E+00   0.3474278779197566E-03   0.2190682361840726E+00   0.5690610858749634E+00
  0.1282500000000000E+02  -0.2266484257939307E+00   0.1686240197611383E+01  -0.1412929611664052E+00   0.9818483611720761E+00   0.3472929646772209E-03   0.2226816971708299E+00   0.5825115592089081E+00
  0.1287500000000000E+02  -0.2433951127642408E+00   0.1632872521188093E+01  -0.1610965720320100E+00   0.9732184103379288E+00   0.3455825030246492E-03   0.2248022981636076E+00   0.5991063007689763E+00
  0.1292500000000000E+02  -0.2487025131139201E+00   0.1578698080820555E+01  -0.1785788637419988E+00   0.9609553559897076E+00   0.3425531423195937E-03   0.2252589766549754E+00   0.6180936551051393E+00
  0.1297500000000000E+02  -0.2436744936963302E+00   0.1527443906016981E+01  -0.1928184531137938E+00   0.9461588362056019E+00   0.3385833583882994E-03   0.2240731152283410E+00   0.6384401564174499E+00
  0.1302500000000000E+02  -0.2303771870795572E+00   0.1481898979141158E+01  -0.2033438026041067E+00   0.9300743432268421E+00   0.3341100877693498E-03   0.2214474415627924E+00   0.6588858403743523E+00
  0.1307500000000000E+02  -0.2113592326866085E+00   0.1443840664271354E+01  -0.2101045852567448E+00   0.9139441990182047E+00   0.3295759939069767E-03   0.2177354962160727E+00   0.6780668377640439E+00
  0.1312500000000000E+02  -0.1892969959848386E+00   0.1414120222153039E+01  -0.2134134469783742E+00   0.8988967690337314E+00   0.3253893420664497E-03   0.2133951412707611E+00   0.6947050064434571E+00
  0.1317500000000000E+02  -0.1667677855575982E+00   0.1392803502195211E+01  -0.2138752692200533E+00   0.8858667382295387E+00   0.3218942445825082E-03   0.2089313734682690E+00   0.7078285494233705E+00
  0.1322500000000000E+02  -0.1461123130797147E+00   0.1379305709908294E+01  -0.2123100940343673E+00   0.8755385205916767E+00   0.3193486843157912E-03   0.2048361303384835E+00   0.7169570718856061E+00
  0.1327500000000000E+02  -0.1293401655534751E+00   0.1372500749284002E+01  -0.2096705057450888E+00   0.8683092047437359E+00   0.3179092225160609E-03   0.2015342541837727E+00   0.7221836379454190E+00
  0.1332500000000000E+02  -0.1180438396557617E+00   0.1370814557429700E+01  -0.2069540249577915E+00   0.8642718080479133E+00   0.3176228635386624E-03   0.1993437122417122E+00   0.7241236737042546E+00
  0.1337500000000000E+02  -0.1133072101926453E+00   0.1372326536009389E+01  -0.2051135207050279E+00   0.8632217126315819E+00   0.3184273324107024E-03   0.1984545210721425E+00   0.7237556254185964E+00
  0.1342500000000000E+02  -0.1156167531924857E+00   0.1374904169904511E+01  -0.2049716972427686E+00   0.8646888199679290E+00   0.3201609282377867E-03   0.1989262667593037E+00   0.7222164390618041E+00
  0.1347500000000000E+02  -0.1248025952951980E+00   0.1376383652033697E+01  -0.2071482904063155E+00   0.8679956386415927E+00   0.3225822814780098E-03   0.2007006787460126E+00   0.7206168286102744E+00
  0.1352500000000000E+02  -0.1400442939027336E+00   0.1374786497593370E+01  -0.2120099347114714E+00   0.8723374558599172E+00   0.3253988295004708E-03   0.2036243198870362E+00   0.7199153083036646E+00
  0.1357500000000000E+02  -0.1599668917719277E+00   0.1368536816182709E+01  -0.2196515551709107E+00   0.8768754684213179E+00   0.3283008074832922E-03   0.2074766474006047E+00   0.7208583019208765E+00
  0.1362500000000000E+02  -0.1828265467240064E+00   0.1356628904282892E+01  -0.2299135551612921E+00   0.8808289727570994E+00   0.3309956562981792E-03   0.2119994866772945E+00   0.7239726834873808E+00
  0.1367500000000000E+02  -0.2067524959366447E+00   0.1338700867811792E+01  -0.2424315259601875E+00   0.8835510674520486E+00   0.3332369748004587E-03   0.2169246939124002E+00   0.7295902938852101E+00
  0.1372500000000000E+02  -0.2299901037090921E+00   0.1314997069608018E+01  -0.2567073755864222E+00   0.8845756209712747E+00   0.3348432213438966E-03   0.2219974132724084E+00   0.7378865766693046E+00
  0.1377500000000000E+02  -0.2510904226022838E+00   0.1286237353703654E+01  -0.2721861978140891E+00   0.8836307788067342E+00   0.3357040917488193E-03   0.2269931008732124E+00   0.7489214586015994E+00
  0.1382500000000000E+02  -0.2690137786885753E+00   0.1253436510318163E+01  -0.2883238992516458E+00   0.8806228767554003E+00   0.3357757250805106E-03   0.2317275174489232E+00   0.7626761470732693E+00
  0.1387500000000000E+02  -0.2831452438702545E+00   0.1217722848398315E+01  -0.3046357772105585E+00   0.8756007344708081E+00   0.3350682683974615E-03   0.2360600368477917E+00   0.7790832619748155E+00
  0.1392500000000000E+02  -0.2932436124062837E+00   0.1180192158655285E+01  -0.3207230896637642E+00   0.8687121118772468E+00   0.3336301362006361E-03   0.2398915780846522E+00   0.7980497491476957E+00
  0.1397500000000000E+02  -0.2993551156478298E+00   0.1141813062147149E+01  -0.3362803329648938E+00   0.8601621428876198E+00   0.3315326717161870E-03   0.2431590031856870E+00   0.8194729307299956E+00
  0.1402500000000000E+02  -0.3017200110673173E+00   0.1103381957405530E+01  -0.3510889784069562E+00   0.8501797015997531E+00   0.3288575326163385E-03   0.2458278698944342E+00   0.8432504127178195E+00
  0.1407500000000000E+02  -0.3006905102426859E+00   0.1065515594286998E+01  -0.3650038840509190E+00   0.8389937887214093E+00   0.3256876881911498E-03   0.2478850913792992E+00   0.8692847609015338E+00
  0.1412500000000000E+02  -0.2966682100962220E+00   0.1028666640189605E+01  -0.3779374142111440E+00   0.8268192491315981E+00   0.3221018562484473E-03   0.2493325174143738E+00   0.8974840186736680E+00
  0.1417500000000000E+02  -0.2900616059272078E+00   0.9931497655480729E+00  -0.3898444921910059E+00   0.8138497094899397E+00   0.3181716444929424E-03   0.2501818922268524E+00   0.9277592592682671E+00
  0.1422500000000000E+02  -0.2812601891830152E+00   0.9591698319932661E+00  -0.4007101106413289E+00   0.8002553096796943E+00   0.3139605142140266E-03   0.2504511926325628E+00   0.9600203518235022E+00
  0.1427500000000000E+02  -0.2706204000868379E+00   0.9268477142934181E+00  -0.4105395866792592E+00   0.7861831713787165E+00   0.3095238028229384E-03   0.2501620735238366E+00   0.9941708928877292E+00
  0.1432500000000000E+02  -0.2584591980494264E+00   0.8962421847020925E+00  -0.4193511566058160E+00   0.7717592094587729E+00   0.3049092807961305E-03   0.2493380577845102E+00   0.1030102795886245E+01
  0.1437500000000000E+02  -0.2450522357892814E+00   0.8673679494592106E+00  -0.4271702814654770E+00   0.7570905640843916E+00   0.3001579696902004E-03   0.2480031733235484E+00   0.1067690419761387E+01
  0.1442500000000000E+02  -0.2306348995603573E+00   0.8402105633664859E+00  -0.4340251370328653E+00   0.7422684454232339E+00   0.2953051444339652E-03   0.2461809027702677E+00   0.1106783529426039E+01
  0.1447500000000000E+02  -0.2154054455168113E+00   0.8147389110437357E+00  -0.4399430351362535E+00   0.7273714659025352E+00   0.2903815537960198E-03   0.2438935009850988E+00   0.1147198055819858E+01
  0.1452500000000000E+02  -0.1995299964744841E+00   0.7909155788140498E+00  -0.4449478292680437E+00   0.7124695844095669E+00   0.2854149135678110E-03   0.2411618840360683E+00   0.1188703811993037E+01
  0.1457500000000000E+02  -0.1831492936708964E+00   0.7687050237211316E+00  -0.4490585893715839E+00   0.6976286487925545E+00   0.2804316728849012E-03   0.2380063484866048E+00   0.1231009204254076E+01
  0.1462500000000000E+02  -0.1663869399554450E+00   0.7480791568343871E+00  -0.4522899209173321E+00   0.6829152734301579E+00   0.2754589532852758E-03   0.2344483152492730E+00   0.1273744579187323E+01
  0.1467500000000000E+02  -0.1493585738783892E+00   0.7290198829409004E+00  -0.4546542267384514E+00   0.6684015157767266E+00   0.2705264467628251E-03   0.2305131123882764E+00   0.1316447959419538E+01
  0.1472500000000000E+02  -0.1321811218693960E+00   0.7115182796277314E+00  -0.4561659819491437E+00   0.6541686029295010E+00   0.2656679667138047E-03   0.2262335509941168E+00   0.1358559044783837E+01
  0.1477500000000000E+02  -0.1149810926497035E+00   0.6955703935480110E+00  -0.4568477600289680E+00   0.6403088695584758E+00   0.2609223008571481E-03   0.2216537663956721E+00   0.1399428696301602E+01
  0.1482500000000000E+02  -0.9790084880379213E-01   0.6811699870030874E+00  -0.4567373773597029E+00   0.6269251358510090E+00   0.2563330334792434E-03   0.2168325650485786E+00   0.1438350688000425E+01
  0.1487500000000000E+02  -0.8110189815374413E-01   0.6682988987932588E+00  -0.4558951827868032E+00   0.6141269822018492E+00   0.2519470894140801E-03   0.2118454055015454E+00   0.1474619414234705E+01
  0.1492500000000000E+02  -0.6476443595446829E-01   0.6569159469808641E+00  -0.4544102690413063E+00   0.6020237457792244E+00   0.2478118978213263E-03   0.2067842023723513E+00   0.1507611213028309E+01
  0.1497500000000000E+02  -0.4908258241711255E-01   0.6469455115135511E+00  -0.4524042728635213E+00   0.5907145357913933E+00   0.2439712667101898E-03   0.2017543936160069E+00   0.1536878983417996E+01
  0.1502500000000000E+02  -0.3425498668324484E-01   0.6382671458847802E+00  -0.4500314967887300E+00   0.5802760905014867E+00   0.2404602804929016E-03   0.1968691248790737E+00   0.1562242309369202E+01
  0.1507500000000000E+02  -0.2047076584324753E-01   0.6307078297755576E+00  -0.4474743515486417E+00   0.5707498208846337E+00   0.2372997588986958E-03   0.1922409034726787E+00   0.1583851692864672E+01
  0.1512500000000000E+02  -0.7891235405720232E-02   0.6240387749874940E+00  -0.4449335933425109E+00   0.5621298348294435E+00   0.2344910177185844E-03   0.1879715514596510E+00   0.1602208322419669E+01
  0.1517500000000000E+02   0.3371307191387285E-02   0.6179789008405935E+00  -0.4426135075921136E+00   0.5543540337432205E+00   0.2320118163445685E-03   0.1841416416693015E+00   0.1618130066252249E+01
  0.1522500000000000E+02   0.1327532928127495E-01   0.6122069314874131E+00  -0.4407030406340942E+00   0.5473004289005013E+00   0.2298144234407489E-03   0.1808007746886816E+00   0.1632666925417328E+01
  0.1527500000000000E+02   0.2186860592263451E-01   0.6063831940917151E+00  -0.4393548329718827E+00   0.5407905300477727E+00   0.2278266315673438E-03   0.1779600485939711E+00   0.1646980138538431E+01
  0.1532500000000000E+02   0.2929883542027867E-01   0.6001803815700416E+00  -0.4386650162735883E+00   0.5346009058492627E+00   0.2259562537804113E-03   0.1755879204322008E+00   0.1662204604437493E+01
  0.1537500000000000E+02   0.3581165638623590E-01   0.5933199306108877E+00  -0.4386572499784008E+00   0.5284827590523420E+00   0.2240991144638825E-03   0.1736103850909831E+00   0.1679313425759205E+01
  0.1542500000000000E+02   0.4173310998174468E-01   0.5856079752936533E+00  -0.4392744662422882E+00   0.5221877193367594E+00   0.2221498472624464E-03   0.1719159945389752E+00   0.1698998413631659E+01
  0.1547500000000000E+02   0.4743699978709720E-01   0.5769632623405629E+00  -0.4403808996844266E+00   0.5154963992608624E+00   0.2200140857154210E-03   0.1703656832332922E+00   0.1721574990136847E+01
  0.1552500000000000E+02   0.5330180112948635E-01   0.5674300793299268E+00  -0.4417752036463204E+00   0.5082451398042295E+00   0.2176201149849072E-03   0.1688066659946864E+00   0.1746917103201748E+01
  0.1557500000000000E+02   0.5966511848856282E-01   0.5571724361823048E+00  -0.4432131985937933E+00   0.5003463038052663E+00   0.2149279733204082E-03   0.1670889294095990E+00   0.1774428576504460E+01
  0.1562500000000000E+02   0.6678462766712329E-01   0.5464504663065708E+00  -0.4444367631150711E+00   0.4917986198749814E+00   0.2119344338090919E-03   0.1650822221328734E+00   0.1803060461275717E+01
  0.1567500000000000E+02   0.7481246894770355E-01   0.5355844008417677E+00  -0.4452042386883837E+00   0.4826860965696365E+00   0.2086731304466927E-03   0.1626911526317669E+00   0.1831386140770654E+01
  0.1572500000000000E+02   0.8378609397854903E-01   0.5249137958030919E+00  -0.4453177720941363E+00   0.4731662286935360E+00   0.2052100312700506E-03   0.1598661455009683E+00   0.1857742861136601E+01
  0.1577500000000000E+02   0.9363437658942003E-01   0.5147593436759510E+00  -0.4446440628409406E+00   0.4634499329468039E+00   0.2016352155580976E-03   0.1566085936158395E+00   0.1880436671003334E+01
  0.1582500000000000E+02   0.1041949480838891E+00   0.5053922507899602E+00  -0.4431265033705901E+00   0.4537765343915177E+00   0.1980523249331150E-03   0.1529694658719096E+00   0.1897987867283938E+01
  0.1587500000000000E+02   0.1152378515804649E+00   0.4970131678345337E+00  -0.4407881855826713E+00   0.4443872205672166E+00   0.1945671365872482E-03   0.1490417044576797E+00   0.1909372388591317E+01
  0.1592500000000000E+02   0.1264913941878095E+00   0.4897402517605336E+00  -0.4377263993161518E+00   0.4354999515937631E+00   0.1912765563546936E-03   0.1449477454858528E+00   0.1914202459017879E+01
  0.1597500000000000E+02   0.1376676585553134E+00   0.4836047289782912E+00  -0.4340999930806658E+00   0.4272881454896557E+00   0.1882590675139088E-03   0.1408241971107960E+00   0.1912797282051881E+01
  0.1602500000000000E+02   0.1484866600896712E+00   0.4785523052873475E+00  -0.4301113552966722E+00   0.4198647487848016E+00   0.1855673833676914E-03   0.1368059511086516E+00   0.1906122708127759E+01
  0.1607500000000000E+02   0.1586990315449553E+00   0.4744495156896258E+00  -0.4259848981263670E+00   0.4132726770959362E+00   0.1832237921364628E-03   0.1330117680259917E+00   0.1895616393669851E+01
  0.1612500000000000E+02   0.1681071559774648E+00   0.4710950694601058E+00  -0.4219439040928284E+00   0.4074821395324907E+00   0.1812184841850996E-03   0.1295328079864627E+00   0.1882944868593340E+01
  0.1617500000000000E+02   0.1765839300410016E+00   0.4682368729871376E+00  -0.4181875728023770E+00   0.4023950427137341E+00   0.1795110153720055E-03   0.1264249253876479E+00   0.1869749072459022E+01
  0.1622500000000000E+02   0.1840871705863624E+00   0.4655952611221191E+00  -0.4148702025195390E+00   0.3978563928268126E+00   0.1780349383583412E-03   0.1237050264472191E+00   0.1857425184800241E+01
  0.1627500000000000E+02   0.1906666664615695E+00   0.4628918233620769E+00  -0.4120846586771162E+00   0.3936721759297111E+00   0.1767054361115727E-03   0.1213514896537519E+00   0.1846967473888413E+01
  0.1632500000000000E+02   0.1964607324594476E+00   0.4598812594583837E+00  -0.4098524265118385E+00   0.3896324242597339E+00   0.1754294383155213E-03   0.1193084979220946E+00   0.1838880751394769E+01
  0.1637500000000000E+02   0.2016803824374244E+00   0.4563816277615342E+00  -0.4081222830427466E+00   0.3855370921106116E+00   0.1741171974952261E-03   0.1174939647973925E+00   0.1833158560072161E+01
  0.1642500000000000E+02   0.2065818809722038E+00   0.4522971960495483E+00  -0.4067786681244032E+00   0.3812212843219187E+00   0.1726937859712297E-03   0.1158104182022151E+00   0.1829319885372287E+01
  0.1647500000000000E+02   0.2114316485854605E+00   0.4476287622421470E+00  -0.4056591885213980E+00   0.3765758245076049E+00   0.1711086840230208E-03   0.1141577220519499E+00   0.1826498152554941E+01
  0.1652500000000000E+02   0.2164699368020057E+00   0.4424689187570415E+00  -0.4045787617149229E+00   0.3715595701888578E+00   0.1693417768078185E-03   0.1124460117031155E+00   0.1823576519736703E+01
  0.1657500000000000E+02   0.2218801868418014E+00   0.4369834100376184E+00  -0.4033563717539850E+00   0.3662013548374277E+00   0.1674047112369184E-03   0.1106069302538745E+00   0.1819359375282330E+01
  0.1662500000000000E+02   0.2277692804368552E+00   0.4313829892750304E+00  -0.4018398621910386E+00   0.3605915556786937E+00   0.1653375121505557E-03   0.1086013833973742E+00   0.1812761088585894E+01
  0.1667500000000000E+02   0.2341608033325097E+00   0.4258917738509867E+00  -0.3999248223944994E+00   0.3548653483305512E+00   0.1632013055302850E-03   0.1064226315301662E+00   0.1802982964103038E+01
  0.1672500000000000E+02   0.2410003347540506E+00   0.4207177021264054E+00  -0.3975651423448506E+00   0.3491810747505218E+00   0.1610686490494329E-03   0.1040944617751800E+00   0.1789644231686214E+01
  0.1677500000000000E+02   0.2481697517562780E+00   0.4160289214245370E+00  -0.3947746357515791E+00   0.3436975265743933E+00   0.1590131818410635E-03   0.1016651437990214E+00   0.1772838260057300E+01
  0.1682500000000000E+02   0.2555069487336616E+00   0.4119378212022570E+00  -0.3916206910808446E+00   0.3385534445066059E+00   0.1571001146304027E-03   0.9919857812609743E-01   0.1753101691266793E+01
  0.1687500000000000E+02   0.2628278716016403E+00   0.4084928115727725E+00  -0.3882118684513302E+00   0.3338515333230810E+00   0.1553786518673834E-03   0.9676432143422137E-01   0.1731306200576195E+01
  0.1692500000000000E+02   0.2699486858035922E+00   0.4056771780800322E+00  -0.3846816800301530E+00   0.3296482202089416E+00   0.1538769625388267E-03   0.9442802895804939E-01   0.1708500981238319E+01
  0.1697500000000000E+02   0.2767066369138250E+00   0.4034142839411144E+00  -0.3811706657377805E+00   0.3259495482886836E+00   0.1525999385567789E-03   0.9224344723780520E-01   0.1685741834164410E+01
  0.1702500000000000E+02   0.2829784046030848E+00   0.4015786313043691E+00  -0.3778085927481519E+00   0.3227130965036132E+00   0.1515297488378160E-03   0.9024662962415408E-01   0.1663938894987004E+01
  0.1707500000000000E+02   0.2886945102457725E+00   0.4000123713027915E+00  -0.3746984059694560E+00   0.3198555506027162E+00   0.1506290705373560E-03   0.8845268870202035E-01   0.1643744031888108E+01
  0.1712500000000000E+02   0.2938479149698581E+00   0.3985464361527111E+00  -0.3719035217219724E+00   0.3172653007427739E+00   0.1498467570312073E-03   0.8685519120510152E-01   0.1625487040473035E+01
  0.1717500000000000E+02   0.2984948058227265E+00   0.3970244946924908E+00  -0.3694400801527183E+00   0.3148190062481676E+00   0.1491254893193300E-03   0.8542818471767819E-01   0.1609161265800721E+01
  0.1722500000000000E+02   0.3027461525726830E+00   0.3953266978115821E+00  -0.3672756066851667E+00   0.3124003926421042E+00   0.1484106249613671E-03   0.8413071253901550E-01   0.1594455108779619E+01
  0.1727500000000000E+02   0.3067500849116794E+00   0.3933892703893005E+00  -0.3653349333300686E+00   0.3099187989449319E+00   0.1476590835549346E-03   0.8291343533089957E-01   0.1580824240294303E+01
  0.1732500000000000E+02   0.3106671746336505E+00   0.3912160507191528E+00  -0.3635131281059518E+00   0.3073245246637828E+00   0.1468468564917868E-03   0.8172662980642552E-01   0.1567597517732389E+01
  0.1737500000000000E+02   0.3146425678178310E+00   0.3888793670013747E+00  -0.3616937945524153E+00   0.3046181939659273E+00   0.1459737767148909E-03   0.8052847410807459E-01   0.1554105671402595E+01
  0.1742500000000000E+02   0.3187797830030655E+00   0.3865098587837754E+00  -0.3597698909380277E+00   0.3018522975669381E+00   0.1450646067097112E-03   0.7929232171680675E-01   0.1539815985573876E+01
  0.1747500000000000E+02   0.3231204667615954E+00   0.3842771711203654E+00  -0.3576636566492125E+00   0.2991245747638688E+00   0.1441662065259145E-03   0.7801175450333439E-01   0.1524450983298182E+01
  0.1752500000000000E+02   0.3276327490371066E+00   0.3823649756426826E+00  -0.3553425503414527E+00   0.2965644590357314E+00   0.1433412943906512E-03   0.7670262042010983E-01   0.1508068298561333E+01
  0.1757500000000000E+02   0.3322088563920673E+00   0.3809440466316915E+00  -0.3528291454921064E+00   0.2943148968917644E+00   0.1426598525007203E-03   0.7540188086137264E-01   0.1491085094579005E+01
  0.1762500000000000E+02   0.3366711657787870E+00   0.3801463289284507E+00  -0.3502042383066027E+00   0.2925121640819664E+00   0.1421894089068692E-03   0.7416369566471444E-01   0.1474242758406503E+01
  0.1767500000000000E+02   0.3407853805535374E+00   0.3800417331019115E+00  -0.3476034851152594E+00   0.2912659130077157E+00   0.1419852651020369E-03   0.7305355101792441E-01   0.1458521670969539E+01
  0.1772500000000000E+02   0.3442799137364423E+00   0.3806185275326921E+00  -0.3452083706760699E+00   0.2906409539212339E+00   0.1420814060939750E-03   0.7214129310605173E-01   0.1445025799308028E+01
  0.1777500000000000E+02   0.3468713685887268E+00   0.3817681824317302E+00  -0.3432321957240829E+00   0.2906416696633200E+00   0.1424825507866490E-03   0.7149372382824069E-01   0.1434858983404956E+01
  0.1782500000000000E+02   0.3482964863318877E+00   0.3832764767304223E+00  -0.3419013405541589E+00   0.2911998613195507E+00   0.1431577600947640E-03   0.7116710865571270E-01   0.1429009429214253E+01
  0.1787500000000000E+02   0.3483503373720419E+00   0.3848242557730628E+00  -0.3414317837674163E+00   0.2921673459846687E+00   0.1440362872465875E-03   0.7119973509235437E-01   0.1428249666699198E+01
  0.1792500000000000E+02   0.3469283416509111E+00   0.3860025557164431E+00  -0.3420012438149557E+00   0.2933155663959115E+00   0.1450068333082950E-03   0.7160469462592195E-01   0.1433050566274361E+01
  0.1797500000000000E+02   0.3440660107663148E+00   0.3863465535829388E+00  -0.3437187086394596E+00   0.2943452439288660E+00   0.1459217784796189E-03   0.7236339744099082E-01   0.1443503294341704E+01
  0.1802500000000000E+02   0.3399663163621234E+00   0.3853895906297936E+00  -0.3465954181887829E+00   0.2949088523082480E+00   0.1466078668129514E-03   0.7342088762997281E-01   0.1459243969674353E+01
  0.1807500000000000E+02   0.3350027699336438E+00   0.3827319671787073E+00  -0.3505237481543636E+00   0.2946466218673017E+00   0.1468838219723172E-03   0.7468456542729955E-01   0.1479382544176498E+01
  0.1812500000000000E+02   0.3296894443042385E+00   0.3781111486670972E+00  -0.3552714300717811E+00   0.2932328163378849E+00   0.1465833960004019E-03   0.7602806744940557E-01   0.1502449277810715E+01
  0.1817500000000000E+02   0.3246182262763150E+00   0.3714546760727188E+00  -0.3604966573935643E+00   0.2904243428648660E+00   0.1455799705466767E-03   0.7730144119421754E-01   0.1526386584383656E+01
  0.1822500000000000E+02   0.3203756291814451E+00   0.3628989226152435E+00  -0.3657845617564836E+00   0.2861006692144752E+00   0.1438071908955772E-03   0.7834727188055851E-01   0.1548625292519834E+01
  0.1827500000000000E+02   0.3174602986231155E+00   0.3527669238523827E+00  -0.3706989464084237E+00   0.2802847078032485E+00   0.1412703370824119E-03   0.7902044960625788E-01   0.1566282926676635E+01
  0.1832500000000000E+02   0.3162224587067693E+00   0.3415124469528048E+00  -0.3748380449098776E+00   0.2731391795135493E+00   0.1380454752040014E-03   0.7920760932680460E-01   0.1576497041132052E+01
  0.1837500000000000E+02   0.3168376647998846E+00   0.3296479467858056E+00  -0.3778819398387330E+00   0.2649400233617663E+00   0.1342669458852265E-03   0.7884179640646814E-01   0.1576856431521954E+01
  0.1842500000000000E+02   0.3193145697928488E+00   0.3176761347649596E+00  -0.3796224913346163E+00   0.2560345356880969E+00   0.1301068728692336E-03   0.7790900523144866E-01   0.1565833292284350E+01
  0.1847500000000000E+02   0.3235265908394895E+00   0.3060391437873284E+00  -0.3799723812520294E+00   0.2467947673083636E+00   0.1257519089913422E-03   0.7644555228821071E-01   0.1543085011515522E+01
  0.1852500000000000E+02   0.3292538885749229E+00   0.2950903059364494E+00  -0.3789555805836520E+00   0.2375758453910371E+00   0.1213821126987848E-03   0.7452782220135981E-01   0.1509518248456555E+01
  0.1857500000000000E+02   0.3362241968191498E+00   0.2850860664741434E+00  -0.3766852723842972E+00   0.2286854889219863E+00   0.1171552141829963E-03   0.7225771988148372E-01   0.1467089997272297E+01
  0.1862500000000000E+02   0.3441457750537652E+00   0.2761917404719985E+00  -0.3733363668327442E+00   0.2203668171041635E+00   0.1131974575633918E-03   0.6974758711126963E-01   0.1418417753606238E+01
  0.1867500000000000E+02   0.3527303435390782E+00   0.2684943729178256E+00  -0.3691186775744467E+00   0.2127930906921952E+00   0.1096004469625674E-03   0.6710751236317315E-01   0.1366328482224307E+01
  0.1872500000000000E+02   0.3617069409163168E+00   0.2620174439616131E+00  -0.3642545965417904E+00   0.2060710486747835E+00   0.1064223880133448E-03   0.6443650510261675E-01   0.1313469060827651E+01
  0.1877500000000000E+02   0.3708290908994295E+00   0.2567342017000183E+00  -0.3589627376601306E+00   0.2002490469609404E+00   0.1036918435203368E-03   0.6181762240459530E-01   0.1262047931255509E+01
  0.1882500000000000E+02   0.3798779413160598E+00   0.2525782125958912E+00  -0.3534472091394443E+00   0.1953268288113891E+00   0.1014124036523405E-03   0.5931625219574931E-01   0.1213717284287541E+01
  0.1887500000000000E+02   0.3886636759793328E+00   0.2494510272216891E+00  -0.3478911685314205E+00   0.1912648741927891E+00   0.9956721777410402E-04   0.5698044290710798E-01   0.1169565200408759E+01
  0.1892500000000000E+02   0.3970268639606390E+00   0.2472276894474115E+00  -0.3424530332587850E+00   0.1879924187565378E+00   0.9812290924330088E-04   0.5484226666703676E-01   0.1130174107610413E+01
  0.1897500000000000E+02   0.4048406813212108E+00   0.2457612752573435E+00  -0.3372639400155615E+00   0.1854141415385743E+00   0.9703285985773231E-04   0.5291950176519990E-01   0.1095707588782995E+01
  0.1902500000000000E+02   0.4120141815962064E+00   0.2448878030738522E+00  -0.3324255494812169E+00   0.1834160990459909E+00   0.9624015420861106E-04   0.5121725932925985E-01   0.1066000798759899E+01
  0.1907500000000000E+02   0.4184960442348346E+00   0.2444327139591991E+00  -0.3280079116569652E+00   0.1818717200688399E+00   0.9568060507929158E-04   0.4972946998534536E-01   0.1040642743505133E+01
  0.1912500000000000E+02   0.4242775855896664E+00   0.2442196462691857E+00  -0.3240477116219584E+00   0.1806485830939301E+00   0.9528624124211437E-04   0.4844034939233704E-01   0.1019047992429922E+01
  0.1917500000000000E+02   0.4293934419558454E+00   0.2440814359839775E+00  -0.3205476763331714E+00   0.1796163082250812E+00   0.9498944073430759E-04   0.4732605996324640E-01   0.1000520427416172E+01
  0.1922500000000000E+02   0.4339184265748142E+00   0.2438722969278470E+00  -0.3174781030881552E+00   0.1786552915234497E+00   0.9472757610415910E-04   0.4635677246667520E-01   0.9843129702645850E+00
  0.1927500000000000E+02   0.4379597353706566E+00   0.2434792661635840E+00  -0.3147812645614402E+00   0.1776653596663190E+00   0.9444768956605234E-04   0.4549921243220455E-01   0.9696858101445726E+00
  0.1932500000000000E+02   0.4416448267913141E+00   0.2428306075663549E+00  -0.3123788554038044E+00   0.1765729642512351E+00   0.9411046141932711E-04   0.4471958593778910E-01   0.9559625704836329E+00
  0.1937500000000000E+02   0.4451065697138523E+00   0.2418992120659165E+00  -0.3101818329337573E+00   0.1753354895643732E+00   0.9369269553658042E-04   0.4398658201293730E-01   0.9425804347512619E+00
  0.1942500000000000E+02   0.4484681481969076E+00   0.2407000840625662E+00  -0.3081012625398478E+00   0.1739416991467112E+00   0.9318777188851407E-04   0.4327402368308554E-01   0.9291279570763893E+00
  0.1947500000000000E+02   0.4518303596451451E+00   0.2392823954421601E+00  -0.3060584062992805E+00   0.1724081663458819E+00   0.9260394568039477E-04   0.4256274542469566E-01   0.9153642965121049E+00
  0.1952500000000000E+02   0.4552633012452043E+00   0.2377177953000006E+00  -0.3039924412029247E+00   0.1707724235860695E+00   0.9196084998649594E-04   0.4184141712907188E-01   0.9012162437846262E+00
  0.1957500000000000E+02   0.4588033124239851E+00   0.2360872753163986E+00  -0.3018647834389760E+00   0.1690842044033759E+00   0.9128491202685505E-04   0.4110625990775554E-01   0.8867537997574922E+00
  0.1962500000000000E+02   0.4624548889828836E+00   0.2344688068001536E+00  -0.2996597756210769E+00   0.1673963586827285E+00   0.9060452009855517E-04   0.4035982221464484E-01   0.8721495302869137E+00
  0.1967500000000000E+02   0.4661964744876160E+00   0.2329273834349077E+00  -0.2973821833104540E+00   0.1657568153710991E+00   0.8994568373847646E-04   0.3960913340233481E-01   0.8576298078784922E+00
  0.1972500000000000E+02   0.4699886961574139E+00   0.2315083528202454E+00  -0.2950523684741176E+00   0.1642025183623484E+00   0.8932870082132477E-04   0.3886359723013984E-01   0.8434265548350501E+00
  0.1977500000000000E+02   0.4737836555700993E+00   0.2302342744533778E+00  -0.2927001359225948E+00   0.1627557745636591E+00   0.8876609007353958E-04   0.3813294708439538E-01   0.8297365294540316E+00
  0.1982500000000000E+02   0.4775341157210199E+00   0.2291051234413230E+00  -0.2903581727648114E+00   0.1614230691093363E+00   0.8826184234169367E-04   0.3742549975731133E-01   0.8166925661927135E+00
  0.1987500000000000E+02   0.4812016711119683E+00   0.2281014432438774E+00  -0.2880558438051197E+00   0.1601961623387771E+00   0.8781191281250693E-04   0.3674685636830399E-01   0.8043485674983272E+00
  0.1992500000000000E+02   0.4847631609142583E+00   0.2271899335497815E+00  -0.2858139589968872E+00   0.1590551484531125E+00   0.8740580031330473E-04   0.3609913033019116E-01   0.7926780900420223E+00
  0.1997500000000000E+02   0.4882146992029821E+00   0.2263308361436834E+00  -0.2836410214944362E+00   0.1579730574577600E+00   0.8702900213207419E-04   0.3548073513303606E-01   0.7815851585772919E+00
  0.2002500000000000E+02   0.4915728280522545E+00   0.2254863035570681E+00  -0.2815313681911147E+00   0.1569214671135762E+00   0.8666606473104214E-04   0.3488672710081578E-01   0.7709251883387576E+00
  0.2007500000000000E+02   0.4948725356168761E+00   0.2246287339840643E+00  -0.2794654730643973E+00   0.1558764539288624E+00   0.8630386860974020E-04   0.3430965531466085E-01   0.7605332330518144E+00
  0.2012500000000000E+02   0.4981622600201844E+00   0.2237479291255733E+00  -0.2774124543275953E+00   0.1548240974160193E+00   0.8593471444726926E-04   0.3374081547232603E-01   0.7502560091787265E+00
  0.2017500000000000E+02   0.5014964717638341E+00   0.2228559926356459E+00  -0.2753345147585311E+00   0.1537647350221096E+00   0.8555875962874386E-04   0.3317174325754060E-01   0.7399833950604245E+00
  0.2022500000000000E+02   0.5049268617796747E+00   0.2219891958715075E+00  -0.2731927167399149E+00   0.1527153077469021E+00   0.8518542495217164E-04   0.3259573504012644E-01   0.7296747481693381E+00
  0.2027500000000000E+02   0.5084934027533576E+00   0.2212065508584980E+00  -0.2709532540924966E+00   0.1517094425702047E+00   0.8483355520201089E-04   0.3200917206251172E-01   0.7193758595393613E+00
  0.2032500000000000E+02   0.5122164975048902E+00   0.2205854024848841E+00  -0.2685933244561771E+00   0.1507953166553150E+00   0.8453033694958720E-04   0.3141246172148107E-01   0.7092238655091168E+00
  0.2037500000000000E+02   0.5160910948613313E+00   0.2202147986132267E+00  -0.2661058581638474E+00   0.1500317185134251E+00   0.8430918547782537E-04   0.3081049002837116E-01   0.6994397096002999E+00
  0.2042500000000000E+02   0.5200831690608149E+00   0.2201875824403131E+00  -0.2635026678115335E+00   0.1494829463849083E+00   0.8420694409543604E-04   0.3021257814819300E-01   0.6903101280012753E+00
  0.2047500000000000E+02   0.5241285041514537E+00   0.2205920495288958E+00  -0.2608159328621972E+00   0.1492132063824448E+00   0.8426075875562073E-04   0.2963202076709936E-01   0.6821628419258957E+00
  0.2052500000000000E+02   0.5281334529978465E+00   0.2215037064906256E+00  -0.2580982042767332E+00   0.1492810152014025E+00   0.8450490891045038E-04   0.2908532963976345E-01   0.6753391642254646E+00
  0.2057500000000000E+02   0.5319773227411909E+00   0.2229773068545523E+00  -0.2554212255558399E+00   0.1497338592689594E+00   0.8496773757159651E-04   0.2859130347563090E-01   0.6701675393849342E+00
  0.2062500000000000E+02   0.5355162563068154E+00   0.2250390747219482E+00  -0.2528738015569983E+00   0.1506031211266087E+00   0.8566868919321504E-04   0.2817000396707574E-01   0.6669400471450023E+00
  0.2067500000000000E+02   0.5385888462865234E+00   0.2276789773552170E+00  -0.2505587430880346E+00   0.1518991483691174E+00   0.8661538686375410E-04   0.2784165654388234E-01   0.6658922143967098E+00
  0.2072500000000000E+02   0.5410241026704786E+00   0.2308431463521249E+00  -0.2485886474285253E+00   0.1536063739003510E+00   0.8780069803065467E-04   0.2762543559565502E-01   0.6671851349373161E+00
  0.2077500000000000E+02   0.5426526330510808E+00   0.2344270938055030E+00  -0.2470800385210006E+00   0.1556786284062689E+00   0.8919986998557384E-04   0.2753805809020832E-01   0.6708882299170948E+00
  0.2082500000000000E+02   0.5433217800917883E+00   0.2382711688374406E+00  -0.2461453010227309E+00   0.1580352083502932E+00   0.9076806050186587E-04   0.2759211500118750E-01   0.6769611430552465E+00
  0.2087500000000000E+02   0.5429147792678950E+00   0.2421605642239795E+00  -0.2458820317036257E+00   0.1605588080410308E+00   0.9243890914552645E-04   0.2779413247536986E-01   0.6852342957096653E+00
  0.2092500000000000E+02   0.5413726103028845E+00   0.2458327337419337E+00  -0.2463600204178543E+00   0.1630969298352744E+00   0.9412509874761456E-04   0.2814248323425311E-01   0.6953895094253730E+00
  0.2097500000000000E+02   0.5387152383048455E+00   0.2489947586331239E+00  -0.2476070930873653E+00   0.1654685712381631E+00   0.9572198117907958E-04   0.2862545402753156E-01   0.7069447000952906E+00
  0.2102500000000000E+02   0.5350569653428938E+00   0.2513514628097183E+00  -0.2495963231833921E+00   0.1674774994946795E+00   0.9711507833934148E-04   0.2921997257565780E-01   0.7192495145470014E+00
  0.2107500000000000E+02   0.5306097345285590E+00   0.2526418279405555E+00  -0.2522381659298586E+00   0.1689320158033482E+00   0.9819146506139043E-04   0.2989161770299823E-01   0.7315009266344157E+00
  0.2112500000000000E+02   0.5256696389273129E+00   0.2526773404550251E+00  -0.2553811838999106E+00   0.1696689198497644E+00   0.9885376276741346E-04   0.3059646258798216E-01   0.7427876252836561E+00
  0.2117500000000000E+02   0.5205860032928002E+00   0.2513731287386298E+00  -0.2588236324933417E+00   0.1695771342415148E+00   0.9903413278717411E-04   0.3128495116400268E-01   0.7521677290660492E+00
  0.2122500000000000E+02   0.5157180650339058E+00   0.2487630798291512E+00  -0.2623353205826489E+00   0.1686152846749001E+00   0.9870492691854104E-04   0.3190742041095421E-01   0.7587752061129712E+00
  0.2127500000000000E+02   0.5113889117981391E+00   0.2449942204484541E+00  -0.2656858377875204E+00   0.1668183953515819E+00   0.9788309666237938E-04   0.3242026045738390E-01   0.7619382368560369E+00
  0.2132500000000000E+02   0.5078474361225180E+00   0.2403019762692110E+00  -0.2686729789896219E+00   0.1642917391027187E+00   0.9662710298122502E-04   0.3279134934326134E-01   0.7612827082232780E+00
  0.2137500000000000E+02   0.5052460000784357E+00   0.2349734881858514E+00  -0.2711451581998678E+00   0.1611936113407107E+00   0.9502724552210149E-04   0.3300352794768181E-01   0.7567923906847025E+00
  0.2142500000000000E+02   0.5036359789523187E+00   0.2293084656337612E+00  -0.2730137831008931E+00   0.1577117009259511E+00   0.9319206571911450E-04   0.3305546803280097E-01   0.7488073955140182E+00
  0.2147500000000000E+02   0.5029781689013501E+00   0.2235856357837904E+00  -0.2742548116946919E+00   0.1540386621824435E+00   0.9123408124475683E-04   0.3296006133859741E-01   0.7379610053406825E+00
  0.2152500000000000E+02   0.5031622253188508E+00   0.2180391853569622E+00  -0.2749015386166301E+00   0.1503514329219365E+00   0.8925754219728971E-04   0.3274107356888182E-01   0.7250732745621683E+00
  0.2157500000000000E+02   0.5040291944585570E+00   0.2128457734680919E+00  -0.2750320959721703E+00   0.1467966873330170E+00   0.8734966664574090E-04   0.3242904930641381E-01   0.7110294328589668E+00
  0.2162500000000000E+02   0.5053928778755706E+00   0.2081201392444418E+00  -0.2747551082943933E+00   0.1434826647003275E+00   0.8557555846818106E-04   0.3205732751349887E-01   0.6966692053605223E+00
  0.2167500000000000E+02   0.5070579667488162E+00   0.2039163958172813E+00  -0.2741959422390465E+00   0.1404762026588463E+00   0.8397616883317972E-04   0.3165869280239358E-01   0.6827031891302339E+00
  0.2172500000000000E+02   0.5088346985781125E+00   0.2002324196409976E+00  -0.2734847209626727E+00   0.1378033094543563E+00   0.8256835361987415E-04   0.3126283263743235E-01   0.6696607161316978E+00
  0.2177500000000000E+02   0.5105508428667198E+00   0.1970157129991524E+00  -0.2727462326172270E+00   0.1354518338957313E+00   0.8134619535097955E-04   0.3089451851149993E-01   0.6578651445822451E+00
  0.2182500000000000E+02   0.5120621009705958E+00   0.1941702320255708E+00  -0.2720912843900835E+00   0.1333753998692508E+00   0.8028310839910659E-04   0.3057231990560095E-01   0.6474290384520643E+00
  0.2187500000000000E+02   0.5132616517910701E+00   0.1915645922664735E+00  -0.2716089678368299E+00   0.1314984560542751E+00   0.7933464956205833E-04   0.3030767649679678E-01   0.6382624520691450E+00
  0.2192500000000000E+02   0.5140887827249604E+00   0.1890425587291269E+00  -0.2713596283602504E+00   0.1297228139470923E+00   0.7844227038662454E-04   0.3010425537821742E-01   0.6300906874425071E+00
  0.2197500000000000E+02   0.5145355621743951E+00   0.1864366248540005E+00  -0.2713689266405060E+00   0.1279362297811419E+00   0.7753836233307720E-04   0.2995765772558275E-01   0.6224815566313882E+00
  0.2202500000000000E+02   0.5146496869663316E+00   0.1835847004377328E+00  -0.2716240247997438E+00   0.1260233084893135E+00   0.7655278346953456E-04   0.2985566014812671E-01   0.6148847841730966E+00
  0.2207500000000000E+02   0.5145314160116442E+00   0.1803485852017887E+00  -0.2720733276349852E+00   0.1238782641497672E+00   0.7542060566559078E-04   0.2977922176830715E-01   0.6066864572754821E+00
  0.2212500000000000E+02   0.5143232499301817E+00   0.1766314481864814E+00  -0.2726310467282537E+00   0.1214180557143546E+00   0.7409019636607877E-04   0.2970440890296748E-01   0.5972785847869653E+00
  0.2217500000000000E+02   0.5141927499037015E+00   0.1723906786898577E+00  -0.2731869699613532E+00   0.1185935526504603E+00   0.7253020417166982E-04   0.2960517372596385E-01   0.5861381062981055E+00
  0.2222500000000000E+02   0.5143110602892886E+00   0.1676428788410029E+00  -0.2736203879114705E+00   0.1153961895757139E+00   0.7073387171268077E-04   0.2945663006564686E-01   0.5729030071291549E+00
  0.2227500000000000E+02   0.5148313347686473E+00   0.1624595590030221E+00  -0.2738157078996586E+00   0.1118583538437196E+00   0.6871955345686347E-04   0.2923822499611691E-01   0.5574289729119608E+00
  0.2232500000000000E+02   0.5158714958872334E+00   0.1569546354193971E+00  -0.2736765703171067E+00   0.1080473443407451E+00   0.6652727836822256E-04   0.2893614561924172E-01   0.5398116310158423E+00
  0.2237500000000000E+02   0.5175044024153586E+00   0.1512669991493962E+00  -0.2731356795918559E+00   0.1040544946988578E+00   0.6421227853070459E-04   0.2854448457647543E-01   0.5203677189423858E+00
  0.2242500000000000E+02   0.5197562114529031E+00   0.1455423095817720E+00  -0.2721589101000405E+00   0.9998220188542564E-01   0.6183713229160547E-04   0.2806504485966492E-01   0.4995804331376336E+00
  0.2247500000000000E+02   0.5226115520868814E+00   0.1399175780391880E+00  -0.2707439088832859E+00   0.9593171709058430E-01   0.5946427259786841E-04   0.2750603316569631E-01   0.4780242272697026E+00
  0.2252500000000000E+02   0.5260228728777405E+00   0.1345105805225994E+00  -0.2689146932360198E+00   0.9199376548681215E-01   0.5715015172101284E-04   0.2688012020847568E-01   0.4562879985075148E+00
  0.2257500000000000E+02   0.5299211770386414E+00   0.1294144750764804E+00  -0.2667142569813347E+00   0.8824286869653912E-01   0.5494163374411936E-04   0.2620237792152428E-01   0.4349122589565033E+00
  0.2262500000000000E+02   0.5342259970105252E+00   0.1246967941227357E+00  -0.2641970051403908E+00   0.8473517707448838E-01   0.5287453018818725E-04   0.2548848071131454E-01   0.4143484261270323E+00
  0.2267500000000000E+02   0.5388533895428570E+00   0.1204014320117228E+00  -0.2614222433813616E+00   0.8150897514362292E-01   0.5097378942997651E-04   0.2475337313476674E-01   0.3949407507750108E+00
  0.2272500000000000E+02   0.5437215662445110E+00   0.1165522369949809E+00  -0.2584492897583960E+00   0.7858682851035713E-01   0.4925471910781895E-04   0.2401044053448014E-01   0.3769263133174730E+00
  0.2277500000000000E+02   0.5487543346131444E+00   0.1131571069958377E+00  -0.2553342625728843E+00   0.7597845671455575E-01   0.4772468227561465E-04   0.2327111229164863E-01   0.3604465905127529E+00
  0.2282500000000000E+02   0.5538828020646582E+00   0.1102118672906602E+00  -0.2521282959991877E+00   0.7368367241404583E-01   0.4638485908525020E-04   0.2254478170820648E-01   0.3455645277410273E+00
  0.2287500000000000E+02   0.5590458653560209E+00   0.1077035466334062E+00  -0.2488768158698738E+00   0.7169499551404303E-01   0.4523182771304291E-04   0.2183892457285489E-01   0.3322826373436905E+00
  0.2292500000000000E+02   0.5641899594433915E+00   0.1056129162927361E+00  -0.2456195079893357E+00   0.6999976630575644E-01   0.4425885015332106E-04   0.2115931924718432E-01   0.3205594194630677E+00
  0.2297500000000000E+02   0.5692684427153067E+00   0.1039163131908502E+00  -0.2423906705535235E+00   0.6858172751566655E-01   0.4345683897114643E-04   0.2051029878530250E-01   0.3103228570719345E+00
  0.2302500000000000E+02   0.5742408912777341E+00   0.1025868544970877E+00  -0.2392197196678524E+00   0.6742213037665715E-01   0.4281503488479490E-04   0.1989499127689557E-01   0.3014807225154700E+00
  0.2307500000000000E+02   0.5790724823186653E+00   0.1015951907458714E+00  -0.2361316908337210E+00   0.6650046187722927E-01   0.4232145241441802E-04   0.1931552482605806E-01   0.2939279990234154E+00
  0.2312500000000000E+02   0.5837335699741655E+00   0.1009099569268567E+00  -0.2331476416116495E+00   0.6579490551410268E-01   0.4196316157978275E-04   0.1877318807201721E-01   0.2875519854712044E+00
  0.2317500000000000E+02   0.5881994940699210E+00   0.1004980777573465E+00  -0.2302849110590750E+00   0.6528264756744274E-01   0.4172647467353050E-04   0.1826854700238307E-01   0.2822357299597412E+00
  0.2322500000000000E+02   0.5924506084796758E+00   0.1003250695106048E+00  -0.2275572324537761E+00   0.6494013131180053E-01   0.4159710221901774E-04   0.1780152531336659E-01   0.2778604097289094E+00
  0.2327500000000000E+02   0.5964724691279981E+00   0.1003554566863383E+00  -0.2249747295546396E+00   0.6474334483872383E-01   0.4156033260764919E-04   0.1737145971769491E-01   0.2743071900704607E+00
  0.2332500000000000E+02   0.6002560827484491E+00   0.1005533857953469E+00  -0.2225438537157977E+00   0.6466820429418099E-01   0.4160127549832809E-04   0.1697714386781957E-01   0.2714589767612356E+00
  0.2337500000000000E+02   0.6037980908940902E+00   0.1008834697799231E+00  -0.2202673377719914E+00   0.6469106314698848E-01   0.4170518963778201E-04   0.1661687498000259E-01   0.2692023349611204E+00
  0.2342500000000000E+02   0.6071007561739610E+00   0.1013118377958746E+00  -0.2181442493080648E+00   0.6478934106848643E-01   0.4185789217078481E-04   0.1628851561302363E-01   0.2674296893848099E+00
  0.2347500000000000E+02   0.6101716354685978E+00   0.1018073039600322E+00  -0.2161702172246573E+00   0.6494222737974970E-01   0.4204622143176301E-04   0.1598957925199323E-01   0.2660417576220530E+00
  0.2352500000000000E+02   0.6130228699288520E+00   0.1023425174202185E+00  -0.2143378800697873E+00   0.6513138079592613E-01   0.4225850315422766E-04   0.1571734264351630E-01   0.2649500208166549E+00
  0.2357500000000000E+02   0.6156700886249966E+00   0.1028949283354151E+00  -0.2126375651345235E+00   0.6534152747139574E-01   0.4248495634524697E-04   0.1546898107062774E-01   0.2640789296629072E+00
  0.2362500000000000E+02   0.6181309987673389E+00   0.1034474101676201E+00  -0.2110581611605542E+00   0.6556085954307733E-01   0.4271797411724616E-04   0.1524171630487844E-01   0.2633675035149322E+00
  0.2367500000000000E+02   0.6204238026288503E+00   0.1039884199954848E+00  -0.2095881052133445E+00   0.6578115833109575E-01   0.4295222803061687E-04   0.1503296235659801E-01   0.2627700195033635E+00
  0.2372500000000000E+02   0.6225656227318084E+00   0.1045116470714609E+00  -0.2082163763290861E+00   0.6599760587805402E-01   0.4318456952460649E-04   0.1484045254471917E-01   0.2622556008509344E+00
  0.2377500000000000E+02   0.6245711225431172E+00   0.1050151792008396E+00  -0.2069333817175421E+00   0.6620829623889014E-01   0.4341373291102014E-04   0.1466233321120812E-01   0.2618066728907860E+00
  0.2382500000000000E+02   0.6264514802963397E+00   0.1055002879023664E+00  -0.2057316362782463E+00   0.6641350248927011E-01   0.4363987380859904E-04   0.1449721404782524E-01   0.2614164227789114E+00
  0.2387500000000000E+02   0.6282138186329006E+00   0.1059699818905555E+00  -0.2046061676645138E+00   0.6661478728053474E-01   0.4386399849235207E-04   0.1434417119519515E-01   0.2610855359328438E+00
  0.2392500000000000E+02   0.6298611276021593E+00   0.1064274976648111E+00  -0.2035546182568095E+00   0.6681405913351637E-01   0.4408735007933780E-04   0.1420270549448844E-01   0.2608185627851225E+00
  0.2397500000000000E+02   0.6313926575669413E+00   0.1068748881354677E+00  -0.2025770532148649E+00   0.6701267411876036E-01   0.4431081691709299E-04   0.1407266328466771E-01   0.2606202864466588E+00
  0.2402500000000000E+02   0.6328047111286532E+00   0.1073118433792350E+00  -0.2016755139845832E+00   0.6721066762892865E-01   0.4453441973966653E-04   0.1395413031106510E-01   0.2604924256327302E+00
  0.2407500000000000E+02   0.6340917323524837E+00   0.1077348414748491E+00  -0.2008533767897372E+00   0.6740617950812709E-01   0.4475692085409234E-04   0.1384731064191368E-01   0.2604309378413219E+00
  0.2412500000000000E+02   0.6352475753837068E+00   0.1081366895217714E+00  -0.2001145865437658E+00   0.6759511281404816E-01   0.4497558402204053E-04   0.1375240240013454E-01   0.2604241060837524E+00
  0.2417500000000000E+02   0.6362668288812003E+00   0.1085064792022255E+00  -0.1994628407249103E+00   0.6777104469484052E-01   0.4518609961465178E-04   0.1366948115671865E-01   0.2604515130864563E+00
  0.2422500000000000E+02   0.6371460740549445E+00   0.1088299480000309E+00  -0.1989007974273381E+00   0.6792538779874753E-01   0.4538267641727178E-04   0.1359840042395976E-01   0.2604839357529739E+00
  0.2427500000000000E+02   0.6378849612779240E+00   0.1090902051750287E+00  -0.1984293781243938E+00   0.6804778156649943E-01   0.4555828867720215E-04   0.1353871700792093E-01   0.2604841285911834E+00
  0.2432500000000000E+02   0.6384870044893517E+00   0.1092687500844190E+00  -0.1980472281993818E+00   0.6812667399295767E-01   0.4570505417166229E-04   0.1348964697511073E-01   0.2604084034931639E+00
  0.2437500000000000E+02   0.6389600163590359E+00   0.1093466809427459E+00  -0.1977503855854059E+00   0.6815003645875028E-01   0.4581470654719662E-04   0.1345005549824136E-01   0.2602088520023599E+00
  0.2442500000000000E+02   0.6393161420365708E+00   0.1093059688506129E+00  -0.1975321886660913E+00   0.6810613915399187E-01   0.4587911439093431E-04   0.1341848077920109E-01   0.2598359973697484E+00
  0.2447500000000000E+02   0.6395714939896042E+00   0.1091306608918440E+00  -0.1973834291310138E+00   0.6798430586456065E-01   0.4589079278700876E-04   0.1339318873555061E-01   0.2592416157385013E+00
  0.2452500000000000E+02   0.6397454397339892E+00   0.1088078828623566E+00  -0.1972927262357166E+00   0.6777556801753126E-01   0.4584335297703216E-04   0.1337225159986409E-01   0.2583814413082202E+00
  0.2457500000000000E+02   0.6398596395853897E+00   0.1083285392579442E+00  -0.1972470705800224E+00   0.6747315100812903E-01   0.4573184375618046E-04   0.1335364066517712E-01   0.2572174815726105E+00
  0.2462500000000000E+02   0.6399369631674023E+00   0.1076876530442075E+00  -0.1972324639072937E+00   0.6707275033090736E-01   0.4555295413713132E-04   0.1333532180348256E-01   0.2557197220796160E+00
  0.2467500000000000E+02   0.6400004235398723E+00   0.1068843427999993E+00  -0.1972345716876412E+00   0.6657258710349585E-01   0.4530506816732758E-04   0.1331534257702174E-01   0.2538670918302847E+00
  0.2472500000000000E+02   0.6400722535060781E+00   0.1059214890096060E+00  -0.1972393100504662E+00   0.6597326596564217E-01   0.4498818544231496E-04   0.1329190184220133E-01   0.2516476754490861E+00
  0.2477500000000000E+02   0.6401732129938731E+00   0.1048051833141812E+00  -0.1972333071253560E+00   0.6527748612668653E-01   0.4460374010048484E-04   0.1326339632904172E-01   0.2490582736933173E+00
  0.2482500000000000E+02   0.6403221676259385E+00   0.1035440762468014E+00  -0.1972042068251308E+00   0.6448967292000177E-01   0.4415436300025840E-04   0.1322844300256842E-01   0.2461035052039411E+00
  0.2487500000000000E+02   0.6405359275773175E+00   0.1021487374112336E+00  -0.1971408142624560E+00   0.6361559986225669E-01   0.4364363433456441E-04   0.1318588015573433E-01   0.2427946906444536E+00
  0.2492500000000000E+02   0.6408292929893928E+00   0.1006311197772463E+00  -0.1970331097606570E+00   0.6266206054103357E-01   0.4307586737181025E-04   0.1313475332250809E-01   0.2391487572304741E+00
  0.2497500000000000E+02   0.6412152250401260E+00   0.9900418348689456E-01  -0.1968721776128526E+00   0.6163662914367922E-01   0.4245595053905448E-04   0.1307429370497099E-01   0.2351873510969480E+00
  0.2502500000000000E+02   0.6417050535369540E+00   0.9728169302185792E-01  -0.1966501035629459E+00   0.6054752322326362E-01   0.4178925808676196E-04   0.1300389673067677E-01   0.2309362612434692E+00
  0.2507500000000000E+02   0.6423086417131822E+00   0.9547816331884669E-01  -0.1963598912487109E+00   0.5940355781097240E-01   0.4108162279039113E-04   0.1292310680526949E-01   0.2264251622038313E+00
  0.2512500000000000E+02   0.6430344526101629E+00   0.9360890219395106E-01  -0.1959954346309490E+00   0.5821416085553138E-01   0.4033935076871381E-04   0.1283161177235349E-01   0.2216875944134671E+00
  0.2517500000000000E+02   0.6438894928465007E+00   0.9169008229472878E-01  -0.1955515643516446E+00   0.5698940928440615E-01   0.3956925074812344E-04   0.1272924764762328E-01   0.2167610394394991E+00
  0.2522500000000000E+02   0.6448791418497238E+00   0.8973877675396320E-01  -0.1950241653652491E+00   0.5574004391987817E-01   0.3877864891453730E-04   0.1261601147918573E-01   0.2116869230795100E+00
  0.2527500000000000E+02   0.6460069014368086E+00   0.8777290688460831E-01  -0.1944103453135564E+00   0.5447742928052608E-01   0.3797536546919073E-04   0.1249207822191509E-01   0.2065103955446619E+00
  0.2532500000000000E+02   0.6472741172910449E+00   0.8581107339105881E-01  -0.1937086213232433E+00   0.5321343850401046E-01   0.3716763855180079E-04   0.1235781662917661E-01   0.2012797883575415E+00
  0.2537500000000000E+02   0.6486797281497982E+00   0.8387226902990993E-01  -0.1929190890383777E+00   0.5196026066951431E-01   0.3636399290357082E-04   0.1221379943932404E-01   0.1960457187047761E+00
  0.2542500000000000E+02   0.6502200909214488E+00   0.8197549462727845E-01  -0.1920435417599584E+00   0.5073014380369230E-01   0.3557306183588208E-04   0.1206080439070953E-01   0.1908598862689324E+00
  0.2547500000000000E+02   0.6518889134936534E+00   0.8013931717560800E-01  -0.1910855178195073E+00   0.4953509854316501E-01   0.3480337942989011E-04   0.1189980446100479E-01   0.1857736679688116E+00
  0.2552500000000000E+02   0.6536773062456466E+00   0.7838141582423648E-01  -0.1900502678483650E+00   0.4838659284201249E-01   0.3406316398008906E-04   0.1173194772342684E-01   0.1808366503036415E+00
  0.2557500000000000E+02   0.6555739431078598E+00   0.7671815884496322E-01  -0.1889446471519137E+00   0.4729526694791004E-01   0.3336011320854308E-04   0.1155852890383018E-01   0.1760952424241812E+00
  0.2562500000000000E+02   0.6575653074047574E+00   0.7516424412326983E-01  -0.1877769491824706E+00   0.4627069131294324E-01   0.3270122746437363E-04   0.1138095580338350E-01   0.1715914888063444E+00
  0.2567500000000000E+02   0.6596359889895341E+00   0.7373242069323196E-01  -0.1865567024232273E+00   0.4532118029177879E-01   0.3209267042414189E-04   0.1120071410309132E-01   0.1673621574699291E+00
  0.2572500000000000E+02   0.6617689978119775E+00   0.7243329283592924E-01  -0.1852944543965768E+00   0.4445366379719466E-01   0.3153966937124932E-04   0.1101933374695853E-01   0.1634381295019904E+00
  0.2577500000000000E+02   0.6639460640496253E+00   0.7127519422937489E-01  -0.1840015635910973E+00   0.4367360956170900E-01   0.3104645038799554E-04   0.1083835928911709E-01   0.1598440687394556E+00
  0.2582500000000000E+02   0.6661479044367435E+00   0.7026410945086671E-01  -0.1826900140816098E+00   0.4298498162353463E-01   0.3061619870532749E-04   0.1065932551253304E-01   0.1565983142086168E+00
  0.2587500000000000E+02   0.6683544464298057E+00   0.6940361458888333E-01  -0.1813722598756801E+00   0.4239021669259793E-01   0.3025103146889462E-04   0.1048373849124539E-01   0.1537129157948694E+00
  0.2592500000000000E+02   0.6705450146327910E+00   0.6869480782123551E-01  -0.1800610977529524E+00   0.4189019915567914E-01   0.2995196933651270E-04   0.1031306122700624E-01   0.1511937257977023E+00
  0.2597500000000000E+02   0.6726984962411590E+00   0.6813620417176236E-01  -0.1787695594233299E+00   0.4148421734337864E-01   0.2971889444497265E-04   0.1014870213289467E-01   0.1490404636697402E+00
  0.2602500000000000E+02   0.6747935133392020E+00   0.6772357587359633E-01  -0.1775108067493670E+00   0.4116988796286790E-01   0.2955048516537698E-04   0.9992003999304968E-02   0.1472466858864030E+00
  0.2607500000000000E+02   0.6768086390484758E+00   0.6744973067193438E-01  -0.1762980079272917E+00   0.4094304209596993E-01   0.2944412259300186E-04   0.9844230677476244E-02   0.1457996155444942E+00
  0.2612500000000000E+02   0.6787227009221537E+00   0.6730423506981190E-01  -0.1751441683324341E+00   0.4079757485241185E-01   0.2939576990646354E-04   0.9706548575864131E-02   0.1446798159259027E+00
  0.2617500000000000E+02   0.6805152172082669E+00   0.6727310805721205E-01  -0.1740618879334683E+00   0.4072527170885233E-01   0.2939983365222813E-04   0.9580000240930173E-02   0.1438607287635517E+00
  0.2622500000000000E+02   0.6821670074891768E+00   0.6733853290938369E-01  -0.1730630189452587E+00   0.4071563761938349E-01   0.2944902559681757E-04   0.9465467886427366E-02   0.1433081413924872E+00
  0.2627500000000000E+02   0.6836610058709454E+00   0.6747865866525472E-01  -0.1721582043582883E+00   0.4075576941180399E-01   0.2953425453273299E-04   0.9363625879328491E-02   0.1429796963925709E+00
  0.2632500000000000E+02   0.6849832793413257E+00   0.6766758538357724E-01  -0.1713562919697250E+00   0.4083032594577123E-01   0.2964458800795038E-04   0.9274883017198152E-02   0.1428246090176932E+00
  0.2637500000000000E+02   0.6861242142674223E+00   0.6787564210571931E-01  -0.1706636408683427E+00   0.4092166064971959E-01   0.2976733192645388E-04   0.9199317990028769E-02   0.1427838034019022E+00
  0.2642500000000000E+02   0.6870797814877414E+00   0.6807006505015477E-01  -0.1700833677085656E+00   0.4101018246990091E-01   0.2988827771245012E-04   0.9136614563585386E-02   0.1427907042827495E+00
  0.2647500000000000E+02   0.6878527316412912E+00   0.6821615645523872E-01  -0.1696146153002515E+00   0.4107499825512004E-01   0.2999215795989792E-04   0.9086006290350499E-02   0.1427729078834569E+00
  0.2652500000000000E+02   0.6884535206626179E+00   0.6827894480341397E-01  -0.1692519587874439E+00   0.4109485753571825E-01   0.3006332861647787E-04   0.9046243107687937E-02   0.1426548839043700E+00
  0.2657500000000000E+02   0.6889007400187692E+00   0.6822527567340389E-01  -0.1689850839458455E+00   0.4104936888338469E-01   0.3008665803667482E-04   0.9015592883737333E-02   0.1423617179945037E+00
  0.2662500000000000E+02   0.6892208475287773E+00   0.6802615235246258E-01  -0.1687988654949538E+00   0.4092039190548626E-01   0.3004855507049962E-04   0.8991888696925564E-02   0.1418236969279701E+00
  0.2667500000000000E+02   0.6894470749923106E+00   0.6765904340435883E-01  -0.1686739319223154E+00   0.4069344508876649E-01   0.2993802032989358E-04   0.8972626801866184E-02   0.1409813013502349E+00
  0.2672500000000000E+02   0.6896175234297784E+00   0.6710981555671669E-01  -0.1685877277341875E+00   0.4035892769168849E-01   0.2974757204346310E-04   0.8955111359628955E-02   0.1397899660330958E+00
  0.2677500000000000E+02   0.6897726181251318E+00   0.6637396490699138E-01  -0.1685159881522221E+00   0.3991295320248602E-01   0.2947389518014509E-04   0.8936631968971754E-02   0.1382238708354899E+00
  0.2682500000000000E+02   0.6899522391139985E+00   0.6545691801618672E-01  -0.1684344505211757E+00   0.3935764177412786E-01   0.2911809720196347E-04   0.8914651697063573E-02   0.1362780961164685E+00
  0.2687500000000000E+02   0.6901929219772795E+00   0.6437333802286303E-01  -0.1683205696892287E+00   0.3870081168101562E-01   0.2868552078386020E-04   0.8886979519017207E-02   0.1339687243528124E+00
  0.2692500000000000E+02   0.6905255109541423E+00   0.6314555478460634E-01  -0.1681550011290285E+00   0.3795512076787813E-01   0.2818514554958496E-04   0.8851903395024957E-02   0.1313308406524168E+00
  0.2697500000000000E+02   0.6909735453317395E+00   0.6180138885949360E-01  -0.1679226672437130E+00   0.3713680593531746E-01   0.2762868365510886E-04   0.8808268108072628E-02   0.1284147741430387E+00
  0.2702500000000000E+02   0.6915525047024300E+00   0.6037171671760989E-01  -0.1676133117741631E+00   0.3626422525226058E-01   0.2702951783062958E-04   0.8755492989783367E-02   0.1252812165837964E+00
  0.2707500000000000E+02   0.6922698773792800E+00   0.5888811685481338E-01  -0.1672215461031447E+00   0.3535641236829299E-01   0.2640163654468772E-04   0.8693535457914573E-02   0.1219959786153388E+00
  0.2712500000000000E+02   0.6931258916148171E+00   0.5738086015020079E-01  -0.1667464723166892E+00   0.3443181351403120E-01   0.2575869380295223E-04   0.8622814074752756E-02   0.1186250867670307E+00
  0.2717500000000000E+02   0.6941146838959465E+00   0.5587739661354487E-01  -0.1661910147445358E+00   0.3350731258696201E-01   0.2511327441308220E-04   0.8544108264170184E-02   0.1152307334044311E+00
  0.2722500000000000E+02   0.6952256724001189E+00   0.5440137961514593E-01  -0.1655611018740571E+00   0.3259758128325836E-01   0.2447639524892068E-04   0.8458451140121231E-02   0.1118683443745356E+00
  0.2727500000000000E+02   0.6964449406524835E+00   0.5297218232182561E-01  -0.1648648222640025E+00   0.3171473537100310E-01   0.2385723143083368E-04   0.8367028411607346E-02   0.1085847978354900E+00
  0.2732500000000000E+02   0.6977564948131438E+00   0.5160480945491489E-01  -0.1641116442805302E+00   0.3086824281126476E-01   0.2326302946048332E-04   0.8271091662742158E-02   0.1054176587305384E+00
  0.2737500000000000E+02   0.6991433188646824E+00   0.5031008869858388E-01  -0.1633117522248720E+00   0.3006501455731302E-01   0.2269915751782523E-04   0.8171889805226222E-02   0.1023952012128327E+00
  0.2742500000000000E+02   0.7005882031014334E+00   0.4909503151243477E-01  -0.1624755189671139E+00   0.2930960982291991E-01   0.2216924309166316E-04   0.8070618960529125E-02   0.9953696691349583E-01
  0.2747500000000000E+02   0.7020743576308750E+00   0.4796327253309471E-01  -0.1616131114159814E+00   0.2860449822521771E-01   0.2167535540587908E-04   0.7968388716757946E-02   0.9685462953521261E-01
  0.2752500000000000E+02   0.7035858441002827E+00   0.4691552158705457E-01  -0.1607342105257967E+00   0.2795033598143382E-01   0.2121820068348428E-04   0.7866201523770603E-02   0.9435298384315753E-01
  0.2757500000000000E+02   0.7051078682883147E+00   0.4594998682736997E-01  -0.1598478206314604E+00   0.2734622843084576E-01   0.2079730929600047E-04   0.7764941669932369E-02   0.9203093234409851E-01
  0.2762500000000000E+02   0.7066269770549823E+00   0.4506274862021696E-01  -0.1589621416076974E+00   0.2678996442939993E-01   0.2041120365480346E-04   0.7665370526415543E-02   0.8988239484110493E-01
  0.2767500000000000E+02   0.7081311985409425E+00   0.4424808048488020E-01  -0.1580844796990927E+00   0.2627821878676473E-01   0.2005754364939271E-04   0.7568125301991233E-02   0.8789710930099129E-01
  0.2772500000000000E+02   0.7096101567062225E+00   0.4349872567906018E-01  -0.1572211773810112E+00   0.2580672681349842E-01   0.1973325243447400E-04   0.7473719251642420E-02   0.8606132554847777E-01
  0.2777500000000000E+02   0.7110551816916052E+00   0.4280614636056210E-01  -0.1563775483424314E+00   0.2537044045974335E-01   0.1943462955972147E-04   0.7382542025198459E-02   0.8435841662002501E-01
  0.2782500000000000E+02   0.7124594268475462E+00   0.4216076701098662E-01  -0.1555578100890881E+00   0.2496367869506529E-01   0.1915746097200883E-04   0.7294859574976521E-02   0.8276944711394087E-01
  0.2787500000000000E+02   0.7138179921183552E+00   0.4155223504276365E-01  -0.1547650134031618E+00   0.2458028577949963E-01   0.1889713632858275E-04   0.7210813733513902E-02   0.8127374419467359E-01
  0.2792500000000000E+02   0.7151280424100690E+00   0.4096971899901249E-01  -0.1540009745895013E+00   0.2421380980854737E-01   0.1864878323418649E-04   0.7130422191514615E-02   0.7984951509350975E-01
  0.2797500000000000E+02   0.7163888996213373E+00   0.4040225818375324E-01  -0.1532662225008461E+00   0.2385771021387747E-01   0.1840742529625085E-04   0.7053580101437449E-02   0.7847454467552907E-01
  0.2802500000000000E+02   0.7176020797100757E+00   0.3983916691106334E-01  -0.1525599768781436E+00   0.2350559675261804E-01   0.1816816623540085E-04   0.6980064829755471E-02   0.7712698786806980E-01
  0.2807500000000000E+02   0.7187712434136434E+00   0.3927048257220190E-01  -0.1518801764471290E+00   0.2315149432994819E-01   0.1792639597630062E-04   0.6909545394131995E-02   0.7578624558934841E-01
  0.2812500000000000E+02   0.7199020328507614E+00   0.3868743124555694E-01  -0.1512235733910485E+00   0.2279011883030360E-01   0.1767800746888280E-04   0.6841597778641605E-02   0.7443388240229587E-01
  0.2817500000000000E+02   0.7210017771810143E+00   0.3808287063592006E-01  -0.1505859046497064E+00   0.2241714073523521E-01   0.1741960630122369E-04   0.6775726602833916E-02   0.7305451491585294E-01
  0.2822500000000000E+02   0.7220790681178558E+00   0.3745166143275278E-01  -0.1499621402967041E+00   0.2202940787003605E-01   0.1714869067757086E-04   0.6711392602459295E-02   0.7163657915466416E-01
  0.2827500000000000E+02   0.7231432276250916E+00   0.3679091808352043E-01  -0.1493467965754697E+00   0.2162509818067387E-01   0.1686377867530295E-04   0.6648044241008990E-02   0.7017287986335928E-01
  0.2832500000000001E+02   0.7242037109889798E+00   0.3610010019844181E-01  -0.1487342886987809E+00   0.2120377910162755E-01   0.1656446379446442E-04   0.6585150772487495E-02   0.6866083954766915E-01
  0.2837500000000000E+02   0.7252695033702240E+00   0.3538092536043762E-01  -0.1481192893751281E+00   0.2076636136911997E-01   0.1625138839333740E-04   0.6522233488759789E-02   0.6710239956592280E-01
  0.2842500000000000E+02   0.7263485726410932E+00   0.3463710917195878E-01  -0.1474970558233607E+00   0.2031494988290735E-01   0.1592613603190915E-04   0.6458891899446454E-02   0.6550357348162604E-01
  0.2847499999999999E+02   0.7274474341502130E+00   0.3387396319971028E-01  -0.1468636918776149E+00   0.1985260905977698E-01   0.1559105542825635E-04   0.6394822240488345E-02   0.6387370335176187E-01
  0.2852500000000000E+02   0.7285708656978620E+00   0.3309790027999553E-01  -0.1462163217996282E+00   0.1938307157016645E-01   0.1524903793186944E-04   0.6329826841217024E-02   0.6222451065984252E-01
  0.2857500000000000E+02   0.7297217878766760E+00   0.3231590546169053E-01  -0.1455531660491525E+00   0.1891042495427487E-01   0.1490327515392761E-04   0.6263814219323203E-02   0.6056905603333738E-01
  0.2862500000000000E+02   0.7309013016469088E+00   0.3153502872588988E-01  -0.1448735231852988E+00   0.1843880968541409E-01   0.1455702304197303E-04   0.6196791004000704E-02   0.5892072222555588E-01
  0.2867500000000000E+02   0.7321088564961945E+00   0.3076194452126008E-01  -0.1441776732971087E+00   0.1797215587946413E-01   0.1421339401987936E-04   0.6128847662243615E-02   0.5729231583592722E-01
  0.2872500000000000E+02   0.7333425116645098E+00   0.3000260696703431E-01  -0.1434667250885026E+00   0.1751397630765388E-01   0.1387519155484056E-04   0.6060140405230285E-02   0.5569535210469270E-01
  0.2877500000000000E+02   0.7345992501332264E+00   0.2926201256555931E-01  -0.1427424306305355E+00   0.1706722320753743E-01   0.1354479364291276E-04   0.5990871602786518E-02   0.5413955255933951E-01
  0.2882500000000000E+02   0.7358753088535428E+00   0.2854406782333878E-01  -0.1420069897031142E+00   0.1663420766881414E-01   0.1322408485639645E-04   0.5921270655021020E-02   0.5263255472794461E-01
  0.2887500000000000E+02   0.7371664964774217E+00   0.2785154917588628E-01  -0.1412628610812650E+00   0.1621657426564496E-01   0.1291443172100025E-04   0.5851576722131413E-02   0.5117981105893610E-01
  0.2892500000000000E+02   0.7384684790386423E+00   0.2718613740192809E-01  -0.1405125926477822E+00   0.1581532036966030E-01   0.1261669352719552E-04   0.5782024143972443E-02   0.4978464189837389E-01
  0.2897500000000000E+02   0.7397770225743074E+00   0.2654850755239989E-01  -0.1397586770744738E+00   0.1543084878910094E-01   0.1233125993329195E-04   0.5712830894024419E-02   0.4844840371544432E-01
  0.2902500000000000E+02   0.7410881883752127E+00   0.2593845701801339E-01  -0.1390034357513436E+00   0.1506304327744236E-01   0.1205810731128502E-04   0.5644190059337622E-02   0.4717073623883197E-01
  0.2907500000000000E+02   0.7423984809969288E+00   0.2535505735062859E-01  -0.1382489309216600E+00   0.1471135822189715E-01   0.1179686708814111E-04   0.5576264125825668E-02   0.4594985796967044E-01
  0.2912500000000000E+02   0.7437049515319898E+00   0.2479681870209465E-01  -0.1374969045067432E+00   0.1437491577228115E-01   0.1154690080576663E-04   0.5509181754373827E-02   0.4478288625974657E-01
  0.2917500000000000E+02   0.7450052594650208E+00   0.2426185847982538E-01  -0.1367487415695647E+00   0.1405260533528693E-01   0.1130737788793757E-04   0.5443036720606829E-02   0.4366616410155904E-01
  0.2922499999999999E+02   0.7462976963719919E+00   0.2374806765803293E-01  -0.1360054563773185E+00   0.1374318150115775E-01   0.1107735296691969E-04   0.5377888720185727E-02   0.4259558007881000E-01
  0.2927500000000000E+02   0.7475811744254538E+00   0.2325326908662952E-01  -0.1352676991971138E+00   0.1344535705734557E-01   0.1085584005354320E-04   0.5313765777809345E-02   0.4156687038906677E-01
  0.2932500000000000E+02   0.7488551826393657E+00   0.2277536233313318E-01  -0.1345357819912525E+00   0.1315788790525305E-01   0.1064188092822142E-04   0.5250668017318091E-02   0.4057589284134547E-01
  0.2937500000000000E+02   0.7501197143300058E+00   0.2231244947790240E-01  -0.1338097208879557E+00   0.1287964666422689E-01   0.1043460506940707E-04   0.5188572540512584E-02   0.3961886297403854E-01
  0.2942499999999999E+02   0.7513751704319813E+00   0.2186293632690030E-01  -0.1330892926564303E+00   0.1260968179404185E-01   0.1023327843870411E-04   0.5127439124555285E-02   0.3869254279808783E-01
  0.2947500000000000E+02   0.7526222448885234E+00   0.2142560412144385E-01  -0.1323741015252767E+00   0.1234725943468828E-01   0.1003733870570279E-04   0.5067216394596870E-02   0.3779437392311503E-01
  0.2952500000000000E+02   0.7538617999359207E+00   0.2099964825345531E-01  -0.1316636517784130E+00   0.1209188599352316E-01   0.9846415141587384E-05   0.5007848079592992E-02   0.3692254944286727E-01
  0.2957500000000000E+02   0.7550947402411837E+00   0.2058468272905213E-01  -0.1309574209211926E+00   0.1184331080237292E-01   0.9660332443120699E-05   0.4949278936818765E-02   0.3607602295871964E-01
  0.2962500000000000E+02   0.7563218951072641E+00   0.2018071188854229E-01  -0.1302549280760066E+00   0.1160150976417713E-01   0.9479099045977737E-05   0.4891459950924102E-02   0.3525445803924986E-01
  0.2967500000000000E+02   0.7575439171050192E+00   0.1978807371345923E-01  -0.1295557927730664E+00   0.1136665253738674E-01   0.9302881829471342E-05   0.4834352482418425E-02   0.3445812641615944E-01
  0.2972500000000000E+02   0.7587612035762283E+00   0.1940736139273838E-01  -0.1288597804196261E+00   0.1113905715550986E-01   0.9131970248902398E-05   0.4777931151104212E-02   0.3368776734296874E-01
  0.2977500000000000E+02   0.7599738447982202E+00   0.1903933123593815E-01  -0.1281668322743755E+00   0.1091913679173654E-01   0.8966733642015385E-05   0.4722185373835181E-02   0.3294442299660309E-01
  0.2982500000000000E+02   0.7611815997058952E+00   0.1868480528805166E-01  -0.1274770794350100E+00   0.1070734352511484E-01   0.8807575628540392E-05   0.4667119608847456E-02   0.3222926518214184E-01
  0.2987500000000000E+02   0.7623838974615360E+00   0.1834457616789799E-01  -0.1267908418589405E+00   0.1050411347434275E-01   0.8654889171306907E-05   0.4612752467717613E-02   0.3154342699920587E-01
  0.2992500000000000E+02   0.7635798612681184E+00   0.1801932000936331E-01  -0.1261086145357536E+00   0.1030981670553413E-01   0.8509015123505146E-05   0.4559114924796251E-02   0.3088785006819460E-01
  0.2997500000000000E+02   0.7647683498569983E+00   0.1770952136157406E-01  -0.1254310434886086E+00   0.1012471414044719E-01   0.8370206148839325E-05   0.4506247877148667E-02   0.3026315417285398E-01
  0.3002500000000000E+02   0.7659480120391778E+00   0.1741541195033220E-01  -0.1247588943044723E+00   0.9948922552313572E-02   0.8238596982395667E-05   0.4454199290214697E-02   0.2966953256378914E-01
  0.3007500000000000E+02   0.7671173503956329E+00   0.1713692368737820E-01  -0.1240930154932564E+00   0.9782387850822225E-02   0.8114181277477672E-05   0.4403021117694500E-02   0.2910667334649280E-01
  0.3012500000000000E+02   0.7682747912832304E+00   0.1687365546379729E-01  -0.1234342983349018E+00   0.9624866357276239E-02   0.7996794870015538E-05   0.4352766124430310E-02   0.2857370575067679E-01
  0.3017500000000000E+02   0.7694187594920979E+00   0.1662485314895505E-01  -0.1227836341970931E+00   0.9475913695327891E-02   0.7886105225931249E-05   0.4303484684365862E-02   0.2806916976388536E-01
  0.3022500000000000E+02   0.7705477567670603E+00   0.1638940276055976E-01  -0.1221418697906844E+00   0.9334881227705831E-02   0.7781607086965140E-05   0.4255221585873558E-02   0.2759100847185856E-01
  0.3027500000000000E+02   0.7716604437149457E+00   0.1616583777407371E-01  -0.1215097606383332E+00   0.9200920539436056E-02   0.7682624805716488E-05   0.4208012864035754E-02   0.2713658412775286E-01
  0.3032500000000000E+02   0.7727557241627400E+00   0.1595236269424409E-01  -0.1208879232773439E+00   0.9072997127803521E-02   0.7588322417958853E-05   0.4161882699483564E-02   0.2670272094510764E-01
  0.3037500000000000E+02   0.7738328297323001E+00   0.1574689592254452E-01  -0.1202767874436247E+00   0.8949914983364959E-02   0.7497722952121125E-05   0.4116840476201670E-02   0.2628577920755535E-01
  0.3042500000000000E+02   0.7748914003513037E+00   0.1554713516673065E-01  -0.1196765506355736E+00   0.8830353876155028E-02   0.7409738603351044E-05   0.4072878169297336E-02   0.2588176575253151E-01
  0.3047500000000000E+02   0.7759315539531578E+00   0.1535064770320878E-01  -0.1190871388501190E+00   0.8712920641873215E-02   0.7323212983073668E-05   0.4029968322400362E-02   0.2548648447105679E-01
  0.3052500000000000E+02   0.7769539363243865E+00   0.1515498539723952E-01  -0.1185081785821325E+00   0.8596214411191547E-02   0.7236975531317379E-05   0.3988062948094188E-02   0.2509572663354554E-01
  0.3057500000000000E+02   0.7779597407642882E+00   0.1495782048854962E-01  -0.1179389859146217E+00   0.8478903528039721E-02   0.7149906325575076E-05   0.3947093711624691E-02   0.2470549455413386E-01
  0.3062500000000000E+02   0.7789506878317578E+00   0.1475709321800491E-01  -0.1173785781886822E+00   0.8359809117095962E-02   0.7061007142254771E-05   0.3906973706277244E-02   0.2431224407632182E-01
  0.3067500000000000E+02   0.7799289586467510E+00   0.1455115742613951E-01  -0.1168257119434469E+00   0.8237987463470939E-02   0.6969472204663369E-05   0.3867600978483754E-02   0.2391312326136911E-01
  0.3072500000000000E+02   0.7808970810643163E+00   0.1433890675757636E-01  -0.1162789475119241E+00   0.8112801385236793E-02   0.6874750285187834E-05   0.3828863717824969E-02   0.2350617888204018E-01
  0.3077500000000000E+02   0.7818577757272980E+00   0.1411986355874263E-01  -0.1157367363100161E+00   0.7983970463627081E-02   0.6776589452945627E-05   0.3790646731945037E-02   0.2309050135127502E-01
  0.3082500000000000E+02   0.7828137768179447E+00   0.1389421590689107E-01  -0.1151975224305222E+00   0.7851591885828580E-02   0.6675057253235884E-05   0.3752838550014001E-02   0.2266628414232293E-01
  0.3087500000000000E+02   0.7837676480950344E+00   0.1366279529945729E-01  -0.1146598468830186E+00   0.7716127666499277E-02   0.6570532429841041E-05   0.3715338322802089E-02   0.2223478537246813E-01
  0.3092500000000000E+02   0.7847216166545038E+00   0.1342699691960914E-01  -0.1141224417648580E+00   0.7578359331259390E-02   0.6463668789546400E-05   0.3678061675273186E-02   0.2179819468304158E-01
  0.3097500000000000E+02   0.7856774440074920E+00   0.1318865371930195E-01  -0.1135843032546813E+00   0.7439316433433636E-02   0.6355336337709650E-05   0.3640944834413698E-02   0.2135942397410765E-01
  0.3102500000000000E+02   0.7866363472204008E+00   0.1294988238815235E-01  -0.1130447362002754E+00   0.7300189150845634E-02   0.6246548200166359E-05   0.3603946659552592E-02   0.2092185189453121E-01
  0.3107500000000000E+02   0.7875989739243623E+00   0.1271292199298431E-01  -0.1125033681417744E+00   0.7162236754840528E-02   0.6138383284261416E-05   0.3567048561437026E-02   0.2048905653915987E-01
  0.3112500000000000E+02   0.7885654263643861E+00   0.1247998442355498E-01  -0.1119601355137396E+00   0.7026702810675493E-02   0.6031913960943670E-05   0.3530252616734746E-02   0.2006456810220056E-01
  0.3117500000000000E+02   0.7895353233028475E+00   0.1225313079559325E-01  -0.1114152483789774E+00   0.6894745140089438E-02   0.5928145737844295E-05   0.3493578396821511E-02   0.1965166496811221E-01
  0.3122500000000000E+02   0.7905078855092883E+00   0.1203418139906977E-01  -0.1108691417980155E+00   0.6767384850080167E-02   0.5827972772404337E-05   0.3457059106536412E-02   0.1925322580506255E-01
  0.3127500000000000E+02   0.7914820306680466E+00   0.1182466040555303E-01  -0.1103224218811030E+00   0.6645475111643631E-02   0.5732149998879869E-05   0.3420737584568237E-02   0.1887163961402760E-01
  0.3132500000000000E+02   0.7924564659599149E+00   0.1162577161057214E-01  -0.1097758131910537E+00   0.6529687567940219E-02   0.5641280227848942E-05   0.3384662593035452E-02   0.1850876746930155E-01
  0.3137500000000000E+02   0.7934297701794431E+00   0.1143839851559376E-01  -0.1092301121159057E+00   0.6420512565127316E-02   0.5555813094321924E-05   0.3348885666989458E-02   0.1816594475573719E-01
  0.3142500000000000E+02   0.7944004610120188E+00   0.1126312096488333E-01  -0.1086861486925993E+00   0.6318268782854831E-02   0.5476052154462459E-05   0.3313458643847530E-02   0.1784401092339954E-01
  0.3147500000000000E+02   0.7953670463301244E+00   0.1110024089683418E-01  -0.1081447575260529E+00   0.6223118039897850E-02   0.5402166554426020E-05   0.3278431871621409E-02   0.1754335438773784E-01
  0.3152500000000000E+02   0.7963280607634141E+00   0.1094981099173548E-01  -0.1076067570899820E+00   0.6135081747161758E-02   0.5334204254023659E-05   0.3243853011711965E-02   0.1726396226760144E-01
  0.3157500000000000E+02   0.7972820903262428E+00   0.1081166161346029E-01  -0.1070729358311925E+00   0.6054056399065728E-02   0.5272104549100921E-05   0.3209766304823380E-02   0.1700546735741399E-01
  0.3162500000000000E+02   0.7982277886852169E+00   0.1068542311793512E-01  -0.1065440430499490E+00   0.5979826445173332E-02   0.5215708437098456E-05   0.3176212149692237E-02   0.1676718751146993E-01
  0.3167500000000000E+02   0.7991638889053063E+00   0.1057054216075614E-01  -0.1060207823883551E+00   0.5912073766656682E-02   0.5164766123107468E-05   0.3143226845267149E-02   0.1654815518034509E-01
  0.3172500000000000E+02   0.8000892143881213E+00   0.1046629202476164E-01  -0.1055038058335176E+00   0.5850383765195577E-02   0.5118941640297477E-05   0.3110842360772679E-02   0.1634713708763695E-01
  0.3177500000000000E+02   0.8010026923080596E+00   0.1037177821796914E-01  -0.1049937063758838E+00   0.5794248762190867E-02   0.5077815163605779E-05   0.3079086020585523E-02   0.1616264599046455E-01
  0.3182500000000000E+02   0.8019033721858013E+00   0.1028594168875419E-01  -0.1044910078402108E+00   0.5743070018731217E-02   0.5040884140941250E-05   0.3047980020692459E-02   0.1599294817698237E-01
  0.3187500000000000E+02   0.8027904512798740E+00   0.1020756296019217E-01  -0.1039961509451524E+00   0.5696160217927437E-02   0.5007564847574363E-05   0.3017540731394958E-02   0.1583607181668456E-01
  0.3192500000000000E+02   0.8036633071673478E+00   0.1013527122032226E-01  -0.1035094753792760E+00   0.5652748658224896E-02   0.4977196348058855E-05   0.2987777788265366E-02   0.1568982238546371E-01
  0.3197499999999999E+02   0.8045215361956128E+00   0.1006756275232269E-01  -0.1030311986221046E+00   0.5611991597064033E-02   0.4949049043062140E-05   0.2958693030339095E-02   0.1555181189269597E-01
  0.3202500000000000E+02   0.8053649944884707E+00   0.1000283280508448E-01  -0.1025613933497819E+00   0.5572990024588467E-02   0.4922339864363958E-05   0.2930279407959539E-02   0.1541950818128110E-01
  0.3207500000000000E+02   0.8061938361168774E+00   0.9939423830479768E-02  -0.1020999664158084E+00   0.5534816493326146E-02   0.4896255628085211E-05   0.2902520044097372E-02   0.1529030876564143E-01
  0.3212500000000000E+02   0.8070085413331467E+00   0.9875690783857888E-02  -0.1016466433466515E+00   0.5496551390784564E-02   0.4869984976396888E-05   0.2875387677931157E-02   0.1516164027133374E-01
  0.3217500000000000E+02   0.8078099270107733E+00   0.9810080976832669E-02  -0.1012009627110142E+00   0.5457327261065194E-02   0.4842757761938255E-05   0.2848844729628132E-02   0.1503107966291851E-01
  0.3222500000000000E+02   0.8085991322294777E+00   0.9741222235130936E-02  -0.1007622842779822E+00   0.5416377707928706E-02   0.4813888870786760E-05   0.2822844183633913E-02   0.1489648777419561E-01
  0.3227500000000000E+02   0.8093775746480407E+00   0.9668009690563240E-02  -0.1003298133782805E+00   0.5373085511962345E-02   0.4782821750489304E-05   0.2797331386941812E-02   0.1475614046137694E-01
  0.3232500000000000E+02   0.8101468777494947E+00   0.9589679493644124E-02  -0.9990264141679972E-01   0.5327023461516860E-02   0.4749165840370276E-05   0.2772246708739601E-02   0.1460883960558504E-01
  0.3237499999999999E+02   0.8109087744007401E+00   0.9505858009380010E-02  -0.9947979951030805E-01   0.5277981551224969E-02   0.4712722167256096E-05   0.2747528838777077E-02   0.1445398662032758E-01
  0.3242500000000000E+02   0.8116649970936610E+00   0.9416578026420741E-02  -0.9906031949011584E-01   0.5225975850620464E-02   0.4673492774153043E-05   0.2723118358232151E-02   0.1429160564240110E-01
  0.3247499999999999E+02   0.8124171682833581E+00   0.9322258689830608E-02  -0.9864329481732192E-01   0.5171237222860212E-02   0.4631672174839947E-05   0.2698961142612731E-02   0.1412231147593472E-01
  0.3252500000000000E+02   0.8131667044374198E+00   0.9223651985012004E-02  -0.9822793384938655E-01   0.5114181471813009E-02   0.4587622055633803E-05   0.2675011176764887E-02   0.1394722668015848E-01
  0.3257500000000000E+02   0.8139147446766432E+00   0.9121764017637505E-02  -0.9781359941693046E-01   0.5055365505256035E-02   0.4541833166766785E-05   0.2651232472857283E-02   0.1376786044643656E-01
  0.3262500000000000E+02   0.8146621100749873E+00   0.9017762671929672E-02  -0.9739983134536634E-01   0.4995435955530041E-02   0.4494880064298937E-05   0.2627599950132754E-02   0.1358596699074334E-01
  0.3267500000000000E+02   0.8154092942167980E+00   0.8912883858128464E-02  -0.9698635159691271E-01   0.4935077046670467E-02   0.4447374747860144E-05   0.2604099312220975E-02   0.1340340212911156E-01
  0.3272499999999999E+02   0.8161564809047558E+00   0.8808346735954977E-02  -0.9657305432387209E-01   0.4874963481060873E-02   0.4399924397441570E-05   0.2580726099676841E-02   0.1322199389470207E-01
  0.3277500000000001E+02   0.8169035819134365E+00   0.8705284926480797E-02  -0.9615998479037469E-01   0.4815722240656607E-02   0.4353096778557626E-05   0.2557484176082535E-02   0.1304343787554501E-01
  0.3282500000000000E+02   0.8176502866540185E+00   0.8604696912303426E-02  -0.9574731169062289E-01   0.4757905076506364E-02   0.4307395007610125E-05   0.2534383921995551E-02   0.1286922210552906E-01
  0.3287500000000000E+02   0.8183961162417550E+00   0.8507415499593170E-02  -0.9533529704161914E-01   0.4701971609908469E-02   0.4263241711118880E-05   0.2511440376301702E-02   0.1270058124494810E-01
  0.3292500000000000E+02   0.8191404761174279E+00   0.8414093900143239E-02  -0.9492426690358458E-01   0.4648281681002106E-02   0.4220971442462028E-05   0.2488671501291633E-02   0.1253847624508161E-01
  0.3297500000000000E+02   0.8198827034137159E+00   0.8325204803985121E-02  -0.9451458504544252E-01   0.4597094920851336E-02   0.4180829604716723E-05   0.2466096677383034E-02   0.1238359388170165E-01
  0.3302500000000000E+02   0.8206221071737522E+00   0.8241048583416751E-02  -0.9410663060606961E-01   0.4548575396313066E-02   0.4142975990399757E-05   0.2443735471164123E-02   0.1223636020187241E-01
  0.3307500000000000E+02   0.8213580010322072E+00   0.8161767195495844E-02  -0.9370077996570114E-01   0.4502799414958650E-02   0.4107491242267147E-05   0.2421606674227124E-02   0.1209696259137477E-01
  0.3312499999999999E+02   0.8220897289596426E+00   0.8087361122148718E-02  -0.9329739249103086E-01   0.4459765007386238E-02   0.4074384911134602E-05   0.2399727581856891E-02   0.1196537635941725E-01
  0.3317500000000000E+02   0.8228166851780114E+00   0.8017707555851749E-02  -0.9289679953556307E-01   0.4419402087737471E-02   0.4043604212688793E-05   0.2378113467959202E-02   0.1184139307051433E-01
  0.3322500000000000E+02   0.8235383294736293E+00   0.7952578836586623E-02  -0.9249929601079132E-01   0.4381582736866499E-02   0.4015042980758594E-05   0.2356777211865575E-02   0.1172464907432233E-01
  0.3327500000000000E+02   0.8242541989774970E+00   0.7891660777176179E-02  -0.9210513393032438E-01   0.4346131403594996E-02   0.3988550630494808E-05   0.2335729039781810E-02   0.1161465364895651E-01
  0.3332500000000000E+02   0.8249639171595831E+00   0.7834570936366678E-02  -0.9171451750796522E-01   0.4312835054277873E-02   0.3963941158447213E-05   0.2314976355056208E-02   0.1151081681919179E-01
  0.3337500000000000E+02   0.8256672003875136E+00   0.7780877102955614E-02  -0.9132759960981773E-01   0.4281453414681969E-02   0.3941002311591595E-05   0.2294523644184157E-02   0.1141247722702273E-01
  0.3342500000000000E+02   0.8263638620113518E+00   0.7730116252356180E-02  -0.9094447957528362E-01   0.4251729448133499E-02   0.3919505058905106E-05   0.2274372457175172E-02   0.1131893044009554E-01
  0.3347499999999999E+02   0.8270538136239498E+00   0.7681814058866351E-02  -0.9056520259421841E-01   0.4223400116632439E-02   0.3899213410884274E-05   0.2254521469696979E-02   0.1122945783033583E-01
  0.3352500000000001E+02   0.8277370629684752E+00   0.7635504739637507E-02  -0.9018976092582498E-01   0.4196207303298441E-02   0.3879894477270745E-05   0.2234966638837493E-02   0.1114335571227671E-01
  0.3357500000000000E+02   0.8284137079621994E+00   0.7590750635189793E-02  -0.8981809724665968E-01   0.4169908571147941E-02   0.3861328463592249E-05   0.2215701463521893E-02   0.1105996389525696E-01
  0.3362500000000000E+02   0.8290839264940240E+00   0.7547160576598056E-02  -0.8945011031204708E-01   0.4144287238991640E-02   0.3843318123434607E-05   0.2196717354501407E-02   0.1097869229361845E-01
  0.3367499999999999E+02   0.8297479620132956E+00   0.7504405836425873E-02  -0.8908566291796505E-01   0.4119161116985495E-02   0.3825697049226355E-05   0.2178004108287923E-02   0.1089904387816778E-01
  0.3372500000000000E+02   0.8304061054019263E+00   0.7462232382565555E-02  -0.8872459189064796E-01   0.4094389202298157E-02   0.3808336137933527E-05   0.2159550466337004E-02   0.1082063214626559E-01
  0.3377500000000000E+02   0.8310586741215399E+00   0.7420468293607771E-02  -0.8836671955777342E-01   0.4069875712527826E-02   0.3791147632229730E-05   0.2141344727822216E-02   0.1074319149685633E-01
  0.3382500000000000E+02   0.8317059900492749E+00   0.7379025547209948E-02  -0.8801186592465904E-01   0.4045571028559213E-02   0.3774086311875963E-05   0.2123375374326915E-02   0.1066657941311080E-01
  0.3387500000000000E+02   0.8323483576684105E+00   0.7337895905236020E-02  -0.8765986064157849E-01   0.4021469399776818E-02   0.3757147668060629E-05   0.2105631660020311E-02   0.1059077009952520E-01
  0.3392500000000000E+02   0.8329860443080505E+00   0.7297141198722164E-02  -0.8731055383419140E-01   0.3997603582126055E-02   0.3740363188967450E-05   0.2088104122536610E-02   0.1051584005740163E-01
  0.3397500000000000E+02   0.8336192639264522E+00   0.7256878855022543E-02  -0.8696382497979072E-01   0.3974036874750290E-02   0.3723793163365380E-05   0.2070784977507096E-02   0.1044194685752068E-01
  0.3402500000000000E+02   0.8342481655533043E+00   0.7217263916247984E-02  -0.8661958922108859E-01   0.3950853243115458E-02   0.3707517622651714E-05   0.2053668371817086E-02   0.1036930294804486E-01
  0.3407500000000000E+02   0.8348728270307496E+00   0.7178469017765226E-02  -0.8627780077072367E-01   0.3928146335844886E-02   0.3691626161495687E-05   0.2036750484658764E-02   0.1029814664139737E-01
  0.3412500000000000E+02   0.8354932542144348E+00   0.7140663821992527E-02  -0.8593845332241656E-01   0.3906008215719882E-02   0.3676207398589526E-05   0.2020029478731766E-02   0.1022871244862115E-01
  0.3417500000000000E+02   0.8361093853916050E+00   0.7103995273533776E-02  -0.8560157760635057E-01   0.3884518553158384E-02   0.3661338780066831E-05   0.2003505314514723E-02   0.1016120272914658E-01
  0.3422499999999999E+02   0.8367211003871170E+00   0.7068569821289479E-02  -0.8526723638290989E-01   0.3863734908400200E-02   0.3647077321165550E-05   0.1987179447419580E-02   0.1009576229220503E-01
  0.3427500000000000E+02   0.8373282336647521E+00   0.7034438511414946E-02  -0.8493551725792703E-01   0.3843684594956423E-02   0.3633451762261682E-05   0.1971054430968729E-02   0.1003245722491922E-01
  0.3432500000000000E+02   0.8379305906614517E+00   0.7001585647653647E-02  -0.8460652373997912E-01   0.3824358502236486E-02   0.3620456512302003E-05   0.1955133449885660E-02   0.9971258912305395E-02
  0.3437500000000000E+02   0.8385279665665768E+00   0.6969921571527572E-02  -0.8428036497316360E-01   0.3805707175495538E-02   0.3608047681205639E-05   0.1939419806607544E-02   0.9912033997953103E-02
  0.3442500000000000E+02   0.8391201667231996E+00   0.6939280031205556E-02  -0.8395714459668413E-01   0.3787639404790907E-02   0.3596141461988078E-05   0.1923916384666500E-02   0.9854540907194984E-02
  0.3447500000000000E+02   0.8397070277411249E+00   0.6909420552343141E-02  -0.8363694922882969E-01   0.3770023543904613E-02   0.3584615096917504E-05   0.1908625113705372E-02   0.9798433471418374E-02
  0.3452500000000000E+02   0.8402884382533543E+00   0.6880036143576028E-02  -0.8331983715768088E-01   0.3752691736146735E-02   0.3573310622513918E-05   0.1893546463956609E-02   0.9743272077362303E-02
  0.3457500000000000E+02   0.8408643580337405E+00   0.6850766502702141E-02  -0.8300582793617139E-01   0.3735447133368086E-02   0.3562041503772159E-05   0.1878679002305231E-02   0.9688542532571617E-02
  0.3462500000000001E+02   0.8414348339747607E+00   0.6821216585485592E-02  -0.8269489369716876E-01   0.3718074029358828E-02   0.3550602111229280E-05   0.1864019046168031E-02   0.9633682415067887E-02
  0.3467500000000000E+02   0.8420000112833844E+00   0.6790979935211877E-02  -0.8238695308001598E-01   0.3700350576970410E-02   0.3538779752784170E-05   0.1849560453234874E-02   0.9578114030358128E-02
  0.3472500000000000E+02   0.8425601382886229E+00   0.6759665572769798E-02  -0.8208186863982758E-01   0.3682063433453110E-02   0.3526368657420321E-05   0.1835294582262814E-02   0.9521282267356728E-02
  0.3477499999999999E+02   0.8431155635544041E+00   0.6726926596975069E-02  -0.8177944844700369E-01   0.3663023325712840E-02   0.3513184962393445E-05   0.1821210450661918E-02   0.9462694742677814E-02
  0.3482500000000000E+02   0.8436667245990300E+00   0.6692488078163653E-02  -0.8147945225350628E-01   0.3643080219916180E-02   0.3499081449193025E-05   0.1807295097900959E-02   0.9401960839070567E-02
  0.3487500000000000E+02   0.8442141284049568E+00   0.6656171505525561E-02  -0.8118160212229875E-01   0.3622136605503369E-02   0.3483960591356038E-05   0.1793534141080320E-02   0.9338825803161501E-02
  0.3492500000000000E+02   0.8447583249378977E+00   0.6617913110990057E-02  -0.8088559685342700E-01   0.3600157438689754E-02   0.3467784494507152E-05   0.1779912483799633E-02   0.9273196166428580E-02
  0.3497499999999999E+02   0.8452998758863999E+00   0.6577773908153363E-02  -0.8059112900109933E-01   0.3577175572064514E-02   0.3450580564514169E-05   0.1766415116717442E-02   0.9205153486183204E-02
  0.3502500000000000E+02   0.8458393215604137E+00   0.6535940211369502E-02  -0.8029790288133876E-01   0.3553292001750338E-02   0.3432442214387067E-05   0.1753027933280908E-02   0.9134954709642810E-02
  0.3507500000000000E+02   0.8463771491692398E+00   0.6492714579796176E-02  -0.8000565181757724E-01   0.3528670905763410E-02   0.3413524534394094E-05   0.1739738480952677E-02   0.9063019121604610E-02
  0.3512499999999999E+02   0.8469137654572529E+00   0.6448498327698993E-02  -0.7971415300440399E-01   0.3503530098148870E-02   0.3394035480169929E-05   0.1726536578070586E-02   0.8989903513120880E-02
  0.3517500000000000E+02   0.8474494759631308E+00   0.6403767709577661E-02  -0.7942323875851720E-01   0.3478128049279448E-02   0.3374223650585805E-05   0.1713414747166224E-02   0.8916268559998646E-02
  0.3522500000000000E+02   0.8479844721533393E+00   0.6359046444015718E-02  -0.7913280347898588E-01   0.3452748924079307E-02   0.3354364032629340E-05   0.1700368442419021E-02   0.8842840170540203E-02
  0.3527500000000000E+02   0.8485188265921139E+00   0.6314877313480116E-02  -0.7884280623165774E-01   0.3427687128863815E-02   0.3334743144430788E-05   0.1687396076075840E-02   0.8770369654754723E-02
  0.3532500000000000E+02   0.8490524953674184E+00   0.6271795218972146E-02  -0.7855326938559981E-01   0.3403232661529035E-02   0.3315644833104045E-05   0.1674498870874006E-02   0.8699596054551053E-02
  0.3537500000000000E+02   0.8495853263480054E+00   0.6230303418058407E-02  -0.7826427407982683E-01   0.3379658205088376E-02   0.3297337652258455E-05   0.1661680579443185E-02   0.8631213053464913E-02
  0.3542500000000000E+02   0.8501170715603679E+00   0.6190853908819413E-02  -0.7797595345392749E-01   0.3357208487137902E-02   0.3280064346583204E-05   0.1648947116413195E-02   0.8565841803759123E-02
  0.3547500000000000E+02   0.8506474020190209E+00   0.6153832202827746E-02  -0.7768848455139976E-01   0.3336092036015946E-02   0.3264033593318496E-05   0.1636306145697314E-02   0.8504009996053288E-02
  0.3552500000000000E+02   0.8511759236341200E+00   0.6119546171929078E-02  -0.7740207964595436E-01   0.3316475160479828E-02   0.3249413854073309E-05   0.1623766656607822E-02   0.8446136712184747E-02
  0.3557500000000000E+02   0.8517021932486062E+00   0.6088218312537182E-02  -0.7711697750778590E-01   0.3298477794128316E-02   0.3236329006441872E-05   0.1611338550931705E-02   0.8392522123568164E-02
  0.3562500000000000E+02   0.8522257343199268E+00   0.6059980652710359E-02  -0.7683343487485172E-01   0.3282170781330692E-02   0.3224855357570942E-05   0.1599032251384603E-02   0.8343340931074040E-02
  0.3567500000000000E+02   0.8527460521773256E+00   0.6034871602458677E-02  -0.7655171816791873E-01   0.3267574222178287E-02   0.3215019677260396E-05   0.1586858331860439E-02   0.8298638546407326E-02
  0.3572500000000000E+02   0.8532626490985910E+00   0.6012834270061392E-02  -0.7627209531796120E-01   0.3254656614563951E-02   0.3206798002776386E-05   0.1574827162795325E-02   0.8258329322942634E-02
  0.3577500000000000E+02   0.8537750396256802E+00   0.5993716084443143E-02  -0.7599482747893727E-01   0.3243334703468078E-02   0.3200115134348629E-05   0.1562948561393122E-02   0.8222196582295388E-02
  0.3582500000000000E+02   0.8542827665579968E+00   0.5977269922924884E-02  -0.7572016038808649E-01   0.3233474142114048E-02   0.3194844931590970E-05   0.1551231436654246E-02   0.8189894677677062E-02
  0.3587499999999999E+02   0.8547854179178447E+00   0.5963157290766609E-02  -0.7544831521354778E-01   0.3224891257509279E-02   0.3190811708107195E-05   0.1539683423073042E-02   0.8160953811655474E-02
  0.3592500000000000E+02   0.8552826448789301E+00   0.5950954375599598E-02  -0.7517947889285370E-01   0.3217356362548827E-02   0.3187793173056640E-05   0.1528310504218658E-02   0.8134788705015925E-02
  0.3597499999999999E+02   0.8557741802070460E+00   0.5940161942467132E-02  -0.7491379420410471E-01   0.3210599134032342E-02   0.3185525449903405E-05   0.1517116637509387E-02   0.8110712409129273E-02
  0.3602500000000000E+02   0.8562598562296935E+00   0.5930219978955912E-02  -0.7465135009866741E-01   0.3204316545762635E-02   0.3183710678314050E-05   0.1506103403090371E-02   0.8087956479647938E-02
  0.3607500000000000E+02   0.8567396208098131E+00   0.5920527691383225E-02  -0.7439217311613999E-01   0.3198183679644975E-02   0.3182027545155760E-05   0.1495269710892623E-02   0.8065698313180393E-02
  0.3612500000000000E+02   0.8572135493643437E+00   0.5910468870976376E-02  -0.7413622093636463E-01   0.3191867424036114E-02   0.3180144781591395E-05   0.1484611608083346E-02   0.8043095663066697E-02
  0.3617500000000000E+02   0.8576818507789015E+00   0.5899441828893794E-02  -0.7388337922514576E-01   0.3185042626682321E-02   0.3177737222473672E-05   0.1474122231291309E-02   0.8019327244095469E-02
  0.3622499999999999E+02   0.8581448652540058E+00   0.5886892151186110E-02  -0.7363346283083916E-01   0.3177409758979195E-02   0.3174503509328164E-05   0.1463791941683668E-02   0.7993637058452036E-02
  0.3627500000000000E+02   0.8586030527499879E+00   0.5872345633625067E-02  -0.7338622204827849E-01   0.3168712668295241E-02   0.3170184027595026E-05   0.1453608665034845E-02   0.7965378875224553E-02
  0.3632500000000000E+02   0.8590569717508644E+00   0.5855438148850534E-02  -0.7314135409873979E-01   0.3158754668117065E-02   0.3164577325511067E-05   0.1443558434507524E-02   0.7934056479895429E-02
  0.3637500000000000E+02   0.8595072493908658E+00   0.5835939083667302E-02  -0.7289851926132640E-01   0.3147411154503541E-02   0.3157553181237239E-05   0.1433626104784199E-02   0.7899355160539471E-02
  0.3642500000000000E+02   0.8599545453209529E+00   0.5813765479374327E-02  -0.7265736037246839E-01   0.3134637204706468E-02   0.3149060733452380E-05   0.1423796178409374E-02   0.7861160571345451E-02
  0.3647500000000000E+02   0.8603995127305962E+00   0.5788985078978493E-02  -0.7241752385107447E-01   0.3120469191598364E-02   0.3139130654837568E-05   0.1414053665315103E-02   0.7819562565640353E-02
  0.3652500000000000E+02   0.8608427604239808E+00   0.5761807936167433E-02  -0.7217868014654338E-01   0.3105020230122258E-02   0.3127871125548011E-05   0.1404384889651426E-02   0.7774843554816975E-02
  0.3657500000000000E+02   0.8612848196561911E+00   0.5732567762545556E-02  -0.7194054161185170E-01   0.3088470092477624E-02   0.3115458189410957E-05   0.1394778166145605E-02   0.7727453007814115E-02
  0.3662499999999999E+02   0.8617261186186465E+00   0.5701695452781353E-02  -0.7170287624471416E-01   0.3071050909710894E-02   0.3102121770456062E-05   0.1385224289249801E-02   0.7677971412762490E-02
  0.3667500000000000E+02   0.8621669662359037E+00   0.5669687984682452E-02  -0.7146551640208965E-01   0.3053030385427040E-02   0.3088129054660336E-05   0.1375716807062822E-02   0.7627068043420247E-02
  0.3672499999999999E+02   0.8626075455917589E+00   0.5637076044612860E-02  -0.7122836231857688E-01   0.3034694329536809E-02   0.3073767044084204E-05   0.1366252081767743E-02   0.7575457075305881E-02
  0.3677500000000000E+02   0.8630479161225302E+00   0.5604393338511390E-02  -0.7099138089581958E-01   0.3016330108925989E-02   0.3059325896484003E-05   0.1356829163125634E-02   0.7523856062177470E-02
  0.3682500000000000E+02   0.8634880228922699E+00   0.5572149790388343E-02  -0.7075460067392325E-01   0.2998212202303865E-02   0.3045084265069842E-05   0.1347449517636703E-02   0.7472949750716724E-02
  0.3687500000000000E+02   0.8639277108704202E+00   0.5540809923033692E-02  -0.7051810410826886E-01   0.2980590556698214E-02   0.3031297368053402E-05   0.1338116662303262E-02   0.7423360977825050E-02
  0.3692500000000000E+02   0.8643667421296719E+00   0.5510776856689286E-02  -0.7028201827621583E-01   0.2963681979384646E-02   0.3018188053117439E-05   0.1328835749815982E-02   0.7375629228045931E-02
  0.3697499999999999E+02   0.8648048141634054E+00   0.5482381683521755E-02  -0.7004650498585896E-01   0.2947664433175977E-02   0.3005940751422542E-05   0.1319613144109600E-02   0.7330196508501232E-02
  0.3702500000000001E+02   0.8652415779573335E+00   0.5455877536719346E-02  -0.6981175102383785E-01   0.2932673866136511E-02   0.2994697972439461E-05   0.1310456014596792E-02   0.7287399603567607E-02
  0.3707500000000000E+02   0.8656766549208723E+00   0.5431437467815284E-02  -0.6957795902483788E-01   0.2918803096131876E-02   0.2984558873678049E-05   0.1301371966549450E-02   0.7247467494011586E-02
  0.3712500000000000E+02   0.8661096522050826E+00   0.5409155229382362E-02  -0.6934533921790365E-01   0.2906102261840422E-02   0.2975579425098482E-05   0.1292368715800987E-02   0.7210522703976262E-02
  0.3717500000000000E+02   0.8665401762577919E+00   0.5389048170814112E-02  -0.6911410212983082E-01   0.2894580411597192E-02   0.2967773743858307E-05   0.1283453809077596E-02   0.7176585490045007E-02
  0.3722500000000000E+02   0.8669678446768777E+00   0.5371061631367996E-02  -0.6888445221225681E-01   0.2884207896715511E-02   0.2961116268134899E-05   0.1274634387020547E-02   0.7145580026563301E-02
  0.3727500000000000E+02   0.8673922965264713E+00   0.5355074406280554E-02  -0.6865658230291916E-01   0.2874919339378576E-02   0.2955544541433662E-05   0.1265916985058215E-02   0.7117342001785394E-02
  0.3732500000000000E+02   0.8678132012982747E+00   0.5340905031947384E-02  -0.6843066882195403E-01   0.2866617037077300E-02   0.2950962470843489E-05   0.1257307367196364E-02   0.7091627270811229E-02
  0.3737500000000000E+02   0.8682302666577235E+00   0.5328318762241652E-02  -0.6820686762678840E-01   0.2859174733704464E-02   0.2947243991410691E-05   0.1248810388894450E-02   0.7068121383320192E-02
  0.3742500000000000E+02   0.8686432450401533E+00   0.5317035179606464E-02  -0.6798531048917755E-01   0.2852441726212043E-02   0.2944237108077011E-05   0.1240429886869217E-02   0.7046449903001164E-02
  0.3747500000000000E+02   0.8690519390815995E+00   0.5306736401408949E-02  -0.6776610220116563E-01   0.2846247285117540E-02   0.2941768295978006E-05   0.1232168595364842E-02   0.7026189461280565E-02
  0.3752500000000000E+02   0.8694562058046843E+00   0.5297075812456723E-02  -0.6754931835123545E-01   0.2840405351567979E-02   0.2939647223537077E-05   0.1224028089709140E-02   0.7006879451672514E-02
  0.3757500000000000E+02   0.8698559594488311E+00   0.5287687193585544E-02  -0.6733500382873725E-01   0.2834719441220769E-02   0.2937671728751127E-05   0.1216008758531763E-02   0.6988034192925053E-02
  0.3762500000000000E+02   0.8702511728448729E+00   0.5278194043560884E-02  -0.6712317210899876E-01   0.2828987646468584E-02   0.2935632938102248E-05   0.1208109805714050E-02   0.6969155295310996E-02
  0.3767500000000000E+02   0.8706418772870208E+00   0.5268218828756360E-02  -0.6691380534330982E-01   0.2823007595077909E-02   0.2933320381568261E-05   0.1200329282018077E-02   0.6949743883393493E-02
  0.3772499999999999E+02   0.8710281609407355E+00   0.5257391861858719E-02  -0.6670685523227826E-01   0.2816581205665654E-02   0.2930526937280148E-05   0.1192664144634193E-02   0.6929312286272513E-02
  0.3777500000000001E+02   0.8714101659255243E+00   0.5245359520903728E-02  -0.6650224460740206E-01   0.2809519085933798E-02   0.2927053443339296E-05   0.1185110340973249E-02   0.6907394820629742E-02
  0.3782500000000000E+02   0.8717880843042206E+00   0.5231791577422309E-02  -0.6629986959632095E-01   0.2801644450429914E-02   0.2922712844788755E-05   0.1177662911370022E-02   0.6883557368186289E-02
  0.3787500000000000E+02   0.8721621532717047E+00   0.5216387500043863E-02  -0.6609960221449651E-01   0.2792796486870088E-02   0.2917333796972535E-05   0.1170316104395768E-02   0.6857405577752396E-02
  0.3792500000000000E+02   0.8725326498484635E+00   0.5198881719348443E-02  -0.6590129321956451E-01   0.2782833163995840E-02   0.2910763712608427E-05   0.1163063498509636E-02   0.6828591678919029E-02
  0.3797500000000000E+02   0.8728998853403962E+00   0.5179047955365699E-02  -0.6570477508827388E-01   0.2771633535778278E-02   0.2902871304592144E-05   0.1155898124900284E-02   0.6796820045889087E-02
  0.3802500000000000E+02   0.8732641997315878E+00   0.5156702793329917E-02  -0.6550986502669753E-01   0.2759099641794099E-02   0.2893548724359999E-05   0.1148812588410855E-02   0.6761851759909639E-02
  0.3807500000000000E+02   0.8736259560504133E+00   0.5131708723393337E-02  -0.6531636799208085E-01   0.2745158119635211E-02   0.2882713413579422E-05   0.1141799185986733E-02   0.6723508457589217E-02
  0.3812500000000000E+02   0.8739855346200024E+00   0.5103976824169701E-02  -0.6512407977393220E-01   0.2729761625978920E-02   0.2870309767989541E-05   0.1134850024558874E-02   0.6681675704765778E-02
  0.3817500000000000E+02   0.8743433270043397E+00   0.5073469171279288E-02  -0.6493279023532794E-01   0.2712890110089587E-02   0.2856310657629757E-05   0.1127957142057502E-02   0.6636306005706064E-02
  0.3822500000000000E+02   0.8746997294198466E+00   0.5040200909118843E-02  -0.6474228683756567E-01   0.2694551907022587E-02   0.2840718767527288E-05   0.1121112635831778E-02   0.6587421369810532E-02
  0.3827500000000000E+02   0.8750551354170006E+00   0.5004241768151053E-02  -0.6455235855270547E-01   0.2674784534390749E-02   0.2823567634503188E-05   0.1114308801855671E-02   0.6535115153711669E-02
  0.3832500000000000E+02   0.8754099277488979E+00   0.4965716678803838E-02  -0.6436280020844032E-01   0.2653655006401036E-02   0.2804922180323883E-05   0.1107538285779537E-02   0.6479552725077692E-02
  0.3837500000000000E+02   0.8757644695168935E+00   0.4924805062373342E-02  -0.6417341721708936E-01   0.2631259441107252E-02   0.2784878499403343E-05   0.1100794243532002E-02   0.6420970402353289E-02
  0.3842500000000000E+02   0.8761190948848365E+00   0.4881738394247831E-02  -0.6398403053284651E-01   0.2607721744868767E-02   0.2763562665314320E-05   0.1094070505457779E-02   0.6359672144815158E-02
  0.3847499999999999E+02   0.8764740998407661E+00   0.4836795742778145E-02  -0.6379448158130174E-01   0.2583191215828205E-02   0.2741128379342188E-05   0.1087361734703536E-02   0.6296023609267682E-02
  0.3852500000000000E+02   0.8768297336160407E+00   0.4790297174902917E-02  -0.6360463683525486E-01   0.2557839008681707E-02   0.2717753389311345E-05   0.1080663568500946E-02   0.6230443435812710E-02
  0.3857500000000000E+02   0.8771861914148338E+00   0.4742595155112995E-02  -0.6341439168801777E-01   0.2531853528937212E-02   0.2693634740245196E-05   0.1073972730674448E-02   0.6163391933215150E-02
  0.3862500000000000E+02   0.8775436090481139E+00   0.4694064303708922E-02  -0.6322367330700729E-01   0.2505434952802397E-02   0.2668983055471343E-05   0.1067287105284152E-02   0.6095357647004045E-02
  0.3867500000000000E+02   0.8779020599139769E+00   0.4645090078410206E-02  -0.6303244223199000E-01   0.2478789174662286E-02   0.2644016161819231E-05   0.1060605764550845E-02   0.6026842551477759E-02
  0.3872500000000000E+02   0.8782615545484033E+00   0.4596057064445473E-02  -0.6284069259890890E-01   0.2452121548678396E-02   0.2618952444853763E-05   0.1053928948504132E-02   0.5958346763512244E-02
  0.3877500000000000E+02   0.8786220427274231E+00   0.4547337583879641E-02  -0.6264845100025418E-01   0.2425630804542936E-02   0.2594004338570812E-05   0.1047257998356624E-02   0.5890353707619749E-02
  0.3882500000000000E+02   0.8789834178757634E+00   0.4499281267071800E-02  -0.6245577411371239E-01   0.2399503480925659E-02   0.2569372319093549E-05   0.1040595249649888E-02   0.5823316570900781E-02
  0.3887500000000001E+02   0.8793455233633936E+00   0.4452206087700359E-02  -0.6226274532360665E-01   0.2373909144324646E-02   0.2545239694399462E-05   0.1033943894131807E-02   0.5757646699680710E-02
  0.3892500000000000E+02   0.8797081601709950E+00   0.4406391179038206E-02  -0.6206947061317691E-01   0.2348996562633965E-02   0.2521768379425733E-05   0.1027307820785797E-02   0.5693704347887695E-02
  0.3897500000000000E+02   0.8800710953829659E+00   0.4362071557599818E-02  -0.6187607401758277E-01   0.2324890900225038E-02   0.2499095737570782E-05   0.1020691446427787E-02   0.5631791935838106E-02
  0.3902499999999999E+02   0.8804340710124616E+00   0.4319434711181405E-02  -0.6168269290281436E-01   0.2301691910886827E-02   0.2477332472992666E-05   0.1014099545061088E-02   0.5572149756621186E-02
  0.3907500000000000E+02   0.8807968127577058E+00   0.4278618882837155E-02  -0.6148947328490961E-01   0.2279473037885298E-02   0.2456561485547740E-05   0.1007537083138869E-02   0.5514953903262575E-02
  0.3912500000000000E+02   0.8811590384086826E+00   0.4239712810725872E-02  -0.6129656533968242E-01   0.2258281292142107E-02   0.2436837557926214E-05   0.1001009065489142E-02   0.5460316096487488E-02
  0.3917500000000000E+02   0.8815204657451732E+00   0.4202756666126342E-02  -0.6110411918794145E-01   0.2238137770128113E-02   0.2418187732957329E-05   0.9945203943341288E-03   0.5408285070104523E-02
  0.3922500000000000E+02   0.8818808198716255E+00   0.4167743960545099E-02  -0.6091228098525003E-01   0.2219038688376052E-02   0.2400612254091250E-05   0.9880757419220814E-03   0.5358849208512340E-02
  0.3927500000000000E+02   0.8822398400076260E+00   0.4134624254952102E-02  -0.6072118930604098E-01   0.2200956844697345E-02   0.2384085976648286E-05   0.9816794360091919E-03   0.5311940211783338E-02
  0.3932500000000000E+02   0.8825972857866473E+00   0.4103306584339934E-02  -0.6053097179369415E-01   0.2183843458987801E-02   0.2368560202854015E-05   0.9753353568951720E-03   0.5267437668030811E-02
  0.3937499999999999E+02   0.8829529431075739E+00   0.4073663592607395E-02  -0.6034174205241916E-01   0.2167630390172470E-02   0.2353964940578157E-05   0.9690468449399126E-03   0.5225174519031947E-02
  0.3942500000000000E+02   0.8833066295357522E+00   0.4045536439969749E-02  -0.6015359678210574E-01   0.2152232761714272E-02   0.2340211624664748E-05   0.9628166183905743E-03   0.5184943492414946E-02
  0.3947500000000000E+02   0.8836581991705472E+00   0.4018740582540151E-02  -0.5996661319966634E-01   0.2137552048134725E-02   0.2327196361898987E-05   0.9566467027642264E-03   0.5146504622727592E-02
  0.3952500000000000E+02   0.8840075467975350E+00   0.3993072518619651E-02  -0.5978084684290019E-01   0.2123479672378283E-02   0.2314803758382247E-05   0.9505383747105788E-03   0.5109593978136664E-02
  0.3957500000000000E+02   0.8843546110437560E+00   0.3968317540121781E-02  -0.5959632990584740E-01   0.2109901134118541E-02   0.2302911356183199E-05   0.9444921248925288E-03   0.5073933638736506E-02
  0.3962500000000000E+02   0.8846993761765328E+00   0.3944258418996182E-02  -0.5941307029596088E-01   0.2096700631507427E-02   0.2291394643409334E-05   0.9385076455806077E-03   0.5039242834830149E-02
  0.3967500000000000E+02   0.8850418721546909E+00   0.3920684805898618E-02  -0.5923105162017872E-01   0.2083766057888477E-02   0.2280132512818126E-05   0.9325838489594941E-03   0.5005249959988598E-02
  0.3972500000000000E+02   0.8853821725773524E+00   0.3897402941774879E-02  -0.5905023428762757E-01   0.2070994161321801E-02   0.2269012940150010E-05   0.9267189212596027E-03   0.4971704949948037E-02
  0.3977500000000000E+02   0.8857203902926087E+00   0.3874245113698525E-02  -0.5887055785442474E-01   0.2058295564989481E-02   0.2257938552537865E-05   0.9209104155926874E-03   0.4938391304298908E-02
  0.3982500000000000E+02   0.8860566706240326E+00   0.3851078162336632E-02  -0.5869194463212490E-01   0.2045599280902564E-02   0.2246831681911312E-05   0.9151553828936550E-03   0.4905136871938186E-02
  0.3987500000000000E+02   0.8863911824256991E+00   0.3827810306766198E-02  -0.5851430444719607E-01   0.2032856327423358E-02   0.2235638470166235E-05   0.9094505360777875E-03   0.4871822470277377E-02
  0.3992500000000000E+02   0.8867241074465353E+00   0.3804395618433433E-02  -0.5833754029556504E-01   0.2020042096415068E-02   0.2224331627441143E-05   0.9037924381246779E-03   0.4838387494297056E-02
  0.3997500000000000E+02   0.8870556287214544E+00   0.3780835654163899E-02  -0.5816155451079486E-01   0.2007157210597872E-02   0.2212911545416374E-05   0.8981777011615203E-03   0.4804831899897170E-02
  0.4002500000000000E+02   0.8873859188598598E+00   0.3757178026692505E-02  -0.5798625498339571E-01   0.1994226754422930E-02   0.2201405622250840E-05   0.8926031815420298E-03   0.4771214288810594E-02
  0.4007500000000000E+02   0.8877151291365715E+00   0.3733512005375074E-02  -0.5781156095075468E-01   0.1981297928651370E-02   0.2189865838926100E-05   0.8870661559147918E-03   0.4737646222375284E-02
  0.4012499999999999E+02   0.8880433801965273E+00   0.3709961541957491E-02  -0.5763740792720928E-01   0.1968436339242402E-02   0.2178364804846248E-05   0.8815644654047572E-03   0.4704283275312391E-02
  0.4017500000000000E+02   0.8883707549822618E+00   0.3686676351184522E-02  -0.5746375145149352E-01   0.1955721255740538E-02   0.2166990630909966E-05   0.8760966188689560E-03   0.4671313638024957E-02
  0.4022499999999999E+02   0.8886972942253306E+00   0.3663821805137683E-02  -0.5729056947118039E-01   0.1943240242691980E-02   0.2155841067785696E-05   0.8706618509387816E-03   0.4638945238084008E-02
  0.4027500000000000E+02   0.8890229945639696E+00   0.3641568410862649E-02  -0.5711786333193503E-01   0.1931083573038693E-02   0.2145017357591395E-05   0.8652601352906387E-03   0.4607392362761876E-02
  0.4032500000000000E+02   0.8893478091105819E+00   0.3620081547150404E-02  -0.5694565746615443E-01   0.1919338782441629E-02   0.2134618196086941E-05   0.8598921574578979E-03   0.4576862642945438E-02
  0.4037500000000000E+02   0.8896716501302869E+00   0.3599511972419174E-02  -0.5677399796173865E-01   0.1908085636231836E-02   0.2124734109287639E-05   0.8545592539632012E-03   0.4547545048217327E-02
  0.4042500000000000E+02   0.8899943934208042E+00   0.3579987424934067E-02  -0.5660295022933814E-01   0.1897391679253372E-02   0.2115442438312786E-05   0.8492633254334528E-03   0.4519599298701142E-02
  0.4047499999999999E+02   0.8903158839988512E+00   0.3561605460902411E-02  -0.5643259597842221E-01   0.1887308445439348E-02   0.2106803023873947E-05   0.8440067308244482E-03   0.4493146874568600E-02
  0.4052500000000000E+02   0.8906359427777881E+00   0.3544427547549143E-02  -0.5626302967019770E-01   0.1877868335660567E-02   0.2098854606315728E-05   0.8387921683359295E-03   0.4468263639753372E-02
  0.4057500000000000E+02   0.8909543740353967E+00   0.3528474366012835E-02  -0.5609435455473633E-01   0.1869082139215497E-02   0.2091611920096063E-05   0.8336225465703499E-03   0.4444974016188807E-02
  0.4062500000000000E+02   0.8912709735866144E+00   0.3513722288040263E-02  -0.5592667833806531E-01   0.1860937179039627E-02   0.2085063466597786E-05   0.8285008475279552E-03   0.4423246655162553E-02
  0.4067500000000000E+02   0.8915855376626416E+00   0.3500101064088686E-02  -0.5576010847891855E-01   0.1853396099613179E-02   0.2079169992583176E-05   0.8234299816309837E-03   0.4402991644176356E-02
  0.4072499999999999E+02   0.8918978725281450E+00   0.3487492881256567E-02  -0.5559474709860979E-01   0.1846396380442789E-02   0.2073863773580937E-05   0.8184126345356422E-03   0.4384059438967336E-02
  0.4077500000000000E+02   0.8922078048217523E+00   0.3475733090745254E-02  -0.5543068551192543E-01   0.1839850732727321E-02   0.2069048886453919E-05   0.8134511063046887E-03   0.4366241887351444E-02
  0.4082500000000000E+02   0.8925151924701369E+00   0.3464613030662070E-02  -0.5526799845811403E-01   0.1833648603523283E-02   0.2064602732241705E-05   0.8085471457006097E-03   0.4349275869521083E-02
  0.4087499999999999E+02   0.8928199358049622E+00   0.3453885437555717E-02  -0.5510673822777412E-01   0.1827659047476785E-02   0.2060379113150627E-05   0.8037017858184864E-03   0.4332850164132459E-02
  0.4092500000000000E+02   0.8931219882266902E+00   0.3443272902171752E-02  -0.5494692903210374E-01   0.1821735206174851E-02   0.2056213147842648E-05   0.7989151915986477E-03   0.4316616102386071E-02
  0.4097499999999999E+02   0.8934213654570410E+00   0.3432479640029404E-02  -0.5478856212056382E-01   0.1815720537475777E-02   0.2051928201420766E-05   0.7941865341502174E-03   0.4300202341714134E-02
  0.4102500000000000E+02   0.8937181521763609E+00   0.3421206494196423E-02  -0.5463159228262071E-01   0.1809456750547138E-02   0.2047344796911767E-05   0.7895139101111850E-03   0.4283233650241180E-02
  0.4107500000000000E+02   0.8940125047451346E+00   0.3409168582741956E-02  -0.5447593642032333E-01   0.1802793135605202E-02   0.2042291172388607E-05   0.7848943250755599E-03   0.4265352963930108E-02
  0.4112500000000000E+02   0.8943046488490011E+00   0.3396114415896914E-02  -0.5432147480425897E-01   0.1795596667056582E-02   0.2036614792501002E-05   0.7803237571662391E-03   0.4246245246698281E-02
  0.4117500000000000E+02   0.8945948713369305E+00   0.3381844760655063E-02  -0.5416805539789948E-01   0.1787761969742818E-02   0.2030193788138214E-05   0.7757973094765645E-03   0.4225661002953865E-02
  0.4122499999999999E+02   0.8948835062256130E+00   0.3366229178661832E-02  -0.5401550126357380E-01   0.1779220052314908E-02   0.2022947076797386E-05   0.7713094488221139E-03   0.4203436855578812E-02
  0.4127500000000000E+02   0.8951709157126317E+00   0.3349218150132967E-02  -0.5386362060383121E-01   0.1769944705154696E-02   0.2014841896615288E-05   0.7668543148795037E-03   0.4179510589006647E-02
  0.4132500000000000E+02   0.8954574678912153E+00   0.3330849097716610E-02  -0.5371221854280250E-01   0.1759955672568975E-02   0.2005897716835327E-05   0.7624260712956065E-03   0.4153928560535642E-02
  0.4137500000000000E+02   0.8957435134744927E+00   0.3311245403440201E-02  -0.5356110942735393E-01   0.1749318121023493E-02   0.1996185947849772E-05   0.7580192619951977E-03   0.4126844357750455E-02
  0.4142500000000000E+02   0.8960293640431710E+00   0.3290608514534780E-02  -0.5341012831931247E-01   0.1738138455196148E-02   0.1985825474220749E-05   0.7536291341584979E-03   0.4098508832518458E-02
  0.4147500000000000E+02   0.8963152740607101E+00   0.3269204228187223E-02  -0.5325914049303415E-01   0.1726557059071965E-02   0.1974974635699100E-05   0.7492518948864818E-03   0.4069252882887277E-02
  0.4152500000000000E+02   0.8966014282229149E+00   0.3247344997923467E-02  -0.5310804811080128E-01   0.1714738936921210E-02   0.1963820743004647E-05   0.7448848800436008E-03   0.4039465292202182E-02
  0.4157500000000000E+02   0.8968879348034787E+00   0.3225370458249344E-02  -0.5295679372729178E-01   0.1702863415779878E-02   0.1952568440052608E-05   0.7405266281941291E-03   0.4009568373980485E-02
  0.4162500000000000E+02   0.8971748247475544E+00   0.3203628283251068E-02  -0.5280536075513509E-01   0.1691114027949476E-02   0.1941428187643596E-05   0.7361768664327551E-03   0.3979994066908203E-02
  0.4167500000000000E+02   0.8974620555464663E+00   0.3182457059886199E-02  -0.5265377140352367E-01   0.1679669461819208E-02   0.1930605891367281E-05   0.7318364253744087E-03   0.3951162578239294E-02
  0.4172500000000000E+02   0.8977495185109106E+00   0.3162172221042776E-02  -0.5250208282144742E-01   0.1668696133105523E-02   0.1920294319369470E-05   0.7275071060948285E-03   0.3923464877917321E-02
  0.4177500000000000E+02   0.8980370479646704E+00   0.3143055413805025E-02  -0.5235038222728916E-01   0.1658342574543660E-02   0.1910666553790935E-05   0.7231915223717523E-03   0.3897249508393639E-02
  0.4182500000000000E+02   0.8983244310484606E+00   0.3125347106642628E-02  -0.5219878171773751E-01   0.1648735539877664E-02   0.1901871373286973E-05   0.7188929382388436E-03   0.3872813461153712E-02
  0.4187500000000000E+02   0.8986114171590156E+00   0.3109241839663391E-02  -0.5204741327150830E-01   0.1639977506888710E-02   0.1894030219077944E-05   0.7146151151986119E-03   0.3850396372855071E-02
  0.4192500000000000E+02   0.8988977264553908E+00   0.3094885313202438E-02  -0.5189642424828167E-01   0.1632145153945133E-02   0.1887235266014560E-05   0.7103621769595654E-03   0.3830177034490671E-02
  0.4197499999999999E+02   0.8991830572673271E+00   0.3082372472141559E-02  -0.5174597347040211E-01   0.1625288364670787E-02   0.1881548092425078E-05   0.7061384933980365E-03   0.3812271160963359E-02
  0.4202500000000001E+02   0.8994670925927840E+00   0.3071745839822160E-02  -0.5159622778889328E-01   0.1619429366387218E-02   0.1876998496777549E-05   0.7019485802583642E-03   0.3796729489585596E-02
  0.4207500000000000E+02   0.8997495061510055E+00   0.3062993549883252E-02  -0.5144735888801444E-01   0.1614561710719878E-02   0.1873583124056232E-05   0.6977970071792125E-03   0.3783535518380643E-02
  0.4212500000000000E+02   0.9000299686549685E+00   0.3056046790132164E-02  -0.5129953997850689E-01   0.1610648945012069E-02   0.1871263724481713E-05   0.6936883040457787E-03   0.3772602524857822E-02
  0.4217500000000000E+02   0.9003081550758613E+00   0.3050776693849545E-02  -0.5115294197244435E-01   0.1607622992577665E-02   0.1869965062563537E-05   0.6896268544694684E-03   0.3763769903086078E-02
  0.4222500000000000E+02   0.9005837536777270E+00   0.3046991080257223E-02  -0.5100772872981374E-01   0.1605382452788026E-02   0.1869572719392747E-05   0.6856167655512303E-03   0.3756799308161036E-02
  0.4227500000000000E+02   0.9008564774758199E+00   0.3044431841364152E-02  -0.5086405103264480E-01   0.1603791240167673E-02   0.1869931276134685E-05   0.6816617053237550E-03   0.3751371582992412E-02
  0.4232500000000000E+02   0.9011260784812363E+00   0.3042774162181256E-02  -0.5072203909571016E-01   0.1602678186736098E-02   0.1870843610681324E-05   0.6777647038405849E-03   0.3747085920122536E-02
  0.4237500000000000E+02   0.9013923646039185E+00   0.3041629078545267E-02  -0.5058179368090177E-01   0.1601838398664002E-02   0.1872072241284728E-05   0.6739279211623104E-03   0.3743463099464338E-02
  0.4242500000000000E+02   0.9016552183896765E+00   0.3040551016682535E-02  -0.5044337624873885E-01   0.1601037231813895E-02   0.1873343745723118E-05   0.6701523954475365E-03   0.3739954813433701E-02
  0.4247500000000000E+02   0.9019146159169447E+00   0.3039051788175914E-02  -0.5030679902746482E-01   0.1600017661000293E-02   0.1874357188968390E-05   0.6664377961030927E-03   0.3735960881527005E-02
  0.4252500000000000E+02   0.9021706433171310E+00   0.3036621906952038E-02  -0.5017201633340895E-01   0.1598511498487264E-02   0.1874797126363749E-05   0.6627822183625766E-03   0.3730855412785385E-02
  0.4257500000000000E+02   0.9024235077480129E+00   0.3032758994255771E-02  -0.5003891880986744E-01   0.1596254338365243E-02   0.1874351074618863E-05   0.6591820633341059E-03   0.3724021627138227E-02
  0.4262500000000000E+02   0.9026735395422656E+00   0.3027001531099520E-02  -0.4990733230815059E-01   0.1593003311168216E-02   0.1872730410165777E-05   0.6556320473954616E-03   0.3714893202679204E-02
  0.4267500000000000E+02   0.9029211829349293E+00   0.3018964590047545E-02  -0.4977702277586238E-01   0.1588555877098852E-02   0.1869692636833465E-05   0.6521253734711388E-03   0.3702998023711719E-02
  0.4272499999999999E+02   0.9031669743289856E+00   0.3008372889475829E-02  -0.4964770769939120E-01   0.1582767208459703E-02   0.1865062146600981E-05   0.6486540735303234E-03   0.3687998626887873E-02
  0.4277500000000000E+02   0.9034115092733809E+00   0.2995086070725410E-02  -0.4951907348245155E-01   0.1575563479058468E-02   0.1858746295489689E-05   0.6452095001556430E-03   0.3669723100907982E-02
  0.4282500000000000E+02   0.9036554016752624E+00   0.2979111844049241E-02  -0.4939079690773474E-01   0.1566948770513897E-02   0.1850744050248387E-05   0.6417829130129216E-03   0.3648181108629531E-02
  0.4287500000000000E+02   0.9038992405516646E+00   0.2960604559571466E-02  -0.4926256789054162E-01   0.1557004310329191E-02   0.1841145624555240E-05   0.6383660832225178E-03   0.3623562041221874E-02
  0.4292500000000000E+02   0.9041435502516518E+00   0.2939849381523901E-02  -0.4913411040407656E-01   0.1545880136037485E-02   0.1830123142359554E-05   0.6349518328026511E-03   0.3596215527710952E-02
  0.4297500000000000E+02   0.9043887593229782E+00   0.2917234836907246E-02  -0.4900519885435650E-01   0.1533780643907261E-02   0.1817913983925467E-05   0.6315344398529620E-03   0.3566617702043545E-02
  0.4302500000000000E+02   0.9046351813099799E+00   0.2893218339957471E-02  -0.4887566817578237E-01   0.1520946443672825E-02   0.1804799628926713E-05   0.6281098686251720E-03   0.3535328874012340E-02
  0.4307500000000000E+02   0.9048830083650189E+00   0.2868289928263953E-02  -0.4874541718363323E-01   0.1507635274550712E-02   0.1791083234207339E-05   0.6246758180150307E-03   0.3502949028089215E-02
  0.4312500000000000E+02   0.9051323163369805E+00   0.2842938888246888E-02  -0.4861440588735522E-01   0.1494104444002272E-02   0.1777068864776543E-05   0.6212316124674566E-03   0.3470076888562001E-02
  0.4317500000000000E+02   0.9053830784868135E+00   0.2817626564172272E-02  -0.4848264826495363E-01   0.1480596522509267E-02   0.1763044456652462E-05   0.6177779789414033E-03   0.3437276590574059E-02
  0.4322500000000000E+02   0.9056351843671333E+00   0.2792766959364084E-02  -0.4835020232128462E-01   0.1467329140496988E-02   0.1749269551700464E-05   0.6143167602805753E-03   0.3405053927134923E-02
  0.4327499999999999E+02   0.9058884605834093E+00   0.2768715214824712E-02  -0.4821715915789815E-01   0.1454488931726830E-02   0.1735967896963295E-05   0.6108506110983135E-03   0.3373842271804693E-02
  0.4332500000000000E+02   0.9061426908466065E+00   0.2745762966374163E-02  -0.4808363241754554E-01   0.1442229096946548E-02   0.1723324319736753E-05   0.6073827113667464E-03   0.3343996946193910E-02
  0.4337500000000000E+02   0.9063976336197558E+00   0.2724139009827622E-02  -0.4794974899655613E-01   0.1430669760843206E-02   0.1711484924065586E-05   0.6039165197510163E-03   0.3315796100539468E-02
  0.4342500000000000E+02   0.9066530365111896E+00   0.2704013570853776E-02  -0.4781564147070760E-01   0.1419900225535259E-02   0.1700559561604369E-05   0.6004555766666159E-03   0.3289446013664742E-02
  0.4347500000000000E+02   0.9069086472375972E+00   0.2685504640750210E-02  -0.4768144232735161E-01   0.1409982310600593E-02   0.1690625623924176E-05   0.5970033578307552E-03   0.3265088921942822E-02
  0.4352500000000000E+02   0.9071642214273221E+00   0.2668685157103244E-02  -0.4754727986119123E-01   0.1400954136975069E-02   0.1681732395285364E-05   0.5935631731714296E-03   0.3242811878006699E-02
  0.4357500000000000E+02   0.9074195277771072E+00   0.2653590167147286E-02  -0.4741327546339225E-01   0.1392833900996333E-02   0.1673905424874924E-05   0.5901381029617228E-03   0.3222655581201773E-02
  0.4362499999999999E+02   0.9076743511613605E+00   0.2640223441711981E-02  -0.4727954198859963E-01   0.1385623358620262E-02   0.1667150581556563E-05   0.5867309622153576E-03   0.3204622527297963E-02
  0.4367500000000000E+02   0.9079284942745235E+00   0.2628563275586547E-02  -0.4714618289423356E-01   0.1379310880849826E-02   0.1661457620950397E-05   0.5833442849363926E-03   0.3188684153854523E-02
  0.4372500000000000E+02   0.9081817783088932E+00   0.2618567407659690E-02  -0.4701329188766457E-01   0.1373874045340316E-02   0.1656803218451957E-05   0.5799803211251724E-03   0.3174786899786747E-02
  0.4377500000000000E+02   0.9084340430645440E+00   0.2610177126869322E-02  -0.4688095287252347E-01   0.1369281798918986E-02   0.1653153505652972E-05   0.5766410410568289E-03   0.3162857260061355E-02
  0.4382500000000000E+02   0.9086851467753908E+00   0.2603320708852450E-02  -0.4674924004465297E-01   0.1365496267201716E-02   0.1650466198103370E-05   0.5733281429911911E-03   0.3152806012716722E-02
  0.4387500000000000E+02   0.9089349658277401E+00   0.2597916364681995E-02  -0.4661821804485045E-01   0.1362474306648861E-02   0.1648692426378833E-05   0.5700430619920180E-03   0.3144531839757008E-02
  0.4392500000000000E+02   0.9091833944512042E+00   0.2593874886786540E-02  -0.4648794212625151E-01   0.1360168896327678E-02   0.1647778385802382E-05   0.5667869788528456E-03   0.3137924567772461E-02
  0.4397500000000000E+02   0.9094303443802525E+00   0.2591102155323254E-02  -0.4635845833706986E-01   0.1358530455167133E-02   0.1647666907316308E-05   0.5635608292076669E-03   0.3132868227394693E-02
  0.4402500000000000E+02   0.9096757444207435E+00   0.2589501626503795E-02  -0.4622980375296015E-01   0.1357508148552525E-02   0.1648299026309373E-05   0.5603653137192335E-03   0.3129244079839844E-02
  0.4407500000000000E+02   0.9099195398123229E+00   0.2588976867718215E-02  -0.4610200681606835E-01   0.1357051218378549E-02   0.1649615590770580E-05   0.5572009107597096E-03   0.3126933690064263E-02
  0.4412500000000000E+02   0.9101616912574202E+00   0.2589434138392722E-02  -0.4597508784839133E-01   0.1357110336119411E-02   0.1651558908458785E-05   0.5540678932014816E-03   0.3125822046333363E-02
  0.4417500000000000E+02   0.9104021734927237E+00   0.2590784947244050E-02  -0.4584905980436071E-01   0.1357638942698539E-02   0.1654074389184974E-05   0.5509663508064861E-03   0.3125800643636830E-02
  0.4422499999999999E+02   0.9106409733096397E+00   0.2592948454104561E-02  -0.4572392931150582E-01   0.1358594506217573E-02   0.1657112097991472E-05   0.5478962192507236E-03   0.3126770373197669E-02
  0.4427500000000000E+02   0.9108780869836571E+00   0.2595853536418462E-02  -0.4559969802006969E-01   0.1359939603452184E-02   0.1660628103538547E-05   0.5448573160941274E-03   0.3128644002684877E-02
  0.4432500000000000E+02   0.9111135171426787E+00   0.2599440314551909E-02  -0.4547636424572032E-01   0.1361642717468065E-02   0.1664585488400928E-05   0.5418493830925774E-03   0.3131348000862585E-02
  0.4437499999999999E+02   0.9113472691823339E+00   0.2603660931344576E-02  -0.4535392484870127E-01   0.1363678644429523E-02   0.1668954887669384E-05   0.5388721332698483E-03   0.3134823462378056E-02
  0.4442500000000000E+02   0.9115793474114885E+00   0.2608479411087699E-02  -0.4523237725343443E-01   0.1366028418299275E-02   0.1673714440218601E-05   0.5359253002592309E-03   0.3139025924589559E-02
  0.4447499999999999E+02   0.9118097511735065E+00   0.2613870478207336E-02  -0.4511172148001219E-01   0.1368678691008051E-02   0.1678849071420251E-05   0.5330086867123951E-03   0.3143923934891103E-02
  0.4452500000000000E+02   0.9120384712306038E+00   0.2619817289534373E-02  -0.4499196203721867E-01   0.1371620544222306E-02   0.1684349072730453E-05   0.5301222081459081E-03   0.3149496315606092E-02
  0.4457500000000000E+02   0.9122654867160250E+00   0.2626308117338725E-02  -0.4487310951771051E-01   0.1374847752434536E-02   0.1690207996913713E-05   0.5272659284909111E-03   0.3155728173530425E-02
  0.4462500000000000E+02   0.9124907629520603E+00   0.2633332104718354E-02  -0.4475518173959359E-01   0.1378354561249496E-02   0.1696419942219498E-05   0.5244400838126660E-03   0.3162605802259711E-02
  0.4467500000000000E+02   0.9127142504044714E+00   0.2640874294143121E-02  -0.4463820429308607E-01   0.1382133086130487E-02   0.1702976350531417E-05   0.5216450911208763E-03   0.3170110719927766E-02
  0.4472499999999999E+02   0.9129358850002294E+00   0.2648910200989289E-02  -0.4452221037388193E-01   0.1386170473949906E-02   0.1709862491409076E-05   0.5188815398341276E-03   0.3178213169361354E-02
  0.4477500000000000E+02   0.9131555899788576E+00   0.2657400266903108E-02  -0.4440723981449946E-01   0.1390446002535249E-02   0.1717053846075524E-05   0.5161501642462657E-03   0.3186865482127959E-02
  0.4482500000000000E+02   0.9133732793783872E+00   0.2666284584443814E-02  -0.4429333726115880E-01   0.1394928322882483E-02   0.1724512643782220E-05   0.5134517962619589E-03   0.3195995774557158E-02
  0.4487500000000000E+02   0.9135888631714877E+00   0.2675478335236382E-02  -0.4418054948840877E-01   0.1399573075126460E-02   0.1732184837937340E-05   0.5107872987627156E-03   0.3205502503321141E-02
  0.4492500000000000E+02   0.9138022539594735E+00   0.2684868425398272E-02  -0.4406892190006073E-01   0.1404321130941188E-02   0.1739997838674820E-05   0.5081574813036507E-03   0.3215250456608066E-02
  0.4497499999999999E+02   0.9140133749953426E+00   0.2694311824605508E-02  -0.4395849433628340E-01   0.1409097726743059E-02   0.1747859335842192E-05   0.5055630014924773E-03   0.3225068782879898E-02
  0.4502500000000000E+02   0.9142221691397497E+00   0.2703636102145998E-02  -0.4384929639401081E-01   0.1413812745182120E-02   0.1755657540748348E-05   0.5030042573752147E-03   0.3234751642894724E-02
  0.4507500000000000E+02   0.9144286081630707E+00   0.2712642582804519E-02  -0.4374134256736240E-01   0.1418362365516993E-02   0.1763263131993120E-05   0.5004812783430734E-03   0.3244061986128231E-02
  0.4512499999999999E+02   0.9146327016133938E+00   0.2721112395434351E-02  -0.4363462761565773E-01   0.1422632225093150E-02   0.1770533095591673E-05   0.4979936242129251E-03   0.3252738773807461E-02
  0.4517500000000000E+02   0.9148345043105619E+00   0.2728815443672310E-02  -0.4352912264992448E-01   0.1426502107012686E-02   0.1777316492779073E-05   0.4955403037756432E-03   0.3260507680916491E-02
  0.4522500000000000E+02   0.9150341214485604E+00   0.2735521995580636E-02  -0.4342477246936349E-01   0.1429851995353405E-02   0.1783461972352152E-05   0.4931197246821553E-03   0.3267094913651786E-02
  0.4527500000000000E+02   0.9152317103431041E+00   0.2741016197871919E-02  -0.4332149465066848E-01   0.1432569135057046E-02   0.1788826587626823E-05   0.4907296854751087E-03   0.3272243313530218E-02
  0.4532500000000000E+02   0.9154274780851590E+00   0.2745110431142517E-02  -0.4321918077611497E-01   0.1434555530371772E-02   0.1793285220029484E-05   0.4883674174948811E-03   0.3275729456451807E-02
  0.4537500000000000E+02   0.9156216747597233E+00   0.2747659117892918E-02  -0.4311769997811987E-01   0.1435735156680237E-02   0.1796739706049129E-05   0.4860296793115740E-03   0.3277380092856696E-02
  0.4542500000000000E+02   0.9158145824228785E+00   0.2748570461322623E-02  -0.4301690469921959E-01   0.1436060090726443E-02   0.1799126668807067E-05   0.4837128998198830E-03   0.3277086116367236E-02
  0.4547499999999999E+02   0.9160065006133369E+00   0.2747814693067505E-02  -0.4291663826178349E-01   0.1435514816638874E-02   0.1800423112431274E-05   0.4814133592665540E-03   0.3274812368137721E-02
  0.4552500000000000E+02   0.9161977296920184E+00   0.2745427756385947E-02  -0.4281674357159881E-01   0.1434118147150911E-02   0.1800649057749870E-05   0.4791273916547445E-03   0.3270601999503123E-02
  0.4557500000000000E+02   0.9163885536400598E+00   0.2741509899677490E-02  -0.4271707210351572E-01   0.1431922485916276E-02   0.1799866851748074E-05   0.4768515885048310E-03   0.3264574769188389E-02
  0.4562500000000000E+02   0.9165792240239902E+00   0.2736219300452277E-02  -0.4261749227647682E-01   0.1429010493913502E-02   0.1798177204389975E-05   0.4745829836772968E-03   0.3256919420438506E-02
  0.4567500000000000E+02   0.9167699466408790E+00   0.2729761451405651E-02  -0.4251789642765935E-01   0.1425489542426423E-02   0.1795712409571869E-05   0.4723192019352912E-03   0.3247881012379799E-02
  0.4572500000000000E+02   0.9169608719379162E+00   0.2722375498518977E-02  -0.4241820581408728E-01   0.1421484574502276E-02   0.1792627513118164E-05   0.4700585594023936E-03   0.3237744626141180E-02
  0.4577500000000000E+02   0.9171520897617468E+00   0.2714318951494070E-02  -0.4231837335181399E-01   0.1417130117131923E-02   0.1789090349521505E-05   0.4678001107636533E-03   0.3226817140693801E-02
  0.4582500000000000E+02   0.9173436284512966E+00   0.2705852176482810E-02  -0.4221838408580236E-01   0.1412562180941471E-02   0.1785271370422595E-05   0.4655436445363986E-03   0.3215408760576744E-02
  0.4587500000000000E+02   0.9175354578445696E+00   0.2697223874083045E-02  -0.4211825361527999E-01   0.1407910675959234E-02   0.1781334059023272E-05   0.4632896328399029E-03   0.3203815730173023E-02
  0.4592500000000000E+02   0.9177274954847224E+00   0.2688658421544054E-02  -0.4201802484837303E-01   0.1403292802622147E-02   0.1777426516996952E-05   0.4610391451835343E-03   0.3192305281922227E-02
  0.4597500000000000E+02   0.9179196151957264E+00   0.2680345604737926E-02  -0.4191776351991228E-01   0.1398807692430081E-02   0.1773674581257683E-05   0.4587937368135106E-03   0.3181103443425589E-02
  0.4602500000000000E+02   0.9181116572257060E+00   0.2672432955291125E-02  -0.4181755289175237E-01   0.1394532410480076E-02   0.1770176625114537E-05   0.4565553215066147E-03   0.3170385957463249E-02
  0.4607500000000000E+02   0.9183034392759272E+00   0.2665020685791469E-02  -0.4171748799224417E-01   0.1390519315753672E-02   0.1767000051713411E-05   0.4543260370230268E-03   0.3160272302601474E-02
  0.4612500000000000E+02   0.9184947678887807E+00   0.2658159095104174E-02  -0.4161766967021285E-01   0.1386794711766795E-02   0.1764179407143273E-05   0.4521081094166279E-03   0.3150822656978647E-02
  0.4617500000000000E+02   0.9186854498094497E+00   0.2651848284973726E-02  -0.4151819866480844E-01   0.1383358703983544E-02   0.1761716019199312E-05   0.4499037206268973E-03   0.3142037610287699E-02
  0.4622499999999999E+02   0.9188753030287553E+00   0.2646040059574630E-02  -0.4141916984393446E-01   0.1380186196266741E-02   0.1759579087107565E-05   0.4477148826231984E-03   0.3133860464808100E-02
  0.4627500000000000E+02   0.9190641672422137E+00   0.2640641934274163E-02  -0.4132066674935730E-01   0.1377228987152776E-02   0.1757708183160630E-05   0.4455433210028596E-03   0.3126182031329052E-02
  0.4632500000000000E+02   0.9192519134239074E+00   0.2635523220146890E-02  -0.4122275660539809E-01   0.1374418947833847E-02   0.1756017153734174E-05   0.4433903713109959E-03   0.3118847874303775E-02
  0.4637500000000000E+02   0.9194384521311291E+00   0.2630523143290470E-02  -0.4112548599104071E-01   0.1371672259956370E-02   0.1754399402126564E-05   0.4412568922188786E-03   0.3111667952911257E-02
  0.4642500000000000E+02   0.9196237400585180E+00   0.2625460880001901E-02  -0.4102887742587202E-01   0.1368894650839162E-02   0.1752734483559610E-05   0.4391432006881132E-03   0.3104428513924444E-02
  0.4647500000000000E+02   0.9198077842897441E+00   0.2620147233883770E-02  -0.4093292715704810E-01   0.1365987483084419E-02   0.1750895838639335E-05   0.4370490348873376E-03   0.3096905910651974E-02
  0.4652500000000001E+02   0.9199906436941231E+00   0.2614397463244016E-02  -0.4083760443481010E-01   0.1362854442236277E-02   0.1748759344592507E-05   0.4349735504386690E-03   0.3088881766540049E-02
  0.4657500000000000E+02   0.9201724270205263E+00   0.2608044523388450E-02  -0.4074285250938525E-01   0.1359408439233947E-02   0.1746212197748691E-05   0.4329153541844564E-03   0.3080158615499452E-02
  0.4662500000000000E+02   0.9203532874674953E+00   0.2600951773782292E-02  -0.4064859146408695E-01   0.1355578232668497E-02   0.1743161492823867E-05   0.4308725769511313E-03   0.3070574898739165E-02
  0.4667500000000000E+02   0.9205334138427453E+00   0.2593024077474916E-02  -0.4055472282529582E-01   0.1351314212057326E-02   0.1739541776977759E-05   0.4288429829576796E-03   0.3060018054014273E-02
  0.4672500000000000E+02   0.9207130188200215E+00   0.2584216243385860E-02  -0.4046113568434417E-01   0.1346592795503351E-02   0.1735320866113803E-05   0.4268241091473414E-03   0.3048434461127081E-02
  0.4677499999999999E+02   0.9208923251827034E+00   0.2574537957160975E-02  -0.4036771386763549E-01   0.1341418996820758E-02   0.1730503336077802E-05   0.4248134236614013E-03   0.3035835238094536E-02
  0.4682500000000000E+02   0.9210715512285578E+00   0.2564054698634794E-02  -0.4027434354287118E-01   0.1335826900835453E-02   0.1725131333644155E-05   0.4228084898365410E-03   0.3022297298323764E-02
  0.4687500000000000E+02   0.9212508966302284E+00   0.2552884596598362E-02  -0.4018092058670741E-01   0.1329878021469870E-02   0.1719282654272310E-05   0.4208071212035236E-03   0.3007959613352199E-02
  0.4692500000000000E+02   0.9214305299693063E+00   0.2541191638477064E-02  -0.4008735707921141E-01   0.1323657760535800E-02   0.1713066348230861E-05   0.4188075142721448E-03   0.2993015176644064E-02
  0.4697499999999999E+02   0.9216105789033068E+00   0.2529176042147295E-02  -0.3999358642528728E-01   0.1317270388189163E-02   0.1706616382130844E-05   0.4168083491518027E-03   0.2977699623580391E-02
  0.4702500000000000E+02   0.9217911235423757E+00   0.2517062838463627E-02  -0.3989956680263385E-01   0.1310833091742913E-02   0.1700084050635055E-05   0.4148088525660906E-03   0.2962277747317298E-02
  0.4707500000000000E+02   0.9219721931883451E+00   0.2505089774040560E-02  -0.3980528285692575E-01   0.1304469671263192E-02   0.1693629880335959E-05   0.4128088226252474E-03   0.2947029221723313E-02
  0.4712500000000000E+02   0.9221537662053584E+00   0.2493495535922270E-02  -0.3971074576475453E-01   0.1298304404076685E-02   0.1687415701006083E-05   0.4108086189112473E-03   0.2932234714706142E-02
  0.4717500000000000E+02   0.9223357725103875E+00   0.2482509068973063E-02  -0.3961599193127963E-01   0.1292456479968494E-02   0.1681597408600966E-05   0.4088091243612521E-03   0.2918163302232441E-02
  0.4722500000000000E+02   0.9225180980230405E+00   0.2472340466199191E-02  -0.3952108066715276E-01   0.1287035257325840E-02   0.1676318751472394E-05   0.4068116868362349E-03   0.2905061749739288E-02
  0.4727500000000000E+02   0.9227005903944685E+00   0.2463173623548080E-02  -0.3942609119947504E-01   0.1282136439987143E-02   0.1671706277787413E-05   0.4048180482205616E-03   0.2893145886415423E-02
  0.4732500000000000E+02   0.9228830654186542E+00   0.2455160611198240E-02  -0.3933111932802436E-01   0.1277839149677091E-02   0.1667865420254301E-05   0.4028302677530130E-03   0.2882594014704628E-02
  0.4737500000000000E+02   0.9230653136779494E+00   0.2448417549768798E-02  -0.3923627396053730E-01   0.1274203783620069E-02   0.1664877582541717E-05   0.4008506444886640E-03   0.2873542103987832E-02
  0.4742500000000000E+02   0.9232471071496775E+00   0.2443021699705687E-02  -0.3914167366964316E-01   0.1271270505109689E-02   0.1662798035866463E-05   0.3988816417727418E-03   0.2866080422481580E-02
  0.4747500000000000E+02   0.9234282056693497E+00   0.2439009468485819E-02  -0.3904744332610399E-01   0.1269058212888188E-02   0.1661654430026878E-05   0.3969258147270652E-03   0.2860251256767911E-02
  0.4752500000000000E+02   0.9236083632850974E+00   0.2436375098122240E-02  -0.3895371079055199E-01   0.1267563865277702E-02   0.1661445760896076E-05   0.3949857402515426E-03   0.2856047436135235E-02
  0.4757500000000000E+02   0.9237873346324075E+00   0.2435069896379059E-02  -0.3886060359665111E-01   0.1266762087524069E-02   0.1662141703931402E-05   0.3930639480711324E-03   0.2853411497318470E-02
  0.4762500000000000E+02   0.9239648815000865E+00   0.2435002000348588E-02  -0.3876824553677261E-01   0.1266605055982751E-02   0.1663682308066413E-05   0.3911628509804285E-03   0.2852235472129071E-02
  0.4767500000000000E+02   0.9241407797440462E+00   0.2436036792296284E-02  -0.3867675306865592E-01   0.1267022721063075E-02   0.1665978134069904E-05   0.3892846726696682E-03   0.2852361434332493E-02
  0.4772500000000000E+02   0.9243148266351907E+00   0.2437998206613261E-02  -0.3858623149802243E-01   0.1267923492718445E-02   0.1668911003578149E-05   0.3874313723342084E-03   0.2853583081502234E-02
  0.4777500000000000E+02   0.9244868486055455E+00   0.2440671254211924E-02  -0.3849677095554715E-01   0.1269195557792082E-02   0.1672335586353397E-05   0.3856045666092403E-03   0.2855648730157378E-02
  0.4782500000000000E+02   0.9246567091927422E+00   0.2443806126873067E-02  -0.3840844227179852E-01   0.1270709017374621E-02   0.1676082080048630E-05   0.3838054511079272E-03   0.2858266145142310E-02
  0.4787499999999999E+02   0.9248243167950376E+00   0.2447124209999625E-02  -0.3832129295137621E-01   0.1272319014689328E-02   0.1679960215541829E-05   0.3820347257682990E-03   0.2861109584974368E-02
  0.4792500000000000E+02   0.9249896316648971E+00   0.2450326213972182E-02  -0.3823534354314162E-01   0.1273869962636798E-02   0.1683764741648704E-05   0.3802925300316167E-03   0.2863829307539509E-02
  0.4797500000000000E+02   0.9251526714255616E+00   0.2453102428573513E-02  -0.3815058477803879E-01   0.1275200873313118E-02   0.1687282402890623E-05   0.3785783951978930E-03   0.2866063541287219E-02
  0.4802500000000000E+02   0.9253135143332958E+00   0.2455144825435638E-02  -0.3806697587809105E-01   0.1276151646668329E-02   0.1690300231768378E-05   0.3768912217165965E-03   0.2867452601881326E-02
  0.4807500000000000E+02   0.9254722995654538E+00   0.2456160414896371E-02  -0.3798444441035964E-01   0.1276570010030107E-02   0.1692614756055911E-05   0.3752292883159727E-03   0.2867654463496701E-02
  0.4812499999999999E+02   0.9256292240123445E+00   0.2455884960797373E-02  -0.3790288795692631E-01   0.1276318642918565E-02   0.1694041509446174E-05   0.3735902975796923E-03   0.2866360741320984E-02
  0.4817500000000000E+02   0.9257845353828257E+00   0.2454095936043494E-02  -0.3782217769958562E-01   0.1275281906922434E-02   0.1694424076406084E-05   0.3719714589665090E-03   0.2863311784648768E-02
  0.4822500000000000E+02   0.9259385218591729E+00   0.2450623525771971E-02  -0.3774216379688278E-01   0.1273371560912227E-02   0.1693641843166693E-05   0.3703696058082126E-03   0.2858309491172932E-02
  0.4827500000000000E+02   0.9260914989847625E+00   0.2445358593532496E-02  -0.3766268219842694E-01   0.1270530898208766E-02   0.1691615694954074E-05   0.3687813382843469E-03   0.2851226579129099E-02
  0.4832500000000000E+02   0.9262437948507660E+00   0.2438256820019045E-02  -0.3758356234261695E-01   0.1266736895077356E-02   0.1688311096939411E-05   0.3672031806671540E-03   0.2842011396246264E-02
  0.4837500000000000E+02   0.9263957348840112E+00   0.2429338660156259E-02  -0.3750463506129964E-01   0.1262000186520887E-02   0.1683738294186460E-05   0.3656317390616746E-03   0.2830687852545122E-02
  0.4842500000000000E+02   0.9265476275758647E+00   0.2418685262977859E-02  -0.3742573999523924E-01   0.1256362944385141E-02   0.1677949709808088E-05   0.3640638458998796E-03   0.2817350645109417E-02
  0.4847499999999999E+02   0.9266997523251714E+00   0.2406430964369167E-02  -0.3734673191090276E-01   0.1249894974722322E-02   0.1671034944820865E-05   0.3624966795688770E-03   0.2802156485909107E-02
  0.4852500000000000E+02   0.9268523502371774E+00   0.2392753310342093E-02  -0.3726748548105796E-01   0.1242688531994634E-02   0.1663114028431518E-05   0.3609278512733823E-03   0.2785312449363679E-02
  0.4857500000000000E+02   0.9270056182984366E+00   0.2377861745167298E-02  -0.3718789831089886E-01   0.1234852439534005E-02   0.1654329696008666E-05   0.3593554557475637E-03   0.2767062762753900E-02
  0.4862499999999999E+02   0.9271597069195928E+00   0.2361986093892354E-02  -0.3710789221387112E-01   0.1226506103224279E-02   0.1644839475210323E-05   0.3577780868563794E-03   0.2747675357374657E-02
  0.4867500000000000E+02   0.9273147204768643E+00   0.2345365810962042E-02  -0.3702741292901135E-01   0.1217773923396817E-02   0.1634808257164718E-05   0.3561948227281319E-03   0.2727429314487343E-02
  0.4872499999999999E+02   0.9274707202356017E+00   0.2328240709415832E-02  -0.3694642860023534E-01   0.1208780476267699E-02   0.1624401855552283E-05   0.3546051874018477E-03   0.2706604040116549E-02
  0.4877500000000000E+02   0.9276277289203191E+00   0.2310843589540969E-02  -0.3686492739985725E-01   0.1199646682631162E-02   0.1613781853890072E-05   0.3530090969529695E-03   0.2685470657799531E-02
  0.4882500000000000E+02   0.9277857361929259E+00   0.2293394905217125E-02  -0.3678291468002504E-01   0.1190487035669261E-02   0.1603101847314732E-05   0.3514067978502774E-03   0.2664285780798980E-02
  0.4887500000000000E+02   0.9279447043851825E+00   0.2276099376977057E-02  -0.3670040999195467E-01   0.1181407840606497E-02   0.1592505025367358E-05   0.3497988042305904E-03   0.2643287557673337E-02
  0.4892500000000000E+02   0.9281045739672608E+00   0.2259144300378781E-02  -0.3661744424223268E-01   0.1172506335555249E-02   0.1582122929249187E-05   0.3481858392367862E-03   0.2622693697780621E-02
  0.4897499999999999E+02   0.9282652683888786E+00   0.2242699207665550E-02  -0.3653405717510894E-01   0.1163870515801490E-02   0.1572075151961258E-05   0.3465687838899797E-03   0.2602701077510393E-02
  0.4902500000000000E+02   0.9284266980777187E+00   0.2226916509905099E-02  -0.3645029529264809E-01   0.1155579467787526E-02   0.1562469726156310E-05   0.3449486354091081E-03   0.2583486492162700E-02
  0.4907500000000000E+02   0.9285887635059340E+00   0.2211932760462474E-02  -0.3636621025907061E-01   0.1147704026161820E-02   0.1553403952021543E-05   0.3433264756011890E-03   0.2565208134453171E-02
  0.4912500000000000E+02   0.9287513573322391E+00   0.2197870222433280E-02  -0.3628185778536019E-01   0.1140307588992015E-02   0.1544965444887966E-05   0.3417034489840731E-03   0.2548007429529992E-02
  0.4917500000000000E+02   0.9289143656936475E+00   0.2184838478102569E-02  -0.3619729695562302E-01   0.1133446955067303E-02   0.1537233219543401E-05   0.3400807496657815E-03   0.2532010921261037E-02
  0.4922499999999999E+02   0.9290776687607883E+00   0.2172935876405557E-02  -0.3611258993597466E-01   0.1127173077331315E-02   0.1530278667610016E-05   0.3384596156456475E-03   0.2517331972308161E-02
  0.4927500000000000E+02   0.9292411406896890E+00   0.2162250667097838E-02  -0.3602780199689382E-01   0.1121531653909209E-02   0.1524166320445558E-05   0.3368413290563709E-03   0.2504072102211651E-02
  0.4932500000000000E+02   0.9294046491074780E+00   0.2152861713470028E-02  -0.3594300177762877E-01   0.1116563500622732E-02   0.1518954319674656E-05   0.3352272208621963E-03   0.2492321838195244E-02
  0.4937500000000000E+02   0.9295680542660996E+00   0.2144838707205579E-02  -0.3585826172301398E-01   0.1112304665410820E-02   0.1514694539338997E-05   0.3336186785992660E-03   0.2482160990618825E-02
  0.4942500000000000E+02   0.9297312079926614E+00   0.2138241829718392E-02  -0.3577365862593107E-01   0.1108786255865658E-02   0.1511432317930068E-05   0.3320171558311819E-03   0.2473658289343380E-02
  0.4947500000000000E+02   0.9298939525623738E+00   0.2133120815984166E-02  -0.3568927421007695E-01   0.1106033957175371E-02   0.1509205766548490E-05   0.3304241820480100E-03   0.2466870331013511E-02
  0.4952500000000000E+02   0.9300561196241121E+00   0.2129513382770644E-02  -0.3560519568563614E-01   0.1104067220833184E-02   0.1508044623374977E-05   0.3288413717236707E-03   0.2461839794201308E-02
  0.4957500000000000E+02   0.9302175293221473E+00   0.2127442987676175E-02  -0.3552151620350741E-01   0.1102898106809955E-02   0.1507968627616668E-05   0.3272704311418011E-03   0.2458592884578424E-02
  0.4962500000000000E+02   0.9303779897819744E+00   0.2126915893942319E-02  -0.3543833512114947E-01   0.1102529766310721E-02   0.1508985391956285E-05   0.3257131613933241E-03   0.2457135982064676E-02
  0.4967500000000000E+02   0.9305372971630347E+00   0.2127917535029332E-02  -0.3535575797509638E-01   0.1102954562068695E-02   0.1511087765860781E-05   0.3241714556483364E-03   0.2457451483627066E-02
  0.4972499999999999E+02   0.9306952365238178E+00   0.2130408209654011E-02  -0.3527389603312370E-01   0.1104151842110389E-02   0.1514250708102320E-05   0.3226472884403909E-03   0.2459492877373368E-02
  0.4977500000000000E+02   0.9308515837894455E+00   0.2134318199949486E-02  -0.3519286527597099E-01   0.1106085414967407E-02   0.1518427731007064E-05   0.3211426943331674E-03   0.2463179154484841E-02
  0.4982500000000000E+02   0.9310061091482743E+00   0.2139542499490752E-02  -0.3511278463968170E-01   0.1108700822972238E-02   0.1523547046346324E-05   0.3196597330670200E-03   0.2468388773258290E-02
  0.4987500000000000E+02   0.9311585822170672E+00   0.2145935468429630E-02  -0.3503377334287705E-01   0.1111922577779572E-02   0.1529507636706174E-05   0.3182004382504505E-03   0.2474953539016881E-02
  0.4992500000000000E+02   0.9313087792831268E+00   0.2153305898591148E-02  -0.3495594713938732E-01   0.1115651607928288E-02   0.1536175595949212E-05   0.3167667470615391E-03   0.2482652953433669E-02
  0.4997499999999999E+02   0.9314564928314959E+00   0.2161413161061128E-02  -0.3487941338852962E-01   0.1119763266396498E-02   0.1543381220401645E-05   0.3153604094810495E-03   0.2491209804284558E-02
  0.5002500000000000E+02   0.9316015433704977E+00   0.2169965297108912E-02  -0.3480426493608602E-01   0.1124106343551767E-02   0.1550917470687819E-05   0.3139828775110790E-03   0.2500287982716773E-02
  0.5007500000000000E+02   0.9317437932613593E+00   0.2178620056755111E-02  -0.3473057295812676E-01   0.1128503605170436E-02   0.1558540531622476E-05   0.3126351777807139E-03   0.2509493679999525E-02
  0.5012500000000000E+02   0.9318831618380683E+00   0.2186989926468128E-02  -0.3465837913690550E-01   0.1132754394507915E-02   0.1565973229996214E-05   0.3113177748561750E-03   0.2518381159006771E-02
  0.5017500000000000E+02   0.9320196406056559E+00   0.2194652046411123E-02  -0.3458768779572208E-01   0.1136639764516874E-02   0.1572911975175638E-05   0.3100304370972611E-03   0.2526464134828637E-02
  0.5022500000000000E+02   0.9321533068072128E+00   0.2201163533924830E-02  -0.3451845887736027E-01   0.1139930407869511E-02   0.1579037617700440E-05   0.3087721212647302E-03   0.2533233359829629E-02
  0.5027500000000000E+02   0.9322843332770698E+00   0.2206082075241585E-02  -0.3445060284380463E-01   0.1142397313767216E-02   0.1584030154414006E-05   0.3075408951065158E-03   0.2538180258349051E-02
  0.5032500000000000E+02   0.9324129924033739E+00   0.2208990762820781E-02  -0.3438397862393483E-01   0.1143824622789930E-02   0.1587586572566845E-05   0.3063339174367612E-03   0.2540825441599290E-02
  0.5037500000000000E+02   0.9325396523480409E+00   0.2209525175170137E-02  -0.3431839556811589E-01   0.1144023643522760E-02   0.1589440414387264E-05   0.3051474915569706E-03   0.2540749807322467E-02
  0.5042500000000000E+02   0.9326647644821043E+00   0.2207399841762803E-02  -0.3425361994965437E-01   0.1142846552346243E-02   0.1589381016994552E-05   0.3039771997846327E-03   0.2537624946055109E-02
  0.5047499999999999E+02   0.9327888422244318E+00   0.2202430770724597E-02  -0.3418938591665888E-01   0.1140198056745805E-02   0.1587270030678715E-05   0.3028181151308427E-03   0.2531239038540392E-02
  0.5052500000000000E+02   0.9329124329018583E+00   0.2194550858870526E-02  -0.3412541005759484E-01   0.1136043375466264E-02   0.1583052901282305E-05   0.3016650729880322E-03   0.2521514587533356E-02
  0.5057500000000000E+02   0.9330360855436839E+00   0.2183815828033684E-02  -0.3406140807325375E-01   0.1130411315111477E-02   0.1576763578845980E-05   0.3005129742138746E-03   0.2508515270251737E-02
  0.5062500000000000E+02   0.9331603183333402E+00   0.2170399712514256E-02  -0.3399711162813546E-01   0.1123391937353482E-02   0.1568521698917154E-05   0.2993570843932405E-03   0.2492440781928808E-02
  0.5067500000000000E+02   0.9332855895278896E+00   0.2154580549116374E-02  -0.3393228340818799E-01   0.1115129153015025E-02   0.1558522654272836E-05   0.2981932943228126E-03   0.2473610410307711E-02
  0.5072500000000000E+02   0.9334122749921613E+00   0.2136718395720912E-02  -0.3386672875505203E-01   0.1105809342932348E-02   0.1547022046850254E-05   0.2970183139070449E-03   0.2452437778232841E-02
  0.5077500000000001E+02   0.9335406542696090E+00   0.2117228780181807E-02  -0.3380030288076730E-01   0.1095647611200054E-02   0.1534316729975289E-05   0.2958297836788487E-03   0.2429400317488359E-02
  0.5082500000000000E+02   0.9336709056619059E+00   0.2096554978666972E-02  -0.3373291341768925E-01   0.1084873430845343E-02   0.1520724885186147E-05   0.2946263018284960E-03   0.2405007383340032E-02
  0.5087500000000000E+02   0.9338031094689263E+00   0.2075142169216702E-02  -0.3366451874223342E-01   0.1073717259411675E-02   0.1506567341200594E-05   0.2934073766584695E-03   0.2379770516343994E-02
  0.5092500000000000E+02   0.9339372576097170E+00   0.2053415695815483E-02  -0.3359512299349798E-01   0.1062399282470544E-02   0.1492151770839557E-05   0.2921733224957001E-03   0.2354178427597413E-02
  0.5097500000000000E+02   0.9340732674093044E+00   0.2031764677211629E-02  -0.3352476893378020E-01   0.1051120924728809E-02   0.1477760685750246E-05   0.2909251204762613E-03   0.2328678132187503E-02
  0.5102499999999999E+02   0.9342109973560129E+00   0.2010531247630906E-02  -0.3345352978798055E-01   0.1040059277848213E-02   0.1463643465491619E-05   0.2896642648021635E-03   0.2303662564950163E-02
  0.5107500000000000E+02   0.9343502629769849E+00   0.1990004985289831E-02  -0.3338150102138404E-01   0.1029364215247579E-02   0.1450012125529167E-05   0.2883926113932395E-03   0.2279464169724254E-02
  0.5112500000000000E+02   0.9344908514851396E+00   0.1970421632828563E-02  -0.3330879275354004E-01   0.1019157730026917E-02   0.1437040196020093E-05   0.2871122408555014E-03   0.2256353431903879E-02
  0.5117500000000000E+02   0.9346325343796069E+00   0.1951965025525123E-02  -0.3323552323205892E-01   0.1009534934532802E-02   0.1424863940371377E-05   0.2858253426447859E-03   0.2234541106317565E-02
  0.5122500000000000E+02   0.9347750776406692E+00   0.1934771156592372E-02  -0.3316181355237957E-01   0.1000566166972135E-02   0.1413585146089922E-05   0.2845341230460539E-03   0.2214182907288020E-02
  0.5127499999999999E+02   0.9349182495048789E+00   0.1918933448254189E-02  -0.3308778363099663E-01   0.9922997226471410E-03   0.1403274816379839E-05   0.2832407364774656E-03   0.2195385587940705E-02
  0.5132500000000000E+02   0.9350618260296791E+00   0.1904508494744081E-02  -0.3301354932375145E-01   0.9847648296479178E-03   0.1393977230378219E-05   0.2819472376812356E-03   0.2178213563156709E-02
  0.5137500000000000E+02   0.9352055947758630E+00   0.1891521749015267E-02  -0.3293922051911746E-01   0.9779745953665056E-03   0.1385713986668135E-05   0.2806555513947814E-03   0.2162695467489440E-02
  0.5142500000000000E+02   0.9353493569767137E+00   0.1879972808480478E-02  -0.3286490001541176E-01   0.9719287452758342E-03   0.1378487776540116E-05   0.2793674558425355E-03   0.2148830250883370E-02
  0.5147500000000000E+02   0.9354929285516093E+00   0.1869840102401523E-02  -0.3279068299659105E-01   0.9666160517325398E-03   0.1372285739847275E-05   0.2780845765912491E-03   0.2136592584837333E-02
  0.5152500000000000E+02   0.9356361402820590E+00   0.1861084891757809E-02  -0.3271665694191461E-01   0.9620164066270137E-03   0.1367082334842152E-05   0.2768083877556749E-03   0.2125937476414374E-02
  0.5157500000000000E+02   0.9357788374166269E+00   0.1853654565277851E-02  -0.3264290183144680E-01   0.9581025294522978E-03   0.1362841706568480E-05   0.2755402180714074E-03   0.2116804071510039E-02
  0.5162499999999999E+02   0.9359208789193286E+00   0.1847485259654887E-02  -0.3256949053625291E-01   0.9548413253366176E-03   0.1359519570997688E-05   0.2742812598668297E-03   0.2109118679923655E-02
  0.5167500000000000E+02   0.9360621365305857E+00   0.1842503855464289E-02  -0.3249648930572302E-01   0.9521949197590586E-03   0.1357064649611788E-05   0.2730325794093046E-03   0.2102797081875165E-02
  0.5172500000000000E+02   0.9362024937738869E+00   0.1838629410232394E-02  -0.3242395828308919E-01   0.9501214018124334E-03   0.1355419696768125E-05   0.2717951274473604E-03   0.2097746187049521E-02
  0.5177500000000000E+02   0.9363418450156812E+00   0.1835774092784510E-02  -0.3235195199349539E-01   0.9485753092596380E-03   0.1354522164506792E-05   0.2705697490178423E-03   0.2093865120291058E-02
  0.5182500000000000E+02   0.9364800946697737E+00   0.1833843683590756E-02  -0.3228051975741797E-01   0.9475078889241020E-03   0.1354304550248951E-05   0.2693571917465184E-03   0.2091045808646772E-02
  0.5187500000000000E+02   0.9366171566284757E+00   0.1832737708333536E-02  -0.3220970598692818E-01   0.9468671672319860E-03   0.1354694475031395E-05   0.2681581119641552E-03   0.2089173147160628E-02
  0.5192500000000000E+02   0.9367529539979700E+00   0.1832349279176295E-02  -0.3213955032479177E-01   0.9465978694506991E-03   0.1355614545644101E-05   0.2669730780160620E-03   0.2088124828899906E-02
  0.5197500000000000E+02   0.9368874192111617E+00   0.1832564731837094E-02  -0.3207008758857643E-01   0.9466412331816402E-03   0.1356982064516126E-05   0.2658025701940619E-03   0.2087770940000809E-02
  0.5202500000000000E+02   0.9370204945835935E+00   0.1833263166828910E-02  -0.3200134748592953E-01   0.9469347721030336E-03   0.1358708666674744E-05   0.2646469768020136E-03   0.2087973443363283E-02
  0.5207500000000000E+02   0.9371521333626240E+00   0.1834316028838365E-02  -0.3193335407512676E-01   0.9474120591593633E-03   0.1360699982679528E-05   0.2635065860140548E-03   0.2088585703549479E-02
  0.5212499999999999E+02   0.9372823012930035E+00   0.1835586886129456E-02  -0.3186612495897179E-01   0.9480026127851723E-03   0.1362855447885506E-05   0.2623815734314631E-03   0.2089452236990046E-02
  0.5217500000000000E+02   0.9374109786802224E+00   0.1836931597121859E-02  -0.3179967022167307E-01   0.9486319827749033E-03   0.1365068398052840E-05   0.2612719856115309E-03   0.2090408900153454E-02
  0.5222500000000000E+02   0.9375381628752435E+00   0.1838199067095579E-02  -0.3173399114813724E-01   0.9492221405537377E-03   0.1367226604115620E-05   0.2601777203373962E-03   0.2091283746163272E-02
  0.5227500000000000E+02   0.9376638710319550E+00   0.1839232796091288E-02  -0.3166907880240788E-01   0.9496922776237489E-03   0.1369213398664174E-05   0.2590985050034569E-03   0.2091898778131096E-02
  0.5232500000000000E+02   0.9377881429072299E+00   0.1839873390882991E-02  -0.3160491258400933E-01   0.9499601014046871E-03   0.1370909526835497E-05   0.2580338751568888E-03   0.2092072795427567E-02
  0.5237499999999999E+02   0.9379110433927568E+00   0.1839962152094600E-02  -0.3154145892260163E-01   0.9499436857914767E-03   0.1372195809215003E-05   0.2569831558740489E-03   0.2091625458958525E-02
  0.5242500000000000E+02   0.9380326644022435E+00   0.1839345748537000E-02  -0.3147867030518592E-01   0.9495638826646115E-03   0.1372956631121080E-05   0.2559454491382309E-03   0.2090382589186261E-02
  0.5247499999999999E+02   0.9381531257048695E+00   0.1837881857535873E-02  -0.3141648484698056E-01   0.9487472317993762E-03   0.1373084173155301E-05   0.2549196305757923E-03   0.2088182559392523E-02
  0.5252500000000000E+02   0.9382725743137930E+00   0.1835445494044712E-02  -0.3135482660783806E-01   0.9474292261308880E-03   0.1372483180611612E-05   0.2539043586594521E-03   0.2084883469712852E-02
  0.5257500000000000E+02   0.9383911821204929E+00   0.1831935593889946E-02  -0.3129360681377136E-01   0.9455577080814033E-03   0.1371075949944991E-05   0.2528980987016764E-03   0.2080370608815613E-02
  0.5262500000000000E+02   0.9385091416153033E+00   0.1827281286482007E-02  -0.3123272606597227E-01   0.9430961055598390E-03   0.1368807110642018E-05   0.2518991626260667E-03   0.2074563562542639E-02
  0.5267500000000000E+02   0.9386266597408506E+00   0.1821447221262407E-02  -0.3117207751321038E-01   0.9400261795650522E-03   0.1365647724335625E-05   0.2509057637310032E-03   0.2067422248138797E-02
  0.5272499999999999E+02   0.9387439501614909E+00   0.1814437326326706E-02  -0.3111155084151018E-01   0.9363499626311996E-03   0.1361598230012255E-05   0.2499160836883332E-03   0.2058951168727584E-02
  0.5277500000000000E+02   0.9388612244587472E+00   0.1806296489477512E-02  -0.3105103681789279E-01   0.9320906250549497E-03   0.1356689844607469E-05   0.2489283471892270E-03   0.2049201309564342E-02
  0.5282500000000000E+02   0.9389786829358880E+00   0.1797109853532260E-02  -0.3099043203560414E-01   0.9272921098743426E-03   0.1350984176946655E-05   0.2479408983257361E-03   0.2038269326407619E-02
  0.5287499999999999E+02   0.9390965057965647E+00   0.1786999679616757E-02  -0.3092964346603888E-01   0.9220175127470897E-03   0.1344571008362106E-05   0.2469522722765492E-03   0.2026293973725232E-02
  0.5292500000000000E+02   0.9392148454327152E+00   0.1776120008902766E-02  -0.3086859243789664E-01   0.9163463257117428E-03   0.1337564401547692E-05   0.2459612562889477E-03   0.2013450034726597E-02
  0.5297499999999999E+02   0.9393338204197347E+00   0.1764649594211961E-02  -0.3080721773493034E-01   0.9103707881975008E-03   0.1330097482253794E-05   0.2449669352509784E-03   0.1999940288927287E-02
  0.5302500000000000E+02   0.9394535115997199E+00   0.1752783735556629E-02  -0.3074547761576019E-01   0.9041916726088672E-03   0.1322316363896210E-05   0.2439687190710476E-03   0.1985986237738649E-02
  0.5307500000000000E+02   0.9395739603797971E+00   0.1740725714136502E-02  -0.3068335069023886E-01   0.8979138630168234E-03   0.1314373734442609E-05   0.2429663512480268E-03   0.1971818377262199E-02
  0.5312499999999999E+02   0.9396951691296156E+00   0.1728678476975490E-02  -0.3062083571226615E-01   0.8916420636323781E-03   0.1306422596872561E-05   0.2419599000255889E-03   0.1957666759354295E-02
  0.5317500000000000E+02   0.9398171033696562E+00   0.1716837099558801E-02  -0.3055795044829368E-01   0.8854769092968003E-03   0.1298610563713592E-05   0.2409497350604829E-03   0.1943752440154550E-02
  0.5322499999999999E+02   0.9399396953239341E+00   0.1705382379915667E-02  -0.3049472984171209E-01   0.8795116604354480E-03   0.1291074977356004E-05   0.2399364934169749E-03   0.1930280217588885E-02
  0.5327500000000000E+02   0.9400628483725617E+00   0.1694475731272986E-02  -0.3043122371299678E-01   0.8738295687295330E-03   0.1283938988523893E-05   0.2389210389052691E-03   0.1917432847566989E-02
  0.5332500000000000E+02   0.9401864419716188E+00   0.1684255373181739E-02  -0.3036749421897356E-01   0.8685019134260011E-03   0.1277308599259392E-05   0.2379044184125159E-03   0.1905366738504310E-02
  0.5337500000000000E+02   0.9403103366902639E+00   0.1674833694161552E-02  -0.3030361325198627E-01   0.8635866427110737E-03   0.1271270580362844E-05   0.2368878181088469E-03   0.1894208979586117E-02
  0.5342500000000000E+02   0.9404343791250502E+00   0.1666295582265649E-02  -0.3023965990295452E-01   0.8591275149996853E-03   0.1265891114198401E-05   0.2358725214458859E-03   0.1884055471033226E-02
  0.5347499999999999E+02   0.9405584065676472E+00   0.1658697493692143E-02  -0.3017571805230435E-01   0.8551536214173690E-03   0.1261214992592620E-05   0.2348598698794061E-03   0.1874969894674594E-02
  0.5352500000000000E+02   0.9406822514076908E+00   0.1652067047285711E-02  -0.3011187409829774E-01   0.8516791798795294E-03   0.1257265211719380E-05   0.2338512263782255E-03   0.1866983283105697E-02
  0.5357500000000000E+02   0.9408057453354810E+00   0.1646402984773319E-02  -0.3004821478944508E-01   0.8487035179877121E-03   0.1254042844276670E-05   0.2328479411187863E-03   0.1860094004543986E-02
  0.5362500000000000E+02   0.9409287234622787E+00   0.1641675412102291E-02  -0.2998482510031042E-01   0.8462112009083045E-03   0.1251527125947581E-05   0.2318513183627589E-03   0.1854268065941223E-02
  0.5367500000000000E+02   0.9410510284946253E+00   0.1637826325553550E-02  -0.2992178608036589E-01   0.8441723059297751E-03   0.1249675760055864E-05   0.2308625834007537E-03   0.1849439736772762E-02
  0.5372500000000000E+02   0.9411725150811007E+00   0.1634770516597635E-02  -0.2985917261480775E-01   0.8425428919447757E-03   0.1248425513320209E-05   0.2298828486288679E-03   0.1845512597976698E-02
  0.5377500000000000E+02   0.9412930543945945E+00   0.1632397030198262E-02  -0.2979705106474606E-01   0.8412657537218017E-03   0.1247693237868485E-05   0.2289130783026170E-03   0.1842361211726245E-02
  0.5382500000000000E+02   0.9414125389224229E+00   0.1630571409415811E-02  -0.2973547680091260E-01   0.8402715808054109E-03   0.1247377500161178E-05   0.2279540522599688E-03   0.1839833673413209E-02
  0.5387500000000000E+02   0.9415308873166489E+00   0.1629138980222120E-02  -0.2967449170682235E-01   0.8394806517494365E-03   0.1247361014940025E-05   0.2270063298635225E-03   0.1837755331098503E-02
  0.5392500000000000E+02   0.9416480490203961E+00   0.1627929399900881E-02  -0.2961412179766143E-01   0.8388051786762689E-03   0.1247514060392998E-05   0.2260702164729066E-03   0.1835933923450049E-02
  0.5397499999999999E+02   0.9417640082534955E+00   0.1626762599093381E-02  -0.2955437516938164E-01   0.8381523691125489E-03   0.1247698980477531E-05   0.2251457357526031E-03   0.1834166282287099E-02
  0.5402500000000000E+02   0.9418787868409717E+00   0.1625456088607004E-02  -0.2949524054389852E-01   0.8374281902120480E-03   0.1247775759140794E-05   0.2242326118224354E-03   0.1832246567096888E-02
  0.5407500000000000E+02   0.9419924453333444E+00   0.1623833388510561E-02  -0.2943668669407362E-01   0.8365417104936054E-03   0.1247608486984318E-05   0.2233302654172995E-03   0.1829975758643032E-02
  0.5412500000000000E+02   0.9421050819278611E+00   0.1621733097339701E-02  -0.2937866300119585E-01   0.8354097707939113E-03   0.1247072355293292E-05   0.2224378276248847E-03   0.1827171869155597E-02
  0.5417500000000000E+02   0.9422168288703027E+00   0.1619017898707390E-02  -0.2932110130986643E-01   0.8339616225778403E-03   0.1246060639940729E-05   0.2215541733168085E-03   0.1823680078517117E-02
  0.5422499999999999E+02   0.9423278462896798E+00   0.1615582655745681E-02  -0.2926391910477943E-01   0.8321430961213359E-03   0.1244491020581526E-05   0.2206779741742910E-03   0.1819381840641387E-02
  0.5427500000000000E+02   0.9424383137556368E+00   0.1611360720244160E-02  -0.2920702386008556E-01   0.8299198489523913E-03   0.1242310557568494E-05   0.2198077685539469E-03   0.1814201977761954E-02
  0.5432500000000000E+02   0.9425484201878519E+00   0.1606327710951700E-02  -0.2915031823721048E-01   0.8272793106524283E-03   0.1239498742524585E-05   0.2189420428507011E-03   0.1808112923981523E-02
  0.5437500000000000E+02   0.9426583530143385E+00   0.1600502286922869E-02  -0.2909370566917657E-01   0.8242310799035354E-03   0.1236068243897939E-05   0.2180793170677941E-03   0.1801135584952884E-02
  0.5442500000000000E+02   0.9427682876075659E+00   0.1593943811285006E-02  -0.2903709580149461E-01   0.8208057199676172E-03   0.1232063251782313E-05   0.2172182264733733E-03   0.1793336696525781E-02
  0.5447499999999999E+02   0.9428783779907153E+00   0.1586747194528414E-02  -0.2898040927855017E-01   0.8170521015695932E-03   0.1227555630361717E-05   0.2163575917276434E-03   0.1784823008484602E-02
  0.5452500000000000E+02   0.9429887496100682E+00   0.1579035543444355E-02  -0.2892358146553242E-01   0.8130336157412871E-03   0.1222639349017807E-05   0.2154964715900474E-03   0.1775732998980892E-02
  0.5457500000000000E+02   0.9430994946611743E+00   0.1570951457966195E-02  -0.2886656485478956E-01   0.8088236905010358E-03   0.1217423834250993E-05   0.2146341948535695E-03   0.1766227068618250E-02
  0.5462500000000000E+02   0.9432106701065188E+00   0.1562647883239053E-02  -0.2880933008574238E-01   0.8045010787516174E-03   0.1212026939833883E-05   0.2137703709337959E-03   0.1756477236353522E-02
  0.5467500000000000E+02   0.9433222982021524E+00   0.1554279346702033E-02  -0.2875186567246102E-01   0.8001453448238366E-03   0.1206568177521765E-05   0.2129048810099019E-03   0.1746657271916685E-02
  0.5472500000000000E+02   0.9434343691129894E+00   0.1545994228685942E-02  -0.2869417665548402E-01   0.7958328836959867E-03   0.1201162714394601E-05   0.2120378533799984E-03   0.1736933995092008E-02
  0.5477500000000000E+02   0.9435468450656308E+00   0.1537928483402564E-02  -0.2863628246185446E-01   0.7916336875852940E-03   0.1195916466312608E-05   0.2111696275918162E-03   0.1727460211100396E-02
  0.5482500000000000E+02   0.9436596654600653E+00   0.1530200996587215E-02  -0.2857821427150786E-01   0.7876089557944600E-03   0.1190922439682101E-05   0.2103007119976119E-03   0.1718369491357273E-02
  0.5487500000000000E+02   0.9437727524139928E+00   0.1522910574086358E-02  -0.2852001216113809E-01   0.7838095447926822E-03   0.1186258325099975E-05   0.2094317388635440E-03   0.1709772792473760E-02
  0.5492500000000000E+02   0.9438860163135783E+00   0.1516134421610075E-02  -0.2846172224510635E-01   0.7802751864361313E-03   0.1181985241775827E-05   0.2085634203019331E-03   0.1701756755231372E-02
  0.5497500000000000E+02   0.9439993610608306E+00   0.1509927902025035E-02  -0.2840339397297509E-01   0.7770343641891215E-03   0.1178147473153027E-05   0.2076965073364569E-03   0.1694383442026116E-02
  0.5502500000000000E+02   0.9441126888163479E+00   0.1504325333341352E-02  -0.2834507768731309E-01   0.7741047252458869E-03   0.1174773014782651E-05   0.2068317535399633E-03   0.1687691245125175E-02
  0.5507500000000000E+02   0.9442259041222820E+00   0.1499341602276777E-02  -0.2828682250103298E-01   0.7714939125019588E-03   0.1171874763345522E-05   0.2059698840079529E-03   0.1681696711352910E-02
  0.5512500000000000E+02   0.9443389173485398E+00   0.1494974398205818E-02  -0.2822867452353750E-01   0.7692007157511197E-03   0.1169452197891712E-05   0.2051115699824924E-03   0.1676397062643288E-02
  0.5517499999999999E+02   0.9444516474371621E+00   0.1491206905916881E-02  -0.2817067544848351E-01   0.7672164588185526E-03   0.1167493429635352E-05   0.2042574092007433E-03   0.1671773229928631E-02
  0.5522500000000000E+02   0.9445640239317721E+00   0.1488010822434120E-02  -0.2811286150979664E-01   0.7655265531889326E-03   0.1165977516815895E-05   0.2034079119557198E-03   0.1667793248287841E-02
  0.5527499999999999E+02   0.9446759882797197E+00   0.1485349577375221E-02  -0.2805526281217685E-01   0.7641121560433869E-03   0.1164876951583780E-05   0.2025634928539976E-03   0.1664415877578903E-02
  0.5532500000000000E+02   0.9447874943931337E+00   0.1483181636586992E-02  -0.2799790304305882E-01   0.7629518707986365E-03   0.1164160225457201E-05   0.2017244682657097E-03   0.1661594313433965E-02
  0.5537500000000000E+02   0.9448985084595025E+00   0.1481463757731059E-02  -0.2794079957072626E-01   0.7620234225841524E-03   0.1163794370573418E-05   0.2008910594267234E-03   0.1659279841414655E-02
  0.5542499999999999E+02   0.9450090080081697E+00   0.1480154049675456E-02  -0.2788396392517689E-01   0.7613052324761410E-03   0.1163747360040497E-05   0.2000634010320165E-03   0.1657425268577221E-02
  0.5547500000000000E+02   0.9451189802684837E+00   0.1479214672293457E-02  -0.2782740264325767E-01   0.7607778064899793E-03   0.1163990237894642E-05   0.1992415549396919E-03   0.1655987949866415E-02
  0.5552499999999999E+02   0.9452284198968293E+00   0.1478614007046043E-02  -0.2777111843826352E-01   0.7604248521556345E-03   0.1164498843376282E-05   0.1984255283008493E-03   0.1654932220001512E-02
  0.5557500000000000E+02   0.9453373261985796E+00   0.1478328137505421E-02  -0.2771511162911966E-01   0.7602340400365809E-03   0.1165255000228917E-05   0.1976152950807817E-03   0.1654231051520120E-02
  0.5562500000000001E+02   0.9454457000199725E+00   0.1478341505840806E-02  -0.2765938173910976E-01   0.7601973413827652E-03   0.1166247062030221E-05   0.1968108195961131E-03   0.1653866789838528E-02
  0.5567500000000000E+02   0.9455535405262445E+00   0.1478646655638403E-02  -0.2760392915288734E-01   0.7603108959244689E-03   0.1167469738840601E-05   0.1960120804181076E-03   0.1653830865891764E-02
  0.5572499999999999E+02   0.9456608421094457E+00   0.1479243029162074E-02  -0.2754875670661316E-01   0.7605743935049855E-03   0.1168923175579056E-05   0.1952190928311233E-03   0.1654122451528678E-02
  0.5577499999999999E+02   0.9457675916784374E+00   0.1480134851810691E-02  -0.2749387108142243E-01   0.7609899864881028E-03   0.1170611303485638E-05   0.1944319280111151E-03   0.1654746095108656E-02
  0.5582500000000000E+02   0.9458737665743779E+00   0.1481328201091401E-02  -0.2743928387518946E-01   0.7615607830603038E-03   0.1172539537308358E-05   0.1936507272001176E-03   0.1655708446836419E-02
  0.5587500000000001E+02   0.9459793333303992E+00   0.1482827416334479E-02  -0.2738501224023826E-01   0.7622890018124732E-03   0.1174711938044471E-05   0.1928757093737337E-03   0.1657014249043906E-02
  0.5592500000000000E+02   0.9460842474587622E+00   0.1484631055934610E-02  -0.2733107899288023E-01   0.7631738939481045E-03   0.1177128001997272E-05   0.1921071711933095E-03   0.1658661822873261E-02
  0.5597499999999999E+02   0.9461884544067507E+00   0.1486727651721671E-02  -0.2727751212228857E-01   0.7642095614368991E-03   0.1179779272002760E-05   0.1913454783706649E-03   0.1660638330315053E-02
  0.5602500000000000E+02   0.9462918917757073E+00   0.1489091548205766E-02  -0.2722434365031168E-01   0.7653828189911419E-03   0.1182645998317310E-05   0.1905910479374787E-03   0.1662915132749687E-02
  0.5607500000000000E+02   0.9463944928438863E+00   0.1491679151445538E-02  -0.2717160782144235E-01   0.7666712667097756E-03   0.1185694107623096E-05   0.1898443213188122E-03   0.1665443608008481E-02
  0.5612500000000000E+02   0.9464961913671504E+00   0.1494425949447606E-02  -0.2711933863639049E-01   0.7680417592806234E-03   0.1188872769929758E-05   0.1891057286038861E-03   0.1668151828999748E-02
  0.5617499999999998E+02   0.9465969275433613E+00   0.1497244699523578E-02  -0.2706756678798317E-01   0.7694494748112200E-03   0.1192112881818575E-05   0.1883756450470680E-03   0.1670942543956850E-02
  0.5622499999999999E+02   0.9466966549085879E+00   0.1500025196879858E-02  -0.2701631611856126E-01   0.7708377960131554E-03   0.1195326801686785E-05   0.1876543416709968E-03   0.1673692919121840E-02
  0.5627500000000000E+02   0.9467953477832203E+00   0.1502636024155755E-02  -0.2696559979506463E-01   0.7721392089731243E-03   0.1198409663368745E-05   0.1869419328938666E-03   0.1676256488348568E-02
  0.5632500000000000E+02   0.9468930087118259E+00   0.1504928609508300E-02  -0.2691541648747497E-01   0.7732773877045651E-03   0.1201242539236403E-05   0.1862383252972264E-03   0.1678467673820034E-02
  0.5637500000000000E+02   0.9469896751656723E+00   0.1506743767572343E-02  -0.2686574692608878E-01   0.7741705539666700E-03   0.1203697603361407E-05   0.1855431728117914E-03   0.1680149071543420E-02
  0.5642500000000000E+02   0.9470854246419927E+00   0.1507920649835949E-02  -0.2681655128235050E-01   0.7747360745925732E-03   0.1205645248289705E-05   0.1848558444330311E-03   0.1681121419585091E-02
  0.5647499999999999E+02   0.9471803772524590E+00   0.1508307697206882E-02  -0.2676776783934820E-01   0.7748960871642738E-03   0.1206962841586979E-05   0.1841754107125780E-03   0.1681215795570048E-02
  0.5652500000000000E+02   0.9472746949979628E+00   0.1507774807872072E-02  -0.2671931336435718E-01   0.7745837498759094E-03   0.1207544502015121E-05   0.1835006543489238E-03   0.1680287167311569E-02
  0.5657500000000000E+02   0.9473685772106524E+00   0.1506225581174809E-02  -0.2667108545004782E-01   0.7737495304304495E-03   0.1207310988325399E-05   0.1828301080211803E-03   0.1678228027993005E-02
  0.5662500000000000E+02   0.9474622520986874E+00   0.1503608267694641E-02  -0.2662296685754495E-01   0.7723668303742411E-03   0.1206218602227787E-05   0.1821621192772445E-03   0.1674980590352138E-02
  0.5667500000000000E+02   0.9475559648910600E+00   0.1499924036583271E-02  -0.2657483160591811E-01   0.7704362314043032E-03   0.1204265983906790E-05   0.1814949382924355E-03   0.1670545992641441E-02
  0.5672499999999999E+02   0.9476499636361058E+00   0.1495231413874422E-02  -0.2652655226692080E-01   0.7679877747854122E-03   0.1201497865520168E-05   0.1808268204809854E-03   0.1664989239036902E-02
  0.5677500000000000E+02   0.9477444841231369E+00   0.1489646232933598E-02  -0.2647800771016240E-01   0.7650809353724901E-03   0.1198005233645474E-05   0.1801561332193273E-03   0.1658439139898263E-02
  0.5682500000000000E+02   0.9478397355585357E+00   0.1483337079216560E-02  -0.2642909046066344E-01   0.7618022810061309E-03   0.1193921863951463E-05   0.1794814550891709E-03   0.1651083231386271E-02
  0.5687500000000000E+02   0.9479358884855977E+00   0.1476516862984365E-02  -0.2637971290366070E-01   0.7582611427437646E-03   0.1189417716275776E-05   0.1788016573589814E-03   0.1643158380070814E-02
  0.5692499999999999E+02   0.9480330660252140E+00   0.1469431665775450E-02  -0.2632981178324412E-01   0.7545838845423954E-03   0.1184690095029337E-05   0.1781159605854384E-03   0.1634938349323516E-02
  0.5697500000000000E+02   0.9481313389384912E+00   0.1462348271686848E-02  -0.2627935073730681E-01   0.7509074973372218E-03   0.1179953700563912E-05   0.1774239634275251E-03   0.1626719900423141E-02
  0.5702499999999999E+02   0.9482307244135869E+00   0.1455541778882815E-02  -0.2622832091894434E-01   0.7473732344816208E-03   0.1175430692588127E-05   0.1767256450090201E-03   0.1618808984336254E-02
  0.5707500000000000E+02   0.9483311879859901E+00   0.1449284431636290E-02  -0.2617674000778458E-01   0.7441208744838749E-03   0.1171341688368658E-05   0.1760213455473324E-03   0.1611508296077246E-02
  0.5712500000000001E+02   0.9484326476951578E+00   0.1443836410789626E-02  -0.2612465007213982E-01   0.7412839902440173E-03   0.1167898299209535E-05   0.1753117319561022E-03   0.1605107015099989E-02
  0.5717499999999999E+02   0.9485349794815610E+00   0.1439438877182935E-02  -0.2607211479369520E-01   0.7389863762233393E-03   0.1165297453717213E-05   0.1745977556286855E-03   0.1599873060968053E-02
  0.5722500000000000E+02   0.9486380229074288E+00   0.1436309166907313E-02  -0.2601921652576356E-01   0.7373395816824688E-03   0.1163717437173635E-05   0.1738806088698265E-03   0.1596047752414647E-02
  0.5727499999999999E+02   0.9487415864846499E+00   0.1434637742645723E-02  -0.2596605355331316E-01   0.7364413467720176E-03   0.1163315336685173E-05   0.1731616848949515E-03   0.1593842429506984E-02
  0.5732500000000000E+02   0.9488454521530542E+00   0.1434586328958406E-02  -0.2591273778953673E-01   0.7363746476383171E-03   0.1164225436258801E-05   0.1724425444050820E-03   0.1593436402064927E-02
  0.5737500000000001E+02   0.9489493787224145E+00   0.1436286591634164E-02  -0.2585939300498952E-01   0.7372070219230276E-03   0.1166558047673366E-05   0.1717248898166400E-03   0.1594975512117491E-02
  0.5742499999999999E+02   0.9490531043416666E+00   0.1439838739779374E-02  -0.2580615355686366E-01   0.7389898555797425E-03   0.1170398274504632E-05   0.1710105464851077E-03   0.1598570618978987E-02
  0.5747499999999999E+02   0.9491563482763452E+00   0.1445309511163468E-02  -0.2575316347430856E-01   0.7417573539769735E-03   0.1175804269792759E-05   0.1703014487892524E-03   0.1604295406733217E-02
  0.5752500000000001E+02   0.9492588124588285E+00   0.1452729130904136E-02  -0.2570057566149897E-01   0.7455249867824072E-03   0.1182804650330034E-05   0.1695996277391570E-03   0.1612183057999023E-02
  0.5757500000000000E+02   0.9493601834277841E+00   0.1462087005922912E-02  -0.2564855090229712E-01   0.7502872845711247E-03   0.1191394868672216E-05   0.1689071958160181E-03   0.1622221529125623E-02
  0.5762500000000001E+02   0.9494601353906862E+00   0.1473326137377996E-02  -0.2559725629012477E-01   0.7560149778358349E-03   0.1201532521800371E-05   0.1682263240578856E-03   0.1634347405423264E-02
  0.5767500000000000E+02   0.9495583352125001E+00   0.1486336509879086E-02  -0.2554686267118023E-01   0.7626516109093998E-03   0.1213131800866315E-05   0.1675592060649988E-03   0.1648438621002352E-02
  0.5772499999999999E+02   0.9496544501248272E+00   0.1500948055407231E-02  -0.2549754069364063E-01   0.7701099371650587E-03   0.1226057564703694E-05   0.1669080038079507E-03   0.1664306702609815E-02
  0.5777500000000000E+02   0.9497481588172378E+00   0.1516924181622168E-02  -0.2544945512341146E-01   0.7782686026891823E-03   0.1240119843174938E-05   0.1662747711797886E-03   0.1681689629735122E-02
  0.5782500000000000E+02   0.9498391662613355E+00   0.1533957259083185E-02  -0.2540275724643370E-01   0.7869698331739775E-03   0.1255069913027416E-05   0.1656613534872461E-03   0.1700246850735160E-02
  0.5787499999999999E+02   0.9499272220818614E+00   0.1551667798097245E-02  -0.2535757545234696E-01   0.7960190111862811E-03   0.1270599372014578E-05   0.1650692648020753E-03   0.1719558366785055E-02
  0.5792500000000000E+02   0.9500121415191120E+00   0.1569609186247164E-02  -0.2531400448894161E-01   0.8051871030650073E-03   0.1286343762004227E-05   0.1644995502970124E-03   0.1739129951858331E-02
  0.5797499999999999E+02   0.9500938270892823E+00   0.1587279646286705E-02  -0.2527209435747768E-01   0.8142167866017954E-03   0.1301892129535127E-05   0.1639526468679327E-03   0.1758406345589455E-02
  0.5802500000000000E+02   0.9501722881158865E+00   0.1604142372837991E-02  -0.2523184029757286E-01   0.8228327715011210E-03   0.1316803346901625E-05   0.1634282612920195E-03   0.1776793483833454E-02
  0.5807500000000001E+02   0.9502476546537495E+00   0.1619653569484878E-02  -0.2519317564475121E-01   0.8307561708732087E-03   0.1330629007202384E-05   0.1629252890216729E-03   0.1793689467693707E-02
  0.5812499999999999E+02   0.9503201822844003E+00   0.1633296463188633E-02  -0.2515596936615172E-01   0.8377219390299062E-03   0.1342941353849979E-05   0.1624417963344389E-03   0.1808522155604099E-02
  0.5817500000000000E+02   0.9503902450846826E+00   0.1644617663036758E-02  -0.2512002965865645E-01   0.8434975140893053E-03   0.1353363287435773E-05   0.1619750823767538E-03   0.1820789371900328E-02
  0.5822500000000000E+02   0.9504583157942300E+00   0.1653260962136476E-02  -0.2508511411051906E-01   0.8479001531647011E-03   0.1361596427336436E-05   0.1615218256229377E-03   0.1830096318755673E-02
  0.5827500000000000E+02   0.9505249345406580E+00   0.1658993363775588E-02  -0.2505094573162570E-01   0.8508102841437889E-03   0.1367442914519080E-05   0.1610783035705357E-03   0.1836184419458494E-02
  0.5832500000000000E+02   0.9505906698322850E+00   0.1661719029956422E-02  -0.2501723295190195E-01   0.8521786672125079E-03   0.1370817367154146E-05   0.1606406591711943E-03   0.1838946826234536E-02
  0.5837499999999999E+02   0.9506560771953111E+00   0.1661478885206536E-02  -0.2498369083180985E-01   0.8520262018098874E-03   0.1371747054757259E-05   0.1602051771889442E-03   0.1838428069236449E-02
  0.5842500000000000E+02   0.9507216612880716E+00   0.1658436234447789E-02  -0.2495006049412241E-01   0.8504365608638611E-03   0.1370360512892373E-05   0.1597685316959626E-03   0.1834808225246410E-02
  0.5847500000000000E+02   0.9507878464463944E+00   0.1652851225720862E-02  -0.2491612423561007E-01   0.8475431020870667E-03   0.1366866867314927E-05   0.1593279727810685E-03   0.1828374722076990E-02
  0.5852500000000000E+02   0.9508549587284418E+00   0.1645048644582414E-02  -0.2488171474352063E-01   0.8435123561187898E-03   0.1361529524440589E-05   0.1588814338075639E-03   0.1819486733773441E-02
  0.5857500000000000E+02   0.9509232202493842E+00   0.1635384036453126E-02  -0.2484671800976190E-01   0.8385266535305049E-03   0.1354638334030545E-05   0.1584275559759039E-03   0.1808537693842684E-02
  0.5862500000000000E+02   0.9509927545590645E+00   0.1624212591034202E-02  -0.2481107058074050E-01   0.8327681652423220E-03   0.1346483893444597E-05   0.1579656403223875E-03   0.1795920838719342E-02
  0.5867499999999999E+02   0.9510636004435824E+00   0.1611863960207200E-02  -0.2477475248513361E-01   0.8264059838045922E-03   0.1337336640743698E-05   0.1574955459318886E-03   0.1782001300264568E-02
  0.5872500000000000E+02   0.9511357309504209E+00   0.1598624683483375E-02  -0.2473777748061834E-01   0.8195871051755032E-03   0.1327432158283796E-05   0.1570175564056199E-03   0.1767096609580171E-02
  0.5877500000000001E+02   0.9512090745241725E+00   0.1584728544874993E-02  -0.2470018221621773E-01   0.8124314779818392E-03   0.1316962995141045E-05   0.1565322354744052E-03   0.1751465978289265E-02
  0.5882500000000000E+02   0.9512835356496318E+00   0.1570354191103598E-02  -0.2466201564576398E-01   0.8050307771737802E-03   0.1306076491006317E-05   0.1560402888170890E-03   0.1735307620486113E-02
  0.5887499999999999E+02   0.9513590130812055E+00   0.1555628743944722E-02  -0.2462332967816450E-01   0.7974502524401299E-03   0.1294877582643578E-05   0.1555424443220007E-03   0.1718762714942690E-02
  0.5892499999999999E+02   0.9514354144130904E+00   0.1540635870340907E-02  -0.2458417170363381E-01   0.7897328634864058E-03   0.1283435342140047E-05   0.1550393583912761E-03   0.1701924307324531E-02
  0.5897499999999999E+02   0.9515126663246914E+00   0.1525426724132386E-02  -0.2454457933745313E-01   0.7819048886397541E-03   0.1271791945782282E-05   0.1545315519885894E-03   0.1684849396137728E-02
  0.5902500000000001E+02   0.9515907203037151E+00   0.1510032246863527E-02  -0.2450457748269830E-01   0.7739822309810708E-03   0.1259972824848841E-05   0.1540193770471981E-03   0.1667572527480695E-02
  0.5907500000000000E+02   0.9516695540270963E+00   0.1494475453737375E-02  -0.2446417761958752E-01   0.7659767173340156E-03   0.1247996856941687E-05   0.1535030114201800E-03   0.1650119377449452E-02
  0.5912499999999999E+02   0.9517491688948305E+00   0.1478782514553245E-02  -0.2442337906756997E-01   0.7579017797391786E-03   0.1235885602474192E-05   0.1529824785751775E-03   0.1632519004921559E-02
  0.5917500000000000E+02   0.9518295844756555E+00   0.1462991672440207E-02  -0.2438217183097358E-01   0.7497770285655044E-03   0.1223670779268405E-05   0.1524576866285479E-03   0.1614813715665657E-02
  0.5922499999999999E+02   0.9519108308256450E+00   0.1447159332974081E-02  -0.2434054053540724E-01   0.7416313750333699E-03   0.1211399405562619E-05   0.1519284801421084E-03   0.1597065799553055E-02
  0.5927500000000001E+02   0.9519929397549033E+00   0.1431362996476102E-02  -0.2429846890362686E-01   0.7335045353816923E-03   0.1199136323159496E-05   0.1513946975299552E-03   0.1579360779039525E-02
  0.5932500000000001E+02   0.9520759361171542E+00   0.1415701068528359E-02  -0.2425594421979227E-01   0.7254469346453565E-03   0.1186964114488901E-05   0.1508562270973414E-03   0.1561807207681608E-02
  0.5937499999999999E+02   0.9521598300717568E+00   0.1400289921325092E-02  -0.2421296129528061E-01   0.7175182010943019E-03   0.1174980710995331E-05   0.1503130557026656E-03   0.1544533430712797E-02
  0.5942500000000000E+02   0.9522446110334175E+00   0.1385258839887003E-02  -0.2416952556934238E-01   0.7097845764118115E-03   0.1163295212028625E-05   0.1497653056714836E-03   0.1527682008720904E-02
  0.5947499999999999E+02   0.9523302437231053E+00   0.1370743632891095E-02  -0.2412565513260601E-01   0.7023156414043026E-03   0.1152022559558933E-05   0.1492132576130000E-03   0.1511402666584301E-02
  0.5952500000000000E+02   0.9524166664208258E+00   0.1356879703324336E-02  -0.2408138162184770E-01   0.6951807649593214E-03   0.1141277731457027E-05   0.1486573588248383E-03   0.1495844646913622E-02
  0.5957500000000000E+02   0.9525037912522860E+00   0.1343795273507922E-02  -0.2403675007217887E-01   0.6884456323572145E-03   0.1131170035777577E-05   0.1480982186705990E-03   0.1481149235942552E-02
  0.5962499999999999E+02   0.9525915061568951E+00   0.1331605279224204E-02  -0.2399181790745264E-01   0.6821691168455483E-03   0.1121797940798600E-05   0.1475365934362549E-03   0.1467443030973173E-02
  0.5967500000000000E+02   0.9526796781004649E+00   0.1320406236341215E-02  -0.2394665329281087E-01   0.6764006500237582E-03   0.1113244700136271E-05   0.1469733636303717E-03   0.1454832284762562E-02
  0.5972500000000000E+02   0.9527681571057054E+00   0.1310272185758458E-02  -0.2390133306831721E-01   0.6711781452776862E-03   0.1105574867094496E-05   0.1464095065522108E-03   0.1443398443702974E-02
  0.5977500000000000E+02   0.9528567807536927E+00   0.1301251672237316E-02  -0.2385594044157435E-01   0.6665264514471145E-03   0.1098831665972056E-05   0.1458460663764055E-03   0.1433194830374231E-02
  0.5982500000000000E+02   0.9529453789284005E+00   0.1293365627619833E-02  -0.2381056255626768E-01   0.6624562702740690E-03   0.1093035115801249E-05   0.1452841232033917E-03   0.1424244326793107E-02
  0.5987499999999999E+02   0.9530337787022343E+00   0.1286606012200696E-02  -0.2376528798906186E-01   0.6589634625624129E-03   0.1088180787028761E-05   0.1447247617068407E-03   0.1416537895876416E-02
  0.5992500000000000E+02   0.9531218093658996E+00   0.1280935111443315E-02  -0.2372020417323906E-01   0.6560286901966243E-03   0.1084239107540663E-05   0.1441690393441796E-03   0.1410033826238148E-02
  0.5997500000000000E+02   0.9532093076698540E+00   0.1276285473176706E-02  -0.2367539471467717E-01   0.6536173861989899E-03   0.1081155208337180E-05   0.1436179537102934E-03   0.1404657682165437E-02
  0.6002500000000000E+02   0.9532961233526687E+00   0.1272560582316172E-02  -0.2363093656157633E-01   0.6516801023143173E-03   0.1078849393952452E-05   0.1430724085888874E-03   0.1400303063780166E-02
  0.6007500000000000E+02   0.9533821249760488E+00   0.1269636481597992E-02  -0.2358689701775551E-01   0.6501533406916395E-03   0.1077218417835136E-05   0.1425331786287984E-03   0.1396833405098020E-02
  0.6012500000000000E+02   0.9534672059671609E+00   0.1267364629865472E-02  -0.2354333065027159E-01   0.6489610187769385E-03   0.1076137814630770E-05   0.1420008733306345E-03   0.1394085129218443E-02
  0.6017500000000000E+02   0.9535512905970785E+00   0.1265576313840146E-02  -0.2350027623006479E-01   0.6480167290545580E-03   0.1075465563736390E-05   0.1414759020934489E-03   0.1391872506984230E-02
  0.6022500000000000E+02   0.9536343394247908E+00   0.1264088866372558E-02  -0.2345775394636362E-01   0.6472269230957203E-03   0.1075047306831182E-05   0.1409584432741014E-03   0.1389994496639837E-02
  0.6027500000000001E+02   0.9537163535510981E+00   0.1262713774446585E-02  -0.2341576323034789E-01   0.6464950625372538E-03   0.1074723199161484E-05   0.1404484212890817E-03   0.1388243655936762E-02
  0.6032499999999999E+02   0.9537973769115831E+00   0.1261266484330694E-02  -0.2337428158251198E-01   0.6457266384375143E-03   0.1074336239945031E-05   0.1399454963967227E-03   0.1386416915442263E-02
  0.6037500000000000E+02   0.9538774958520291E+00   0.1259577360515636E-02  -0.2333326479094022E-01   0.6448347809480879E-03   0.1073741627265082E-05   0.1394490715841254E-03   0.1384327616816069E-02
  0.6042499999999999E+02   0.9539568354173591E+00   0.1257502895770677E-02  -0.2329264883166349E-01   0.6437459973381242E-03   0.1072816373281345E-05   0.1389583197008309E-03   0.1381817825303641E-02
  0.6047500000000000E+02   0.9540355521530524E+00   0.1254935994775032E-02  -0.2325235355400201E-01   0.6424054357035064E-03   0.1071468175806941E-05   0.1384722316240957E-03   0.1378769623736825E-02
  0.6052500000000001E+02   0.9541138237183744E+00   0.1251814059031592E-02  -0.2321228799769703E-01   0.6407810231690551E-03   0.1069642454651880E-05   0.1379896831368238E-03   0.1375113991049624E-02
  0.6057499999999999E+02   0.9541918361421676E+00   0.1248123750003995E-02  -0.2317235691663055E-01   0.6388659037454527E-03   0.1067326581510182E-05   0.1375095149956299E-03   0.1370836031934685E-02
  0.6062499999999999E+02   0.9542697699831705E+00   0.1243901701114181E-02  -0.2313246786318668E-01   0.6366788024949775E-03   0.1064550662728945E-05   0.1370306181689557E-03   0.1365975756452489E-02
  0.6067500000000000E+02   0.9543477868694678E+00   0.1239231012735111E-02  -0.2309253807842904E-01   0.6342622310907273E-03   0.1061384712843342E-05   0.1365520151328456E-03   0.1360624227288749E-02
  0.6072499999999999E+02   0.9544260178243548E+00   0.1234233965927819E-02  -0.2305250046770280E-01   0.6316787578240872E-03   0.1057932571611570E-05   0.1360729287531103E-03   0.1354915553351578E-02
  0.6077500000000001E+02   0.9545045544588335E+00   0.1229061885044852E-02  -0.2301230810866772E-01   0.6290058182132948E-03   0.1054323343981011E-05   0.1355928324789837E-03   0.1349015751789596E-02
  0.6082500000000000E+02   0.9545834436184630E+00   0.1223883357286740E-02  -0.2297193699088818E-01   0.6263296846957232E-03   0.1050701386435548E-05   0.1351114787058494E-03   0.1343109806239194E-02
  0.6087499999999999E+02   0.9546626855468023E+00   0.1218872039699681E-02  -0.2293138695513119E-01   0.6237392253862668E-03   0.1047215889304404E-05   0.1346289054053939E-03   0.1337388273998910E-02
  0.6092500000000000E+02   0.9547422351932607E+00   0.1214195086181062E-02  -0.2289068102295788E-01   0.6213199805791591E-03   0.1044010941338816E-05   0.1341454237223582E-03   0.1332034577475996E-02
  0.6097499999999999E+02   0.9548220060291873E+00   0.1210002895756566E-02  -0.2284986344238404E-01   0.6191489160607718E-03   0.1041216683464102E-05   0.1336615907428482E-03   0.1327213751127732E-02
  0.6102500000000001E+02   0.9549018756634380E+00   0.1206420522005498E-02  -0.2280899681259052E-01   0.6172900272671288E-03   0.1038941851151213E-05   0.1331781719594119E-03   0.1323063017739923E-02
  0.6107500000000000E+02   0.9549816926381541E+00   0.1203540780250652E-02  -0.2276815860488890E-01   0.6157908130236824E-03   0.1037267745183386E-05   0.1326960973050202E-03   0.1319684234216475E-02
  0.6112499999999999E+02   0.9550612839778900E+00   0.1201418899641996E-02  -0.2272743729866866E-01   0.6146795405373350E-03   0.1036243507161109E-05   0.1322164133840441E-03   0.1317138038280592E-02
  0.6117500000000000E+02   0.9551404632925411E+00   0.1200068511982811E-02  -0.2268692823469010E-01   0.6139631949336055E-03   0.1035882527346466E-05   0.1317402331158728E-03   0.1315439466077489E-02
  0.6122500000000001E+02   0.9552190394343592E+00   0.1199458839923561E-02  -0.2264672918576704E-01   0.6136260427738130E-03   0.1036159872299541E-05   0.1312686828017111E-03   0.1314554887668256E-02
  0.6127499999999999E+02   0.9552968258312228E+00   0.1199513116000966E-02  -0.2260693558243521E-01   0.6136288253261567E-03   0.1037010764890927E-05   0.1308028459212557E-03   0.1314400292088443E-02
  0.6132500000000000E+02   0.9553736506248879E+00   0.1200108488922809E-02  -0.2256763532774553E-01   0.6139087124075436E-03   0.1038330344025547E-05   0.1303437029709628E-03   0.1314841199942001E-02
  0.6137500000000000E+02   0.9554493676108823E+00   0.1201077900033941E-02  -0.2252890320276457E-01   0.6143802635031213E-03   0.1039975129025913E-05   0.1298920674870281E-03   0.1315694729757967E-02
  0.6142500000000000E+02   0.9555238677017408E+00   0.1202214573891284E-02  -0.2249079500490292E-01   0.6149377252653664E-03   0.1041766755929950E-05   0.1294485200543064E-03   0.1316734521065430E-02
  0.6147500000000000E+02   0.9555970902423725E+00   0.1203279785632701E-02  -0.2245334176206282E-01   0.6154590041776913E-03   0.1043498573006633E-05   0.1290133444123319E-03   0.1317699238446738E-02
  0.6152499999999998E+02   0.9556690330624125E+00   0.1204014370746084E-02  -0.2241654459259557E-01   0.6158115525003004E-03   0.1044945515712080E-05   0.1285864723119379E-03   0.1318305166169455E-02
  0.6157500000000000E+02   0.9557397597707771E+00   0.1204153985139581E-02  -0.2238037097523038E-01   0.6158601716808778E-03   0.1045877286658042E-05   0.1281674458575087E-03   0.1318262903259234E-02
  0.6162500000000000E+02   0.9558094026345849E+00   0.1203447424420638E-02  -0.2234475327661678E-01   0.6154763800705813E-03   0.1046074258866030E-05   0.1277554068024297E-03   0.1317297404974652E-02
  0.6167500000000000E+02   0.9558781595876955E+00   0.1201676485076530E-02  -0.2230959028042034E-01   0.6145485693273772E-03   0.1045344798084124E-05   0.1273491208082434E-03   0.1315169713044433E-02
  0.6172500000000000E+02   0.9559462845653983E+00   0.1198675108087049E-02  -0.2227475212903585E-01   0.6129917943191155E-03   0.1043542045216877E-05   0.1269470406190559E-03   0.1311697904591476E-02
  0.6177500000000000E+02   0.9560140714084633E+00   0.1194345149283637E-02  -0.2224008855386306E-01   0.6107558385765498E-03   0.1040577841717791E-05   0.1265474058371690E-03   0.1306774354888498E-02
  0.6182500000000000E+02   0.9560818328048082E+00   0.1188666287717430E-02  -0.2220543964365373E-01   0.6078302825105890E-03   0.1036431611029048E-05   0.1261483698580520E-03   0.1300376589967888E-02
  0.6187500000000000E+02   0.9561498768032656E+00   0.1181698376927857E-02  -0.2217064785508704E-01   0.6042457072574823E-03   0.1031152687357482E-05   0.1257481385316231E-03   0.1292569871809750E-02
  0.6192500000000000E+02   0.9562184840022567E+00   0.1173575811374573E-02  -0.2213556967888453E-01   0.6000708150255494E-03   0.1024855680239980E-05   0.1253451022016712E-03   0.1283501044741233E-02
  0.6197500000000000E+02   0.9562878883891037E+00   0.1164494884517081E-02  -0.2210008543953390E-01   0.5954059649552596E-03   0.1017709688426329E-05   0.1249379439850154E-03   0.1273384708577345E-02
  0.6202500000000000E+02   0.9563582640187734E+00   0.1154696260983702E-02  -0.2206410610895315E-01   0.5903742096986311E-03   0.1009923184885210E-05   0.1245257121486397E-03   0.1262484039427771E-02
  0.6207499999999999E+02   0.9564297185280168E+00   0.1144445277282056E-02  -0.2202757662439292E-01   0.5851112208930418E-03   0.1001726925402742E-05   0.1241078516396447E-03   0.1251089228810242E-02
  0.6212500000000000E+02   0.9565022932414623E+00   0.1134012733637187E-02  -0.2199047583478930E-01   0.5797554653698972E-03   0.9933572034353203E-06   0.1236841970812323E-03   0.1239496456574049E-02
  0.6217500000000000E+02   0.9565759686588328E+00   0.1123658264975791E-02  -0.2195281369465518E-01   0.5744397002053163E-03   0.9850412852125439E-06   0.1232549350378880E-03   0.1227989685211420E-02
  0.6222500000000000E+02   0.9566506735910200E+00   0.1113617531123662E-02  -0.2191462659143506E-01   0.5692844210739887E-03   0.9769861266611816E-06   0.1228205461355935E-03   0.1216826635133704E-02
  0.6227499999999999E+02   0.9567262961437691E+00   0.1104093608196497E-02  -0.2187597172764122E-01   0.5643934594606757E-03   0.9693707268788633E-06   0.1223817377462917E-03   0.1206229360734575E-02
  0.6232500000000000E+02   0.9568026950164096E+00   0.1095252284949633E-02  -0.2183692134174364E-01   0.5598515773320680E-03   0.9623418786601016E-06   0.1219393761464880E-03   0.1196379103881484E-02
  0.6237499999999999E+02   0.9568797100272938E+00   0.1087220553520236E-02  -0.2179755732459965E-01   0.5557236958776493E-03   0.9560127102131778E-06   0.1214944243168367E-03   0.1187414647149791E-02
  0.6242500000000000E+02   0.9569571712506418E+00   0.1080087426222835E-02  -0.2175796654625817E-01   0.5520553141687858E-03   0.9504632691554996E-06   0.1210478887217455E-03   0.1179433215815125E-02
  0.6247500000000001E+02   0.9570349065526935E+00   0.1073906247795759E-02  -0.2171823700171938E-01   0.5488736928430538E-03   0.9457424281574989E-06   0.1206007760538590E-03   0.1172493018568864E-02
  0.6252499999999999E+02   0.9571127476022563E+00   0.1068697828367628E-02  -0.2167845473730878E-01   0.5461894576187983E-03   0.9418705243520533E-06   0.1201540592927511E-03   0.1166616687376123E-02
  0.6257500000000000E+02   0.9571905345957077E+00   0.1064453927560882E-02  -0.2163870143492097E-01   0.5439983823573519E-03   0.9388423218780080E-06   0.1197086515232083E-03   0.1161795101401579E-02
  0.6262499999999999E+02   0.9572681199960564E+00   0.1061140824718528E-02  -0.2159905250089689E-01   0.5422832160122683E-03   0.9366300649782798E-06   0.1192653856700491E-03   0.1157991303847334E-02
  0.6267500000000000E+02   0.9573453715654612E+00   0.1058702883596233E-02  -0.2155957551660848E-01   0.5410155064654139E-03   0.9351865408328367E-06   0.1188249984722931E-03   0.1155144410315876E-02
  0.6272500000000001E+02   0.9574221748968557E+00   0.1057066145928151E-02  -0.2152032894550426E-01   0.5401574387278600E-03   0.9344481823325537E-06   0.1183881174800707E-03   0.1153173545341105E-02
  0.6277499999999999E+02   0.9574984355465355E+00   0.1056142060194872E-02  -0.2148136104441545E-01   0.5396637417771307E-03   0.9343383048948145E-06   0.1179552504736273E-03   0.1151981922554767E-02
  0.6282500000000000E+02   0.9575740807566329E+00   0.1055831468389177E-02  -0.2144270898463774E-01   0.5394837267492198E-03   0.9347705866564273E-06   0.1175267773537533E-03   0.1151461202194850E-02
  0.6287500000000001E+02   0.9576490606537558E+00   0.1056028937542981E-02  -0.2140439824076090E-01   0.5395635008192038E-03   0.9356528701907622E-06   0.1171029451270256E-03   0.1151496220591761E-02
  0.6292500000000000E+02   0.9577233487362179E+00   0.1056627442112063E-02  -0.2136644234296281E-01   0.5398483599120350E-03   0.9368912928971712E-06   0.1166838670054977E-03   0.1151970098508121E-02
  0.6297499999999999E+02   0.9577969414335725E+00   0.1057523292176802E-02  -0.2132884310316729E-01   0.5402853066243383E-03   0.9383946546604499E-06   0.1162695267720690E-03   0.1152769614226118E-02
  0.6302499999999999E+02   0.9578698565497378E+00   0.1058621081809485E-02  -0.2129159141139292E-01   0.5408255781393151E-03   0.9400788237138916E-06   0.1158597893746750E-03   0.1153790595971016E-02
  0.6307500000000000E+02   0.9579421304867006E+00   0.1059838327986859E-02  -0.2125466865485681E-01   0.5414270158153735E-03   0.9418708879926213E-06   0.1154544182036775E-03   0.1154942975071716E-02
  0.6312500000000000E+02   0.9580138142790412E+00   0.1061109409660141E-02  -0.2121804874434274E-01   0.5420560770960620E-03   0.9437127033788596E-06   0.1150530987458974E-03   0.1156155075125065E-02
  0.6317500000000000E+02   0.9580849686270003E+00   0.1062388419284541E-02  -0.2118170065191993E-01   0.5426892917674920E-03   0.9455634904435623E-06   0.1146554674333274E-03   0.1157376715399694E-02
  0.6322499999999999E+02   0.9581556582655376E+00   0.1063650612457933E-02  -0.2114559128763061E-01   0.5433140020573175E-03   0.9474011944392710E-06   0.1142611436959807E-03   0.1158580786624872E-02
  0.6327500000000000E+02   0.9582259461159256E+00   0.1064892275682555E-02  -0.2110968848705252E-01   0.5439282947017248E-03   0.9492224413003434E-06   0.1138697626672617E-03   0.1159763103656896E-02
  0.6332500000000000E+02   0.9582958877105734E+00   0.1066129002503492E-02  -0.2107396385910965E-01   0.5445401200617629E-03   0.9510410732601613E-06   0.1134810058041356E-03   0.1160940524916469E-02
  0.6337500000000000E+02   0.9583655263522743E+00   0.1067392540405985E-02  -0.2103839525858087E-01   0.5451656812873287E-03   0.9528854013091852E-06   0.1130946269101293E-03   0.1162147515926882E-02
  0.6342500000000000E+02   0.9584348893752989E+00   0.1068726511795720E-02  -0.2100296869567364E-01   0.5458272485115948E-03   0.9547944385530008E-06   0.1127104716233855E-03   0.1163431487727803E-02
  0.6347499999999999E+02   0.9585039857412646E+00   0.1070181399172184E-02  -0.2096767956373369E-01   0.5465505973772657E-03   0.9568134578252059E-06   0.1123284892148800E-03   0.1164847335370732E-02
  0.6352500000000000E+02   0.9585728050574631E+00   0.1071809209645184E-02  -0.2093253314036980E-01   0.5473622839716161E-03   0.9589892414917076E-06   0.1119487363636255E-03   0.1166451628849850E-02
  0.6357499999999999E+02   0.9586413179765779E+00   0.1073658204899395E-02  -0.2089754438303992E-01   0.5482869533928668E-03   0.9613653676769624E-06   0.1115713732861077E-03   0.1168296877030568E-02
  0.6362500000000000E+02   0.9587094778423967E+00   0.1075768017787468E-02  -0.2086273708833020E-01   0.5493448459863771E-03   0.9639778210877909E-06   0.1111966531022807E-03   0.1170426214243235E-02
  0.6367500000000000E+02   0.9587772233919025E+00   0.1078165397792274E-02  -0.2082814251185094E-01   0.5505496249443234E-03   0.9668511475682769E-06   0.1108249055953839E-03   0.1172868773034951E-02
  0.6372499999999999E+02   0.9588444823048582E+00   0.1080860753716553E-02  -0.2079379755550681E-01   0.5519066112011391E-03   0.9699953065168741E-06   0.1104565166024984E-03   0.1175635925906948E-02
  0.6377500000000000E+02   0.9589111753953732E+00   0.1083845605179843E-02  -0.2075974262715163E-01   0.5534114825342430E-03   0.9734033251963253E-06   0.1100919042294220E-03   0.1178718516846357E-02
  0.6382500000000000E+02   0.9589772212514245E+00   0.1087091018360676E-02  -0.2072601927175433E-01   0.5550494753022291E-03   0.9770498270692514E-06   0.1097314929993334E-03   0.1182085163957084E-02
  0.6387500000000000E+02   0.9590425411351944E+00   0.1090547081780981E-02  -0.2069266766964473E-01   0.5567951172110189E-03   0.9808904890261379E-06   0.1093756869890256E-03   0.1185681693024035E-02
  0.6392500000000000E+02   0.9591070639516909E+00   0.1094143465339027E-02  -0.2065972410013139E-01   0.5586125130683877E-03   0.9848624713490496E-06   0.1090248430195793E-03   0.1189431748140882E-02
  0.6397500000000000E+02   0.9591707310741445E+00   0.1097791088582746E-02  -0.2062721847843196E-01   0.5604561967084698E-03   0.9888858490071011E-06   0.1086792450543159E-03   0.1193238606903324E-02
  0.6402499999999999E+02   0.9592335007875277E+00   0.1101384891758429E-02  -0.2059517208768913E-01   0.5622725457184693E-03   0.9928660438020693E-06   0.1083390810838704E-03   0.1196988192568425E-02
  0.6407500000000000E+02   0.9592953520870763E+00   0.1104807648983853E-02  -0.2056359564031651E-01   0.5640017279662648E-03   0.9966972080117269E-06   0.1080044238858095E-03   0.1200553216939463E-02
  0.6412500000000000E+02   0.9593562875607929E+00   0.1107934687067601E-02  -0.2053248780694417E-01   0.5655801102513871E-03   0.1000266441434989E-05   0.1076752170596799E-03   0.1203798305621755E-02
  0.6417500000000000E+02   0.9594163351069417E+00   0.1110639283922186E-02  -0.2050183433999098E-01   0.5669430137083570E-03   0.1003458642099267E-05   0.1073512675882009E-03   0.1206585860246574E-02
  0.6422499999999999E+02   0.9594755482981737E+00   0.1112798432289237E-02  -0.2047160788796365E-01   0.5680276555791544E-03   0.1006161709886360E-05   0.1070322458197017E-03   0.1208782316628859E-02
  0.6427499999999999E+02   0.9595340053034425E+00   0.1114298587051983E-02  -0.2044176854580282E-01   0.5687760825600730E-03   0.1008271759562455E-05   0.1067176932101875E-03   0.1210264384689576E-02
  0.6432500000000000E+02   0.9595918064071490E+00   0.1115040986710263E-02  -0.2041226512114636E-01   0.5691378867907941E-03   0.1009697972467837E-05   0.1064070374661135E-03   0.1210924825901827E-02
  0.6437500000000000E+02   0.9596490703024195E+00   0.1114946164401640E-02  -0.2038303702623689E-01   0.5690725082062002E-03   0.1010366736281363E-05   0.1060996139999777E-03   0.1210677350876745E-02
  0.6442499999999998E+02   0.9597059294570855E+00   0.1113957342993158E-02  -0.2035401664310998E-01   0.5685509673484457E-03   0.1010224791852909E-05   0.1057946919847193E-03   0.1209460305498119E-02
  0.6447499999999999E+02   0.9597625249329703E+00   0.1112042531222665E-02  -0.2032513196783237E-01   0.5675569352189154E-03   0.1009241215484022E-05   0.1054915028938923E-03   0.1207238946821309E-02
  0.6452500000000001E+02   0.9598190010655339E+00   0.1109195281803854E-02  -0.2029630932604853E-01   0.5660871201989775E-03   0.1007408194716691E-05   0.1051892693209663E-03   0.1204006266111445E-02
  0.6457500000000000E+02   0.9598755003784745E+00   0.1105434210770211E-02  -0.2026747596864442E-01   0.5641510226799579E-03   0.1004740681227395E-05   0.1048872320919680E-03   0.1199782466565133E-02
  0.6462500000000000E+02   0.9599321590266667E+00   0.1100801485173349E-02  -0.2023856239777289E-01   0.5617701630854869E-03   0.1001275103088063E-05   0.1045846741584660E-03   0.1194613320364956E-02
  0.6467499999999998E+02   0.9599891029512049E+00   0.1095360547260868E-02  -0.2020950432941937E-01   0.5589769201175959E-03   0.9970673753816691E-06   0.1042809403681792E-03   0.1188567696038030E-02
  0.6472499999999999E+02   0.9600464448167609E+00   0.1089193353322149E-02  -0.2018024425663545E-01   0.5558131212080967E-03   0.9921904588633651E-06   0.1039754528257200E-03   0.1181734558134821E-02
  0.6477500000000001E+02   0.9601042817057660E+00   0.1082397372251332E-02  -0.2015073262641598E-01   0.5523285102578181E-03   0.9867316877344723E-06   0.1036677220618736E-03   0.1174219705390662E-02
  0.6482499999999999E+02   0.9601626934800878E+00   0.1075082528471264E-02  -0.2012092867578197E-01   0.5485791869288459E-03   0.9807900338789277E-06   0.1033573545561289E-03   0.1166142448057400E-02
  0.6487500000000000E+02   0.9602217416929880E+00   0.1067368204933292E-02  -0.2009080098687144E-01   0.5446260765835465E-03   0.9744734130212660E-06   0.1030440572878789E-03   0.1157632350331926E-02
  0.6492500000000000E+02   0.9602814689371717E+00   0.1059380360786071E-02  -0.2006032781931333E-01   0.5405334587733358E-03   0.9678960830658712E-06   0.1027276399588133E-03   0.1148826097488967E-02
  0.6497499999999999E+02   0.9603418985377952E+00   0.1051248775328102E-02  -0.2002949726639480E-01   0.5363675602457768E-03   0.9611761458784602E-06   0.1024080153936083E-03   0.1139864500673653E-02
  0.6502500000000001E+02   0.9604030345296376E+00   0.1043104408087416E-02  -0.1999830726606588E-01   0.5321952073253274E-03   0.9544331439061660E-06   0.1020851984574094E-03   0.1130889628659145E-02
  0.6507500000000000E+02   0.9604648618844681E+00   0.1035076860997230E-02  -0.1996676548413567E-01   0.5280825305422205E-03   0.9477857394207099E-06   0.1017593036831654E-03   0.1122042051639776E-02
  0.6512500000000000E+02   0.9605273469714256E+00   0.1027291935353203E-02  -0.1993488907845997E-01   0.5240937178078181E-03   0.9413494702402912E-06   0.1014305417126961E-03   0.1113458189386054E-02
  0.6517500000000000E+02   0.9605904382386571E+00   0.1019869285170167E-02  -0.1990270435014940E-01   0.5202898169890093E-03   0.9352345839313239E-06   0.1010992146270190E-03   0.1105267765745811E-02
  0.6522499999999999E+02   0.9606540671015588E+00   0.1012920172856579E-02  -0.1987024628931811E-01   0.5167275909244441E-03   0.9295439564405692E-06   0.1007657102564609E-03   0.1097591376105450E-02
  0.6527499999999999E+02   0.9607181490175440E+00   0.1006545329160131E-02  -0.1983755802566123E-01   0.5134584258975733E-03   0.9243710974911185E-06   0.1004304955877518E-03   0.1090538170084360E-02
  0.6532500000000000E+02   0.9607825847258131E+00   0.1000832907254571E-02  -0.1980469019489517E-01   0.5105272884102914E-03   0.9197982339685004E-06   0.1000941093898374E-03   0.1084203638582673E-02
  0.6537500000000000E+02   0.9608472616385298E+00   0.9958565041563302E-03  -0.1977170022805674E-01   0.5079717165827711E-03   0.9158944471076244E-06   0.9975715413528433E-04   0.1078667476155210E-02
  0.6542500000000000E+02   0.9609120553901895E+00   0.9916732072741173E-03  -0.1973865156026056E-01   0.5058208246466832E-03   0.9127138249605450E-06   0.9942028718546824E-04   0.1073991472930401E-02
  0.6547499999999999E+02   0.9609768315849607E+00   0.9883216168933254E-03  -0.1970561273869398E-01   0.5040942954159135E-03   0.9102935849171680E-06   0.9908421103655585E-04   0.1070217382609143E-02
  0.6552499999999999E+02   0.9610414478244447E+00   0.9858198039954555E-03  -0.1967265638786131E-01   0.5028013399907214E-03   0.9086521286746204E-06   0.9874966220652933E-04   0.1067364722272527E-02
  0.6557500000000000E+02   0.9611057561445614E+00   0.9841631934608525E-03  -0.1963985796650058E-01   0.5019396195664711E-03   0.9077870200631214E-06   0.9841739811436450E-04   0.1065428492771828E-02
  0.6562500000000001E+02   0.9611696060308463E+00   0.9833224201806388E-03  -0.1960729422989260E-01   0.5014941535128161E-03   0.9076729291012893E-06   0.9808818110927524E-04   0.1064376870530135E-02
  0.6567500000000000E+02   0.9612328482037145E+00   0.9832412917579396E-03  -0.1957504129991716E-01   0.5014362818045712E-03   0.9082596654649847E-06   0.9776275871539981E-04   0.1064149014643637E-02
  0.6572499999999999E+02   0.9612953393534183E+00   0.9838351032532998E-03  -0.1954317225122393E-01   0.5017228068635518E-03   0.9094705285887136E-06   0.9744183924426821E-04   0.1064653253929424E-02
  0.6577499999999999E+02   0.9613569479407823E+00   0.9849896760942725E-03  -0.1951175415431117E-01   0.5022955044426367E-03   0.9112013201366055E-06   0.9712606228037254E-04   0.1065766055442258E-02
  0.6582500000000000E+02   0.9614175610480141E+00   0.9865616133429864E-03  -0.1948084458346122E-01   0.5030812544013384E-03   0.9133204778104790E-06   0.9681596424051824E-04   0.1067332305788185E-02
  0.6587500000000001E+02   0.9614770920552831E+00   0.9883803428036874E-03  -0.1945048770380264E-01   0.5039930826589023E-03   0.9156708656966223E-06   0.9651194027991915E-04   0.1069167522384884E-02
  0.6592499999999998E+02   0.9615354886414131E+00   0.9902525126624130E-03  -0.1942071019313085E-01   0.5049324021810868E-03   0.9180737533301740E-06   0.9621420521415011E-04   0.1071062604748640E-02
  0.6597499999999999E+02   0.9615927402959353E+00   0.9919691632633849E-03  -0.1939151741270395E-01   0.5057926689794249E-03   0.9203353880442813E-06   0.9592275765692432E-04   0.1072791583825847E-02
  0.6602500000000001E+02   0.9616488842528215E+00   0.9933157887271676E-03  -0.1936289038241956E-01   0.5064645111760718E-03   0.9222562799760625E-06   0.9563735288767911E-04   0.1074122492985717E-02
  0.6607500000000000E+02   0.9617040086095633E+00   0.9940849258928610E-03  -0.1933478419058587E-01   0.5068421464670645E-03   0.9236428774209852E-06   0.9535749057650706E-04   0.1074830970112968E-02
  0.6612500000000000E+02   0.9617582514808130E+00   0.9940903270086350E-03  -0.1930712842497051E-01   0.5068306071258011E-03   0.9243207680183988E-06   0.9508242290981621E-04   0.1074715572543795E-02
  0.6617499999999998E+02   0.9618117954217539E+00   0.9931812140389149E-03  -0.1927983001514577E-01   0.5063530069205435E-03   0.9241480162142759E-06   0.9481118656818104E-04   0.1073613182800664E-02
  0.6622499999999999E+02   0.9618648570320525E+00   0.9912547473006053E-03  -0.1925277853177332E-01   0.5053568980887085E-03   0.9230268988526085E-06   0.9454265850728198E-04   0.1071412487812576E-02
  0.6627500000000001E+02   0.9619176724997871E+00   0.9882648289910160E-03  -0.1922585355591155E-01   0.5038187601977917E-03   0.9209122787068374E-06   0.9427563121458384E-04   0.1068063500167842E-02
  0.6632500000000000E+02   0.9619704806577987E+00   0.9842257804650574E-03  -0.1919893331689193E-01   0.5017458758449005E-03   0.9178152350443926E-06   0.9400889912900549E-04   0.1063581540955538E-02
  0.6637499999999999E+02   0.9620235056668301E+00   0.9792102238227558E-03  -0.1917190352092679E-01   0.4991752516765552E-03   0.9138013008084348E-06   0.9374134539073967E-04   0.1058044958688301E-02
  0.6642500000000000E+02   0.9620769415391413E+00   0.9733414728449291E-03  -0.1914466524183489E-01   0.4961697399978517E-03   0.9089835623484507E-06   0.9347201784743039E-04   0.1051586911942905E-02
  0.6647499999999999E+02   0.9621309403396532E+00   0.9667816350374095E-03  -0.1911714093715844E-01   0.4928119734710704E-03   0.9035117176225212E-06   0.9320018538040034E-04   0.1044382513168129E-02
  0.6652500000000001E+02   0.9621856051691414E+00   0.9597172142875939E-03  -0.1908927802634819E-01   0.4891970251668698E-03   0.8975587455442213E-06   0.9292536946439053E-04   0.1036633267419153E-02
  0.6657500000000000E+02   0.9622409881666316E+00   0.9523441650885487E-03  -0.1906104990990543E-01   0.4854247886685917E-03   0.8913070005776081E-06   0.9264735029070261E-04   0.1028550915361720E-02
  0.6662499999999999E+02   0.9622970929975604E+00   0.9448541102294696E-03  -0.1903245470131332E-01   0.4815929511418132E-03   0.8849353338690516E-06   0.9236615060600032E-04   0.1020342532233157E-02
  0.6667500000000000E+02   0.9623538807812678E+00   0.9374229301264848E-03  -0.1900351220522956E-01   0.4777911754983768E-03   0.8786083796374968E-06   0.9208200287221935E-04   0.1012198190190333E-02
  0.6672499999999999E+02   0.9624112782088804E+00   0.9302023407762729E-03  -0.1897425977874456E-01   0.4740968063521350E-03   0.8724685976240681E-06   0.9179530621705227E-04   0.1004281852192500E-02
  0.6677499999999999E+02   0.9624691866674485E+00   0.9233145509566664E-03  -0.1894474767952381E-01   0.4705721460502676E-03   0.8666311715490404E-06   0.9150657917705315E-04   0.9967255960694670E-03
  0.6682500000000000E+02   0.9625274914208228E+00   0.9168497174416386E-03  -0.1891503438505338E-01   0.4672631574101000E-03   0.8611815144963091E-06   0.9121641295159776E-04   0.9896268648571171E-03
  0.6687499999999999E+02   0.9625860701957824E+00   0.9108657222129998E-03  -0.1888518221524182E-01   0.4641993504234435E-03   0.8561749472884495E-06   0.9092542832780561E-04   0.9830482284075347E-03
  0.6692500000000000E+02   0.9626448007994787E+00   0.9053897512171477E-03  -0.1885525344909278E-01   0.4613945874958477E-03   0.8516380713480352E-06   0.9063423801980937E-04   0.9770190929019422E-03
  0.6697500000000001E+02   0.9627035676024883E+00   0.9004212089783823E-03  -0.1882530701994856E-01   0.4588485696892557E-03   0.8475714061506952E-06   0.9034341512289794E-04   0.9715388539336794E-03
  0.6702499999999999E+02   0.9627622668451710E+00   0.8959356027384434E-03  -0.1879539581084644E-01   0.4565488170934671E-03   0.8439529523967571E-06   0.9005346777817676E-04   0.9665810962433319E-03
  0.6707500000000000E+02   0.9628208107725683E+00   0.8918891286280126E-03  -0.1876556454724732E-01   0.4544730068592043E-03   0.8407424332167692E-06   0.8976481992003179E-04   0.9620985501797554E-03
  0.6712500000000000E+02   0.9628791305981762E+00   0.8882237607130397E-03  -0.1873584828686270E-01   0.4525915672973157E-03   0.8378860287789871E-06   0.8947779801240088E-04   0.9580285890988227E-03
  0.6717500000000000E+02   0.9629371782690461E+00   0.8848726678408903E-03  -0.1870627152049997E-01   0.4508704387686179E-03   0.8353214413711492E-06   0.8919262382058386E-04   0.9542990783015891E-03
  0.6722499999999999E+02   0.9629949269826755E+00   0.8817657643342765E-03  -0.1867684790905144E-01   0.4492739025138963E-03   0.8329831092913383E-06   0.8890941337030286E-04   0.9508343661237759E-03
  0.6727499999999999E+02   0.9630523704130652E+00   0.8788351526992427E-03  -0.1864758067824135E-01   0.4477673542123794E-03   0.8308073415913407E-06   0.8862818220475487E-04   0.9475611564550530E-03
  0.6732500000000000E+02   0.9631095206518089E+00   0.8760201625100888E-03  -0.1861846366806119E-01   0.4463198715681701E-03   0.8287370933147594E-06   0.8834885680670989E-04   0.9444139439598855E-03
  0.6737500000000000E+02   0.9631664049593288E+00   0.8732716558388260E-03  -0.1858948298836705E-01   0.4449064080227677E-03   0.8267260672460109E-06   0.8807129161633979E-04   0.9413396569807071E-03
  0.6742500000000000E+02   0.9632230615365747E+00   0.8705552787933659E-03  -0.1856061917344776E-01   0.4435094493865726E-03   0.8247418350643339E-06   0.8779529052423677E-04   0.9383011630968263E-03
  0.6747499999999999E+02   0.9632795346429989E+00   0.8678534030949570E-03  -0.1853184966953925E-01   0.4421200029785737E-03   0.8227677300290565E-06   0.8752063118035480E-04   0.9352793617259202E-03
  0.6752500000000001E+02   0.9633358694729802E+00   0.8651656179872965E-03  -0.1850315144528814E-01   0.4407378481455559E-03   0.8208033722871294E-06   0.8724709007572261E-04   0.9322737135795121E-03
  0.6757500000000000E+02   0.9633921072357321E+00   0.8625077824066737E-03  -0.1847450349842950E-01   0.4393710532639707E-03   0.8188638291838426E-06   0.8697446623761033E-04   0.9293012180518623E-03
  0.6762500000000000E+02   0.9634482808518093E+00   0.8599098010575509E-03  -0.1844588904822331E-01   0.4380348426352818E-03   0.8169775590653562E-06   0.8670260157769010E-04   0.9263940152702901E-03
  0.6767500000000000E+02   0.9635044115879420E+00   0.8574124149505612E-03  -0.1841729724975760E-01   0.4367499613370451E-03   0.8151834086522520E-06   0.8643139641230114E-04   0.9235959262822660E-03
  0.6772499999999999E+02   0.9635605068209705E+00   0.8550633737115757E-03  -0.1838872433294969E-01   0.4355407251870250E-03   0.8135270087206098E-06   0.8616081933153581E-04   0.9209583275236285E-03
  0.6777500000000001E+02   0.9636165589788485E+00   0.8529133738463774E-03  -0.1836017414184044E-01   0.4344329515669109E-03   0.8120569309471825E-06   0.8589091129242750E-04   0.9185357738315496E-03
  0.6782499999999999E+02   0.9636725455789801E+00   0.8510121091259717E-03  -0.1833165811483417E-01   0.4334519474732750E-03   0.8108209346842387E-06   0.8562178442150083E-04   0.9163817432059099E-03
  0.6787500000000000E+02   0.9637284301908395E+00   0.8494047023259517E-03  -0.1830319479408371E-01   0.4326206919598686E-03   0.8098625609866166E-06   0.8535361644431239E-04   0.9145447935172845E-03
  0.6792500000000000E+02   0.9637841640990799E+00   0.8481286924178360E-03  -0.1827480897806522E-01   0.4319583016582113E-03   0.8092182419110217E-06   0.8508664188010864E-04   0.9130653187378697E-03
  0.6797499999999999E+02   0.9638396884331111E+00   0.8472116572300714E-03  -0.1824653063659443E-01   0.4314788201254972E-03   0.8089150042143782E-06   0.8482114116377780E-04   0.9119729908007208E-03
  0.6802500000000001E+02   0.9638949365503410E+00   0.8466694722920073E-03  -0.1821839369672296E-01   0.4311903313609580E-03   0.8089687712171496E-06   0.8455742873269001E-04   0.9112848876677676E-03
  0.6807500000000000E+02   0.9639498365012557E+00   0.8465051489014279E-03  -0.1819043478706617E-01   0.4310943684470209E-03   0.8093832114311182E-06   0.8429584090144425E-04   0.9110042460001549E-03
  0.6812499999999999E+02   0.9640043134544878E+00   0.8467081593916993E-03  -0.1816269200264964E-01   0.4311855704071414E-03   0.8101490486653963E-06   0.8403672409576155E-04   0.9111197390259356E-03
  0.6817500000000000E+02   0.9640582920111673E+00   0.8472541424727695E-03  -0.1813520372630106E-01   0.4314515326795533E-03   0.8112437333427438E-06   0.8378042376515863E-04   0.9116051639322621E-03
  0.6822500000000001E+02   0.9641116983857148E+00   0.8481048825834075E-03  -0.1810800751822628E-01   0.4318727971494026E-03   0.8126313751780670E-06   0.8352727406326420E-04   0.9124194242686588E-03
  0.6827500000000001E+02   0.9641644624728829E+00   0.8492084713796826E-03  -0.1808113906368125E-01   0.4324229349102793E-03   0.8142628503861459E-06   0.8327758818322426E-04   0.9135067081447147E-03
  0.6832499999999999E+02   0.9642165198572696E+00   0.8504995854568295E-03  -0.1805463115010397E-01   0.4330686881557258E-03   0.8160760209988465E-06   0.8303164906777170E-04   0.9147967909811229E-03
  0.6837499999999999E+02   0.9642678138499177E+00   0.8518998523801869E-03  -0.1802851263060257E-01   0.4337701569433246E-03   0.8179960399762545E-06   0.8278970008705729E-04   0.9162054324533042E-03
  0.6842500000000000E+02   0.9643182976530938E+00   0.8533183277303024E-03  -0.1800280732230708E-01   0.4344810423558792E-03   0.8199357642934990E-06   0.8255193521016844E-04   0.9176348917387135E-03
  0.6847500000000001E+02   0.9643679367522890E+00   0.8546521683047313E-03  -0.1797753278912606E-01   0.4351489893770465E-03   0.8217963583542452E-06   0.8231848821828081E-04   0.9189746523377056E-03
  0.6852499999999999E+02   0.9644167116052687E+00   0.8557876562387302E-03  -0.1795269897331542E-01   0.4357161082485763E-03   0.8234682375569510E-06   0.8208942065741974E-04   0.9201025226201037E-03
  0.6857499999999999E+02   0.9644646206330862E+00   0.8566017951061979E-03  -0.1792830667330869E-01   0.4361197868378255E-03   0.8248325665620448E-06   0.8186470854377939E-04   0.9208863495814667E-03
  0.6862500000000000E+02   0.9645116834125053E+00   0.8569647446050093E-03  -0.1790434591894341E-01   0.4362939297429577E-03   0.8257635719573134E-06   0.8164422833282417E-04   0.9211866323518941E-03
  0.6867500000000000E+02   0.9645579438270204E+00   0.8567433618879233E-03  -0.1788079436763235E-01   0.4361707606238505E-03   0.8261319319567882E-06   0.8142774332218431E-04   0.9208603237252748E-03
  0.6872500000000001E+02   0.9646034727719122E+00   0.8558060499650062E-03  -0.1785761592738433E-01   0.4356832898384168E-03   0.8258094420554146E-06   0.8121489239208266E-04   0.9197660354909569E-03
  0.6877500000000001E+02   0.9646483698612205E+00   0.8540289581706177E-03  -0.1783475988770444E-01   0.4347684703609408E-03   0.8246750066440332E-06   0.8100518363547662E-04   0.9177706965233010E-03
  0.6882499999999999E+02   0.9646927634995613E+00   0.8513033350241498E-03  -0.1781216088268867E-01   0.4333709404248036E-03   0.8226217704526748E-06   0.8079799576951812E-04   0.9147574498209466E-03
  0.6887500000000000E+02   0.9647368087128068E+00   0.8475435266643320E-03  -0.1778973999484079E-01   0.4314470949732699E-03   0.8195649055551226E-06   0.8059259000927638E-04   0.9106342446532080E-03
  0.6892500000000000E+02   0.9647806823197680E+00   0.8426948046148623E-03  -0.1776740721241010E-01   0.4289690704638922E-03   0.8154492673501104E-06   0.8038813414826589E-04   0.9053422473049683E-03
  0.6897499999999999E+02   0.9648245753783286E+00   0.8367399818047854E-03  -0.1774506527425068E-01   0.4259281130709756E-03   0.8102559105322992E-06   0.8018373891956646E-04   0.8988629519364851E-03
  0.6902500000000001E+02   0.9648686833077288E+00   0.8297037264744020E-03  -0.1772261469782355E-01   0.4223367751763732E-03   0.8040064023334766E-06   0.7997850453990321E-04   0.8912228195936820E-03
  0.6907499999999999E+02   0.9649131945739379E+00   0.8216536704510379E-03  -0.1769995953892178E-01   0.4182294801012962E-03   0.7967640452927401E-06   0.7977157314255088E-04   0.8824944736902456E-03
  0.6912500000000000E+02   0.9649582791967350E+00   0.8126978284114905E-03  -0.1767701324242099E-01   0.4136612088728668E-03   0.7886315244201136E-06   0.7956218118504656E-04   0.8727939314372333E-03
  0.6917500000000000E+02   0.9650040784778461E+00   0.8029784181055495E-03  -0.1765370387164611E-01   0.4087043547017313E-03   0.7797450477689905E-06   0.7934970539851053E-04   0.8622739668309009E-03
  0.6922499999999999E+02   0.9650506972023589E+00   0.7926627590379486E-03  -0.1762997807878286E-01   0.4034440899813602E-03   0.7702656210514601E-06   0.7913369665803037E-04   0.8511143325084085E-03
  0.6927500000000001E+02   0.9650981991611993E+00   0.7819323774940817E-03  -0.1760580338462669E-01   0.3979728199678197E-03   0.7603685389280694E-06   0.7891389812286377E-04   0.8395100523329529E-03
  0.6932499999999999E+02   0.9651466062899001E+00   0.7709716505459644E-03  -0.1758116861726500E-01   0.3923844016003017E-03   0.7502323813604140E-06   0.7869024659238312E-04   0.8276592171681342E-03
  0.6937500000000000E+02   0.9651959011644479E+00   0.7599572519837674E-03  -0.1755608264159447E-01   0.3867687704897904E-03   0.7400287431037431E-06   0.7846285856722183E-04   0.8157516417922705E-03
  0.6942500000000000E+02   0.9652460321683349E+00   0.7490493721203245E-03  -0.1753057172883443E-01   0.3812074709736331E-03   0.7299136478807594E-06   0.7823200440816604E-04   0.8039594282827408E-03
  0.6947499999999999E+02   0.9652969204190559E+00   0.7383852764997536E-03  -0.1750467603024586E-01   0.3757703769603307E-03   0.7200212072682831E-06   0.7799807493498765E-04   0.7924300437377194E-03
  0.6952499999999999E+02   0.9653484675215742E+00   0.7280753598457248E-03  -0.1747844562983569E-01   0.3705136831896021E-03   0.7104596884724527E-06   0.7776154480896867E-04   0.7812820806590645E-03
  0.6957500000000000E+02   0.9654005633516471E+00   0.7182015275417168E-03  -0.1745193658192667E-01   0.3654790815236296E-03   0.7013098394141065E-06   0.7752293634263751E-04   0.7706035197075674E-03
  0.6962500000000000E+02   0.9654530932893906E+00   0.7088175390677829E-03  -0.1742520722872898E-01   0.3606939361168739E-03   0.6926251251025526E-06   0.7728278632857717E-04   0.7604521015840623E-03
  0.6967500000000000E+02   0.9655059445519306E+00   0.6999508749575300E-03  -0.1739831497671906E-01   0.3561722341952558E-03   0.6844334558977289E-06   0.7704161740428228E-04   0.7508573362829139E-03
  0.6972500000000001E+02   0.9655590114623446E+00   0.6916057110462773E-03  -0.1737131361470712E-01   0.3519161004704760E-03   0.6767400075180377E-06   0.7679991460059718E-04   0.7418237017423551E-03
  0.6977499999999999E+02   0.9656121996151109E+00   0.6837666589113245E-03  -0.1734425119381822E-01   0.3479177014646409E-03   0.6695308039195731E-06   0.7655810716430335E-04   0.7333346646729726E-03
  0.6982500000000000E+02   0.9656654289539794E+00   0.6764030183895567E-03  -0.1731716846122944E-01   0.3441614103150585E-03   0.6627768175574568E-06   0.7631655550120953E-04   0.7253572499301950E-03
  0.6987499999999999E+02   0.9657186357814465E+00   0.6694733551014907E-03  -0.1729009783781477E-01   0.3406261367818199E-03   0.6564384059296724E-06   0.7607554307975701E-04   0.7178469570309526E-03
  0.6992500000000000E+02   0.9657717736948096E+00   0.6629302445279131E-03  -0.1726306294215729E-01   0.3372877417799214E-03   0.6504699304075981E-06   0.7583527324912439E-04   0.7107528534275236E-03
  0.6997500000000001E+02   0.9658248134203578E+00   0.6567250106623934E-03  -0.1723607867530041E-01   0.3341214489117449E-03   0.6448243892553299E-06   0.7559587103087942E-04   0.7040226599422272E-03
  0.7002499999999999E+02   0.9658777415200172E+00   0.6508122423337643E-03  -0.1720915187921579E-01   0.3311041426455062E-03   0.6394578516826093E-06   0.7535738992668333E-04   0.6976075958410138E-03
  0.7007499999999999E+02   0.9659305579897142E+00   0.6451538165991513E-03  -0.1718228255910570E-01   0.3282164154910802E-03   0.6343334258080885E-06   0.7511982357847194E-04   0.6914666936607476E-03
  0.7012500000000000E+02   0.9659832728569954E+00   0.6397221250107421E-03  -0.1715546561476522E-01   0.3254442094501170E-03   0.6294244588682581E-06   0.7488312172235970E-04   0.6855702580465300E-03
  0.7017500000000000E+02   0.9660359020009859E+00   0.6345022112521836E-03  -0.1712869296746078E-01   0.3227799034890219E-03   0.6247166788258732E-06   0.7464720936996634E-04   0.6799021565802495E-03
  0.7022500000000001E+02   0.9660884625305129E+00   0.6294926010926251E-03  -0.1710195591144181E-01   0.3202227356532965E-03   0.6202090563060666E-06   0.7441200766789332E-04   0.6744607083233769E-03
  0.7027499999999999E+02   0.9661409681315172E+00   0.6247047313603891E-03  -0.1707524748091727E-01   0.3177785124239513E-03   0.6159132885688828E-06   0.7417745458092628E-04   0.6692580706286270E-03
  0.7032499999999999E+02   0.9661934248066222E+00   0.6201610371415998E-03  -0.1704856461736992E-01   0.3154586355022677E-03   0.6118519571861858E-06   0.7394352352813110E-04   0.6643181882327816E-03
  0.7037500000000000E+02   0.9662458273715494E+00   0.6158918974100275E-03  -0.1702190995170294E-01   0.3132785479378114E-03   0.6080555506449990E-06   0.7371023839407259E-04   0.6596735197287931E-03
  0.7042500000000000E+02   0.9662981569621603E+00   0.6119317329794590E-03  -0.1699529307215331E-01   0.3112557491672191E-03   0.6045586367803737E-06   0.7347768385589964E-04   0.6553608568510566E-03
  0.7047499999999999E+02   0.9663503796773616E+00   0.6083145774155019E-03  -0.1696873121431752E-01   0.3094075421257657E-03   0.6013954980145051E-06   0.7324601055076211E-04   0.6514165805712156E-03
  0.7052499999999999E+02   0.9664024463770770E+00   0.6050694052849764E-03  -0.1694224936359268E-01   0.3077486571329454E-03   0.5985955082711485E-06   0.7301543507900470E-04   0.6478716590184455E-03
  0.7057499999999999E+02   0.9664542936022172E+00   0.6022154288859541E-03  -0.1691587978694165E-01   0.3062888599784519E-03   0.5961784594768082E-06   0.7278623506289832E-04   0.6447466136015596E-03
  0.7062500000000000E+02   0.9665058455973159E+00   0.5997575041712944E-03  -0.1688966100391742E-01   0.3050306157820217E-03   0.5941499769096349E-06   0.7255873941143034E-04   0.6420466040374666E-03
  0.7067500000000001E+02   0.9665570174853515E+00   0.5976817615210210E-03  -0.1686363617186448E-01   0.3039668674209996E-03   0.5924971385363639E-06   0.7233331363462439E-04   0.6397567558664418E-03
  0.7072499999999999E+02   0.9666077197345943E+00   0.5959516323160716E-03  -0.1683785081428013E-01   0.3030790154043532E-03   0.5911844689084372E-06   0.7211033966014087E-04   0.6378379129048746E-03
  0.7077499999999999E+02   0.9666578641151506E+00   0.5945045956287276E-03  -0.1681234979188106E-01   0.3023352640276168E-03   0.5901506313145291E-06   0.7189018936931575E-04   0.6362231609007593E-03
  0.7082500000000000E+02   0.9667073712986539E+00   0.5932502097402695E-03  -0.1678717343838454E-01   0.3016896208600733E-03   0.5893063824377653E-06   0.7167319129061725E-04   0.6348157256177186E-03
  0.7087500000000000E+02   0.9667561800344552E+00   0.5920702658626833E-03  -0.1676235289488082E-01   0.3010819752507830E-03   0.5885346279275732E-06   0.7145959087664413E-04   0.6334891401287824E-03
  0.7092500000000000E+02   0.9668042573880996E+00   0.5908220937035731E-03  -0.1673790490421090E-01   0.3004397793072738E-03   0.5876936132357885E-06   0.7124950675128710E-04   0.6320907817897964E-03
  0.7097499999999999E+02   0.9668516088704465E+00   0.5893459916541542E-03  -0.1671382666100540E-01   0.2996818259189398E-03   0.5866242333056179E-06   0.7104288814231043E-04   0.6304498187993319E-03
  0.7102499999999999E+02   0.9668982865627938E+00   0.5874772665268789E-03  -0.1669009168063229E-01   0.2987243703925300E-03   0.5851619643494655E-06   0.7083948175748412E-04   0.6283900849475128E-03
  0.7107500000000000E+02   0.9669443928548492E+00   0.5850623561850941E-03  -0.1666664789871519E-01   0.2974893279755408E-03   0.5831529155326655E-06   0.7063881830738443E-04   0.6257473198431218E-03
  0.7112500000000000E+02   0.9669900775516104E+00   0.5819771090340331E-03  -0.1664341914214551E-01   0.2959135680600884E-03   0.5804720997617523E-06   0.7044022804738401E-04   0.6223887157481805E-03
  0.7117500000000000E+02   0.9670355271638571E+00   0.5781439570515723E-03  -0.1662031057431601E-01   0.2939576458962771E-03   0.5770406772006258E-06   0.7024288991839516E-04   0.6182312819884874E-03
  0.7122499999999999E+02   0.9670809470985801E+00   0.5735441073018090E-03  -0.1659721775045830E-01   0.2916120015390958E-03   0.5728382957039639E-06   0.7004591054930902E-04   0.6132548831865439E-03
  0.7127499999999999E+02   0.9671265396207622E+00   0.5682215317810589E-03  -0.1657403782318823E-01   0.2888989886555880E-03   0.5679072850293914E-06   0.6984842017997487E-04   0.6075065071654015E-03
  0.7132500000000000E+02   0.9671724819482224E+00   0.5622774662880154E-03  -0.1655068068053267E-01   0.2858700775130452E-03   0.5623473747590886E-06   0.6964966644159219E-04   0.6010943827260034E-03
  0.7137500000000000E+02   0.9672189089210063E+00   0.5558566600442309E-03  -0.1652707775804840E-01   0.2825988634120627E-03   0.5563021320040800E-06   0.6944908700353992E-04   0.5941732743441329E-03
  0.7142500000000000E+02   0.9672659032719989E+00   0.5491287016122796E-03  -0.1650318698596431E-01   0.2791715714509605E-03   0.5499404092805015E-06   0.6924634855362550E-04   0.5869245100048781E-03
  0.7147499999999999E+02   0.9673134942698856E+00   0.5422685689107752E-03  -0.1647899347915005E-01   0.2756771666875828E-03   0.5434369359499710E-06   0.6904134946303299E-04   0.5795351785416886E-03
  0.7152499999999999E+02   0.9673616633875773E+00   0.5354399722592154E-03  -0.1645450665472015E-01   0.2721988844857864E-03   0.5369556293718203E-06   0.6883419254706451E-04   0.5721803142318865E-03
  0.7157500000000000E+02   0.9674103544038465E+00   0.5287835832354525E-03  -0.1642975509538758E-01   0.2688082452548849E-03   0.5306377402639853E-06   0.6862513947350473E-04   0.5650103076479413E-03
  0.7162500000000000E+02   0.9674594851581071E+00   0.5224106139660796E-03  -0.1640478057222572E-01   0.2655617898742951E-03   0.5245953230301553E-06   0.6841455891529848E-04   0.5581440400698849E-03
  0.7167500000000000E+02   0.9675089587650405E+00   0.5164009987075040E-03  -0.1637963234214590E-01   0.2625001553887763E-03   0.5189093053138080E-06   0.6820287780946801E-04   0.5516669412631317E-03
  0.7172499999999999E+02   0.9675586729989025E+00   0.5108048413398624E-03  -0.1635436237616150E-01   0.2596488114224739E-03   0.5136308350972734E-06   0.6799054108474726E-04   0.5456325409958869E-03
  0.7177500000000001E+02   0.9676085273996595E+00   0.5056457435276144E-03  -0.1632902174618733E-01   0.2570197528980796E-03   0.5087845269516785E-06   0.6777798157228616E-04   0.5400660322892932E-03
  0.7182499999999999E+02   0.9676584282419711E+00   0.5009249045578934E-03  -0.1630365809867473E-01   0.2546135851179882E-03   0.5043724995353485E-06   0.6756559931384652E-04   0.5349686598682713E-03
  0.7187500000000000E+02   0.9677082918113116E+00   0.4966252783886655E-03  -0.1627831398916757E-01   0.2524216378732942E-03   0.5003784878864072E-06   0.6735374823442386E-04   0.5303221692796724E-03
  0.7192500000000001E+02   0.9677580465044145E+00   0.4927154477929580E-03  -0.1625302581478538E-01   0.2504279355985049E-03   0.4967716876466672E-06   0.6714272788871634E-04   0.5260929525516792E-03
  0.7197499999999999E+02   0.9678076341928893E+00   0.4891531612559758E-03  -0.1622782312147264E-01   0.2486109958954321E-03   0.4935102748873546E-06   0.6693277836944196E-04   0.5222358318990291E-03
  0.7202499999999999E+02   0.9678570111292941E+00   0.4858886531718201E-03  -0.1620272814396218E-01   0.2469455176751709E-03   0.4905447215477566E-06   0.6672407717352305E-04   0.5186976100167886E-03
  0.7207499999999999E+02   0.9679061484877483E+00   0.4828679317707738E-03  -0.1617775553157097E-01   0.2454040526557077E-03   0.4878210917554035E-06   0.6651673762936179E-04   0.5154205838752204E-03
  0.7212500000000000E+02   0.9679550324594097E+00   0.4800361814413504E-03  -0.1615291230025284E-01   0.2439587347682677E-03   0.4852844671687002E-06   0.6631080921279994E-04   0.5123461786950146E-03
  0.7217500000000001E+02   0.9680036637060246E+00   0.4773413049564733E-03  -0.1612819811086386E-01   0.2425830804582103E-03   0.4828825277503717E-06   0.6610628055907859E-04   0.5094187295120574E-03
  0.7222499999999999E+02   0.9680520559470084E+00   0.4747374598273543E-03  -0.1610360598770488E-01   0.2412537858236229E-03   0.4805691411374009E-06   0.6590308607366551E-04   0.5065892549793988E-03
  0.7227499999999999E+02   0.9681002335368827E+00   0.4721882735860068E-03  -0.1607912355006003E-01   0.2399523604426899E-03   0.4783076413450088E-06   0.6570111668279987E-04   0.5038188873123847E-03
  0.7232500000000000E+02   0.9681482280698217E+00   0.4696693185035539E-03  -0.1605473473802166E-01   0.2386663847498179E-03   0.4760733700728982E-06   0.6550023450011829E-04   0.5010815110696011E-03
  0.7237500000000000E+02   0.9681960742769828E+00   0.4671694401148869E-03  -0.1603042189756565E-01   0.2373901848753362E-03   0.4738550656127977E-06   0.6530029023481601E-04   0.4983651783371467E-03
  0.7242500000000001E+02   0.9682438056816232E+00   0.4646906814522133E-03  -0.1600616798856846E-01   0.2361247938426177E-03   0.4716548318520078E-06   0.6510114136056172E-04   0.4956720253618902E-03
  0.7247499999999999E+02   0.9682914505695712E+00   0.4622467883699193E-03  -0.1598195863243113E-01   0.2348771917471645E-03   0.4694866657416501E-06   0.6490266871884234E-04   0.4930166754801874E-03
  0.7252499999999999E+02   0.9683390287794401E+00   0.4598605403727710E-03  -0.1595778374302226E-01   0.2336589491668113E-03   0.4673737847976627E-06   0.6470478949553656E-04   0.4904233895134271E-03
  0.7257500000000000E+02   0.9683865496377960E+00   0.4575603381628245E-03  -0.1593363857571295E-01   0.2324844929668032E-03   0.4653451875560867E-06   0.6450746528859118E-04   0.4879224240057641E-03
  0.7262500000000000E+02   0.9684340111277442E+00   0.4553765388391619E-03  -0.1590952414959768E-01   0.2313692439943837E-03   0.4634319430746783E-06   0.6431070498356945E-04   0.4855461212603496E-03
  0.7267500000000000E+02   0.9684814001679075E+00   0.4533379617243108E-03  -0.1588544710545903E-01   0.2303278416069166E-03   0.4616636390728739E-06   0.6411456302675895E-04   0.4833251824900725E-03
  0.7272499999999999E+02   0.9685286937530631E+00   0.4514688381757618E-03  -0.1586141912591910E-01   0.2293725939363039E-03   0.4600652681532501E-06   0.6391913418780553E-04   0.4812854156683477E-03
  0.7277499999999999E+02   0.9685758606867347E+00   0.4497863129366058E-03  -0.1583745605486275E-01   0.2285122085288786E-03   0.4586546639516700E-06   0.6372454596672543E-04   0.4794450726987815E-03
  0.7282500000000000E+02   0.9686228637003277E+00   0.4482984794674725E-03  -0.1581357682055384E-01   0.2277507944171947E-03   0.4574404719592881E-06   0.6353094951414072E-04   0.4778127569916000E-03
  0.7287500000000000E+02   0.9686696618614596E+00   0.4470028800031445E-03  -0.1578980221194071E-01   0.2270871004017998E-03   0.4564205868442964E-06   0.6333850947598750E-04   0.4763858273182186E-03
  0.7292499999999998E+02   0.9687162132792758E+00   0.4458854296324534E-03  -0.1576615350423261E-01   0.2265139688194877E-03   0.4555810168729610E-06   0.6314739273954288E-04   0.4751492541782823E-03
  0.7297499999999999E+02   0.9687624781747920E+00   0.4449198186547091E-03  -0.1574265089919547E-01   0.2260180323068849E-03   0.4548952328757397E-06   0.6295775581660071E-04   0.4740749860541665E-03
  0.7302499999999999E+02   0.9688084223664122E+00   0.4440675785484061E-03  -0.1571931175470342E-01   0.2255797476531096E-03   0.4543241936116474E-06   0.6276973068357079E-04   0.4731220225611358E-03
  0.7307500000000000E+02   0.9688540211041147E+00   0.4432791177528220E-03  -0.1569614863731739E-01   0.2251739222289646E-03   0.4538173641554965E-06   0.6258340938333755E-04   0.4722375202420813E-03
  0.7312500000000000E+02   0.9688992629723907E+00   0.4424960818795566E-03  -0.1567316734005764E-01   0.2247709130735577E-03   0.4533150952476833E-06   0.6239882856237584E-04   0.4713593083283178E-03
  0.7317499999999998E+02   0.9689441533129208E+00   0.4416553001290291E-03  -0.1565036514420215E-01   0.2243386315644488E-03   0.4527526383666412E-06   0.6221595619186603E-04   0.4704200929350804E-03
  0.7322499999999999E+02   0.9689887163863808E+00   0.4406942978585478E-03  -0.1562772972156579E-01   0.2238453434562391E-03   0.4520657836704364E-06   0.6203468361922793E-04   0.4693533280893490E-03
  0.7327500000000001E+02   0.9690329954335125E+00   0.4395579022671676E-03  -0.1560523910379819E-01   0.2232630240062382E-03   0.4511976428947702E-06   0.6185482627330620E-04   0.4681002497170895E-03
  0.7332500000000000E+02   0.9690770500326683E+00   0.4382049652037474E-03  -0.1558286302481660E-01   0.2225707724624842E-03   0.4501055800599649E-06   0.6167613531802408E-04   0.4666170332888776E-03
  0.7337500000000000E+02   0.9691209507108551E+00   0.4366138874481899E-03  -0.1556056565815278E-01   0.2217576176944246E-03   0.4487669382956727E-06   0.6149832023897509E-04   0.4648806743246647E-03
  0.7342500000000000E+02   0.9691647715077020E+00   0.4347856683139254E-03  -0.1553830939392553E-01   0.2208240668289762E-03   0.4471822443883658E-06   0.6132107935233204E-04   0.4628922331914888E-03
  0.7347499999999999E+02   0.9692085818316339E+00   0.4327437036289030E-03  -0.1551605897517938E-01   0.2197820023241968E-03   0.4453750793498597E-06   0.6114413270995095E-04   0.4606766173201982E-03
  0.7352500000000001E+02   0.9692524391920863E+00   0.4305303694089225E-03  -0.1549378518914502E-01   0.2186529464883250E-03   0.4433886376086424E-06   0.6096725100186492E-04   0.4582789410398610E-03
  0.7357499999999999E+02   0.9692963841169978E+00   0.4282012371178400E-03  -0.1547146744846561E-01   0.2174651231326433E-03   0.4412798309879806E-06   0.6079027528279543E-04   0.4557583641568636E-03
  0.7362500000000000E+02   0.9693404378985589E+00   0.4258182485262060E-03  -0.1544909493585989E-01   0.2162499909024335E-03   0.4391122955737429E-06   0.6061312511217979E-04   0.4531808236264922E-03
  0.7367500000000000E+02   0.9693846030500052E+00   0.4234431905025657E-03  -0.1542666637180035E-01   0.2150389290669479E-03   0.4369496796890436E-06   0.6043579577318408E-04   0.4506120856001160E-03
  0.7372499999999999E+02   0.9694288657917748E+00   0.4211324379922327E-03  -0.1540418875148719E-01   0.2138605675450809E-03   0.4348502143942298E-06   0.6025834746645428E-04   0.4481121487625786E-03
  0.7377499999999999E+02   0.9694731996573861E+00   0.4189334000655162E-03  -0.1538167551316594E-01   0.2127389820232408E-03   0.4328630221108637E-06   0.6008089022114224E-04   0.4457314618162900E-03
  0.7382500000000000E+02   0.9695175693874118E+00   0.4168826282404248E-03  -0.1535914456019793E-01   0.2116927334150781E-03   0.4310261294708051E-06   0.5990356788361877E-04   0.4435089114206191E-03
  0.7387500000000000E+02   0.9695619345340570E+00   0.4150052506095532E-03  -0.1533661643020334E-01   0.2107345807381371E-03   0.4293658442860261E-06   0.5972654347555973E-04   0.4414712220764440E-03
  0.7392500000000000E+02   0.9696062524906459E+00   0.4133152945877698E-03  -0.1531411275638084E-01   0.2098716453349109E-03   0.4278970503668343E-06   0.5954998701953626E-04   0.4396333022536518E-03
  0.7397499999999999E+02   0.9696504808974291E+00   0.4118165041836514E-03  -0.1529165504568020E-01   0.2091058262549585E-03   0.4266240161252385E-06   0.5937406597778316E-04   0.4379991169812739E-03
  0.7402499999999999E+02   0.9696945795205041E+00   0.4105033755355829E-03  -0.1526926372466042E-01   0.2084343264679018E-03   0.4255414328885271E-06   0.5919893787789615E-04   0.4365627926109187E-03
  0.7407500000000000E+02   0.9697385117561671E+00   0.4093622697844339E-03  -0.1524695737566761E-01   0.2078502183113331E-03   0.4246355377231878E-06   0.5902474449175509E-04   0.4353098035496606E-03
  0.7412500000000000E+02   0.9697822458985371E+00   0.4083725783102490E-03  -0.1522475209331575E-01   0.2073430354684066E-03   0.4238852951737610E-06   0.5885160700498138E-04   0.4342182141922969E-03
  0.7417500000000000E+02   0.9698257562481273E+00   0.4075079918857387E-03  -0.1520266092180345E-01   0.2068994176340789E-03   0.4232636916873140E-06   0.5867962186256187E-04   0.4332600307350502E-03
  0.7422499999999999E+02   0.9698690240570588E+00   0.4067379529449630E-03  -0.1518069337522732E-01   0.2065038480708496E-03   0.4227392255283190E-06   0.5850885730467616E-04   0.4324027469932311E-03
  0.7427499999999999E+02   0.9699120382265021E+00   0.4060293468456093E-03  -0.1515885508372439E-01   0.2061395124185876E-03   0.4222776511855651E-06   0.5833935092070360E-04   0.4316111435829300E-03
  0.7432500000000000E+02   0.9699547956178013E+00   0.4053484199415461E-03  -0.1513714763576046E-01   0.2057892725715443E-03   0.4218439667591523E-06   0.5817110875472463E-04   0.4308493275035671E-03
  0.7437500000000000E+02   0.9699973008321892E+00   0.4046628169026142E-03  -0.1511556869020048E-01   0.2054367010170180E-03   0.4214045334280414E-06   0.5800410651022942E-04   0.4300828978131797E-03
  0.7442500000000000E+02   0.9700395653670997E+00   0.4039435362117439E-03  -0.1509411240484293E-01   0.2050670735647911E-03   0.4209291180669058E-06   0.5783829318239292E-04   0.4292810237547897E-03
  0.7447499999999999E+02   0.9700816061640161E+00   0.4031665464157521E-03  -0.1507277017381425E-01   0.2046681897945397E-03   0.4203925902060680E-06   0.5767359702108971E-04   0.4284181618603307E-03
  0.7452500000000001E+02   0.9701234436962793E+00   0.4023138155183157E-03  -0.1505153159846073E-01   0.2042308955367106E-03   0.4197760133396505E-06   0.5750993320799198E-04   0.4274751490450916E-03
  0.7457500000000000E+02   0.9701650998628527E+00   0.4013735905600687E-03  -0.1503038555669178E-01   0.2037492246839105E-03   0.4190669576040416E-06   0.5734721218402039E-04   0.4264394987109466E-03
  0.7462500000000000E+02   0.9702065960139027E+00   0.4003399049497315E-03  -0.1500932120535692E-01   0.2032201489660984E-03   0.4182590067575987E-06   0.5718534735002755E-04   0.4253048762097102E-03
  0.7467499999999998E+02   0.9702479514131519E+00   0.3992114463918301E-03  -0.1498832876085243E-01   0.2026430031481865E-03   0.4173505946107018E-06   0.5702426096780370E-04   0.4240698949946166E-03
  0.7472499999999999E+02   0.9702891823458885E+00   0.3979900418421326E-03  -0.1496739995193563E-01   0.2020187158388021E-03   0.4163434360809854E-06   0.5686388748173491E-04   0.4227365060446751E-03
  0.7477500000000001E+02   0.9703303019406091E+00   0.3966790747605977E-03  -0.1494652811025976E-01   0.2013490059578203E-03   0.4152408810625672E-06   0.5670417404006077E-04   0.4213083155810887E-03
  0.7482500000000000E+02   0.9703713206269816E+00   0.3952821348914752E-03  -0.1492570793789127E-01   0.2006356972650306E-03   0.4140465052864437E-06   0.5654507855909630E-04   0.4197891500282802E-03
  0.7487499999999999E+02   0.9704122470377664E+00   0.3938021248755839E-03  -0.1490493504947110E-01   0.1998802648023420E-03   0.4127631744228532E-06   0.5638656611081199E-04   0.4181821064359962E-03
  0.7492500000000000E+02   0.9704530890972637E+00   0.3922409362094194E-03  -0.1488420541970226E-01   0.1990836703499060E-03   0.4113927016582707E-06   0.5622860465062344E-04   0.4164892077746595E-03
  0.7497499999999999E+02   0.9704938550285078E+00   0.3905996857276918E-03  -0.1486351487208859E-01   0.1982464824033879E-03   0.4099360922466894E-06   0.5607116112414517E-04   0.4147116536144430E-03
  0.7502500000000001E+02   0.9705345540505438E+00   0.3888793946007308E-03  -0.1484285872498847E-01   0.1973692207607787E-03   0.4083942538132239E-06   0.5591419882349895E-04   0.4128505407517802E-03
  0.7507500000000000E+02   0.9705751966152019E+00   0.3870819111502007E-03  -0.1482223167140317E-01   0.1964528248576419E-03   0.4067689657383940E-06   0.5575767654938944E-04   0.4109078427048665E-03
  0.7512499999999999E+02   0.9706157941356971E+00   0.3852108387076589E-03  -0.1480162791668960E-01   0.1954991246550115E-03   0.4050638577063719E-06   0.5560154973170605E-04   0.4088873945063492E-03
  0.7517500000000000E+02   0.9706563582688794E+00   0.3832722376227619E-03  -0.1478104154280246E-01   0.1945111968931995E-03   0.4032851544754969E-06   0.5544577324024287E-04   0.4067956376609288E-03
  0.7522499999999999E+02   0.9706968999073166E+00   0.3812749259403556E-03  -0.1476046701979217E-01   0.1934935176560840E-03   0.4014420010007313E-06   0.5529030526188660E-04   0.4046419390278082E-03
  0.7527500000000001E+02   0.9707374280955386E+00   0.3792302948725899E-03  -0.1473989975577494E-01   0.1924518686885761E-03   0.3995462775893130E-06   0.5513511141010339E-04   0.4024383946799902E-03
  0.7532500000000000E+02   0.9707779490932793E+00   0.3771516611948937E-03  -0.1471933657228253E-01   0.1913930087102346E-03   0.3976119260694237E-06   0.5498016821497010E-04   0.4001991423324003E-03
  0.7537499999999999E+02   0.9708184657674923E+00   0.3750532726256767E-03  -0.1469877601274572E-01   0.1903241686374523E-03   0.3956539071730272E-06   0.5482546531295541E-04   0.3979393056212956E-03
  0.7542500000000000E+02   0.9708589774188089E+00   0.3729491421128338E-03  -0.1467821843049544E-01   0.1892524600028473E-03   0.3936869731731601E-06   0.5467100595607104E-04   0.3956737570174469E-03
  0.7547500000000001E+02   0.9708994800600752E+00   0.3708519029412316E-03  -0.1465766584734440E-01   0.1881842939693368E-03   0.3917244576803808E-06   0.5451680579971230E-04   0.3934159030724315E-03
  0.7552499999999999E+02   0.9709399670874277E+00   0.3687718531922042E-03  -0.1463712161297925E-01   0.1871248964624390E-03   0.3897772608444070E-06   0.5436289022068256E-04   0.3911766708209290E-03
  0.7557500000000000E+02   0.9709804302323159E+00   0.3667163099048992E-03  -0.1461658992180570E-01   0.1860779804867015E-03   0.3878531581719776E-06   0.5420929060887596E-04   0.3889638229765354E-03
  0.7562500000000000E+02   0.9710208606590173E+00   0.3646893373203626E-03  -0.1459607525599205E-01   0.1850456082844926E-03   0.3859565025947312E-06   0.5405604015853344E-04   0.3867816701266281E-03
  0.7567500000000000E+02   0.9710612500706549E+00   0.3626918624427453E-03  -0.1457558182423158E-01   0.1840282500377683E-03   0.3840883356046106E-06   0.5390316968227064E-04   0.3846311938403288E-03
  0.7572499999999999E+02   0.9711015916983858E+00   0.3607221499184837E-03  -0.1455511305981927E-01   0.1830250248892816E-03   0.3822468796482377E-06   0.5375070391907106E-04   0.3825105508555124E-03
  0.7577499999999999E+02   0.9711418810661530E+00   0.3587765755627738E-03  -0.1453467123263841E-01   0.1820340934832980E-03   0.3804283491722004E-06   0.5359865873369584E-04   0.3804158938712474E-03
  0.7582500000000000E+02   0.9711821164451704E+00   0.3568506098333533E-03  -0.1451425721859578E-01   0.1810531570077256E-03   0.3786279876376403E-06   0.5344703951715316E-04   0.3783424147789457E-03
  0.7587500000000000E+02   0.9712222989407455E+00   0.3549398971807251E-03  -0.1449387045561523E-01   0.1800800048523389E-03   0.3768412103995158E-06   0.5329584098635703E-04   0.3762854893087995E-03
  0.7592500000000000E+02   0.9712624321932367E+00   0.3530412974663750E-03  -0.1447350909540790E-01   0.1791130429900096E-03   0.3750647117509510E-06   0.5314504843090970E-04   0.3742417811950432E-03
  0.7597499999999999E+02   0.9713025217257090E+00   0.3511537494222471E-03  -0.1445317033448446E-01   0.1781517320396764E-03   0.3732973870874138E-06   0.5299464026402253E-04   0.3722101574272664E-03
  0.7602500000000001E+02   0.9713425740270574E+00   0.3492788325987853E-03  -0.1443285087935842E-01   0.1771968723340791E-03   0.3715409378997329E-06   0.5284459152679472E-04   0.3701922836709804E-03
  0.7607499999999999E+02   0.9713825955076794E+00   0.3474209479584155E-03  -0.1441254747638598E-01   0.1762506954957868E-03   0.3698000731514995E-06   0.5269487782071466E-04   0.3681928153148164E-03
  0.7612500000000000E+02   0.9714225914892097E+00   0.3455871030604261E-03  -0.1439225742429640E-01   0.1753167554047912E-03   0.3680822902313096E-06   0.5254547906116424E-04   0.3662191693591071E-03
  0.7617500000000000E+02   0.9714625653793145E+00   0.3437863601676033E-03  -0.1437197899280895E-01   0.1743996481635616E-03   0.3663972957425840E-06   0.5239638249413025E-04   0.3642809390826197E-03
  0.7622499999999999E+02   0.9715025181374738E+00   0.3420290640512128E-03  -0.1435171169360461E-01   0.1735046203138592E-03   0.3647561890497147E-06   0.5224758459496356E-04   0.3623890753476735E-03
  0.7627500000000001E+02   0.9715424480710578E+00   0.3403259940217189E-03  -0.1433145638371947E-01   0.1726371386333941E-03   0.3631705617594856E-06   0.5209909172099310E-04   0.3605549877761029E-03
  0.7632499999999999E+02   0.9715823509330187E+00   0.3386875760958479E-03  -0.1431121521592105E-01   0.1718024904635795E-03   0.3616516579122726E-06   0.5195091964295858E-04   0.3587897098511460E-03
  0.7637500000000000E+02   0.9716222202418604E+00   0.3371232532213953E-03  -0.1429099147632362E-01   0.1710054642425933E-03   0.3602096998125898E-06   0.5180309226462279E-04   0.3571032317007020E-03
  0.7642500000000000E+02   0.9716620477213259E+00   0.3356410592641099E-03  -0.1427078936128001E-01   0.1702501334248914E-03   0.3588534291344514E-06   0.5165563991991976E-04   0.3555040489554709E-03
  0.7647499999999999E+02   0.9717018237611517E+00   0.3342473920298788E-03  -0.1425061374359682E-01   0.1695397413835862E-03   0.3575898592299407E-06   0.5150859761583632E-04   0.3539989226254657E-03
  0.7652500000000001E+02   0.9717415378234385E+00   0.3329469430173305E-03  -0.1423046996634814E-01   0.1688766658297728E-03   0.3564241943106823E-06   0.5136200349782720E-04   0.3525928051258961E-03
  0.7657500000000000E+02   0.9717811787515179E+00   0.3317427209537885E-03  -0.1421036368616480E-01   0.1682624308134718E-03   0.3553598488243522E-06   0.5121589769151940E-04   0.3512888657288603E-03
  0.7662499999999999E+02   0.9718207349712658E+00   0.3306361009763213E-03  -0.1419030077108951E-01   0.1676977317401833E-03   0.3543984944365995E-06   0.5107032155085280E-04   0.3500885432397508E-03
  0.7667500000000000E+02   0.9718601946040837E+00   0.3296268375773911E-03  -0.1417028724325187E-01   0.1671824420140631E-03   0.3535400683658419E-06   0.5092531723538744E-04   0.3489915603490654E-03
  0.7672499999999999E+02   0.9718995455350716E+00   0.3287129935280436E-03  -0.1415032924428317E-01   0.1667155770697089E-03   0.3527826916041234E-06   0.5078092745188281E-04   0.3479958490565267E-03
  0.7677500000000001E+02   0.9719387754998443E+00   0.3278907574932199E-03  -0.1413043299129146E-01   0.1662952019546028E-03   0.3521224673114741E-06   0.5063719512513748E-04   0.3470973582862751E-03
  0.7682499999999999E+02   0.9719778722689536E+00   0.3271541511464974E-03  -0.1411060468334979E-01   0.1659182828726042E-03   0.3515531597084217E-06   0.5049416271026275E-04   0.3462897445557023E-03
  0.7687499999999999E+02   0.9720168240170052E+00   0.3264946650527204E-03  -0.1409085031433654E-01   0.1655805026035190E-03   0.3510657951497912E-06   0.5035187083386164E-04   0.3455639872614110E-03
  0.7692500000000000E+02   0.9720556199565075E+00   0.3259009130804422E-03  -0.1407117535154101E-01   0.1652760853181490E-03   0.3506482816046561E-06   0.5021035598294697E-04   0.3449080235618044E-03
  0.7697500000000001E+02   0.9720942512816286E+00   0.3253584535250429E-03  -0.1405158425713182E-01   0.1649977059296250E-03   0.3502852061548153E-06   0.5006964709297959E-04   0.3443065596205217E-03
  0.7702500000000001E+02   0.9721327123907337E+00   0.3248499757215267E-03  -0.1403207986827681E-01   0.1647365847755612E-03   0.3499580254506184E-06   0.4992976116744686E-04   0.3437412684706369E-03
  0.7707499999999999E+02   0.9721710022345027E+00   0.3243560626794030E-03  -0.1401266271360324E-01   0.1644828743805603E-03   0.3496458778336175E-06   0.4979069850330719E-04   0.3431915971518296E-03
  0.7712500000000000E+02   0.9722091254893599E+00   0.3238566725321890E-03  -0.1399333041826034E-01   0.1642264106943454E-03   0.3493271739380064E-06   0.4965243862012569E-04   0.3426363340744164E-03
  0.7717500000000000E+02   0.9722470931418885E+00   0.3233333063463354E-03  -0.1397407740767143E-01   0.1639578123343199E-03   0.3489819342304109E-06   0.4951493838358559E-04   0.3420559021620996E-03
  0.7722500000000001E+02   0.9722849220742460E+00   0.3227715676511190E-03  -0.1395489511785397E-01   0.1636697784173358E-03   0.3485945586130475E-06   0.4937813377056392E-04   0.3414350660058157E-03
  0.7727499999999999E+02   0.9723226334295194E+00   0.3221635641080037E-03  -0.1393577282437852E-01   0.1633583062995679E-03   0.3481564360697580E-06   0.4924194601436134E-04   0.3407654716571953E-03
  0.7732499999999999E+02   0.9723602498891858E+00   0.3215094969847295E-03  -0.1391669902292403E-01   0.1630234974399003E-03   0.3476676860102878E-06   0.4910629158341011E-04   0.3400473269998067E-03
  0.7737500000000000E+02   0.9723977923748548E+00   0.3208179338276635E-03  -0.1389766310170193E-01   0.1626696955392933E-03   0.3471374813577746E-06   0.4897109409203713E-04   0.3392896891342741E-03
  0.7742500000000000E+02   0.9724352768997000E+00   0.3201046340483053E-03  -0.1387865693791124E-01   0.1623048909246408E-03   0.3465828059315163E-06   0.4883629551275149E-04   0.3385092212307957E-03
  0.7747499999999999E+02   0.9724727122222181E+00   0.3193902222413671E-03  -0.1385967608730609E-01   0.1619395407005199E-03   0.3460259585377179E-06   0.4870186436781752E-04   0.3377277309514254E-03
  0.7752500000000001E+02   0.9725100986435077E+00   0.3186972703037249E-03  -0.1384072039388651E-01   0.1615850891911788E-03   0.3454914064770006E-06   0.4856779973068633E-04   0.3369690840996080E-03
  0.7757499999999999E+02   0.9725474279188318E+00   0.3180473519068920E-03  -0.1382179403457096E-01   0.1612524744427587E-03   0.3450025969856651E-06   0.4843413120637482E-04   0.3362560896845560E-03
  0.7762500000000000E+02   0.9725846840096855E+00   0.3174584243683813E-03  -0.1380290513769733E-01   0.1609508008197420E-03   0.3445791119104142E-06   0.4830091592295405E-04   0.3356077319665903E-03
  0.7767500000000000E+02   0.9726218443680524E+00   0.3169426221033087E-03  -0.1378406513172081E-01   0.1606862203791303E-03   0.3442342586596941E-06   0.4816823366691651E-04   0.3350368385084768E-03
  0.7772499999999999E+02   0.9726588815888850E+00   0.3165043570611552E-03  -0.1376528790728127E-01   0.1604609699802372E-03   0.3439729857429778E-06   0.4803618076051162E-04   0.3345480735526037E-03
  0.7777499999999999E+02   0.9726957654937116E+00   0.3161385984009746E-03  -0.1374658876078627E-01   0.1602724993385579E-03   0.3437899854212505E-06   0.4790486246443262E-04   0.3341361214720042E-03
  0.7782499999999999E+02   0.9727324659036773E+00   0.3158293676843220E-03  -0.1372798298858913E-01   0.1601127083790454E-03   0.3436680237446962E-06   0.4777438300418047E-04   0.3337840983300375E-03
  0.7787500000000000E+02   0.9727689564054648E+00   0.3155488084400946E-03  -0.1370948397794169E-01   0.1599674757660538E-03   0.3435768896672081E-06   0.4764483218133677E-04   0.3334625704092455E-03
  0.7792500000000000E+02   0.9728052191854406E+00   0.3152575730180066E-03  -0.1369110075652880E-01   0.1598168551758069E-03   0.3434737753529322E-06   0.4751626836606097E-04   0.3331299643364911E-03
  0.7797499999999999E+02   0.9728412504250126E+00   0.3149075036703314E-03  -0.1367283525758867E-01   0.1596364345052650E-03   0.3433061590598209E-06   0.4738869973879597E-04   0.3327354006573479E-03
  0.7802499999999999E+02   0.9728770649067189E+00   0.3144473435294083E-03  -0.1365467998517256E-01   0.1594002309073061E-03   0.3430180042587003E-06   0.4726206859815681E-04   0.3322247278182647E-03
  0.7807500000000000E+02   0.9729126977981316E+00   0.3138312305102680E-03  -0.1363661711001873E-01   0.1590849964395285E-03   0.3425590201916738E-06   0.4713624586642751E-04   0.3315494954743075E-03
  0.7812500000000000E+02   0.9729482017513387E+00   0.3130281668090093E-03  -0.1361861993998481E-01   0.1586750181709449E-03   0.3418950234575205E-06   0.4701104218133170E-04   0.3306769577736809E-03
  0.7817500000000000E+02   0.9729836389356096E+00   0.3120293710935821E-03  -0.1360065695883383E-01   0.1581658449465127E-03   0.3410160251164626E-06   0.4688623663488296E-04   0.3295978393595493E-03
  0.7822500000000001E+02   0.9730190699280323E+00   0.3108505532163788E-03  -0.1358269745766305E-01   0.1575654403137546E-03   0.3399387957160492E-06   0.4676161610881440E-04   0.3283287372263006E-03
  0.7827499999999999E+02   0.9730545430759865E+00   0.3095280702487942E-03  -0.1356471692707606E-01   0.1568922338648301E-03   0.3387027440807109E-06   0.4663701238493244E-04   0.3269080588686130E-03
  0.7832500000000000E+02   0.9730900877353837E+00   0.3081105581166374E-03  -0.1354670048464668E-01   0.1561708791830352E-03   0.3373608257777765E-06   0.4651232519048004E-04   0.3253871812534459E-03
  0.7837499999999999E+02   0.9731257128202456E+00   0.3066492589260011E-03  -0.1352864361000983E-01   0.1554273506978396E-03   0.3359689874812356E-06   0.4638752641977651E-04   0.3238202325060217E-03
  0.7842500000000000E+02   0.9731614098060051E+00   0.3051900336624241E-03  -0.1351055062234863E-01   0.1546848949347406E-03   0.3345774187896843E-06   0.4626264882822482E-04   0.3222556546045333E-03
  0.7847500000000001E+02   0.9731971580715725E+00   0.3037685565531944E-03  -0.1349243197239225E-01   0.1539615946183462E-03   0.3332252613079249E-06   0.4613776678611836E-04   0.3207311276031623E-03
  0.7852499999999999E+02   0.9732329305336704E+00   0.3024086284139066E-03  -0.1347430138631756E-01   0.1532695138296281E-03   0.3319387216932526E-06   0.4601297629620582E-04   0.3192717889461591E-03
  0.7857499999999999E+02   0.9732686983401706E+00   0.3011226830704312E-03  -0.1345617348670458E-01   0.1526149548442656E-03   0.3307315867508172E-06   0.4588837853642203E-04   0.3178907695371433E-03
  0.7862500000000000E+02   0.9733044342458052E+00   0.2999134435508597E-03  -0.1343806208145670E-01   0.1519992977752718E-03   0.3296070044518308E-06   0.4576406816146336E-04   0.3165909442538279E-03
  0.7867500000000000E+02   0.9733401148249102E+00   0.2987759861443571E-03  -0.1341997904227721E-01   0.1514200469285402E-03   0.3285597204362840E-06   0.4564012575174088E-04   0.3153671130240776E-03
  0.7872500000000001E+02   0.9733757218452148E+00   0.2976998576285705E-03  -0.1340193360844955E-01   0.1508719040558218E-03   0.3275783815738510E-06   0.4551661323331264E-04   0.3142082376191000E-03
  0.7877499999999999E+02   0.9734112430531923E+00   0.2966711716182381E-03  -0.1338393198891064E-01   0.1503478309532779E-03   0.3266478252569345E-06   0.4539357137047297E-04   0.3130996557999361E-03
  0.7882499999999999E+02   0.9734466724491982E+00   0.2956747172819931E-03  -0.1336597722293231E-01   0.1498401182485887E-03   0.3257513909395295E-06   0.4527101904201422E-04   0.3120253078551764E-03
  0.7887500000000000E+02   0.9734820099832227E+00   0.2946960587451682E-03  -0.1334806933443289E-01   0.1493414493935945E-03   0.3248732300894792E-06   0.4514895452184500E-04   0.3109699526899262E-03
  0.7892500000000000E+02   0.9735172605707796E+00   0.2937234531814639E-03  -0.1333020583080924E-01   0.1488458727110365E-03   0.3240004248008577E-06   0.4502735908435864E-04   0.3099211920588924E-03
  0.7897500000000001E+02   0.9735524324479352E+00   0.2927492803652774E-03  -0.1331238253664246E-01   0.1483495258194771E-03   0.3231245750965161E-06   0.4490620283524342E-04   0.3088709788858886E-03
  0.7902499999999999E+02   0.9735875351028935E+00   0.2917706700997792E-03  -0.1329459464194782E-01   0.1478509535446917E-03   0.3222425062245613E-06   0.4478545191877479E-04   0.3078162789505907E-03
  0.7907499999999999E+02   0.9736225772107251E+00   0.2907891820409861E-03  -0.1327683774879074E-01   0.1473509456175887E-03   0.3213559312933649E-06   0.4466507561922932E-04   0.3067587326289760E-03
  0.7912500000000000E+02   0.9736575650304146E+00   0.2898096656001406E-03  -0.1325910868358537E-01   0.1468519588833014E-03   0.3204702058560626E-06   0.4454505178890515E-04   0.3057034515856713E-03
  0.7917500000000001E+02   0.9736925015678490E+00   0.2888386602580795E-03  -0.1324140592123024E-01   0.1463573066357415E-03   0.3195925691988232E-06   0.4442536959341850E-04   0.3046573307340378E-03
  0.7922499999999999E+02   0.9737273865526944E+00   0.2878827726226932E-03  -0.1322372959679996E-01   0.1458703361933619E-03   0.3187303532284200E-06   0.4430602945248204E-04   0.3036273358797479E-03
  0.7927499999999999E+02   0.9737622170559670E+00   0.2869473768772979E-03  -0.1320608119257471E-01   0.1453937703751173E-03   0.3178895429071381E-06   0.4418704080697870E-04   0.3026191327571897E-03
  0.7932500000000000E+02   0.9737969884728929E+00   0.2860358126870490E-03  -0.1318846303998089E-01   0.1449293010741512E-03   0.3170738827742109E-06   0.4406841867812994E-04   0.3016362410259892E-03
  0.7937500000000000E+02   0.9738316956091894E+00   0.2851490971043442E-03  -0.1317087776914438E-01   0.1444774432982519E-03   0.3162845503084788E-06   0.4395017992203906E-04   0.3006797305711246E-03
  0.7942500000000000E+02   0.9738663336803597E+00   0.2842860758809997E-03  -0.1315332780254397E-01   0.1440376118652592E-03   0.3155203158182114E-06   0.4383233982681898E-04   0.2997483813024403E-03
  0.7947499999999998E+02   0.9739008991045446E+00   0.2834439100267822E-03  -0.1313581495328953E-01   0.1436083679606663E-03   0.3147780752898732E-06   0.4371490945054649E-04   0.2988391964747542E-03
  0.7952499999999999E+02   0.9739353900132957E+00   0.2826187911875550E-03  -0.1311834016634172E-01   0.1431877816207423E-03   0.3140536395362540E-06   0.4359789394536446E-04   0.2979481571963788E-03
  0.7957500000000000E+02   0.9739698064287922E+00   0.2818067729291617E-03  -0.1310090342874204E-01   0.1427738529238861E-03   0.3133426551894565E-06   0.4348129202837299E-04   0.2970710990053899E-03
  0.7962500000000000E+02   0.9740041500852461E+00   0.2810045855331210E-03  -0.1308350386011992E-01   0.1423649248098559E-03   0.3126415107931566E-06   0.4336509665877511E-04   0.2962045709098441E-03
  0.7967500000000000E+02   0.9740384239255803E+00   0.2802102863351877E-03  -0.1306613996771522E-01   0.1419600125615415E-03   0.3119480631817884E-06   0.4324929679947884E-04   0.2953465209187124E-03
  0.7972499999999999E+02   0.9740726313768729E+00   0.2794236143800136E-03  -0.1304881001347458E-01   0.1415589834710207E-03   0.3112620371687962E-06   0.4313387989925835E-04   0.2944966697797526E-03
  0.7977499999999999E+02   0.9741067755689150E+00   0.2786459825302239E-03  -0.1303151240995470E-01   0.1411625528240596E-03   0.3105850225863575E-06   0.4301883453303698E-04   0.2936565025141773E-03
  0.7982500000000000E+02   0.9741408586732290E+00   0.2778801362506104E-03  -0.1301424605518431E-01   0.1407721110157722E-03   0.3099200995147780E-06   0.4290415260372712E-04   0.2928289086216189E-03
  0.7987500000000000E+02   0.9741748814918491E+00   0.2771295947715997E-03  -0.1299701054097913E-01   0.1403894404228174E-03   0.3092712192203667E-06   0.4278983067990947E-04   0.2920175929710783E-03
  0.7992500000000000E+02   0.9742088433383056E+00   0.2763980284532567E-03  -0.1297980621321737E-01   0.1400163999648444E-03   0.3086425115271189E-06   0.4267587034082305E-04   0.2912264195402040E-03
  0.7997499999999999E+02   0.9742427421698360E+00   0.2756887060440693E-03  -0.1296263410484011E-01   0.1396546450873432E-03   0.3080376677078112E-06   0.4256227768003802E-04   0.2904588289192575E-03
  0.8002499999999999E+02   0.9742765748831117E+00   0.2750040887508048E-03  -0.1294549578601678E-01   0.1393054221305629E-03   0.3074594852349193E-06   0.4244906227175715E-04   0.2897174106289544E-03
  0.8007500000000000E+02   0.9743103376827772E+00   0.2743455883268820E-03  -0.1292839317743311E-01   0.1389694457983723E-03   0.3069095943537191E-06   0.4233623590828565E-04   0.2890036483578886E-03
  0.8012500000000000E+02   0.9743440264575913E+00   0.2737134680268138E-03  -0.1291132835973641E-01   0.1386468490069788E-03   0.3063883435899893E-06   0.4222381132747891E-04   0.2883178157925233E-03
  0.8017500000000000E+02   0.9743776371305027E+00   0.2731068543537394E-03  -0.1289430339619624E-01   0.1383371888610206E-03   0.3058948089530774E-06   0.4211180104122899E-04   0.2876589892036116E-03
  0.8022499999999999E+02   0.9744111659697535E+00   0.2725238358421690E-03  -0.1287732017511811E-01   0.1380394967171231E-03   0.3054269007365621E-06   0.4200021630610628E-04   0.2870251517170042E-03
  0.8027500000000001E+02   0.9744446098517657E+00   0.2719616385037391E-03  -0.1286038027669034E-01   0.1377523670764874E-03   0.3049815567000031E-06   0.4188906626513302E-04   0.2864133783058344E-03
  0.8032499999999999E+02   0.9744779664567087E+00   0.2714168727552891E-03  -0.1284348487393749E-01   0.1374740826790919E-03   0.3045550161859065E-06   0.4177835732223370E-04   0.2858200960204065E-03
  0.8037500000000000E+02   0.9745112343652359E+00   0.2708858359392830E-03  -0.1282663468373735E-01   0.1372027677491576E-03   0.3041431576758142E-06   0.4166809285095543E-04   0.2852414027060267E-03
  0.8042500000000000E+02   0.9745444130241731E+00   0.2703648293425271E-03  -0.1280982998421654E-01   0.1369365485771624E-03   0.3037418538876981E-06   0.4155827333942188E-04   0.2846734009309816E-03
  0.8047499999999999E+02   0.9745775025709698E+00   0.2698504209845877E-03  -0.1279307070368152E-01   0.1366736866286672E-03   0.3033472672252666E-06   0.4144889699866934E-04   0.2841124747626807E-03
  0.8052499999999999E+02   0.9746105035514826E+00   0.2693395745474064E-03  -0.1277635656357379E-01   0.1364126438513276E-03   0.3029559957489766E-06   0.4133996071323477E-04   0.2835554255680303E-03
  0.8057499999999999E+02   0.9746434166180200E+00   0.2688295870736678E-03  -0.1275968723142140E-01   0.1361520511251068E-03   0.3025650044465862E-06   0.4123146104248886E-04   0.2829994064581315E-03
  0.8062500000000000E+02   0.9746762423294243E+00   0.2683178359080539E-03  -0.1274306242210987E-01   0.1358905800988027E-03   0.3021713414088834E-06   0.4112339487169980E-04   0.2824416559012289E-03
  0.8067500000000001E+02   0.9747089811696754E+00   0.2678014131540664E-03  -0.1272648188848247E-01   0.1356267580570397E-03   0.3017717261868555E-06   0.4101575933620399E-04   0.2818791129188290E-03
  0.8072499999999999E+02   0.9747416338471823E+00   0.2672767963152473E-03  -0.1270994526978686E-01   0.1353588011115352E-03   0.3013621774141442E-06   0.4090855082666750E-04   0.2813080703588623E-03
  0.8077499999999999E+02   0.9747742018409692E+00   0.2667397379408192E-03  -0.1269345181508741E-01   0.1350845583021807E-03   0.3009378861313428E-06   0.4080176320102926E-04   0.2807240586531097E-03
  0.8082500000000000E+02   0.9748066880441627E+00   0.2661855307319064E-03  -0.1267700005740446E-01   0.1348016458379795E-03   0.3004935124986445E-06   0.4069538570531100E-04   0.2801221246860779E-03
  0.8087500000000000E+02   0.9748390972569525E+00   0.2656097027620933E-03  -0.1266058756408361E-01   0.1345077991502404E-03   0.3000239694564374E-06   0.4058940141756329E-04   0.2794975632460983E-03
  0.8092500000000001E+02   0.9748714362546009E+00   0.2650090292984236E-03  -0.1264421090236534E-01   0.1342013852679291E-03   0.2995255671235991E-06   0.4048378710159777E-04   0.2788469815649375E-03
  0.8097499999999999E+02   0.9749037132523156E+00   0.2643825685061536E-03  -0.1262786591038223E-01   0.1338819272785742E-03   0.2989971884257328E-06   0.4037851502799563E-04   0.2781693889114239E-03
  0.8102499999999999E+02   0.9749359368080298E+00   0.2637323382038021E-03  -0.1261154825279043E-01   0.1335504470085309E-03   0.2984410628432012E-06   0.4027355659748694E-04   0.2774669084305180E-03
  0.8107500000000000E+02   0.9749681144555390E+00   0.2630633367457331E-03  -0.1259525411293294E-01   0.1332094755678947E-03   0.2978628003238628E-06   0.4016888678945401E-04   0.2767447988662574E-03
  0.8112500000000000E+02   0.9750002514964828E+00   0.2623828601497142E-03  -0.1257898080454967E-01   0.1328627075224222E-03   0.2972706279244513E-06   0.4006448803562594E-04   0.2760107358707485E-03
  0.8117500000000000E+02   0.9750323503075479E+00   0.2616993455502984E-03  -0.1256272712256901E-01   0.1325144152132805E-03   0.2966740866080599E-06   0.3996035237699010E-04   0.2752735950538101E-03
  0.8122499999999999E+02   0.9750644102867002E+00   0.2610211170750924E-03  -0.1254649337029767E-01   0.1321688136821696E-03   0.2960826125425969E-06   0.3985648153181444E-04   0.2745421325159053E-03
  0.8127499999999999E+02   0.9750964283185030E+00   0.2603553636546886E-03  -0.1253028112375443E-01   0.1318295430623314E-03   0.2955043764519522E-06   0.3975288529296237E-04   0.2738239095416808E-03
  0.8132500000000000E+02   0.9751283995103615E+00   0.2597075086820349E-03  -0.1251409285881944E-01   0.1314993494104137E-03   0.2949455637760242E-06   0.3964957907648217E-04   0.2731246296630947E-03
  0.8137500000000000E+02   0.9751603179630368E+00   0.2590809582349414E-03  -0.1249793156104329E-01   0.1311799572453031E-03   0.2944100824421420E-06   0.3954658139187399E-04   0.2724478740649854E-03
  0.8142499999999998E+02   0.9751921774320500E+00   0.2584771152975236E-03  -0.1248180039072166E-01   0.1308720767879482E-03   0.2938995720800435E-06   0.3944391169264039E-04   0.2717951168651888E-03
  0.8147499999999999E+02   0.9752239718394011E+00   0.2578955312914208E-03  -0.1246570242378053E-01   0.1305754807323621E-03   0.2934135695388877E-06   0.3934158872977285E-04   0.2711658848500995E-03
  0.8152499999999999E+02   0.9752556956649401E+00   0.2573341024954134E-03  -0.1244964045361685E-01   0.1302891037443478E-03   0.2929497261418243E-06   0.3923962930625594E-04   0.2705579644101358E-03
  0.8157500000000000E+02   0.9752873442749254E+00   0.2567892726944553E-03  -0.1243361682476085E-01   0.1300111451084545E-03   0.2925040328468296E-06   0.3913804724309654E-04   0.2699676149770108E-03
  0.8162500000000000E+02   0.9753189142402287E+00   0.2562562526444268E-03  -0.1241763327179468E-01   0.1297391798789334E-03   0.2920710654011885E-06   0.3903685238726084E-04   0.2693898000589562E-03
  0.8167499999999998E+02   0.9753504036690381E+00   0.2557293020082782E-03  -0.1240169075094244E-01   0.1294703016465914E-03   0.2916443016334917E-06   0.3893604958315461E-04   0.2688184838448636E-03
  0.8172499999999999E+02   0.9753818125359638E+00   0.2552021353468145E-03  -0.1238578927349021E-01   0.1292013280970727E-03   0.2912165814572027E-06   0.3883563766780587E-04   0.2682470580897397E-03
  0.8177500000000001E+02   0.9754131429372663E+00   0.2546685034025006E-03  -0.1236992777661028E-01   0.1289290952983951E-03   0.2907807686909032E-06   0.3873560871537364E-04   0.2676689531169288E-03
  0.8182500000000000E+02   0.9754443991536960E+00   0.2541229542804223E-03  -0.1235410409158522E-01   0.1286508430466801E-03   0.2903306208075192E-06   0.3863594790638548E-04   0.2670784377599837E-03
  0.8187500000000000E+02   0.9754755873854535E+00   0.2535616931892423E-03  -0.1233831507801375E-01   0.1283646500923394E-03   0.2898617745075621E-06   0.3853663444432260E-04   0.2664715227566613E-03
  0.8192500000000000E+02   0.9755067150734141E+00   0.2529833568658135E-03  -0.1232255696746087E-01   0.1280698261615958E-03   0.2893726372728676E-06   0.3843764377674767E-04   0.2658467743699253E-03
  0.8197499999999999E+02   0.9755377898510452E+00   0.2523894578327652E-03  -0.1230682589404997E-01   0.1277671368242600E-03   0.2888649042510156E-06   0.3833895096002824E-04   0.2652057809659575E-03
  0.8202500000000001E+02   0.9755688183384702E+00   0.2517843010157379E-03  -0.1229111850494835E-01   0.1274587612468479E-03   0.2883434727203955E-06   0.3824053448068299E-04   0.2645530650981399E-03
  0.8207499999999999E+02   0.9755998050946679E+00   0.2511743438811983E-03  -0.1227543249078100E-01   0.1271479682410825E-03   0.2878157185312285E-06   0.3814237952819940E-04   0.2638954108702999E-03
  0.8212500000000000E+02   0.9756307520008001E+00   0.2505671805273233E-03  -0.1225976689777841E-01   0.1268386019572982E-03   0.2872903387105590E-06   0.3804447986735460E-04   0.2632407962501319E-03
  0.8217500000000000E+02   0.9756616581689551E+00   0.2499704525980548E-03  -0.1224412217393389E-01   0.1265345305503067E-03   0.2867761058931757E-06   0.3794683803501055E-04   0.2625972486291523E-03
  0.8222499999999999E+02   0.9756925202658610E+00   0.2493909550538961E-03  -0.1222850000508979E-01   0.1262391935053710E-03   0.2862808419287486E-06   0.3784946423351072E-04   0.2619719052816838E-03
  0.8227499999999999E+02   0.9757233330274949E+00   0.2488340523239766E-03  -0.1221290305439093E-01   0.1259553061046303E-03   0.2858107443178729E-06   0.3775237464174206E-04   0.2613704001000371E-03
  0.8232500000000000E+02   0.9757540897580360E+00   0.2483033516851959E-03  -0.1219733470967066E-01   0.1256846941247197E-03   0.2853700058958112E-06   0.3765558979690498E-04   0.2607965207441606E-03
  0.8237500000000000E+02   0.9757847827171336E+00   0.2478004763378749E-03  -0.1218179888738546E-01   0.1254281790205771E-03   0.2849605478481983E-06   0.3755913334285200E-04   0.2602519706899364E-03
  0.8242500000000000E+02   0.9758154034424147E+00   0.2473247667140530E-03  -0.1216629986935258E-01   0.1251854267987328E-03   0.2845816692327460E-06   0.3746303098906153E-04   0.2597360560340619E-03
  0.8247500000000001E+02   0.9758459431864428E+00   0.2468728118436931E-03  -0.1215084208158446E-01   0.1249547108811130E-03   0.2842294996081737E-06   0.3736730911397922E-04   0.2592451938957588E-03
  0.8252499999999999E+02   0.9758763937336682E+00   0.2464378747823140E-03  -0.1213542968082160E-01   0.1247326213464109E-03   0.2838963276543209E-06   0.3727199218750649E-04   0.2587723095572762E-03
  0.8257500000000000E+02   0.9759067488349664E+00   0.2460095271968636E-03  -0.1212006582850733E-01   0.1245138800208474E-03   0.2835701684498421E-06   0.3717709829120628E-04   0.2583064531114064E-03
  0.8262499999999999E+02   0.9759370062387016E+00   0.2455740749852885E-03  -0.1210475166286362E-01   0.1242915559107346E-03   0.2832352415177178E-06   0.3708263283759205E-04   0.2578332464543874E-03
  0.8267500000000000E+02   0.9759671697448413E+00   0.2451163974283314E-03  -0.1208948525930365E-01   0.1240579960284504E-03   0.2828740818762346E-06   0.3698858231101103E-04   0.2573368141034257E-03
  0.8272499999999999E+02   0.9759972501027677E+00   0.2446232908692305E-03  -0.1207426117606314E-01   0.1238065176641916E-03   0.2824713960721460E-06   0.3689491170213320E-04   0.2568032933525519E-03
  0.8277499999999999E+02   0.9760272635759720E+00   0.2440872923955523E-03  -0.1205907118064042E-01   0.1235333435812044E-03   0.2820184867939853E-06   0.3680156922707941E-04   0.2562248482403693E-03
  0.8282500000000000E+02   0.9760572281306126E+00   0.2435090688150467E-03  -0.1204390617881346E-01   0.1232388110858296E-03   0.2815160347998829E-06   0.3670849833872025E-04   0.2556021773364733E-03
  0.8287500000000000E+02   0.9760871588562000E+00   0.2428969215989203E-03  -0.1202875853227525E-01   0.1229271214605771E-03   0.2809735545684860E-06   0.3661565193442449E-04   0.2549439939249544E-03
  0.8292500000000000E+02   0.9761170648367171E+00   0.2422637196978891E-03  -0.1201362364218239E-01   0.1226047876241913E-03   0.2804058706292164E-06   0.3652300188393107E-04   0.2542638060639790E-03
  0.8297499999999999E+02   0.9761469485990039E+00   0.2416230541830534E-03  -0.1199850022832383E-01   0.1222786879568967E-03   0.2798286797771225E-06   0.3643054049223659E-04   0.2535758797916310E-03
  0.8302500000000001E+02   0.9761768076128553E+00   0.2409863748143899E-03  -0.1198338956990008E-01   0.1219546170936765E-03   0.2792552351569655E-06   0.3633827564756064E-04   0.2528922331815119E-03
  0.8307500000000000E+02   0.9762066365270323E+00   0.2403617667957623E-03  -0.1196829437385405E-01   0.1216366668331952E-03   0.2786949203242855E-06   0.3624622378875033E-04   0.2522213522457541E-03
  0.8312500000000000E+02   0.9762364290916929E+00   0.2397540358439567E-03  -0.1195321780191028E-01   0.1213272691959890E-03   0.2781533362189996E-06   0.3615440393317097E-04   0.2515682802714315E-03
  0.8317499999999998E+02   0.9762661793595512E+00   0.2391654368140025E-03  -0.1193816286265625E-01   0.1210275651911236E-03   0.2776331356594589E-06   0.3606283398873393E-04   0.2509353827366416E-03
  0.8322499999999999E+02   0.9762958822201754E+00   0.2385965172809747E-03  -0.1192313214112772E-01   0.1207378317630312E-03   0.2771349944312679E-06   0.3597152914607654E-04   0.2503232329022690E-03
  0.8327500000000001E+02   0.9763255334930128E+00   0.2380468027510100E-03  -0.1190812775172512E-01   0.1204578285870146E-03   0.2766584018231648E-06   0.3588050163180155E-04   0.2497313311628972E-03
  0.8332500000000000E+02   0.9763551298001549E+00   0.2375152398840716E-03  -0.1189315140260494E-01   0.1201870223960199E-03   0.2762021725865092E-06   0.3578976113092152E-04   0.2491585703951900E-03
  0.8337499999999999E+02   0.9763846683808481E+00   0.2370004116820569E-03  -0.1187820448955745E-01   0.1199246959023040E-03   0.2757646953788732E-06   0.3569931537729215E-04   0.2486034619650374E-03
  0.8342500000000000E+02   0.9764141469565560E+00   0.2365005794917038E-03  -0.1186328816430593E-01   0.1196699690735854E-03   0.2753439804486882E-06   0.3560917057975008E-04   0.2480641799712848E-03
  0.8347499999999999E+02   0.9764435637191953E+00   0.2360136300778149E-03  -0.1184840334048187E-01   0.1194217723655295E-03   0.2749375968878738E-06   0.3551933146623713E-04   0.2475385058437778E-03
  0.8352500000000001E+02   0.9764729174792384E+00   0.2355370343975967E-03  -0.1183355061870728E-01   0.1191788258673781E-03   0.2745426232846263E-06   0.3542980084074383E-04   0.2470237851511803E-03
  0.8357500000000000E+02   0.9765022079456837E+00   0.2350679520916382E-03  -0.1181873014495260E-01   0.1189396921711132E-03   0.2741557681362660E-06   0.3534057874672533E-04   0.2465170371714032E-03
  0.8362499999999999E+02   0.9765314360031880E+00   0.2346035977061218E-03  -0.1180394147032693E-01   0.1187029616649079E-03   0.2737737961198707E-06   0.3525166165346986E-04   0.2460153388871768E-03
  0.8367500000000000E+02   0.9765606037532359E+00   0.2341418617102221E-03  -0.1178918353025482E-01   0.1184675667418130E-03   0.2733942534009547E-06   0.3516304237271228E-04   0.2455164761366217E-03
  0.8372499999999999E+02   0.9765897141194199E+00   0.2336819670072716E-03  -0.1177445484419448E-01   0.1182331139651065E-03   0.2730162370062679E-06   0.3507471129849508E-04   0.2450196319658095E-03
  0.8377500000000001E+02   0.9766187700541966E+00   0.2332248072112802E-03  -0.1175975391698925E-01   0.1180000552171853E-03   0.2726407949141327E-06   0.3498665883466528E-04   0.2445257412794272E-03
  0.8382500000000000E+02   0.9766477736737824E+00   0.2327727464509562E-03  -0.1174507967657568E-01   0.1177695864012380E-03   0.2722706976920105E-06   0.3489887800495127E-04   0.2440372808679792E-03
  0.8387499999999999E+02   0.9766767257030760E+00   0.2323289962968015E-03  -0.1173043175482180E-01   0.1175433321848293E-03   0.2719097143526451E-06   0.3481136609402818E-04   0.2435576160378952E-03
  0.8392500000000000E+02   0.9767056253695732E+00   0.2318969114708297E-03  -0.1171581054118997E-01   0.1173229896543310E-03   0.2715617904947198E-06   0.3472412491928394E-04   0.2430902621117765E-03
  0.8397500000000001E+02   0.9767344705957954E+00   0.2314794799286347E-03  -0.1170121708535732E-01   0.1171100703200133E-03   0.2712304512782006E-06   0.3463716020700658E-04   0.2426383497856353E-03
  0.8402499999999999E+02   0.9767632582424439E+00   0.2310790558194923E-03  -0.1168665297416838E-01   0.1169057650161698E-03   0.2709184870631086E-06   0.3455048082794618E-04   0.2422043452234522E-03
  0.8407500000000000E+02   0.9767919842440016E+00   0.2306972098779324E-03  -0.1167212026300279E-01   0.1167108682289338E-03   0.2706277757306962E-06   0.3446409836537397E-04   0.2417898933832152E-03
  0.8412499999999999E+02   0.9768206436232700E+00   0.2303345236800576E-03  -0.1165762146839888E-01   0.1165256740393293E-03   0.2703590385211156E-06   0.3437802704809752E-04   0.2413956026273626E-03
  0.8417500000000000E+02   0.9768492304908191E+00   0.2299901896101260E-03  -0.1164315956832229E-01   0.1163497737870033E-03   0.2701113668501461E-06   0.3429228372349075E-04   0.2410206258076596E-03
  0.8422499999999999E+02   0.9768777382271279E+00   0.2296613569103592E-03  -0.1162873791002950E-01   0.1161817252884945E-03   0.2698814490825992E-06   0.3420688727643446E-04   0.2406619753260348E-03
  0.8427499999999999E+02   0.9769061601189135E+00   0.2293422999988079E-03  -0.1161435988818793E-01   0.1160186321468933E-03   0.2696625855938821E-06   0.3412185668972620E-04   0.2403136519744026E-03
  0.8432499999999999E+02   0.9769344907254636E+00   0.2290237233805780E-03  -0.1160002825372952E-01   0.1158557921526176E-03   0.2694438610348164E-06   0.3403720694376436E-04   0.2399659168350878E-03
  0.8437500000000000E+02   0.9769627280339119E+00   0.2286928379529829E-03  -0.1158574402362411E-01   0.1156867358853882E-03   0.2692102217097549E-06   0.3395294261753725E-04   0.2396053712451857E-03
  0.8442500000000000E+02   0.9769908758610923E+00   0.2283350005069109E-03  -0.1157150526591988E-01   0.1155040560462295E-03   0.2689443944424052E-06   0.3386905084961241E-04   0.2392166743028175E-03
  0.8447499999999999E+02   0.9770189451452956E+00   0.2279372057371567E-03  -0.1155730644631892E-01   0.1153011738685980E-03   0.2686309955293562E-06   0.3378549770838787E-04   0.2387862010093854E-03
  0.8452500000000001E+02   0.9770469525839726E+00   0.2274923489527562E-03  -0.1154313911728444E-01   0.1150744953854638E-03   0.2682615631407459E-06   0.3370223249623433E-04   0.2383065077966523E-03
  0.8457499999999999E+02   0.9770749164084191E+00   0.2270018977645755E-03  -0.1152899405539198E-01   0.1148247628910707E-03   0.2678377302905904E-06   0.3361920046866085E-04   0.2377791313663345E-03
  0.8462500000000000E+02   0.9771028512867513E+00   0.2264751074447014E-03  -0.1151486383963296E-01   0.1145566580416234E-03   0.2673703283893221E-06   0.3353635793968219E-04   0.2372137667710828E-03
  0.8467500000000000E+02   0.9771307651700759E+00   0.2259252647121991E-03  -0.1150074444677185E-01   0.1142769017998687E-03   0.2668749771376240E-06   0.3345368143629459E-04   0.2366243325118479E-03
  0.8472499999999999E+02   0.9771586593361724E+00   0.2253653747038649E-03  -0.1148663522926252E-01   0.1139920727101819E-03   0.2663670005178413E-06   0.3337116731721246E-04   0.2360244522620867E-03
  0.8477500000000001E+02   0.9771865306566639E+00   0.2248054588257309E-03  -0.1147253776842383E-01   0.1137072400185212E-03   0.2658582299178008E-06   0.3328882487767822E-04   0.2354246240366547E-03
  0.8482499999999999E+02   0.9772143742319656E+00   0.2242519962347855E-03  -0.1145845454156524E-01   0.1134256811284492E-03   0.2653563327201570E-06   0.3320666848387471E-04   0.2348316349275479E-03
  0.8487500000000000E+02   0.9772421851295542E+00   0.2237087256183646E-03  -0.1144438804267800E-01   0.1131492871581728E-03   0.2648657492966985E-06   0.3312471244598765E-04   0.2342494008792023E-03
  0.8492500000000000E+02   0.9772699590008044E+00   0.2231777260745576E-03  -0.1143034047038560E-01   0.1128791096930646E-03   0.2643889640706844E-06   0.3304296923569721E-04   0.2336800989590836E-03
  0.8497499999999999E+02   0.9772976920260970E+00   0.2226601251556843E-03  -0.1141631375568564E-01   0.1126157189593037E-03   0.2639273391476400E-06   0.3296144967925140E-04   0.2331249092052546E-03
  0.8502500000000001E+02   0.9773253807243021E+00   0.2221563558619061E-03  -0.1140230965831102E-01   0.1123593338484952E-03   0.2634814159027014E-06   0.3288016353400853E-04   0.2325842840621018E-03
  0.8507500000000000E+02   0.9773530218946194E+00   0.2216661839640225E-03  -0.1138832979615567E-01   0.1121098357650970E-03   0.2630509450493266E-06   0.3279911966633252E-04   0.2320579772213703E-03
  0.8512499999999999E+02   0.9773806127019485E+00   0.2211887128539331E-03  -0.1137437560210741E-01   0.1118667710988397E-03   0.2626348901169379E-06   0.3271832580755150E-04   0.2315450488594442E-03
  0.8517500000000000E+02   0.9774081508306764E+00   0.2207224559231965E-03  -0.1136044824627991E-01   0.1116293878449750E-03   0.2622315111665783E-06   0.3263778811374821E-04   0.2310439415256925E-03
  0.8522499999999999E+02   0.9774356346398280E+00   0.2202655017012271E-03  -0.1134654855755601E-01   0.1113967191334132E-03   0.2618385590691476E-06   0.3255751072750542E-04   0.2305526530959666E-03
  0.8527500000000001E+02   0.9774630632497930E+00   0.2198157725142009E-03  -0.1133267697973672E-01   0.1111677140510164E-03   0.2614535817027798E-06   0.3247749554503001E-04   0.2300690075826035E-03
  0.8532500000000000E+02   0.9774904364817179E+00   0.2193713212581074E-03  -0.1131883360220254E-01   0.1109413877364399E-03   0.2610742765860231E-06   0.3239774241501620E-04   0.2295909658118295E-03
  0.8537499999999999E+02   0.9775177546349381E+00   0.2189305341231001E-03  -0.1130501827248287E-01   0.1107169239094191E-03   0.2606987327530428E-06   0.3231824980427374E-04   0.2291168376474921E-03
  0.8542500000000000E+02   0.9775450182294476E+00   0.2184921264847286E-03  -0.1129123072650995E-01   0.1104936727957203E-03   0.2603254270271288E-06   0.3223901555410233E-04   0.2286452777145055E-03
  0.8547500000000001E+02   0.9775722279062533E+00   0.2180549895642993E-03  -0.1127747063902551E-01   0.1102710735767452E-03   0.2599530423514436E-06   0.3216003716890804E-04   0.2281751248923092E-03
  0.8552500000000001E+02   0.9775993845354473E+00   0.2176181078519832E-03  -0.1126373756893873E-01   0.1100486126183505E-03   0.2595803698733812E-06   0.3208131150296418E-04   0.2277053158078680E-03
  0.8557499999999999E+02   0.9776264893463847E+00   0.2171807072834370E-03  -0.1125003089349597E-01   0.1098258983915292E-03   0.2592064860945595E-06   0.3200283439198644E-04   0.2272350397842888E-03
  0.8562500000000000E+02   0.9776535438360566E+00   0.2167425375212071E-03  -0.1123634985461197E-01   0.1096028042137963E-03   0.2588310908018168E-06   0.3192460093207178E-04   0.2267640341471720E-03
  0.8567500000000000E+02   0.9776805494241860E+00   0.2163040138979664E-03  -0.1122269373328055E-01   0.1093795400273978E-03   0.2584546784992133E-06   0.3184660648355212E-04   0.2262927327314000E-03
  0.8572500000000001E+02   0.9777075070827906E+00   0.2158660543973790E-03  -0.1120906203689986E-01   0.1091565699631416E-03   0.2580783458256286E-06   0.3176884773249690E-04   0.2258220953218260E-03
  0.8577499999999999E+02   0.9777344171888954E+00   0.2154297183387438E-03  -0.1119545457375382E-01   0.1089344296277876E-03   0.2577033610688967E-06   0.3169132309645366E-04   0.2253532296158352E-03
  0.8582499999999999E+02   0.9777612796414208E+00   0.2149958867834618E-03  -0.1118187139390492E-01   0.1087135644886156E-03   0.2573307821063204E-06   0.3161403236882564E-04   0.2248870568302114E-03
  0.8587500000000000E+02   0.9777880940974776E+00   0.2145651288801917E-03  -0.1116831266970286E-01   0.1084942622841540E-03   0.2569612957025585E-06   0.3153697602815411E-04   0.2244241718464834E-03
  0.8592500000000000E+02   0.9778148601686592E+00   0.2141377326606734E-03  -0.1115477859652059E-01   0.1082766685956905E-03   0.2565952533236250E-06   0.3146015467178747E-04   0.2239648754191985E-03
  0.8597499999999999E+02   0.9778415775149142E+00   0.2137137983635282E-03  -0.1114126934528303E-01   0.1080608340394738E-03   0.2562327820583991E-06   0.3138356874884416E-04   0.2235092718150077E-03
  0.8602499999999999E+02   0.9778682458625830E+00   0.2132933149235808E-03  -0.1112778505334411E-01   0.1078467529472890E-03   0.2558738757361772E-06   0.3130721851163580E-04   0.2230573488493702E-03
  0.8607499999999999E+02   0.9778948649973661E+00   0.2128761997082860E-03  -0.1111432582804261E-01   0.1076343834622428E-03   0.2555184422449465E-06   0.3123110403807602E-04   0.2226090194750763E-03
  0.8612500000000000E+02   0.9779214347604362E+00   0.2124623174747793E-03  -0.1110089174866868E-01   0.1074236571263959E-03   0.2551663260556242E-06   0.3115522524437898E-04   0.2221641416273271E-03
  0.8617500000000001E+02   0.9779479550498706E+00   0.2120514956570712E-03  -0.1108748286574068E-01   0.1072144866118032E-03   0.2548173264130562E-06   0.3107958188240236E-04   0.2217225342225768E-03
  0.8622499999999999E+02   0.9779744258208823E+00   0.2116435410575060E-03  -0.1107409920088953E-01   0.1070067741609789E-03   0.2544712172780517E-06   0.3100417354046758E-04   0.2212839946208701E-03
  0.8627499999999999E+02   0.9780008470813978E+00   0.2112382556220254E-03  -0.1106074074909569E-01   0.1068004195637015E-03   0.2541277662359932E-06   0.3092899965737810E-04   0.2208483151266813E-03
  0.8632499999999999E+02   0.9780272188838207E+00   0.2108354484402721E-03  -0.1104740748285393E-01   0.1065953262247082E-03   0.2537867489261532E-06   0.3085405954705847E-04   0.2204152955393786E-03
  0.8637500000000000E+02   0.9780535413153552E+00   0.2104349431078254E-03  -0.1103409935706767E-01   0.1063914048861647E-03   0.2534479579343692E-06   0.3077935242697840E-04   0.2199847508518879E-03
  0.8642500000000000E+02   0.9780798144888193E+00   0.2100365811456533E-03  -0.1102081631369367E-01   0.1061885753564428E-03   0.2531112069643518E-06   0.3070487744486341E-04   0.2195565148251236E-03
  0.8647499999999999E+02   0.9781060385349275E+00   0.2096402227041654E-03  -0.1100755828564481E-01   0.1059867668658658E-03   0.2527763317486410E-06   0.3063063370098462E-04   0.2191304407222613E-03
  0.8652499999999999E+02   0.9781322135962796E+00   0.2092457456770194E-03  -0.1099432519982979E-01   0.1057859176183685E-03   0.2524431890436719E-06   0.3055662026541912E-04   0.2187064003798534E-03
  0.8657500000000000E+02   0.9781583398229097E+00   0.2088530440361655E-03  -0.1098111697940385E-01   0.1055859739494055E-03   0.2521116546809518E-06   0.3048283619075969E-04   0.2182842824646145E-03
  0.8662500000000000E+02   0.9781844173691041E+00   0.2084620258958349E-03  -0.1096793354537762E-01   0.1053868893468275E-03   0.2517816212838864E-06   0.3040928052114582E-04   0.2178639904469235E-03
  0.8667500000000000E+02   0.9782104463911829E+00   0.2080726115891464E-03  -0.1095477481773899E-01   0.1051886234781644E-03   0.2514529959918195E-06   0.3033595229851782E-04   0.2174454405877399E-03
  0.8672500000000001E+02   0.9782364270459921E+00   0.2076847318969154E-03  -0.1094164071621540E-01   0.1049911412948918E-03   0.2511256983601594E-06   0.3026285056682966E-04   0.2170285600849070E-03
  0.8677499999999999E+02   0.9782623594898987E+00   0.2072983264837355E-03  -0.1092853116078230E-01   0.1047944122415251E-03   0.2507996585039728E-06   0.3018997437482704E-04   0.2166132854364195E-03
  0.8682500000000000E+02   0.9782882438781418E+00   0.2069133425506260E-03  -0.1091544607199069E-01   0.1045984095742366E-03   0.2504748154973020E-06   0.3011732277780708E-04   0.2161995610303517E-03
  0.8687499999999999E+02   0.9783140803644290E+00   0.2065297336910319E-03  -0.1090238537117161E-01   0.1044031097823114E-03   0.2501511160132483E-06   0.3004489483868901E-04   0.2157873379476008E-03
  0.8692500000000000E+02   0.9783398691006998E+00   0.2061474589275509E-03  -0.1088934898055538E-01   0.1042084921010007E-03   0.2498285131783819E-06   0.2997268962861010E-04   0.2153765729537645E-03
  0.8697500000000001E+02   0.9783656102370055E+00   0.2057664819043480E-03  -0.1087633682333244E-01   0.1040145381031068E-03   0.2495069656119831E-06   0.2990070622719856E-04   0.2149672276539432E-03
  0.8702499999999999E+02   0.9783913039214636E+00   0.2053867702112314E-03  -0.1086334882367668E-01   0.1038212313571521E-03   0.2491864366217132E-06   0.2982894372264067E-04   0.2145592677853243E-03
  0.8707499999999999E+02   0.9784169503002630E+00   0.2050082948178535E-03  -0.1085038490674173E-01   0.1036285571412395E-03   0.2488668935302032E-06   0.2975740121160178E-04   0.2141526626250133E-03
  0.8712500000000000E+02   0.9784425495177016E+00   0.2046310295994668E-03  -0.1083744499864348E-01   0.1034365022032128E-03   0.2485483071105292E-06   0.2968607779907357E-04   0.2137473844936734E-03
  0.8717500000000000E+02   0.9784681017162433E+00   0.2042549509385533E-03  -0.1082452902642972E-01   0.1032450545591879E-03   0.2482306511119572E-06   0.2961497259815435E-04   0.2133434083385699E-03
  0.8722500000000001E+02   0.9784936070365878E+00   0.2038800373892754E-03  -0.1081163691804543E-01   0.1030542033238536E-03   0.2479139018604486E-06   0.2954408472980804E-04   0.2129407113823560E-03
  0.8727499999999999E+02   0.9785190656177438E+00   0.2035062693939734E-03  -0.1079876860229612E-01   0.1028639385670935E-03   0.2475980379211176E-06   0.2947341332261598E-04   0.2125392728263285E-03
  0.8732499999999999E+02   0.9785444775971067E+00   0.2031336290428314E-03  -0.1078592400880762E-01   0.1026742511924386E-03   0.2472830398120791E-06   0.2940295751251197E-04   0.2121390735988599E-03
  0.8737500000000000E+02   0.9785698431105339E+00   0.2027620998694431E-03  -0.1077310306798851E-01   0.1024851328336752E-03   0.2469688897610438E-06   0.2933271644253430E-04   0.2117400961414028E-03
  0.8742500000000000E+02   0.9785951622924188E+00   0.2023916666762959E-03  -0.1076030571099285E-01   0.1022965757665841E-03   0.2466555714975380E-06   0.2926268926258252E-04   0.2113423242258048E-03
  0.8747500000000001E+02   0.9786204352757624E+00   0.2020223153852733E-03  -0.1074753186968347E-01   0.1021085728333308E-03   0.2463430700749190E-06   0.2919287512917916E-04   0.2109457427978083E-03
  0.8752499999999999E+02   0.9786456621922386E+00   0.2016540329091381E-03  -0.1073478147659879E-01   0.1019211173774670E-03   0.2460313717173774E-06   0.2912327320525295E-04   0.2105503378425090E-03
  0.8757499999999999E+02   0.9786708431722593E+00   0.2012868070406689E-03  -0.1072205446492069E-01   0.1017342031878600E-03   0.2457204636879656E-06   0.2905388265993008E-04   0.2101560962682901E-03
  0.8762500000000000E+02   0.9786959783450326E+00   0.2009206263567042E-03  -0.1070935076844415E-01   0.1015478244501613E-03   0.2454103341743821E-06   0.2898470266833629E-04   0.2097630058063606E-03
  0.8767500000000001E+02   0.9787210678386183E+00   0.2005554801348100E-03  -0.1069667032154975E-01   0.1013619757046587E-03   0.2451009721897918E-06   0.2891573241141710E-04   0.2093710549235050E-03
  0.8772499999999999E+02   0.9787461117799796E+00   0.2001913582806817E-03  -0.1068401305917710E-01   0.1011766518095580E-03   0.2447923674864316E-06   0.2884697107576364E-04   0.2089802327460697E-03
  0.8777499999999999E+02   0.9787711102950299E+00   0.1998282512646940E-03  -0.1067137891680137E-01   0.1009918479088908E-03   0.2444845104801134E-06   0.2877841785345734E-04   0.2085905289935240E-03
  0.8782499999999999E+02   0.9787960635086792E+00   0.1994661500662848E-03  -0.1065876783040964E-01   0.1008075594043840E-03   0.2441773921840565E-06   0.2871007194191493E-04   0.2082019339202208E-03
  0.8787500000000000E+02   0.9788209715448736E+00   0.1991050461250561E-03  -0.1064617973648119E-01   0.1006237819307270E-03   0.2438710041507221E-06   0.2864193254375529E-04   0.2078144382641894E-03
  0.8792500000000000E+02   0.9788458345266343E+00   0.1987449312976603E-03  -0.1063361457196721E-01   0.1004405113337647E-03   0.2435653384205382E-06   0.2857399886666538E-04   0.2074280332019843E-03
  0.8797499999999998E+02   0.9788706525760935E+00   0.1983857978196864E-03  -0.1062107227427334E-01   0.1002577436512184E-03   0.2432603874765780E-06   0.2850627012328121E-04   0.2070427103087660E-03
  0.8802499999999999E+02   0.9788954258145267E+00   0.1980276382718696E-03  -0.1060855278124251E-01   0.1000754750955943E-03   0.2429561442043896E-06   0.2843874553107242E-04   0.2066584615229104E-03
  0.8807500000000000E+02   0.9789201543623843E+00   0.1976704455500637E-03  -0.1059605603113956E-01   0.9989370203899500E-04   0.2426526018563052E-06   0.2837142431223646E-04   0.2062752791145553E-03
  0.8812500000000000E+02   0.9789448383393193E+00   0.1973142128384866E-03  -0.1058358196263687E-01   0.9971242099958537E-04   0.2423497540196488E-06   0.2830430569359967E-04   0.2058931556575742E-03
  0.8817500000000000E+02   0.9789694778642145E+00   0.1969589335858269E-03  -0.1057113051480074E-01   0.9953162862950662E-04   0.2420475945883507E-06   0.2823738890652266E-04   0.2055120840045452E-03
  0.8822499999999999E+02   0.9789940730552070E+00   0.1966046014838540E-03  -0.1055870162707884E-01   0.9935132170405606E-04   0.2417461177375437E-06   0.2817067318681218E-04   0.2051320572643410E-03
  0.8827499999999999E+02   0.9790186240297113E+00   0.1962512104482290E-03  -0.1054629523928852E-01   0.9917149711197968E-04   0.2414453179007779E-06   0.2810415777463871E-04   0.2047530687820228E-03
  0.8832500000000000E+02   0.9790431309044410E+00   0.1958987546012499E-03  -0.1053391129160619E-01   0.9899215184674377E-04   0.2411451897495406E-06   0.2803784191445958E-04   0.2043751121207597E-03
  0.8837500000000000E+02   0.9790675937954290E+00   0.1955472282563072E-03  -0.1052154972455621E-01   0.9881328299867077E-04   0.2408457281748105E-06   0.2797172485494057E-04   0.2039981810455385E-03
  0.8842500000000000E+02   0.9790920128180463E+00   0.1951966259038446E-03  -0.1050921047900233E-01   0.9863488774783709E-04   0.2405469282704053E-06   0.2790580584889153E-04   0.2036222695084500E-03
  0.8847499999999999E+02   0.9791163880870193E+00   0.1948469421986645E-03  -0.1049689349613825E-01   0.9845696335765067E-04   0.2402487853179282E-06   0.2784008415319788E-04   0.2032473716353827E-03
  0.8852499999999999E+02   0.9791407197164473E+00   0.1944981719484169E-03  -0.1048459871747875E-01   0.9827950716902729E-04   0.2399512947731246E-06   0.2777455902875525E-04   0.2028734817139560E-03
  0.8857500000000000E+02   0.9791650078198172E+00   0.1941503101031492E-03  -0.1047232608485327E-01   0.9810251659510325E-04   0.2396544522534997E-06   0.2770922974041788E-04   0.2025005941825642E-03
  0.8862500000000000E+02   0.9791892525100183E+00   0.1938033517458001E-03  -0.1046007554039652E-01   0.9792598911642593E-04   0.2393582535270606E-06   0.2764409555693175E-04   0.2021287036204096E-03
  0.8867500000000000E+02   0.9792134538993567E+00   0.1934572920835355E-03  -0.1044784702654300E-01   0.9774992227656984E-04   0.2390626945020602E-06   0.2757915575088846E-04   0.2017578047384160E-03
  0.8872499999999999E+02   0.9792376120995673E+00   0.1931121264398398E-03  -0.1043564048601975E-01   0.9757431367813502E-04   0.2387677712176390E-06   0.2751440959867035E-04   0.2013878923709353E-03
  0.8877500000000001E+02   0.9792617272218272E+00   0.1927678502472856E-03  -0.1042345586184001E-01   0.9739916097908859E-04   0.2384734798352753E-06   0.2744985638040083E-04   0.2010189614681625E-03
  0.8882499999999999E+02   0.9792857993767662E+00   0.1924244590409127E-03  -0.1041129309729782E-01   0.9722446188941412E-04   0.2381798166309579E-06   0.2738549537989963E-04   0.2006510070891904E-03
  0.8887500000000000E+02   0.9793098286744784E+00   0.1920819484521523E-03  -0.1039915213596221E-01   0.9705021416803728E-04   0.2378867779880098E-06   0.2732132588463672E-04   0.2002840243956343E-03
  0.8892500000000000E+02   0.9793338152245322E+00   0.1917403142032504E-03  -0.1038703292167187E-01   0.9687641562000373E-04   0.2375943603905034E-06   0.2725734718568872E-04   0.1999180086457802E-03
  0.8897499999999999E+02   0.9793577591359808E+00   0.1913995521021315E-03  -0.1037493539853018E-01   0.9670306409387966E-04   0.2373025604172004E-06   0.2719355857769745E-04   0.1995529551891936E-03
  0.8902500000000001E+02   0.9793816605173704E+00   0.1910596580376728E-03  -0.1036285951090044E-01   0.9653015747936010E-04   0.2370113747359793E-06   0.2712995935882977E-04   0.1991888594617590E-03
  0.8907499999999999E+02   0.9794055194767505E+00   0.1907206279753394E-03  -0.1035080520340159E-01   0.9635769370505983E-04   0.2367208000986915E-06   0.2706654883074083E-04   0.1988257169810966E-03
  0.8912500000000000E+02   0.9794293361216807E+00   0.1903824579531547E-03  -0.1033877242090364E-01   0.9618567073647372E-04   0.2364308333364167E-06   0.2700332629853500E-04   0.1984635233423311E-03
  0.8917500000000001E+02   0.9794531105592402E+00   0.1900451440779715E-03  -0.1032676110852371E-01   0.9601408657408947E-04   0.2361414713550750E-06   0.2694029107073113E-04   0.1981022742141751E-03
  0.8922499999999999E+02   0.9794768428960345E+00   0.1897086825220186E-03  -0.1031477121162228E-01   0.9584293925163936E-04   0.2358527111313663E-06   0.2687744245922882E-04   0.1977419653353007E-03
  0.8927499999999999E+02   0.9795005332382033E+00   0.1893730695196967E-03  -0.1030280267579908E-01   0.9567222683447827E-04   0.2355645497090061E-06   0.2681477977927282E-04   0.1973825925109732E-03
  0.8932500000000000E+02   0.9795241816914271E+00   0.1890383013646052E-03  -0.1029085544688979E-01   0.9550194741807851E-04   0.2352769841952351E-06   0.2675230234942205E-04   0.1970241516099258E-03
  0.8937500000000000E+02   0.9795477883609336E+00   0.1887043744067767E-03  -0.1027892947096321E-01   0.9533209912662987E-04   0.2349900117575759E-06   0.2669000949152142E-04   0.1966666385614527E-03
  0.8942500000000000E+02   0.9795713533515051E+00   0.1883712850501014E-03  -0.1026702469431640E-01   0.9516268011173519E-04   0.2347036296208145E-06   0.2662790053066300E-04   0.1963100493527004E-03
  0.8947499999999999E+02   0.9795948767674835E+00   0.1880390297499294E-03  -0.1025514106347369E-01   0.9499368855119690E-04   0.2344178350641939E-06   0.2656597479516759E-04   0.1959543800261466E-03
  0.8952499999999999E+02   0.9796183587127768E+00   0.1877076050108326E-03  -0.1024327852518192E-01   0.9482512264788312E-04   0.2341326254187959E-06   0.2650423161654673E-04   0.1955996266772449E-03
  0.8957500000000000E+02   0.9796417992908646E+00   0.1873770073845144E-03  -0.1023143702640839E-01   0.9465698062866940E-04   0.2338479980650990E-06   0.2644267032947946E-04   0.1952457854522252E-03
  0.8962500000000000E+02   0.9796651986048034E+00   0.1870472334678540E-03  -0.1021961651433823E-01   0.9448926074344837E-04   0.2335639504306961E-06   0.2638129027178562E-04   0.1948928525460356E-03
  0.8967500000000000E+02   0.9796885567572320E+00   0.1867182799010786E-03  -0.1020781693637107E-01   0.9432196126420378E-04   0.2332804799881631E-06   0.2632009078439596E-04   0.1945408242004174E-03
  0.8972499999999999E+02   0.9797118738503762E+00   0.1863901433660477E-03  -0.1019603824011928E-01   0.9415508048414166E-04   0.2329975842530609E-06   0.2625907121133043E-04   0.1941896967020980E-03
  0.8977499999999999E+02   0.9797351499860537E+00   0.1860628205846466E-03  -0.1018428037340513E-01   0.9398861671687648E-04   0.2327152607820674E-06   0.2619823089967144E-04   0.1938394663810990E-03
  0.8982500000000000E+02   0.9797583852656793E+00   0.1857363083172757E-03  -0.1017254328425821E-01   0.9382256829566579E-04   0.2324335071712213E-06   0.2613756919953780E-04   0.1934901296091431E-03
  0.8987500000000001E+02   0.9797815797902686E+00   0.1854106033614328E-03  -0.1016082692091347E-01   0.9365693357269202E-04   0.2321523210542777E-06   0.2607708546406285E-04   0.1931416827981601E-03
  0.8992500000000000E+02   0.9798047336604424E+00   0.1850857025503778E-03  -0.1014913123180905E-01   0.9349171091838597E-04   0.2318717001011604E-06   0.2601677904937105E-04   0.1927941223988789E-03
  0.8997499999999999E+02   0.9798278469764319E+00   0.1847616027518763E-03  -0.1013745616558359E-01   0.9332689872079000E-04   0.2315916420165083E-06   0.2595664931455228E-04   0.1924474448995009E-03
  0.9002499999999999E+02   0.9798509198380813E+00   0.1844383008670151E-03  -0.1012580167107502E-01   0.9316249538495807E-04   0.2313121445383063E-06   0.2589669562164386E-04   0.1921016468244516E-03
  0.9007500000000000E+02   0.9798739523448525E+00   0.1841157938290854E-03  -0.1011416769731810E-01   0.9299849933238942E-04   0.2310332054365963E-06   0.2583691733560626E-04   0.1917567247332000E-03
  0.9012500000000000E+02   0.9798969445958293E+00   0.1837940786025282E-03  -0.1010255419354189E-01   0.9283490900049411E-04   0.2307548225122615E-06   0.2577731382429852E-04   0.1914126752191453E-03
  0.9017499999999998E+02   0.9799198966897200E+00   0.1834731521819360E-03  -0.1009096110916929E-01   0.9267172284208723E-04   0.2304769935958789E-06   0.2571788445846440E-04   0.1910694949085627E-03
  0.9022499999999999E+02   0.9799428087248618E+00   0.1831530115911116E-03  -0.1007938839381384E-01   0.9250893932491133E-04   0.2301997165466368E-06   0.2565862861170466E-04   0.1907271804596072E-03
  0.9027500000000001E+02   0.9799656807992241E+00   0.1828336538821745E-03  -0.1006783599727867E-01   0.9234655693118375E-04   0.2299229892513105E-06   0.2559954566046062E-04   0.1903857285613702E-03
  0.9032500000000000E+02   0.9799885130104115E+00   0.1825150761347159E-03  -0.1005630386955481E-01   0.9218457415716796E-04   0.2296468096232946E-06   0.2554063498399399E-04   0.1900451359329846E-03
  0.9037500000000000E+02   0.9800113054556676E+00   0.1821972754549970E-03  -0.1004479196081898E-01   0.9202298951276688E-04   0.2293711756016856E-06   0.2548189596436500E-04   0.1897053993227760E-03
  0.9042499999999998E+02   0.9800340582318779E+00   0.1818802489751879E-03  -0.1003330022143245E-01   0.9186180152113716E-04   0.2290960851504148E-06   0.2542332798641525E-04   0.1893665155074579E-03
  0.9047499999999999E+02   0.9800567714355728E+00   0.1815639938526451E-03  -0.1002182860193945E-01   0.9170100871832255E-04   0.2288215362574243E-06   0.2536493043774895E-04   0.1890284812913656E-03
  0.9052500000000001E+02   0.9800794451629304E+00   0.1812485072692250E-03  -0.1001037705306551E-01   0.9154060965290557E-04   0.2285475269338863E-06   0.2530670270871358E-04   0.1886912935057287E-03
  0.9057499999999999E+02   0.9801020795097806E+00   0.1809337864306302E-03  -0.9998945525715563E-02   0.9138060288567604E-04   0.2282740552134614E-06   0.2524864419237977E-04   0.1883549490079778E-03
  0.9062500000000000E+02   0.9801246745716063E+00   0.1806198285657885E-03  -0.9987533970973295E-02   0.9122098698931578E-04   0.2280011191515951E-06   0.2519075428452721E-04   0.1880194446810862E-03
  0.9067500000000000E+02   0.9801472304435472E+00   0.1803066309262604E-03  -0.9976142340099248E-02   0.9106176054809805E-04   0.2277287168248476E-06   0.2513303238362455E-04   0.1876847774329405E-03
  0.9072499999999999E+02   0.9801697472204030E+00   0.1799941907856738E-03  -0.9964770584529048E-02   0.9090292215760071E-04   0.2274568463302563E-06   0.2507547789081009E-04   0.1873509441957405E-03
  0.9077500000000001E+02   0.9801922249966342E+00   0.1796825054391865E-03  -0.9953418655872959E-02   0.9074447042443312E-04   0.2271855057847302E-06   0.2501809020987912E-04   0.1870179419254281E-03
  0.9082500000000000E+02   0.9802146638663666E+00   0.1793715722029712E-03  -0.9942086505913994E-02   0.9058640396597500E-04   0.2269146933244714E-06   0.2496086874726407E-04   0.1866857676011398E-03
  0.9087499999999999E+02   0.9802370639233930E+00   0.1790613884137254E-03  -0.9930774086606253E-02   0.9042872141012732E-04   0.2266444071044252E-06   0.2490381291201605E-04   0.1863544182246853E-03
  0.9092500000000000E+02   0.9802594252611760E+00   0.1787519514282004E-03  -0.9919481350074477E-02   0.9027142139507334E-04   0.2263746452977536E-06   0.2484692211579241E-04   0.1860238908200464E-03
  0.9097499999999999E+02   0.9802817479728497E+00   0.1784432586227535E-03  -0.9908208248612271E-02   0.9011450256905102E-04   0.2261054060953348E-06   0.2479019577283783E-04   0.1856941824329000E-03
  0.9102499999999999E+02   0.9803040321512230E+00   0.1781353073929175E-03  -0.9896954734680996E-02   0.8995796359013438E-04   0.2258366877052840E-06   0.2473363329996871E-04   0.1853652901301594E-03
  0.9107500000000000E+02   0.9803262778887812E+00   0.1778280951529892E-03  -0.9885720760908767E-02   0.8980180312602459E-04   0.2255684883524959E-06   0.2467723411655832E-04   0.1850372109995359E-03
  0.9112499999999999E+02   0.9803484852776888E+00   0.1775216193356348E-03  -0.9874506280088902E-02   0.8964601985384920E-04   0.2253008062782073E-06   0.2462099764451925E-04   0.1847099421491176E-03
  0.9117500000000000E+02   0.9803706544097917E+00   0.1772158773915106E-03  -0.9863311245178918E-02   0.8949061245996965E-04   0.2250336397395774E-06   0.2456492330828852E-04   0.1843834807069645E-03
  0.9122499999999999E+02   0.9803927853766183E+00   0.1769108667889012E-03  -0.9852135609299983E-02   0.8933557963979730E-04   0.2247669870092889E-06   0.2450901053481536E-04   0.1840578238207225E-03
  0.9127499999999999E+02   0.9804148782693840E+00   0.1766065850133699E-03  -0.9840979325734467E-02   0.8918092009761558E-04   0.2245008463751626E-06   0.2445325875353918E-04   0.1837329686572491E-03
  0.9132500000000000E+02   0.9804369331789903E+00   0.1763030295674237E-03  -0.9829842347926721E-02   0.8902663254640986E-04   0.2242352161397901E-06   0.2439766739638408E-04   0.1834089124022560E-03
  0.9137500000000000E+02   0.9804589501960295E+00   0.1760001979701911E-03  -0.9818724629480302E-02   0.8887271570770359E-04   0.2239700946201807E-06   0.2434223589773550E-04   0.1830856522599637E-03
  0.9142500000000000E+02   0.9804809294107852E+00   0.1756980877571131E-03  -0.9807626124157531E-02   0.8871916831140098E-04   0.2237054801474240E-06   0.2428696369442862E-04   0.1827631854527708E-03
  0.9147499999999999E+02   0.9805028709132348E+00   0.1753966964796437E-03  -0.9796546785879379E-02   0.8856598909563491E-04   0.2234413710663634E-06   0.2423185022573853E-04   0.1824415092209335E-03
  0.9152499999999999E+02   0.9805247747930514E+00   0.1750960217049637E-03  -0.9785486568722690E-02   0.8841317680662116E-04   0.2231777657352855E-06   0.2417689493335709E-04   0.1821206208222583E-03
  0.9157500000000000E+02   0.9805466411396055E+00   0.1747960610157038E-03  -0.9774445426920964E-02   0.8826073019851749E-04   0.2229146625256192E-06   0.2412209726138772E-04   0.1818005175318052E-03
  0.9162500000000000E+02   0.9805684700419673E+00   0.1744968120096778E-03  -0.9763423314862019E-02   0.8810864803328809E-04   0.2226520598216486E-06   0.2406745665632459E-04   0.1814811966416011E-03
  0.9167499999999998E+02   0.9805902615889083E+00   0.1741982722996255E-03  -0.9752420187087885E-02   0.8795692908057237E-04   0.2223899560202348E-06   0.2401297256704307E-04   0.1811626554603638E-03
  0.9172499999999999E+02   0.9806120158689031E+00   0.1739004395129632E-03  -0.9741435998293579E-02   0.8780557211755834E-04   0.2221283495305484E-06   0.2395864444478472E-04   0.1808448913132338E-03
  0.9177500000000001E+02   0.9806337329701313E+00   0.1736033112915463E-03  -0.9730470703326111E-02   0.8765457592886143E-04   0.2218672387738148E-06   0.2390447174314332E-04   0.1805279015415188E-03
  0.9182500000000000E+02   0.9806554129804794E+00   0.1733068852914360E-03  -0.9719524257183587E-02   0.8750393930640573E-04   0.2216066221830650E-06   0.2385045391805171E-04   0.1802116835024424E-03
  0.9187500000000000E+02   0.9806770559875422E+00   0.1730111591826755E-03  -0.9708596615014442E-02   0.8735366104931020E-04   0.2213464982028972E-06   0.2379659042776904E-04   0.1798962345689035E-03
  0.9192500000000000E+02   0.9806986620786244E+00   0.1727161306490741E-03  -0.9697687732116433E-02   0.8720373996377844E-04   0.2210868652892474E-06   0.2374288073286715E-04   0.1795815521292433E-03
  0.9197499999999999E+02   0.9807202313407433E+00   0.1724217973879974E-03  -0.9686797563935978E-02   0.8705417486299202E-04   0.2208277219091672E-06   0.2368932429621860E-04   0.1792676335870191E-03
  0.9202500000000001E+02   0.9807417638606289E+00   0.1721281571101654E-03  -0.9675926066067042E-02   0.8690496456700723E-04   0.2205690665406104E-06   0.2363592058298248E-04   0.1789544763607859E-03
  0.9207500000000000E+02   0.9807632597247272E+00   0.1718352075394547E-03  -0.9665073194250362E-02   0.8675610790265480E-04   0.2203108976722249E-06   0.2358266906059220E-04   0.1786420778838834E-03
  0.9212499999999999E+02   0.9807847190192005E+00   0.1715429464127096E-03  -0.9654238904372558E-02   0.8660760370344306E-04   0.2200532138031545E-06   0.2352956919874234E-04   0.1783304356042314E-03
  0.9217500000000000E+02   0.9808061418299295E+00   0.1712513714795574E-03  -0.9643423152465691E-02   0.8645945080946415E-04   0.2197960134428454E-06   0.2347662046937824E-04   0.1780195469841301E-03
  0.9222499999999999E+02   0.9808275282425151E+00   0.1709604805022293E-03  -0.9632625894705926E-02   0.8631164806730248E-04   0.2195392951108597E-06   0.2342382234668092E-04   0.1777094095000662E-03
  0.9227500000000001E+02   0.9808488783422794E+00   0.1706702712553878E-03  -0.9621847087412871E-02   0.8616419432994676E-04   0.2192830573366955E-06   0.2337117430705551E-04   0.1774000206425259E-03
  0.9232500000000000E+02   0.9808701922142679E+00   0.1703807415259576E-03  -0.9611086687049242E-02   0.8601708845670375E-04   0.2190272986596120E-06   0.2331867582912136E-04   0.1770913779158116E-03
  0.9237499999999999E+02   0.9808914699432505E+00   0.1700918891129624E-03  -0.9600344650219528E-02   0.8587032931311495E-04   0.2187720176284604E-06   0.2326632639369717E-04   0.1767834788378648E-03
  0.9242500000000000E+02   0.9809127116137228E+00   0.1698037118273665E-03  -0.9589620933669440E-02   0.8572391577087575E-04   0.2185172128015211E-06   0.2321412548379020E-04   0.1764763209400942E-03
  0.9247500000000001E+02   0.9809339173099089E+00   0.1695162074919198E-03  -0.9578915494284912E-02   0.8557784670775638E-04   0.2182628827463445E-06   0.2316207258458317E-04   0.1761699017672072E-03
  0.9252499999999999E+02   0.9809550871157606E+00   0.1692293739410094E-03  -0.9568228289092207E-02   0.8543212100752604E-04   0.2180090260395991E-06   0.2311016718342678E-04   0.1758642188770484E-03
  0.9257499999999999E+02   0.9809762211149610E+00   0.1689432090205118E-03  -0.9557559275255700E-02   0.8528673755987760E-04   0.2177556412669207E-06   0.2305840876982082E-04   0.1755592698404395E-03
  0.9262499999999999E+02   0.9809973193909247E+00   0.1686577105876522E-03  -0.9546908410078769E-02   0.8514169526035553E-04   0.2175027270227689E-06   0.2300679683541053E-04   0.1752550522410249E-03
  0.9267500000000000E+02   0.9810183820267995E+00   0.1683728765108662E-03  -0.9536275651001791E-02   0.8499699301028545E-04   0.2172502819102882E-06   0.2295533087396892E-04   0.1749515636751223E-03
  0.9272500000000001E+02   0.9810394091054679E+00   0.1680887046696660E-03  -0.9525660955602144E-02   0.8485262971670559E-04   0.2169983045411713E-06   0.2290401038138893E-04   0.1746488017515755E-03
  0.9277499999999999E+02   0.9810604007095485E+00   0.1678051929545078E-03  -0.9515064281593322E-02   0.8470860429229919E-04   0.2167467935355267E-06   0.2285283485567124E-04   0.1743467640916109E-03
  0.9282499999999999E+02   0.9810813569213969E+00   0.1675223392666662E-03  -0.9504485586824152E-02   0.8456491565533019E-04   0.2164957475217522E-06   0.2280180379691276E-04   0.1740454483286994E-03
  0.9287500000000000E+02   0.9811022778231074E+00   0.1672401415181079E-03  -0.9493924829278133E-02   0.8442156272957874E-04   0.2162451651364087E-06   0.2275091670729562E-04   0.1737448521084188E-03
  0.9292500000000000E+02   0.9811231634965146E+00   0.1669585976313723E-03  -0.9483381967072879E-02   0.8427854444428017E-04   0.2159950450241013E-06   0.2270017309107691E-04   0.1734449730883234E-03
  0.9297499999999999E+02   0.9811440140231942E+00   0.1666777055394518E-03  -0.9472856958459230E-02   0.8413585973406369E-04   0.2157453858373602E-06   0.2264957245457654E-04   0.1731458089378124E-03
  0.9302500000000001E+02   0.9811648294844642E+00   0.1663974631856775E-03  -0.9462349761820810E-02   0.8399350753889391E-04   0.2154961862365278E-06   0.2259911430616776E-04   0.1728473573380053E-03
  0.9307499999999999E+02   0.9811856099613869E+00   0.1661178685236058E-03  -0.9451860335673135E-02   0.8385148680401297E-04   0.2152474448896466E-06   0.2254879815626510E-04   0.1725496159816171E-03
  0.9312500000000000E+02   0.9812063555347694E+00   0.1658389195169085E-03  -0.9441388638663395E-02   0.8370979647988425E-04   0.2149991604723512E-06   0.2249862351731595E-04   0.1722525825728384E-03
  0.9317500000000000E+02   0.9812270662851656E+00   0.1655606141392661E-03  -0.9430934629569121E-02   0.8356843552213771E-04   0.2147513316677641E-06   0.2244858990378663E-04   0.1719562548272175E-03
  0.9322499999999999E+02   0.9812477422928764E+00   0.1652829503742620E-03  -0.9420498267298183E-02   0.8342740289151569E-04   0.2145039571663915E-06   0.2239869683215500E-04   0.1716606304715447E-03
  0.9327500000000001E+02   0.9812683836379519E+00   0.1650059262152807E-03  -0.9410079510887681E-02   0.8328669755382104E-04   0.2142570356660254E-06   0.2234894382089773E-04   0.1713657072437404E-03
  0.9332499999999999E+02   0.9812889904001922E+00   0.1647295396654076E-03  -0.9399678319503835E-02   0.8314631847986555E-04   0.2140105658716458E-06   0.2229933039048254E-04   0.1710714828927445E-03
  0.9337500000000000E+02   0.9813095626591488E+00   0.1644537887373295E-03  -0.9389294652440761E-02   0.8300626464541908E-04   0.2137645464953239E-06   0.2224985606335496E-04   0.1707779551784073E-03
  0.9342500000000000E+02   0.9813301004941252E+00   0.1641786714532415E-03  -0.9378928469120584E-02   0.8286653503116191E-04   0.2135189762561341E-06   0.2220052036393166E-04   0.1704851218713865E-03
  0.9347499999999999E+02   0.9813506039841788E+00   0.1639041858447504E-03  -0.9368579729091886E-02   0.8272712862263522E-04   0.2132738538800593E-06   0.2215132281858593E-04   0.1701929807530413E-03
  0.9352500000000001E+02   0.9813710732081220E+00   0.1636303299527850E-03  -0.9358248392029922E-02   0.8258804441019513E-04   0.2130291780999069E-06   0.2210226295564143E-04   0.1699015296153328E-03
  0.9357499999999999E+02   0.9813915082445226E+00   0.1633571018275053E-03  -0.9347934417735848E-02   0.8244928138896615E-04   0.2127849476552211E-06   0.2205334030536150E-04   0.1696107662607242E-03
  0.9362500000000000E+02   0.9814119091717060E+00   0.1630844995282136E-03  -0.9337637766135720E-02   0.8231083855879570E-04   0.2125411612921988E-06   0.2200455439993731E-04   0.1693206885020826E-03
  0.9367500000000000E+02   0.9814322760677553E+00   0.1628125211232710E-03  -0.9327358397280494E-02   0.8217271492421117E-04   0.2122978177636106E-06   0.2195590477348079E-04   0.1690312941625862E-03
  0.9372499999999999E+02   0.9814526090105135E+00   0.1625411646900100E-03  -0.9317096271344805E-02   0.8203490949437515E-04   0.2120549158287182E-06   0.2190739096201190E-04   0.1687425810756281E-03
  0.9377500000000001E+02   0.9814729080775835E+00   0.1622704283146537E-03  -0.9306851348627188E-02   0.8189742128304402E-04   0.2118124542531987E-06   0.2185901250345277E-04   0.1684545470847270E-03
  0.9382500000000000E+02   0.9814931733463300E+00   0.1620003100922343E-03  -0.9296623589548636E-02   0.8176024930852615E-04   0.2115704318090681E-06   0.2181076893761387E-04   0.1681671900434363E-03
  0.9387499999999999E+02   0.9815134048938806E+00   0.1617308081265128E-03  -0.9286412954652712E-02   0.8162339259364068E-04   0.2113288472746062E-06   0.2176265980618775E-04   0.1678805078152555E-03
  0.9392500000000000E+02   0.9815336027971260E+00   0.1614619205299015E-03  -0.9276219404604880E-02   0.8148685016567776E-04   0.2110876994342848E-06   0.2171468465273907E-04   0.1675944982735445E-03
  0.9397500000000001E+02   0.9815537671327222E+00   0.1611936454233883E-03  -0.9266042900191174E-02   0.8135062105635955E-04   0.2108469870786969E-06   0.2166684302269143E-04   0.1673091593014384E-03
  0.9402500000000001E+02   0.9815738979770908E+00   0.1609259809364604E-03  -0.9255883402319087E-02   0.8121470430180149E-04   0.2106067090044872E-06   0.2161913446332500E-04   0.1670244887917647E-03
  0.9407499999999999E+02   0.9815939954064206E+00   0.1606589252070309E-03  -0.9245740872015795E-02   0.8107909894247409E-04   0.2103668640142835E-06   0.2157155852376127E-04   0.1667404846469597E-03
  0.9412499999999999E+02   0.9816140594966678E+00   0.1603924763813674E-03  -0.9235615270428044E-02   0.8094380402316658E-04   0.2101274509166321E-06   0.2152411475495598E-04   0.1664571447789905E-03
  0.9417500000000000E+02   0.9816340903235583E+00   0.1601266326140197E-03  -0.9225506558821706E-02   0.8080881859294972E-04   0.2098884685259305E-06   0.2147680270969033E-04   0.1661744671092739E-03
  0.9422500000000001E+02   0.9816540879625872E+00   0.1598613920677510E-03  -0.9215414698581226E-02   0.8067414170514048E-04   0.2096499156623662E-06   0.2142962194256187E-04   0.1658924495686000E-03
  0.9427499999999999E+02   0.9816740524890217E+00   0.1595967529134693E-03  -0.9205339651208733E-02   0.8053977241726663E-04   0.2094117911518528E-06   0.2138257200997374E-04   0.1656110900970555E-03
  0.9432499999999999E+02   0.9816939839778999E+00   0.1593327133301591E-03  -0.9195281378324260E-02   0.8040570979103197E-04   0.2091740938259695E-06   0.2133565247012917E-04   0.1653303866439481E-03
  0.9437500000000000E+02   0.9817138825040338E+00   0.1590692715048171E-03  -0.9185239841664306E-02   0.8027195289228293E-04   0.2089368225219025E-06   0.2128886288301831E-04   0.1650503371677339E-03
  0.9442500000000000E+02   0.9817337481420090E+00   0.1588064256323857E-03  -0.9175215003082271E-02   0.8013850079097474E-04   0.2086999760823851E-06   0.2124220281041384E-04   0.1647709396359441E-03
  0.9447500000000001E+02   0.9817535809661863E+00   0.1585441739156897E-03  -0.9165206824547023E-02   0.8000535256113848E-04   0.2084635533556411E-06   0.2119567181585782E-04   0.1644921920251135E-03
  0.9452499999999999E+02   0.9817733810507023E+00   0.1582825145653734E-03  -0.9155215268143113E-02   0.7987250728084921E-04   0.2082275531953290E-06   0.2114926946465642E-04   0.1642140923207110E-03
  0.9457499999999999E+02   0.9817931484694710E+00   0.1580214457998386E-03  -0.9145240296070001E-02   0.7973996403219369E-04   0.2079919744604862E-06   0.2110299532386990E-04   0.1639366385170692E-03
  0.9462500000000000E+02   0.9818128832961841E+00   0.1577609658451842E-03  -0.9135281870641276E-02   0.7960772190123952E-04   0.2077568160154758E-06   0.2105684896230273E-04   0.1636598286173177E-03
  0.9467500000000000E+02   0.9818325856043120E+00   0.1575010729351463E-03  -0.9125339954284883E-02   0.7947577997800439E-04   0.2075220767299339E-06   0.2101082995049837E-04   0.1633836606333160E-03
  0.9472499999999999E+02   0.9818522554671052E+00   0.1572417653110393E-03  -0.9115414509541675E-02   0.7934413735642547E-04   0.2072877554787167E-06   0.2096493786072640E-04   0.1631081325855867E-03
  0.9477499999999999E+02   0.9818718929575950E+00   0.1569830412216979E-03  -0.9105505499065858E-02   0.7921279313432995E-04   0.2070538511418510E-06   0.2091917226697828E-04   0.1628332425032515E-03
  0.9482499999999999E+02   0.9818914981485943E+00   0.1567248989234205E-03  -0.9095612885624105E-02   0.7908174641340569E-04   0.2068203626044835E-06   0.2087353274495715E-04   0.1625589884239667E-03
  0.9487500000000000E+02   0.9819110711126986E+00   0.1564673366799122E-03  -0.9085736632094665E-02   0.7895099629917187E-04   0.2065872887568313E-06   0.2082801887206767E-04   0.1622853683938604E-03
  0.9492500000000000E+02   0.9819306119222873E+00   0.1562103527622309E-03  -0.9075876701467589E-02   0.7882054190095134E-04   0.2063546284941357E-06   0.2078263022741080E-04   0.1620123804674705E-03
  0.9497499999999999E+02   0.9819501206495238E+00   0.1559539454487316E-03  -0.9066033056843836E-02   0.7869038233184195E-04   0.2061223807166131E-06   0.2073736639177386E-04   0.1617400227076837E-03
  0.9502499999999999E+02   0.9819695973663575E+00   0.1556981130250135E-03  -0.9056205661434946E-02   0.7856051670868922E-04   0.2058905443294099E-06   0.2069222694762277E-04   0.1614682931856747E-03
  0.9507500000000000E+02   0.9819890421445233E+00   0.1554428537838668E-03  -0.9046394478562703E-02   0.7843094415205904E-04   0.2056591182425561E-06   0.2064721147909470E-04   0.1611971899808475E-03
  0.9512500000000000E+02   0.9820084550555440E+00   0.1551881660252215E-03  -0.9036599471658247E-02   0.7830166378621117E-04   0.2054281013709221E-06   0.2060231957198793E-04   0.1609267111807765E-03
  0.9517500000000000E+02   0.9820278361707300E+00   0.1549340480560946E-03  -0.9026820604262298E-02   0.7817267473907226E-04   0.2051974926341727E-06   0.2055755081375704E-04   0.1606568548811484E-03
  0.9522499999999999E+02   0.9820471855611810E+00   0.1546804981905416E-03  -0.9017057840023490E-02   0.7804397614221054E-04   0.2049672909567266E-06   0.2051290479349931E-04   0.1603876191857062E-03
  0.9527499999999999E+02   0.9820665032977863E+00   0.1544275147496045E-03  -0.9007311142699703E-02   0.7791556713080938E-04   0.2047374952677115E-06   0.2046838110195502E-04   0.1601190022061918E-03
  0.9532500000000000E+02   0.9820857894512260E+00   0.1541750960612645E-03  -0.8997580476155953E-02   0.7778744684364263E-04   0.2045081045009244E-06   0.2042397933149198E-04   0.1598510020622918E-03
  0.9537499999999999E+02   0.9821050440919715E+00   0.1539232404603924E-03  -0.8987865804365058E-02   0.7765961442304930E-04   0.2042791175947895E-06   0.2037969907610275E-04   0.1595836168815822E-03
  0.9542500000000000E+02   0.9821242672902872E+00   0.1536719462887013E-03  -0.8978167091406086E-02   0.7753206901490896E-04   0.2040505334923188E-06   0.2033553993139183E-04   0.1593168447994744E-03
  0.9547500000000001E+02   0.9821434591162301E+00   0.1534212118946995E-03  -0.8968484301465462E-02   0.7740480976861754E-04   0.2038223511410717E-06   0.2029150149457500E-04   0.1590506839591622E-03
  0.9552499999999999E+02   0.9821626196396518E+00   0.1531710356336442E-03  -0.8958817398834973E-02   0.7727783583706347E-04   0.2035945694931172E-06   0.2024758336446448E-04   0.1587851325115695E-03
  0.9557500000000000E+02   0.9821817489301985E+00   0.1529214158674948E-03  -0.8949166347912429E-02   0.7715114637660378E-04   0.2033671875049948E-06   0.2020378514146637E-04   0.1585201886152980E-03
  0.9562500000000000E+02   0.9822008470573124E+00   0.1526723509648688E-03  -0.8939531113200450E-02   0.7702474054704084E-04   0.2031402041376767E-06   0.2016010642756939E-04   0.1582558504365762E-03
  0.9567500000000000E+02   0.9822199140902322E+00   0.1524238393009967E-03  -0.8929911659306677E-02   0.7689861751159974E-04   0.2029136183565323E-06   0.2011654682634037E-04   0.1579921161492093E-03
  0.9572500000000001E+02   0.9822389500979941E+00   0.1521758792576770E-03  -0.8920307950943229E-02   0.7677277643690463E-04   0.2026874291312895E-06   0.2007310594291612E-04   0.1577289839345279E-03
  0.9577499999999999E+02   0.9822579551494325E+00   0.1519284692232349E-03  -0.8910719952925583E-02   0.7664721649295743E-04   0.2024616354360009E-06   0.2002978338399286E-04   0.1574664519813412E-03
  0.9582499999999999E+02   0.9822769293131808E+00   0.1516816075924765E-03  -0.8901147630173245E-02   0.7652193685311464E-04   0.2022362362490072E-06   0.1998657875782374E-04   0.1572045184858854E-03
  0.9587500000000000E+02   0.9822958726576726E+00   0.1514352927666493E-03  -0.8891590947708417E-02   0.7639693669406627E-04   0.2020112305529036E-06   0.1994349167420735E-04   0.1569431816517780E-03
  0.9592500000000000E+02   0.9823147852511418E+00   0.1511895231533981E-03  -0.8882049870656106E-02   0.7627221519581369E-04   0.2017866173345044E-06   0.1990052174448277E-04   0.1566824396899691E-03
  0.9597499999999999E+02   0.9823336671616237E+00   0.1509442971667248E-03  -0.8872524364243572E-02   0.7614777154164851E-04   0.2015623955848101E-06   0.1985766858152160E-04   0.1564222908186949E-03
  0.9602499999999999E+02   0.9823525184569563E+00   0.1506996132269469E-03  -0.8863014393799995E-02   0.7602360491813140E-04   0.2013385642989740E-06   0.1981493179972119E-04   0.1561627332634307E-03
  0.9607499999999999E+02   0.9823713392047801E+00   0.1504554697606580E-03  -0.8853519924755582E-02   0.7589971451507147E-04   0.2011151224762700E-06   0.1977231101499515E-04   0.1559037652568461E-03
  0.9612500000000000E+02   0.9823901294725400E+00   0.1502118652006872E-03  -0.8844040922642127E-02   0.7577609952550535E-04   0.2008920691200594E-06   0.1972980584477059E-04   0.1556453850387589E-03
  0.9617500000000001E+02   0.9824088893274849E+00   0.1499687979860601E-03  -0.8834577353091344E-02   0.7565275914567734E-04   0.2006694032377608E-06   0.1968741590797531E-04   0.1553875908560909E-03
  0.9622499999999999E+02   0.9824276188366696E+00   0.1497262665619596E-03  -0.8825129181835978E-02   0.7552969257501867E-04   0.2004471238408170E-06   0.1964514082503757E-04   0.1551303809628229E-03
  0.9627499999999999E+02   0.9824463180669546E+00   0.1494842693796876E-03  -0.8815696374708026E-02   0.7540689901612825E-04   0.2002252299446660E-06   0.1960298021787280E-04   0.1548737536199518E-03
  0.9632499999999999E+02   0.9824649870850076E+00   0.1492428048966273E-03  -0.8806278897638964E-02   0.7528437767475270E-04   0.2000037205687094E-06   0.1956093370987941E-04   0.1546177070954466E-03
  0.9637500000000000E+02   0.9824836259573038E+00   0.1490018715762051E-03  -0.8796876716659408E-02   0.7516212775976705E-04   0.1997825947362833E-06   0.1951900092593214E-04   0.1543622396642064E-03
  0.9642500000000001E+02   0.9825022347501268E+00   0.1487614678878539E-03  -0.8787489797898784E-02   0.7504014848315551E-04   0.1995618514746285E-06   0.1947718149237538E-04   0.1541073496080173E-03
  0.9647499999999999E+02   0.9825208135295692E+00   0.1485215923069763E-03  -0.8778118107584443E-02   0.7491843905999262E-04   0.1993414898148617E-06   0.1943547503701412E-04   0.1538530352155114E-03
  0.9652499999999999E+02   0.9825393623615342E+00   0.1482822433149075E-03  -0.8768761612041875E-02   0.7479699870842411E-04   0.1991215087919460E-06   0.1939388118910975E-04   0.1535992947821241E-03
  0.9657500000000000E+02   0.9825578813117346E+00   0.1480434193988812E-03  -0.8759420277693830E-02   0.7467582664964907E-04   0.1989019074446645E-06   0.1935239957937111E-04   0.1533461266100551E-03
  0.9662500000000000E+02   0.9825763704456952E+00   0.1478051190519922E-03  -0.8750094071060310E-02   0.7455492210790082E-04   0.1986826848155906E-06   0.1931102983994942E-04   0.1530935290082262E-03
  0.9667500000000000E+02   0.9825948298287529E+00   0.1475673407731627E-03  -0.8740782958758242E-02   0.7443428431042931E-04   0.1984638399510614E-06   0.1926977160443173E-04   0.1528415002922420E-03
  0.9672499999999999E+02   0.9826132595260573E+00   0.1473300830671066E-03  -0.8731486907500585E-02   0.7431391248748289E-04   0.1982453719011507E-06   0.1922862450783208E-04   0.1525900387843500E-03
  0.9677499999999999E+02   0.9826316596025714E+00   0.1470933444442959E-03  -0.8722205884096224E-02   0.7419380587229073E-04   0.1980272797196420E-06   0.1918758818658590E-04   0.1523391428134021E-03
  0.9682500000000000E+02   0.9826500301230725E+00   0.1468571234209261E-03  -0.8712939855450075E-02   0.7407396370104502E-04   0.1978095624640021E-06   0.1914666227854568E-04   0.1520888107148144E-03
  0.9687500000000000E+02   0.9826683711521533E+00   0.1466214185188830E-03  -0.8703688788561870E-02   0.7395438521288384E-04   0.1975922191953552E-06   0.1910584642297063E-04   0.1518390408305299E-03
  0.9692500000000000E+02   0.9826866827542216E+00   0.1463862282657095E-03  -0.8694452650526596E-02   0.7383506964987389E-04   0.1973752489784577E-06   0.1906514026052367E-04   0.1515898315089805E-03
  0.9697499999999999E+02   0.9827049649935017E+00   0.1461515511945724E-03  -0.8685231408533500E-02   0.7371601625699342E-04   0.1971586508816721E-06   0.1902454343326225E-04   0.1513411811050488E-03
  0.9702499999999999E+02   0.9827232179340353E+00   0.1459173858442300E-03  -0.8676025029866086E-02   0.7359722428211529E-04   0.1969424239769421E-06   0.1898405558463345E-04   0.1510930879800306E-03
  0.9707500000000000E+02   0.9827414416396816E+00   0.1456837307589996E-03  -0.8666833481901559E-02   0.7347869297599049E-04   0.1967265673397684E-06   0.1894367635946675E-04   0.1508455505015992E-03
  0.9712500000000000E+02   0.9827596361741183E+00   0.1454505844887262E-03  -0.8657656732110719E-02   0.7336042159223155E-04   0.1965110800491842E-06   0.1890340540396874E-04   0.1505985670437677E-03
  0.9717500000000000E+02   0.9827778016008424E+00   0.1452179455887502E-03  -0.8648494748057067E-02   0.7324240938729617E-04   0.1962959611877307E-06   0.1886324236571445E-04   0.1503521359868532E-03
  0.9722499999999999E+02   0.9827959379831707E+00   0.1449858126198768E-03  -0.8639347497397476E-02   0.7312465562047117E-04   0.1960812098414339E-06   0.1882318689364559E-04   0.1501062557174417E-03
  0.9727499999999999E+02   0.9828140453842403E+00   0.1447541841483447E-03  -0.8630214947880410E-02   0.7300715955385631E-04   0.1958668250997809E-06   0.1878323863805794E-04   0.1498609246283513E-03
  0.9732500000000000E+02   0.9828321238670096E+00   0.1445230587457951E-03  -0.8621097067347261E-02   0.7288992045234848E-04   0.1956528060556966E-06   0.1874339725060259E-04   0.1496161411185982E-03
  0.9737500000000000E+02   0.9828501734942593E+00   0.1442924349892426E-03  -0.8611993823730124E-02   0.7277293758362618E-04   0.1954391518055213E-06   0.1870366238427151E-04   0.1493719035933616E-03
  0.9742500000000000E+02   0.9828681943285920E+00   0.1440623114610436E-03  -0.8602905185053134E-02   0.7265621021813370E-04   0.1952258614489876E-06   0.1866403369339877E-04   0.1491282104639489E-03
  0.9747499999999999E+02   0.9828861864324338E+00   0.1438326867488679E-03  -0.8593831119431017E-02   0.7253973762906596E-04   0.1950129340891983E-06   0.1862451083364959E-04   0.1488850601477621E-03
  0.9752500000000001E+02   0.9829041498680348E+00   0.1436035594456677E-03  -0.8584771595069318E-02   0.7242351909235284E-04   0.1948003688326036E-06   0.1858509346201675E-04   0.1486424510682632E-03
  0.9757499999999999E+02   0.9829220846974693E+00   0.1433749281496506E-03  -0.8575726580263843E-02   0.7230755388664485E-04   0.1945881647889813E-06   0.1854578123681353E-04   0.1484003816549421E-03
  0.9762500000000000E+02   0.9829399909826371E+00   0.1431467914642488E-03  -0.8566696043400435E-02   0.7219184129329749E-04   0.1943763210714135E-06   0.1850657381766832E-04   0.1481588503432821E-03
  0.9767500000000000E+02   0.9829578687852636E+00   0.1429191479980914E-03  -0.8557679952954533E-02   0.7207638059635664E-04   0.1941648367962656E-06   0.1846747086551808E-04   0.1479178555747275E-03
  0.9772499999999999E+02   0.9829757181669008E+00   0.1426919963649753E-03  -0.8548678277490507E-02   0.7196117108254377E-04   0.1939537110831652E-06   0.1842847204260093E-04   0.1476773957966509E-03
  0.9777499999999999E+02   0.9829935391889278E+00   0.1424653351838384E-03  -0.8539690985662318E-02   0.7184621204124175E-04   0.1937429430549825E-06   0.1838957701245468E-04   0.1474374694623214E-03
  0.9782499999999999E+02   0.9830113319125514E+00   0.1422391630787302E-03  -0.8530718046212082E-02   0.7173150276447999E-04   0.1935325318378083E-06   0.1835078543990602E-04   0.1471980750308718E-03
  0.9787500000000000E+02   0.9830290963988069E+00   0.1420134786787860E-03  -0.8521759427970288E-02   0.7161704254692054E-04   0.1933224765609345E-06   0.1831209699106707E-04   0.1469592109672680E-03
  0.9792500000000000E+02   0.9830468327085586E+00   0.1417882806181976E-03  -0.8512815099855464E-02   0.7150283068584367E-04   0.1931127763568338E-06   0.1827351133332962E-04   0.1467208757422762E-03
  0.9797499999999999E+02   0.9830645409025004E+00   0.1415635675361878E-03  -0.8503885030873848E-02   0.7138886648113387E-04   0.1929034303611396E-06   0.1823502813535917E-04   0.1464830678324330E-03
  0.9802499999999999E+02   0.9830822210411565E+00   0.1413393380769828E-03  -0.8494969190118828E-02   0.7127514923526608E-04   0.1926944377126269E-06   0.1819664706708831E-04   0.1462457857200135E-03
  0.9807500000000000E+02   0.9830998731848820E+00   0.1411155908897861E-03  -0.8486067546770948E-02   0.7116167825329206E-04   0.1924857975531931E-06   0.1815836779971229E-04   0.1460090278930021E-03
  0.9812500000000000E+02   0.9831174973938637E+00   0.1408923246287514E-03  -0.8477180070097234E-02   0.7104845284282617E-04   0.1922775090278376E-06   0.1812019000568190E-04   0.1457727928450603E-03
  0.9817500000000000E+02   0.9831350937281202E+00   0.1406695379529572E-03  -0.8468306729451314E-02   0.7093547231403235E-04   0.1920695712846437E-06   0.1808211335869962E-04   0.1455370790754979E-03
  0.9822499999999999E+02   0.9831526622475034E+00   0.1404472295263810E-03  -0.8459447494272521E-02   0.7082273597961073E-04   0.1918619834747605E-06   0.1804413753371155E-04   0.1453018850892433E-03
  0.9827499999999999E+02   0.9831702030116979E+00   0.1402253980178726E-03  -0.8450602334086232E-02   0.7071024315478394E-04   0.1916547447523828E-06   0.1800626220690458E-04   0.1450672093968131E-03
  0.9832500000000000E+02   0.9831877160802228E+00   0.1400040421011302E-03  -0.8441771218503091E-02   0.7059799315728433E-04   0.1914478542747343E-06   0.1796848705569883E-04   0.1448330505142835E-03
  0.9837500000000000E+02   0.9832052015124316E+00   0.1397831604546736E-03  -0.8432954117218672E-02   0.7048598530734055E-04   0.1912413112020479E-06   0.1793081175874205E-04   0.1445994069632605E-03
  0.9842500000000000E+02   0.9832226593675130E+00   0.1395627517618203E-03  -0.8424151000013702E-02   0.7037421892766480E-04   0.1910351146975489E-06   0.1789323599590638E-04   0.1443662772708520E-03
  0.9847499999999999E+02   0.9832400897044913E+00   0.1393428147106602E-03  -0.8415361836753066E-02   0.7026269334343995E-04   0.1908292639274366E-06   0.1785575944827987E-04   0.1441336599696383E-03
  0.9852499999999999E+02   0.9832574925822274E+00   0.1391233479940316E-03  -0.8406586597386023E-02   0.7015140788230696E-04   0.1906237580608677E-06   0.1781838179816335E-04   0.1439015535976449E-03
  0.9857500000000000E+02   0.9832748680594192E+00   0.1389043503094961E-03  -0.8397825251945323E-02   0.7004036187435185E-04   0.1904185962699375E-06   0.1778110272906247E-04   0.1436699566983130E-03
  0.9862500000000000E+02   0.9832922161946019E+00   0.1386858203593145E-03  -0.8389077770547870E-02   0.6992955465209345E-04   0.1902137777296632E-06   0.1774392192568653E-04   0.1434388678204724E-03
  0.9867499999999998E+02   0.9833095370461492E+00   0.1384677568504240E-03  -0.8380344123393280E-02   0.6981898555047118E-04   0.1900093016179681E-06   0.1770683907393813E-04   0.1432082855183144E-03
  0.9872499999999999E+02   0.9833268306722731E+00   0.1382501584944123E-03  -0.8371624280764434E-02   0.6970865390683199E-04   0.1898051671156622E-06   0.1766985386091158E-04   0.1429782083513627E-03
  0.9877500000000001E+02   0.9833440971310253E+00   0.1380330240074962E-03  -0.8362918213026593E-02   0.6959855906091904E-04   0.1896013734064278E-06   0.1763296597488505E-04   0.1427486348844479E-03
  0.9882500000000000E+02   0.9833613364802971E+00   0.1378163521104967E-03  -0.8354225890627509E-02   0.6948870035485898E-04   0.1893979196768022E-06   0.1759617510531707E-04   0.1425195636876796E-03
  0.9887500000000000E+02   0.9833785487778203E+00   0.1376001415288169E-03  -0.8345547284097199E-02   0.6937907713315016E-04   0.1891948051161608E-06   0.1755948094284149E-04   0.1422909933364201E-03
  0.9892499999999998E+02   0.9833957340811678E+00   0.1373843909924183E-03  -0.8336882364047171E-02   0.6926968874265078E-04   0.1889920289167023E-06   0.1752288317926036E-04   0.1420629224112574E-03
  0.9897499999999999E+02   0.9834128924477540E+00   0.1371690992357977E-03  -0.8328231101170536E-02   0.6916053453256657E-04   0.1887895902734307E-06   0.1748638150754032E-04   0.1418353494979787E-03
  0.9902500000000001E+02   0.9834300239348355E+00   0.1369542649979658E-03  -0.8319593466241337E-02   0.6905161385443975E-04   0.1885874883841410E-06   0.1744997562180590E-04   0.1416082731875450E-03
  0.9907499999999999E+02   0.9834471285995119E+00   0.1367398870224237E-03  -0.8310969430114667E-02   0.6894292606213695E-04   0.1883857224494031E-06   0.1741366521733615E-04   0.1413816920760645E-03
  0.9912499999999999E+02   0.9834642064987253E+00   0.1365259640571408E-03  -0.8302358963726442E-02   0.6883447051183770E-04   0.1881842916725461E-06   0.1737744999055965E-04   0.1411556047647673E-03
  0.9917500000000000E+02   0.9834812576892626E+00   0.1363124948545329E-03  -0.8293762038092400E-02   0.6872624656202314E-04   0.1879831952596430E-06   0.1734132963904657E-04   0.1409300098599795E-03
  0.9922499999999999E+02   0.9834982822277544E+00   0.1360994781714401E-03  -0.8285178624308775E-02   0.6861825357346430E-04   0.1877824324194947E-06   0.1730530386150757E-04   0.1407049059730976E-03
  0.9927500000000001E+02   0.9835152801706765E+00   0.1358869127691057E-03  -0.8276608693551180E-02   0.6851049090921147E-04   0.1875820023636171E-06   0.1726937235778527E-04   0.1404802917205646E-03
  0.9932500000000000E+02   0.9835322515743500E+00   0.1356747974131529E-03  -0.8268052217074828E-02   0.6840295793458197E-04   0.1873819043062225E-06   0.1723353482885141E-04   0.1402561657238429E-03
  0.9937499999999999E+02   0.9835491964949425E+00   0.1354631308735664E-03  -0.8259509166213985E-02   0.6829565401715044E-04   0.1871821374642093E-06   0.1719779097680067E-04   0.1400325266093925E-03
  0.9942500000000000E+02   0.9835661149884676E+00   0.1352519119246672E-03  -0.8250979512381962E-02   0.6818857852673615E-04   0.1869827010571427E-06   0.1716214050484700E-04   0.1398093730086428E-03
  0.9947499999999999E+02   0.9835830071107863E+00   0.1350411393450953E-03  -0.8242463227070673E-02   0.6808173083539371E-04   0.1867835943072442E-06   0.1712658311731787E-04   0.1395867035579716E-03
  0.9952499999999999E+02   0.9835998729176072E+00   0.1348308119177860E-03  -0.8233960281850083E-02   0.6797511031740087E-04   0.1865848164393741E-06   0.1709111851964831E-04   0.1393645168986784E-03
  0.9957500000000000E+02   0.9836167124644873E+00   0.1346209284299506E-03  -0.8225470648368538E-02   0.6786871634924851E-04   0.1863863666810189E-06   0.1705574641837851E-04   0.1391428116769616E-03
  0.9962499999999999E+02   0.9836335258068318E+00   0.1344114876730560E-03  -0.8216994298352209E-02   0.6776254830963003E-04   0.1861882442622776E-06   0.1702046652114785E-04   0.1389215865438952E-03
  0.9967500000000000E+02   0.9836503129998958E+00   0.1342024884428021E-03  -0.8208531203604208E-02   0.6765660557942975E-04   0.1859904484158452E-06   0.1698527853668754E-04   0.1387008401554024E-03
  0.9972499999999999E+02   0.9836670740987838E+00   0.1339939295391047E-03  -0.8200081336005471E-02   0.6755088754171378E-04   0.1857929783770023E-06   0.1695018217482054E-04   0.1384805711722357E-03
  0.9977499999999999E+02   0.9836838091584507E+00   0.1337858097660725E-03  -0.8191644667513542E-02   0.6744539358171830E-04   0.1855958333835982E-06   0.1691517714645298E-04   0.1382607782599509E-03
  0.9982500000000000E+02   0.9837005182337021E+00   0.1335781279319890E-03  -0.8183221170162791E-02   0.6734012308684009E-04   0.1853990126760395E-06   0.1688026316357132E-04   0.1380414600888851E-03
  0.9987500000000000E+02   0.9837172013791950E+00   0.1333708828492913E-03  -0.8174810816063971E-02   0.6723507544662558E-04   0.1852025154972752E-06   0.1684543993923701E-04   0.1378226153341334E-03
  0.9992500000000000E+02   0.9837338586494385E+00   0.1331640733345510E-03  -0.8166413577404108E-02   0.6713025005276092E-04   0.1850063410927837E-06   0.1681070718758235E-04   0.1376042426755257E-03
  0.9997499999999999E+02   0.9837504900987937E+00   0.1329576982084555E-03  -0.8158029426445834E-02   0.6702564629906203E-04   0.1848104887105607E-06   0.1677606462380420E-04   0.1373863407976053E-03
