#   omega (eV)      epsilon_1       epsilon_2       n               kappa           mu (cm^(-1))    R               epsinv
  0.2500000000000000E-01   0.1142935684953182E+01   0.2649774153469942E-04   0.6908170179213280E-01   0.1239275795773162E-04   0.8544805243325428E-11   0.1114732823753811E-02   0.2028454517207903E-04
  0.7500000000000000E-01   0.1142942258454776E+01   0.7950280313339482E-04   0.6908477673069746E-01   0.3718264671980339E-04   0.7691229242168994E-10   0.1114829036259326E-02   0.6086026774030545E-04
  0.1250000000000000E+00   0.1142955407796388E+01   0.1325366108288306E-03   0.6909092767575675E-01   0.6198565874886344E-04   0.2136955243113687E-09   0.1115021506514426E-02   0.1014558938261242E-03
  0.1750000000000000E+00   0.1142975137657358E+01   0.1856183637401771E-03   0.6910015676429060E-01   0.8681055865802349E-04   0.4189910942576057E-09   0.1115310325062669E-02   0.1420847152751670E-03
  0.2250000000000000E+00   0.1143001455062928E+01   0.2387673136566852E-03   0.6911246720457509E-01   0.1116661347524053E-03   0.6929440882245713E-09   0.1115695627858207E-02   0.1827600582396828E-03
  0.2750000000000000E+00   0.1143034369391745E+01   0.2920027862822507E-03   0.6912786327955600E-01   0.1365612085847853E-03   0.1035748320626518E-08   0.1116177596432703E-02   0.2234952970129607E-03
  0.3250000000000000E+00   0.1143073892385880E+01   0.3453442026574555E-03   0.6914635035135852E-01   0.1615046445905013E-03   0.1447646649932801E-08   0.1116756458118537E-02   0.2643038679761290E-03
  0.3749999999999999E+00   0.1143120038163399E+01   0.3988111008110824E-03   0.6916793486694495E-01   0.1865053598248405E-03   0.1928931375052002E-08   0.1117432486328867E-02   0.3051992836902373E-03
  0.4250000000000000E+00   0.1143172823233518E+01   0.4524231576941793E-03   0.6919262436493190E-01   0.2115723338266129E-03   0.2479944713762290E-08   0.1118206000895221E-02   0.3461951471672264E-03
  0.4749999999999999E+00   0.1143232266514359E+01   0.5062002114509323E-03   0.6922042748358015E-01   0.2367146186321370E-03   0.3101079364723431E-08   0.1119077368463377E-02   0.3873051663541219E-03
  0.5250000000000000E+00   0.1143298389353372E+01   0.5601622840821488E-03   0.6925135396998305E-01   0.2619413489645551E-03   0.3792779154883202E-08   0.1120047002948736E-02   0.4285431688657597E-03
  0.5750000000000001E+00   0.1143371215550446E+01   0.6143296045588820E-03   0.6928541469046512E-01   0.2872617526241658E-03   0.4555539774378009E-08   0.1121115366052049E-02   0.4699231170024466E-03
  0.6249999999999999E+00   0.1143450771383785E+01   0.6687226324457482E-03   0.6932262164222225E-01   0.3126851611063606E-03   0.5389909601326429E-08   0.1122282967837024E-02   0.5114591230902184E-03
  0.6749999999999999E+00   0.1143537085638598E+01   0.7233620820958418E-03   0.6936298796622675E-01   0.3382210204748023E-03   0.6296490619227261E-08   0.1123550367371131E-02   0.5531654651828523E-03
  0.7250000000000001E+00   0.1143630189638663E+01   0.7782689474816777E-03   0.6940652796142910E-01   0.3638789025186070E-03   0.7275939430001019E-08   0.1124918173431314E-02   0.5950566031663641E-03
  0.7749999999999999E+00   0.1143730117280867E+01   0.8334645277296533E-03   0.6945325710029016E-01   0.3896685162236565E-03   0.8328968366060317E-08   0.1126387045276392E-02   0.6371471953086645E-03
  0.8250000000000000E+00   0.1143836905072770E+01   0.8889704534286707E-03   0.6950319204567945E-01   0.4155997195895709E-03   0.9456346705158884E-08   0.1127957693488147E-02   0.6794521152990100E-03
  0.8749999999999999E+00   0.1143950592173317E+01   0.9448087137873358E-03   0.6955635066918098E-01   0.4416825318255577E-03   0.1065890199215737E-07   0.1129630880883269E-02   0.7219864698242855E-03
  0.9249999999999999E+00   0.1144071220436767E+01   0.1001001684718084E-02   0.6961275207085160E-01   0.4679271459601003E-03   0.1193752147225533E-07   0.1131407423498599E-02   0.7647656167316072E-03
  0.9750000000000001E+00   0.1144198834459972E+01   0.1057572157931173E-02   0.6967241660047740E-01   0.4943439419015026E-03   0.1329315364067941E-07   0.1133288191652193E-02   0.8078051838296425E-03
  0.1025000000000000E+01   0.1144333481633110E+01   0.1114543371126346E-02   0.6973536588038476E-01   0.5209434999884690E-03   0.1472680991428760E-07   0.1135274111083175E-02   0.8511210883840968E-03
  0.1075000000000000E+01   0.1144475212193998E+01   0.1171939039375470E-02   0.6980162282985813E-01   0.5477366150723516E-03   0.1623956643105408E-07   0.1137366164173298E-02   0.8947295573662864E-03
  0.1125000000000000E+01   0.1144624079286133E+01   0.1229783387795432E-02   0.6987121169123034E-01   0.5747343111753686E-03   0.1783256598394143E-07   0.1139565391253695E-02   0.9386471485174812E-03
  0.1175000000000000E+01   0.1144780139020595E+01   0.1288101185617219E-02   0.6994415805770804E-01   0.6019478567720468E-03   0.1950702009625152E-07   0.1141872892000315E-02   0.9828907722958904E-03
  0.1225000000000000E+01   0.1144943450541991E+01   0.1346917781764329E-02   0.7002048890300605E-01   0.6293887807443764E-03   0.2126421124617671E-07   0.1144289826921981E-02   0.1027477714777706E-02
  0.1275000000000000E+01   0.1145114076098589E+01   0.1406259142061687E-02   0.7010023261286769E-01   0.6570688890647276E-03   0.2310549524895533E-07   0.1146817418945299E-02   0.1072425661588697E-02
  0.1325000000000000E+01   0.1145292081116855E+01   0.1466151888204998E-02   0.7018341901855374E-01   0.6850002822645021E-03   0.2503230380577513E-07   0.1149456955100923E-02   0.1117752722948348E-02
  0.1375000000000000E+01   0.1145477534280571E+01   0.1526623338630141E-02   0.7027007943238872E-01   0.7131953737507904E-03   0.2704614722937077E-07   0.1152209788316034E-02   0.1163477459914660E-02
  0.1425000000000000E+01   0.1145670507614761E+01   0.1587701551432808E-02   0.7036024668546270E-01   0.7416669090380426E-03   0.2914861735713479E-07   0.1155077339318380E-02   0.1209618911924401E-02
  0.1475000000000000E+01   0.1145871076574658E+01   0.1649415369500280E-02   0.7045395516759134E-01   0.7704279859669658E-03   0.3134139066351215E-07   0.1158061098657502E-02   0.1256196625730984E-02
  0.1525000000000000E+01   0.1146079320139955E+01   0.1711794468030099E-02   0.7055124086964382E-01   0.7994920759886057E-03   0.3362623158448710E-07   0.1161162628849213E-02   0.1303230685850260E-02
  0.1575000000000000E+01   0.1146295320914611E+01   0.1774869404624515E-02   0.7065214142836251E-01   0.8288730465978672E-03   0.3600499606810440E-07   0.1164383566650049E-02   0.1350741746633460E-02
  0.1625000000000000E+01   0.1146519165232509E+01   0.1838671672165251E-02   0.7075669617379887E-01   0.8585851850077099E-03   0.3847963536620935E-07   0.1167725625468625E-02   0.1398751066096375E-02
  0.1675000000000000E+01   0.1146750943269259E+01   0.1903233754690230E-02   0.7086494617950656E-01   0.8886432231628932E-03   0.4105220008395059E-07   0.1171190597921641E-02   0.1447280541644712E-02
  0.1725000000000000E+01   0.1146990749160500E+01   0.1968589186513064E-02   0.7097693431564145E-01   0.9190623642006822E-03   0.4372484450508654E-07   0.1174780358542765E-02   0.1496352747847661E-02
  0.1775000000000000E+01   0.1147238681127045E+01   0.2034772614846914E-02   0.7109270530512690E-01   0.9498583104752165E-03   0.4649983121277588E-07   0.1178496866653218E-02   0.1545990976424866E-02
  0.1825000000000000E+01   0.1147494841607264E+01   0.2101819866217668E-02   0.7121230578305826E-01   0.9810472932726599E-03   0.4937953602734465E-07   0.1182342169403670E-02   0.1596219278626776E-02
  0.1875000000000000E+01   0.1147759337397120E+01   0.2169768016977052E-02   0.7133578435953147E-01   0.1012646104355689E-02   0.5236645328451602E-07   0.1186318404997742E-02   0.1647062510204594E-02
  0.1925000000000000E+01   0.1148032279798303E+01   0.2238655468254767E-02   0.7146319168609838E-01   0.1044672129488614E-02   0.5546320147979402E-07   0.1190427806108319E-02   0.1698546379184103E-02
  0.1975000000000000E+01   0.1148313784774954E+01   0.2308522025720374E-02   0.7159458052606049E-01   0.1077143384108516E-02   0.5867252930712833E-07   0.1194672703498606E-02   0.1750697496677649E-02
  0.2025000000000000E+01   0.1148603973119490E+01   0.2379408984560777E-02   0.7173000582883748E-01   0.1110078551323487E-02   0.6199732212268980E-07   0.1199055529861006E-02   0.1803543430990914E-02
  0.2075000000000000E+01   0.1148902970628100E+01   0.2451359220118305E-02   0.7186952480865871E-01   0.1143497022436523E-02   0.6544060886758267E-07   0.1203578823887826E-02   0.1857112765305852E-02
  0.2125000000000000E+01   0.1149210908286513E+01   0.2524417284677816E-02   0.7201319702785081E-01   0.1177418940213024E-02   0.6900556948664712E-07   0.1208245234589060E-02   0.1911435159248833E-02
  0.2175000000000000E+01   0.1149527922466704E+01   0.2598629510940036E-02   0.7216108448501179E-01   0.1211865245131625E-02   0.7269554288421676E-07   0.1213057525873666E-02   0.1966541414683931E-02
  0.2225000000000000E+01   0.1149854155135229E+01   0.2674044122772451E-02   0.7231325170838732E-01   0.1246857724882267E-02   0.7651403546182398E-07   0.1218018581412122E-02   0.2022463546105768E-02
  0.2275000000000000E+01   0.1150189754073971E+01   0.2750711353889982E-02   0.7246976585479348E-01   0.1282419067402602E-02   0.8046473028746301E-07   0.1223131409799709E-02   0.2079234856044979E-02
  0.2325000000000000E+01   0.1150534873114118E+01   0.2828683575185688E-02   0.7263069681445233E-01   0.1318572917774236E-02   0.8455149695118274E-07   0.1228399150041366E-02   0.2136890015942724E-02
  0.2375000000000000E+01   0.1150889672384274E+01   0.2908015431508234E-02   0.7279611732214430E-01   0.1355343939334468E-02   0.8877840216756411E-07   0.1233825077381001E-02   0.2195465152999304E-02
  0.2425000000000000E+01   0.1151254318573668E+01   0.2988763988768812E-02   0.7296610307510587E-01   0.1392757879397614E-02   0.9314972119213196E-07   0.1239412609499851E-02   0.2254997943556760E-02
  0.2475000000000000E+01   0.1151628985211525E+01   0.3070988892357018E-02   0.7314073285814859E-01   0.1430841640023253E-02   0.9766995012605078E-07   0.1245165313110997E-02   0.2315527713637030E-02
  0.2525000000000000E+01   0.1152013852963737E+01   0.3154752537954469E-02   0.7332008867650508E-01   0.1469623354317605E-02   0.1023438191916805E-06   0.1251086910979163E-02   0.2377095547326969E-02
  0.2575000000000000E+01   0.1152409109948079E+01   0.3240120255958416E-02   0.7350425589696075E-01   0.1509132468809428E-02   0.1071763070708538E-06   0.1257181289397929E-02   0.2439744403780376E-02
  0.2625000000000000E+01   0.1152814952069316E+01   0.3327160510867512E-02   0.7369332339786716E-01   0.1549399832504408E-02   0.1121726564082372E-06   0.1263452506158946E-02   0.2503519243696562E-02
  0.2675000000000000E+01   0.1153231583375677E+01   0.3415945117140586E-02   0.7388738372869885E-01   0.1590457793292956E-02   0.1173383905940365E-06   0.1269904799051442E-02   0.2568467166236440E-02
  0.2725000000000000E+01   0.1153659216438287E+01   0.3506549473219661E-02   0.7408653327986081E-01   0.1632340302467047E-02   0.1226793319538192E-06   0.1276542594933385E-02   0.2634637557452568E-02
  0.2775000000000000E+01   0.1154098072755294E+01   0.3599052815614201E-02   0.7429087246352672E-01   0.1675083028193741E-02   0.1282016214886045E-06   0.1283370519419912E-02   0.2702082251441312E-02
  0.2825000000000000E+01   0.1154548383182605E+01   0.3693538495178056E-02   0.7450050590634993E-01   0.1718723478898005E-02   0.1339117403259014E-06   0.1290393407238671E-02   0.2770855705575571E-02
  0.2875000000000000E+01   0.1155010388393272E+01   0.3790094277979217E-02   0.7471554265497349E-01   0.1763301137627628E-02   0.1398165330624126E-06   0.1297616313306795E-02   0.2841015191348779E-02
  0.2925000000000000E+01   0.1155484339367808E+01   0.3888812673470433E-02   0.7493609639534204E-01   0.1808857608610902E-02   0.1459232332020831E-06   0.1305044524589249E-02   0.2912621002558612E-02
  0.2975000000000000E+01   0.1155970497917877E+01   0.3989791293022540E-02   0.7516228568691496E-01   0.1855436777376117E-02   0.1522394909195200E-06   0.1312683572804333E-02   0.2985736682785984E-02
  0.3024999999999999E+01   0.1156469137246061E+01   0.4093133242289965E-02   0.7539423421298164E-01   0.1903084985984461E-02   0.1587734034091442E-06   0.1320539248048678E-02   0.3060429274387111E-02
  0.3075000000000000E+01   0.1156980542544633E+01   0.4198947551348790E-02   0.7563207104838532E-01   0.1951851225138818E-02   0.1655335481154387E-06   0.1328617613421093E-02   0.3136769591519280E-02
  0.3125000000000000E+01   0.1157505011636542E+01   0.4307349647092482E-02   0.7587593094609080E-01   0.2001787345174985E-02   0.1725290191801321E-06   0.1336925020732989E-02   0.3214832520071829E-02
  0.3175000000000000E+01   0.1158042855662126E+01   0.4418461873002886E-02   0.7612595464415794E-01   0.2052948288225209E-02   0.1797694674891102E-06   0.1345468127401772E-02   0.3294697347781392E-02
  0.3225000000000000E+01   0.1158594399815371E+01   0.4532414062150038E-02   0.7638228919482581E-01   0.2105392344173766E-02   0.1872651447564424E-06   0.1354253914633574E-02   0.3376448128285263E-02
  0.3275000000000000E+01   0.1159159984133907E+01   0.4649344170132680E-02   0.7664508831757999E-01   0.2159181433409026E-02   0.1950269521465621E-06   0.1363289707013000E-02   0.3460174083420661E-02
  0.3325000000000000E+01   0.1159739964347293E+01   0.4769398975675944E-02   0.7691451277822670E-01   0.2214381419826833E-02   0.2030664940100907E-06   0.1372583193629224E-02   0.3545970048726931E-02
  0.3375000000000000E+01   0.1160334712788566E+01   0.4892734857780758E-02   0.7719073079620165E-01   0.2271062458068271E-02   0.2113961373960702E-06   0.1382142450882119E-02   0.3633936967869306E-02
  0.3425000000000000E+01   0.1160944619374463E+01   0.5019518659705961E-02   0.7747391848251395E-01   0.2329299379596733E-02   0.2200290781060609E-06   0.1391975967126303E-02   0.3724182442600252E-02
  0.3475000000000000E+01   0.1161570092660172E+01   0.5149928651699894E-02   0.7776426031094807E-01   0.2389172122952972E-02   0.2289794141766783E-06   0.1402092669328232E-02   0.3816821345933828E-02
  0.3525000000000000E+01   0.1162211560974975E+01   0.5284155606334060E-02   0.7806194962535118E-01   0.2450766214395385E-02   0.2382622278204867E-06   0.1412501951929364E-02   0.3911976507463406E-02
  0.3574999999999999E+01   0.1162869473645604E+01   0.5422404002589909E-02   0.7836718918604779E-01   0.2514173306164268E-02   0.2478936770253454E-06   0.1423213708128358E-02   0.4009779481244295E-02
  0.3625000000000000E+01   0.1163544302314631E+01   0.5564893377586151E-02   0.7868019175865015E-01   0.2579491780836962E-02   0.2578910982149546E-06   0.1434238363817384E-02   0.4110371408439459E-02
  0.3675000000000000E+01   0.1164236542361673E+01   0.5711859848102985E-02   0.7900118074871720E-01   0.2646827431708432E-02   0.2682731216155048E-06   0.1445586914430553E-02   0.4213903989050809E-02
  0.3725000000000000E+01   0.1164946714435559E+01   0.5863557827976592E-02   0.7933039088589933E-01   0.2716294230890629E-02   0.2790598012636256E-06   0.1457270964987823E-02   0.4320540579605871E-02
  0.3775000000000000E+01   0.1165675366105916E+01   0.6020261972145013E-02   0.7966806896132006E-01   0.2788015198938283E-02   0.2902727619399607E-06   0.1469302773643628E-02   0.4430457436733590E-02
  0.3825000000000000E+01   0.1166423073642696E+01   0.6182269383803913E-02   0.8001447462198819E-01   0.2862123392359045E-02   0.3019353657340546E-06   0.1481695299076229E-02   0.4543845130260845E-02
  0.3874999999999999E+01   0.1167190443932006E+01   0.6349902127996569E-02   0.8036988122593636E-01   0.2938763028450541E-02   0.3140729014563662E-06   0.1494462252079583E-02   0.4660910153936517E-02
  0.3925000000000000E+01   0.1167978116535940E+01   0.6523510103292375E-02   0.8073457676149154E-01   0.3018090770649996E-02   0.3267128007329057E-06   0.1507618151743186E-02   0.4781876767323245E-02
  0.3975000000000000E+01   0.1168786765902866E+01   0.6703474333341772E-02   0.8110886483350788E-01   0.3100277202136399E-02   0.3398848853730695E-06   0.1521178386624109E-02   0.4906989109011400E-02
  0.4025000000000000E+01   0.1169617103732383E+01   0.6890210752457447E-02   0.8149306571837056E-01   0.3185508520981915E-02   0.3536216515241253E-06   0.1535159281324672E-02   0.5036513629383904E-02
  0.4074999999999999E+01   0.1170469881495567E+01   0.7084174574486368E-02   0.8188751748795298E-01   0.3273988496944301E-02   0.3679585972568118E-06   0.1549578168883628E-02   0.5170741901038490E-02
  0.4125000000000000E+01   0.1171345893105544E+01   0.7285865352754804E-02   0.8229257720017524E-01   0.3365940738318142E-02   0.3829346016160493E-06   0.1564453469358768E-02   0.5309993877082714E-02
  0.4175000000000000E+01   0.1172245977724941E+01   0.7495832861584967E-02   0.8270862214998709E-01   0.3461611327477991E-02   0.3985923648811473E-06   0.1579804774911072E-02   0.5454621682378878E-02
  0.4225000000000000E+01   0.1173171022684256E+01   0.7714683957765044E-02   0.8313605116890788E-01   0.3561271896286458E-02   0.4149789218879699E-06   0.1595652941575026E-02   0.5605014041065807E-02
  0.4275000000000000E+01   0.1174121966466626E+01   0.7943090614558031E-02   0.8357528595291286E-01   0.3665223227924008E-02   0.4321462428645016E-06   0.1612020187687650E-02   0.5761601466078517E-02
  0.4325000000000000E+01   0.1175099801687585E+01   0.8181799362697181E-02   0.8402677238626333E-01   0.3773799490526706E-02   0.4501519394321969E-06   0.1628930198605828E-02   0.5924862363801164E-02
  0.4375000000000000E+01   0.1176105577959172E+01   0.8431642423817278E-02   0.8449098181119452E-01   0.3887373230958408E-02   0.4690600973561548E-06   0.1646408236804927E-02   0.6095330240389176E-02
  0.4425000000000000E+01   0.1177140404471142E+01   0.8693550883402823E-02   0.8496841216778539E-01   0.4006361284764485E-02   0.4889422624259060E-06   0.1664481255627062E-02   0.6273602236650904E-02
  0.4475000000000000E+01   0.1178205452040116E+01   0.8968570323817347E-02   0.8545958889137406E-01   0.4131231791400603E-02   0.5098786116487271E-06   0.1683178013696182E-02   0.6460349266466863E-02
  0.4525000000000000E+01   0.1179301954259526E+01   0.9257879423669665E-02   0.8596506540159932E-01   0.4262512542356057E-02   0.5319593488314971E-06   0.1702529185137182E-02   0.6656328089737673E-02
  0.4575000000000000E+01   0.1180431207213237E+01   0.9562812126041107E-02   0.8648542294045014E-01   0.4400800933049076E-02   0.5552863715964242E-06   0.1722567457929778E-02   0.6862395713641976E-02
  0.4625000000000000E+01   0.1181594566971820E+01   0.9884884079224407E-02   0.8702126940658883E-01   0.4546775834763850E-02   0.5799752656544237E-06   0.1743327608565647E-02   0.7079526581657055E-02
  0.4675000000000000E+01   0.1182793443741561E+01   0.1022582414602495E-01   0.8757323667577666E-01   0.4701211744268692E-02   0.6061576909830737E-06   0.1764846535042766E-02   0.7308833069177757E-02
  0.4725000000000000E+01   0.1184029291041128E+01   0.1058761183327223E-01   0.8814197567378668E-01   0.4864995593390418E-02   0.6339842317119615E-06   0.1787163221265246E-02   0.7551589838788527E-02
  0.4774999999999999E+01   0.1185303587586383E+01   0.1097252145816011E-01   0.8872814815484653E-01   0.5039146584368243E-02   0.6636277835688838E-06   0.1810318592963707E-02   0.7809262581204283E-02
  0.4825000000000000E+01   0.1186617808609274E+01   0.1138317364454157E-01   0.8933241370811196E-01   0.5224839315022763E-02   0.6952875432308752E-06   0.1834355206871264E-02   0.8083541514104606E-02
  0.4875000000000000E+01   0.1187973382068167E+01   0.1182259416090708E-01   0.8995540994264384E-01   0.5423430194052257E-02   0.7291936313786272E-06   0.1859316689533653E-02   0.8376379617304551E-02
  0.4925000000000000E+01   0.1189371623615768E+01   0.1229427889508012E-01   0.9059772308441572E-01   0.5636486595767679E-02   0.7656123064130420E-06   0.1885246808744133E-02   0.8690034763921526E-02
  0.4975000000000000E+01   0.1190813642399401E+01   0.1280226148944730E-01   0.9125984541288013E-01   0.5865817176019860E-02   0.8048515787257609E-06   0.1912188020058747E-02   0.9027113384669622E-02
  0.5025000000000000E+01   0.1192300208190816E+01   0.1335117628205831E-01   0.9194211525761919E-01   0.6113500017768068E-02   0.8472667750147652E-06   0.1940179288941783E-02   0.9390610710861813E-02
  0.5074999999999999E+01   0.1193831569927795E+01   0.1394630317500677E-01   0.9264463509780074E-01   0.6381902554144906E-02   0.8932651845850528E-06   0.1969252961337331E-02   0.9783938631873672E-02
  0.5124999999999999E+01   0.1195407218203546E+01   0.1459357281832769E-01   0.9336716443062176E-01   0.6673683504080439E-02   0.9433083280133537E-06   0.1999430472464175E-02   0.1021092675547693E-01
  0.5175000000000000E+01   0.1197025591819755E+01   0.1529950136792290E-01   0.9410898751857721E-01   0.6991762951615058E-02   0.9979096950891105E-06   0.2030716789846226E-02   0.1067577629713384E-01
  0.5225000000000000E+01   0.1198683742584481E+01   0.1607101764098631E-01   0.9486876249376164E-01   0.7339243839773845E-02   0.1057625233763951E-05   0.2063093716438724E-02   0.1118294241434592E-01
  0.5274999999999999E+01   0.1200376990498845E+01   0.1691514645452166E-01   0.9564436639248619E-01   0.7719268666627839E-02   0.1123033762465651E-05   0.2096512499190535E-02   0.1173692173171727E-01
  0.5325000000000000E+01   0.1202098615753356E+01   0.1783851958652468E-01   0.9643275703694698E-01   0.8134798724334156E-02   0.1194704821108092E-05   0.2130886460224477E-02   0.1234192747158747E-01
  0.5375000000000000E+01   0.1203839643703016E+01   0.1884668607416603E-01   0.9722987685243267E-01   0.8588303359105820E-02   0.1273151356805141E-05   0.2166084550014508E-02   0.1300143486914724E-01
  0.5424999999999999E+01   0.1205588816190134E+01   0.1994317645150024E-01   0.9803064023916086E-01   0.9081338771728830E-02   0.1358763311415565E-05   0.2201927399425364E-02   0.1371756679913555E-01
  0.5475000000000001E+01   0.1207332956039003E+01   0.2112830155830524E-01   0.9882909734505341E-01   0.9614007132389647E-02   0.1451719651487916E-05   0.2238189710251370E-02   0.1449030389493740E-01
  0.5525000000000000E+01   0.1209058045469728E+01   0.2239787907141366E-01   0.9961891904151998E-01   0.1018438237263902E-01   0.1551890845201706E-05   0.2274615653403091E-02   0.1531664258157893E-01
  0.5574999999999999E+01   0.1210751150595038E+01   0.2374244971655300E-01   0.1003942633904586E+00   0.1078815589396086E-01   0.1658770402353979E-05   0.2310951562918771E-02   0.1619007179439360E-01
  0.5625000000000000E+01   0.1212402702248457E+01   0.2514756203497079E-01   0.1011508027591395E+00   0.1141876388409238E-01   0.1771478198349571E-05   0.2346988678294803E-02   0.1710075526345003E-01
  0.5675000000000000E+01   0.1214008306504203E+01   0.2659491438182384E-01   0.1018865371392994E+00   0.1206790058932435E-01   0.1888825260075944E-05   0.2382600176731209E-02   0.1803627757996261E-01
  0.5725000000000000E+01   0.1215570198992808E+01   0.2806342421236836E-01   0.1026024441821682E+00   0.1272599401554193E-01   0.2009376866260493E-05   0.2417772708084482E-02   0.1898231423194691E-01
  0.5775000000000000E+01   0.1217099783365753E+01   0.2953045061979019E-01   0.1033036214437448E+00   0.1338273982149523E-01   0.2131528852314449E-05   0.2452661835836194E-02   0.1992333849509413E-01
  0.5825000000000000E+01   0.1218621497025186E+01   0.3097586113161916E-01   0.1040010449824382E+00   0.1402890933500516E-01   0.2253793024885208E-05   0.2487685757286311E-02   0.2084515868311715E-01
  0.5875000000000000E+01   0.1220174139740293E+01   0.3239123420713443E-01   0.1047122111974426E+00   0.1466048527336557E-01   0.2375474699602103E-05   0.2523590356060494E-02   0.2174092005465775E-01
  0.5925000000000000E+01   0.1221803976881798E+01   0.3379103726507444E-01   0.1054580811447394E+00   0.1528372619524509E-01   0.2497536223150494E-05   0.2561362364347751E-02   0.2261863504324735E-01
  0.5975000000000000E+01   0.1223549116380817E+01   0.3521748748090172E-01   0.1062560646968582E+00   0.1591742120326915E-01   0.2623039378693022E-05   0.2601947191908916E-02   0.2350476453130167E-01
  0.6024999999999999E+01   0.1225422628287276E+01   0.3673338270781796E-01   0.1071123914489820E+00   0.1658972611612699E-01   0.2756706052341492E-05   0.2645891875430079E-02   0.2443987977587837E-01
  0.6075000000000000E+01   0.1227403393876119E+01   0.3840567880356160E-01   0.1080179378382033E+00   0.1733080191756324E-01   0.2903749400022204E-05   0.2693097189912927E-02   0.2546805662094780E-01
  0.6125000000000000E+01   0.1229437514732946E+01   0.4028751689667983E-01   0.1089488140739221E+00   0.1816473239584270E-01   0.3068522340346149E-05   0.2742764196532761E-02   0.2662511415972620E-01
  0.6175000000000000E+01   0.1231447285286357E+01   0.4240391154819886E-01   0.1098703588335190E+00   0.1910309218130920E-01   0.3253380247516843E-05   0.2793498055080075E-02   0.2792927255926849E-01
  0.6225000000000001E+01   0.1233344637185099E+01   0.4474186435213359E-01   0.1107431194032980E+00   0.2014050934484715E-01   0.3457832863320464E-05   0.2843513497631763E-02   0.2937473903593445E-01
  0.6274999999999999E+01   0.1235048900868224E+01   0.4724509709953857E-01   0.1115307282072671E+00   0.2125226766143382E-01   0.3678012487624094E-05   0.2890944759228293E-02   0.3092811012111177E-01
  0.6324999999999999E+01   0.1236509130607718E+01   0.4981679510911965E-01   0.1122098206283380E+00   0.2239541235168013E-01   0.3906733488870385E-05   0.2934289157579438E-02   0.3252945434266111E-01
  0.6375000000000000E+01   0.1237726601298769E+01   0.5233587234030623E-01   0.1127801198143723E+00   0.2351581925683423E-01   0.4134609469088338E-05   0.2972934885147088E-02   0.3410155827659483E-01
  0.6425000000000000E+01   0.1238766643352572E+01   0.5468792452840642E-01   0.1132699257296366E+00   0.2456184401665390E-01   0.4352394905440323E-05   0.3007572141017596E-02   0.3556860529476606E-01
  0.6475000000000000E+01   0.1239748865150897E+01   0.5680122662094284E-01   0.1137320752974504E+00   0.2550039990801765E-01   0.4553873436428301E-05   0.3040217999800104E-02   0.3687903702390447E-01
  0.6525000000000000E+01   0.1240816029422576E+01   0.5867033260796188E-01   0.1142303080322029E+00   0.2632774040744646E-01   0.4737926241030637E-05   0.3073752898882374E-02   0.3802190494497261E-01
  0.6574999999999999E+01   0.1242096236589528E+01   0.6035571122975567E-01   0.1148224085907843E+00   0.2706965287235732E-01   0.4908769461208603E-05   0.3111180168790801E-02   0.3902866067946228E-01
  0.6624999999999999E+01   0.1243675780263991E+01   0.6196336837087256E-01   0.1155478916260650E+00   0.2777261686208397E-01   0.5074542308762390E-05   0.3154969216987210E-02   0.3996169931802211E-01
  0.6675000000000000E+01   0.1245589585522741E+01   0.6361784127448088E-01   0.1164234718576518E+00   0.2849180569834544E-01   0.5245240867671041E-05   0.3206699795537002E-02   0.4089757568666683E-01
  0.6725000000000001E+01   0.1247825546738442E+01   0.6543920037860934E-01   0.1174448120182818E+00   0.2928073032099715E-01   0.5430857226849502E-05   0.3267002804670004E-02   0.4191191169618148E-01
  0.6774999999999999E+01   0.1250336391822134E+01   0.6752803606456403E-01   0.1185917439731676E+00   0.3018439767162445E-01   0.5640089631419417E-05   0.3335700276247728E-02   0.4306906528907650E-01
  0.6824999999999999E+01   0.1253054143448010E+01   0.6995902768392027E-01   0.1198347427161235E+00   0.3123631774195400E-01   0.5879720473987842E-05   0.3412053809870479E-02   0.4441733177237581E-01
  0.6875000000000000E+01   0.1255902908022071E+01   0.7278248169428583E-01   0.1211407148455501E+00   0.3245911986360804E-01   0.6154653879412966E-05   0.3495032968977883E-02   0.4598949134210927E-01
  0.6924999999999999E+01   0.1258805932428756E+01   0.7603118274290015E-01   0.1224762570463593E+00   0.3386761290745056E-01   0.6468425154634524E-05   0.3583502151119573E-02   0.4780713529750727E-01
  0.6975000000000001E+01   0.1261684980357731E+01   0.7972729552611366E-01   0.1238074745808346E+00   0.3547195464056282E-01   0.6823756557293923E-05   0.3676246699500329E-02   0.4988551156446393E-01
  0.7024999999999999E+01   0.1264454427445088E+01   0.8388344444420610E-01   0.1250973733036529E+00   0.3727830427596544E-01   0.7222651657540914E-05   0.3771841592911281E-02   0.5223514190232064E-01
  0.7075000000000000E+01   0.1267016633759334E+01   0.8849527286195161E-01   0.1263036892920693E+00   0.3928570673402248E-01   0.7665759798706538E-05   0.3868473945283992E-02   0.5485824854976650E-01
  0.7125000000000000E+01   0.1269265857806542E+01   0.9352869951190595E-01   0.1273803675999190E+00   0.4148054294710635E-01   0.8151236487681699E-05   0.3963891966236238E-02   0.5774148411841345E-01
  0.7174999999999999E+01   0.1271103845959909E+01   0.9891031666610402E-01   0.1282841425496852E+00   0.4383218417064139E-01   0.8673796123694009E-05   0.4055615618849769E-02   0.6084960466426752E-01
  0.7225000000000000E+01   0.1272462776955073E+01   0.1045303927630916E+00   0.1289844598374212E+00   0.4629399096341168E-01   0.9224793778882661E-05   0.4141409593424009E-02   0.6412560852908801E-01
  0.7274999999999999E+01   0.1273324128769471E+01   0.1102628145267852E+00   0.1294718711912701E+00   0.4881166912571688E-01   0.9793791377327562E-05   0.4219838019522669E-02   0.6750045259994726E-01
  0.7325000000000000E+01   0.1273720341735138E+01   0.1159959304376619E+00   0.1297591714861115E+00   0.5133657392003206E-01   0.1037119268029004E-04   0.4290590577408784E-02   0.7091002201082132E-01
  0.7374999999999999E+01   0.1273713935564860E+01   0.1216583377685185E+00   0.1298727265637196E+00   0.5383718666195169E-01   0.1095061660616390E-04   0.4354318544617189E-02   0.7431114484926503E-01
  0.7424999999999999E+01   0.1273363401784822E+01   0.1272230993212877E+00   0.1298377139442641E+00   0.5630149257327930E-01   0.1152950225483732E-04   0.4411989400346118E-02   0.7768685051827483E-01
  0.7475000000000001E+01   0.1272695840110263E+01   0.1326860988021712E+00   0.1296658009617337E+00   0.5872803208223605E-01   0.1210739851897665E-04   0.4464096648642182E-02   0.8103659201941985E-01
  0.7525000000000000E+01   0.1271703311056106E+01   0.1380307754696604E+00   0.1293528288469219E+00   0.6111056347669087E-01   0.1268285375739297E-04   0.4510181946572270E-02   0.8435635899382891E-01
  0.7575000000000000E+01   0.1270365696009454E+01   0.1431994764753715E+00   0.1288881377464970E+00   0.6342500717618860E-01   0.1325065523952212E-04   0.4548948623636789E-02   0.8761941000109573E-01
  0.7625000000000001E+01   0.1268688846101743E+01   0.1480869401983430E+00   0.1282710516988605E+00   0.6562560475843349E-01   0.1380089840634364E-04   0.4578935869948248E-02   0.9076729244499895E-01
  0.7675000000000000E+01   0.1266741104176077E+01   0.1525601100195501E+00   0.1275273682266169E+00   0.6765250863023294E-01   0.1432044394951439E-04   0.4599497583058027E-02   0.9371545957414612E-01
  0.7725000000000000E+01   0.1264673641815319E+01   0.1564984124779713E+00   0.1267194700602370E+00   0.6944870335364157E-01   0.1479642584757572E-04   0.4611762085598138E-02   0.9637247559470898E-01
  0.7775000000000000E+01   0.1262715983295032E+01   0.1598429801562460E+00   0.1259459916615593E+00   0.7098163736981986E-01   0.1522090948080755E-04   0.4619279972745987E-02   0.9866841900413810E-01
  0.7824999999999999E+01   0.1261144458778701E+01   0.1626410008152683E+00   0.1253295092994318E+00   0.7226372341222956E-01   0.1559548457486241E-04   0.4628126015687168E-02   0.1005858338645490E+00
  0.7874999999999999E+01   0.1260228138010671E+01   0.1650711423595002E+00   0.1249936068223911E+00   0.7336536908229775E-01   0.1593440537236282E-04   0.4646310690015323E-02   0.1021844416025286E+00
  0.7925000000000000E+01   0.1260164431132383E+01   0.1674392228932114E+00   0.1250342431499116E+00   0.7441516732166704E-01   0.1626503213925065E-04   0.4682533987355499E-02   0.1036101563517182E+00
  0.7974999999999999E+01   0.1261021907560958E+01   0.1701419360335935E+00   0.1254932585367781E+00   0.7558549762207824E-01   0.1662506533206513E-04   0.4744563927601989E-02   0.1050826745613515E+00
  0.8024999999999999E+01   0.1262705811413266E+01   0.1736077550040077E+00   0.1263414890897034E+00   0.7706710473051807E-01   0.1705722102457963E-04   0.4837688662596102E-02   0.1068641075483205E+00
  0.8074999999999999E+01   0.1264951907629057E+01   0.1782305516577033E+00   0.1274746932029014E+00   0.7903971270139576E-01   0.1760281303690356E-04   0.4963616231567380E-02   0.1092186331245015E+00
  0.8125000000000000E+01   0.1267343903392578E+01   0.1843082429264835E+00   0.1287204136895423E+00   0.8164477256330457E-01   0.1829557004157276E-04   0.5119924521189653E-02   0.1123741605407130E+00
  0.8174999999999999E+01   0.1269346944155984E+01   0.1919897769222872E+00   0.1298520018837426E+00   0.8496235639809142E-01   0.1915616206079166E-04   0.5299924549750958E-02   0.1164914594589079E+00
  0.8225000000000000E+01   0.1270355949167355E+01   0.2012279838142905E+00   0.1306083983351207E+00   0.8899101762847733E-01   0.2018720865627038E-04   0.5492785218372028E-02   0.1216395793667233E+00
  0.8275000000000000E+01   0.1269766524937284E+01   0.2117399982995177E+00   0.1307224141836443E+00   0.9363040638598694E-01   0.2136874925983352E-04   0.5683986353711498E-02   0.1277742913011853E+00
  0.8325000000000001E+01   0.1267077649298344E+01   0.2229912791966553E+00   0.1299618667314124E+00   0.9867203742091392E-01   0.2265544151549185E-04   0.5856463577136773E-02   0.1347207669414922E+00
  0.8375000000000000E+01   0.1262019530847323E+01   0.2342348896853705E+00   0.1281826953257672E+00   0.1038107084321721E+00   0.2397845312006053E-04   0.5992915559795857E-02   0.1421708417774156E+00
  0.8424999999999999E+01   0.1254666248601362E+01   0.2446355863236501E+00   0.1253798533494528E+00   0.1086902282796091E+00   0.2525542043350046E-04   0.6079344362284483E-02   0.1497126690707967E+00
  0.8475000000000000E+01   0.1245462525609615E+01   0.2534690101961291E+00   0.1217075417334375E+00   0.1129835544318572E+00   0.2640882827505854E-04   0.6108886970415859E-02   0.1569056159723390E+00
  0.8524999999999999E+01   0.1235109277300976E+01   0.2603195858290552E+00   0.1174421218806339E+00   0.1164801204159649E+00   0.2738674328589825E-04   0.6083941980864069E-02   0.1633878886903519E+00
  0.8574999999999999E+01   0.1224332418178121E+01   0.2651639266486824E+00   0.1128904202517806E+00   0.1191329900156260E+00   0.2817476892675763E-04   0.6014720270520070E-02   0.1689693660789877E+00
  0.8625000000000000E+01   0.1213650698973087E+01   0.2682767719230070E+00   0.1082867378305343E+00   0.1210322034747783E+00   0.2879083337095018E-04   0.5914269123125000E-02   0.1736508651364030E+00
  0.8674999999999999E+01   0.1203272935845582E+01   0.2700089216500040E+00   0.1037364283740314E+00   0.1223158512797151E+00   0.2926485778466433E-04   0.5792464851526434E-02   0.1775474393884860E+00
  0.8725000000000000E+01   0.1193174339943119E+01   0.2705665558034972E+00   0.9923638143245861E-01   0.1230702332881810E+00   0.2961506237928871E-04   0.5652302745193723E-02   0.1807547260993246E+00
  0.8775000000000000E+01   0.1183296064301500E+01   0.2699118442834412E+00   0.9475693020412268E-01   0.1232747822080993E+00   0.2983428000046293E-04   0.5490445540578689E-02   0.1832343192143599E+00
  0.8824999999999999E+01   0.1173751453464397E+01   0.2678309949652339E+00   0.9033767991699237E-01   0.1228202051063777E+00   0.2989363480381378E-04   0.5301673626140711E-02   0.1847841907196532E+00
  0.8875000000000000E+01   0.1164924700969728E+01   0.2641276633392225E+00   0.8614397586076739E-01   0.1215896185079431E+00   0.2976179012960631E-04   0.5084940443031397E-02   0.1851172275339248E+00
  0.8925000000000001E+01   0.1157405572970325E+01   0.2588331005236609E+00   0.8245086944590918E-01   0.1195588214808095E+00   0.2942957853231107E-04   0.4847842370673794E-02   0.1840156190072258E+00
  0.8975000000000000E+01   0.1151796687833317E+01   0.2523145548916066E+00   0.7956143346194433E-01   0.1168597483528486E+00   0.2892634730682957E-04   0.4606997200889691E-02   0.1814823228403916E+00
  0.9024999999999999E+01   0.1148503223839143E+01   0.2452281292857150E+00   0.7770478104192291E-01   0.1137733327343268E+00   0.2831925882864060E-04   0.4384128028435887E-02   0.1778050705348086E+00
  0.9074999999999999E+01   0.1147611223400749E+01   0.2383591798956229E+00   0.7696674161940353E-01   0.1106622752050863E+00   0.2769749043165594E-04   0.4200153288633567E-02   0.1735001903794953E+00
  0.9125000000000000E+01   0.1148887998458558E+01   0.2324449459568836E+00   0.7727770116566823E-01   0.1078853417764828E+00   0.2715122990300944E-04   0.4070307844173649E-02   0.1691770714647072E+00
  0.9175000000000001E+01   0.1151865913027295E+01   0.2280516539870232E+00   0.7844568337354008E-01   0.1057316365130432E+00   0.2675501627383156E-04   0.4001949070308631E-02   0.1653983301325554E+00
  0.9225000000000000E+01   0.1155949575729565E+01   0.2255227405438336E+00   0.8020672803701201E-01   0.1043886946314717E+00   0.2655914157226443E-04   0.3994811314038915E-02   0.1625881363935437E+00
  0.9274999999999999E+01   0.1160508145876719E+01   0.2249765965470094E+00   0.8227126803167817E-01   0.1039372490023566E+00   0.2658761175416849E-04   0.4042535435796187E-02   0.1609972969813397E+00
  0.9325000000000001E+01   0.1164945006989160E+01   0.2263261504405886E+00   0.8435966449054111E-01   0.1043593550424629E+00   0.2683949988896619E-04   0.4134462377106682E-02   0.1607064352220433E+00
  0.9375000000000000E+01   0.1168754490730933E+01   0.2293061390577826E+00   0.8622998654378988E-01   0.1055513758128691E+00   0.2729162323760611E-04   0.4257297531476132E-02   0.1616461671592622E+00
  0.9424999999999999E+01   0.1171575630590863E+01   0.2335106931801491E+00   0.8770297626373758E-01   0.1073412035619590E+00   0.2790242899686586E-04   0.4396757978648507E-02   0.1636241050567190E+00
  0.9475000000000001E+01   0.1173240849870143E+01   0.2384528510214373E+00   0.8868462368619112E-01   0.1095141999039432E+00   0.2861830089250969E-04   0.4539463472580251E-02   0.1663600724705498E+00
  0.9525000000000000E+01   0.1173801874623066E+01   0.2436524397438237E+00   0.8917978187535014E-01   0.1118513416234659E+00   0.2938328681280533E-04   0.4675097354255813E-02   0.1695354017097322E+00
  0.9574999999999999E+01   0.1173508700850199E+01   0.2487396539860206E+00   0.8928634825214798E-01   0.1141755124284558E+00   0.3015129322982619E-04   0.4798392668932966E-02   0.1728566200032452E+00
  0.9625000000000000E+01   0.1172730991677051E+01   0.2535405088463217E+00   0.8916396817824368E-01   0.1163922587663263E+00   0.3089719308298745E-04   0.4910145882236852E-02   0.1761210724678620E+00
  0.9674999999999999E+01   0.1171841051950104E+01   0.2581068823843541E+00   0.8898357937081025E-01   0.1185081608546762E+00   0.3162229779929190E-04   0.5016624123054174E-02   0.1792619770103309E+00
  0.9725000000000000E+01   0.1171101571070130E+01   0.2626770557431131E+00   0.8887574439031742E-01   0.1206184714355039E+00   0.3235173844387574E-04   0.5127447789151613E-02   0.1823540747447327E+00
  0.9775000000000000E+01   0.1170598747982659E+01   0.2675869882313064E+00   0.8889666933026152E-01   0.1228706982802551E+00   0.3312525916219599E-04   0.5252797060146634E-02   0.1855788918450273E+00
  0.9824999999999999E+01   0.1170234996723372E+01   0.2731718944712452E+00   0.8902038814641866E-01   0.1254209275807044E+00   0.3398574227665534E-04   0.5401018551812590E-02   0.1891676711279867E+00
  0.9874999999999998E+01   0.1169767216855703E+01   0.2796918363403670E+00   0.8915264074717832E-01   0.1283988239465193E+00   0.3496973509816407E-04   0.5577311181033752E-02   0.1933465708173238E+00
  0.9924999999999999E+01   0.1168863716046398E+01   0.2872951673833355E+00   0.8915491637200468E-01   0.1318890283947490E+00   0.3610217579393593E-04   0.5783552950469222E-02   0.1983013217559873E+00
  0.9975000000000000E+01   0.1167155545598392E+01   0.2960153520280713E+00   0.8886730006678567E-01   0.1359281117221149E+00   0.3739524479072850E-04   0.6018893941090350E-02   0.2041658155317006E+00
  0.1002500000000000E+02   0.1164267858758276E+01   0.3057863885931242E+00   0.8812278402318885E-01   0.1405109759132696E+00   0.3884980325261240E-04   0.6280584204622285E-02   0.2110290688778219E+00
  0.1007500000000000E+02   0.1159827994738612E+01   0.3164584776821595E+00   0.8675062097706165E-01   0.1455984802647926E+00   0.4045722483385436E-04   0.6564529100028242E-02   0.2189498366967344E+00
  0.1012500000000000E+02   0.1153458098290122E+01   0.3277967800131300E+00   0.8457124737847987E-01   0.1511181403736492E+00   0.4219935614536883E-04   0.6865180248746400E-02   0.2279665213726478E+00
  0.1017500000000000E+02   0.1144770759115367E+01   0.3394528468815481E+00   0.8139017497028345E-01   0.1569520672272042E+00   0.4404490223953177E-04   0.7174572068159368E-02   0.2380908344513875E+00
  0.1022500000000000E+02   0.1133393327425107E+01   0.3509121800508084E+00   0.7700209080197351E-01   0.1629115593403848E+00   0.4594194838953193E-04   0.7480627523440206E-02   0.2492770094273251E+00
  0.1027500000000000E+02   0.1119044408552803E+01   0.3614414104866848E+00   0.7121711498748207E-01   0.1687059539236864E+00   0.4780864474268505E-04   0.7765274301584781E-02   0.2613647674489922E+00
  0.1032500000000000E+02   0.1101668280259035E+01   0.3700785530974027E+00   0.6391607980332026E-01   0.1739228122042374E+00   0.4952686080093114E-04   0.8003361313314906E-02   0.2740041625391028E+00
  0.1037500000000000E+02   0.1081597444046738E+01   0.3757165232387679E+00   0.5512878036569036E-01   0.1780429698394497E+00   0.5094565233786176E-04   0.8163668907863988E-02   0.2865842532432972E+00
  0.1042500000000000E+02   0.1059670745501653E+01   0.3773058260789054E+00   0.4510987477440853E-01   0.1805101239524450E+00   0.5190053329163682E-04   0.8213126165416196E-02   0.2982037657779139E+00
  0.1047500000000000E+02   0.1037215142302011E+01   0.3741394608282687E+00   0.3437090865571668E-01   0.1808536269231052E+00   0.5224869487678114E-04   0.8124277906264897E-02   0.3077322081553426E+00
  0.1052500000000000E+02   0.1015840392096158E+01   0.3661091309247355E+00   0.2363083858643500E-01   0.1788286934723008E+00   0.5191029541287314E-04   0.7884088559916735E-02   0.3139959734431020E+00
  0.1057500000000000E+02   0.9970965629997807E+00   0.3538001265497858E+00   0.1368197045838992E-01   0.1745123899115007E+00   0.5089801372121022E-04   0.7500366712320258E-02   0.3160690416162356E+00
  0.1062500000000000E+02   0.9821359194813504E+00   0.3383646558000178E+00   0.5217500560950272E-02   0.1683042006387658E+00   0.4931943429571341E-04   0.7002213156456902E-02   0.3135672541799960E+00
  0.1067500000000000E+02   0.9715211436731014E+00   0.3212360224358041E+00  -0.1307414924107908E-02   0.1608282805120621E+00   0.4735049186575516E-04   0.6433667126111520E-02   0.3068022308491289E+00
  0.1072500000000000E+02   0.9652290171144234E+00   0.3038199755777871E+00  -0.5730207585930902E-02   0.1527854803071698E+00   0.4519325030207749E-04   0.5843394285896627E-02   0.2967068347999046E+00
  0.1077500000000000E+02   0.9627952446687414E+00   0.2872767273791485E+00  -0.8149378389394335E-02   0.1448185448090245E+00   0.4303637175167178E-04   0.5274948696726608E-02   0.2845725479293611E+00
  0.1082500000000000E+02   0.9635049133316936E+00   0.2724298271906820E+00  -0.8843110367844464E-02   0.1374302242361388E+00   0.4103026788010271E-04   0.4760844786242907E-02   0.2717342611879324E+00
  0.1087500000000000E+02   0.9665554282187910E+00   0.2597742550543868E+00  -0.8180688874528830E-02   0.1309584579269821E+00   0.3927869139133456E-04   0.4321010431388851E-02   0.2593302662322342E+00
  0.1092500000000000E+02   0.9711630264901776E+00   0.2495344431644807E+00  -0.6553502020255841E-02   0.1255902777210095E+00   0.3784178890481734E-04   0.3964271826873793E-02   0.2481880077486742E+00
  0.1097500000000000E+02   0.9766170730240311E+00   0.2417320679108800E+00  -0.4332840660404624E-02   0.1213920061756459E+00   0.3674420116038169E-04   0.3691075746615637E-02   0.2388148726027116E+00
  0.1102500000000000E+02   0.9823001920495087E+00   0.2362421684567940E+00  -0.1849442645794008E-02   0.1183399471734005E+00   0.3598356280393799E-04   0.3496163479785783E-02   0.2314456813388767E+00
  0.1107500000000000E+02   0.9876928472527666E+00   0.2328318450292616E+00   0.6142514007125843E-03   0.1163444577684814E+00   0.3553723441707533E-04   0.3370625585465489E-02   0.2261056916737438E+00
  0.1112500000000000E+02   0.9923756964425274E+00   0.2311853340232937E+00   0.2827069621520906E-02   0.1152667997437215E+00   0.3536701833400774E-04   0.3303289397040202E-02   0.2226669468767765E+00
  0.1117500000000000E+02   0.9960361331882867E+00   0.2309236279572872E+00   0.4612083278809465E-02   0.1149317392259551E+00   0.3542270341246690E-04   0.3281654192198025E-02   0.2208921002588201E+00
  0.1122500000000000E+02   0.9984785371396805E+00   0.2316271768923068E+00   0.5850754978247608E-02   0.1151399329104823E+00   0.3564564799107402E-04   0.3292653340822950E-02   0.2204691162610421E+00
  0.1127500000000000E+02   0.9996320580572455E+00   0.2328669256026785E+00   0.6486283977705121E-02   0.1156831093029762E+00   0.3597333448137920E-04   0.3323452507990685E-02   0.2210430548503104E+00
  0.1132500000000000E+02   0.9995471848864425E+00   0.2342425900606234E+00   0.6522417552740301E-02   0.1163623313180451E+00   0.3634501201104404E-04   0.3362335536434453E-02   0.2222491026343356E+00
  0.1137500000000000E+02   0.9983749095001784E+00   0.2354200154706669E+00   0.6014599707948598E-02   0.1170062619066416E+00   0.3670749112195816E-04   0.3399547177599411E-02   0.2237460552802636E+00
  0.1142500000000000E+02   0.9963298244376780E+00   0.2361558195722893E+00   0.5053413924861694E-02   0.1174842134260659E+00   0.3701944594786282E-04   0.3427846886954364E-02   0.2252443760481779E+00
  0.1147500000000000E+02   0.9936471757393535E+00   0.2363005933862169E+00   0.3744347034047246E-02   0.1177095512838796E+00   0.3725277167871788E-04   0.3442562793159930E-02   0.2265210715838968E+00
  0.1152500000000000E+02   0.9905480896078482E+00   0.2357808435142304E+00   0.2190379201069792E-02   0.1176327614031733E+00   0.3739068473476390E-04   0.3441120495472723E-02   0.2274168773989157E+00
  0.1157500000000000E+02   0.9872237983955714E+00   0.2345694360059818E+00   0.4829959542635986E-03   0.1172280973062660E+00   0.3742371594814807E-04   0.3422254366153464E-02   0.2278183471998981E+00
  0.1162500000000000E+02   0.9838406712125509E+00   0.2326588677832674E+00  -0.1296655233397281E-02   0.1164804689012230E+00   0.3734567075667923E-04   0.3385250801294910E-02   0.2276343816948320E+00
  0.1167500000000000E+02   0.9805584088321735E+00   0.2300491041928794E+00  -0.3069384666261388E-02   0.1153786936896640E+00   0.3715152959247877E-04   0.3329546903805260E-02   0.2267795366495299E+00
  0.1172500000000000E+02   0.9775485104788729E+00   0.2267539601972179E+00  -0.4748373760097957E-02   0.1139179048889891E+00   0.3683825355243826E-04   0.3254836121313861E-02   0.2251735908774997E+00
  0.1177500000000000E+02   0.9750009519665559E+00   0.2228210415113570E+00  -0.6234690966023471E-02   0.1121094887725341E+00   0.3640805514048920E-04   0.3161598910719779E-02   0.2227595436435101E+00
  0.1182500000000000E+02   0.9731131349815803E+00   0.2183539978911735E+00  -0.7421706258604610E-02   0.1099933371845743E+00   0.3587250628736780E-04   0.3051780865195367E-02   0.2195334099914246E+00
  0.1187500000000000E+02   0.9720637318671222E+00   0.2135249328783804E+00  -0.8207986395228128E-02   0.1076460235358730E+00   0.3525541263680837E-04   0.2929267563477374E-02   0.2155727020006331E+00
  0.1192500000000000E+02   0.9719809984879623E+00   0.2085696272232860E+00  -0.8514294339552309E-02   0.1051803500708837E+00   0.3459291756495857E-04   0.2799894452123643E-02   0.2110498105560843E+00
  0.1197500000000000E+02   0.9729170104839264E+00   0.2037661663199117E+00  -0.8298621692364616E-02   0.1027356474323168E+00   0.3393054821100016E-04   0.2670941553553470E-02   0.2062226576582573E+00
  0.1202500000000000E+02   0.9748355238862892E+00   0.1994042152258197E+00  -0.7564536763669416E-02   0.1004620565329068E+00   0.3331818548189109E-04   0.2550282214805035E-02   0.2014049031201004E+00
  0.1207500000000000E+02   0.9776145690919535E+00   0.1957542505754768E+00  -0.6361454883308193E-02   0.9850375246488027E-01   0.3280455167379444E-04   0.2445464230733145E-02   0.1969259655213949E+00
  0.1212500000000000E+02   0.9810594555800489E+00   0.1930434457584589E+00  -0.4778627385604750E-02   0.9698517891117216E-01   0.3243256602235886E-04   0.2362961697554811E-02   0.1930929881413433E+00
  0.1217500000000000E+02   0.9849199777992576E+00   0.1914401580189323E+00  -0.2936133993422962E-02   0.9600195360889224E-01   0.3223615483257044E-04   0.2307702582125370E-02   0.1901628915394785E+00
  0.1222500000000000E+02   0.9889070866646107E+00   0.1910449548270734E+00  -0.9757445888209926E-03   0.9561577398761105E-01   0.3223833508114883E-04   0.2282841356287051E-02   0.1883263879322200E+00
  0.1227500000000000E+02   0.9927074575051573E+00   0.1918843523027917E+00   0.9470259927515379E-03   0.9585140238189849E-01   0.3244995989651389E-04   0.2289669080977841E-02   0.1877009301238599E+00
  0.1232500000000000E+02   0.9959975767147585E+00   0.1939039946710018E+00   0.2670070935985924E-02   0.9669381798241652E-01   0.3286849577274879E-04   0.2327546603353305E-02   0.1883276264631596E+00
  0.1237500000000000E+02   0.9984611439935193E+00   0.1969603172825383E+00   0.4032735810893584E-02   0.9808460932474773E-01   0.3347651701248224E-04   0.2393792695196557E-02   0.1901678960638392E+00
  0.1242500000000000E+02   0.9998140854897798E+00   0.2008131893354066E+00   0.4886935057421660E-02   0.9991830042249067E-01   0.3424014758234969E-04   0.2483536811267322E-02   0.1930981195402282E+00
  0.1247500000000000E+02   0.9998395994050359E+00   0.2051258495788977E+00   0.5112931423110645E-02   0.1020411951562825E+00   0.3510833900313912E-04   0.2589638235970681E-02   0.1969039596016159E+00
  0.1252500000000000E+02   0.9984307980115767E+00   0.2094811113581306E+00   0.4639384324905960E-02   0.1042568679999027E+00   0.3601443458540369E-04   0.2702855803091334E-02   0.2012796897289092E+00
  0.1257500000000000E+02   0.9956311753344109E+00   0.2134217746936407E+00   0.3463954141816439E-02   0.1063425217282287E+00   0.3688154796507663E-04   0.2812480588689286E-02   0.2058406052588742E+00
  0.1262500000000000E+02   0.9916563975023465E+00   0.2165159951705381E+00   0.1667215304563818E-02   0.1080778086086730E+00   0.3763241673583471E-04   0.2907557874928446E-02   0.2101563311002431E+00
  0.1267500000000000E+02   0.9868804062893974E+00   0.2184356388079639E+00  -0.5886758431409289E-03   0.1092821511664601E+00   0.3820246579875965E-04   0.2978593913536008E-02   0.2138073375557982E+00
  0.1272500000000000E+02   0.9817790394246813E+00   0.2190236514016350E+00  -0.3081679048606567E-02   0.1098503492204924E+00   0.3855257806129639E-04   0.3019337791767499E-02   0.2164561690790812E+00
  0.1277500000000000E+02   0.9768427659291178E+00   0.2183247231216899E+00  -0.5568992321187793E-02   0.1097736903997496E+00   0.3867705212565874E-04   0.3028036670551139E-02   0.2179134171963090E+00
  0.1282500000000000E+02   0.9724857881131561E+00   0.2165665664876934E+00  -0.7832217897568716E-02   0.1091380764394419E+00   0.3860360481793398E-04   0.3007670264886833E-02   0.2181745817048020E+00
  0.1287500000000000E+02   0.9689804018305654E+00   0.2141000836471001E+00  -0.9714160977429387E-02   0.1081001440242853E+00   0.3838554424413939E-04   0.2965072564396570E-02   0.2174130531121826E+00
  0.1292500000000000E+02   0.9664321526892414E+00   0.2113219440512328E+00  -0.1113737485362021E-01   0.1068510117974937E+00   0.3808933435160694E-04   0.2909302758995945E-02   0.2159325201517655E+00
  0.1297500000000000E+02   0.9647930964403033E+00   0.2086042693975755E+00  -0.1210312825561954E-01   0.1055799827714973E+00   0.3778184357365588E-04   0.2849850443421342E-02   0.2140977038640142E+00
  0.1302500000000000E+02   0.9638986980960845E+00   0.2062461331366330E+00  -0.1267640030004158E-01   0.1044470795589763E+00   0.3752046615717753E-04   0.2795168010754192E-02   0.2122663971102904E+00
  0.1307500000000000E+02   0.9635123751951559E+00   0.2044493776296384E+00  -0.1296475010585885E-01   0.1035674144624346E+00   0.3734728399665982E-04   0.2751754727013007E-02   0.2107387393435924E+00
  0.1312500000000000E+02   0.9633668559792788E+00   0.2033135288104702E+00  -0.1309723758148396E-01   0.1030058565811629E+00   0.3728682653733950E-04   0.2723768126089517E-02   0.2097286910968922E+00
  0.1317500000000000E+02   0.9631979389455807E+00   0.2028426534776229E+00  -0.1320650852829164E-01   0.1027786741758412E+00   0.3734632112855299E-04   0.2713013372769174E-02   0.2093545402700726E+00
  0.1322500000000000E+02   0.9627705478568354E+00   0.2029587359920261E+00  -0.1341469633532155E-01   0.1028591928331663E+00   0.3751742171076348E-04   0.2719154030284685E-02   0.2096422620525877E+00
  0.1327500000000000E+02   0.9618984564964227E+00   0.2035188830424237E+00  -0.1382265592878951E-01   0.1031857425370582E+00   0.3777882234287725E-04   0.2740041074827865E-02   0.2105363596360148E+00
  0.1332500000000000E+02   0.9604585013999934E+00   0.2043356269860550E+00  -0.1450203898729063E-01   0.1036712581201474E+00   0.3809954410655905E-04   0.2772116829074722E-02   0.2119150700977479E+00
  0.1337500000000000E+02   0.9583987567436070E+00   0.2052000758859417E+00  -0.1549028092132787E-01   0.1042143474611773E+00   0.3844284287036673E-04   0.2810885547428838E-02   0.2136087305748268E+00
  0.1342500000000000E+02   0.9557391883725225E+00   0.2059067576017136E+00  -0.1678910531316724E-01   0.1047113893440420E+00   0.3877058987613623E-04   0.2851443380163995E-02   0.2154208205052927E+00
  0.1347500000000000E+02   0.9525635448083944E+00   0.2062774473406239E+00  -0.1836720576019901E-01   0.1050685391477624E+00   0.3904771816928653E-04   0.2889034576440555E-02   0.2171506831929363E+00
  0.1352500000000000E+02   0.9490028458994075E+00   0.2061801300650845E+00  -0.2016716334693791E-01   0.1052118904125319E+00   0.3924608047011040E-04   0.2919567051045244E-02   0.2186157254235334E+00
  0.1357500000000000E+02   0.9452131550398423E+00   0.2055394785283200E+00  -0.2211560268752277E-01   0.1050939554272493E+00   0.3934701296923664E-04   0.2940002383207827E-02   0.2196698784009722E+00
  0.1362500000000000E+02   0.9413521832425048E+00   0.2043370640661210E+00  -0.2413459363031822E-01   0.1046953108145700E+00   0.3934213585861086E-04   0.2948549514136660E-02   0.2202151088337927E+00
  0.1367500000000000E+02   0.9375596296897926E+00   0.2026022572650893E+00  -0.2615191125866667E-01   0.1040214893921217E+00   0.3923237458048784E-04   0.2944636999853834E-02   0.2202041113000103E+00
  0.1372500000000000E+02   0.9339447838664818E+00   0.2003971737680448E+00  -0.2810820540537207E-01   0.1030964428769715E+00   0.3902565730233163E-04   0.2928696685655639E-02   0.2196345496137180E+00
  0.1377500000000000E+02   0.9305824949187529E+00   0.1978000718399961E+00  -0.2996018715996873E-01   0.1019546152754739E+00   0.3873403048145657E-04   0.2901836519857737E-02   0.2185373791513963E+00
  0.1382500000000000E+02   0.9275162599574629E+00   0.1948910987618174E+00  -0.3168012079158955E-01   0.1006336350964613E+00   0.3837094479818669E-04   0.2865495088556780E-02   0.2169629687643712E+00
  0.1387500000000000E+02   0.9247657320303299E+00   0.1917427388005066E+00  -0.3325276047147496E-01   0.9916901283008475E-01   0.3794924798429341E-04   0.2821154958756699E-02   0.2149686053690509E+00
  0.1392500000000000E+02   0.9223356345278436E+00   0.1884155321347829E+00  -0.3467119019428333E-01   0.9759137519821025E-01   0.3748010802914540E-04   0.2770158377623915E-02   0.2126097965699712E+00
  0.1397500000000000E+02   0.9202236316203389E+00   0.1849582255375175E+00  -0.3593287010684598E-01   0.9592600961201533E-01   0.3697280392622335E-04   0.2713632713372472E-02   0.2099362095696770E+00
  0.1402500000000000E+02   0.9184256973880880E+00   0.1814107425576908E+00  -0.3703675601353196E-01   0.9419401191611841E-01   0.3643513281684034E-04   0.2652505263891767E-02   0.2069916813396035E+00
  0.1407500000000000E+02   0.9169385587267849E+00   0.1778082011983095E+00  -0.3798184226097523E-01   0.9241416067249798E-01   0.3587410866464177E-04   0.2587572185553149E-02   0.2038168455535506E+00
  0.1412500000000000E+02   0.9157596113544680E+00   0.1741844994326995E+00  -0.3876702737866466E-01   0.9060472559409233E-01   0.3529665078478764E-04   0.2519583841978070E-02   0.2004526332164953E+00
  0.1417500000000000E+02   0.9148852075970113E+00   0.1705745361453361E+00  -0.3939189871058146E-01   0.8878466458713752E-01   0.3471004831487630E-04   0.2449315807937983E-02   0.1969431307045472E+00
  0.1422500000000000E+02   0.9143083685041117E+00   0.1670147502809762E+00  -0.3985790585518556E-01   0.8697397567478486E-01   0.3412210302862370E-04   0.2377607081405022E-02   0.1933368422285872E+00
  0.1427500000000000E+02   0.9140168332706893E+00   0.1635421889696308E+00  -0.4016942918966426E-01   0.8519325907256764E-01   0.3354096409463643E-04   0.2305360642285058E-02   0.1896860876976620E+00
  0.1432500000000000E+02   0.9139920307129162E+00   0.1601926530041595E+00  -0.4033440159843127E-01   0.8346274643530957E-01   0.3297474870006006E-04   0.2233512816922082E-02   0.1860448676757971E+00
  0.1437500000000000E+02   0.9142091683104493E+00   0.1569985801401884E+00  -0.4036434273210820E-01   0.8180113929236825E-01   0.3243107899255976E-04   0.2162984704101019E-02   0.1824659010918585E+00
  0.1442500000000000E+02   0.9146382970271376E+00   0.1539872442349623E+00  -0.4027385186082755E-01   0.8022457475683582E-01   0.3191666004636992E-04   0.2094630612316810E-02   0.1789976380596583E+00
  0.1447500000000000E+02   0.9152459938316863E+00   0.1511796448055046E+00  -0.4007973420046740E-01   0.7874593869501481E-01   0.3143698798386535E-04   0.2029195984860158E-02   0.1756819105259139E+00
  0.1452500000000000E+02   0.9159972257658016E+00   0.1485902197936118E+00  -0.3979999092058406E-01   0.7737461903175334E-01   0.3099622873247478E-04   0.1967292428412934E-02   0.1725526050568909E+00
  0.1457500000000000E+02   0.9168569973702050E+00   0.1462272990062393E+00  -0.3945289277916697E-01   0.7611667241876410E-01   0.3059726090344851E-04   0.1909392040797237E-02   0.1696354319367778E+00
  0.1462500000000000E+02   0.9177914970804693E+00   0.1440940630648897E+00  -0.3905630183197639E-01   0.7497528905158315E-01   0.3024184031011023E-04   0.1855838587144463E-02   0.1669486038579832E+00
  0.1467500000000000E+02   0.9187686075607724E+00   0.1421896938009187E+00  -0.3862732727318341E-01   0.7395139150232705E-01   0.2993082257308026E-04   0.1806869883137362E-02   0.1645040680041168E+00
  0.1472500000000000E+02   0.9197577982088231E+00   0.1405103924752064E+00  -0.3818231856436205E-01   0.7304419287940123E-01   0.2966437416228735E-04   0.1762644170462707E-02   0.1623088663813325E+00
  0.1477500000000000E+02   0.9207295531244809E+00   0.1390499906700262E+00  -0.3773712465545276E-01   0.7225156151859130E-01   0.2944210921980829E-04   0.1723263173694148E-02   0.1603662198271681E+00
  0.1482500000000000E+02   0.9216545897652666E+00   0.1377999714147165E+00  -0.3730749094961927E-01   0.7157008604473571E-01   0.2926310688965183E-04   0.1688785638630367E-02   0.1586760210785309E+00
  0.1487500000000000E+02   0.9225031826531809E+00   0.1367488402148727E+00  -0.3690943107430844E-01   0.7099479769977049E-01   0.2912578857855750E-04   0.1659227152465671E-02   0.1572345586375448E+00
  0.1492500000000000E+02   0.9232449177319564E+00   0.1358809219919380E+00  -0.3655940111935141E-01   0.7051857797450518E-01   0.2902766338046060E-04   0.1634544611209133E-02   0.1560334533908562E+00
  0.1497500000000000E+02   0.9238491649603126E+00   0.1351747962211226E+00  -0.3627412020962506E-01   0.7013135117349199E-01   0.2896497977482695E-04   0.1614606532694913E-02   0.1550579544541023E+00
  0.1502500000000000E+02   0.9242864699307465E+00   0.1346017060118116E+00  -0.3606992245004603E-01   0.6981922711340860E-01   0.2893234998012523E-04   0.1599153281693907E-02   0.1542848949754623E+00
  0.1507500000000000E+02   0.9245309296573025E+00   0.1341243744233678E+00  -0.3596159117961584E-01   0.6956381260134904E-01   0.2892243738734499E-04   0.1587754006615741E-02   0.1536807425847853E+00
  0.1512500000000000E+02   0.9245634328856410E+00   0.1336967147572844E+00  -0.3596071760353770E-01   0.6934194342420036E-01   0.2892581371180687E-04   0.1579769494436155E-02   0.1532002822104102E+00
  0.1517500000000000E+02   0.9243754171665484E+00   0.1332649027045643E+00  -0.3607374078768599E-01   0.6912608792993333E-01   0.2893109500642164E-04   0.1574331862778567E-02   0.1527865211293613E+00
  0.1522500000000000E+02   0.9239725482684186E+00   0.1327701501550841E+00  -0.3629995490921700E-01   0.6888561997658554E-01   0.2892544606639727E-04   0.1570352332015234E-02   0.1523723706841141E+00
  0.1527500000000000E+02   0.9233775194498365E+00   0.1321532521394760E+00  -0.3662988673993395E-01   0.6858903464021032E-01   0.2889549253600015E-04   0.1566566268947981E-02   0.1518844858896979E+00
  0.1532500000000000E+02   0.9226310892771880E+00   0.1313605736951707E+00  -0.3704450699393069E-01   0.6820698082582241E-01   0.2882859662310547E-04   0.1561619363197363E-02   0.1512492918312401E+00
  0.1537500000000000E+02   0.9217906251121117E+00   0.1303506734055033E+00  -0.3751569027033086E-01   0.6771573940884015E-01   0.2871434682940175E-04   0.1554190103157054E-02   0.1504007032663466E+00
  0.1542500000000000E+02   0.9209258449743388E+00   0.1291003718398133E+00  -0.3800814491404603E-01   0.6710055348040246E-01   0.2854601354055184E-04   0.1543133175530925E-02   0.1492884525191278E+00
  0.1547500000000000E+02   0.9201120935774987E+00   0.1276089475122031E+00  -0.3848271316923513E-01   0.6635811402456011E-01   0.2832167170875852E-04   0.1527619313669437E-02   0.1478854801064521E+00
  0.1552500000000000E+02   0.9194221608780017E+00   0.1258994048852075E+00  -0.3890057950275672E-01   0.6549759691878237E-01   0.2804472380826082E-04   0.1507243512818062E-02   0.1461927459511504E+00
  0.1557500000000000E+02   0.9189180992548541E+00   0.1240163825274218E+00  -0.3922765270480622E-01   0.6453994168158457E-01   0.2772367609862278E-04   0.1482078125998297E-02   0.1442402274686063E+00
  0.1562500000000000E+02   0.9186445256803860E+00   0.1220210557025637E+00  -0.3943832015815474E-01   0.6351547134518955E-01   0.2737119404906475E-04   0.1452659556875852E-02   0.1420837165731832E+00
  0.1567500000000000E+02   0.9186244906147287E+00   0.1199840493884046E+00  -0.3951794226466254E-01   0.6246032834351310E-01   0.2700262621359510E-04   0.1419912898365777E-02   0.1397980251517940E+00
  0.1572500000000000E+02   0.9188583291803324E+00   0.1179776881292077E+00  -0.3946378863800415E-01   0.6141241045036751E-01   0.2663428179074789E-04   0.1385032142776063E-02   0.1374679867152879E+00
  0.1577500000000000E+02   0.9193252481638687E+00   0.1160688124318003E+00  -0.3928447908299360E-01   0.6040748270674973E-01   0.2628175112562940E-04   0.1349340133962845E-02   0.1351789400806644E+00
  0.1582500000000000E+02   0.9199869622842084E+00   0.1143130061938736E+00  -0.3899825581587968E-01   0.5947596187295377E-01   0.2595848756782253E-04   0.1314151279382039E-02   0.1330081728828830E+00
  0.1587500000000000E+02   0.9207925552515001E+00   0.1127506088763735E+00  -0.3863051961448927E-01   0.5864062214205110E-01   0.2567476608195554E-04   0.1280653473602904E-02   0.1310182732001712E+00
  0.1592500000000000E+02   0.9216838494450779E+00   0.1114045077043364E+00  -0.3821102821754885E-01   0.5791525530692777E-01   0.2543704208225837E-04   0.1249817441849251E-02   0.1292527508837225E+00
  0.1597500000000000E+02   0.9226007937592433E+00   0.1102795074634746E+00  -0.3777104373019446E-01   0.5730419290798844E-01   0.2524767896177503E-04   0.1222335007850126E-02   0.1277338539279100E+00
  0.1602500000000000E+02   0.9234865923069617E+00   0.1093630526696100E+00  -0.3734059810248302E-01   0.5680256820534987E-01   0.2510499864763391E-04   0.1198584237550782E-02   0.1264623035738364E+00
  0.1607500000000000E+02   0.9242924110006552E+00   0.1086271605244135E+00  -0.3694597314228765E-01   0.5639723083804869E-01   0.2500362369163831E-04   0.1178618971170466E-02   0.1254186740117704E+00
  0.1612500000000000E+02   0.9249814869707423E+00   0.1080315199601630E+00  -0.3660748454303242E-01   0.5606827862313225E-01   0.2493510138777922E-04   0.1162181763044089E-02   0.1245662495319868E+00
  0.1617500000000000E+02   0.9255323559849792E+00   0.1075277352438343E+00  -0.3633770798533031E-01   0.5579119165233325E-01   0.2488880925267590E-04   0.1148741020705506E-02   0.1238552857883309E+00
  0.1622500000000000E+02   0.9259407802517802E+00   0.1070645864376898E+00  -0.3614035383224690E-01   0.5553951079048284E-01   0.2485312177537459E-04   0.1137553513151923E-02   0.1232285840315559E+00
  0.1627500000000000E+02   0.9262199046648223E+00   0.1065939425425265E+00  -0.3601003353223031E-01   0.5528789004573650E-01   0.2481676714679700E-04   0.1127751277733280E-02   0.1226281098782562E+00
  0.1632500000000000E+02   0.9263982861250033E+00   0.1060766654743474E+00  -0.3593311519103382E-01   0.5501520026557435E-01   0.2477023235358862E-04   0.1118447224946427E-02   0.1220020796305432E+00
  0.1637500000000000E+02   0.9265157621567355E+00   0.1054876133771710E+00  -0.3588971399985585E-01   0.5470723365830535E-01   0.2470701367578856E-04   0.1108847743503167E-02   0.1213116096338958E+00
  0.1642500000000000E+02   0.9266175874186241E+00   0.1048188302302731E+00  -0.3585663043757559E-01   0.5435852879320482E-01   0.2462449113727228E-04   0.1098355831311116E-02   0.1205358435441216E+00
  0.1647500000000000E+02   0.9267477123874507E+00   0.1040802694031378E+00  -0.3581081125136487E-01   0.5397294982026166E-01   0.2452425199801695E-04   0.1086647346234651E-02   0.1196745825818167E+00
  0.1652500000000000E+02   0.9269423237197804E+00   0.1032978906262354E+00  -0.3573276137187820E-01   0.5356289547553172E-01   0.2441179455070326E-04   0.1073707176503933E-02   0.1187478769768975E+00
  0.1657500000000000E+02   0.9272246999781151E+00   0.1025095244999795E+00  -0.3560934482851863E-01   0.5314730288513216E-01   0.2429567442877537E-04   0.1059820451150141E-02   0.1177926703450130E+00
  0.1662500000000000E+02   0.9276020880315133E+00   0.1017593139661556E+00  -0.3543557580302203E-01   0.5274884259331489E-01   0.2418626356012382E-04   0.1045523341176249E-02   0.1168571943291653E+00
  0.1667500000000000E+02   0.9280648252260338E+00   0.1010916886352819E+00  -0.3521524625011363E-01   0.5239079921317309E-01   0.2409434133140682E-04   0.1031525130599986E-02   0.1159941735532016E+00
  0.1672500000000000E+02   0.9285875062353596E+00   0.1005457069369434E+00  -0.3496046705616640E-01   0.5209408708378542E-01   0.2402972221803178E-04   0.1018616007519392E-02   0.1152539298708026E+00
  0.1677500000000000E+02   0.9291317477284952E+00   0.1001503232465360E+00  -0.3469034315366815E-01   0.5187471322607881E-01   0.2400006566641977E-04   0.1007573541968737E-02   0.1146782329021309E+00
  0.1682500000000000E+02   0.9296500608158841E+00   0.9992084836928275E-01  -0.3442903965042687E-01   0.5174184626115290E-01   0.2400994617160713E-04   0.9990768603477533E-03   0.1142953895988267E+00
  0.1687500000000000E+02   0.9300904349512892E+00   0.9985668189604646E-01  -0.3420345448545414E-01   0.5169654124350071E-01   0.2406021264802257E-04   0.9936333764087092E-03   0.1141167609452792E+00
  0.1692500000000000E+02   0.9304013628376533E+00   0.9994034286376853E-01  -0.3404064634165749E-01   0.5173113262233454E-01   0.2414764912600649E-04   0.9915203248595172E-03   0.1141347357419450E+00
  0.1697500000000000E+02   0.9305370978419991E+00   0.1001378805112173E+00  -0.3396512625605574E-01   0.5182932999257319E-01   0.2426495945102766E-04   0.9927429408943254E-03   0.1143221907678457E+00
  0.1702500000000000E+02   0.9304628775330900E+00   0.1004008310251730E+00  -0.3399614047243160E-01   0.5196709621547203E-01   0.2440112013635905E-04   0.9970125434839731E-03   0.1146335630235559E+00
  0.1707500000000000E+02   0.9301596711513815E+00   0.1006698989387352E+00  -0.3414515467386336E-01   0.5211440384954656E-01   0.2454215410260555E-04   0.1003749770608742E-02   0.1150077491378658E+00
  0.1712500000000000E+02   0.9296277834307403E+00   0.1008803945131293E+00  -0.3441386598313878E-01   0.5223790553695321E-01   0.2467235061788670E-04   0.1012119031381882E-02   0.1153730137389448E+00
  0.1717500000000000E+02   0.9288884998526928E+00   0.1009691158111932E+00  -0.3479315721129239E-01   0.5230439286954797E-01   0.2477588082491197E-04   0.1021098161078007E-02   0.1156538456392643E+00
  0.1722500000000000E+02   0.9279830376508119E+00   0.1008818876196004E+00  -0.3526339071471796E-01   0.5228467886915684E-01   0.2483864313117429E-04   0.1029581412562060E-02   0.1157792402776156E+00
  0.1727500000000000E+02   0.9269684664239476E+00   0.1005805302826375E+00  -0.3579626088409260E-01   0.5215730151329910E-01   0.2485005546088411E-04   0.1036505146981923E-02   0.1156913233140419E+00
  0.1732500000000000E+02   0.9259109366801394E+00   0.1000478588981180E+00  -0.3635809426782854E-01   0.5191132634591165E-01   0.2480444767158131E-04   0.1040976816606098E-02   0.1153527941810093E+00
  0.1737500000000000E+02   0.9248772904713640E+00   0.9928957408566905E-01  -0.3691410158835506E-01   0.5154762116724006E-01   0.2470174497617874E-04   0.1042383127640446E-02   0.1147516176322631E+00
  0.1742500000000000E+02   0.9239266229791976E+00   0.9833258111278327E-01  -0.3743279969229207E-01   0.5107829410837440E-01   0.2454727926856725E-04   0.1040455715233515E-02   0.1139018604573534E+00
  0.1747500000000000E+02   0.9231033899929868E+00   0.9722013266465146E-01  -0.3788976333396710E-01   0.5052442483178695E-01   0.2435077315413626E-04   0.1035282249517591E-02   0.1128404535276568E+00
  0.1752500000000000E+02   0.9224332013147323E+00   0.9600489950376696E-01  -0.3827006399963673E-01   0.4991260847251546E-01   0.2412473135899990E-04   0.1027264103909769E-02   0.1116206312107507E+00
  0.1757500000000000E+02   0.9219217142146511E+00   0.9474138432390945E-01  -0.3856911385684703E-01   0.4927103221323122E-01   0.2388257700283092E-04   0.1017033391309872E-02   0.1103034883241453E+00
  0.1762500000000000E+02   0.9215563450576530E+00   0.9347896680629064E-01  -0.3879200428878504E-01   0.4862577466239442E-01   0.2363686371328835E-04   0.1005348372975827E-02   0.1089492842259767E+00
  0.1767500000000000E+02   0.9213100758778053E+00   0.9225645412848044E-01  -0.3895168337000066E-01   0.4799782307094914E-01   0.2339780705086779E-04   0.9929860878292820E-03   0.1076098498803718E+00
  0.1772500000000000E+02   0.9211465054655770E+00   0.9109853619877907E-01  -0.3906640932399130E-01   0.4740105720245039E-01   0.2317226380797759E-04   0.9806464710775619E-03   0.1063229356619376E+00
  0.1777500000000000E+02   0.9210253971424396E+00   0.9001418304222879E-01  -0.3915688079507063E-01   0.4684124871327225E-01   0.2296319246455650E-04   0.9688763091539358E-03   0.1051088263478911E+00
  0.1782500000000000E+02   0.9209081637914079E+00   0.8899683712459236E-01  -0.3924335185065964E-01   0.4631601420402488E-01   0.2276957420213000E-04   0.9580166182604649E-03   0.1039692049518038E+00
  0.1787500000000000E+02   0.9207628820784770E+00   0.8802621011674418E-01  -0.3934295724971837E-01   0.4581562732561270E-01   0.2258675703684161E-04   0.9481745031625070E-03   0.1028880975711211E+00
  0.1792500000000000E+02   0.9205684845729415E+00   0.8707150225228261E-01  -0.3946743748604686E-01   0.4532459681762104E-01   0.2240718532690213E-04   0.9392199127500584E-03   0.1018347054414659E+00
  0.1797500000000000E+02   0.9203177560643703E+00   0.8609583053868090E-01  -0.3962146087175766E-01   0.4482390382069140E-01   0.2222146917208344E-04   0.9308077412124303E-03   0.1007679145871013E+00
  0.1802500000000000E+02   0.9200187308073795E+00   0.8506152511599220E-01  -0.3980175723822421E-01   0.4429373088172579E-01   0.2201971675970320E-04   0.9224249983640512E-03   0.9964217119157667E-01
  0.1807500000000000E+02   0.9196941456730545E+00   0.8393574192418857E-01  -0.3999725524510667E-01   0.4371640726174118E-01   0.2179299711908728E-04   0.9134603099038828E-03   0.9841418828099383E-01
  0.1812500000000000E+02   0.9193788202960516E+00   0.8269562694638129E-01  -0.4019031262839423E-01   0.4307917915104578E-01   0.2153473971887831E-04   0.9032888410299513E-03   0.9704966189320512E-01
  0.1817500000000000E+02   0.9191152050091086E+00   0.8133217846719795E-01  -0.4035894190004252E-01   0.4237635404441308E-01   0.2124184327252380E-04   0.8913611473538828E-03   0.9552895826350817E-01
  0.1822500000000000E+02   0.9189477595954881E+00   0.7985209456218373E-01  -0.4047970991605432E-01   0.4161042522362800E-01   0.2091528964196375E-04   0.8772815874363659E-03   0.9385074588235072E-01
  0.1827500000000000E+02   0.9189171354889148E+00   0.7827727676381033E-01  -0.4053081325457819E-01   0.4079197010449686E-01   0.2056014904303371E-04   0.8608627175662110E-03   0.9203287531514801E-01
  0.1832500000000000E+02   0.9190551859648155E+00   0.7664217836349740E-01  -0.4049478344445301E-01   0.3993838545173792E-01   0.2018499655884134E-04   0.8421470252947905E-03   0.9011039751534941E-01
  0.1837500000000000E+02   0.9193815850934833E+00   0.7498965001644160E-01  -0.4036038595103275E-01   0.3907177700805874E-01   0.1980088966028875E-04   0.8213949543547201E-03   0.8813125932382493E-01
  0.1842500000000000E+02   0.9199023926008374E+00   0.7336617965371477E-01  -0.4012350218570737E-01   0.3821646837940860E-01   0.1942013478606652E-04   0.7990456337873857E-03   0.8615068164945196E-01
  0.1847500000000000E+02   0.9206104331839021E+00   0.7181738784328896E-01  -0.3978703487786228E-01   0.3739659349119177E-01   0.1905507589394988E-04   0.7756614450071610E-03   0.8422535742663538E-01
  0.1852500000000000E+02   0.9214870239067158E+00   0.7038438597494351E-01  -0.3936006629632349E-01   0.3663411414908690E-01   0.1871708028627884E-04   0.7518684108469110E-03   0.8240840740599634E-01
  0.1857500000000000E+02   0.9225044548901433E+00   0.6910126477740701E-01  -0.3885658075403375E-01   0.3594742646816339E-01   0.1841580970903614E-04   0.7283019739798732E-03   0.8074563719788846E-01
  0.1862500000000000E+02   0.9236286852362928E+00   0.6799368086192298E-01  -0.3829404334943098E-01   0.3535055616101801E-01   0.1815878240410240E-04   0.7055636860115510E-03   0.7927322288481509E-01
  0.1867500000000000E+02   0.9248218815301434E+00   0.6707832108639569E-01  -0.3769204427685791E-01   0.3485283514880046E-01   0.1795117641176926E-04   0.6841903316278870E-03   0.7801664352114504E-01
  0.1872500000000000E+02   0.9260446176729220E+00   0.6636295978385223E-01  -0.3707111676752084E-01   0.3445891017469370E-01   0.1779580165535886E-04   0.6646341309963586E-03   0.7699052592937497E-01
  0.1877500000000000E+02   0.9272577139831870E+00   0.6584685429058744E-01  -0.3645174963381637E-01   0.3416894497268986E-01   0.1769317232283380E-04   0.6472512279807587E-03   0.7619905380423238E-01
  0.1882500000000000E+02   0.9284237933527637E+00   0.6552130878993766E-01  -0.3585355867030948E-01   0.3397891958174671E-01   0.1764163135839326E-04   0.6322954977310396E-03   0.7563667113151479E-01
  0.1887500000000000E+02   0.9295086688387189E+00   0.6537033844137329E-01  -0.3529455796826808E-01   0.3388098355892920E-01   0.1763750548891912E-04   0.6199153956026149E-03   0.7528892848790945E-01
  0.1892500000000000E+02   0.9304826586146395E+00   0.6537145791871250E-01  -0.3479047857468009E-01   0.3386386917432124E-01   0.1767529448047692E-04   0.6101527098133601E-03   0.7513344020502867E-01
  0.1897500000000000E+02   0.9313218639268744E+00   0.6549668167811261E-01  -0.3435411096201146E-01   0.3391340574305286E-01   0.1774791674171977E-04   0.6029433258611111E-03   0.7514101351495912E-01
  0.1902500000000000E+02   0.9320093602205476E+00   0.6571384340937350E-01  -0.3399469086074713E-01   0.3401318956928250E-01   0.1784704083393283E-04   0.5981211678529264E-03   0.7527705933856194E-01
  0.1907500000000000E+02   0.9325361625252704E+00   0.6598830999069266E-01  -0.3371739417351205E-01   0.3414545061289345E-01   0.1796352601773440E-04   0.5954270829384540E-03   0.7550338630261225E-01
  0.1912500000000000E+02   0.9329017609549518E+00   0.6628508056681812E-01  -0.3352304207591450E-01   0.3429211634242844E-01   0.1808797397989158E-04   0.5945243497161609E-03   0.7578041096012088E-01
  0.1917500000000000E+02   0.9331140101099501E+00   0.6657113882531798E-01  -0.3340812695448270E-01   0.3443601207589665E-01   0.1821136154357570E-04   0.5950215994248198E-03   0.7606969785267804E-01
  0.1922500000000000E+02   0.9331882182609882E+00   0.6681779908737935E-01  -0.3336524217142967E-01   0.3456207142679080E-01   0.1832568866827533E-04   0.5965023381144098E-03   0.7633660162949636E-01
  0.1927500000000000E+02   0.9331454178017925E+00   0.6700270008335443E-01  -0.3338393282220686E-01   0.3465838317739777E-01   0.1842454950896493E-04   0.5985583361075960E-03   0.7655266558679584E-01
  0.1932500000000000E+02   0.9330099771362251E+00   0.6711109639297197E-01  -0.3345189469386267E-01   0.3471689408139478E-01   0.1850352875311779E-04   0.6008225285227538E-03   0.7669738639152053E-01
  0.1937500000000000E+02   0.9328068812145580E+00   0.6713619419038605E-01  -0.3355636151719998E-01   0.3473363138681412E-01   0.1856034712932319E-04   0.6029963862104696E-03   0.7675901554375843E-01
  0.1942500000000000E+02   0.9325591052592894E+00   0.6707845504443567E-01  -0.3368546631333158E-01   0.3470839602738819E-01   0.1859472517218775E-04   0.6048673329029148E-03   0.7673422981748096E-01
  0.1947500000000000E+02   0.9322854988921959E+00   0.6694399622285239E-01  -0.3382936063454312E-01   0.3464398186785028E-01   0.1860798988260696E-04   0.6063135856723587E-03   0.7662672110621224E-01
  0.1952500000000000E+02   0.9319994904451921E+00   0.6674238560693752E-01  -0.3398092563403332E-01   0.3454506612653739E-01   0.1860249785724321E-04   0.6072962201170780E-03   0.7644496422241816E-01
  0.1957500000000000E+02   0.9317087534140449E+00   0.6648421935594720E-01  -0.3413599247521126E-01   0.3441696700466442E-01   0.1858097754511028E-04   0.6078405660373552E-03   0.7619956021493267E-01
  0.1962500000000000E+02   0.9314158021052006E+00   0.6617887043975193E-01  -0.3429307967251816E-01   0.3426446939890932E-01   0.1854589807538103E-04   0.6080106345222155E-03   0.7590059519168532E-01
  0.1967500000000000E+02   0.9311193439717910E+00   0.6583272656848610E-01  -0.3445272897972551E-01   0.3409088738810373E-01   0.1849895685139370E-04   0.6078809361050371E-03   0.7555540971051107E-01
  0.1972500000000000E+02   0.9308161300063028E+00   0.6544813113530012E-01  -0.3461656884018993E-01   0.3389748001820937E-01   0.1844075158738725E-04   0.6075098966413921E-03   0.7516707401971592E-01
  0.1977500000000000E+02   0.9305030075144922E+00   0.6502312994228857E-01  -0.3478625637688348E-01   0.3368328019150021E-01   0.1837067281616800E-04   0.6069184165723449E-03   0.7473374466930234E-01
  0.1982500000000000E+02   0.9301788770356132E+00   0.6455202419179426E-01  -0.3496245253063357E-01   0.3344534332424167E-01   0.1828702449925915E-04   0.6060762300093490E-03   0.7424896013174101E-01
  0.1987500000000000E+02   0.9298462754376746E+00   0.6402663736443182E-01  -0.3514397639634725E-01   0.3317937381232172E-01   0.1818735379078378E-04   0.6048977369403590E-03   0.7370282251249641E-01
  0.1992500000000000E+02   0.9295123486869193E+00   0.6343811643381193E-01  -0.3532726520193818E-01   0.3288064135402959E-01   0.1806894527033124E-04   0.6032478949455260E-03   0.7308390562855571E-01
  0.1997500000000000E+02   0.9291890471874278E+00   0.6277900845134526E-01  -0.3550623231964745E-01   0.3254505656492285E-01   0.1792941051314706E-04   0.6009575107672874E-03   0.7238162624264767E-01
  0.2002500000000000E+02   0.9288924800893964E+00   0.6204529540762585E-01  -0.3567256359318971E-01   0.3217024273353324E-01   0.1776728442858484E-04   0.5978458976931536E-03   0.7158872718813315E-01
  0.2007500000000000E+02   0.9286414972486708E+00   0.6123805550643757E-01  -0.3581642408551933E-01   0.3175642949961904E-01   0.1758253187040281E-04   0.5937475652806970E-03   0.7070347389265517E-01
  0.2012500000000000E+02   0.9284557056101937E+00   0.6036446691270454E-01  -0.3592747429121301E-01   0.3130701544903198E-01   0.1737687787437697E-04   0.5885387366359228E-03   0.6973118777567358E-01
  0.2017500000000000E+02   0.9283532342708249E+00   0.5943798318666701E-01  -0.3599603570344101E-01   0.3082870267553275E-01   0.1715390438192901E-04   0.5821594039664463E-03   0.6868484522007627E-01
  0.2022500000000000E+02   0.9283486041081416E+00   0.5847766569626056E-01  -0.3601421950058281E-01   0.3033118686977142E-01   0.1691890014776610E-04   0.5746274986637269E-03   0.6758464464853141E-01
  0.2027500000000000E+02   0.9284510173082581E+00   0.5750681508282788E-01  -0.3597684902394827E-01   0.2982646994763742E-01   0.1667849701321729E-04   0.5660433988074984E-03   0.6645664240962888E-01
  0.2032500000000000E+02   0.9286632719657982E+00   0.5655115609255135E-01  -0.3588206161401730E-01   0.2932792443797016E-01   0.1644016133763840E-04   0.5565849525917483E-03   0.6533072289606924E-01
  0.2037500000000000E+02   0.9289813640805851E+00   0.5563686912876992E-01  -0.3573154978364790E-01   0.2884926345785073E-01   0.1621162463421989E-04   0.5464948793312279E-03   0.6423825330370936E-01
  0.2042500000000000E+02   0.9293947084585681E+00   0.5478872662302892E-01  -0.3553047202265502E-01   0.2840355502880952E-01   0.1600033066155884E-04   0.5360633775245294E-03   0.6320976336159737E-01
  0.2047500000000000E+02   0.9298868253178072E+00   0.5402850614286565E-01  -0.3528711090783221E-01   0.2800237601972363E-01   0.1581295320693351E-04   0.5256088772216787E-03   0.6227290385205954E-01
  0.2052500000000000E+02   0.9304363137725979E+00   0.5337374966841384E-01  -0.3501237265102852E-01   0.2765514715201220E-01   0.1565500936494124E-04   0.5154592751232439E-03   0.6145081455217346E-01
  0.2057500000000000E+02   0.9310179594709074E+00   0.5283685096259295E-01  -0.3471921074748774E-01   0.2736864317143843E-01   0.1553056671373410E-04   0.5059350120792516E-03   0.6076091428544009E-01
  0.2062500000000000E+02   0.9316038821428891E+00   0.5242439965776002E-01  -0.3442202679959783E-01   0.2714664227685294E-01   0.1544202565297442E-04   0.4973343386205309E-03   0.6021404284674303E-01
  0.2067500000000000E+02   0.9321646977417714E+00   0.5213669764249147E-01  -0.3413606546965786E-01   0.2698966996207560E-01   0.1538995267708494E-04   0.4899203226602117E-03   0.5981384955787489E-01
  0.2072500000000000E+02   0.9326707306025281E+00   0.5196738719832273E-01  -0.3387678785858428E-01   0.2689480313962068E-01   0.1537294598587189E-04   0.4839087268273690E-03   0.5955633529335325E-01
  0.2077500000000000E+02   0.9330933497109238E+00   0.5190318283552302E-01  -0.3365918588793981E-01   0.2685552657900267E-01   0.1538752944938393E-04   0.4794558729848155E-03   0.5942950538600770E-01
  0.2082500000000000E+02   0.9334065092422478E+00   0.5192376902209645E-01  -0.3349699506783532E-01   0.2686166972949080E-01   0.1542809155402386E-04   0.4766460182201296E-03   0.5941316782462808E-01
  0.2087500000000000E+02   0.9335885385897177E+00   0.5200199977764956E-01  -0.3340177881853690E-01   0.2689949072846837E-01   0.1548690856545458E-04   0.4754785545953778E-03   0.5947899970997117E-01
  0.2092500000000000E+02   0.9336241463104010E+00   0.5210459341045808E-01  -0.3338189706254646E-01   0.2695200578807574E-01   0.1555430999719677E-04   0.4758564224180350E-03   0.5959108485121762E-01
  0.2097500000000000E+02   0.9335064799545487E+00   0.5219352952857190E-01  -0.3344143360541829E-01   0.2699967252023958E-01   0.1561905155453239E-04   0.4775782932269209E-03   0.5970716840683570E-01
  0.2102500000000000E+02   0.9332389411079838E+00   0.5222829610685061E-01  -0.3357923082805192E-01   0.2702150956027209E-01   0.1566894672843175E-04   0.4803379760807318E-03   0.5978084579266993E-01
  0.2107500000000000E+02   0.9328363369422930E+00   0.5216898221505585E-01  -0.3378824440955863E-01   0.2699666088370864E-01   0.1569176613048114E-04   0.4837346315541799E-03   0.5976477190145093E-01
  0.2112500000000000E+02   0.9323249191728891E+00   0.5197997748355239E-01  -0.3405545300325652E-01   0.2690629479982334E-01   0.1567634476277076E-04   0.4872962568100433E-03   0.5961473713473569E-01
  0.2117500000000000E+02   0.9317409765386127E+00   0.5163377975700866E-01  -0.3436250672974495E-01   0.2673559183278202E-01   0.1561375691100233E-04   0.4905163538817420E-03   0.5929415162090481E-01
  0.2122500000000000E+02   0.9311279224814122E+00   0.5111422742232500E-01  -0.3468716307155173E-01   0.2647547275190423E-01   0.1549835537240319E-04   0.4929001539145892E-03   0.5877820790202182E-01
  0.2127500000000000E+02   0.9305321953323767E+00   0.5041846710699913E-01  -0.3500536622764228E-01   0.2612370335672398E-01   0.1532845928326027E-04   0.4940133822264153E-03   0.5805688432773530E-01
  0.2132500000000000E+02   0.9299986337577359E+00   0.4955718948115257E-01  -0.3529364107933020E-01   0.2568511600597202E-01   0.1510653160620600E-04   0.4935247709852722E-03   0.5713610043719850E-01
  0.2137500000000000E+02   0.9295661608508828E+00   0.4855306335094048E-01  -0.3553137197403899E-01   0.2517088785475434E-01   0.1483880235878136E-04   0.4912343773468303E-03   0.5603673273127339E-01
  0.2142500000000000E+02   0.9292645267249492E+00   0.4743772863415671E-01  -0.3570256601421407E-01   0.2459704182664866E-01   0.1453442658310500E-04   0.4870831488833957E-03   0.5479171360844558E-01
  0.2147500000000000E+02   0.9291125564437911E+00   0.4624801044615270E-01  -0.3579684873641098E-01   0.2398250326476565E-01   0.1420436674994477E-04   0.4811438233613240E-03   0.5344187333470349E-01
  0.2152500000000000E+02   0.9291179561821828E+00   0.4502209344311886E-01  -0.3580964370806961E-01   0.2334709798190898E-01   0.1386022429454647E-04   0.4735973800672537E-03   0.5203138939707048E-01
  0.2157500000000000E+02   0.9292783941327537E+00   0.4379625828867514E-01  -0.3574166849910554E-01   0.2270981585427686E-01   0.1351321259693767E-04   0.4647015329508824E-03   0.5060363975121730E-01
  0.2162500000000000E+02   0.9295833888342462E+00   0.4260252288601203E-01  -0.3559798426556926E-01   0.2208753309871947E-01   0.1317338916206397E-04   0.4547578289880089E-03   0.4919799351026479E-01
  0.2167500000000000E+02   0.9300165193643518E+00   0.4146726216181668E-01  -0.3538685374762984E-01   0.2149424477725688E-01   0.1284918224007067E-04   0.4440823565337943E-03   0.4784774674387076E-01
  0.2172500000000000E+02   0.9305575708272995E+00   0.4041068112426246E-01  -0.3511861564812013E-01   0.2094075073870697E-01   0.1254718278469138E-04   0.4329828409440127E-03   0.4657913685111080E-01
  0.2177500000000000E+02   0.9311843762467822E+00   0.3944691439237598E-01  -0.3480470763453281E-01   0.2043468026853967E-01   0.1227213722583509E-04   0.4217428453794934E-03   0.4541120364040524E-01
  0.2182500000000000E+02   0.9318742568170818E+00   0.3858450860194931E-01  -0.3445689567209886E-01   0.1998072816687317E-01   0.1202706771178711E-04   0.4106123566325771E-03   0.4435620982381692E-01
  0.2187500000000000E+02   0.9326050669339501E+00   0.3782708113059917E-01  -0.3408671083329229E-01   0.1958099218369412E-01   0.1181345545478952E-04   0.3998033011796799E-03   0.4342035695679007E-01
  0.2192500000000000E+02   0.9333559118863178E+00   0.3717400887545039E-01  -0.3370506060410250E-01   0.1923533248486773E-01   0.1163144019038940E-04   0.3894883652832715E-03   0.4260459676418613E-01
  0.2197500000000000E+02   0.9341076311617184E+00   0.3662106298567926E-01  -0.3332196704206447E-01   0.1894170640953874E-01   0.1148000763585170E-04   0.3798016756089402E-03   0.4190541219913818E-01
  0.2202500000000000E+02   0.9348431399362647E+00   0.3616095833813011E-01  -0.3294638331207678E-01   0.1869645990362889E-01   0.1135715340127502E-04   0.3708402506544525E-03   0.4131550979903607E-01
  0.2207500000000000E+02   0.9355477053611804E+00   0.3578382631414809E-01  -0.3258604786245689E-01   0.1849457837313705E-01   0.1126002460565116E-04   0.3626655361098452E-03   0.4082441750092562E-01
  0.2212500000000000E+02   0.9362092096305424E+00   0.3547764595177527E-01  -0.3224734803707208E-01   0.1832991409520536E-01   0.1118504926385971E-04   0.3553047226744211E-03   0.4041901860420722E-01
  0.2217500000000000E+02   0.9368184227822698E+00   0.3522868260059143E-01  -0.3193517990012995E-01   0.1819541515668191E-01   0.1112806848945774E-04   0.3487518813205844E-03   0.4008407377913328E-01
  0.2222500000000000E+02   0.9373692777191812E+00   0.3502198510588699E-01  -0.3165280687304683E-01   0.1808338236247435E-01   0.1108448773622084E-04   0.3429692199217993E-03   0.3980278962443701E-01
  0.2227500000000000E+02   0.9378591112222416E+00   0.3484198202712736E-01  -0.3140173480176522E-01   0.1798577556815908E-01   0.1104946052885840E-04   0.3378889456875344E-03   0.3955748430993055E-01
  0.2232500000000000E+02   0.9382888121510159E+00   0.3467319457156858E-01  -0.3118163305684385E-01   0.1789457949737806E-01   0.1101811135450022E-04   0.3334162820441505E-03   0.3933037840621292E-01
  0.2237500000000000E+02   0.9386628071383851E+00   0.3450105085745746E-01  -0.3099033737668766E-01   0.1780222230398399E-01   0.1098579412986655E-04   0.3294341083778566E-03   0.3910450391511183E-01
  0.2242500000000000E+02   0.9389888202288948E+00   0.3431274819570157E-01  -0.3082396760831474E-01   0.1770202060766311E-01   0.1094837050497440E-04   0.3258094549526931E-03   0.3886468199615725E-01
  0.2247500000000000E+02   0.9392773687248226E+00   0.3409807620986227E-01  -0.3067718080075799E-01   0.1758860698133090E-01   0.1090248097161691E-04   0.3224017184770020E-03   0.3859847924476607E-01
  0.2252500000000000E+02   0.9395410003307665E+00   0.3385009447618886E-01  -0.3054355845152767E-01   0.1745828539863097E-01   0.1084577475485048E-04   0.3190720395548421E-03   0.3829702559381797E-01
  0.2257500000000000E+02   0.9397933274459401E+00   0.3356556269809798E-01  -0.3041610059636379E-01   0.1730926159084491E-01   0.1077706476175170E-04   0.3156929143149724E-03   0.3795557488508881E-01
  0.2262500000000000E+02   0.9400479593832753E+00   0.3324505181663609E-01  -0.3028777587815945E-01   0.1714171018455625E-01   0.1069638258776187E-04   0.3121569175347361E-03   0.3757371686015643E-01
  0.2267500000000000E+02   0.9403174585618922E+00   0.3289271489145770E-01  -0.3015206295001915E-01   0.1695766606026331E-01   0.1060492415045842E-04   0.3083834710760540E-03   0.3715520229455653E-01
  0.2272500000000000E+02   0.9406124440106701E+00   0.3251575368831198E-01  -0.3000341908794968E-01   0.1676075685634823E-01   0.1050489486142175E-04   0.3043228982105428E-03   0.3670740765873499E-01
  0.2277500000000000E+02   0.9409409356950658E+00   0.3212366476422146E-01  -0.2983762656527122E-01   0.1655581871851614E-01   0.1039927924730389E-04   0.2999574762299584E-03   0.3624052398747000E-01
  0.2282500000000000E+02   0.9413079858755169E+00   0.3172737515169950E-01  -0.2965199142299402E-01   0.1634845172621470E-01   0.1029156941745931E-04   0.2952997002812425E-03   0.3576659103729585E-01
  0.2287500000000000E+02   0.9417155931132600E+00   0.3133837814051381E-01  -0.2944539549240510E-01   0.1614457238931608E-01   0.1018548800482538E-04   0.2903883674792401E-03   0.3529850498007852E-01
  0.2292500000000000E+02   0.9421628537211927E+00   0.3096795820406135E-01  -0.2921822403672303E-01   0.1595001006963321E-01   0.1008473517657738E-04   0.2852832994924297E-03   0.3484910837432974E-01
  0.2297500000000000E+02   0.9426462821074343E+00   0.3062656033684219E-01  -0.2897220400827760E-01   0.1577017695233066E-01   0.9992778910495742E-05   0.2800595311318867E-03   0.3443043479468319E-01
  0.2302500000000000E+02   0.9431602266905676E+00   0.3032332355032144E-01  -0.2871019090213001E-01   0.1560982276674231E-01   0.9912696359041901E-05   0.2748016468224028E-03   0.3405313949790451E-01
  0.2307500000000000E+02   0.9436973179329591E+00   0.3006576913340807E-01  -0.2843593744769368E-01   0.1547287013396989E-01   0.9847064495555049E-05   0.2695987187916154E-03   0.3372611201747835E-01
  0.2312500000000000E+02   0.9442489033102420E+00   0.2985961562871239E-01  -0.2815386810626785E-01   0.1536231644536577E-01   0.9797891830674659E-05   0.2645400607659394E-03   0.3345624237933908E-01
  0.2317500000000000E+02   0.9448054446927686E+00   0.2970868474744222E-01  -0.2786887267614613E-01   0.1528018387253283E-01   0.9766580080954060E-05   0.2597118086874912E-03   0.3324830106412210E-01
  0.2322500000000000E+02   0.9453568722695146E+00   0.2961486376357809E-01  -0.2758612257327031E-01   0.1522749955088416E-01   0.9753904751391744E-05   0.2551942000588814E-03   0.3310489219849534E-01
  0.2327500000000000E+02   0.9458929033299229E+00   0.2957809753044967E-01  -0.2731090588131746E-01   0.1520429174609451E-01   0.9760005813809581E-05   0.2510593504140064E-03   0.3302644667626906E-01
  0.2332500000000000E+02   0.9464033429685005E+00   0.2959639449959050E-01  -0.2704847258270804E-01   0.1520959352320170E-01   0.9784383179992459E-05   0.2473693119322974E-03   0.3301123385629689E-01
  0.2337500000000000E+02   0.9468783869706654E+00   0.2966584385787049E-01  -0.2680387956543928E-01   0.1524145197199503E-01   0.9825895787226522E-05   0.2441742341050797E-03   0.3305538457581741E-01
  0.2342500000000000E+02   0.9473089449673131E+00   0.2978065345405021E-01  -0.2658182594999037E-01   0.1529694752366531E-01   0.9882767279742834E-05   0.2415105185647634E-03   0.3315293246249448E-01
  0.2347500000000000E+02   0.9476869946747287E+00   0.2993322902989473E-01  -0.2638647285554152E-01   0.1537223353792487E-01   0.9952604973908023E-05   0.2393989596090105E-03   0.3329589322495272E-01
  0.2352500000000000E+02   0.9480059661064213E+00   0.3011432270745575E-01  -0.2622124770390089E-01   0.1546261028824483E-01   0.1003244146912448E-04   0.2378429775788386E-03   0.3347441096514448E-01
  0.2357500000000000E+02   0.9482611390469754E+00   0.3031328073184441E-01  -0.2608864105493192E-01   0.1556264872230234E-01   0.1011880923464591E-04   0.2368271690305644E-03   0.3367700450704239E-01
  0.2362500000000000E+02   0.9484500198472117E+00   0.3051841510984963E-01  -0.2599001277600566E-01   0.1566637689046163E-01   0.1020785705346093E-04   0.2363164940238710E-03   0.3389094305431652E-01
  0.2367500000000000E+02   0.9485726481301445E+00   0.3071750965621881E-01  -0.2592543237706213E-01   0.1576753499025215E-01   0.1029551281193986E-04   0.2362564691311498E-03   0.3410276744487194E-01
  0.2372500000000000E+02   0.9486317748614850E+00   0.3089844837794624E-01  -0.2589358328332658E-01   0.1585989366649111E-01   0.1037768979012616E-04   0.2365747061565127E-03   0.3429895067159309E-01
  0.2377500000000000E+02   0.9486328552113255E+00   0.3104992606205827E-01  -0.2589176021661954E-01   0.1593761596194026E-01   0.1045052420792643E-04   0.2371840112811834E-03   0.3446666165825741E-01
  0.2382500000000000E+02   0.9485838159437154E+00   0.3116217330591845E-01  -0.2591598098874404E-01   0.1599562907188931E-01   0.1051062220817499E-04   0.2379870394548113E-03   0.3459456522274380E-01
  0.2387500000000000E+02   0.9484945874148764E+00   0.3122760893728484E-01  -0.2596121889798053E-01   0.1602996181628117E-01   0.1055528734154316E-04   0.2388822176427334E-03   0.3467356698561366E-01
  0.2392500000000000E+02   0.9483764295868409E+00   0.3124132929628771E-01  -0.2602174199052332E-01   0.1603800138215392E-01   0.1058269757409829E-04   0.2397703716114430E-03   0.3469740325678564E-01
  0.2397500000000000E+02   0.9482411205512892E+00   0.3120136016932437E-01  -0.2609152530780834E-01   0.1601863059010022E-01   0.1059200541799848E-04   0.2405612923787227E-03   0.3466298823946276E-01
  0.2402500000000000E+02   0.9481001042162239E+00   0.3110863140287734E-01  -0.2616468735517219E-01   0.1597222394738889E-01   0.1058334562864554E-04   0.2411794255760472E-03   0.3457046391764046E-01
  0.2407500000000000E+02   0.9479637027899481E+00   0.3096667852430680E-01  -0.2623589674259996E-01   0.1590050322286383E-01   0.1055774959327213E-04   0.2415679850456994E-03   0.3442294468093633E-01
  0.2412500000000000E+02   0.9478404870038698E+00   0.3078111873553507E-01  -0.2630070075576252E-01   0.1580627548947948E-01   0.1051698032235342E-04   0.2416910533718915E-03   0.3422599733148616E-01
  0.2417500000000000E+02   0.9477368668477297E+00   0.3055897978527999E-01  -0.2635574257533779E-01   0.1569309301228254E-01   0.1046331316431633E-04   0.2415335655930524E-03   0.3398693539552184E-01
  0.2422500000000000E+02   0.9476569269528740E+00   0.3030797325787380E-01  -0.2639885348570759E-01   0.1556488165938539E-01   0.1039929267557366E-04   0.2410993910804647E-03   0.3371402634446578E-01
  0.2427500000000000E+02   0.9476024937917132E+00   0.3003579856881333E-01  -0.2642902550253923E-01   0.1542558239491335E-01   0.1032749517447027E-04   0.2404079614256384E-03   0.3341570952200199E-01
  0.2432500000000000E+02   0.9475733942846878E+00   0.2974954529631674E-01  -0.2644628434074170E-01   0.1527884122766217E-01   0.1025032083707349E-04   0.2394900049407014E-03   0.3309990537172723E-01
  0.2437500000000000E+02   0.9475678505994348E+00   0.2945523663282549E-01  -0.2645149066083041E-01   0.1512777039370091E-01   0.1016983111550173E-04   0.2383829466257535E-03   0.3277347047021704E-01
  0.2442500000000000E+02   0.9475829530490486E+00   0.2915753244714315E-01  -0.2644609937836284E-01   0.1497479103546572E-01   0.1008763907968788E-04   0.2371264494690303E-03   0.3244182560714205E-01
  0.2447500000000000E+02   0.9476151585197299E+00   0.2885959109476995E-01  -0.2643190423702368E-01   0.1482155753684233E-01   0.1000485357692715E-04   0.2357584514976537E-03   0.3210876126483739E-01
  0.2452500000000000E+02   0.9476607714945126E+00   0.2856307625091782E-01  -0.2641079001972257E-01   0.1466895686502958E-01   0.9922073499914652E-05   0.2343119298205696E-03   0.3177640880163109E-01
  0.2457500000000000E+02   0.9477163749476297E+00   0.2826828795033888E-01  -0.2638450955031413E-01   0.1451717245032870E-01   0.9839425791748990E-05   0.2328125203330596E-03   0.3144535619838459E-01
  0.2462500000000000E+02   0.9477791871222158E+00   0.2797439377093239E-01  -0.2635449811457247E-01   0.1436580034353419E-01   0.9756639484196710E-05   0.2312770466428111E-03   0.3111488251664225E-01
  0.2467500000000000E+02   0.9478473269885269E+00   0.2767973459666295E-01  -0.2632173439380048E-01   0.1421400455078963E-01   0.9673147358733375E-05   0.2297129593164492E-03   0.3078328292528831E-01
  0.2472500000000000E+02   0.9479199766805890E+00   0.2738217813166487E-01  -0.2628665414187381E-01   0.1406069776497372E-01   0.9588206211109986E-05   0.2281186460859067E-03   0.3044825445296214E-01
  0.2477500000000000E+02   0.9479974346294009E+00   0.2707949177500819E-01  -0.2624912003831803E-01   0.1390473289024077E-01   0.9501025986192405E-05   0.2264845345124455E-03   0.3010731070294705E-01
  0.2482500000000000E+02   0.9480810595391964E+00   0.2676970505592163E-01  -0.2620844785017118E-01   0.1374509000248690E-01   0.9410897372574437E-05   0.2247948645464038E-03   0.2975819193810644E-01
  0.2487500000000000E+02   0.9481731132336739E+00   0.2645143171367681E-01  -0.2616348498825827E-01   0.1358104327878785E-01   0.9317307201766666E-05   0.2230299600949385E-03   0.2939923637838288E-01
  0.2492500000000000E+02   0.9482765192444897E+00   0.2612412399104846E-01  -0.2611273297926320E-01   0.1341229363793099E-01   0.9220031657289007E-05   0.2211687836103877E-03   0.2902968073381859E-01
  0.2497500000000000E+02   0.9483945624584206E+00   0.2578823765976677E-01  -0.2605450098195938E-01   0.1323905582281924E-01   0.9119199200318945E-05   0.2191915275975766E-03   0.2864986402633656E-01
  0.2502500000000000E+02   0.9485305613394380E+00   0.2544529564606449E-01  -0.2598707420086632E-01   0.1306209341379519E-01   0.9015318278333003E-05   0.2170819934106286E-03   0.2826131876335623E-01
  0.2507500000000000E+02   0.9486875465163080E+00   0.2509784971078215E-01  -0.2590887977210676E-01   0.1288270121223895E-01   0.8909268926393479E-05   0.2148295373978024E-03   0.2786674639815533E-01
  0.2512500000000000E+02   0.9488679769964169E+00   0.2474935144757484E-01  -0.2581863389133288E-01   0.1270264054959050E-01   0.8802261602472796E-05   0.2124304257082894E-03   0.2746988757811551E-01
  0.2517500000000000E+02   0.9490735182349158E+00   0.2440395362551781E-01  -0.2571545749336734E-01   0.1252403818433344E-01   0.8695770205685621E-05   0.2098885216365265E-03   0.2707530934875775E-01
  0.2522500000000000E+02   0.9493048961903667E+00   0.2406626880439555E-01  -0.2559895295777082E-01   0.1234926259441537E-01   0.8591448531878163E-05   0.2072153172621791E-03   0.2668813903974593E-01
  0.2527500000000000E+02   0.9495618304502305E+00   0.2374111336802961E-01  -0.2546924001909801E-01   0.1218079220428859E-01   0.8491040083410880E-05   0.2044293975503639E-03   0.2631377685154945E-01
  0.2532500000000000E+02   0.9498430396551453E+00   0.2343326198091433E-01  -0.2532695419178654E-01   0.1202108854948539E-01   0.8396290237339037E-05   0.2015554772819629E-03   0.2595761634821785E-01
  0.2537500000000000E+02   0.9501463053743899E+00   0.2314723122272374E-01  -0.2517321474243084E-01   0.1187248420580060E-01   0.8308867697055095E-05   0.1986231735288548E-03   0.2562479542216635E-01
  0.2542500000000000E+02   0.9504685769964727E+00   0.2288710347840605E-01  -0.2500957117001024E-01   0.1173709136092294E-01   0.8230299491583943E-05   0.1956656705774539E-03   0.2531999171050486E-01
  0.2547500000000000E+02   0.9508060999451404E+00   0.2265639467042445E-01  -0.2483793735028317E-01   0.1161673302223343E-01   0.8161921122579669E-05   0.1927184073340376E-03   0.2504726779378363E-01
  0.2552500000000000E+02   0.9511545518488821E+00   0.2245796329086965E-01  -0.2466052134898500E-01   0.1151289565451154E-01   0.8104841228349044E-05   0.1898178787809251E-03   0.2480996423475805E-01
  0.2557500000000000E+02   0.9515091751541327E+00   0.2229395402548962E-01  -0.2447975693810422E-01   0.1142669984761920E-01   0.8059918573595524E-05   0.1870006020060497E-03   0.2461063340529347E-01
  0.2562500000000000E+02   0.9518648990928038E+00   0.2216576713817280E-01  -0.2429824057278662E-01   0.1135888447674074E-01   0.8027748332161538E-05   0.1843022604484407E-03   0.2445100427468824E-01
  0.2567500000000000E+02   0.9522164481364697E+00   0.2207404442597061E-01  -0.2411867539980861E-01   0.1130979959833442E-01   0.8008654424613023E-05   0.1817570111560434E-03   0.2433196762257910E-01
  0.2572500000000000E+02   0.9525584376270727E+00   0.2201866351795858E-01  -0.2394382201787970E-01   0.1127940379593700E-01   0.8002684954195336E-05   0.1793969203337093E-03   0.2425357200245382E-01
  0.2577500000000000E+02   0.9528854599619548E+00   0.2199873412048088E-01  -0.2377645430527076E-01   0.1126726261495029E-01   0.8009608394957742E-05   0.1772514817838736E-03   0.2421502269007942E-01
  0.2582500000000000E+02   0.9531921665041273E+00   0.2201259213198350E-01  -0.2361931768628445E-01   0.1127254590894843E-01   0.8028908991654291E-05   0.1753471696333076E-03   0.2421467836006304E-01
  0.2587500000000000E+02   0.9534733513517802E+00   0.2205779010319523E-01  -0.2347508669137999E-01   0.1129402322592056E-01   0.8059780738922448E-05   0.1737069794564443E-03   0.2425004303057181E-01
  0.2592500000000000E+02   0.9537240433128947E+00   0.2213108514797871E-01  -0.2334631853424440E-01   0.1133005771030552E-01   0.8101120261061894E-05   0.1723499193160179E-03   0.2431775371583273E-01
  0.2597500000000000E+02   0.9539396119326053E+00   0.2222842802833944E-01  -0.2323539965950971E-01   0.1137860034065057E-01   0.8151519881796643E-05   0.1712904236303573E-03   0.2441356713211006E-01
  0.2602500000000000E+02   0.9541158921923484E+00   0.2234495966964786E-01  -0.2314448281582038E-01   0.1143718762732589E-01   0.8209263129881577E-05   0.1705376779328875E-03   0.2453235165079481E-01
  0.2607500000000000E+02   0.9542493304630928E+00   0.2247502369236766E-01  -0.2307541322005469E-01   0.1150294710385368E-01   0.8272325830425329E-05   0.1700948616092913E-03   0.2466809338464840E-01
  0.2612500000000000E+02   0.9543371513483554E+00   0.2261220546258563E-01  -0.2302964385381578E-01   0.1157261595519801E-01   0.8338386707188273E-05   0.1699583386250709E-03   0.2481392763698973E-01
  0.2617500000000000E+02   0.9543775411345552E+00   0.2274940932075358E-01  -0.2300814190964229E-01   0.1164257876479130E-01   0.8404851940949119E-05   0.1701168525882308E-03   0.2496220859907184E-01
  0.2622500000000000E+02   0.9543698387485334E+00   0.2287898556315146E-01  -0.2301129085373954E-01   0.1170893038423352E-01   0.8468898211052230E-05   0.1705508105987495E-03   0.2510463064043992E-01
  0.2627500000000000E+02   0.9543147197223033E+00   0.2299291685019871E-01  -0.2303879534373932E-01   0.1176756903990300E-01   0.8527538168751750E-05   0.1712317669152677E-03   0.2523241315729637E-01
  0.2632500000000000E+02   0.9542143533484939E+00   0.2308306945981764E-01  -0.2308959900641849E-01   0.1181432270366896E-01   0.8577710832100619E-05   0.1721222372510960E-03   0.2533655705899984E-01
  0.2637500000000000E+02   0.9540725090321541E+00   0.2314150789274878E-01  -0.2316182731079974E-01   0.1184510829928003E-01   0.8616396911836433E-05   0.1731759805316986E-03   0.2540817410599746E-01
  0.2642500000000000E+02   0.9538945861705851E+00   0.2316086197437263E-01  -0.2325276876862858E-01   0.1185611857080673E-01   0.8640755614683928E-05   0.1743388696950678E-03   0.2543888047054635E-01
  0.2647500000000000E+02   0.9536875441376989E+00   0.2313472473732104E-01  -0.2335890671835561E-01   0.1184402586398719E-01   0.8648275342276871E-05   0.1755504307064751E-03   0.2542123387263199E-01
  0.2652500000000000E+02   0.9534597161355104E+00   0.2305804881241879E-01  -0.2347601044484016E-01   0.1180618656533083E-01   0.8636926557355533E-05   0.1767460580188458E-03   0.2534918122509791E-01
  0.2657500000000000E+02   0.9532205028969938E+00   0.2292750126860695E-01  -0.2359928825985569E-01   0.1174082576596318E-01   0.8605301847446785E-05   0.1778598211303316E-03   0.2521847356360785E-01
  0.2662500000000000E+02   0.9529799582157795E+00   0.2274173441504085E-01  -0.2372359701629811E-01   0.1164718021737359E-01   0.8552726889471986E-05   0.1788276750434462E-03   0.2502700017415923E-01
  0.2667500000000000E+02   0.9527482953382623E+00   0.2250153489843428E-01  -0.2384369370012263E-01   0.1152557984475171E-01   0.8479327394210740E-05   0.1795907985139416E-03   0.2477499678758216E-01
  0.2672500000000000E+02   0.9525353577158264E+00   0.2220982583694166E-01  -0.2395450711531533E-01   0.1137745422669845E-01   0.8386041419767868E-05   0.1800987310100936E-03   0.2446509447759069E-01
  0.2677500000000000E+02   0.9523501058324502E+00   0.2187151503888380E-01  -0.2405140315779619E-01   0.1120525973891025E-01   0.8274573152616777E-05   0.1803119798776249E-03   0.2410219520434443E-01
  0.2682500000000000E+02   0.9522001713684630E+00   0.2149320303693071E-01  -0.2413041708304164E-01   0.1101233372429012E-01   0.8147292097544526E-05   0.1802038286757169E-03   0.2369318323918191E-01
  0.2687500000000000E+02   0.9520915205464751E+00   0.2108278329448700E-01  -0.2418843074248445E-01   0.1080269180992016E-01   0.8007088920750223E-05   0.1797611859000455E-03   0.2324650402524663E-01
  0.2692500000000000E+02   0.9520282521868457E+00   0.2064897951806908E-01  -0.2422328100631654E-01   0.1058079123847325E-01   0.7857204378559899E-05   0.1789844470166783E-03   0.2277165848906881E-01
  0.2697500000000000E+02   0.9520125365389200E+00   0.2020086920513256E-01  -0.2423379559893446E-01   0.1035128554054198E-01   0.7701049845844587E-05   0.1778864725372953E-03   0.2227866813927841E-01
  0.2702500000000000E+02   0.9520446826002186E+00   0.1974743829577186E-01  -0.2421976214374100E-01   0.1011879393005335E-01   0.7542036788440533E-05   0.1764908844920301E-03   0.2177756371369295E-01
  0.2707500000000000E+02   0.9521233078536648E+00   0.1929720103621654E-01  -0.2418184351156738E-01   0.9887703414773106E-02   0.7383428756833191E-05   0.1748299371995173E-03   0.2127793940710803E-01
  0.2712500000000000E+02   0.9522455769884853E+00   0.1885790503410149E-01  -0.2412145657857978E-01   0.9662014377314756E-02   0.7228224263109241E-05   0.1729422230363127E-03   0.2078859921482926E-01
  0.2717500000000000E+02   0.9524074752838981E+00   0.1843632723271701E-01  -0.2404063214184071E-01   0.9445232988119872E-02   0.7079073480170642E-05   0.1708704386858759E-03   0.2031730546228418E-01
  0.2722500000000000E+02   0.9526040866128034E+00   0.1803815465849057E-01  -0.2394187166075135E-01   0.9240307587613801E-02   0.6938227065705439E-05   0.1686593772795949E-03   0.1987062529594533E-01
  0.2727500000000000E+02   0.9528298534755104E+00   0.1766793566679041E-01  -0.2382801271017643E-01   0.9049601861574847E-02   0.6807512137272667E-05   0.1663542430923331E-03   0.1945386066219982E-01
  0.2732500000000000E+02   0.9530788051040818E+00   0.1732908328812286E-01  -0.2370211058695049E-01   0.8874895396189535E-02   0.6688328659411821E-05   0.1639993210892999E-03   0.1907104165669068E-01
  0.2737500000000000E+02   0.9533447479249251E+00   0.1702391164153769E-01  -0.2356733922977505E-01   0.8717401785858418E-02   0.6581659087713277E-05   0.1616369817420330E-03   0.1872496164604291E-01
  0.2742500000000000E+02   0.9536214195707168E+00   0.1675368834079534E-01  -0.2342691100717398E-01   0.8577795420347903E-02   0.6488084727608394E-05   0.1593069653904951E-03   0.1841723427312565E-01
  0.2747500000000000E+02   0.9539026127790646E+00   0.1651868944369049E-01  -0.2328401222639354E-01   0.8456239915425325E-02   0.6407803560162948E-05   0.1570458697418230E-03   0.1814835627075381E-01
  0.2752500000000000E+02   0.9541822788628688E+00   0.1631824803124778E-01  -0.2314174944686298E-01   0.8352413475551710E-02   0.6340645974109800E-05   0.1548867567295869E-03   0.1791776500471224E-01
  0.2757500000000000E+02   0.9544546221138687E+00   0.1615079243846414E-01  -0.2300310078087442E-01   0.8265529016198935E-02   0.6286086722330476E-05   0.1528587983916640E-03   0.1772388519584521E-01
  0.2762500000000000E+02   0.9547141966345307E+00   0.1601387518022209E-01  -0.2287086626300239E-01   0.8194349460739934E-02   0.6243253368348653E-05   0.1509868937119577E-03   0.1756416493128120E-01
  0.2767500000000000E+02   0.9549560157115186E+00   0.1590419850406455E-01  -0.2274761204997633E-01   0.8137201146894452E-02   0.6210933416458475E-05   0.1492912084921579E-03   0.1743510659913122E-01
  0.2772500000000000E+02   0.9551756808550165E+00   0.1581764698294013E-01  -0.2263560471707615E-01   0.8091990591882210E-02   0.6187584121031489E-05   0.1477866179705446E-03   0.1733230347759943E-01
  0.2777500000000000E+02   0.9553695328970762E+00   0.1574934117413319E-01  -0.2253673431328018E-01   0.8056231741388484E-02   0.6171350465499130E-05   0.1464820667670228E-03   0.1725049690442441E-01
  0.2782500000000000E+02   0.9555348210591926E+00   0.1569372838019176E-01  -0.2245242813279580E-01   0.8027091893960373E-02   0.6160097698568465E-05   0.1453799013392284E-03   0.1718367148210302E-01
  0.2787500000000000E+02   0.9556698780224979E+00   0.1564472597349966E-01  -0.2238356117919971E-01   0.8001464251342946E-02   0.6151464720235932E-05   0.1444752725710515E-03   0.1712520559338852E-01
  0.2792500000000000E+02   0.9557742807403500E+00   0.1559592856821024E-01  -0.2233037355125855E-01   0.7976072973065778E-02   0.6142943101925706E-05   0.1437557430495934E-03   0.1706809048001122E-01
  0.2797500000000000E+02   0.9558489697545279E+00   0.1554088189429446E-01  -0.2229240859196435E-01   0.7947612369416820E-02   0.6131983315335221E-05   0.1432012543448604E-03   0.1700522248505111E-01
  0.2802500000000000E+02   0.9558962964511775E+00   0.1547341383109151E-01  -0.2226848742402743E-01   0.7912915576549540E-02   0.6116124900570011E-05   0.1427846020932949E-03   0.1692975992642813E-01
  0.2807500000000000E+02   0.9559199703991687E+00   0.1538799840089594E-01  -0.2225673422288921E-01   0.7869140570692426E-02   0.6093141455708373E-05   0.1424725214710029E-03   0.1683552011948720E-01
  0.2812500000000000E+02   0.9559248891099056E+00   0.1528011484727551E-01  -0.2225466148275068E-01   0.7813954332141233E-02   0.6061185730257187E-05   0.1422274014103582E-03   0.1671737666991445E-01
  0.2817500000000000E+02   0.9559168497351096E+00   0.1514655540276425E-01  -0.2225931583479612E-01   0.7745691494722035E-02   0.6018916415897632E-05   0.1420095339988418E-03   0.1657160684097149E-01
  0.2822500000000000E+02   0.9559021633212431E+00   0.1498563574971565E-01  -0.2226747420393349E-01   0.7663463858642936E-02   0.5965587999728485E-05   0.1417796903736120E-03   0.1639613785496925E-01
  0.2827500000000000E+02   0.9558872120961005E+00   0.1479727317518566E-01  -0.2227586986337871E-01   0.7567202608121154E-02   0.5901089045162143E-05   0.1415017279625531E-03   0.1619065163999640E-01
  0.2832500000000001E+02   0.9558780031727444E+00   0.1458291742741046E-01  -0.2228142119196852E-01   0.7457625201921073E-02   0.5825921976353027E-05   0.1411449043129215E-03   0.1595652850726481E-01
  0.2837500000000000E+02   0.9558797739632919E+00   0.1434534353839087E-01  -0.2228143477494171E-01   0.7336131300262647E-02   0.5741127053792570E-05   0.1406856126630272E-03   0.1569663667732971E-01
  0.2842500000000000E+02   0.9558966948122084E+00   0.1408833801886117E-01  -0.2227375932716169E-01   0.7204643504896653E-02   0.5648162224458002E-05   0.1401083546209834E-03   0.1541499955028723E-01
  0.2847499999999999E+02   0.9559316958849005E+00   0.1381632425857473E-01  -0.2225687627510309E-01   0.7065416224017426E-02   0.5548756621392658E-05   0.1394058976894919E-03   0.1511638973659406E-01
  0.2852500000000000E+02   0.9559864235955541E+00   0.1353397684681702E-01  -0.2222992396169199E-01   0.6920838128762068E-02   0.5444757440211775E-05   0.1385786940152137E-03   0.1480590457237325E-01
  0.2857500000000000E+02   0.9560613124880634E+00   0.1324586849492740E-01  -0.2219266242613038E-01   0.6773250714089023E-02   0.5337987872968777E-05   0.1376337314422265E-03   0.1448857238224530E-01
  0.2862500000000000E+02   0.9561557454526182E+00   0.1295618059636147E-01  -0.2214539249672320E-01   0.6624799073883821E-02   0.5230128973198015E-05   0.1365830334895722E-03   0.1416902548472557E-01
  0.2867500000000000E+02   0.9562682698130075E+00   0.1266849353142125E-01  -0.2208884578866210E-01   0.6477323362590178E-02   0.5122632463468773E-05   0.1354420227466222E-03   0.1385125958838362E-01
  0.2872500000000000E+02   0.9563968381532364E+00   0.1238565936950050E-01  -0.2202406160409753E-01   0.6332292484524585E-02   0.5016666099157555E-05   0.1342279258290978E-03   0.1353848407974367E-01
  0.2877500000000000E+02   0.9565390484107629E+00   0.1210974988861714E-01  -0.2195226388254323E-01   0.6190776503756889E-02   0.4913089212763558E-05   0.1329583453543396E-03   0.1323305644892060E-01
  0.2882500000000000E+02   0.9566923651452075E+00   0.1184206742392852E-01  -0.2187474758113306E-01   0.6053451434079394E-02   0.4812453771899290E-05   0.1316500712321046E-03   0.1293648759838591E-01
  0.2887500000000000E+02   0.9568543109308585E+00   0.1158320435359438E-01  -0.2179278024523279E-01   0.5920629146704846E-02   0.4715025479978751E-05   0.1303181602199131E-03   0.1264950247590235E-01
  0.2892500000000000E+02   0.9570226223200978E+00   0.1133313779880285E-01  -0.2170752168737211E-01   0.5792305496588505E-02   0.4620819658294216E-05   0.1289752833269315E-03   0.1237214105348466E-01
  0.2897500000000000E+02   0.9571953684174958E+00   0.1109134804206243E-01  -0.2161996282432022E-01   0.5668220742769943E-02   0.4529647350814704E-05   0.1276313246163447E-03   0.1210388668375099E-01
  0.2902500000000000E+02   0.9573710320340674E+00   0.1085695120055770E-01  -0.2153088371054057E-01   0.5547927379521857E-02   0.4441167861322759E-05   0.1262932087536424E-03   0.1184381110263950E-01
  0.2907500000000000E+02   0.9575485542384322E+00   0.1062883818661869E-01  -0.2144083035692246E-01   0.5430861268458343E-02   0.4354944498787043E-05   0.1249649337535575E-03   0.1159072705678294E-01
  0.2912500000000000E+02   0.9577273435616537E+00   0.1040581273056052E-01  -0.2135010969093143E-01   0.5316412352161122E-02   0.4270500575128954E-05   0.1236477856058234E-03   0.1134334043524356E-01
  0.2917500000000000E+02   0.9579072517266051E+00   0.1018672138304471E-01  -0.2125880169874916E-01   0.5203991310841550E-02   0.4187372723652138E-05   0.1223407098418291E-03   0.1110039401275320E-01
  0.2922499999999999E+02   0.9580885189137525E+00   0.9970568357576114E-02  -0.2116678720825271E-01   0.5093088499285226E-02   0.4105158546701067E-05   0.1210408103700777E-03   0.1086079489004920E-01
  0.2927500000000000E+02   0.9582716932918568E+00   0.9756608324769938E-02  -0.2107378889605316E-01   0.4983321630425696E-02   0.4023555664942953E-05   0.1197439385873412E-03   0.1062371799839442E-01
  0.2932500000000000E+02   0.9584575315740077E+00   0.9544411268920061E-02  -0.2097942206315107E-01   0.4874469180736524E-02   0.3942389613227629E-05   0.1184453279037235E-03   0.1038867911183036E-01
  0.2937500000000000E+02   0.9586468892173716E+00   0.9333895482402007E-02  -0.2088325077118092E-01   0.4766487494853732E-02   0.3861628806573447E-05   0.1171402232609627E-03   0.1015557293829737E-01
  0.2942499999999999E+02   0.9588406100072154E+00   0.9125327603225855E-02  -0.2078484435232852E-01   0.4659511012771340E-02   0.3781385950946626E-05   0.1158244546788682E-03   0.9924674946993910E-02
  0.2947500000000000E+02   0.9590394247109382E+00   0.8919291878175232E-02  -0.2068382932792534E-01   0.4553836720603824E-02   0.3701906630936632E-05   0.1144949099031425E-03   0.9696609190288776E-02
  0.2952500000000000E+02   0.9592438670987511E+00   0.8716633940446040E-02  -0.2057993247591361E-01   0.4449895519540024E-02   0.3623547116268703E-05   0.1131498736409798E-03   0.9472287820527401E-02
  0.2957500000000000E+02   0.9594542131000918E+00   0.8518386700205679E-02  -0.2047301207750030E-01   0.4348214395946615E-02   0.3546744428119831E-05   0.1117892176425691E-03   0.9252830591536259E-02
  0.2962500000000000E+02   0.9596704456923799E+00   0.8325687021216114E-02  -0.2036307599685094E-01   0.4249373832906563E-02   0.3471982204409614E-05   0.1104144438017530E-03   0.9039473876939170E-02
  0.2967500000000000E+02   0.9598922449367900E+00   0.8139691572757705E-02  -0.2025028687931985E-01   0.4153964764547526E-02   0.3399755838516889E-05   0.1090285980942006E-03   0.8833478480572258E-02
  0.2972500000000000E+02   0.9601189999706579E+00   0.7961498805251703E-02  -0.2013495609236093E-01   0.4062548641138251E-02   0.3330539812091958E-05   0.1076360839249747E-03   0.8636043967524144E-02
  0.2977500000000000E+02   0.9603498381231752E+00   0.7792081834046429E-02  -0.2001752888026476E-01   0.3975623066575435E-02   0.3264759273463132E-05   0.1062424081047115E-03   0.8448234878919259E-02
  0.2982500000000000E+02   0.9605836657587572E+00   0.7632234646660996E-02  -0.1989856349713148E-01   0.3893594255862852E-02   0.3202766941671905E-05   0.1048538914904134E-03   0.8270921580294532E-02
  0.2987500000000000E+02   0.9608192158476410E+00   0.7482531935258044E-02  -0.1977870688418937E-01   0.3816756475200341E-02   0.3144825535959271E-05   0.1034773707142963E-03   0.8104736145249463E-02
  0.2992500000000000E+02   0.9610550983351819E+00   0.7343301312378885E-02  -0.1965866891106294E-01   0.3745277833090104E-02   0.3091095276833171E-05   0.1021199093270939E-03   0.7950041946093949E-02
  0.2997500000000000E+02   0.9612898507911498E+00   0.7214605835829051E-02  -0.1953919647942104E-01   0.3679191360798557E-02   0.3041625642336645E-05   0.1007885280391587E-03   0.7806914673949416E-02
  0.3002500000000000E+02   0.9615219882503764E+00   0.7096234641927642E-02  -0.1942104805457323E-01   0.3618390251926689E-02   0.2996350494629275E-05   0.9948995612445928E-04   0.7675132339564806E-02
  0.3007500000000000E+02   0.9617500523524284E+00   0.6987699958621792E-02  -0.1930496857632835E-01   0.3562626369421782E-02   0.2955085877420075E-05   0.9823040052719851E-04   0.7554172297734089E-02
  0.3012500000000000E+02   0.9619726606695245E+00   0.6888239679664379E-02  -0.1919166429766639E-01   0.3511511591473105E-02   0.2917530159726694E-05   0.9701532638068529E-04   0.7443214315698793E-02
  0.3017500000000000E+02   0.9621885573601563E+00   0.6796825839321939E-02  -0.1908177696917812E-01   0.3464522158799966E-02   0.2883266688608399E-05   0.9584924276015072E-04   0.7341149962587326E-02
  0.3022500000000000E+02   0.9623966659328469E+00   0.6712180524734655E-02  -0.1897585696357140E-01   0.3421006798038308E-02   0.2851769625644530E-05   0.9473549052860780E-04   0.7246599905130644E-02
  0.3027500000000000E+02   0.9625961439338779E+00   0.6632801763976479E-02  -0.1887433542624017E-01   0.3380199908876114E-02   0.2822414078776940E-05   0.9367603482419183E-04   0.7157941799270567E-02
  0.3032500000000000E+02   0.9627864378422596E+00   0.6557002463910690E-02  -0.1877749631583725E-01   0.3341241379652085E-02   0.2794491887066620E-05   0.9267127245393515E-04   0.7073352078681410E-02
  0.3037500000000000E+02   0.9629673345367218E+00   0.6482965258540720E-02  -0.1868545017581680E-01   0.3303204492230467E-02   0.2767234346133906E-05   0.9171987306554651E-04   0.6990864752001767E-02
  0.3042500000000000E+02   0.9631390037217858E+00   0.6408814918611947E-02  -0.1859811248716059E-01   0.3265132765769264E-02   0.2739842665300012E-05   0.9081868068497831E-04   0.6908449060704739E-02
  0.3047500000000000E+02   0.9633020241612523E+00   0.6332707655472959E-02  -0.1851519024065196E-01   0.3226085412888706E-02   0.2711525968299406E-05   0.8996270665855476E-04   0.6824105391179084E-02
  0.3052500000000000E+02   0.9634573860797121E+00   0.6252933376235763E-02  -0.1843618062230679E-01   0.3185189415498267E-02   0.2681545243050409E-05   0.8914524364124185E-04   0.6735975326905096E-02
  0.3057500000000000E+02   0.9636064632300084E+00   0.6168023224184208E-02  -0.1836038513450811E-01   0.3141694329965165E-02   0.2649260023841146E-05   0.8835812102706670E-04   0.6642457707136821E-02
  0.3062500000000000E+02   0.9637509511876987E+00   0.6076851440698579E-02  -0.1828694092276562E-01   0.3095024245888377E-02   0.2614173122802256E-05   0.8759210476159225E-04   0.6542318958860024E-02
  0.3067500000000000E+02   0.9638927732071078E+00   0.5978718778245479E-02  -0.1821486865081767E-01   0.3044820392640008E-02   0.2575967879144564E-05   0.8683742098767653E-04   0.6434783939934876E-02
  0.3072500000000000E+02   0.9640339606059631E+00   0.5873405296791910E-02  -0.1814313339640206E-01   0.2990968183126819E-02   0.2534532573095733E-05   0.8608435833141480E-04   0.6319594081020088E-02
  0.3077500000000000E+02   0.9641765197763019E+00   0.5761183752102425E-02  -0.1807071241872626E-01   0.2933604193787516E-02   0.2489968033988221E-05   0.8532388438115699E-04   0.6197023164249823E-02
  0.3082500000000000E+02   0.9643223010805638E+00   0.5642790460997075E-02  -0.1799666202573380E-01   0.2873101466557819E-02   0.2442576876447718E-05   0.8454820413606336E-04   0.6067847149852270E-02
  0.3087500000000000E+02   0.9644728850532769E+00   0.5519357227632922E-02  -0.1792017567327842E-01   0.2810034933472334E-02   0.2392835688752004E-05   0.8375119510847796E-04   0.5933271699395327E-02
  0.3092500000000000E+02   0.9646294983332770E+00   0.5392313946149384E-02  -0.1784062694380883E-01   0.2745131846255302E-02   0.2341354145697603E-05   0.8292867415669695E-04   0.5794827620873011E-02
  0.3097500000000000E+02   0.9647929664074880E+00   0.5263275359471754E-02  -0.1775759377048514E-01   0.2679214074902156E-02   0.2288826765078175E-05   0.8207847965389600E-04   0.5654248734979361E-02
  0.3102500000000000E+02   0.9649637040182008E+00   0.5133926370976511E-02  -0.1767086344908386E-01   0.2613139618866639E-02   0.2235983512992124E-05   0.8120038176911752E-04   0.5513347756103611E-02
  0.3107500000000000E+02   0.9651417385324185E+00   0.5005918418314912E-02  -0.1758042081752997E-01   0.2547749721397367E-02   0.2183544727383909E-05   0.8029585655442783E-04   0.5373903819469793E-02
  0.3112500000000000E+02   0.9653267578258292E+00   0.4880785615793679E-02  -0.1748642390161292E-01   0.2483826042982294E-02   0.2132184239022925E-05   0.7936777209336253E-04   0.5237571211307004E-02
  0.3117500000000000E+02   0.9655181727246530E+00   0.4759884863980143E-02  -0.1738917210344970E-01   0.2422060051062895E-02   0.2082502641761923E-05   0.7842003660871103E-04   0.5105813981178552E-02
  0.3122500000000000E+02   0.9657151845422330E+00   0.4644360004505764E-02  -0.1728907176366234E-01   0.2363034678387547E-02   0.2035010875098484E-05   0.7745725145962566E-04   0.4979866627961371E-02
  0.3127500000000000E+02   0.9659168500999706E+00   0.4535127058509361E-02  -0.1718660298656360E-01   0.2307216747497877E-02   0.1990122941460320E-05   0.7648440008948281E-04   0.4860717720975786E-02
  0.3132500000000000E+02   0.9661221390852044E+00   0.4432875862463699E-02  -0.1708229036212294E-01   0.2254957774693490E-02   0.1948155800205524E-05   0.7550659087689671E-04   0.4749111412272264E-02
  0.3137500000000000E+02   0.9663299810484608E+00   0.4338082878813957E-02  -0.1697667896795418E-01   0.2206500489866068E-02   0.1909334214344389E-05   0.7452886017101412E-04   0.4645561186372272E-02
  0.3142500000000000E+02   0.9665393013870411E+00   0.4251030291304969E-02  -0.1687031598997868E-01   0.2161988576097981E-02   0.1873798441780629E-05   0.7355603296572929E-04   0.4550370536201611E-02
  0.3147500000000000E+02   0.9667490471394249E+00   0.4171827335945945E-02  -0.1676373754500549E-01   0.2121477561013420E-02   0.1841613006951754E-05   0.7259263300043279E-04   0.4463656157057972E-02
  0.3152500000000000E+02   0.9669582043327177E+00   0.4100430865847925E-02  -0.1665745981894506E-01   0.2084945325915090E-02   0.1812775230264555E-05   0.7164283118044389E-04   0.4385370383432424E-02
  0.3157500000000000E+02   0.9671658090828248E+00   0.4036663197415511E-02  -0.1655197340012904E-01   0.2052301234144365E-02   0.1787222642049997E-05   0.7071042039402557E-04   0.4315320731683612E-02
  0.3162500000000000E+02   0.9673709547712344E+00   0.3980226229093379E-02  -0.1644773962339419E-01   0.2023393361715897E-02   0.1764838816816984E-05   0.6979880535387865E-04   0.4253185435768430E-02
  0.3167500000000000E+02   0.9675727975257986E+00   0.3930711628135752E-02  -0.1634518778961980E-01   0.1998013723586129E-02   0.1745457516325455E-05   0.6891099744472727E-04   0.4198524734943378E-02
  0.3172500000000000E+02   0.9677705619927351E+00   0.3887607555472942E-02  -0.1624471224781066E-01   0.1975901732816017E-02   0.1728865329727600E-05   0.6804960635807807E-04   0.4150788401349062E-02
  0.3177500000000000E+02   0.9679635490399165E+00   0.3850302969116935E-02  -0.1614666850364832E-01   0.1956746420353618E-02   0.1714803256193996E-05   0.6721682238118915E-04   0.4109320609240304E-02
  0.3182500000000000E+02   0.9681511465791797E+00   0.3818091030635133E-02  -0.1605136774860538E-01   0.1940188189447896E-02   0.1702967897436520E-05   0.6641438557109307E-04   0.4073363766583957E-02
  0.3187500000000000E+02   0.9683328441179716E+00   0.3790173530165526E-02  -0.1595906949721138E-01   0.1925821077497744E-02   0.1693013110839843E-05   0.6564354075479682E-04   0.4042063347955484E-02
  0.3192500000000000E+02   0.9685082509258607E+00   0.3765668500875808E-02  -0.1586997238820187E-01   0.1913196628099036E-02   0.1684553099072920E-05   0.6490498041115588E-04   0.4014476041525037E-02
  0.3197499999999999E+02   0.9686771168293009E+00   0.3743623234328914E-02  -0.1578420364813271E-01   0.1901830497033869E-02   0.1677167942720366E-05   0.6419878095426142E-04   0.3989583569293318E-02
  0.3202500000000000E+02   0.9688393536782640E+00   0.3723034629665600E-02  -0.1570180820849587E-01   0.1891212775109019E-02   0.1670412470476465E-05   0.6352434148877931E-04   0.3966314248505293E-02
  0.3207500000000000E+02   0.9689950545829432E+00   0.3702878112614073E-02  -0.1562273894770760E-01   0.1880822657695141E-02   0.1663829059965073E-05   0.6288033720737367E-04   0.3943573627703375E-02
  0.3212500000000000E+02   0.9691445072980127E+00   0.3682145198598797E-02  -0.1554684989599875E-01   0.1870147501793154E-02   0.1656964447316636E-05   0.6226470145185798E-04   0.3920284302520229E-02
  0.3217500000000000E+02   0.9692881978888575E+00   0.3659888210196796E-02  -0.1547389436589341E-01   0.1858705517940309E-02   0.1649389919930508E-05   0.6167465014934460E-04   0.3895433358235095E-02
  0.3222500000000000E+02   0.9694268012886091E+00   0.3635268907529549E-02  -0.1540352973173142E-01   0.1846070454903756E-02   0.1640723468110547E-05   0.6110675911773130E-04   0.3868124023663797E-02
  0.3227500000000000E+02   0.9695611566744778E+00   0.3607606216993668E-02  -0.1533532991336084E-01   0.1831895835501156E-02   0.1630651741380123E-05   0.6055709841501962E-04   0.3837626441063788E-02
  0.3232500000000000E+02   0.9696922276727978E+00   0.3576417297111084E-02  -0.1526880556382371E-01   0.1815935819499868E-02   0.1618949198286027E-05   0.6002141916372621E-04   0.3803421435481177E-02
  0.3237499999999999E+02   0.9698210498994240E+00   0.3541446252888751E-02  -0.1520343069317975E-01   0.1798059804057557E-02   0.1605491837057961E-05   0.5949537875081033E-04   0.3765231224447873E-02
  0.3242500000000000E+02   0.9699486706982322E+00   0.3502676075581395E-02  -0.1513867326330198E-01   0.1778258512387416E-02   0.1590263435150017E-05   0.5897478226263941E-04   0.3723032335125075E-02
  0.3247499999999999E+02   0.9700760875413763E+00   0.3460321682449487E-02  -0.1507402647347411E-01   0.1756640486421437E-02   0.1573353244401222E-05   0.5845581369381583E-04   0.3677048426325016E-02
  0.3252500000000000E+02   0.9702041919433797E+00   0.3414804769679822E-02  -0.1500903725669178E-01   0.1733419340299943E-02   0.1554945369273938E-05   0.5793523123472802E-04   0.3627723729548051E-02
  0.3257500000000000E+02   0.9703337247937871E+00   0.3366713892396421E-02  -0.1494332898518214E-01   0.1708893504029565E-02   0.1535301292657117E-05   0.5741050673118404E-04   0.3575680705345743E-02
  0.3262500000000000E+02   0.9704652469930343E+00   0.3316755111984559E-02  -0.1487661640794480E-01   0.1683421166945949E-02   0.1514737914865596E-05   0.5687989870444558E-04   0.3521667578411647E-02
  0.3267500000000000E+02   0.9705991267317298E+00   0.3265699320468442E-02  -0.1480871213503787E-01   0.1657393523822992E-02   0.1493603855706836E-05   0.5634245871081506E-04   0.3466502253958960E-02
  0.3272499999999999E+02   0.9707355423148117E+00   0.3214331937377193E-02  -0.1473952522273336E-01   0.1631209218102372E-02   0.1472256615653321E-05   0.5579797986228598E-04   0.3411018694097734E-02
  0.3277500000000001E+02   0.9708744976025893E+00   0.3163409362115534E-02  -0.1466905334438451E-01   0.1605252211377657E-02   0.1451042622667502E-05   0.5524690231460219E-04   0.3356020445981688E-02
  0.3282500000000000E+02   0.9710158461711981E+00   0.3113624807410480E-02  -0.1459737052595189E-01   0.1579874415939176E-02   0.1430281407981399E-05   0.5469019285230970E-04   0.3302244144682412E-02
  0.3287500000000000E+02   0.9711593201709755E+00   0.3065584388527150E-02  -0.1452461248952341E-01   0.1555383537417143E-02   0.1410254362134160E-05   0.5412921477733691E-04   0.3250333945415241E-02
  0.3292500000000000E+02   0.9713045603795847E+00   0.3019792926089724E-02  -0.1445096138576518E-01   0.1532035854012809E-02   0.1391197873193834E-05   0.5356560118063204E-04   0.3200826323441976E-02
  0.3297500000000000E+02   0.9714511448262128E+00   0.2976647994202928E-02  -0.1437663124982680E-01   0.1510033187411885E-02   0.1373300217361452E-05   0.5300114055171937E-04   0.3154143685447067E-02
  0.3302500000000000E+02   0.9715986143400590E+00   0.2936440315265236E-02  -0.1430185501892733E-01   0.1489523101071485E-02   0.1356701364098971E-05   0.5243767957718657E-04   0.3110594770891044E-02
  0.3307500000000000E+02   0.9717464942590225E+00   0.2899358575869020E-02  -0.1422687350113616E-01   0.1470601347272760E-02   0.1341494834240712E-05   0.5187704455789151E-04   0.3070379788169444E-02
  0.3312499999999999E+02   0.9718943122175463E+00   0.2865496982251240E-02  -0.1415192633748419E-01   0.1453315707969919E-02   0.1327730851706447E-05   0.5132098043448348E-04   0.3033598487549645E-02
  0.3317500000000000E+02   0.9720416123831470E+00   0.2834864260077953E-02  -0.1407724477025263E-01   0.1437670570559735E-02   0.1315420199421189E-05   0.5077110497256802E-04   0.3000259783183606E-02
  0.3322500000000000E+02   0.9721879667444457E+00   0.2807393229458922E-02  -0.1400304591143042E-01   0.1423631796131665E-02   0.1304538381108139E-05   0.5022887507996577E-04   0.2970291990293810E-02
  0.3327500000000000E+02   0.9723329841088661E+00   0.2782950481934574E-02  -0.1392952817693183E-01   0.1411131638892602E-02   0.1295029870325741E-05   0.4969556229998626E-04   0.2943553165794970E-02
  0.3332500000000000E+02   0.9724763173921027E+00   0.2761346009958777E-02  -0.1385686759056104E-01   0.1400073640026267E-02   0.1286812376710838E-05   0.4917223503364270E-04   0.2919841386334879E-02
  0.3337500000000000E+02   0.9726176696184933E+00   0.2742342869605871E-02  -0.1378521474429406E-01   0.1390337536307994E-02   0.1279781166295693E-05   0.4865974580383669E-04   0.2898905044010664E-02
  0.3342500000000000E+02   0.9727567988412174E+00   0.2725667085187348E-02  -0.1371469230803279E-01   0.1381784288952735E-02   0.1273813533277244E-05   0.4815872273073386E-04   0.2880453377659074E-02
  0.3347499999999999E+02   0.9728935219693865E+00   0.2711018029650666E-02  -0.1364539309452817E-01   0.1374261351176757E-02   0.1268773533785150E-05   0.4766956521065027E-04   0.2864167486193113E-02
  0.3352500000000001E+02   0.9730277172889180E+00   0.2698079443269059E-02  -0.1357737878672782E-01   0.1367608256971285E-02   0.1264517060232421E-05   0.4719244446816971E-04   0.2849711996676343E-02
  0.3357500000000000E+02   0.9731593253172794E+00   0.2686531099308910E-02  -0.1351067950933160E-01   0.1361662535775177E-02   0.1260897263689514E-05   0.4672731008480870E-04   0.2836747398681865E-02
  0.3362500000000000E+02   0.9732883475670945E+00   0.2676060913143612E-02  -0.1344529445947540E-01   0.1356265850294344E-02   0.1257770232137671E-05   0.4627390371910019E-04   0.2824942833420870E-02
  0.3367499999999999E+02   0.9734148428306599E+00   0.2666377055722596E-02  -0.1338119379284142E-01   0.1351270135409694E-02   0.1255000720517524E-05   0.4583178097901774E-04   0.2813988878120104E-02
  0.3372500000000000E+02   0.9735389207432772E+00   0.2657219417450544E-02  -0.1331832188774029E-01   0.1346543407258961E-02   0.1252467624788107E-05   0.4540034179737830E-04   0.2803609639606405E-02
  0.3377500000000000E+02   0.9736607326252712E+00   0.2648369621347275E-02  -0.1325660198725709E-01   0.1341974836964186E-02   0.1250068819057056E-05   0.4497886877000255E-04   0.2793573315528800E-02
  0.3382500000000000E+02   0.9737804599067719E+00   0.2639658745064776E-02  -0.1319594206552477E-01   0.1337478663489673E-02   0.1247724951723376E-05   0.4456657188649187E-04   0.2783700339566721E-02
  0.3387500000000000E+02   0.9738983007543919E+00   0.2630972002595700E-02  -0.1313624160462890E-01   0.1332996566250254E-02   0.1245381834982486E-05   0.4416263710268059E-04   0.2773868322342946E-02
  0.3392500000000000E+02   0.9740144557859371E+00   0.2622249855183547E-02  -0.1307739883338321E-01   0.1328498228778959E-02   0.1243011161424507E-05   0.4376627546752736E-04   0.2764013229446019E-02
  0.3397500000000000E+02   0.9741291139256674E+00   0.2613485336130507E-02  -0.1301931789489097E-01   0.1323979984368216E-02   0.1240609428047332E-05   0.4337676918078699E-04   0.2754126569558465E-02
  0.3402500000000000E+02   0.9742424394858898E+00   0.2604717733303639E-02  -0.1296191539290281E-01   0.1319461616488932E-02   0.1238195117490035E-05   0.4299351109470119E-04   0.2744248743862097E-02
  0.3407500000000000E+02   0.9743545614569913E+00   0.2596023114837894E-02  -0.1290512581946102E-01   0.1314981559899724E-02   0.1235804349780191E-05   0.4261603475470608E-04   0.2734459068021928E-02
  0.3412500000000000E+02   0.9744655657724155E+00   0.2587502453503034E-02  -0.1284890547551754E-01   0.1310590885151909E-02   0.1233485349346988E-05   0.4224403298030281E-04   0.2724863262784404E-02
  0.3417500000000000E+02   0.9745754910333237E+00   0.2579268269362286E-02  -0.1279323463897064E-01   0.1306346532389812E-02   0.1231292154688193E-05   0.4187736404140089E-04   0.2715579382477902E-02
  0.3422499999999999E+02   0.9746843278824232E+00   0.2571430761364965E-02  -0.1273811788417711E-01   0.1302304286201182E-02   0.1229278027624214E-05   0.4151604550550567E-04   0.2706723204560054E-02
  0.3427500000000000E+02   0.9747920219531301E+00   0.2564084353997224E-02  -0.1268358259044322E-01   0.1298511960696788E-02   0.1227489003156646E-05   0.4116023667563327E-04   0.2698394056251888E-02
  0.3432500000000000E+02   0.9748984801164287E+00   0.2557295479056713E-02  -0.1262967578028606E-01   0.1295003210207710E-02   0.1225957975202028E-05   0.4081021113652001E-04   0.2690661942019199E-02
  0.3437500000000000E+02   0.9750035796091259E+00   0.2551092283484075E-02  -0.1257645949850261E-01   0.1291792315478125E-02   0.1224699655945869E-05   0.4046632128226274E-04   0.2683556698809745E-02
  0.3442500000000000E+02   0.9751071795396954E+00   0.2545456833467116E-02  -0.1252400498737416E-01   0.1288870233971900E-02   0.1223706692259554E-05   0.4012895687785066E-04   0.2677059777870566E-02
  0.3447500000000000E+02   0.9752091342050838E+00   0.2540320289050228E-02  -0.1247238594504851E-01   0.1286202154195594E-02   0.1222947179486897E-05   0.3979849980799248E-04   0.2671099150063820E-02
  0.3452500000000000E+02   0.9753093075844069E+00   0.2535561449753230E-02  -0.1242167118815718E-01   0.1283726756541817E-02   0.1222363779942741E-05   0.3947527728593619E-04   0.2665547753501520E-02
  0.3457500000000000E+02   0.9754075882812078E+00   0.2531009000051752E-02  -0.1237191708727814E-01   0.1281357346880658E-02   0.1221874621107783E-05   0.3915951599623871E-04   0.2660225826995750E-02
  0.3462500000000001E+02   0.9755039040584175E+00   0.2526447681517217E-02  -0.1232316020826418E-01   0.1278984977540807E-02   0.1221376101075113E-05   0.3885129993567520E-04   0.2654907366220000E-02
  0.3467500000000000E+02   0.9755982349644204E+00   0.2521628450291768E-02  -0.1227541066612903E-01   0.1276483585364809E-02   0.1220747648821073E-05   0.3855053503306790E-04   0.2649330764074831E-02
  0.3472500000000000E+02   0.9756906239227038E+00   0.2516282417483875E-02  -0.1222864676190705E-01   0.1273717044554414E-02   0.1219858360812221E-05   0.3825692384235787E-04   0.2643213424087427E-02
  0.3477499999999999E+02   0.9757811836077425E+00   0.2510138010942883E-02  -0.1218281149820910E-01   0.1270547850432718E-02   0.1218575260170611E-05   0.3796995353957425E-04   0.2636269760070660E-02
  0.3482500000000000E+02   0.9758700985183393E+00   0.2502940367437531E-02  -0.1213781152455728E-01   0.1266846933022253E-02   0.1216772712846613E-05   0.3768889993849410E-04   0.2628231545394318E-02
  0.3487500000000000E+02   0.9759576214359974E+00   0.2494471529333187E-02  -0.1209351892396093E-01   0.1262503879221533E-02   0.1214342318000644E-05   0.3741284915611912E-04   0.2618869118691672E-02
  0.3492500000000000E+02   0.9760440639344699E+00   0.2484569674192355E-02  -0.1204977601022728E-01   0.1257436667283996E-02   0.1211202413197564E-05   0.3714073691481658E-04   0.2608011588858113E-02
  0.3497499999999999E+02   0.9761297812492379E+00   0.2473145453269155E-02  -0.1200640298044064E-01   0.1251599939883109E-02   0.1207306250449222E-05   0.3687140343545440E-04   0.2595564019985939E-02
  0.3502500000000000E+02   0.9762151525273419E+00   0.2460193637497529E-02  -0.1196320790686523E-01   0.1244990903772754E-02   0.1202647948024668E-05   0.3660365978780589E-04   0.2581519702805692E-02
  0.3507500000000000E+02   0.9763005581224982E+00   0.2445798694673790E-02  -0.1191999822617373E-01   0.1237652158875309E-02   0.1197265520699692E-05   0.3633635984942998E-04   0.2565966062773957E-02
  0.3512499999999999E+02   0.9763863560349143E+00   0.2430133601839286E-02  -0.1187659266368069E-01   0.1229671103728930E-02   0.1191240616771309E-05   0.3606847108941222E-04   0.2549083467372886E-02
  0.3517500000000000E+02   0.9764728597135983E+00   0.2413452013698783E-02  -0.1183283246994771E-01   0.1221175977608761E-02   0.1184694987301677E-05   0.3579913749520084E-04   0.2531137052489172E-02
  0.3522500000000000E+02   0.9765603192077945E+00   0.2396074700347800E-02  -0.1178859096375484E-01   0.1212329000878757E-02   0.1177784103530072E-05   0.3552772911157825E-04   0.2512462521128166E-02
  0.3527500000000000E+02   0.9766489071256301E+00   0.2378371778397865E-02  -0.1174378064271298E-01   0.1203317384607324E-02   0.1170688644568263E-05   0.3525387461496079E-04   0.2493447511732270E-02
  0.3532500000000000E+02   0.9767387101539659E+00   0.2360742580479919E-02  -0.1169835747909953E-01   0.1194343143282793E-02   0.1163604744613506E-05   0.3497747567327146E-04   0.2474510473529113E-02
  0.3537500000000000E+02   0.9768297261672501E+00   0.2343595006968493E-02  -0.1165232238619984E-01   0.1185612644240087E-02   0.1156733898996251E-05   0.3469870405763361E-04   0.2456078988054775E-02
  0.3542500000000000E+02   0.9769218663453287E+00   0.2327325925309385E-02  -0.1160572014835304E-01   0.1177326686703764E-02   0.1150273301206308E-05   0.3441798417485625E-04   0.2438569185546433E-02
  0.3547500000000000E+02   0.9770149613239486E+00   0.2312303725267617E-02  -0.1155863630877474E-01   0.1169671672092199E-02   0.1144407165523326E-05   0.3413596465066351E-04   0.2422367425622781E-02
  0.3552500000000000E+02   0.9771087702489570E+00   0.2298853621283142E-02  -0.1151119258684119E-01   0.1162812165420043E-02   0.1139299339559716E-05   0.3385348278173351E-04   0.2407814868108907E-02
  0.3557500000000000E+02   0.9772029916725662E+00   0.2287245822543832E-02  -0.1146354136265693E-01   0.1156884909281296E-02   0.1135087280468222E-05   0.3357152521987639E-04   0.2395195064278404E-02
  0.3562500000000000E+02   0.9772972754575854E+00   0.2277686342082137E-02  -0.1141585965171166E-01   0.1151994174860870E-02   0.1131877295301621E-05   0.3329118737695666E-04   0.2384724330032201E-02
  0.3567500000000000E+02   0.9773912351686772E+00   0.2270310025179638E-02  -0.1136834283397847E-01   0.1148208237478270E-02   0.1129740849352219E-05   0.3301363298971244E-04   0.2376544459796518E-02
  0.3572500000000000E+02   0.9774844607564422E+00   0.2265175348847339E-02  -0.1132119823639965E-01   0.1145556749475528E-02   0.1128711729479119E-05   0.3274005427774706E-04   0.2370717307839559E-02
  0.3577500000000000E+02   0.9775765316203355E+00   0.2262260659358928E-02  -0.1127463852578081E-01   0.1144028841328511E-02   0.1128783904218083E-05   0.3247163233340120E-04   0.2367220882649692E-02
  0.3582500000000000E+02   0.9776670303240620E+00   0.2261461741156621E-02  -0.1122887477397283E-01   0.1143571896195727E-02   0.1129910033572159E-05   0.3220949691490513E-04   0.2365946835813242E-02
  0.3587499999999999E+02   0.9777555572985058E+00   0.2262590906870300E-02  -0.1118410902588407E-01   0.1144091092954294E-02   0.1132000729028989E-05   0.3195468474703060E-04   0.2366699536466776E-02
  0.3592500000000000E+02   0.9778417467792554E+00   0.2265378116064938E-02  -0.1114052624505979E-01   0.1145449973524926E-02   0.1134924824674362E-05   0.3170809580402163E-04   0.2369197255043756E-02
  0.3597499999999999E+02   0.9779252839770304E+00   0.2269474911552939E-02  -0.1109828563703363E-01   0.1147472432594019E-02   0.1138511064288475E-05   0.3147044785734335E-04   0.2373076275065630E-02
  0.3602500000000000E+02   0.9780059230764486E+00   0.2274462137777128E-02  -0.1105751155404877E-01   0.1149946616891380E-02   0.1142551702181113E-05   0.3124223076085900E-04   0.2377898937318144E-02
  0.3607500000000000E+02   0.9780835051367728E+00   0.2279862399822384E-02  -0.1101828444834285E-01   0.1152631218541118E-02   0.1146808518268541E-05   0.3102366338294216E-04   0.2383166617560082E-02
  0.3612500000000000E+02   0.9781579744023471E+00   0.2285157963428067E-02  -0.1098063262722138E-01   0.1155264516962058E-02   0.1151021623676631E-05   0.3081465753802173E-04   0.2388338373075674E-02
  0.3617500000000000E+02   0.9782293910396171E+00   0.2289814243963102E-02  -0.1094452581142835E-01   0.1157576245074465E-02   0.1154921158984955E-05   0.3061479437116484E-04   0.2392855420592419E-02
  0.3622499999999999E+02   0.9782979380552429E+00   0.2293308202582148E-02  -0.1090987163139523E-01   0.1159301936601423E-02   0.1158241569477175E-05   0.3042331899501858E-04   0.2396170745089641E-02
  0.3627500000000000E+02   0.9783639202711473E+00   0.2295159963138094E-02  -0.1087651613529905E-01   0.1160198903664915E-02   0.1160737630152674E-05   0.3023915839002659E-04   0.2397782091587999E-02
  0.3632500000000000E+02   0.9784277538419605E+00   0.2294964978466434E-02  -0.1084424907552861E-01   0.1160062495881738E-02   0.1162200884955549E-05   0.3006096545952399E-04   0.2397265562194423E-02
  0.3637500000000000E+02   0.9784899458932139E+00   0.2292423366877528E-02  -0.1081281418845415E-01   0.1158740933849030E-02   0.1162474790327142E-05   0.2988718881372937E-04   0.2394306296844002E-02
  0.3642500000000000E+02   0.9785510652818104E+00   0.2287362860247245E-02  -0.1078192396342303E-01   0.1156146918287140E-02   0.1161466742311871E-05   0.2971616387645370E-04   0.2388722521174699E-02
  0.3647500000000000E+02   0.9786117069431113E+00   0.2279752306518866E-02  -0.1075127765737471E-01   0.1152264468494949E-02   0.1159155400499199E-05   0.2954621713312902E-04   0.2380479759881474E-02
  0.3652500000000000E+02   0.9786724534348425E+00   0.2269703827798536E-02  -0.1072058073159621E-01   0.1147150028389874E-02   0.1155592293944890E-05   0.2937577273581714E-04   0.2369693216314913E-02
  0.3657500000000000E+02   0.9787338378092862E+00   0.2257463328773317E-02  -0.1068956362258822E-01   0.1140927683447644E-02   0.1150897495682448E-05   0.2920344999211597E-04   0.2356617979810216E-02
  0.3662499999999999E+02   0.9787963116952145E+00   0.2243390715727954E-02  -0.1065799788423538E-01   0.1133779173900600E-02   0.1145250001270034E-05   0.2902814172554706E-04   0.2341628463171308E-02
  0.3667500000000000E+02   0.9788602215203065E+00   0.2227932536759773E-02  -0.1062570821815090E-01   0.1125930072807581E-02   0.1138874145488262E-05   0.2884906673304101E-04   0.2325189888950662E-02
  0.3672499999999999E+02   0.9789257944137971E+00   0.2211590505650242E-02  -0.1059257961177396E-01   0.1117633878661660E-02   0.1132023792362165E-05   0.2866579373507821E-04   0.2307825436821105E-02
  0.3677500000000000E+02   0.9789931338508865E+00   0.2194889428393707E-02  -0.1055855955115803E-01   0.1109155801781476E-02   0.1124966082984124E-05   0.2847823830220818E-04   0.2290082731655309E-02
  0.3682500000000000E+02   0.9790622238604128E+00   0.2178347508083773E-02  -0.1052365590276161E-01   0.1100757749833432E-02   0.1117966267062693E-05   0.2828663739859844E-04   0.2272502790448753E-02
  0.3687500000000000E+02   0.9791329398223853E+00   0.2162451086693630E-02  -0.1048793146111326E-01   0.1092685554551500E-02   0.1111274689567266E-05   0.2809150794511769E-04   0.2255593590902219E-02
  0.3692500000000000E+02   0.9792050635882191E+00   0.2147634855660121E-02  -0.1045149630844600E-01   0.1085158962723037E-02   0.1105116486791211E-05   0.2789359613967562E-04   0.2239809351620862E-02
  0.3697499999999999E+02   0.9792783007928579E+00   0.2134267653243484E-02  -0.1041449906400216E-01   0.1078364452199830E-02   0.1099684080477351E-05   0.2769382347866450E-04   0.2225535656481267E-02
  0.3702500000000001E+02   0.9793522986513000E+00   0.2122643301236633E-02  -0.1037711788702922E-01   0.1072450596890262E-02   0.1095132215393520E-05   0.2749323395623190E-04   0.2213079856883480E-02
  0.3707500000000000E+02   0.9794266630845508E+00   0.2112975561565427E-02  -0.1033955181826196E-01   0.1067525516174516E-02   0.1091575089939688E-05   0.2729294523104334E-04   0.2202665793198669E-02
  0.3712500000000000E+02   0.9795009745695133E+00   0.2105396190128632E-02  -0.1030201276683951E-01   0.1063655891639510E-02   0.1089085070441716E-05   0.2709410499393895E-04   0.2194431765761714E-02
  0.3717500000000000E+02   0.9795748025650057E+00   0.2099955167817725E-02  -0.1026471821805852E-01   0.1060867085609457E-02   0.1087692526965583E-05   0.2689785255727279E-04   0.2188430790617096E-02
  0.3722500000000000E+02   0.9796477186859816E+00   0.2096622422311035E-02  -0.1022788457543233E-01   0.1059144013878224E-02   0.1087386444425180E-05   0.2670528490736192E-04   0.2184632417826832E-02
  0.3727500000000000E+02   0.9797193089669212E+00   0.2095290649450007E-02  -0.1019172096489551E-01   0.1058432574181215E-02   0.1088115612235942E-05   0.2651742611699365E-04   0.2182925697751447E-02
  0.3732500000000000E+02   0.9797891855807340E+00   0.2095779142325426E-02  -0.1015642331591815E-01   0.1058641583221747E-02   0.1089790349305549E-05   0.2633519905631235E-04   0.2183123193183305E-02
  0.3737500000000000E+02   0.9798569982804387E+00   0.2097838794218611E-02  -0.1012216858411652E-01   0.1059645305531261E-02   0.1092284855115246E-05   0.2615939869321690E-04   0.2184966205071958E-02
  0.3742500000000000E+02   0.9799224456336632E+00   0.2101158622113055E-02  -0.1008910907939475E-01   0.1061286748829990E-02   0.1095440372892435E-05   0.2599066685089522E-04   0.2188131569126814E-02
  0.3747500000000000E+02   0.9799852858578859E+00   0.2105374231705503E-02  -0.1005736699592918E-01   0.1063381938262702E-02   0.1099069391775519E-05   0.2582946898965607E-04   0.2192240459706589E-02
  0.3752500000000000E+02   0.9800453467791962E+00   0.2110078591972962E-02  -0.1002702938427180E-01   0.1065725355441052E-02   0.1102961089847945E-05   0.2567607428578500E-04   0.2196869584508776E-02
  0.3757500000000000E+02   0.9801025341805565E+00   0.2114835299402302E-02  -0.9998143935590842E-02   0.1068096633580812E-02   0.1106888123889026E-05   0.2553054085800022E-04   0.2201564960228118E-02
  0.3762500000000000E+02   0.9801568376350042E+00   0.2119194200672443E-02  -0.9970716034346627E-02   0.1070268443062520E-02   0.1110614709819531E-05   0.2539270830143406E-04   0.2205858137499969E-02
  0.3767500000000000E+02   0.9802083328908970E+00   0.2122708845691775E-02  -0.9944707550278431E-02   0.1072015301508816E-02   0.1113905729035799E-05   0.2526219960577468E-04   0.2209284332033424E-02
  0.3772499999999999E+02   0.9802571800303963E+00   0.2124954825952980E-02  -0.9920037763106238E-02   0.1073122831994325E-02   0.1116536373900323E-05   0.2513843398522429E-04   0.2211401485611851E-02
  0.3777500000000001E+02   0.9803036169675317E+00   0.2125547702442612E-02  -0.9896586639427940E-02   0.1073396815807430E-02   0.1118301655791851E-05   0.2502065114792935E-04   0.2211808915014157E-02
  0.3782500000000000E+02   0.9803479483535749E+00   0.2124159032856581E-02  -0.9874200428417135E-02   0.1072671287717017E-02   0.1119024989186452E-05   0.2490794620603606E-04   0.2210164002465388E-02
  0.3787500000000000E+02   0.9803905305353403E+00   0.2120529039255408E-02  -0.9852699251283181E-02   0.1070814937157297E-02   0.1118565073093819E-05   0.2479931300256272E-04   0.2206195410686014E-02
  0.3792500000000000E+02   0.9804317537552723E+00   0.2114474739890106E-02  -0.9831886085108099E-02   0.1067735221007052E-02   0.1116820431850334E-05   0.2469369239575413E-04   0.2199711595987538E-02
  0.3797500000000000E+02   0.9804720231747962E+00   0.2105892869745061E-02  -0.9811556343191086E-02   0.1063379846147218E-02   0.1113731235177732E-05   0.2459002127126054E-04   0.2190603910678864E-02
  0.3802500000000000E+02   0.9805117404558678E+00   0.2094757545227811E-02  -0.9791507176158509E-02   0.1057735598315288E-02   0.1109278347492085E-05   0.2448727793169917E-04   0.2178844240386711E-02
  0.3807500000000000E+02   0.9805512875149364E+00   0.2081113267502028E-02  -0.9771545678608939E-02   0.1050824816445123E-02   0.1103479895027332E-05   0.2438452007883161E-04   0.2164477786420366E-02
  0.3812500000000000E+02   0.9805910136970931E+00   0.2065064383448653E-02  -0.9751495370710961E-02   0.1042700076695260E-02   0.1096385921297642E-05   0.2428091273407648E-04   0.2147612150307579E-02
  0.3817500000000000E+02   0.9806312270879253E+00   0.2046762441968091E-02  -0.9731200591659661E-02   0.1033437811628003E-02   0.1088071877431542E-05   0.2417574489637242E-04   0.2128404211778955E-02
  0.3822500000000000E+02   0.9806721900966533E+00   0.2026392957363404E-02  -0.9710528736682433E-02   0.1023131627754420E-02   0.1078631741714805E-05   0.2406843522210944E-04   0.2107046371551930E-02
  0.3827500000000000E+02   0.9807141189142843E+00   0.2004162937278107E-02  -0.9689370536912989E-02   0.1011886007102992E-02   0.1068171489227432E-05   0.2395852826826208E-04   0.2083753572597058E-02
  0.3832500000000000E+02   0.9807571860553933E+00   0.1980290209096428E-02  -0.9667638781171717E-02   0.9998109153270685E-03   0.1056803467581951E-05   0.2384568369094093E-04   0.2058752178995343E-02
  0.3837500000000000E+02   0.9808015249725558E+00   0.1954995166001387E-02  -0.9645265989827845E-02   0.9870176305843289E-03   0.1044642020092723E-05   0.2372966116939668E-04   0.2032271363164891E-02
  0.3842500000000000E+02   0.9808472356898366E+00   0.1928495131785446E-02  -0.9622201572679567E-02   0.9736158942818676E-03   0.1031800475295492E-05   0.2361030376007374E-04   0.2004537213173920E-02
  0.3847499999999999E+02   0.9808943905076981E+00   0.1901001175889476E-02  -0.9598408949483161E-02   0.9597122990650125E-03   0.1018389425781400E-05   0.2348752197431527E-04   0.1975769388754114E-02
  0.3852500000000000E+02   0.9809430390411995E+00   0.1872716937749408E-02  -0.9573863006087202E-02   0.9454096917481278E-03   0.1004516072088726E-05   0.2336128024575150E-04   0.1946179870186821E-02
  0.3857500000000000E+02   0.9809932121168116E+00   0.1843838859777314E-02  -0.9548548126149137E-02   0.9308072880750114E-03   0.9902843189687718E-06   0.2323158673963354E-04   0.1915973176878535E-02
  0.3862500000000000E+02   0.9810449243249563E+00   0.1814557179319601E-02  -0.9522456901166154E-02   0.9160011713352583E-03   0.9757952815143499E-06   0.2309848676816023E-04   0.1885347380444561E-02
  0.3867500000000000E+02   0.9810981752688389E+00   0.1785057076028909E-02  -0.9495589498571655E-02   0.9010848700437638E-03   0.9611478797470087E-06   0.2296205949656232E-04   0.1854495284288371E-02
  0.3872500000000000E+02   0.9811529497395350E+00   0.1755519487999114E-02  -0.9467953571946408E-02   0.8861497688689995E-03   0.9464392598877823E-06   0.2282241720686592E-04   0.1823605262807925E-02
  0.3877500000000000E+02   0.9812092171684177E+00   0.1726121269365400E-02  -0.9439564536168454E-02   0.8712851874389374E-03   0.9317648638515551E-06   0.2267970615226355E-04   0.1792861418936898E-02
  0.3882500000000000E+02   0.9812669307576043E+00   0.1697034535141436E-02  -0.9410446005229445E-02   0.8565780490505730E-03   0.9172180602649791E-06   0.2253410798042472E-04   0.1762442898798029E-02
  0.3887500000000001E+02   0.9813260266737537E+00   0.1668425200128079E-02  -0.9380630198149942E-02   0.8421121426597019E-03   0.9028893366696330E-06   0.2238584080194700E-04   0.1732522369964580E-02
  0.3892500000000000E+02   0.9813864236245619E+00   0.1640450847909015E-02  -0.9350158151735011E-02   0.8279670467863852E-03   0.8888651226680267E-06   0.2223515918773460E-04   0.1703263804436312E-02
  0.3897500000000000E+02   0.9814480230398179E+00   0.1613258151266983E-02  -0.9319079628128057E-02   0.8142168270796082E-03   0.8752263608654050E-06   0.2208235264519907E-04   0.1674819796402941E-02
  0.3902499999999999E+02   0.9815107099703525E+00   0.1586980103492714E-02  -0.9287452659937023E-02   0.8009286385609801E-03   0.8620469644403609E-06   0.2192774239743031E-04   0.1647328684690426E-02
  0.3907500000000000E+02   0.9815743547169189E+00   0.1561733315649086E-02  -0.9255342726870786E-02   0.7881613613478948E-03   0.8493922992308455E-06   0.2177167652982606E-04   0.1620911745258031E-02
  0.3912500000000000E+02   0.9816388151204372E+00   0.1537615598421962E-02  -0.9222821598540931E-02   0.7759643802569128E-03   0.8373178097885935E-06   0.2161452374708825E-04   0.1595670681187633E-02
  0.3917500000000000E+02   0.9817039393921922E+00   0.1514703992288815E-02  -0.9189965904783048E-02   0.7643765909536859E-03   0.8258678801073722E-06   0.2145666608839825E-04   0.1571685580396987E-02
  0.3922500000000000E+02   0.9817695693382630E+00   0.1493053349980241E-02  -0.9156855507126194E-02   0.7534256851241599E-03   0.8150749879804002E-06   0.2129849098329560E-04   0.1549013449004514E-02
  0.3927500000000000E+02   0.9818355438321948E+00   0.1472695521841016E-02  -0.9123571745178194E-02   0.7431277401738161E-03   0.8049591833093625E-06   0.2114038301033528E-04   0.1527687372598671E-02
  0.3932500000000000E+02   0.9819017024059105E+00   0.1453639155087874E-02  -0.9090195623605690E-02   0.7334871189425196E-03   0.7955278992563567E-06   0.2098271566605656E-04   0.1507716316312176E-02
  0.3937499999999999E+02   0.9819678888519854E+00   0.1435870095101189E-02  -0.9056805993696182E-02   0.7244966733643336E-03   0.7867760926388612E-06   0.2082584338586850E-04   0.1489085550698837E-02
  0.3942500000000000E+02   0.9820339547520958E+00   0.1419352369696570E-02  -0.9023477772516553E-02   0.7161382423602719E-03   0.7786867059414187E-06   0.2067009400085853E-04   0.1471757682846620E-02
  0.3947500000000000E+02   0.9820997628599685E+00   0.1404029741488799E-02  -0.8990280235828707E-02   0.7083834363516200E-03   0.7712314454965209E-06   0.2051576177949493E-04   0.1455674276460255E-02
  0.3952500000000000E+02   0.9821651902685224E+00   0.1389827822537004E-02  -0.8957275420208077E-02   0.7011947053676720E-03   0.7643718753026378E-06   0.2036310119784190E-04   0.1440758054113223E-02
  0.3957500000000000E+02   0.9822301312793231E+00   0.1376656752045363E-02  -0.8924516675622884E-02   0.6945266910587003E-03   0.7580608295561778E-06   0.2021232160561336E-04   0.1426915681815107E-02
  0.3962500000000000E+02   0.9822944998704751E+00   0.1364414434839867E-02  -0.8892047420807070E-02   0.6883278614046058E-03   0.7522441453160446E-06   0.2006358300023885E-04   0.1414041133041881E-02
  0.3967500000000000E+02   0.9823582316323133E+00   0.1352990319988023E-02  -0.8859900167254242E-02   0.6825424176745243E-03   0.7468627066006580E-06   0.1991699317270708E-04   0.1402019610552671E-02
  0.3972500000000000E+02   0.9824212850168577E+00   0.1342269662346007E-02  -0.8828095889456433E-02   0.6771124447633185E-03   0.7418547709106018E-06   0.1977260652825438E-04   0.1390731966617001E-02
  0.3977500000000000E+02   0.9824836417365076E+00   0.1332138155930789E-02  -0.8796643824304562E-02   0.6719802488716864E-03   0.7371585190580360E-06   0.1963042489126405E-04   0.1380059506643344E-02
  0.3982500000000000E+02   0.9825453061590648E+00   0.1322486762331302E-02  -0.8765541776724062E-02   0.6670907933839259E-03   0.7327147321957586E-06   0.1949040055863322E-04   0.1369888993322060E-02
  0.3987500000000000E+02   0.9826063035865257E+00   0.1313216489930186E-02  -0.8734776988276294E-02   0.6623941097924779E-03   0.7284694615583508E-06   0.1935244175797256E-04   0.1360117598655310E-02
  0.3992500000000000E+02   0.9826666773760070E+00   0.1304242823878051E-02  -0.8704327589702965E-02   0.6578475323648064E-03   0.7243765240684788E-06   0.1921642049668330E-04   0.1350657493482269E-02
  0.3997500000000000E+02   0.9827264849578979E+00   0.1295499476794209E-02  -0.8674164609614787E-02   0.6534175901327335E-03   0.7203996386272915E-06   0.1908218257011201E-04   0.1341439733074491E-02
  0.4002500000000000E+02   0.9827857929172500E+00   0.1286941137781496E-02  -0.8644254455593803E-02   0.6490813936195871E-03   0.7165140203056038E-06   0.1894955926070701E-04   0.1332417105219585E-02
  0.4007500000000000E+02   0.9828446714124993E+00   0.1278544948207907E-02  -0.8614561729471171E-02   0.6448273793683756E-03   0.7127072762066758E-06   0.1881838004420522E-04   0.1323565659820851E-02
  0.4012499999999999E+02   0.9829031882919614E+00   0.1270310523951218E-02  -0.8585052194994280E-02   0.6406553213483857E-03   0.7089794961821867E-06   0.1868848546348726E-04   0.1314884733464247E-02
  0.4017500000000000E+02   0.9829614033168902E+00   0.1262258463624906E-02  -0.8555695691705667E-02   0.6365755787490008E-03   0.7053424975395283E-06   0.1855973926728920E-04   0.1306395406443270E-02
  0.4022499999999999E+02   0.9830193629011059E+00   0.1254427412180260E-02  -0.8526468788248143E-02   0.6326076151761373E-03   0.7018182552155290E-06   0.1843203895329037E-04   0.1298137464215383E-02
  0.4027500000000000E+02   0.9830770957318364E+00   0.1246869868325569E-02  -0.8497356991185701E-02   0.6287778843139625E-03   0.6984366159775827E-06   0.1830532399505654E-04   0.1290165058559364E-02
  0.4032500000000000E+02   0.9831346095547985E+00   0.1239647014417098E-02  -0.8468356366605700E-02   0.6251172226206033E-03   0.6952324468720270E-06   0.1817958124164818E-04   0.1282541357152475E-02
  0.4037500000000000E+02   0.9831918893059242E+00   0.1232822898203873E-02  -0.8439474482526688E-02   0.6216579152142477E-03   0.6922423981833634E-06   0.1805484721629469E-04   0.1275332522829873E-02
  0.4042500000000000E+02   0.9832488966720188E+00   0.1226458306059629E-02  -0.8410730630654006E-02   0.6184306062729279E-03   0.6895014687616096E-06   0.1793120726360184E-04   0.1268601374373742E-02
  0.4047499999999999E+02   0.9833055710798172E+00   0.1220604645389593E-02  -0.8382155327808061E-02   0.6154612141903816E-03   0.6870395510955166E-06   0.1780879166915450E-04   0.1262401057857143E-02
  0.4052500000000000E+02   0.9833618320574236E+00   0.1215298114565864E-02  -0.8353789125357780E-02   0.6127679918697810E-03   0.6848781130793821E-06   0.1768776898377360E-04   0.1256769016661741E-02
  0.4057500000000000E+02   0.9834175828852779E+00   0.1210554399279478E-02  -0.8325680768526245E-02   0.6103588526007365E-03   0.6830271526599112E-06   0.1756833682901689E-04   0.1251721507170172E-02
  0.4062500000000000E+02   0.9834727154481352E+00   0.1206364110005820E-02  -0.8297884750296358E-02   0.6082290697252704E-03   0.6814825491645002E-06   0.1745071046119934E-04   0.1247248881771410E-02
  0.4067500000000000E+02   0.9835271162006103E+00   0.1202689176233405E-02  -0.8270458304078021E-02   0.6063594587374741E-03   0.6802239367985387E-06   0.1733510936148375E-04   0.1243311861461508E-02
  0.4072499999999999E+02   0.9835806731480020E+00   0.1199460440829661E-02  -0.8243457884732686E-02   0.6047151644048614E-03   0.6792132426589436E-06   0.1722174213932890E-04   0.1239839048702269E-02
  0.4077500000000000E+02   0.9836332837022429E+00   0.1196576744118378E-02  -0.8216935208604892E-02   0.6032451987724037E-03   0.6783940591357195E-06   0.1711079012351609E-04   0.1236725978796402E-02
  0.4082500000000000E+02   0.9836848631847264E+00   0.1193905833164316E-02  -0.8190932967564235E-02   0.6018828990627040E-03   0.6776920482510751E-06   0.1700239019590982E-04   0.1233836055514070E-02
  0.4087499999999999E+02   0.9837353536073400E+00   0.1191287449221267E-02  -0.8165480402794412E-02   0.6005474833166028E-03   0.6770165873054720E-06   0.1689661770350086E-04   0.1231003734982789E-02
  0.4092500000000000E+02   0.9837847321790134E+00   0.1188538901276458E-02  -0.8140589016784050E-02   0.5991468589778649E-03   0.6762638416072118E-06   0.1679347063779028E-04   0.1228040275790187E-02
  0.4097499999999999E+02   0.9838330187858197E+00   0.1185463293465108E-02  -0.8116248802416126E-02   0.5975817690499512E-03   0.6753213720175065E-06   0.1669285663152833E-04   0.1224742229079891E-02
  0.4102500000000000E+02   0.9838802815276767E+00   0.1181860318813699E-02  -0.8092425451238450E-02   0.5957512318379818E-03   0.6740742404528078E-06   0.1659458458590130E-04   0.1220902579361562E-02
  0.4107500000000000E+02   0.9839266393293310E+00   0.1177539167670074E-02  -0.8069059036026949E-02   0.5935590468252378E-03   0.6724123681642672E-06   0.1649836277641621E-04   0.1216324071215667E-02
  0.4112500000000000E+02   0.9839722607439927E+00   0.1172332670838965E-02  -0.8046064612105885E-02   0.5909209233493969E-03   0.6702386542432856E-06   0.1640380497051356E-04   0.1210833814853930E-02
  0.4117500000000000E+02   0.9840173583784810E+00   0.1166111390337370E-02  -0.8023335025508116E-02   0.5877715835015915E-03   0.6674771238369926E-06   0.1631044535852675E-04   0.1204297842703611E-02
  0.4122499999999999E+02   0.9840621788837659E+00   0.1158796097985310E-02  -0.8000745956550204E-02   0.5840710531091562E-03   0.6640802119961801E-06   0.1621776199205296E-04   0.1196634006654019E-02
  0.4127500000000000E+02   0.9841069891027229E+00   0.1150367053374423E-02  -0.7978162900839303E-02   0.5798093400535871E-03   0.6600342637747677E-06   0.1612520711297894E-04   0.1187821574706238E-02
  0.4132500000000000E+02   0.9841520596144717E+00   0.1140868772294830E-02  -0.7955449463262432E-02   0.5750088399142823E-03   0.6553624827724094E-06   0.1603224152733375E-04   0.1177906173143999E-02
  0.4137500000000000E+02   0.9841976473997150E+00   0.1130409547581329E-02  -0.7932476095875218E-02   0.5697240965679335E-03   0.6501248812622582E-06   0.1593836935282430E-04   0.1166999309019164E-02
  0.4142500000000000E+02   0.9842439795361664E+00   0.1119155738834345E-02  -0.7909128317332037E-02   0.5640389256561574E-03   0.6444152154114212E-06   0.1584316929661996E-04   0.1155272486817363E-02
  0.4147500000000000E+02   0.9842912396559659E+00   0.1107321613505283E-02  -0.7885313540629491E-02   0.5580612950389131E-03   0.6383553309611795E-06   0.1574631917929864E-04   0.1142946725025442E-02
  0.4152500000000000E+02   0.9843395583990265E+00   0.1095156118462975E-02  -0.7860965886825388E-02   0.5519166572464727E-03   0.6320876936850075E-06   0.1564761158163856E-04   0.1130278895870809E-02
  0.4157500000000000E+02   0.9843890084074974E+00   0.1082928259333751E-02  -0.7836048709550458E-02   0.5457405794300679E-03   0.6257670591643735E-06   0.1554695995747626E-04   0.1117546621029956E-02
  0.4162500000000000E+02   0.9844396036985157E+00   0.1070912726337004E-02  -0.7810554912097256E-02   0.5396714970305527E-03   0.6195522236151862E-06   0.1544439597275233E-04   0.1105033417585673E-02
  0.4167500000000000E+02   0.9844913026799682E+00   0.1059377084102543E-02  -0.7784505427547050E-02   0.5338442555561131E-03   0.6135986206077410E-06   0.1534005990053997E-04   0.1093015457484037E-02
  0.4172500000000000E+02   0.9845440137316965E+00   0.1048571354057614E-02  -0.7757946405084426E-02   0.5283848584418572E-03   0.6080522522805992E-06   0.1523418646433581E-04   0.1081750798901219E-02
  0.4177500000000000E+02   0.9845976021826219E+00   0.1038720291474726E-02  -0.7730945692115632E-02   0.5234065735322372E-03   0.6030451424414252E-06   0.1512708857095604E-04   0.1071471403747040E-02
  0.4182500000000000E+02   0.9846518976321079E+00   0.1030018200959270E-02  -0.7703589142485257E-02   0.5190073196320228E-03   0.5986922340545821E-06   0.1501914101997819E-04   0.1062377781509428E-02
  0.4187500000000000E+02   0.9847067008190143E+00   0.1022625805291231E-02  -0.7675977152514113E-02   0.5152680887220655E-03   0.5950894612070765E-06   0.1491076568137445E-04   0.1054635759294942E-02
  0.4192500000000000E+02   0.9847617895589573E+00   0.1016668499794957E-02  -0.7648221666763044E-02   0.5122520672571185E-03   0.5923126163624262E-06   0.1480241895343704E-04   0.1048374688623903E-02
  0.4197499999999999E+02   0.9848169235904018E+00   0.1012235273061836E-02  -0.7620443734063120E-02   0.5100040940336430E-03   0.5904165999812308E-06   0.1469458166436594E-04   0.1043686346121762E-02
  0.4202500000000001E+02   0.9848718484582173E+00   0.1009377626163254E-02  -0.7592771549179145E-02   0.5085501179485181E-03   0.5894346655296935E-06   0.1458775102628111E-04   0.1040623837988916E-02
  0.4207500000000000E+02   0.9849262988048446E+00   0.1008107948580048E-02  -0.7565338793742105E-02   0.5078963824957201E-03   0.5893773429006378E-06   0.1448243381105864E-04   0.1039199948118681E-02
  0.4212500000000000E+02   0.9849800016322274E+00   0.1008396991939813E-02  -0.7538282992822554E-02   0.5080281559779906E-03   0.5902308272954091E-06   0.1437913959122474E-04   0.1039384558241997E-02
  0.4217500000000000E+02   0.9850326802418355E+00   0.1010170316896746E-02  -0.7511743530871029E-02   0.5089079444075853E-03   0.5919547558705600E-06   0.1427837267253860E-04   0.1041101009803842E-02
  0.4222500000000000E+02   0.9850840596469905E+00   0.1013303878317743E-02  -0.7485858926962186E-02   0.5104732700444090E-03   0.5944794637544531E-06   0.1418062125111704E-04   0.1044221575677093E-02
  0.4227500000000000E+02   0.9851338742569278E+00   0.1017619265003258E-02  -0.7460762966607914E-02   0.5126342753183381E-03   0.5977030180911704E-06   0.1408634240033593E-04   0.1048562571123861E-02
  0.4232500000000000E+02   0.9851818785120739E+00   0.1022879516489001E-02  -0.7436579347741223E-02   0.5152716165062882E-03   0.6014885704967548E-06   0.1399594180792437E-04   0.1053880051579072E-02
  0.4237500000000000E+02   0.9852278608465612E+00   0.1028786866341968E-02  -0.7413414651187722E-02   0.5182353265334702E-03   0.6056628247054139E-06   0.1390974784005900E-04   0.1059867484358115E-02
  0.4242500000000000E+02   0.9852716608106503E+00   0.1034984127774189E-02  -0.7391349719441553E-02   0.5213455108826894E-03   0.6100166396920102E-06   0.1382798059232374E-04   0.1066157159205639E-02
  0.4247500000000000E+02   0.9853131883807977E+00   0.1041061606431816E-02  -0.7370429932807232E-02   0.5243958259078181E-03   0.6143088980285670E-06   0.1375071810728623E-04   0.1072327278082661E-02
  0.4252500000000000E+02   0.9853524434781709E+00   0.1046571216574794E-02  -0.7350655379024462E-02   0.5271605840703028E-03   0.6182746568182499E-06   0.1367786374706344E-04   0.1077916452284028E-02
  0.4257500000000000E+02   0.9853895326938225E+00   0.1051048717187594E-02  -0.7331972427599198E-02   0.5294059484105500E-03   0.6216381590725449E-06   0.1360912042733920E-04   0.1082446556173246E-02
  0.4262500000000000E+02   0.9854246795062080E+00   0.1054043600593951E-02  -0.7314268579270977E-02   0.5309049819248471E-03   0.6241304695280602E-06   0.1354397843318452E-04   0.1085453465221081E-02
  0.4267500000000000E+02   0.9854582242787840E+00   0.1055154297248859E-02  -0.7297372460613794E-02   0.5314553764525999E-03   0.6255103887020212E-06   0.1348172313369498E-04   0.1086523283645710E-02
  0.4272499999999999E+02   0.9854906113709611E+00   0.1054064428169312E-02  -0.7281060307932852E-02   0.5308977123455876E-03   0.6255861390863666E-06   0.1342146657817298E-04   0.1085329676276162E-02
  0.4277500000000000E+02   0.9855223628263761E+00   0.1050574489434228E-02  -0.7265069212109898E-02   0.5291314211138082E-03   0.6242344925449924E-06   0.1336220275355610E-04   0.1081666527194959E-02
  0.4282500000000000E+02   0.9855540409158301E+00   0.1044623243061574E-02  -0.7249115979269360E-02   0.5261255667840636E-03   0.6214139100985563E-06   0.1330288108997956E-04   0.1075470026206099E-02
  0.4287500000000000E+02   0.9855862044983896E+00   0.1036294542707852E-02  -0.7232919108782210E-02   0.5219222930808500E-03   0.6171690983055006E-06   0.1324248817692446E-04   0.1066825773037308E-02
  0.4292500000000000E+02   0.9856193657939448E+00   0.1025808091862942E-02  -0.7216220568269094E-02   0.5166321776782626E-03   0.6116260131786017E-06   0.1318012525075357E-04   0.1055959335394779E-02
  0.4297500000000000E+02   0.9856539541128021E+00   0.1013495906085010E-02  -0.7198804068099474E-02   0.5104223837752755E-03   0.6049782886879030E-06   0.1311506980397948E-04   0.1043212068466747E-02
  0.4302500000000000E+02   0.9856902913684785E+00   0.9997689856073553E-03  -0.7180507402979597E-02   0.5034998774007531E-03   0.5974677120800718E-06   0.1304681341371540E-04   0.1029006825353410E-02
  0.4307500000000000E+02   0.9857285814427718E+00   0.9850800924449538E-03  -0.7161227816561366E-02   0.4960926789143105E-03   0.5893622249460961E-06   0.1297507325310935E-04   0.1013809625630101E-02
  0.4312500000000000E+02   0.9857689126202923E+00   0.9698883267122573E-03  -0.7140920781741444E-02   0.4884320177018034E-03   0.5809348434121521E-06   0.1289977995030887E-04   0.9980931518715878E-03
  0.4317500000000000E+02   0.9858112701818111E+00   0.9546297549156462E-03  -0.7119593661760737E-02   0.4807375333532554E-03   0.5724460583270961E-06   0.1282104806261093E-04   0.9823064637577694E-03
  0.4322500000000000E+02   0.9858555552421824E+00   0.9396963315918938E-03  -0.7097296223482208E-02   0.4732066535914078E-03   0.5641310922981822E-06   0.1273913684717909E-04   0.9668532487621154E-03
  0.4327499999999999E+02   0.9859016059831712E+00   0.9254234400919631E-03  -0.7074109942277640E-02   0.4660083140938972E-03   0.5561922509953677E-06   0.1265440847963830E-04   0.9520789534648155E-03
  0.4332500000000000E+02   0.9859492182145085E+00   0.9120849855978711E-03  -0.7050137643863197E-02   0.4592804834242163E-03   0.5487957692305100E-06   0.1256728913291395E-04   0.9382657017109166E-03
  0.4337500000000000E+02   0.9859981632744301E+00   0.8998942362578467E-03  -0.7025494485504491E-02   0.4531305845519062E-03   0.5420721016962960E-06   0.1247823618826368E-04   0.9256331432473040E-03
  0.4342500000000000E+02   0.9860482023170438E+00   0.8890084389985763E-03  -0.7000300757013966E-02   0.4476378188615326E-03   0.5361184957300374E-06   0.1238771290935374E-04   0.9143431996954187E-03
  0.4347500000000000E+02   0.9860990968398780E+00   0.8795354457967413E-03  -0.6974676575787986E-02   0.4428565037817325E-03   0.5310027986776332E-06   0.1229617047401118E-04   0.9045068889406293E-03
  0.4352500000000000E+02   0.9861506158265397E+00   0.8715409805292993E-03  -0.6948738287243073E-02   0.4388197337497544E-03   0.5267676810112398E-06   0.1220403638534681E-04   0.8961918148020908E-03
  0.4357500000000000E+02   0.9862025401474517E+00   0.8650556104985887E-03  -0.6922596246866974E-02   0.4355428928446503E-03   0.5234347114733943E-06   0.1211170788598301E-04   0.8894293560059562E-03
  0.4362499999999999E+02   0.9862546649432231E+00   0.8600808751487222E-03  -0.6896353618926931E-02   0.4330267431213784E-03   0.5210079507776234E-06   0.1201954893420858E-04   0.8842209889538367E-03
  0.4367500000000000E+02   0.9863068006798748E+00   0.8565943320407506E-03  -0.6870105844641095E-02   0.4312599676446505E-03   0.5194769140170645E-06   0.1192788943318477E-04   0.8805434959690432E-03
  0.4372500000000000E+02   0.9863587734679454E+00   0.8545535035529635E-03  -0.6843940481561672E-02   0.4302211597879791E-03   0.5188188863457968E-06   0.1183702563138884E-04   0.8783530411206866E-03
  0.4377500000000000E+02   0.9864104251146589E+00   0.8538988594067418E-03  -0.6817937177803102E-02   0.4298803267652297E-03   0.5190006686455861E-06   0.1174722086990518E-04   0.8775882520929829E-03
  0.4382500000000000E+02   0.9864616132494801E+00   0.8545560664988396E-03  -0.6792167609648403E-02   0.4302000239175425E-03   0.5199798893293329E-06   0.1165870610674880E-04   0.8781725459038372E-03
  0.4387500000000000E+02   0.9865122117365667E+00   0.8564377926341850E-03  -0.6766695274949552E-02   0.4311362640378166E-03   0.5217060533087943E-06   0.1157167988794082E-04   0.8800159930300645E-03
  0.4392500000000000E+02   0.9865621114647044E+00   0.8594453731879806E-03  -0.6741575096632868E-02   0.4326393573110618E-03   0.5241215144305566E-06   0.1148630765759811E-04   0.8830170375682599E-03
  0.4397500000000000E+02   0.9866112214865254E+00   0.8634706424071439E-03  -0.6716852850432220E-02   0.4346548337626850E-03   0.5271625549297978E-06   0.1140272050527803E-04   0.8870643835243498E-03
  0.4402500000000000E+02   0.9866594703664788E+00   0.8683981927766326E-03  -0.6692564487520758E-02   0.4371245808346326E-03   0.5307607337266305E-06   0.1132101363447518E-04   0.8920393179904851E-03
  0.4407500000000000E+02   0.9867068074976652E+00   0.8741082540666556E-03  -0.6668735472721177E-02   0.4399882925675551E-03   0.5348446229193841E-06   0.1124124499060667E-04   0.8978186682435909E-03
  0.4412500000000000E+02   0.9867532040725256E+00   0.8804802779874771E-03  -0.6645380296788184E-02   0.4431852736792735E-03   0.5393419881656148E-06   0.1116343459172555E-04   0.9042784813376518E-03
  0.4417500000000000E+02   0.9867986533559439E+00   0.8873971802088774E-03  -0.6622502339599379E-02   0.4466565743128228E-03   0.5441823868601159E-06   0.1108756513808813E-04   0.9112983771010612E-03
  0.4422499999999999E+02   0.9868431699253847E+00   0.8947500424332282E-03  -0.6600094253011335E-02   0.4503473562142224E-03   0.5493000662565246E-06   0.1101358441790853E-04   0.9187663725124506E-03
  0.4427500000000000E+02   0.9868867876194521E+00   0.9024429350407971E-03  -0.6578138993529992E-02   0.4542093195565985E-03   0.5546369552222018E-06   0.1094140986768493E-04   0.9265838295555516E-03
  0.4432500000000000E+02   0.9869295560710285E+00   0.9103974123136015E-03  -0.6556611567128279E-02   0.4582029650173258E-03   0.5601454746722185E-06   0.1087093539693635E-04   0.9346700672829985E-03
  0.4437499999999999E+02   0.9869715358777312E+00   0.9185561827713760E-03  -0.6535481459702952E-02   0.4622994408099323E-03   0.5657908587615451E-06   0.1080204028202383E-04   0.9429661279839852E-03
  0.4442500000000000E+02   0.9870127926522297E+00   0.9268854829485732E-03  -0.6514715631156909E-02   0.4664817373401859E-03   0.5715526920417832E-06   0.1073459962333165E-04   0.9514372137103768E-03
  0.4447499999999999E+02   0.9870533903631399E+00   0.9353757847229551E-03  -0.6494281866462615E-02   0.4707450433602995E-03   0.5774254279790464E-06   0.1066849560291839E-04   0.9600734137303008E-03
  0.4452500000000000E+02   0.9870933844918676E+00   0.9440406272397835E-03  -0.6474152219366092E-02   0.4750961584686539E-03   0.5834177516116153E-06   0.1060362862543665E-04   0.9688885085039504E-03
  0.4457500000000000E+02   0.9871328155722600E+00   0.9529135539373951E-03  -0.6454306263504184E-02   0.4795519521370514E-03   0.5895507651682480E-06   0.1053992739968603E-04   0.9779168301142405E-03
  0.4462500000000000E+02   0.9871717036465800E+00   0.9620433174116384E-03  -0.6434733882485388E-02   0.4841369511491418E-03   0.5958550882221716E-06   0.1047735711652304E-04   0.9872083460482706E-03
  0.4467500000000000E+02   0.9872100440792008E+00   0.9714876594180027E-03  -0.6415437376837807E-02   0.4888802100815548E-03   0.6023670544944310E-06   0.1041592506737842E-04   0.9968222815610686E-03
  0.4472499999999999E+02   0.9872478050463015E+00   0.9813060634649617E-03  -0.6396432727688972E-02   0.4938116648266929E-03   0.6091242450875823E-06   0.1035568327614247E-04   0.1006819688350956E-02
  0.4477500000000000E+02   0.9872849268958136E+00   0.9915519136309821E-03  -0.6377749919474485E-02   0.4989581873547137E-03   0.6161606226104158E-06   0.1029672793527609E-04   0.1017255404335734E-02
  0.4482500000000000E+02   0.9873213234700151E+00   0.1002264490877005E-02  -0.6359432275228838E-02   0.5043395587058111E-03   0.6235015315700838E-06   0.1023919560898929E-04   0.1028169846746183E-02
  0.4487500000000000E+02   0.9873568854132448E+00   0.1013461221243991E-02  -0.6341534793213643E-02   0.5099645686775704E-03   0.6311588222492251E-06   0.1018325628057409E-04   0.1039581063180561E-02
  0.4492500000000000E+02   0.9873914854435025E+00   0.1025130583250826E-02  -0.6324121495616897E-02   0.5158274470714667E-03   0.6391263531240637E-06   0.1012910339118520E-04   0.1051477457673038E-02
  0.4497499999999999E+02   0.9874249855300968E+00   0.1037226101310142E-02  -0.6307261818443211E-02   0.5219048411324060E-03   0.6473761412581211E-06   0.1007694107781502E-04   0.1063811628479101E-02
  0.4502500000000000E+02   0.9874572458625599E+00   0.1049661901201206E-02  -0.6291026100316177E-02   0.5281535785482251E-03   0.6558554631872213E-06   0.1002696891388553E-04   0.1076495804486668E-02
  0.4507500000000000E+02   0.9874881353903495E+00   0.1062310368496351E-02  -0.6275480281007551E-02   0.5345094880001317E-03   0.6644852520093604E-06   0.9979364629724769E-05   0.1089399433596114E-02
  0.4512499999999999E+02   0.9875175435378971E+00   0.1075002499415657E-02  -0.6260680008451813E-02   0.5408875737274842E-03   0.6731601698507056E-06   0.9934265569014366E-05   0.1102349526472466E-02
  0.4517500000000000E+02   0.9875453924526633E+00   0.1087531519509768E-02  -0.6246664477139507E-02   0.5471838335705139E-03   0.6817507294283337E-06   0.9891750016398958E-05   0.1115134345307348E-02
  0.4522500000000000E+02   0.9875716488495399E+00   0.1099660216833179E-02  -0.6233450468807966E-02   0.5532789453176615E-03   0.6901077610017026E-06   0.9851819962066316E-05   0.1127510896334710E-02
  0.4527500000000000E+02   0.9875963342305736E+00   0.1111132150503531E-02  -0.6221027209440955E-02   0.5590439025809938E-03   0.6980693441700591E-06   0.9814387252633440E-05   0.1139216393277472E-02
  0.4532500000000000E+02   0.9876195320716158E+00   0.1121686440529164E-02  -0.6209352750961350E-02   0.5643474526723308E-03   0.7054700389160297E-06   0.9779265274906051E-05   0.1149983393855396E-02
  0.4537500000000000E+02   0.9876413905773461E+00   0.1131075258834052E-02  -0.6198352581260780E-02   0.5690648942733500E-03   0.7121518798938891E-06   0.9746168180632548E-05   0.1159557711791593E-02
  0.4542500000000000E+02   0.9876621198951970E+00   0.1139082523839308E-02  -0.6187921021051812E-02   0.5730874819964012E-03   0.7179762038353467E-06   0.9714719077906622E-05   0.1167717573752111E-02
  0.4547499999999999E+02   0.9876819832718706E+00   0.1145541801629830E-02  -0.6177925667882889E-02   0.5763314335715847E-03   0.7228350563823997E-06   0.9684467580251967E-05   0.1174291977620245E-02
  0.4552500000000000E+02   0.9877012824693704E+00   0.1150351198786114E-02  -0.6168214728650478E-02   0.5787454254504595E-03   0.7266607755328520E-06   0.9654915751791505E-05   0.1179175982698632E-02
  0.4557500000000000E+02   0.9877203386734902E+00   0.1153483214656932E-02  -0.6158626621112884E-02   0.5803155541488932E-03   0.7294324516442284E-06   0.9625550087683128E-05   0.1182340846588268E-02
  0.4562500000000000E+02   0.9877394709107378E+00   0.1154988123986450E-02  -0.6149000830784956E-02   0.5810670437278492E-03   0.7311783340318400E-06   0.9595876065966418E-05   0.1183837538774446E-02
  0.4567500000000000E+02   0.9877589744336260E+00   0.1154990378987728E-02  -0.6139188785880823E-02   0.5810624415187323E-03   0.7319738278789738E-06   0.9565451301764994E-05   0.1183793100252860E-02
  0.4572500000000000E+02   0.9877791015178305E+00   0.1153678545617318E-02  -0.6129063520822320E-02   0.5803965601933510E-03   0.7319353730490148E-06   0.9533913574977861E-05   0.1182400369719654E-02
  0.4577500000000000E+02   0.9878000466481813E+00   0.1151290179509437E-02  -0.6118527133173957E-02   0.5791888725868736E-03   0.7312110652143823E-06   0.9501000921753165E-05   0.1179902511436767E-02
  0.4582500000000000E+02   0.9878219372909046E+00   0.1148093608173019E-02  -0.6107515430852861E-02   0.5775743483314084E-03   0.7299692447374641E-06   0.9466562322636203E-05   0.1176574357822225E-02
  0.4587500000000000E+02   0.9878448305671166E+00   0.1144368731625408E-02  -0.6095999610393865E-02   0.5756937949625017E-03   0.7283863827769981E-06   0.9430558938359075E-05   0.1172702732030013E-02
  0.4592500000000000E+02   0.9878687153648944E+00   0.1140388720316265E-02  -0.6083985198461983E-02   0.5736846490716695E-03   0.7266354575101726E-06   0.9393057019237816E-05   0.1168567679022710E-02
  0.4597500000000000E+02   0.9878935188965300E+00   0.1136404004439882E-02  -0.6071508756059107E-02   0.5716729193554092E-03   0.7248757147542960E-06   0.9354214348857264E-05   0.1164426038038661E-02
  0.4602500000000000E+02   0.9879191164727360E+00   0.1132629374388685E-02  -0.6058632963280797E-02   0.5697666944708430E-03   0.7232443482427563E-06   0.9314262333606887E-05   0.1160498200740304E-02
  0.4607500000000000E+02   0.9879453432915604E+00   0.1129234490808506E-02  -0.6045440689608328E-02   0.5680513662475534E-03   0.7218503059709476E-06   0.9273485700921062E-05   0.1156958364188230E-02
  0.4612500000000000E+02   0.9879720072396594E+00   0.1126337725427573E-02  -0.6032028554262658E-02   0.5665865288341748E-03   0.7207701890214060E-06   0.9232201375647480E-05   0.1153928199773364E-02
  0.4617500000000000E+02   0.9879989019753866E+00   0.1124003052272375E-02  -0.6018500344429634E-02   0.5654044127893019E-03   0.7200460794937413E-06   0.9190737632030015E-05   0.1151473651292655E-02
  0.4622499999999999E+02   0.9880258198176674E+00   0.1122239665966589E-02  -0.6004960531060255E-02   0.5645096913995496E-03   0.7196851049104562E-06   0.9149414204141399E-05   0.1149604530260175E-02
  0.4627500000000000E+02   0.9880525641404219E+00   0.1121004071447723E-02  -0.5991508033419968E-02   0.5638805304519533E-03   0.7196605879966192E-06   0.9108523766238031E-05   0.1148276645187194E-02
  0.4632500000000000E+02   0.9880789610396440E+00   0.1120204505642946E-02  -0.5978230349556690E-02   0.5634708111256334E-03   0.7199147039733164E-06   0.9068315099923318E-05   0.1147396320468452E-02
  0.4637500000000000E+02   0.9881048699992696E+00   0.1119707653490109E-02  -0.5965198190363119E-02   0.5632135069374259E-03   0.7203626323040572E-06   0.9028978334515045E-05   0.1146827265163831E-02
  0.4642500000000000E+02   0.9881301931588824E+00   0.1119347653647472E-02  -0.5952460816751493E-02   0.5630252123390274E-03   0.7208982109581147E-06   0.8990632829754853E-05   0.1146399786413952E-02
  0.4647500000000000E+02   0.9881548826290274E+00   0.1118937315190461E-02  -0.5940042358545172E-02   0.5628117834286854E-03   0.7214010536299827E-06   0.8953318485814338E-05   0.1145922267287394E-02
  0.4652500000000001E+02   0.9881789451719533E+00   0.1118281272112839E-02  -0.5927939458096110E-02   0.5624749535276270E-03   0.7217449645368231E-06   0.8916991416219339E-05   0.1145194630571489E-02
  0.4657500000000000E+02   0.9882024435356094E+00   0.1117190506592073E-02  -0.5916120596813679E-02   0.5619196376380211E-03   0.7218072928478946E-06   0.8881524905718685E-05   0.1144023207672782E-02
  0.4662500000000000E+02   0.9882254938541599E+00   0.1115497330070199E-02  -0.5904527399842374E-02   0.5610614678449860E-03   0.7214786445259984E-06   0.8846716322508557E-05   0.1142236081814921E-02
  0.4667500000000000E+02   0.9882482588352820E+00   0.1113069609436270E-02  -0.5893078059842960E-02   0.5598339498853599E-03   0.7206721688462073E-06   0.8812300140649823E-05   0.1139697665227308E-02
  0.4672500000000000E+02   0.9882709369201209E+00   0.1109822862798061E-02  -0.5881672786747449E-02   0.5581945490881128E-03   0.7193315244357232E-06   0.8777966507811614E-05   0.1136321102217174E-02
  0.4677499999999999E+02   0.9882937481479598E+00   0.1105728907405920E-02  -0.5870200915659041E-02   0.5561290429199329E-03   0.7174366594953578E-06   0.8743383997724867E-05   0.1132077148007827E-02
  0.4682500000000000E+02   0.9883169179646455E+00   0.1100820054144102E-02  -0.5858549049989614E-02   0.5536536340438016E-03   0.7150067358858860E-06   0.8708224500220809E-05   0.1126998491103055E-02
  0.4687500000000000E+02   0.9883406605531377E+00   0.1095188371740480E-02  -0.5846609446085838E-02   0.5508145836178618E-03   0.7120998648340099E-06   0.8672187807515476E-05   0.1121179027380996E-02
  0.4692500000000000E+02   0.9883651633414706E+00   0.1088980185500836E-02  -0.5834287806695815E-02   0.5476854472773732E-03   0.7088097370175622E-06   0.8635023473044227E-05   0.1114768251011009E-02
  0.4697499999999999E+02   0.9883905741313647E+00   0.1082386587938135E-02  -0.5821509757084287E-02   0.5443623044357290E-03   0.7052596299850200E-06   0.8596547959346977E-05   0.1107961555282062E-02
  0.4702500000000000E+02   0.9884169918419325E+00   0.1075631187204890E-02  -0.5808225503220799E-02   0.5409575973153329E-03   0.7015945729923860E-06   0.8556655849592246E-05   0.1100987697135920E-02
  0.4707500000000000E+02   0.9884444612897793E+00   0.1068956518246760E-02  -0.5794412459710796E-02   0.5375932964184035E-03   0.6979725863621200E-06   0.8515324789245804E-05   0.1094094884634079E-02
  0.4712500000000000E+02   0.9884729718629831E+00   0.1062610477106148E-02  -0.5780075918807248E-02   0.5343940768880477E-03   0.6945558784473487E-06   0.8472614649170332E-05   0.1087536881989802E-02
  0.4717500000000000E+02   0.9885024595051776E+00   0.1056833863295459E-02  -0.5765248053918648E-02   0.5314810517470086E-03   0.6915027106832041E-06   0.8428662001735605E-05   0.1081560245578798E-02
  0.4722500000000000E+02   0.9885328111719662E+00   0.1051849721410957E-02  -0.5749985678939473E-02   0.5289664099875468E-03   0.6889603893241816E-06   0.8383671300252258E-05   0.1076393401398171E-02
  0.4727500000000000E+02   0.9885638708647816E+00   0.1047854761021135E-02  -0.5734367213602320E-02   0.5269491001537264E-03   0.6870595759763648E-06   0.8337904155300700E-05   0.1072237852104405E-02
  0.4732500000000000E+02   0.9885954464530684E+00   0.1045012783542347E-02  -0.5718489251947290E-02   0.5255115237716360E-03   0.6859098804926618E-06   0.8291667876026336E-05   0.1069261442352640E-02
  0.4737500000000000E+02   0.9886273167073983E+00   0.1043449803859069E-02  -0.5702463024566229E-02   0.5247170816862082E-03   0.6855965409192021E-06   0.8245304084342211E-05   0.1067593363584750E-02
  0.4742500000000000E+02   0.9886592382236007E+00   0.1043250438154543E-02  -0.5686410915786699E-02   0.5246083577694046E-03   0.6861779168099479E-06   0.8199177807452492E-05   0.1067320459498200E-02
  0.4747500000000000E+02   0.9886909521706977E+00   0.1044455129557551E-02  -0.5670463069837872E-02   0.5252057244432988E-03   0.6876835198209889E-06   0.8153667082077926E-05   0.1068484392824683E-02
  0.4752500000000000E+02   0.9887221910071016E+00   0.1047057878930250E-02  -0.5654754013535435E-02   0.5265062025270160E-03   0.6901123661192063E-06   0.8109152811086294E-05   0.1071079331422646E-02
  0.4757500000000000E+02   0.9887526854565644E+00   0.1051004314491198E-02  -0.5639419149015112E-02   0.5284824915282423E-03   0.6934315430007494E-06   0.8066008428811701E-05   0.1075049981500325E-02
  0.4762500000000000E+02   0.9887821721023154E+00   0.1056190146063079E-02  -0.5624590936294638E-02   0.5310821931213973E-03   0.6975750212363052E-06   0.8024588871609015E-05   0.1080290012507888E-02
  0.4767500000000000E+02   0.9888104019330962E+00   0.1062460282279117E-02  -0.5610394597783230E-02   0.5342273674760341E-03   0.7024428986482979E-06   0.7985218425585908E-05   0.1086641156019248E-02
  0.4772500000000000E+02   0.9888371500492581E+00   0.1069609113092249E-02  -0.5596943239873919E-02   0.5378146747542955E-03   0.7079014102490173E-06   0.7948177240119128E-05   0.1093893490180925E-02
  0.4777500000000000E+02   0.9888622265066560E+00   0.1077382638708364E-02  -0.5584332402509995E-02   0.5417164440456384E-03   0.7137841615726397E-06   0.7913686651456748E-05   0.1101787604609974E-02
  0.4782500000000000E+02   0.9888854879487411E+00   0.1085483213479283E-02  -0.5572634212088201E-02   0.5457830560702766E-03   0.7198951037300142E-06   0.7881893934761024E-05   0.1110019430916488E-02
  0.4787499999999999E+02   0.9889068492827643E+00   0.1093577617538931E-02  -0.5561891511349226E-02   0.5498469981208546E-03   0.7260137361883966E-06   0.7852857643741325E-05   0.1118248468398679E-02
  0.4792500000000000E+02   0.9889262942545891E+00   0.1101308924280094E-02  -0.5552112541736598E-02   0.5537288269046253E-03   0.7319028649098739E-06   0.7826535211733464E-05   0.1126109886041714E-02
  0.4797500000000000E+02   0.9889438834605766E+00   0.1108312178125977E-02  -0.5543266912723332E-02   0.5572450470948282E-03   0.7373189445975168E-06   0.7802774844398283E-05   0.1133230519998887E-02
  0.4802500000000000E+02   0.9889597582168618E+00   0.1114233263396960E-02  -0.5535283652247647E-02   0.5602175949937503E-03   0.7420246121460892E-06   0.7781313780952194E-05   0.1139248139353290E-02
  0.4807500000000000E+02   0.9889741388895601E+00   0.1118749626116499E-02  -0.5528052040633225E-02   0.5624842552935491E-03   0.7458025357626315E-06   0.7761784611887033E-05   0.1143832618373302E-02
  0.4812499999999999E+02   0.9889873168263048E+00   0.1121590863997897E-02  -0.5521425660823698E-02   0.5639090136975481E-03   0.7484692651437274E-06   0.7743730473349840E-05   0.1146706991361399E-02
  0.4817500000000000E+02   0.9889996398805950E+00   0.1122556813987193E-02  -0.5515229670172594E-02   0.5643911538307870E-03   0.7498874988898131E-06   0.7726628682090546E-05   0.1147665969011408E-02
  0.4822500000000000E+02   0.9890114925376680E+00   0.1121530801416456E-02  -0.5509270787698806E-02   0.5638719238261669E-03   0.7499751947457904E-06   0.7709920966171957E-05   0.1146589526756953E-02
  0.4827500000000000E+02   0.9890232726023277E+00   0.1118486234445336E-02  -0.5503349012076830E-02   0.5623378587219185E-03   0.7487102824669430E-06   0.7693047220114665E-05   0.1143449702746415E-02
  0.4832500000000000E+02   0.9890353670476737E+00   0.1113485658071372E-02  -0.5497269764202395E-02   0.5598203123119449E-03   0.7461303521206952E-06   0.7675478999686426E-05   0.1138309691436987E-02
  0.4837500000000000E+02   0.9890481297721201E+00   0.1106672519158858E-02  -0.5490855073003842E-02   0.5563913237017521E-03   0.7423274483440253E-06   0.7656748979084627E-05   0.1131315480370431E-02
  0.4842500000000000E+02   0.9890618636313899E+00   0.1098256965708914E-02  -0.5483952614050769E-02   0.5521564828419027E-03   0.7374388223513275E-06   0.7636473325161235E-05   0.1122681374743300E-02
  0.4847499999999999E+02   0.9890768083149440E+00   0.1088497763051223E-02  -0.5476441810976951E-02   0.5472458415330666E-03   0.7316350118239450E-06   0.7614365196468718E-05   0.1112671533977331E-02
  0.4852500000000000E+02   0.9890931346412326E+00   0.1077682715167411E-02  -0.5468236709916141E-02   0.5418040704915496E-03   0.7251068365855699E-06   0.7590239018126202E-05   0.1101579960785995E-02
  0.4857500000000000E+02   0.9891109448963905E+00   0.1066109828059413E-02  -0.5459285814799153E-02   0.5359809874313928E-03   0.7180528098874788E-06   0.7564006477629400E-05   0.1089711232092607E-02
  0.4862499999999999E+02   0.9891302781256075E+00   0.1054070958042088E-02  -0.5449569431320134E-02   0.5299233330175999E-03   0.7106681448147565E-06   0.7535666089752858E-05   0.1077363758395185E-02
  0.4867500000000000E+02   0.9891511188962476E+00   0.1041839024091889E-02  -0.5439095263885085E-02   0.5237683379321644E-03   0.7031360971374048E-06   0.7505288596622676E-05   0.1064816680406311E-02
  0.4872499999999999E+02   0.9891734079786688E+00   0.1029659198442636E-02  -0.5427893046912713E-02   0.5176392899239046E-03   0.6956219425841716E-06   0.7473000444927627E-05   0.1052320831525042E-02
  0.4877500000000000E+02   0.9891970535582051E+00   0.1017743943616377E-02  -0.5416008907844772E-02   0.5116430350436216E-03   0.6882695193318836E-06   0.7438967245225206E-05   0.1040093635230775E-02
  0.4882500000000000E+02   0.9892219418968223E+00   0.1006271393619985E-02  -0.5403500005942030E-02   0.5058691608235083E-03   0.6812000147148340E-06   0.7403378622701000E-05   0.1028317426227118E-02
  0.4887500000000000E+02   0.9892479467102494E+00   0.9953863837015690E-03  -0.5390429816345632E-02   0.5003905117853286E-03   0.6745125411180534E-06   0.7366435347788056E-05   0.1017140485119144E-02
  0.4892500000000000E+02   0.9892749368476199E+00   0.9852033837077908E-03  -0.5376864267321535E-02   0.4952646627217511E-03   0.6682860085083310E-06   0.7328339177714022E-05   0.1006680024918549E-02
  0.4897499999999999E+02   0.9893027821189579E+00   0.9758106380127589E-03  -0.5362868808667209E-02   0.4905359992161039E-03   0.6625818293704872E-06   0.7289285489043107E-05   0.9970264160472633E-03
  0.4902500000000000E+02   0.9893313573005073E+00   0.9672749154937011E-03  -0.5348506396334662E-02   0.4862381053635290E-03   0.6574470562277302E-06   0.7249458543133741E-05   0.9882480389916837E-03
  0.4907500000000000E+02   0.9893605444651988E+00   0.9596463916323306E-03  -0.5333836319285412E-02   0.4823962182855426E-03   0.6529176293221035E-06   0.7209029085978652E-05   0.9803962750020180E-03
  0.4912500000000000E+02   0.9893902338499087E+00   0.9529632994543701E-03  -0.5318913762187627E-02   0.4790295666819042E-03   0.6490214874895302E-06   0.7168153916855721E-05   0.9735102625689900E-03
  0.4917500000000000E+02   0.9894203234985689E+00   0.9472560854518762E-03  -0.5303789983752361E-02   0.4761534606814293E-03   0.6457813610841480E-06   0.7126977042156119E-05   0.9676211492772015E-03
  0.4922499999999999E+02   0.9894507179244940E+00   0.9425508873090353E-03  -0.5288512988329552E-02   0.4737810408426382E-03   0.6432171194472663E-06   0.7085632041661676E-05   0.9627556513389878E-03
  0.4927500000000000E+02   0.9894813260266540E+00   0.9388722130177971E-03  -0.5273128572718999E-02   0.4719246257370422E-03   0.6413475873196384E-06   0.7044245300287249E-05   0.9589387974857565E-03
  0.4932500000000000E+02   0.9895120584797330E+00   0.9362447484683740E-03  -0.5257681637644840E-02   0.4705966214495198E-03   0.6401917764429690E-06   0.7002939790015861E-05   0.9561957826226058E-03
  0.4937500000000000E+02   0.9895428248007081E+00   0.9346942556224103E-03  -0.5242217661947768E-02   0.4698099739544283E-03   0.6397695021920445E-06   0.6961839119242632E-05   0.9545528925858613E-03
  0.4942500000000000E+02   0.9895735302779788E+00   0.9342475481394939E-03  -0.5226784245964344E-02   0.4695781577871176E-03   0.6401013718549436E-06   0.6921071596828003E-05   0.9540374867488269E-03
  0.4947500000000000E+02   0.9896040729349911E+00   0.9349315474860355E-03  -0.5211432637658997E-02   0.4699147025608592E-03   0.6412081422002106E-06   0.6880774083123707E-05   0.9546770417926724E-03
  0.4952500000000000E+02   0.9896343406912669E+00   0.9367714317087604E-03  -0.5196219159633864E-02   0.4708322634828636E-03   0.6431094502751151E-06   0.6841095417181344E-05   0.9564972693310392E-03
  0.4957500000000000E+02   0.9896642088826383E+00   0.9397878934824075E-03  -0.5181206455723730E-02   0.4723412442451915E-03   0.6458219244852742E-06   0.6802199214954437E-05   0.9595193245723832E-03
  0.4962500000000000E+02   0.9896935383122216E+00   0.9439935274482527E-03  -0.5166464471010324E-02   0.4744479823683751E-03   0.6493566854277945E-06   0.6764265824393594E-05   0.9637561265985196E-03
  0.4967500000000000E+02   0.9897221740265504E+00   0.9493883749523640E-03  -0.5152071067608177E-02   0.4771525111235784E-03   0.6537162516071832E-06   0.6727493197912487E-05   0.9692078189441618E-03
  0.4972499999999999E+02   0.9897499450477282E+00   0.9559546750276045E-03  -0.5138112160279484E-02   0.4804459225508173E-03   0.6588908795704501E-06   0.6692096401579216E-05   0.9758564200903021E-03
  0.4977500000000000E+02   0.9897766653396037E+00   0.9636509138147550E-03  -0.5124681232246076E-02   0.4843073778372182E-03   0.6648543981217016E-06   0.6658305428828155E-05   0.9836597574039640E-03
  0.4982500000000000E+02   0.9898021363358230E+00   0.9724053416152728E-03  -0.5111878066511588E-02   0.4887008499636511E-03   0.6715596498909629E-06   0.6626360936548678E-05   0.9925448562262257E-03
  0.4987500000000000E+02   0.9898261513953001E+00   0.9821092474648100E-03  -0.5099806509031413E-02   0.4935717441257716E-03   0.6789337378239739E-06   0.6596507493608244E-05   0.1002401078513946E-02
  0.4992500000000000E+02   0.9898485025529880E+00   0.9926104510624655E-03  -0.5088571078836202E-02   0.4988436267833442E-03   0.6868733932830286E-06   0.6568983956614100E-05   0.1013073478405023E-02
  0.4997499999999999E+02   0.9898689898693608E+00   0.1003707686797573E-02  -0.5078272272507456E-02   0.5044154021493471E-03   0.6952409337948260E-06   0.6544010704138098E-05   0.1024357061045259E-02
  0.5002500000000000E+02   0.9898874335139648E+00   0.1015146793433174E-02  -0.5069000494721254E-02   0.5101593949419343E-03   0.7038614477977424E-06   0.6521773711899195E-05   0.1035992874691116E-02
  0.5007500000000000E+02   0.9899036884126668E+00   0.1026619840811013E-02  -0.5060828700040654E-02   0.5159209077423601E-03   0.7125220000573136E-06   0.6502405873235445E-05   0.1047667088885867E-02
  0.5012500000000000E+02   0.9899176608277509E+00   0.1037768448929003E-02  -0.5053804062380429E-02   0.5215198837717195E-03   0.7209737440498122E-06   0.6485966571300442E-05   0.1059014339343382E-02
  0.5017500000000000E+02   0.9899293256452534E+00   0.1048192488673130E-02  -0.5047939287338932E-02   0.5267552729738224E-03   0.7289377890097010E-06   0.6472421250041548E-05   0.1069626554998098E-02
  0.5022500000000000E+02   0.9899387424943107E+00   0.1057464996862992E-02  -0.5043204509071364E-02   0.5314125204508105E-03   0.7361154282015508E-06   0.6461623493259725E-05   0.1079068121811914E-02
  0.5027500000000000E+02   0.9899460682690392E+00   0.1065153423722334E-02  -0.5039520992140778E-02   0.5352742376181960E-03   0.7422028422599769E-06   0.6453302703854292E-05   0.1086897512072774E-02
  0.5032500000000000E+02   0.9899515633721251E+00   0.1070846274862780E-02  -0.5036757985561802E-02   0.5381335860683187E-03   0.7469096559623639E-06   0.6447060618943234E-05   0.1092694432845873E-02
  0.5037500000000000E+02   0.9899555892642240E+00   0.1074182958209602E-02  -0.5034733943803715E-02   0.5398092751857589E-03   0.7499798477934794E-06   0.6442379355079420E-05   0.1096090270472833E-02
  0.5042500000000000E+02   0.9899585958159198E+00   0.1074883484169711E-02  -0.5033222871600018E-02   0.5401604902185582E-03   0.7512126868837469E-06   0.6438642331720953E-05   0.1096798419470438E-02
  0.5047499999999999E+02   0.9899610984730999E+00   0.1072773964392424E-02  -0.5031965789050519E-02   0.5390997135114885E-03   0.7504808605326671E-06   0.6435167389708734E-05   0.1094640360855896E-02
  0.5052500000000000E+02   0.9899636470860735E+00   0.1067803941046422E-02  -0.5030686389181471E-02   0.5366014441044824E-03   0.7477429922719546E-06   0.6431249108226157E-05   0.1089563435073972E-02
  0.5057500000000000E+02   0.9899667899540519E+00   0.1060052592939491E-02  -0.5029109104683349E-02   0.5327053296934201E-03   0.7430484381120086E-06   0.6426205337849909E-05   0.1081647281877143E-02
  0.5062500000000000E+02   0.9899710376966070E+00   0.1049722648720271E-02  -0.5026977266870958E-02   0.5275131208265063E-03   0.7365334830772694E-06   0.6419421919541974E-05   0.1071097734972254E-02
  0.5067500000000000E+02   0.9899768316389627E+00   0.1037122951786408E-02  -0.5024069000927334E-02   0.5211799197720367E-03   0.7284095386804708E-06   0.6410389812549139E-05   0.1058229116907992E-02
  0.5072500000000000E+02   0.9899845204554936E+00   0.1022642496828904E-02  -0.5020208974134577E-02   0.5139011395269230E-03   0.7189452664972252E-06   0.6398730356390655E-05   0.1043437798386794E-02
  0.5077500000000001E+02   0.9899943471506103E+00   0.1006719911992358E-02  -0.5015274950134541E-02   0.5058971693972009E-03   0.7084453821818630E-06   0.6384206690814781E-05   0.1027171072028312E-02
  0.5082500000000000E+02   0.9900064465639051E+00   0.9898125735023136E-03  -0.5009199053313873E-02   0.4973978515985044E-03   0.6972290677029243E-06   0.6366721789027656E-05   0.1009895616294530E-02
  0.5087500000000000E+02   0.9900208519628133E+00   0.9723689018427046E-03  -0.5001964463910769E-02   0.4886285535824237E-03   0.6856104941525536E-06   0.6346305510651075E-05   0.9920691806561922E-03
  0.5092500000000000E+02   0.9900375082572951E+00   0.9548062163778519E-03  -0.4993598782195630E-02   0.4797990320510748E-03   0.6738831502759105E-06   0.6323094190505105E-05   0.9741179295637630E-03
  0.5097500000000000E+02   0.9900562890253914E+00   0.9374952066623511E-03  -0.4984165474500424E-02   0.4710956218648627E-03   0.6623087532964581E-06   0.6297306499507540E-05   0.9564205364722552E-03
  0.5102499999999999E+02   0.9900770147630809E+00   0.9207509333564379E-03  -0.4973754701507294E-02   0.4626767071255627E-03   0.6511107140167630E-06   0.6269218840336473E-05   0.9392989475462684E-03
  0.5107500000000000E+02   0.9900994703483359E+00   0.9048294781011581E-03  -0.4962474539736861E-02   0.4546710324731831E-03   0.6404715653092860E-06   0.6239142679052002E-05   0.9230149212344984E-03
  0.5112500000000000E+02   0.9901234204112739E+00   0.8899289558440611E-03  -0.4950443254395642E-02   0.4471782082666570E-03   0.6305334700708779E-06   0.6207405257350379E-05   0.9077710324322608E-03
  0.5117500000000000E+02   0.9901486219581900E+00   0.8761935222120507E-03  -0.4937782951990988E-02   0.4402707223732206E-03   0.6214008597940962E-06   0.6174334285665688E-05   0.8937147450206337E-03
  0.5122500000000000E+02   0.9901748341112813E+00   0.8637191462797125E-03  -0.4924614682616735E-02   0.4339968403520633E-03   0.6131443448944054E-06   0.6140246588738142E-05   0.8809442958005945E-03
  0.5127499999999999E+02   0.9902018251686989E+00   0.8525601689371781E-03  -0.4911054889330080E-02   0.4283839013216852E-03   0.6058052085952570E-06   0.6105440282018579E-05   0.8695153873341889E-03
  0.5132500000000000E+02   0.9902293773758496E+00   0.8427359460025226E-03  -0.4897213008280943E-02   0.4234416569921312E-03   0.5993999891849236E-06   0.6070189867139186E-05   0.8594479719596969E-03
  0.5137500000000000E+02   0.9902572898642930E+00   0.8342371304529933E-03  -0.4883189990265269E-02   0.4191654296568623E-03   0.5939248333803555E-06   0.6034743593609421E-05   0.8507326701140220E-03
  0.5142500000000000E+02   0.9902853801991907E+00   0.8270313534381387E-03  -0.4869077522045462E-02   0.4155389681685126E-03   0.5893594474704230E-06   0.5999322486869075E-05   0.8433365761047027E-03
  0.5147500000000000E+02   0.9903134849151739E+00   0.8210682117179141E-03  -0.4854957756451728E-02   0.4125369553501573E-03   0.5856705772393654E-06   0.5964120544160806E-05   0.8372083559835446E-03
  0.5152500000000000E+02   0.9903414593403410E+00   0.8162835636321591E-03  -0.4840903400549323E-02   0.4101271678174245E-03   0.5828150146917668E-06   0.5929305716329362E-05   0.8322826389948183E-03
  0.5157500000000000E+02   0.9903691769270383E+00   0.8126031857642717E-03  -0.4826978051896247E-02   0.4082723143828588E-03   0.5807421654509897E-06   0.5895021404241061E-05   0.8284837554831903E-03
  0.5162499999999999E+02   0.9903965282373909E+00   0.8099458588836566E-03  -0.4813236708451907E-02   0.4069315874965956E-03   0.5793962227847069E-06   0.5861388290695978E-05   0.8257288911489237E-03
  0.5167500000000000E+02   0.9904234196774148E+00   0.8082259450947317E-03  -0.4799726404916438E-02   0.4060619588533061E-03   0.5787179898537743E-06   0.5828506396542649E-05   0.8239307209170903E-03
  0.5172500000000000E+02   0.9904497720386316E+00   0.8073554979852358E-03  -0.4786486945841495E-02   0.4056192401907732E-03   0.5786463777091401E-06   0.5796457291548945E-05   0.8229995652545645E-03
  0.5177500000000000E+02   0.9904755188905047E+00   0.8072459224112453E-03  -0.4773551713711521E-02   0.4055589176720872E-03   0.5791195887535650E-06   0.5765306407796633E-05   0.8228450861647578E-03
  0.5182500000000000E+02   0.9905006048688632E+00   0.8078091776557346E-03  -0.4760948529281106E-02   0.4058367567379872E-03   0.5800759790323595E-06   0.5735105399485580E-05   0.8233775167448624E-03
  0.5187500000000000E+02   0.9905249839212144E+00   0.8089585030266872E-03  -0.4748700533566130E-02   0.4064091669412436E-03   0.5814545821320315E-06   0.5705894473434666E-05   0.8245084032034157E-03
  0.5192500000000000E+02   0.9905486175945287E+00   0.8106086429549417E-03  -0.4736827048492764E-02   0.4072333152602429E-03   0.5831952758968333E-06   0.5677704585940051E-05   0.8261508361344506E-03
  0.5197500000000000E+02   0.9905714734787604E+00   0.8126755619123949E-03  -0.4725344359312156E-02   0.4082669830416065E-03   0.5852385825827075E-06   0.5650559371608765E-05   0.8282191612853471E-03
  0.5202500000000000E+02   0.9905935239435841E+00   0.8150756685380685E-03  -0.4714266349722274E-02   0.4094681763139131E-03   0.5875251139522851E-06   0.5624476646091817E-05   0.8306281895954984E-03
  0.5207500000000000E+02   0.9906147453202165E+00   0.8177246116495304E-03  -0.4703604913413262E-02   0.4107945209519179E-03   0.5899947041418186E-06   0.5599469314608823E-05   0.8332919703161855E-03
  0.5212499999999999E+02   0.9906351176790597E+00   0.8205357647464070E-03  -0.4693370066308877E-02   0.4122025012538460E-03   0.5925853124132051E-06   0.5575545527845742E-05   0.8361222459060162E-03
  0.5217500000000000E+02   0.9906546253326549E+00   0.8234185748355483E-03  -0.4683569694446610E-02   0.4136466302393733E-03   0.5952318213530036E-06   0.5552707960759269E-05   0.8390267676952575E-03
  0.5222500000000000E+02   0.9906732581489592E+00   0.8262770090465922E-03  -0.4674208894765663E-02   0.4150786689296345E-03   0.5978648987585092E-06   0.5530952150455535E-05   0.8419077100320862E-03
  0.5227500000000000E+02   0.9906910136909236E+00   0.8290083802899820E-03  -0.4665288900735032E-02   0.4164470358792224E-03   0.6004101273588710E-06   0.5510263916822031E-05   0.8446604693496558E-03
  0.5232500000000000E+02   0.9907079001058505E+00   0.8315028615591143E-03  -0.4656805631208960E-02   0.4176965624838687E-03   0.6027876286476096E-06   0.5490616001164869E-05   0.8471731635788590E-03
  0.5237499999999999E+02   0.9907239395764282E+00   0.8336439968051436E-03  -0.4648747956936927E-02   0.4187687487678354E-03   0.6049124076346272E-06   0.5471964186991654E-05   0.8493271457958551E-03
  0.5242500000000000E+02   0.9907391720237041E+00   0.8353104739457167E-03  -0.4641095840253961E-02   0.4196026531007237E-03   0.6066956163012736E-06   0.5454243301260559E-05   0.8509988030582029E-03
  0.5247499999999999E+02   0.9907536586354079E+00   0.8363793337732603E-03  -0.4633818562189029E-02   0.4201365032138758E-03   0.6080468683251694E-06   0.5437363615521461E-05   0.8520628181257407E-03
  0.5252500000000000E+02   0.9907674847019386E+00   0.8367306438159200E-03  -0.4626873297017831E-02   0.4203100432234188E-03   0.6088776333427010E-06   0.5421208249785295E-05   0.8523969245795615E-03
  0.5257500000000000E+02   0.9907807612023778E+00   0.8362534745079716E-03  -0.4620204314397469E-02   0.4200675350919559E-03   0.6091055995787737E-06   0.5405632199403172E-05   0.8518879907183101E-03
  0.5262500000000000E+02   0.9907936246193014E+00   0.8348527954535992E-03  -0.4613743070994381E-02   0.4193612226621006E-03   0.6086597326861642E-06   0.5390463530628207E-05   0.8504390439108749E-03
  0.5267500000000000E+02   0.9908062345915165E+00   0.8324566956476641E-03  -0.4607409388091677E-02   0.4181549589071781E-03   0.6074856003643102E-06   0.5375507108606203E-05   0.8479766289115447E-03
  0.5272499999999999E+02   0.9908187692391603E+00   0.8290231677503670E-03  -0.4601113798534229E-02   0.4164276147193594E-03   0.6055504093114726E-06   0.5360550937783964E-05   0.8444577263155198E-03
  0.5277500000000000E+02   0.9908314182934751E+00   0.8245456291304131E-03  -0.4594760996752267E-02   0.4141758536232312E-03   0.6028471474639509E-06   0.5345374841687737E-05   0.8398753880033513E-03
  0.5282500000000000E+02   0.9908443744870349E+00   0.8190564156369490E-03  -0.4588254163098493E-02   0.4114158884815649E-03   0.5993972660442051E-06   0.5329760845844876E-05   0.8342623101138306E-03
  0.5287499999999999E+02   0.9908578239454368E+00   0.8126276862160369E-03  -0.4581499790382693E-02   0.4081839377331806E-03   0.5952514796816695E-06   0.5313504328917541E-05   0.8276917694208957E-03
  0.5292500000000000E+02   0.9908719365038423E+00   0.8053694916233930E-03  -0.4574412548774998E-02   0.4045352569675910E-03   0.5904884907685114E-06   0.5296424843455480E-05   0.8202756697369541E-03
  0.5297499999999999E+02   0.9908868569054254E+00   0.7974251309412375E-03  -0.4566919708228090E-02   0.4005418077463850E-03   0.5852117147516271E-06   0.5278375523339215E-05   0.8121598224881601E-03
  0.5302500000000000E+02   0.9909026977124634E+00   0.7889642701741734E-03  -0.4558964700933310E-02   0.3962888017456201E-03   0.5795443413729967E-06   0.5259250191906775E-05   0.8035169432729777E-03
  0.5307500000000000E+02   0.9909195345026496E+00   0.7801745565797879E-03  -0.4550509535953706E-02   0.3918704886855163E-03   0.5736232603658795E-06   0.5238987620064277E-05   0.7945381112538774E-03
  0.5312499999999999E+02   0.9909374035923286E+00   0.7712525837601009E-03  -0.4541535944394437E-02   0.3873856175866617E-03   0.5675924736625107E-06   0.5217572782496517E-05   0.7854235627318021E-03
  0.5317500000000000E+02   0.9909563021964327E+00   0.7623950352494205E-03  -0.4532045300249088E-02   0.3829329872699775E-03   0.5615966009301244E-06   0.5195035338332937E-05   0.7763736631556143E-03
  0.5322499999999999E+02   0.9909761906653481E+00   0.7537906829558600E-03  -0.4522057497539866E-02   0.3786074260274216E-03   0.5557749782909727E-06   0.5171445850955710E-05   0.7675807480180217E-03
  0.5327500000000000E+02   0.9909969962716001E+00   0.7456136894329842E-03  -0.4511609048516663E-02   0.3744964261814897E-03   0.5502566860221467E-06   0.5146910421291645E-05   0.7592222915323959E-03
  0.5332500000000000E+02   0.9910186179648641E+00   0.7380184146426498E-03  -0.4500750695060174E-02   0.3706775344923344E-03   0.5451566600373063E-06   0.5121564435609439E-05   0.7514556088225416E-03
  0.5337500000000000E+02   0.9910409315581090E+00   0.7311357059244218E-03  -0.4489544803241152E-02   0.3672164878368433E-03   0.5405728788782747E-06   0.5095566046018753E-05   0.7444140708847671E-03
  0.5342500000000000E+02   0.9910637949211994E+00   0.7250704851927970E-03  -0.4478062753976442E-02   0.3641660008008494E-03   0.5365844958499923E-06   0.5069089847882224E-05   0.7382046433713841E-03
  0.5347499999999999E+02   0.9910870529070943E+00   0.7199003527023839E-03  -0.4466382467980146E-02   0.3615650642150361E-03   0.5332507146843438E-06   0.5042321034179036E-05   0.7329064633850682E-03
  0.5352500000000000E+02   0.9911105418897213E+00   0.7156749001568277E-03  -0.4454586125862026E-02   0.3594386002803218E-03   0.5306101858043299E-06   0.5015450126761489E-05   0.7285701410803100E-03
  0.5357500000000000E+02   0.9911340939293117E+00   0.7124154566543876E-03  -0.4442758075536402E-02   0.3577973353281283E-03   0.5286807213116744E-06   0.4988668232435524E-05   0.7252175039142798E-03
  0.5362500000000000E+02   0.9911575406862823E+00   0.7101150645956635E-03  -0.4430982866183042E-02   0.3566377882268986E-03   0.5274591799598244E-06   0.4962162661757650E-05   0.7228415762265177E-03
  0.5367500000000000E+02   0.9911807172707114E+00   0.7087385848916224E-03  -0.4419343314842616E-02   0.3559423237748552E-03   0.5269214482338105E-06   0.4936112687029349E-05   0.7214066908294870E-03
  0.5372500000000000E+02   0.9912034662367278E+00   0.7082229485611914E-03  -0.4407918500514696E-02   0.3556792795572056E-03   0.5270225307267458E-06   0.4910685205789431E-05   0.7208487491585661E-03
  0.5377500000000000E+02   0.9912256419067713E+00   0.7084776926568760E-03  -0.4396781592830634E-02   0.3558032354447109E-03   0.5276968531193755E-06   0.4886030118196700E-05   0.7210757695870824E-03
  0.5382500000000000E+02   0.9912471151377680E+00   0.7093860287258762E-03  -0.4385997458962509E-02   0.3562555503013009E-03   0.5288589640594921E-06   0.4862275320845307E-05   0.7219689758454521E-03
  0.5387500000000000E+02   0.9912677785200166E+00   0.7108067748973353E-03  -0.4375620053292950E-02   0.3569653321141969E-03   0.5304048854925462E-06   0.4839521362902936E-05   0.7233847620120985E-03
  0.5392500000000000E+02   0.9912875518358518E+00   0.7125775175879145E-03  -0.4365689676571916E-02   0.3578510253209516E-03   0.5322143889460085E-06   0.4817835993652764E-05   0.7251579063342919E-03
  0.5397499999999999E+02   0.9913063874144592E+00   0.7145193332287325E-03  -0.4356230287033136E-02   0.3588227812818638E-03   0.5341544507611776E-06   0.4797249033586785E-05   0.7271063702975859E-03
  0.5402500000000000E+02   0.9913242748305499E+00   0.7164432752809317E-03  -0.4347247140695787E-02   0.3597857150615303E-03   0.5360840475470963E-06   0.4777748190168905E-05   0.7290378924838170E-03
  0.5407500000000000E+02   0.9913412442506954E+00   0.7181586102451967E-03  -0.4338725110382136E-02   0.3606440404769253E-03   0.5378602884174624E-06   0.4759276567051160E-05   0.7307583617731998E-03
  0.5412500000000000E+02   0.9913573676828387E+00   0.7194824837187267E-03  -0.4330628057280794E-02   0.3613059234286251E-03   0.5393456536704866E-06   0.4741732628800957E-05   0.7320816468456620E-03
  0.5417500000000000E+02   0.9913727574779324E+00   0.7202503584222554E-03  -0.4322899582065887E-02   0.3616887232416671E-03   0.5404158533683494E-06   0.4724973238156109E-05   0.7328402139712939E-03
  0.5422499999999999E+02   0.9913875616904966E+00   0.7203262628988454E-03  -0.4315465353182391E-02   0.3617241394405883E-03   0.5409675878579339E-06   0.4708820064331300E-05   0.7328955562894707E-03
  0.5427500000000000E+02   0.9914019563087719E+00   0.7196117082470784E-03  -0.4308237007172089E-02   0.3613626902386365E-03   0.5409253505160643E-06   0.4693069200258724E-05   0.7321472726083768E-03
  0.5432500000000000E+02   0.9914161348479348E+00   0.7180521443540917E-03  -0.4301117373492258E-02   0.3605769559869222E-03   0.5402464171099123E-06   0.4677503306136253E-05   0.7305396471640789E-03
  0.5437500000000000E+02   0.9914302962559706E+00   0.7156400681106011E-03  -0.4294006547194584E-02   0.3593631417387471E-03   0.5389233412341676E-06   0.4661905134781544E-05   0.7280648260184015E-03
  0.5442500000000000E+02   0.9914446323965472E+00   0.7124143334101793E-03  -0.4286808174673751E-02   0.3577407326020218E-03   0.5369835998730892E-06   0.4646071011203259E-05   0.7247621299954493E-03
  0.5447499999999999E+02   0.9914593164613266E+00   0.7084557553890819E-03  -0.4279435273332299E-02   0.3557502880256159E-03   0.5344864400075848E-06   0.4629822814954034E-05   0.7207135959356044E-03
  0.5452500000000000E+02   0.9914744935012888E+00   0.7038796243117837E-03  -0.4271814987660494E-02   0.3534496838125863E-03   0.5315173726650442E-06   0.4613017259090668E-05   0.7160363704385497E-03
  0.5457500000000000E+02   0.9914902738985970E+00   0.6988261297183993E-03  -0.4263891868966696E-02   0.3509093041880719E-03   0.5281810555207071E-06   0.4595551708924001E-05   0.7108729729656524E-03
  0.5462500000000000E+02   0.9915067301254573E+00   0.6934498697947093E-03  -0.4255629504532621E-02   0.3482067739181187E-03   0.5245934427785972E-06   0.4577366321269819E-05   0.7053806235181369E-03
  0.5467500000000000E+02   0.9915238966691063E+00   0.6879095747411703E-03  -0.4247010556671982E-02   0.3454217973906077E-03   0.5208740527580483E-06   0.4558442785034370E-05   0.6997207839859846E-03
  0.5472500000000000E+02   0.9915417726368091E+00   0.6823589536160292E-03  -0.4238035455663702E-02   0.3426315615139401E-03   0.5171390437575360E-06   0.4538800310750334E-05   0.6940498397050687E-03
  0.5477500000000000E+02   0.9915603263420476E+00   0.6769392614737589E-03  -0.4228720097422256E-02   0.3399070023087972E-03   0.5134955566582686E-06   0.4518489705865183E-05   0.6885115298466509E-03
  0.5482500000000000E+02   0.9915795011157188E+00   0.6717738600122977E-03  -0.4219092925655699E-02   0.3373100725469842E-03   0.5100375402940873E-06   0.4497586391989932E-05   0.6832314058781684E-03
  0.5487500000000000E+02   0.9915992216513109E+00   0.6669647727868942E-03  -0.4209191745590646E-02   0.3348920110821583E-03   0.5068430702266596E-06   0.4476183113604003E-05   0.6783133200926822E-03
  0.5492500000000000E+02   0.9916194003312655E+00   0.6625910478810582E-03  -0.4199060546949296E-02   0.3326925199754231E-03   0.5039730283571534E-06   0.4454382912698776E-05   0.6738377543452432E-03
  0.5497500000000000E+02   0.9916399431443190E+00   0.6587086412085054E-03  -0.4188746532219678E-02   0.3307397053983072E-03   0.5014709337765573E-06   0.4432292753862938E-05   0.6698616973044200E-03
  0.5502500000000000E+02   0.9916607549535419E+00   0.6553515073277949E-03  -0.4178297470949999E-02   0.3290506250583934E-03   0.4993636935792863E-06   0.4410018017445040E-05   0.6664197514991381E-03
  0.5507500000000000E+02   0.9916817439906259E+00   0.6525336074437292E-03  -0.4167759442612051E-02   0.3276322963185509E-03   0.4976630579851489E-06   0.4387657954749433E-05   0.6635261744697870E-03
  0.5512500000000000E+02   0.9917028255267525E+00   0.6502515908282659E-03  -0.4157174992996393E-02   0.3264830425542770E-03   0.4963675980418729E-06   0.4365302122963061E-05   0.6611776056493626E-03
  0.5517499999999999E+02   0.9917239247078714E+00   0.6484879551649285E-03  -0.4146581710251729E-02   0.3255940800397232E-03   0.4954650604862018E-06   0.4343027781996183E-05   0.6593562807611504E-03
  0.5522500000000000E+02   0.9917449785527107E+00   0.6472145289444370E-03  -0.4136011221393621E-02   0.3249512665571048E-03   0.4949349820566234E-06   0.4320898227817672E-05   0.6580335738865499E-03
  0.5527499999999999E+02   0.9917659371083706E+00   0.6463961378558921E-03  -0.4125488611844474E-02   0.3245369423878901E-03   0.4947514591086554E-06   0.4298962042396589E-05   0.6571737266199831E-03
  0.5532500000000000E+02   0.9917867637538733E+00   0.6459943165910582E-03  -0.4115032272810071E-02   0.3243317940953298E-03   0.4948859672389605E-06   0.4277253245186131E-05   0.6567376233190399E-03
  0.5537500000000000E+02   0.9918074346470911E+00   0.6459709125127880E-03  -0.4104654178768818E-02   0.3243166640065529E-03   0.4953101134004780E-06   0.4255792324706214E-05   0.6566864563466649E-03
  0.5542499999999999E+02   0.9918279373315828E+00   0.6462914069321465E-03  -0.4094360586756718E-02   0.3244742179153245E-03   0.4959981862622990E-06   0.4234588105366356E-05   0.6569851042233555E-03
  0.5547500000000000E+02   0.9918482685584382E+00   0.6469277636905765E-03  -0.4084153129780721E-02   0.3247903754738023E-03   0.4969293572822185E-06   0.4213640364028590E-05   0.6576050293287871E-03
  0.5552499999999999E+02   0.9918684314303950E+00   0.6478606130102645E-03  -0.4074030250503680E-02   0.3252554068718681E-03   0.4980893825740623E-06   0.4192943058066508E-05   0.6585265000336306E-03
  0.5557500000000000E+02   0.9918884320330469E+00   0.6490805976592393E-03  -0.4063988892463954E-02   0.3258646089809654E-03   0.4994716692696892E-06   0.4172487971157335E-05   0.6597399615207337E-03
  0.5562500000000001E+02   0.9919082757703972E+00   0.6505887499336739E-03  -0.4054026339762484E-02   0.3266184949484114E-03   0.5010776010416518E-06   0.4152268535687564E-05   0.6612464216631790E-03
  0.5567500000000000E+02   0.9919279636594192E+00   0.6523958278585093E-03  -0.4044142077380131E-02   0.3275224612962700E-03   0.5029160628943204E-06   0.4132283561217218E-05   0.6630567791813458E-03
  0.5572499999999999E+02   0.9919474888540869E+00   0.6545206089828369E-03  -0.4034339536346576E-02   0.3285859317067904E-03   0.5050021589226519E-06   0.4112540592541848E-05   0.6651900924053082E-03
  0.5577499999999999E+02   0.9919668336622308E+00   0.6569872098620673E-03  -0.4024627591560082E-02   0.3298210116748967E-03   0.5073551705660175E-06   0.4093058638580732E-05   0.6676708578167794E-03
  0.5582500000000000E+02   0.9919859672927306E+00   0.6598215596362949E-03  -0.4015021693025700E-02   0.3312407184884922E-03   0.5099958498827139E-06   0.4073870049034833E-05   0.6705254288408291E-03
  0.5587500000000001E+02   0.9920048445341528E+00   0.6630472019549514E-03  -0.4005544529563476E-02   0.3328568740082872E-03   0.5129431785425258E-06   0.4055021360449545E-05   0.6737777519274361E-03
  0.5592500000000000E+02   0.9920234055281805E+00   0.6666806314715363E-03  -0.3996226142999992E-02   0.3346777637648059E-03   0.5162107489491377E-06   0.4036572977476804E-05   0.6774446294120754E-03
  0.5597499999999999E+02   0.9920415767689887E+00   0.6707263954110569E-03  -0.3987103427017691E-02   0.3367056780684515E-03   0.5198029438468280E-06   0.4018597592273888E-05   0.6815307432352491E-03
  0.5602500000000000E+02   0.9920592734346566E+00   0.6751722171414394E-03  -0.3978218957422786E-02   0.3389344640810509E-03   0.5237111125196498E-06   0.4001177274526107E-05   0.6860237003364479E-03
  0.5607500000000000E+02   0.9920764031331588E+00   0.6799844374974533E-03  -0.3969619112401124E-02   0.3413472372657421E-03   0.5279099732227552E-06   0.3984399193190538E-05   0.6908893998357856E-03
  0.5612500000000000E+02   0.9920928711104605E+00   0.6851041273157272E-03  -0.3961351458892759E-02   0.3439144295852353E-03   0.5323545179402416E-06   0.3968349972408608E-05   0.6960680806155941E-03
  0.5617499999999998E+02   0.9921085869030450E+00   0.6904442996046384E-03  -0.3953461413910841E-02   0.3465923894403267E-03   0.5369777558084168E-06   0.3953108756509460E-05   0.7014714839995286E-03
  0.5622499999999999E+02   0.9921234723016829E+00   0.6958887282362752E-03  -0.3945988247578636E-02   0.3493227877331440E-03   0.5416896950006904E-06   0.3938739181022732E-05   0.7069816459850052E-03
  0.5627500000000000E+02   0.9921374703124000E+00   0.7012929337296562E-03  -0.3938960585390894E-02   0.3520331114154461E-03   0.5463780075449076E-06   0.3925280629688459E-05   0.7124518882530915E-03
  0.5632500000000000E+02   0.9921505545540900E+00   0.7064878838316137E-03  -0.3932391690920634E-02   0.3546385194831026E-03   0.5509108147071268E-06   0.3912739397088360E-05   0.7177105645787228E-03
  0.5637500000000000E+02   0.9921627382444964E+00   0.7112868288519347E-03  -0.3926274954598075E-02   0.3570452723363994E-03   0.5551419340360857E-06   0.3901080642886929E-05   0.7225679901776778E-03
  0.5642500000000000E+02   0.9921740816542527E+00   0.7154954088481292E-03  -0.3920580150787445E-02   0.3591558035384576E-03   0.5589187106841911E-06   0.3890222256095910E-05   0.7268266949946920E-03
  0.5647499999999999E+02   0.9921846967400527E+00   0.7189247214363468E-03  -0.3915251110118145E-02   0.3608752780511774E-03   0.5620922060002652E-06   0.3880031858676764E-05   0.7302946872376323E-03
  0.5652500000000000E+02   0.9921947477046444E+00   0.7214064677521499E-03  -0.3910205435797454E-02   0.3621191943181042E-03   0.5645290676999416E-06   0.3870328072200174E-05   0.7328008334923529E-03
  0.5657500000000000E+02   0.9922044465546023E+00   0.7228087077832634E-03  -0.3905336730542941E-02   0.3628212932146460E-03   0.5661239417525539E-06   0.3860886782107700E-05   0.7342108658080743E-03
  0.5662500000000000E+02   0.9922140433533065E+00   0.7230503161183848E-03  -0.3900519486460974E-02   0.3629408157835883E-03   0.5668109326934310E-06   0.3851452464510948E-05   0.7344420778033471E-03
  0.5667500000000000E+02   0.9922238117127016E+00   0.7221121052826318E-03  -0.3895616365525045E-02   0.3624680892618248E-03   0.5665725109449564E-06   0.3841753793085580E-05   0.7334746441340399E-03
  0.5672499999999999E+02   0.9922340309482672E+00   0.7200428878854563E-03  -0.3890487156076761E-02   0.3614275732744042E-03   0.5654444928510332E-06   0.3831521913872789E-05   0.7313578044642881E-03
  0.5677500000000000E+02   0.9922449669980707E+00   0.7169594713915197E-03  -0.3884998351021074E-02   0.3598778605907238E-03   0.5635162772039524E-06   0.3820509197788912E-05   0.7282098855248383E-03
  0.5682500000000000E+02   0.9922568544707857E+00   0.7130405688789114E-03  -0.3879032160567064E-02   0.3579086235005586E-03   0.5609262948513676E-06   0.3808506140665994E-05   0.7242121395691787E-03
  0.5687500000000000E+02   0.9922698819483177E+00   0.7085156131794434E-03  -0.3872493892186690E-02   0.3556350009587823E-03   0.5578534185960127E-06   0.3795354437623329E-05   0.7195973982776252E-03
  0.5692499999999999E+02   0.9922841819938915E+00   0.7036502177713611E-03  -0.3865316968995169E-02   0.3531903013507762E-03   0.5545056821938831E-06   0.3780955014100018E-05   0.7146353109489517E-03
  0.5697500000000000E+02   0.9922998264053606E+00   0.6987303603864071E-03  -0.3857465315068365E-02   0.3507180629564259E-03   0.5511079296817783E-06   0.3765270732784842E-05   0.7096162759087068E-03
  0.5702499999999999E+02   0.9923168263557571E+00   0.6940472420262493E-03  -0.3848933286949241E-02   0.3483644525505363E-03   0.5478899308169300E-06   0.3748324364301988E-05   0.7048360507552177E-03
  0.5707500000000000E+02   0.9923351363866399E+00   0.6898842967760623E-03  -0.3839743670347007E-02   0.3462717431219035E-03   0.5450761322938239E-06   0.3730193017577909E-05   0.7005825433108782E-03
  0.5712500000000001E+02   0.9923546608711173E+00   0.6865071735341272E-03  -0.3829944436259947E-02   0.3445732832963081E-03   0.5428777051860136E-06   0.3711000489948091E-05   0.6971256207196705E-03
  0.5717499999999999E+02   0.9923752615390498E+00   0.6841568586107035E-03  -0.3819604963151368E-02   0.3433900436202605E-03   0.5414870372949836E-06   0.3690908942436934E-05   0.6947101111352154E-03
  0.5722500000000000E+02   0.9923967648761686E+00   0.6830455855562123E-03  -0.3808812321855704E-02   0.3428285624309773E-03   0.5410744058412782E-06   0.3670111027227080E-05   0.6935516407138927E-03
  0.5727499999999999E+02   0.9924189685619823E+00   0.6833548424162200E-03  -0.3797668042668567E-02   0.3429799451852161E-03   0.5417862972499826E-06   0.3648823207166163E-05   0.6938346062505256E-03
  0.5732500000000000E+02   0.9924416465002400E+00   0.6852346337133160E-03  -0.3786285588850857E-02   0.3439194942815813E-03   0.5437447154814911E-06   0.3627280607617619E-05   0.6957114277593543E-03
  0.5737500000000001E+02   0.9924645523551245E+00   0.6888031468869996E-03  -0.3774788580344191E-02   0.3457065425524772E-03   0.5470468095867305E-06   0.3605733388902553E-05   0.6993022171359040E-03
  0.5742499999999999E+02   0.9924874218067564E+00   0.6941460636701129E-03  -0.3763309660679170E-02   0.3483841091185293E-03   0.5517642185457050E-06   0.3584444346514030E-05   0.7046940909312815E-03
  0.5747499999999999E+02   0.9925099739783247E+00   0.7013149079592514E-03  -0.3751989780211407E-02   0.3519780721090373E-03   0.5579416474138216E-06   0.3563687234335181E-05   0.7119395085314504E-03
  0.5752500000000001E+02   0.9925319126747073E+00   0.7103240128320720E-03  -0.3740977574679727E-02   0.3564956486430807E-03   0.5655943375651430E-06   0.3543745150383133E-05   0.7210532108911547E-03
  0.5757500000000000E+02   0.9925529282191655E+00   0.7211459185868304E-03  -0.3730428444446265E-02   0.3619230874736287E-03   0.5747042741322256E-06   0.3524908214290647E-05   0.7320075673836294E-03
  0.5762500000000001E+02   0.9925727007795866E+00   0.7337052926273161E-03  -0.3720502887124444E-02   0.3682226196331075E-03   0.5852151950986590E-06   0.3507469702215495E-05   0.7447264209912243E-03
  0.5767500000000000E+02   0.9925909061184597E+00   0.7478718063984929E-03  -0.3711363614824825E-02   0.3753288851672489E-03   0.5970267417873218E-06   0.3491719808321096E-05   0.7590778709242471E-03
  0.5772499999999999E+02   0.9926072246376966E+00   0.7634528205751831E-03  -0.3703171018802798E-02   0.3831452627204896E-03   0.6099884251177459E-06   0.3477936313383285E-05   0.7748668532019934E-03
  0.5777500000000000E+02   0.9926213543567863E+00   0.7801871963404091E-03  -0.3696076660863912E-02   0.3915407628455348E-03   0.6238944597518572E-06   0.3466371717226759E-05   0.7918288527333379E-03
  0.5782500000000000E+02   0.9926330279911673E+00   0.7977420006076448E-03  -0.3690214707300021E-02   0.4003483717533101E-03   0.6384808857165089E-06   0.3457236889178961E-05   0.8096265371660209E-03
  0.5787499999999999E+02   0.9926420335423373E+00   0.8157141795447693E-03  -0.3685691599901730E-02   0.4093658861803659E-03   0.6534266526245606E-06   0.3450682036021541E-05   0.8278514149850651E-03
  0.5792500000000000E+02   0.9926482367977048E+00   0.8336392567727673E-03  -0.3682574766946334E-02   0.4183602713652060E-03   0.6683603392211563E-06   0.3446776734169533E-05   0.8460326048356158E-03
  0.5797499999999999E+02   0.9926516030120239E+00   0.8510085755708211E-03  -0.3680881742102460E-02   0.4270763051595569E-03   0.6828737623044029E-06   0.3445491762406834E-05   0.8636542624473523E-03
  0.5802500000000000E+02   0.9926522140939331E+00   0.8672954239093004E-03  -0.3680571535304877E-02   0.4352496795359006E-03   0.6965427904690020E-06   0.3446686216725775E-05   0.8801820189118756E-03
  0.5807500000000001E+02   0.9926502772483887E+00   0.8819886141134661E-03  -0.3681540287315377E-02   0.4426238445726537E-03   0.7089542606090393E-06   0.3450103524415077E-05   0.8950969955913017E-03
  0.5812499999999999E+02   0.9926461216061129E+00   0.8946300604999373E-03  -0.3683622949440801E-02   0.4489688622545538E-03   0.7197362556970003E-06   0.3455379186595763E-05   0.9079339042295865E-03
  0.5817500000000000E+02   0.9926401810655371E+00   0.9048511874259408E-03  -0.3686601880685814E-02   0.4540996784415318E-03   0.7285876050300870E-06   0.3462061286084984E-05   0.9183180015073065E-03
  0.5822500000000000E+02   0.9926329641495023E+00   0.9124022712362766E-03  -0.3690221962296958E-02   0.4578908545057704E-03   0.7353018504337740E-06   0.3469642297587727E-05   0.9259949191764748E-03
  0.5827500000000000E+02   0.9926250144861527E+00   0.9171695320893874E-03  -0.3694210421028576E-02   0.4602851562656149E-03   0.7397814616535009E-06   0.3477598195417833E-05   0.9308481023902764E-03
  0.5832500000000000E+02   0.9926168676872150E+00   0.9191769287648713E-03  -0.3698298465870220E-02   0.4612944690094878E-03   0.7420397785346893E-06   0.3485429086161068E-05   0.9329007468478966E-03
  0.5837499999999999E+02   0.9926090111875078E+00   0.9185726044826122E-03  -0.3702241444826559E-02   0.4609930096674723E-03   0.7421905593181977E-06   0.3492695214868096E-05   0.9323021588760913E-03
  0.5842500000000000E+02   0.9926018527804162E+00   0.9156028757528447E-03  -0.3705834642898198E-02   0.4595042847734961E-03   0.7404273949826716E-06   0.3499043325053177E-05   0.9293014515241721E-03
  0.5847500000000000E+02   0.9925957014786343E+00   0.9105786909120151E-03  -0.3708922897904920E-02   0.4569842648599288E-03   0.7369969137653814E-06   0.3504220570084219E-05   0.9242135620707281E-03
  0.5852500000000000E+02   0.9925907616942091E+00   0.9038401543240456E-03  -0.3711403532882018E-02   0.4536035831028788E-03   0.7321702714923066E-06   0.3508075722289001E-05   0.9173832659421521E-03
  0.5857500000000000E+02   0.9925871393618417E+00   0.8957240850339912E-03  -0.3713223293519419E-02   0.4495312524347011E-03   0.7262169477009410E-06   0.3510549569808569E-05   0.9091522348608045E-03
  0.5862500000000000E+02   0.9925848570571408E+00   0.8865381131484250E-03  -0.3714370768891917E-02   0.4449216605847353E-03   0.7193837070460627E-06   0.3511657685894701E-05   0.8998327054849300E-03
  0.5867499999999999E+02   0.9925838745347524E+00   0.8765430928066322E-03  -0.3714866089124969E-02   0.4399057373092578E-03   0.7118802047737223E-06   0.3511469132412304E-05   0.8896895763164861E-03
  0.5872500000000000E+02   0.9925841112627592E+00   0.8659440905462109E-03  -0.3714749618303315E-02   0.4345864250296040E-03   0.7038714890644295E-06   0.3510084331339400E-05   0.8789312063613858E-03
  0.5877500000000001E+02   0.9925854681451461E+00   0.8548891281076679E-03  -0.3714071052497769E-02   0.4290380418253980E-03   0.6954767754634628E-06   0.3507614628330393E-05   0.8677080900065101E-03
  0.5882500000000000E+02   0.9925878464004964E+00   0.8434742428837163E-03  -0.3712879943311598E-02   0.4233088162555604E-03   0.6867733619925349E-06   0.3504165268157500E-05   0.8561179542130990E-03
  0.5887499999999999E+02   0.9925911623008109E+00   0.8317531728901669E-03  -0.3711218298096508E-02   0.4174257445061914E-03   0.6778043361644723E-06   0.3499822780072842E-05   0.8442155612720322E-03
  0.5892499999999999E+02   0.9925953570857368E+00   0.8197499366121992E-03  -0.3709115601051582E-02   0.4114009018092871E-03   0.6685886855959809E-06   0.3494647194117568E-05   0.8320254614700205E-03
  0.5897499999999999E+02   0.9926004018577673E+00   0.8074726511292915E-03  -0.3706586353242391E-02   0.4052383766011657E-03   0.6591324737460485E-06   0.3488669061370166E-05   0.8195560130591427E-03
  0.5902500000000001E+02   0.9926062976747511E+00   0.7949270605791121E-03  -0.3703630023314419E-02   0.3989410603783060E-03   0.6494398381160506E-06   0.3481890886733938E-05   0.8068131168642288E-03
  0.5907500000000000E+02   0.9926130714237756E+00   0.7821284283981140E-03  -0.3700233116021301E-02   0.3925166171845519E-03   0.6395227080121466E-06   0.3474292267134153E-05   0.7938122965500824E-03
  0.5912499999999999E+02   0.9926207683903573E+00   0.7691107041074643E-03  -0.3696372900044209E-02   0.3859820857754953E-03   0.6294083420506764E-06   0.3465837757772095E-05   0.7805880164905982E-03
  0.5917500000000000E+02   0.9926294426983443E+00   0.7559322268902202E-03  -0.3692022205246670E-02   0.3793667438874748E-03   0.6191440674162335E-06   0.3456486293519419E-05   0.7671994858306930E-03
  0.5922499999999999E+02   0.9926391469381979E+00   0.7426776624322888E-03  -0.3687154628005729E-02   0.3727130819812900E-03   0.6087989547869798E-06   0.3446200916181375E-05   0.7537326382309578E-03
  0.5927500000000001E+02   0.9926499222798922E+00   0.7294563371874130E-03  -0.3681749493914421E-02   0.3660759686058553E-03   0.5984625449693342E-06   0.3434957635685636E-05   0.7402984519669179E-03
  0.5932500000000001E+02   0.9926617901690357E+00   0.7163975592990821E-03  -0.3675796026271438E-02   0.3595203029504904E-03   0.5882410933902780E-06   0.3422752486523780E-05   0.7270282072684820E-03
  0.5937499999999999E+02   0.9926747463628797E+00   0.7036438202076621E-03  -0.3669296340355954E-02   0.3531176032330895E-03   0.5782520525319086E-06   0.3409606191489374E-05   0.7140665880631245E-03
  0.5942500000000000E+02   0.9926887576465618E+00   0.6913429037192138E-03  -0.3662267092455540E-02   0.3469420462987560E-03   0.5686176267045186E-06   0.3395566242820865E-05   0.7015636708815041E-03
  0.5947499999999999E+02   0.9927037611653944E+00   0.6796398813711067E-03  -0.3654739815701413E-02   0.3410664498195087E-03   0.5594581998986953E-06   0.3380706576401614E-05   0.6896667956398206E-03
  0.5952500000000000E+02   0.9927196659918233E+00   0.6686697790104759E-03  -0.3646760134041971E-02   0.3355585911982550E-03   0.5508862831612863E-06   0.3365125282758437E-05   0.6785131164583312E-03
  0.5957500000000000E+02   0.9927363563607904E+00   0.6585514227661958E-03  -0.3638386138558047E-02   0.3304781183881380E-03   0.5430014040772481E-06   0.3348940935638413E-05   0.6682233497212918E-03
  0.5962499999999999E+02   0.9927536959621457E+00   0.6493826829444328E-03  -0.3629686233017404E-02   0.3258741624332966E-03   0.5358861246424752E-06   0.3332288126434921E-05   0.6588969422672735E-03
  0.5967500000000000E+02   0.9927715327497958E+00   0.6412370894388967E-03  -0.3620736719944673E-02   0.3217836385554435E-03   0.5296031726164520E-06   0.3315312699189473E-05   0.6506086335370645E-03
  0.5972500000000000E+02   0.9927897038731613E+00   0.6341616270028072E-03  -0.3611619325283866E-02   0.3182301396235558E-03   0.5241935346005854E-06   0.3298167028254798E-05   0.6434062173227933E-03
  0.5977500000000000E+02   0.9928080405123512E+00   0.6281754445881558E-03  -0.3602418771466054E-02   0.3152232885860837E-03   0.5196752966040685E-06   0.3281005511260222E-05   0.6373092331124023E-03
  0.5982500000000000E+02   0.9928263725655903E+00   0.6232692231766259E-03  -0.3593220424800370E-02   0.3127584215366066E-03   0.5160430247881107E-06   0.3263980298213422E-05   0.6323083270968901E-03
  0.5987499999999999E+02   0.9928445332675143E+00   0.6194050236688454E-03  -0.3584107977789075E-02   0.3108165117739001E-03   0.5132675415545094E-06   0.3247237166955972E-05   0.6283651010052223E-03
  0.5992500000000000E+02   0.9928623638915496E+00   0.6165165583643374E-03  -0.3575161089496071E-02   0.3093643064129352E-03   0.5112960522954625E-06   0.3230911399700362E-05   0.6254123906080769E-03
  0.5997500000000000E+02   0.9928797186979277E+00   0.6145099725758119E-03  -0.3566452902874051E-02   0.3083547188701353E-03   0.5100526965179266E-06   0.3215123521698232E-05   0.6233550608436205E-03
  0.6002500000000000E+02   0.9928964702259160E+00   0.6132653616440726E-03  -0.3558047389520147E-02   0.3077275901709273E-03   0.5094397127967361E-06   0.3199974832617864E-05   0.6220715453602852E-03
  0.6007500000000000E+02   0.9929125148958331E+00   0.6126393549237687E-03  -0.3549996539040090E-02   0.3074109853961034E-03   0.5093394966812769E-06   0.3185542789471458E-05   0.6214164663178981E-03
  0.6012500000000000E+02   0.9929277786941931E+00   0.6124691409494047E-03  -0.3542337506630244E-02   0.3073232130188371E-03   0.5096178680603836E-06   0.3171876473841172E-05   0.6212247138601893E-03
  0.6017500000000000E+02   0.9929422224893174E+00   0.6125782556438352E-03  -0.3535089945884695E-02   0.3073757286699477E-03   0.5101288230555503E-06   0.3158992569902618E-05   0.6213173119997143E-03
  0.6022500000000000E+02   0.9929558463090369E+00   0.6127842847858598E-03  -0.3528253862086661E-02   0.3074769993032243E-03   0.5107209051694196E-06   0.3146872452092409E-05   0.6215092250589754E-03
  0.6027500000000001E+02   0.9929686917680696E+00   0.6129083404277562E-03  -0.3521808393563308E-02   0.3075372575087057E-03   0.5112450881742959E-06   0.3135461078051026E-05   0.6216189635803628E-03
  0.6032499999999999E+02   0.9929808418282032E+00   0.6127857902097373E-03  -0.3515711930994314E-02   0.3074738847098121E-03   0.5115637446516725E-06   0.3124668347411127E-05   0.6214794627274982E-03
  0.6037500000000000E+02   0.9929924172625287E+00   0.6122773213316408E-03  -0.3509903890264066E-02   0.3072169626782800E-03   0.5115599393454064E-06   0.3114373381200461E-05   0.6209493033149877E-03
  0.6042499999999999E+02   0.9930035695863738E+00   0.6112791128612416E-03  -0.3504308258142186E-02   0.3067143781588939E-03   0.5111460236961081E-06   0.3104431801708932E-05   0.6199230326830713E-03
  0.6047500000000000E+02   0.9930144707596732E+00   0.6097307815396996E-03  -0.3498838758130951E-02   0.3059358108423251E-03   0.5102704101472382E-06   0.3094685606282382E-05   0.6183392317441990E-03
  0.6052500000000001E+02   0.9930253005418953E+00   0.6076199310155427E-03  -0.3493405194590959E-02   0.3048750174775283E-03   0.5089215352288336E-06   0.3084974740401127E-05   0.6161851406429669E-03
  0.6057499999999999E+02   0.9930362328403086E+00   0.6049825712338049E-03  -0.3487920302549519E-02   0.3035500439781336E-03   0.5071283799260870E-06   0.3075149117988652E-05   0.6134970976125071E-03
  0.6062499999999999E+02   0.9930474226014495E+00   0.6018992938322354E-03  -0.3482306325552686E-02   0.3020013079812259E-03   0.5049574311200011E-06   0.3065079718215618E-05   0.6103566731077443E-03
  0.6067500000000000E+02   0.9930589946902363E+00   0.5984877365699815E-03  -0.3476500596694132E-02   0.3002878190671577E-03   0.5025065106948762E-06   0.3054667548244838E-05   0.6068830378271909E-03
  0.6072499999999999E+02   0.9930710358142216E+00   0.5948923801987335E-03  -0.3470459592008979E-02   0.2984820600276322E-03   0.4998963309019329E-06   0.3043849654315879E-05   0.6032226215550753E-03
  0.6077500000000001E+02   0.9930835899983561E+00   0.5912729787059444E-03  -0.3464161202421767E-02   0.2966641819020655E-03   0.4972608571266242E-06   0.3032601875212298E-05   0.5995373818880866E-03
  0.6082500000000000E+02   0.9930966575514301E+00   0.5877928976107798E-03  -0.3457605253561202E-02   0.2949161524434384E-03   0.4947375445011762E-06   0.3020938524978467E-05   0.5959929761952486E-03
  0.6087499999999999E+02   0.9931101970233591E+00   0.5846083783099490E-03  -0.3450812524614322E-02   0.2933163689546376E-03   0.4924583057481260E-06   0.3008909553533926E-05   0.5927478704356606E-03
  0.6092500000000000E+02   0.9931241294090930E+00   0.5818593648881287E-03  -0.3443822639601857E-02   0.2919350549957521E-03   0.4905417515976429E-06   0.2996595908484045E-05   0.5899440316557570E-03
  0.6097499999999999E+02   0.9931383438189479E+00   0.5796621379136367E-03  -0.3436691222597377E-02   0.2908305638027021E-03   0.4890869179248012E-06   0.2984103813163187E-05   0.5876994533582916E-03
  0.6102500000000001E+02   0.9931527039630513E+00   0.5781036869458169E-03  -0.3429486644294211E-02   0.2900465542569563E-03   0.4881684308652359E-06   0.2971558532152588E-05   0.5861024452852825E-03
  0.6107500000000000E+02   0.9931670550200091E+00   0.5772375687104043E-03  -0.3422286575748057E-02   0.2896099124708547E-03   0.4878329045156577E-06   0.2959097981966436E-05   0.5852074312465997E-03
  0.6112499999999999E+02   0.9931812307057725E+00   0.5770809516560616E-03  -0.3415174441748769E-02   0.2895292687869301E-03   0.4880963252027043E-06   0.2946866324429831E-05   0.5850319512173241E-03
  0.6117500000000000E+02   0.9931950605691777E+00   0.5776126232525761E-03  -0.3408235760630540E-02   0.2897939978931235E-03   0.4889422385975893E-06   0.2935007502908280E-05   0.5855546402142371E-03
  0.6122500000000001E+02   0.9932083776730868E+00   0.5787719020132509E-03  -0.3401554290818343E-02   0.2903736728193448E-03   0.4903206949750422E-06   0.2923658580473451E-05   0.5867141241130371E-03
  0.6127499999999999E+02   0.9932210268460080E+00   0.5804586117917629E-03  -0.3395207891331853E-02   0.2912180517231903E-03   0.4921480903492332E-06   0.2912942734461055E-05   0.5884089910177229E-03
  0.6132500000000000E+02   0.9932328735920045E+00   0.5825344947739581E-03  -0.3389264052098384E-02   0.2922577861956779E-03   0.4943082278383612E-06   0.2902961862745612E-05   0.5904992187836958E-03
  0.6137500000000000E+02   0.9932438135238513E+00   0.5848266069480032E-03  -0.3383775161669988E-02   0.2934061238280930E-03   0.4966550678976423E-06   0.2893788960061904E-05   0.5928096093041576E-03
  0.6142500000000000E+02   0.9932537818542543E+00   0.5871332930391878E-03  -0.3378773745526753E-02   0.2945619045491169E-03   0.4990176844171638E-06   0.2885460705868709E-05   0.5951358347150622E-03
  0.6147500000000000E+02   0.9932627620932583E+00   0.5892332142847519E-03  -0.3374268102138811E-02   0.2956140883311747E-03   0.5012078420176581E-06   0.2877971019600309E-05   0.5972535762246222E-03
  0.6152499999999998E+02   0.9932707927475010E+00   0.5908975585541588E-03  -0.3370238940836101E-02   0.2964478794643785E-03   0.5030303199589724E-06   0.2871266603999390E-05   0.5989308886645870E-03
  0.6157500000000000E+02   0.9932779706238282E+00   0.5919050029033078E-03  -0.3366637722549304E-02   0.2969522320378277E-03   0.5042956323399078E-06   0.2865245607681263E-05   0.5999433576121129E-03
  0.6162500000000000E+02   0.9932844494368730E+00   0.5920583046868326E-03  -0.3363387355948766E-02   0.2970281731453339E-03   0.5048342002169182E-06   0.2859760391645573E-05   0.6000909127982208E-03
  0.6167500000000000E+02   0.9932904328923622E+00   0.5912007343580890E-03  -0.3360385664822774E-02   0.2965970476461835E-03   0.5045104591544202E-06   0.2854624925409240E-05   0.5992144889606566E-03
  0.6172500000000000E+02   0.9932961622451325E+00   0.5892301500870918E-03  -0.3357511627677834E-02   0.2956075809337607E-03   0.5032350227981033E-06   0.2849626604302223E-05   0.5972103052324927E-03
  0.6177500000000000E+02   0.9933018993547942E+00   0.5861085494939515E-03  -0.3354633876867963E-02   0.2940406735516492E-03   0.5009730405111329E-06   0.2844541422106872E-05   0.5940395677321413E-03
  0.6182500000000000E+02   0.9933079072108593E+00   0.5818655010233288E-03  -0.3351620468399763E-02   0.2919111258159026E-03   0.4977473599325127E-06   0.2839150689172760E-05   0.5897319729069786E-03
  0.6187500000000000E+02   0.9933144304779831E+00   0.5765948626022880E-03  -0.3348348642917887E-02   0.2892659947019466E-03   0.4936359567233879E-06   0.2833257094612945E-05   0.5843824066854017E-03
  0.6192500000000000E+02   0.9933216786243148E+00   0.5704453775479756E-03  -0.3344713291883683E-02   0.2861798784171995E-03   0.4887641035396234E-06   0.2826698012825038E-05   0.5781414329009310E-03
  0.6197500000000000E+02   0.9933298136331183E+00   0.5636067643133253E-03  -0.3340633125080483E-02   0.2827479392886988E-03   0.4832926341581259E-06   0.2819354525279361E-05   0.5712012063348162E-03
  0.6202500000000000E+02   0.9933389433437533E+00   0.5562935152723964E-03  -0.3336054014113299E-02   0.2790777761716454E-03   0.4774041818083899E-06   0.2811155487854310E-05   0.5637790545581073E-03
  0.6207499999999999E+02   0.9933491204163141E+00   0.5487286798797295E-03  -0.3330949514282588E-02   0.2752812880124609E-03   0.4712893351126441E-06   0.2802076864625225E-05   0.5561010358029110E-03
  0.6212500000000000E+02   0.9933603460454511E+00   0.5411295008909471E-03  -0.3325319003218419E-02   0.2714674663701498E-03   0.4651343183889986E-06   0.2792137241516768E-05   0.5483873693833138E-03
  0.6217500000000000E+02   0.9933725770343488E+00   0.5336960938026859E-03  -0.3319184133005915E-02   0.2677367143554548E-03   0.4591112298001303E-06   0.2781390801992098E-05   0.5408409479792155E-03
  0.6222500000000000E+02   0.9933857347095862E+00   0.5266036327104378E-03  -0.3312584358047710E-02   0.2641769247037497E-03   0.4533712514610244E-06   0.2769919087767979E-05   0.5336394039744556E-03
  0.6227499999999999E+02   0.9933997143309363E+00   0.5199979030909938E-03  -0.3305572214067909E-02   0.2608612472360876E-03   0.4480407286955670E-06   0.2757822664687621E-05   0.5269305903750727E-03
  0.6232500000000000E+02   0.9934143939956132E+00   0.5139936897916762E-03  -0.3298208850394113E-02   0.2578472790737291E-03   0.4432196764251124E-06   0.2745213486090238E-05   0.5208309383581280E-03
  0.6237499999999999E+02   0.9934296424274777E+00   0.5086752927718354E-03  -0.3290560121484765E-02   0.2551773227079276E-03   0.4389821158906608E-06   0.2732208400369232E-05   0.5154259745829846E-03
  0.6242500000000000E+02   0.9934453253886386E+00   0.5040984591022393E-03  -0.3282693369575984E-02   0.2528793549328604E-03   0.4353776373900367E-06   0.2718923957048480E-05   0.5107722767593996E-03
  0.6247500000000001E+02   0.9934613107084953E+00   0.5002931239759200E-03  -0.3274674901036723E-02   0.2509684019146632E-03   0.4324336708289816E-06   0.2705472458684052E-05   0.5069002513475947E-03
  0.6252499999999999E+02   0.9934774720842046E+00   0.4972665070016474E-03  -0.3266568079230314E-02   0.2494480926777899E-03   0.4301580753194004E-06   0.2691959086427559E-05   0.5038172727883330E-03
  0.6257500000000000E+02   0.9934936918792659E+00   0.4950062691967348E-03  -0.3258431920171168E-02   0.2483122431375761E-03   0.4285417943483483E-06   0.2678479880564156E-05   0.5015108850170291E-03
  0.6262499999999999E+02   0.9935098631550835E+00   0.4934835743043547E-03  -0.3250320073139079E-02   0.2475463921596470E-03   0.4275614411941960E-06   0.2665120362944705E-05   0.4999519062151416E-03
  0.6267500000000000E+02   0.9935258911365283E+00   0.4926560026115436E-03  -0.3242280085375304E-02   0.2471292635956414E-03   0.4271817690965735E-06   0.2651954625827880E-05   0.4990973838583368E-03
  0.6272500000000001E+02   0.9935416942561444E+00   0.4924703328705936E-03  -0.3234352878259794E-02   0.2470341620884761E-03   0.4273580389474617E-06   0.2639044764566923E-05   0.4988934155972805E-03
  0.6277499999999999E+02   0.9935572048580282E+00   0.4928652401205372E-03  -0.3226572394276372E-02   0.2472303266071271E-03   0.4280383253468437E-06   0.2626440587218375E-05   0.4992778842624396E-03
  0.6282500000000000E+02   0.9935723695832186E+00   0.4937739589529259E-03  -0.3218965403778085E-02   0.2476842665615848E-03   0.4291658036739370E-06   0.2614179583339120E-05   0.5001831571684420E-03
  0.6287500000000001E+02   0.9935871494123634E+00   0.4951269395989089E-03  -0.3211551483667807E-02   0.2483610942401468E-03   0.4306810418360326E-06   0.2602287170400512E-05   0.5015387775266814E-03
  0.6292500000000000E+02   0.9936015193147121E+00   0.4968544860616638E-03  -0.3204343193533243E-02   0.2492258481811036E-03   0.4325242873088200E-06   0.2590777255163485E-05   0.5032741371911164E-03
  0.6297499999999999E+02   0.9936154674486044E+00   0.4988893205321671E-03  -0.3197346476719098E-02   0.2502447795302319E-03   0.4346377008381779E-06   0.2579653147017941E-05   0.5053210744328223E-03
  0.6302499999999999E+02   0.9936289938778415E+00   0.5011689763703412E-03  -0.3190561304197814E-02   0.2513865523916271E-03   0.4369674512859953E-06   0.2568908841531667E-05   0.5076162979532182E-03
  0.6307500000000000E+02   0.9936421088071333E+00   0.5036378924729176E-03  -0.3183982559639031E-02   0.2526232943999869E-03   0.4394655598516977E-06   0.2558530658983032E-05   0.5101035084906386E-03
  0.6312500000000000E+02   0.9936548303909747E+00   0.5062490723452358E-03  -0.3177601138424802E-02   0.2539314289703960E-03   0.4420913728895270E-06   0.2548499181056848E-05   0.5127350797098500E-03
  0.6317500000000000E+02   0.9936671822238726E+00   0.5089651854349122E-03  -0.3171405206494837E-02   0.2552922278179356E-03   0.4448125542194460E-06   0.2538791387529466E-05   0.5154731744325314E-03
  0.6322499999999999E+02   0.9936791906650057E+00   0.5117590252717125E-03  -0.3165381542249324E-02   0.2566920408841131E-03   0.4476055194892757E-06   0.2529382862249549E-05   0.5182902096665835E-03
  0.6327500000000000E+02   0.9936908821778532E+00   0.5146132928778428E-03  -0.3159516870970491E-02   0.2581221878461933E-03   0.4504552818593654E-06   0.2520249920988398E-05   0.5211686384479338E-03
  0.6332500000000000E+02   0.9937022808694991E+00   0.5175197353903120E-03  -0.3153799099123722E-02   0.2595785262172920E-03   0.4533547319543394E-06   0.2511371516340773E-05   0.5241000787338456E-03
  0.6337500000000000E+02   0.9937134063944955E+00   0.5204777281616365E-03  -0.3148218365836675E-02   0.2610607402980234E-03   0.4563034263226962E-06   0.2502730796379287E-05   0.5270838786396343E-03
  0.6342500000000000E+02   0.9937242723485410E+00   0.5234924342600144E-03  -0.3142767848730244E-02   0.2625714181409361E-03   0.4593059991921871E-06   0.2494316229935436E-05   0.5301252535525226E-03
  0.6347499999999999E+02   0.9937348852253991E+00   0.5265727019897182E-03  -0.3137444287262481E-02   0.2641149970836395E-03   0.4623703364990650E-06   0.2486122255480752E-05   0.5332331577166163E-03
  0.6352500000000000E+02   0.9937452439554644E+00   0.5297288667221963E-03  -0.3132248214347988E-02   0.2656966612538688E-03   0.4655056570465855E-06   0.2478149455223861E-05   0.5364180586531066E-03
  0.6357499999999999E+02   0.9937553399944851E+00   0.5329706098844958E-03  -0.3127183912037257E-02   0.2673212677099759E-03   0.4687206347507743E-06   0.2470404294707789E-05   0.5396897691928616E-03
  0.6362500000000000E+02   0.9937651578922023E+00   0.5363050001628201E-03  -0.3122259126479343E-02   0.2689923639446896E-03   0.4720216723232646E-06   0.2462898496549788E-05   0.5430554637782936E-03
  0.6367500000000000E+02   0.9937746762462472E+00   0.5397348059347589E-03  -0.3117484589644559E-02   0.2707113414024436E-03   0.4754114056860349E-06   0.2455648133047734E-05   0.5465179692018524E-03
  0.6372499999999999E+02   0.9937838689369951E+00   0.5432571296565992E-03  -0.3112873400115235E-02   0.2724767504569469E-03   0.4788874851544131E-06   0.2448672526397156E-05   0.5500743811786167E-03
  0.6377500000000000E+02   0.9937927065426825E+00   0.5468623794115502E-03  -0.3108440313452698E-02   0.2742837844787753E-03   0.4824416483670482E-06   0.2441993038981153E-05   0.5537150221748477E-03
  0.6382500000000000E+02   0.9938011578482290E+00   0.5505335637137048E-03  -0.3104200985553640E-02   0.2761239260201391E-03   0.4860590743208225E-06   0.2435631822109161E-05   0.5574227264245848E-03
  0.6387500000000000E+02   0.9938091913826957E+00   0.5542458753132397E-03  -0.3100171201634527E-02   0.2779847379356619E-03   0.4897179898080436E-06   0.2429610572498857E-05   0.5611724174464238E-03
  0.6392500000000000E+02   0.9938167769458608E+00   0.5579665195082952E-03  -0.3096366110666326E-02   0.2798497771200998E-03   0.4933894903053138E-06   0.2423949324449737E-05   0.5649309329887947E-03
  0.6397500000000000E+02   0.9938238871106772E+00   0.5616547429466267E-03  -0.3092799471895002E-02   0.2816986087817872E-03   0.4970375375369403E-06   0.2418665284738060E-05   0.5686570528018820E-03
  0.6402499999999999E+02   0.9938304987119515E+00   0.5652620300450494E-03  -0.3089482908261942E-02   0.2835069047591524E-03   0.5006191055604719E-06   0.2413771699474568E-05   0.5723016959084971E-03
  0.6407500000000000E+02   0.9938365943487394E+00   0.5687324550980006E-03  -0.3086425152925565E-02   0.2852466198914202E-03   0.5040844656021447E-06   0.2409276730280669E-05   0.5758082752477045E-03
  0.6412500000000000E+02   0.9938421639348617E+00   0.5720032068466970E-03  -0.3083631271617149E-02   0.2868862548502017E-03   0.5073776252635095E-06   0.2405182313949197E-05   0.5791132266308907E-03
  0.6417500000000000E+02   0.9938472063249530E+00   0.5750053351079060E-03  -0.3081101847068668E-02   0.2883912303063282E-03   0.5104369669601227E-06   0.2401482987735844E-05   0.5821467622107170E-03
  0.6422499999999999E+02   0.9938517310198562E+00   0.5776648005131585E-03  -0.3078832123576736E-02   0.2897244130865746E-03   0.5131961586796160E-06   0.2398164683140039E-05   0.5848339305524810E-03
  0.6427499999999999E+02   0.9938557599142295E+00   0.5799039311714386E-03  -0.3076811130307000E-02   0.2908468463999373E-03   0.5155854308481460E-06   0.2395203524411761E-05   0.5870960885128936E-03
  0.6432500000000000E+02   0.9938593289933099E+00   0.5816433956415170E-03  -0.3075020829986230E-02   0.2917187390197415E-03   0.5175333186479255E-06   0.2392564711433859E-05   0.5888528958659346E-03
  0.6437500000000000E+02   0.9938624898214293E+00   0.5828047816483172E-03  -0.3073435371911404E-02   0.2923007583139974E-03   0.5189689519903315E-06   0.2390201614325611E-05   0.5900249235197957E-03
  0.6442499999999998E+02   0.9938653106032334E+00   0.5833138184258301E-03  -0.3072020559138133E-02   0.2925556461726494E-03   0.5198249299240525E-06   0.2388055249990735E-05   0.5905369140722999E-03
  0.6447499999999999E+02   0.9938678765547267E+00   0.5831041962260718E-03  -0.3070733661706626E-02   0.2924501345856788E-03   0.5200407412586218E-06   0.2386054337174794E-05   0.5903216481195801E-03
  0.6452500000000001E+02   0.9938702893121193E+00   0.5821218256563636E-03  -0.3069523712381894E-02   0.2919570820144229E-03   0.5195665939608739E-06   0.2384116124053128E-05   0.5893242574653146E-03
  0.6457500000000000E+02   0.9938726651466838E+00   0.5803292573325718E-03  -0.3068332401230722E-02   0.2910576904083933E-03   0.5183674058556139E-06   0.2382148140990982E-05   0.5875067025731479E-03
  0.6462500000000000E+02   0.9938751318509622E+00   0.5777098724069612E-03  -0.3067095636662076E-02   0.2897436075579724E-03   0.5164266092974547E-06   0.2380050947231399E-05   0.5848520200884031E-03
  0.6467499999999998E+02   0.9938778243109837E+00   0.5742713849107634E-03  -0.3065745765676753E-02   0.2880186845178782E-03   0.5137493579747568E-06   0.2377721819958509E-05   0.5813678754600817E-03
  0.6472499999999999E+02   0.9938808789611775E+00   0.5700481932647605E-03  -0.3064214354767669E-02   0.2859001559944086E-03   0.5103647181783512E-06   0.2375059194633498E-05   0.5770889517160120E-03
  0.6477500000000001E+02   0.9938844275005664E+00   0.5651021956832591E-03  -0.3062435341648628E-02   0.2834190503579422E-03   0.5063264935667607E-06   0.2371967533160563E-05   0.5720777834770355E-03
  0.6482499999999999E+02   0.9938885903912394E+00   0.5595218395102413E-03  -0.3060348296516358E-02   0.2806197138182733E-03   0.5017124695593275E-06   0.2368362201184595E-05   0.5664238023717958E-03
  0.6487500000000000E+02   0.9938934707277053E+00   0.5534193842765510E-03  -0.3057901497588444E-02   0.2775584385030423E-03   0.4966220504489959E-06   0.2364173902612000E-05   0.5602405723969862E-03
  0.6492500000000000E+02   0.9938991490384105E+00   0.5469265826165938E-03  -0.3055054539313207E-02   0.2743012967300115E-03   0.4911724637497390E-06   0.2359352260173694E-05   0.5536614211378218E-03
  0.6497499999999999E+02   0.9939056794608507E+00   0.5401891762660862E-03  -0.3051780251729808E-02   0.2709213806522891E-03   0.4854938810470106E-06   0.2353868239644864E-05   0.5468338686357575E-03
  0.6502500000000001E+02   0.9939130875443295E+00   0.5333607273138640E-03  -0.3048065803429312E-02   0.2674957081775922E-03   0.4797239175084835E-06   0.2347715269632047E-05   0.5399133806232636E-03
  0.6507500000000000E+02   0.9939213697198879E+00   0.5265963366999581E-03  -0.3043912968182738E-02   0.2641020720720832E-03   0.4740020038238482E-06   0.2340909075891509E-05   0.5330570054692200E-03
  0.6512500000000000E+02   0.9939304942789935E+00   0.5200467441768784E-03  -0.3039337634617945E-02   0.2608160802167555E-03   0.4684640754122193E-06   0.2333486395626505E-05   0.5264173959632459E-03
  0.6517500000000000E+02   0.9939404035565310E+00   0.5138531778992349E-03  -0.3034368711619551E-02   0.2577085717765324E-03   0.4632379128535823E-06   0.2325502837989844E-05   0.5201375895541925E-03
  0.6522499999999999E+02   0.9939510169386401E+00   0.5081431602928018E-03  -0.3029046619784315E-02   0.2548435130281127E-03   0.4584393238022457E-06   0.2317030200356628E-05   0.5143467570773575E-03
  0.6527499999999999E+02   0.9939622343134484E+00   0.5030273141562363E-03  -0.3023421560552464E-02   0.2522763949698886E-03   0.4541692108407192E-06   0.2308153537761744E-05   0.5091569651060471E-03
  0.6532500000000000E+02   0.9939739396402120E+00   0.4985970767075414E-03  -0.3017551725830070E-02   0.2500530864764168E-03   0.4505114468132796E-06   0.2298968227252384E-05   0.5046608588897387E-03
  0.6537500000000000E+02   0.9939860044095452E+00   0.4949231364077440E-03  -0.3011501562190655E-02   0.2482090501461370E-03   0.4475313946217753E-06   0.2289577186798725E-05   0.5009300785619671E-03
  0.6542500000000000E+02   0.9939982908827684E+00   0.4920543640318138E-03  -0.3005340145890156E-02   0.2467688062159812E-03   0.4452748681505131E-06   0.2280088316819414E-05   0.4980141771834844E-03
  0.6547499999999999E+02   0.9940106551132381E+00   0.4900170137346771E-03  -0.2999139667319795E-02   0.2457455320405480E-03   0.4437673335580963E-06   0.2270612145377963E-05   0.4959398133435942E-03
  0.6552499999999999E+02   0.9940229498527257E+00   0.4888140154802339E-03  -0.2992973973256263E-02   0.2451407074974424E-03   0.4430131902521661E-06   0.2261259585850174E-05   0.4947100370951707E-03
  0.6557500000000000E+02   0.9940350275212726E+00   0.4884242593887288E-03  -0.2986917077455575E-02   0.2449437563833219E-03   0.4429950416791847E-06   0.2252139665279350E-05   0.4943035680636238E-03
  0.6562500000000001E+02   0.9940467434612883E+00   0.4888018774119349E-03  -0.2981041528882455E-02   0.2451316864432999E-03   0.4436729606735937E-06   0.2243357058049649E-05   0.4946740706378767E-03
  0.6567500000000000E+02   0.9940579596980079E+00   0.4898756497257956E-03  -0.2975416526170505E-02   0.2456687918461211E-03   0.4449838649376145E-06   0.2235009267971427E-05   0.4957495545752797E-03
  0.6572499999999999E+02   0.9940685493801124E+00   0.4915487910626486E-03  -0.2970105691113445E-02   0.2465065460265746E-03   0.4468412351371093E-06   0.2227183347716885E-05   0.4974321587343748E-03
  0.6577499999999999E+02   0.9940784019682984E+00   0.4936994890144986E-03  -0.2965164467122694E-02   0.2475838714053732E-03   0.4491355157945109E-06   0.2219952132212429E-05   0.4995986939383541E-03
  0.6582500000000000E+02   0.9940874290722728E+00   0.4961826473877436E-03  -0.2960637192466198E-02   0.2488280131641731E-03   0.4517356150472582E-06   0.2213370092690656E-05   0.5021024031706472E-03
  0.6587500000000001E+02   0.9940955706153726E+00   0.4988333006960143E-03  -0.2956554009042933E-02   0.2501562508142391E-03   0.4544919337663250E-06   0.2207469082594877E-05   0.5047764107752640E-03
  0.6592499999999998E+02   0.9941028007564496E+00   0.5014720761159651E-03  -0.2952927892592383E-02   0.2514786363376150E-03   0.4572412753619003E-06   0.2202254423746828E-05   0.5074392419418498E-03
  0.6597499999999999E+02   0.9941091327697288E+00   0.5039128608277480E-03  -0.2949752205061662E-02   0.2527018382183818E-03   0.4598137905112229E-06   0.2197701933041950E-05   0.5099025732675089E-03
  0.6602500000000001E+02   0.9941146219447818E+00   0.5059724849641100E-03  -0.2946999239397119E-02   0.2537339963763854E-03   0.4620417945141913E-06   0.2193756565013841E-05   0.5119810238251760E-03
  0.6607500000000000E+02   0.9941193655964078E+00   0.5074817940841404E-03  -0.2944620213246374E-02   0.2544902742476946E-03   0.4637698952627862E-06   0.2190333291226126E-05   0.5135033549266771E-03
  0.6612500000000000E+02   0.9941234995229807E+00   0.5082970486166020E-03  -0.2942547043419119E-02   0.2548985753575912E-03   0.4648654671379067E-06   0.2187320620133575E-05   0.5143240049704399E-03
  0.6617499999999998E+02   0.9941271907233511E+00   0.5083102740698630E-03  -0.2940695996584863E-02   0.2549047343667945E-03   0.4652282130629580E-06   0.2184586789212843E-05   0.5143335677652673E-03
  0.6622499999999999E+02   0.9941306268032208E+00   0.5074571161996519E-03  -0.2938973000404466E-02   0.2544764575377680E-03   0.4647974853424321E-06   0.2181988198449100E-05   0.5134667512556735E-03
  0.6627500000000001E+02   0.9941340031291606E+00   0.5057209995278421E-03  -0.2937280084715832E-02   0.2536054098837487E-03   0.4635562514915819E-06   0.2179379211399437E-05   0.5117065994970580E-03
  0.6632500000000000E+02   0.9941375092501481E+00   0.5031329234509579E-03  -0.2935522190752105E-02   0.2523071148600352E-03   0.4615310759429521E-06   0.2176622151993118E-05   0.5090843019871180E-03
  0.6637499999999999E+02   0.9941413162645364E+00   0.4997669369297991E-03  -0.2933613506972854E-02   0.2506186868296829E-03   0.4587881335516582E-06   0.2173596264309093E-05   0.5056746292156905E-03
  0.6642500000000000E+02   0.9941455666166423E+00   0.4957320283448035E-03  -0.2931482587079315E-02   0.2485947653984063E-03   0.4554259101613070E-06   0.2170204599936760E-05   0.5015877374553241E-03
  0.6647499999999999E+02   0.9941503673237521E+00   0.4911616747908691E-03  -0.2929075748087540E-02   0.2463022754170574E-03   0.4515657165327872E-06   0.2166378193597710E-05   0.4969586004100863E-03
  0.6652500000000001E+02   0.9941557870062526E+00   0.4862025071090523E-03  -0.2926358561273879E-02   0.2438147429148197E-03   0.4473413441571207E-06   0.2162077367205418E-05   0.4919355410081172E-03
  0.6657500000000000E+02   0.9941618564895520E+00   0.4810034548192265E-03  -0.2923315551759065E-02   0.2412068511487673E-03   0.4428891149251846E-06   0.2157290440436335E-05   0.4866692444078527E-03
  0.6662499999999999E+02   0.9941685722987144E+00   0.4757064164642054E-03  -0.2919948447115406E-02   0.2385497612369864E-03   0.4383392906896447E-06   0.2152030430792065E-05   0.4813033114902346E-03
  0.6667500000000000E+02   0.9941759021365860E+00   0.4704390764226160E-03  -0.2916273430892402E-02   0.2359075090119877E-03   0.4338094231672240E-06   0.2146330462325676E-05   0.4759669828049589E-03
  0.6672499999999999E+02   0.9941837914133610E+00   0.4653100748920839E-03  -0.2912317868489556E-02   0.2333345819182991E-03   0.4293998456345853E-06   0.2140238586347729E-05   0.4707702434802085E-03
  0.6677499999999999E+02   0.9941921700224354E+00   0.4604064122620205E-03  -0.2908116909216774E-02   0.2308746165071837E-03   0.4251912083278782E-06   0.2133812598127899E-05   0.4658011898641517E-03
  0.6682500000000000E+02   0.9942009587606770E+00   0.4557927645599862E-03  -0.2903710266467963E-02   0.2285600544566233E-03   0.4212437696592493E-06   0.2127115267470506E-05   0.4611253312593960E-03
  0.6687499999999999E+02   0.9942100750067668E+00   0.4515122967218769E-03  -0.2899139369838100E-02   0.2264125498981737E-03   0.4175980703068264E-06   0.2120210234819795E-05   0.4567864087323521E-03
  0.6692500000000000E+02   0.9942194374567912E+00   0.4475885566091566E-03  -0.2894444989967937E-02   0.2244439188811125E-03   0.4142766113471709E-06   0.2113158687219453E-05   0.4528083088484761E-03
  0.6697500000000001E+02   0.9942289698527651E+00   0.4440280800284951E-03  -0.2889665368419170E-02   0.2226574455235977E-03   0.4112861991052133E-06   0.2106016831275037E-05   0.4491976979435264E-03
  0.6702499999999999E+02   0.9942386037262739E+00   0.4408234048054015E-03  -0.2884834841477169E-02   0.2210493933944525E-03   0.4086206801901926E-06   0.2098834121624818E-05   0.4459470711066129E-03
  0.6707500000000000E+02   0.9942482802257019E+00   0.4379562588271684E-03  -0.2879982923560287E-02   0.2196106042035231E-03   0.4062638505513598E-06   0.2091652174495957E-05   0.4430379777380168E-03
  0.6712500000000000E+02   0.9942579511153928E+00   0.4354007415665875E-03  -0.2875133805926411E-02   0.2183280932650235E-03   0.4041923717870467E-06   0.2084504285638407E-05   0.4404442408514278E-03
  0.6717500000000000E+02   0.9942675790418605E+00   0.4331263579731820E-03  -0.2870306222973351E-02   0.2171865709527429E-03   0.4023785635407465E-06   0.2077415470335921E-05   0.4381350272027984E-03
  0.6722499999999999E+02   0.9942771371657327E+00   0.4311007905253825E-03  -0.2865513636636119E-02   0.2161698328665998E-03   0.4007929650679849E-06   0.2070402943170292E-05   0.4360776526147311E-03
  0.6727499999999999E+02   0.9942866082639976E+00   0.4292923153315241E-03  -0.2860764686438588E-02   0.2152619715121973E-03   0.3994065771327622E-06   0.2063476953122179E-05   0.4342400272408080E-03
  0.6732500000000000E+02   0.9942959834164218E+00   0.4276717875284115E-03  -0.2856063848089230E-02   0.2144483720067759E-03   0.3981927129046345E-06   0.2056641884986824E-05   0.4325926651268049E-03
  0.6737500000000000E+02   0.9943052604004401E+00   0.4262141444342446E-03  -0.2851412238292439E-02   0.2137164659636958E-03   0.3971284077410736E-06   0.2049897532933006E-05   0.4311102059127245E-03
  0.6742500000000000E+02   0.9943144419260973E+00   0.4248994038655906E-03  -0.2846808499789466E-02   0.2130562322256283E-03   0.3961953644520870E-06   0.2043240449464488E-05   0.4297724258067656E-03
  0.6747499999999999E+02   0.9943235338422822E+00   0.4237131686029069E-03  -0.2842249700818367E-02   0.2124604499517646E-03   0.3953804418485831E-06   0.2036665276196683E-05   0.4285647489205206E-03
  0.6752500000000001E+02   0.9943325434343849E+00   0.4226466825397940E-03  -0.2837732188750053E-02   0.2119247268889819E-03   0.3946757267010523E-06   0.2030165973679498E-05   0.4274783050014456E-03
  0.6757500000000000E+02   0.9943414779108343E+00   0.4216965145498857E-03  -0.2833252349030535E-02   0.2114473409503868E-03   0.3940782579897227E-06   0.2023736886191498E-05   0.4265096104517984E-03
  0.6762500000000000E+02   0.9943503431436355E+00   0.4208639675698604E-03  -0.2828807236766040E-02   0.2110289439888529E-03   0.3935894928242093E-06   0.2017373602248775E-05   0.4256599712442728E-03
  0.6767500000000000E+02   0.9943591426900995E+00   0.4201543191870237E-03  -0.2824395067314467E-02   0.2106721810625252E-03   0.3932146121799485E-06   0.2011073599388000E-05   0.4249347152500003E-03
  0.6772499999999999E+02   0.9943678770847842E+00   0.4195759946613448E-03  -0.2820015571378676E-02   0.2103812758043672E-03   0.3929617601717011E-06   0.2004836688643366E-05   0.4243423560910572E-03
  0.6777500000000001E+02   0.9943765433576444E+00   0.4191397547006880E-03  -0.2815670236664736E-02   0.2101616231776144E-03   0.3928412937023870E-06   0.1998665296338756E-05   0.4238937718205034E-03
  0.6782499999999999E+02   0.9943851347109777E+00   0.4188579513541543E-03  -0.2811362469902101E-02   0.2100194163822449E-03   0.3928650926257275E-06   0.1992564635382941E-05   0.4236014524591752E-03
  0.6787500000000000E+02   0.9943936402768804E+00   0.4187438703126635E-03  -0.2807097718483087E-02   0.2099613170905062E-03   0.3930459479335629E-06   0.1986542823491915E-05   0.4234788349475258E-03
  0.6792500000000000E+02   0.9944020448797046E+00   0.4188111414444120E-03  -0.2802883589582472E-02   0.2099941599069172E-03   0.3933970113298486E-06   0.1980611001226641E-05   0.4235397071926221E-03
  0.6797499999999999E+02   0.9944103287439739E+00   0.4190731661110928E-03  -0.2798729996622562E-02   0.2101246652592377E-03   0.3939312581653111E-06   0.1974783489161153E-05   0.4237976292225090E-03
  0.6802500000000001E+02   0.9944184671155689E+00   0.4195424836330664E-03  -0.2794649349228018E-02   0.2103591217993740E-03   0.3946608907932638E-06   0.1969078002434090E-05   0.4242652929717530E-03
  0.6807500000000000E+02   0.9944264298001729E+00   0.4202299832492166E-03  -0.2790656784683265E-02   0.2107029913569917E-03   0.3955965938896821E-06   0.1963515914481752E-05   0.4249537259987853E-03
  0.6812499999999999E+02   0.9944341806648995E+00   0.4211438642139750E-03  -0.2786770417876561E-02   0.2111603876286584E-03   0.3967465492679682E-06   0.1958122532194964E-05   0.4258712406654887E-03
  0.6817500000000000E+02   0.9944416771936010E+00   0.4222882567394617E-03  -0.2783011564370108E-02   0.2117333848282712E-03   0.3981151266623435E-06   0.1952927314399170E-05   0.4270220404567327E-03
  0.6822500000000001E+02   0.9944488702304345E+00   0.4236614413819609E-03  -0.2779404869128865E-02   0.2124211250001116E-03   0.3997011899455116E-06   0.1947963936647053E-05   0.4284044202493091E-03
  0.6827500000000001E+02   0.9944557040866275E+00   0.4252536452455909E-03  -0.2775978253207523E-02   0.2132187131336313E-03   0.4014959963857586E-06   0.1943270080137434E-05   0.4300085385223990E-03
  0.6832499999999999E+02   0.9944621172181177E+00   0.4270444513827989E-03  -0.2772762574274501E-02   0.2141159182962076E-03   0.4034807212218744E-06   0.1938886803841031E-05   0.4318137981007121E-03
  0.6837499999999999E+02   0.9944680437013335E+00   0.4289999345593577E-03  -0.2769790887024004E-02   0.2150957374932253E-03   0.4056237126248847E-06   0.1934857350478291E-05   0.4337859496052791E-03
  0.6842500000000000E+02   0.9944734157324788E+00   0.4310697329736950E-03  -0.2767097190470191E-02   0.2161329273027551E-03   0.4078776739626318E-06   0.1931225244573669E-05   0.4358741292277066E-03
  0.6847500000000001E+02   0.9944781673400811E+00   0.4331843796306710E-03  -0.2764714566950821E-02   0.2171926655415932E-03   0.4101770794845556E-06   0.1928031572607509E-05   0.4380081577937685E-03
  0.6852499999999999E+02   0.9944822394154498E+00   0.4352533406227385E-03  -0.2762672660317156E-02   0.2182295671702634E-03   0.4124362484161158E-06   0.1925311401594210E-05   0.4400965530362748E-03
  0.6857499999999999E+02   0.9944855860141993E+00   0.4371643215570722E-03  -0.2760994516716964E-02   0.2191873358108436E-03   0.4145486130442051E-06   0.1923089403609736E-05   0.4420258223764877E-03
  0.6862500000000000E+02   0.9944881816528903E+00   0.4387844741510235E-03  -0.2759692926217472E-02   0.2199993677745314E-03   0.4163877867126801E-06   0.1921374915471092E-05   0.4436616753517913E-03
  0.6867500000000000E+02   0.9944900290233805E+00   0.4399641141610444E-03  -0.2758766554651571E-02   0.2205906150917072E-03   0.4178110214371012E-06   0.1920156868342847E-05   0.4448527741682376E-03
  0.6872500000000001E+02   0.9944911662090745E+00   0.4405433938318305E-03  -0.2758196324753159E-02   0.2208809298849319E-03   0.4186654887237151E-06   0.1919399243768007E-05   0.4454374715700699E-03
  0.6877500000000001E+02   0.9944916721877938E+00   0.4403620137512875E-03  -0.2757942655852386E-02   0.2207899328494320E-03   0.4187974790084936E-06   0.1919037895768579E-05   0.4452536235030728E-03
  0.6882499999999999E+02   0.9944916692590897E+00   0.4392715095315342E-03  -0.2757944245157185E-02   0.2202431731577126E-03   0.4180640927504678E-06   0.1918979645214803E-05   0.4441510088395717E-03
  0.6887500000000000E+02   0.9944913211647126E+00   0.4371489808478024E-03  -0.2758119008155591E-02   0.2191790122237042E-03   0.4163463575155470E-06   0.1919104421209125E-05   0.4420052130170317E-03
  0.6892500000000000E+02   0.9944908261641386E+00   0.4339105031451866E-03  -0.2758367548532092E-02   0.2175553491878025E-03   0.4135621011357363E-06   0.1919270846662161E-05   0.4387311974809126E-03
  0.6897499999999999E+02   0.9944904051634029E+00   0.4295220933064432E-03  -0.2758579108734116E-02   0.2153551207903929E-03   0.4096765489972154E-06   0.1919325068181002E-05   0.4342944022942174E-03
  0.6902500000000001E+02   0.9944902860126943E+00   0.4240061893867548E-03  -0.2758639442280164E-02   0.2125895526182468E-03   0.4047086861022230E-06   0.1919111937644261E-05   0.4287173173621560E-03
  0.6907499999999999E+02   0.9944906860036974E+00   0.4174422318217713E-03  -0.2758439589715111E-02   0.2092984530498445E-03   0.3987320121123855E-06   0.1918487063360150E-05   0.4220800905688634E-03
  0.6912500000000000E+02   0.9944917951058239E+00   0.4099609895611670E-03  -0.2757884285092271E-02   0.2055473706439244E-03   0.3918693190815575E-06   0.1917327965534732E-05   0.4145148083744702E-03
  0.6917500000000000E+02   0.9944937623870025E+00   0.4017334719469060E-03  -0.2756898766484772E-02   0.2014220361364203E-03   0.3842822651193422E-06   0.1915542709459526E-05   0.4061942957463830E-03
  0.6922499999999999E+02   0.9944966873850369E+00   0.3929562485419212E-03  -0.2755433104640881E-02   0.1970210024634580E-03   0.3761574616936592E-06   0.1913074917572049E-05   0.3973172762173104E-03
  0.6927500000000001E+02   0.9945006171539250E+00   0.3838354883781228E-03  -0.2753463686125501E-02   0.1924476417821891E-03   0.3676912715142407E-06   0.1909904807241124E-05   0.3880922295448737E-03
  0.6932499999999999E+02   0.9945055486367307E+00   0.3745719421537054E-03  -0.2750992025285171E-02   0.1878026145718676E-03   0.3590754428089780E-06   0.1906046632364837E-05   0.3787221971595677E-03
  0.6937500000000000E+02   0.9945114352067456E+00   0.3653485429952397E-03  -0.2748041485604591E-02   0.1831776512825800E-03   0.3504851926686820E-06   0.1901543428924972E-05   0.3693922323936720E-03
  0.6942500000000000E+02   0.9945181958250641E+00   0.3563215326422844E-03  -0.2744652688550397E-02   0.1786511015473165E-03   0.3420706233675498E-06   0.1896460187067179E-05   0.3602604151077677E-03
  0.6947499999999999E+02   0.9945257252757163E+00   0.3476152771424122E-03  -0.2740878381604528E-02   0.1742853334739556E-03   0.3339516468333012E-06   0.1890876516999554E-05   0.3514525986085143E-03
  0.6952499999999999E+02   0.9945339042357504E+00   0.3393203878936106E-03  -0.2736778388706895E-02   0.1701257905336996E-03   0.3262160660389180E-06   0.1884879638178757E-05   0.3430605014708701E-03
  0.6957500000000000E+02   0.9945426083559921E+00   0.3314944714570576E-03  -0.2732415056577508E-02   0.1662013668457218E-03   0.3189201784328174E-06   0.1878558215345542E-05   0.3351424603649166E-03
  0.6962500000000000E+02   0.9945517159316383E+00   0.3241647684608000E-03  -0.2727849408071026E-02   0.1625257299466312E-03   0.3120912018886667E-06   0.1871997283362396E-05   0.3277260955976435E-03
  0.6967500000000000E+02   0.9945611140468759E+00   0.3173320342581291E-03  -0.2723138060722663E-02   0.1590992663968228E-03   0.3057309084656922E-06   0.1865274298236106E-05   0.3208122341595602E-03
  0.6972500000000001E+02   0.9945707032551787E+00   0.3109751781295064E-03  -0.2718330879612596E-02   0.1559114078592208E-03   0.2998200059211238E-06   0.1858456239044752E-05   0.3143796009653448E-03
  0.6977499999999999E+02   0.9945804009176904E+00   0.3050563436581510E-03  -0.2713469303176619E-02   0.1529431784489269E-03   0.2943229642810565E-06   0.1851597653055061E-05   0.3083899567664157E-03
  0.6982500000000000E+02   0.9945901433001069E+00   0.2995262335305216E-03  -0.2708585291593346E-02   0.1501698646518975E-03   0.2891930995282298E-06   0.1844739558102433E-05   0.3027934833538509E-03
  0.6987499999999999E+02   0.9945998864673794E+00   0.2943295347861089E-03  -0.2703700878001092E-02   0.1475637355945425E-03   0.2843777764145995E-06   0.1837909161271220E-05   0.2975342702247242E-03
  0.6992500000000000E+02   0.9946096059591212E+00   0.2894102852291266E-03  -0.2698828331088698E-02   0.1450967337904655E-03   0.2798235768456626E-06   0.1831120391341871E-05   0.2925557415757690E-03
  0.6997500000000001E+02   0.9946192952132105E+00   0.2847169577252007E-03  -0.2693970945336410E-02   0.1427430244230455E-03   0.2754812175148970E-06   0.1824375250869133E-05   0.2878057979147388E-03
  0.7002499999999999E+02   0.9946289627521409E+00   0.2802069611215994E-03  -0.2689124451596525E-02   0.1404812521308958E-03   0.2713099237344284E-06   0.1817665959539370E-05   0.2832413677971586E-03
  0.7007499999999999E+02   0.9946386282559545E+00   0.2758502064431708E-03  -0.2684278985922495E-02   0.1382963291517577E-03   0.2672809162096939E-06   0.1810977786002431E-05   0.2788320145612992E-03
  0.7012500000000000E+02   0.9946483177925332E+00   0.2716314014677568E-03  -0.2679421480893618E-02   0.1361805859210760E-03   0.2633796795664719E-06   0.1804292369041379E-05   0.2745622575052165E-03
  0.7017500000000000E+02   0.9946580586170302E+00   0.2675508330850960E-03  -0.2674538272984806E-02   0.1341341634965343E-03   0.2596067730080711E-06   0.1797591240744183E-05   0.2704323642531293E-03
  0.7022500000000001E+02   0.9946678740388362E+00   0.2636235633742895E-03  -0.2669617676108071E-02   0.1321646106679398E-03   0.2559771038498960E-06   0.1790859216023410E-05   0.2664575393772562E-03
  0.7027499999999999E+02   0.9946777788523182E+00   0.2598771626257998E-03  -0.2664652272519552E-02   0.1302857475261223E-03   0.2525177759829587E-06   0.1784087325216780E-05   0.2626656337915364E-03
  0.7032499999999999E+02   0.9946877757314598E+00   0.2563482767386128E-03  -0.2659640720477086E-02   0.1285159446088186E-03   0.2492647954091967E-06   0.1777275040267081E-05   0.2590936755822143E-03
  0.7037500000000000E+02   0.9946978528258288E+00   0.2530784300259847E-03  -0.2654588959595805E-02   0.1268760186914482E-03   0.2462590174683400E-06   0.1770431659355199E-05   0.2557836277364526E-03
  0.7042500000000000E+02   0.9947079826154654E+00   0.2501094744858843E-03  -0.2649510785023512E-02   0.1253869513227731E-03   0.2435417323681881E-06   0.1763576835757831E-05   0.2527777884197071E-03
  0.7047499999999999E+02   0.9947181219378972E+00   0.2474790219341560E-03  -0.2644427833951357E-02   0.1240675987785796E-03   0.2411502151572608E-06   0.1756740329554408E-05   0.2501141740089149E-03
  0.7052499999999999E+02   0.9947282130291730E+00   0.2452160713392816E-03  -0.2639369063741070E-02   0.1229324999068232E-03   0.2391134471562576E-06   0.1749961102451754E-05   0.2478220996628504E-03
  0.7057499999999999E+02   0.9947381854353073E+00   0.2433369183725077E-03  -0.2634369793692581E-02   0.1219898254976828E-03   0.2374480947239470E-06   0.1743285860428792E-05   0.2459180454603378E-03
  0.7062500000000000E+02   0.9947479587381476E+00   0.2418413545061684E-03  -0.2629470338551987E-02   0.1212394728508071E-03   0.2361547538766402E-06   0.1736767086881679E-05   0.2444018154862082E-03
  0.7067500000000001E+02   0.9947574461674514E+00   0.2407091650584594E-03  -0.2624714197801747E-02   0.1206713102304589E-03   0.2352144713060306E-06   0.1730460523980626E-05   0.2432529991949776E-03
  0.7072499999999999E+02   0.9947665592909796E+00   0.2398970396423374E-03  -0.2620145704596677E-02   0.1202636280496221E-03   0.2345856541161789E-06   0.1724421984397402E-05   0.2424278494101525E-03
  0.7077499999999999E+02   0.9947752140269081E+00   0.2393362143050591E-03  -0.2615807011872695E-02   0.1199819567964158E-03   0.2342016826171142E-06   0.1718703348380463E-05   0.2418568992165111E-03
  0.7082500000000000E+02   0.9947833381397905E+00   0.2389314424600090E-03  -0.2611734334771798E-02   0.1197785509841791E-03   0.2339698143174194E-06   0.1713347665201713E-05   0.2414439207126687E-03
  0.7087500000000000E+02   0.9947908800981924E+00   0.2385621675860942E-03  -0.2607953510419980E-02   0.1195929767164965E-03   0.2337722409186669E-06   0.1708383471852960E-05   0.2410671074616821E-03
  0.7092500000000000E+02   0.9947978186583802E+00   0.2380869144198317E-03  -0.2604475193600964E-02   0.1193543125562178E-03   0.2334703059733578E-06   0.1703818779805951E-05   0.2405835080182244E-03
  0.7097499999999999E+02   0.9948041718485481E+00   0.2373517510492177E-03  -0.2601290352713836E-02   0.1189853910745249E-03   0.2329127353640131E-06   0.1699635620092853E-05   0.2398375723519234E-03
  0.7102499999999999E+02   0.9948100033554615E+00   0.2362030399641348E-03  -0.2598367067609963E-02   0.1184091905232253E-03   0.2319481146869739E-06   0.1695786446040751E-05   0.2386740325650694E-03
  0.7107500000000000E+02   0.9948154239987818E+00   0.2345035626097579E-03  -0.2595649789710053E-02   0.1175569178940897E-03   0.2304407350592724E-06   0.1692193851464183E-05   0.2369541943499592E-03
  0.7112500000000000E+02   0.9948205863965613E+00   0.2321497069281484E-03  -0.2593062015267322E-02   0.1163766252705282E-03   0.2282875519254753E-06   0.1688754734736420E-05   0.2345733058894249E-03
  0.7117500000000000E+02   0.9948256722652545E+00   0.2290862895841432E-03  -0.2590512651084120E-02   0.1148406409252471E-03   0.2254328884952393E-06   0.1685349127246016E-05   0.2314755406063740E-03
  0.7122499999999999E+02   0.9948308738053090E+00   0.2253153978092093E-03  -0.2587905345532659E-02   0.1129500028206822E-03   0.2218773122301793E-06   0.1681852599162508E-05   0.2276629400623473E-03
  0.7127499999999999E+02   0.9948363725626289E+00   0.2208967577658913E-03  -0.2585149085501892E-02   0.1107346444477732E-03   0.2176781981123542E-06   0.1678149947829330E-05   0.2231957956634729E-03
  0.7132500000000000E+02   0.9948423201271199E+00   0.2159393177870629E-03  -0.2582167872959951E-02   0.1082491764392071E-03   0.2129416297081448E-06   0.1674147336015469E-05   0.2181841515664312E-03
  0.7137500000000000E+02   0.9948488245119895E+00   0.2105861167592498E-03  -0.2578907554075083E-02   0.1055653015331971E-03   0.2078076380050451E-06   0.1669780479850393E-05   0.2127725186531787E-03
  0.7142500000000000E+02   0.9948559442733269E+00   0.2049960866430445E-03  -0.2575338768136426E-02   0.1027626920663187E-03   0.2024323488240443E-06   0.1665017704882818E-05   0.2071214861674577E-03
  0.7147499999999999E+02   0.9948636902092944E+00   0.1993266555843840E-03  -0.2571456096550961E-02   0.9992026837547514E-04   0.1969708450566168E-06   0.1659858133397978E-05   0.2013901388570054E-03
  0.7152499999999999E+02   0.9948720327366923E+00   0.1937200250542929E-03  -0.2567274365377514E-02   0.9710931879192021E-04   0.1915635895727084E-06   0.1654326351590506E-05   0.1957221849030924E-03
  0.7157500000000000E+02   0.9948809122849124E+00   0.1882944351513116E-03  -0.2562823434869910E-02   0.9438912022496510E-04   0.1863277274630806E-06   0.1648465331188048E-05   0.1902371242831641E-03
  0.7162500000000000E+02   0.9948902502325399E+00   0.1831402964083920E-03  -0.2558142716730827E-02   0.9180499849244895E-04   0.1813531715640498E-06   0.1642329201363049E-05   0.1850263358022066E-03
  0.7167500000000000E+02   0.9948999586546645E+00   0.1783201596493095E-03  -0.2553276287432515E-02   0.8938831288431587E-04   0.1767024757500655E-06   0.1635976949171169E-05   0.1801530440100174E-03
  0.7172499999999999E+02   0.9949099480171274E+00   0.1738711773100108E-03  -0.2548269030731354E-02   0.8715768989695991E-04   0.1724131791771795E-06   0.1629467552270458E-05   0.1756548052035998E-03
  0.7177500000000001E+02   0.9949201326594176E+00   0.1698088208234630E-03  -0.2543163888791167E-02   0.8512088677716507E-04   0.1685014074766504E-06   0.1622856595975901E-05   0.1715472637760398E-03
  0.7182499999999999E+02   0.9949304343441702E+00   0.1661309424685787E-03  -0.2538000082609626E-02   0.8327682783020188E-04   0.1649658316017575E-06   0.1616194157792675E-05   0.1678282573057895E-03
  0.7187500000000000E+02   0.9949407843379414E+00   0.1628216346420995E-03  -0.2532812068805845E-02   0.8161753920938552E-04   0.1617914422815915E-06   0.1609523636531342E-05   0.1644817172227119E-03
  0.7192500000000001E+02   0.9949511244982541E+00   0.1598546476916974E-03  -0.2527628994642872E-02   0.8012986240941148E-04   0.1589529014999245E-06   0.1602881208631957E-05   0.1614811234026292E-03
  0.7197499999999999E+02   0.9949614077518791E+00   0.1571963432360046E-03  -0.2522474458278356E-02   0.7879693487361161E-04   0.1564174458563099E-06   0.1596295660698789E-05   0.1587924891920174E-03
  0.7202499999999999E+02   0.9949715982168417E+00   0.1548082823086138E-03  -0.2517366447654767E-02   0.7759948750049585E-04   0.1541474384574614E-06   0.1589788437061086E-05   0.1563769771378936E-03
  0.7207499999999999E+02   0.9949816710837925E+00   0.1526495897572384E-03  -0.2512317400035102E-02   0.7651702994434740E-04   0.1521027084980551E-06   0.1583373830444562E-05   0.1541932882929262E-03
  0.7212500000000000E+02   0.9949916122559983E+00   0.1506792144991103E-03  -0.2507334382540027E-02   0.7552898366718216E-04   0.1502427967153464E-06   0.1577059317476337E-05   0.1521999459559568E-03
  0.7217500000000001E+02   0.9950014176692437E+00   0.1488581371305314E-03  -0.2502419433129899E-02   0.7461578856458802E-04   0.1485291576151888E-06   0.1570846088193435E-05   0.1503575259368070E-03
  0.7222499999999999E+02   0.9950110921866804E+00   0.1471514832005420E-03  -0.2497570114632586E-02   0.7375996227771226E-04   0.1469272766067260E-06   0.1564729832584325E-05   0.1486307913126505E-03
  0.7227499999999999E+02   0.9950206479948579E+00   0.1455304087309829E-03  -0.2492780318794185E-02   0.7294704532439026E-04   0.1454085683000811E-06   0.1558701825030786E-05   0.1469905969885768E-03
  0.7232500000000000E+02   0.9950301025088591E+00   0.1439735636880269E-03  -0.2488041316376477E-02   0.7216633466631471E-04   0.1439518606125251E-06   0.1552750294812940E-05   0.1454153678754635E-03
  0.7237500000000000E+02   0.9950394759037519E+00   0.1424679333467075E-03  -0.2483342994551108E-02   0.7141130543844607E-04   0.1425442624841483E-06   0.1546862002857305E-05   0.1438919486630115E-03
  0.7242500000000001E+02   0.9950487884914266E+00   0.1410089155336749E-03  -0.2478675171783795E-02   0.7067964965959910E-04   0.1411812700100290E-06   0.1541023883791221E-05   0.1424156817786217E-03
  0.7247499999999999E+02   0.9950580582205985E+00   0.1395996000592964E-03  -0.2474028850974030E-02   0.6997291504024452E-04   0.1398660735429401E-06   0.1535224579889102E-05   0.1409896795259795E-03
  0.7252499999999999E+02   0.9950672985716030E+00   0.1382493423467319E-03  -0.2469397274695306E-02   0.6929579000836045E-04   0.1386081541590349E-06   0.1529455701976788E-05   0.1396233833507010E-03
  0.7257500000000000E+02   0.9950765170488539E+00   0.1369718268029154E-03  -0.2464776680852654E-02   0.6865513297222850E-04   0.1374213622678554E-06   0.1523712698986952E-05   0.1383306077568799E-03
  0.7262500000000000E+02   0.9950857143673885E+00   0.1357828672504893E-03  -0.2460166710422373E-02   0.6805886979105359E-04   0.1363217242111060E-06   0.1517995286032002E-05   0.1371273186938446E-03
  0.7267500000000000E+02   0.9950948843217384E+00   0.1346981834556857E-03  -0.2455570473175683E-02   0.6751487927188290E-04   0.1353252157392995E-06   0.1512307447968235E-05   0.1360293878650533E-03
  0.7272499999999999E+02   0.9951040142469221E+00   0.1337313381739776E-03  -0.2450994316601229E-02   0.6702995913587284E-04   0.1344456876688172E-06   0.1506657082349045E-05   0.1350505092450769E-03
  0.7277499999999999E+02   0.9951130859485722E+00   0.1328919452566650E-03  -0.2446447359681136E-02   0.6660892786403669E-04   0.1336930557117254E-06   0.1501055363512978E-05   0.1342003894604067E-03
  0.7282500000000000E+02   0.9951220769898821E+00   0.1321841945930957E-03  -0.2441940847822455E-02   0.6625388536554892E-04   0.1330718018714631E-06   0.1495515900654266E-05   0.1334832582562292E-03
  0.7287500000000000E+02   0.9951309622611764E+00   0.1316057043698998E-03  -0.2437487366141133E-02   0.6596363771851346E-04   0.1325797994892617E-06   0.1490053737708625E-05   0.1328967096044489E-03
  0.7292499999999998E+02   0.9951397158009110E+00   0.1311467135331138E-03  -0.2433099926738458E-02   0.6573329243556614E-04   0.1322074765025552E-06   0.1484684215937068E-05   0.1324308864143919E-03
  0.7297499999999999E+02   0.9951483128618099E+00   0.1307896634136445E-03  -0.2428790933126757E-02   0.6555404878614379E-04   0.1319373679354526E-06   0.1479421705185630E-05   0.1320680582207667E-03
  0.7302499999999999E+02   0.9951567322037662E+00   0.1305092722913736E-03  -0.2424571031013456E-02   0.6541323518075091E-04   0.1317441642444094E-06   0.1474278217970899E-05   0.1317826965688181E-03
  0.7307500000000000E+02   0.9951649585352335E+00   0.1302732557512733E-03  -0.2420447884667443E-02   0.6529467022205567E-04   0.1315954122939912E-06   0.1469261957576095E-05   0.1315422023801986E-03
  0.7312500000000000E+02   0.9951729849196588E+00   0.1300438573668686E-03  -0.2416424970811404E-02   0.6517942988539260E-04   0.1314530383965520E-06   0.1464375914719074E-05   0.1313084513997122E-03
  0.7317499999999998E+02   0.9951808148354394E+00   0.1297802961382546E-03  -0.2412500546162044E-02   0.6504707417109131E-04   0.1312758049900631E-06   0.1459616702520378E-05   0.1310402651844060E-03
  0.7322499999999999E+02   0.9951884634725985E+00   0.1294420893771822E-03  -0.2408666997520403E-02   0.6487731253017036E-04   0.1310226635878935E-06   0.1454973878366314E-05   0.1306967659686313E-03
  0.7327500000000001E+02   0.9951959578289465E+00   0.1289929835835227E-03  -0.2404910793550319E-02   0.6465197402191095E-04   0.1306567373483442E-06   0.1450430006757555E-05   0.1302413454314252E-03
  0.7332500000000000E+02   0.9952033352881015E+00   0.1284049776571348E-03  -0.2401213197445795E-02   0.6435702376337637E-04   0.1301494135616127E-06   0.1445961637904216E-05   0.1296457267972189E-03
  0.7337500000000000E+02   0.9952106406340978E+00   0.1276617481610709E-03  -0.2397551763185679E-02   0.6398427970315388E-04   0.1294838463723280E-06   0.1441541207903856E-05   0.1288934233565458E-03
  0.7342500000000000E+02   0.9952179218243383E+00   0.1267607840319992E-03  -0.2393902454122632E-02   0.6353248258196908E-04   0.1286571638705174E-06   0.1437139645745186E-05   0.1279818940960977E-03
  0.7347499999999999E+02   0.9952252251811653E+00   0.1257137540587230E-03  -0.2390242052981995E-02   0.6300748015808780E-04   0.1276808891460063E-06   0.1432729275555204E-05   0.1269229150817185E-03
  0.7352500000000001E+02   0.9952325908354840E+00   0.1245450164791950E-03  -0.2386550445552027E-02   0.6242148025110281E-04   0.1265794745991638E-06   0.1428286510261075E-05   0.1257410749680240E-03
  0.7357499999999999E+02   0.9952400491861146E+00   0.1232886034074129E-03  -0.2382812395301137E-02   0.6179153934959339E-04   0.1253872788789398E-06   0.1423793887746557E-05   0.1244707304753707E-03
  0.7362500000000000E+02   0.9952476188537106E+00   0.1219843198487341E-03  -0.2379018568916758E-02   0.6113760742769668E-04   0.1241446301635895E-06   0.1419241181240668E-05   0.1231520677408906E-03
  0.7367500000000000E+02   0.9952553062258469E+00   0.1206736917216283E-03  -0.2375165764335274E-02   0.6048049706685733E-04   0.1228937194556525E-06   0.1414625548405716E-05   0.1218270110854356E-03
  0.7372499999999999E+02   0.9952631063518449E+00   0.1193963818102526E-03  -0.2371256462264437E-02   0.5984008709836075E-04   0.1216749539328064E-06   0.1409950883357012E-05   0.1205356041701531E-03
  0.7377499999999999E+02   0.9952710047485978E+00   0.1181874490765233E-03  -0.2367297921094358E-02   0.5923394894245134E-04   0.1205241555023940E-06   0.1405226647111535E-05   0.1193132426767140E-03
  0.7382500000000000E+02   0.9952789796429582E+00   0.1170755623991870E-03  -0.2363301052991429E-02   0.5867645131878097E-04   0.1194707219988822E-06   0.1400466465451016E-05   0.1181888707109377E-03
  0.7387500000000000E+02   0.9952870042618450E+00   0.1160820758509726E-03  -0.2359279276071602E-02   0.5817829677538562E-04   0.1185366607919314E-06   0.1395686725598339E-05   0.1171840471711173E-03
  0.7392500000000000E+02   0.9952950489233890E+00   0.1152207629732757E-03  -0.2355247466296562E-02   0.5774638852189183E-04   0.1177362920008730E-06   0.1390905314374688E-05   0.1163126775812429E-03
  0.7397499999999999E+02   0.9953030828243260E+00   0.1144979855638270E-03  -0.2351221061620445E-02   0.5738391505158102E-04   0.1170763949467644E-06   0.1386140554574145E-05   0.1155811847118036E-03
  0.7402499999999999E+02   0.9953110755262442E+00   0.1139131107141857E-03  -0.2347215317084372E-02   0.5709055919208942E-04   0.1165566093392504E-06   0.1381410332850575E-05   0.1149889298891277E-03
  0.7407500000000000E+02   0.9953189982041377E+00   0.1134590573259455E-03  -0.2343244679056666E-02   0.5686277205101773E-04   0.1161699707726427E-06   0.1376731377717976E-05   0.1145287650323577E-03
  0.7412500000000000E+02   0.9953268247372921E+00   0.1131229252055242E-03  -0.2339322238511965E-02   0.5669408834441836E-04   0.1159035330904223E-06   0.1372118638148687E-05   0.1141876680202421E-03
  0.7417500000000000E+02   0.9953345327039287E+00   0.1128867191515092E-03  -0.2335459232556181E-02   0.5657548932463419E-04   0.1157390907349593E-06   0.1367584725682402E-05   0.1139474738777367E-03
  0.7422499999999999E+02   0.9953421042987027E+00   0.1127282165146055E-03  -0.2331664584626414E-02   0.5649583760101586E-04   0.1156540512738198E-06   0.1363139408781196E-05   0.1137857506919113E-03
  0.7427499999999999E+02   0.9953495271388580E+00   0.1126220331936678E-03  -0.2327944500496781E-02   0.5644241139804277E-04   0.1156225152217141E-06   0.1358789179584924E-05   0.1136768757246384E-03
  0.7432500000000000E+02   0.9953567948750215E+00   0.1125409178142736E-03  -0.2324302162192260E-02   0.5640155315909548E-04   0.1156165946781231E-06   0.1354536941726773E-05   0.1135933417496650E-03
  0.7437500000000000E+02   0.9953639074919424E+00   0.1124572507448796E-03  -0.2320737577287901E-02   0.5635942079812019E-04   0.1156079478892093E-06   0.1350381884418310E-05   0.1135072700662149E-03
  0.7442500000000000E+02   0.9953708711870982E+00   0.1123446555005365E-03  -0.2317247639760489E-02   0.5630279526971890E-04   0.1155694356271021E-06   0.1346319604730386E-05   0.1133920369006333E-03
  0.7447499999999999E+02   0.9953776977584122E+00   0.1121795648270632E-03  -0.2313826436847188E-02   0.5621986542442664E-04   0.1154767375943334E-06   0.1342342513157983E-05   0.1132238540465375E-03
  0.7452500000000001E+02   0.9953844035115647E+00   0.1119425459585951E-03  -0.2310465796661387E-02   0.5610089217182272E-04   0.1153097272515865E-06   0.1338440510645494E-05   0.1129831064397596E-03
  0.7457500000000000E+02   0.9953910077935217E+00   0.1116191982011041E-03  -0.2307156023129919E-02   0.5593865831300468E-04   0.1150534113101538E-06   0.1334601869826979E-05   0.1126552580965729E-03
  0.7462500000000000E+02   0.9953975313431294E+00   0.1112004963834583E-03  -0.2303886722609949E-02   0.5572864066703102E-04   0.1146983013836486E-06   0.1330814206193696E-05   0.1122311987832989E-03
  0.7467499999999998E+02   0.9954039946937129E+00   0.1106825527298774E-03  -0.2300647604444594E-02   0.5546889073553059E-04   0.1142401867877021E-06   0.1327065402204306E-05   0.1117070037083661E-03
  0.7472499999999999E+02   0.9954104168507980E+00   0.1100658794384973E-03  -0.2297429143641727E-02   0.5515966514149825E-04   0.1136793906581052E-06   0.1323344357352627E-05   0.1110831892733996E-03
  0.7477500000000001E+02   0.9954168144037121E+00   0.1093543228318976E-03  -0.2294223026112263E-02   0.5480289147146015E-04   0.1130196835645292E-06   0.1319641477016482E-05   0.1103636373246696E-03
  0.7482500000000000E+02   0.9954232011333878E+00   0.1085538840479057E-03  -0.2291022345233484E-02   0.5440157725305553E-04   0.1122670753547108E-06   0.1315948870001758E-05   0.1095544048631983E-03
  0.7487499999999999E+02   0.9954295880784312E+00   0.1076716337340420E-03  -0.2287821568748405E-02   0.5395926603970044E-04   0.1114286993870995E-06   0.1312260282493978E-05   0.1086626286034314E-03
  0.7492500000000000E+02   0.9954359839424578E+00   0.1067148779174814E-03  -0.2284616334634504E-02   0.5347961937072509E-04   0.1105119523761532E-06   0.1308570840410937E-05   0.1076956830170703E-03
  0.7497499999999999E+02   0.9954423956823881E+00   0.1056906575765967E-03  -0.2281403156279338E-02   0.5296616596651037E-04   0.1095239765890030E-06   0.1304876695044405E-05   0.1066606751627864E-03
  0.7502500000000001E+02   0.9954488291126589E+00   0.1046055856005378E-03  -0.2278179119676649E-02   0.5242222000729661E-04   0.1084714898330639E-06   0.1301174667377934E-05   0.1055642800320211E-03
  0.7507500000000000E+02   0.9954552893880394E+00   0.1034659580789571E-03  -0.2274941641456474E-02   0.5185093689496946E-04   0.1073608994353589E-06   0.1297461968602886E-05   0.1044128527770208E-03
  0.7512499999999999E+02   0.9954617812772547E+00   0.1022780324919232E-03  -0.2271688331750288E-02   0.5125545265970723E-04   0.1061985899909508E-06   0.1293736044633530E-05   0.1032127094026625E-03
  0.7517500000000000E+02   0.9954683091987313E+00   0.1010483478705361E-03  -0.2268416976267118E-02   0.5063904440325432E-04   0.1049912558806117E-06   0.1289994558000131E-05   0.1019704498406817E-03
  0.7522499999999999E+02   0.9954748770467678E+00   0.9978397101075221E-04  -0.2265125623398312E-02   0.5000525368680662E-04   0.1037461582369949E-06   0.1286235488098358E-05   0.1006932064189880E-03
  0.7527500000000001E+02   0.9954814878810776E+00   0.9849258380650977E-04  -0.2261812739793534E-02   0.4935793029881459E-04   0.1024712176337249E-06   0.1282457306088230E-05   0.9938873200753363E-04
  0.7532500000000000E+02   0.9954881435776620E+00   0.9718237165057467E-04  -0.2258477385316704E-02   0.4870117633066847E-04   0.1011749000299207E-06   0.1278659167675653E-05   0.9806528741790849E-04
  0.7537499999999999E+02   0.9954948445412749E+00   0.9586172132757040E-04  -0.2255119357137847E-02   0.4803919478183904E-04   0.9986590378380618E-07   0.1274841067004003E-05   0.9673133655610576E-04
  0.7542500000000000E+02   0.9955015895613744E+00   0.9453877859908644E-04  -0.2251739261918795E-02   0.4737606785160000E-04   0.9855269914622011E-07   0.1271003906450722E-05   0.9539509998735022E-04
  0.7547500000000001E+02   0.9955083758608498E+00   0.9322094308248935E-04  -0.2248338491391833E-02   0.4671550380659781E-04   0.9724300050718940E-07   0.1267149456379936E-05   0.9406404522466497E-04
  0.7552499999999999E+02   0.9955151993486719E+00   0.9191438784766184E-04  -0.2244919095747977E-02   0.4606059623588239E-04   0.9594326235090889E-07   0.1263280200794662E-05   0.9274440196412996E-04
  0.7557500000000000E+02   0.9955220550520836E+00   0.9062368483862650E-04  -0.2241483567049674E-02   0.4541363633888684E-04   0.9465828375845773E-07   0.1259399084749774E-05   0.9144078411237814E-04
  0.7562500000000000E+02   0.9955289376763878E+00   0.8935159932046079E-04  -0.2238034558703528E-02   0.4477600991782734E-04   0.9339098802854373E-07   0.1255509194442306E-05   0.9015598237880898E-04
  0.7567500000000000E+02   0.9955358422226744E+00   0.8809909232751306E-04  -0.2234574575898707E-02   0.4414819860593308E-04   0.9214241899824925E-07   0.1251613410140870E-05   0.8889096675693064E-04
  0.7572499999999999E+02   0.9955427645853023E+00   0.8686554350587305E-04  -0.2231105676192335E-02   0.4352989154103778E-04   0.9091196803854302E-07   0.1247714076087242E-05   0.8764511139255378E-04
  0.7577499999999999E+02   0.9955497020502790E+00   0.8564917969368298E-04  -0.2227629219759053E-02   0.4292020013878856E-04   0.8969781743900582E-07   0.1243812731033898E-05   0.8641662704161951E-04
  0.7582500000000000E+02   0.9955566536225349E+00   0.8444766764627222E-04  -0.2224145705387315E-02   0.4231795512127988E-04   0.8849755758650747E-07   0.1239909938435050E-05   0.8520315914186190E-04
  0.7587500000000000E+02   0.9955636201257027E+00   0.8325880351008205E-04  -0.2220654720477611E-02   0.4172205202682240E-04   0.8730890805468077E-07   0.1236005245866637E-05   0.8400248349001120E-04
  0.7592500000000000E+02   0.9955706040441451E+00   0.8208121015000812E-04  -0.2217155020206807E-02   0.4113180065331270E-04   0.8613044978914676E-07   0.1232097288151305E-05   0.8281320982768337E-04
  0.7597499999999999E+02   0.9955776091135106E+00   0.8091494199127345E-04  -0.2213644732707243E-02   0.4054722815366496E-04   0.8496226306702060E-07   0.1228184028094239E-05   0.8163539209729964E-04
  0.7602500000000001E+02   0.9955846397087368E+00   0.7976190230743761E-04  -0.2210121665748299E-02   0.3996928814340909E-04   0.8380637089343726E-07   0.1224263105255276E-05   0.8047094945122784E-04
  0.7607499999999999E+02   0.9955917001179195E+00   0.7862600390937561E-04  -0.2206583670610218E-02   0.3939994122161041E-04   0.8266691433433013E-07   0.1220332241964294E-05   0.7932382835686376E-04
  0.7612500000000000E+02   0.9955987938149899E+00   0.7751304871073724E-04  -0.2203029006552781E-02   0.3884209461648401E-04   0.8155003274390925E-07   0.1216389643328356E-05   0.7819988106142205E-04
  0.7617500000000000E+02   0.9956059228441665E+00   0.7643035480247955E-04  -0.2199456649270126E-02   0.3829941530489529E-04   0.8046347767327508E-07   0.1212434329289590E-05   0.7710648931310031E-04
  0.7622499999999999E+02   0.9956130874025244E+00   0.7538620669666259E-04  -0.2195866500065757E-02   0.3777605452095853E-04   0.7941603894739875E-07   0.1208466352696031E-05   0.7605200968203895E-04
  0.7627500000000001E+02   0.9956202856610445E+00   0.7438923153825929E-04  -0.2192259475519154E-02   0.3727633516811457E-04   0.7841689042406534E-07   0.1204486883465295E-05   0.7504514420296879E-04
  0.7632499999999999E+02   0.9956275138131652E+00   0.7344780451986356E-04  -0.2188637483149791E-02   0.3680445386721242E-04   0.7747496397588487E-07   0.1200498167362401E-05   0.7409434049817231E-04
  0.7637500000000000E+02   0.9956347662979618E+00   0.7256956311485680E-04  -0.2185003309571609E-02   0.3636423753679635E-04   0.7659843587489611E-07   0.1196503390526867E-05   0.7320730170605328E-04
  0.7642500000000000E+02   0.9956420361222773E+00   0.7176107203729981E-04  -0.2181360459063586E-02   0.3595897550596706E-04   0.7579437037076293E-07   0.1192506492610165E-05   0.7239064849468595E-04
  0.7647499999999999E+02   0.9956493152043875E+00   0.7102764125514906E-04  -0.2177712981349500E-02   0.3559132832529199E-04   0.7506852364987696E-07   0.1188511971409921E-05   0.7164973550439585E-04
  0.7652500000000001E+02   0.9956565946766127E+00   0.7037326750090366E-04  -0.2174065319951235E-02   0.3526329846471105E-04   0.7442527765612664E-07   0.1184524712957360E-05   0.7098859239773044E-04
  0.7657500000000000E+02   0.9956638651082917E+00   0.6980065006215411E-04  -0.2170422200449607E-02   0.3497623823503058E-04   0.7386765228313738E-07   0.1180549867327464E-05   0.7040993986069156E-04
  0.7662499999999999E+02   0.9956711166370484E+00   0.6931122408304250E-04  -0.2166788564701316E-02   0.3473086648586499E-04   0.7339733617947174E-07   0.1176592775700965E-05   0.6991522328341237E-04
  0.7667500000000000E+02   0.9956783390212842E+00   0.6890515657048628E-04  -0.2163169544530996E-02   0.3452726661684460E-04   0.7301467817522415E-07   0.1172658940582043E-05   0.6950460883168727E-04
  0.7672499999999999E+02   0.9956855216492611E+00   0.6858125915362509E-04  -0.2159570457177962E-02   0.3436484287625366E-04   0.7271859042522715E-07   0.1168754019099182E-05   0.6917689555597526E-04
  0.7677500000000001E+02   0.9956926535605597E+00   0.6833678656827579E-04  -0.2155996794544368E-02   0.3424221939940109E-04   0.7250632994468191E-07   0.1164883808645928E-05   0.6892931224006772E-04
  0.7682499999999999E+02   0.9956997235543926E+00   0.6816711260445666E-04  -0.2152454168925400E-02   0.3415707784683806E-04   0.7237314921275124E-07   0.1161054184596051E-05   0.6875719065592036E-04
  0.7687499999999999E+02   0.9957067204737284E+00   0.6806530976226704E-04  -0.2148948170648035E-02   0.3410594679310278E-04   0.7231184313365306E-07   0.1157270942810498E-05   0.6865354169495144E-04
  0.7692500000000000E+02   0.9957136337566862E+00   0.6802170887944193E-04  -0.2145484091792160E-02   0.3408398107891071E-04   0.7231227296169058E-07   0.1153539499319887E-05   0.6860861129127733E-04
  0.7697500000000001E+02   0.9957204543229538E+00   0.6802357938954037E-04  -0.2142066482043070E-02   0.3408480160583714E-04   0.7236101671825091E-07   0.1149864413459716E-05   0.6860955799620466E-04
  0.7702500000000001E+02   0.9957271757948178E+00   0.6805513631586113E-04  -0.2138698536884864E-02   0.3410049884491723E-04   0.7244136606878783E-07   0.1146248738345672E-05   0.6864046006568843E-04
  0.7707499999999999E+02   0.9957337959277802E+00   0.6809811428005831E-04  -0.2135381380777845E-02   0.3412192045364225E-04   0.7253392716605305E-07   0.1142693269677918E-05   0.6868289438616973E-04
  0.7712500000000000E+02   0.9957403179581541E+00   0.6813310238734815E-04  -0.2132113391933643E-02   0.3413934013797403E-04   0.7261803482207775E-07   0.1139195852383183E-05   0.6871728275134293E-04
  0.7717500000000000E+02   0.9957467514233836E+00   0.6814166285279035E-04  -0.2128889791290001E-02   0.3414351921589261E-04   0.7267400807409553E-07   0.1135750982326894E-05   0.6872502854913860E-04
  0.7722500000000001E+02   0.9957531119770071E+00   0.6810896691232869E-04  -0.2125702735228718E-02   0.3412702737159337E-04   0.7268596657497466E-07   0.1132349953039177E-05   0.6869117513359169E-04
  0.7727499999999999E+02   0.9957594198988231E+00   0.6802637177678549E-04  -0.2122542062079291E-02   0.3408553386773544E-04   0.7264459495046321E-07   0.1128981696471076E-05   0.6860700473061771E-04
  0.7732499999999999E+02   0.9957656973907594E+00   0.6789320553207954E-04  -0.2119396647058069E-02   0.3401870188876008E-04   0.7254907146805140E-07   0.1125634256009281E-05   0.6847183853216471E-04
  0.7737500000000000E+02   0.9957719651979968E+00   0.6771716752694819E-04  -0.2116256095296420E-02   0.3393038915634199E-04   0.7240752368886419E-07   0.1122296593167385E-05   0.6829344046732256E-04
  0.7742500000000000E+02   0.9957782393630623E+00   0.6751317361544906E-04  -0.2113112368240078E-02   0.3382806931939703E-04   0.7223582183611518E-07   0.1118960294180200E-05   0.6808685256332529E-04
  0.7747499999999999E+02   0.9957845288482998E+00   0.6730097302555089E-04  -0.2109960974933545E-02   0.3372163785265539E-04   0.7205505221856795E-07   0.1115620790496211E-05   0.6787199146351466E-04
  0.7752500000000001E+02   0.9957908343995298E+00   0.6710217569893244E-04  -0.2106801541385650E-02   0.3362192256775632E-04   0.7188834919446936E-07   0.1112277906366048E-05   0.6767065041602457E-04
  0.7757499999999999E+02   0.9957971485914674E+00   0.6693732535723284E-04  -0.2103637787797874E-02   0.3353921704296115E-04   0.7175776384625328E-07   0.1108935777385300E-05   0.6750354743364176E-04
  0.7762500000000000E+02   0.9958034567175806E+00   0.6682340349272451E-04  -0.2100477082673913E-02   0.3348202998302300E-04   0.7168158280510270E-07   0.1105602327854409E-05   0.6738780813385592E-04
  0.7767500000000000E+02   0.9958097381557331E+00   0.6677183582118505E-04  -0.2097329758536604E-02   0.3345608635611137E-04   0.7167217610369831E-07   0.1102288506433456E-05   0.6733495542299684E-04
  0.7772499999999999E+02   0.9958159680072929E+00   0.6678686098134746E-04  -0.2094208290632560E-02   0.3346351005085590E-04   0.7173422588091497E-07   0.1099007387858746E-05   0.6734926461202261E-04
  0.7777499999999999E+02   0.9958221190543716E+00   0.6686409372199123E-04  -0.2091126316253966E-02   0.3350210399230380E-04   0.7186315737652224E-07   0.1095773117168220E-05   0.6742631474639952E-04
  0.7782499999999999E+02   0.9958281642852157E+00   0.6698928010049462E-04  -0.2088097369408737E-02   0.3356472646728858E-04   0.7204377047471148E-07   0.1092599566747371E-05   0.6755173358208317E-04
  0.7787500000000000E+02   0.9958340802871621E+00   0.6713756049029018E-04  -0.2085133180821264E-02   0.3363892187731854E-04   0.7224941254477116E-07   0.1089498554760381E-05   0.6770045456789608E-04
  0.7792500000000000E+02   0.9958398515874483E+00   0.6727392727424489E-04  -0.2082241503028270E-02   0.3370715006393437E-04   0.7244243466129710E-07   0.1086477592984046E-05   0.6783717838028965E-04
  0.7797499999999999E+02   0.9958454754639018E+00   0.6735578161020316E-04  -0.2079423700045213E-02   0.3374806733615110E-04   0.7257691145992187E-07   0.1083537425879654E-05   0.6791895091200133E-04
  0.7802499999999999E+02   0.9958509659507537E+00   0.6733824536544729E-04  -0.2076672740291885E-02   0.3373918793458699E-04   0.7260434219421698E-07   0.1080670033344226E-05   0.6790051931841142E-04
  0.7807500000000000E+02   0.9958563551507089E+00   0.6718192735617314E-04  -0.2073972539168301E-02   0.3366077520150160E-04   0.7248202174930856E-07   0.1077858073929513E-05   0.6774216285996487E-04
  0.7812500000000000E+02   0.9958616901999469E+00   0.6686137109816620E-04  -0.2071299479666333E-02   0.3350007423541570E-04   0.7218217964347073E-07   0.1075076599564281E-05   0.6741821110636845E-04
  0.7817500000000000E+02   0.9958670257094119E+00   0.6637128361769936E-04  -0.2068626199542178E-02   0.3325443279979024E-04   0.7169875705290206E-07   0.1072297087087607E-05   0.6692332493649738E-04
  0.7822500000000001E+02   0.9958724136687421E+00   0.6572793584471124E-04  -0.2065926649831740E-02   0.3293200302503738E-04   0.7104899035319263E-07   0.1069492711869467E-05   0.6627390901379781E-04
  0.7827499999999999E+02   0.9958778942193754E+00   0.6496506097129661E-04  -0.2063180717908675E-02   0.3254968637094281E-04   0.7026904915066163E-07   0.1066643081265071E-05   0.6550397630602288E-04
  0.7832500000000000E+02   0.9958834902623334E+00   0.6412600206719786E-04  -0.2060376929235885E-02   0.3212919929458030E-04   0.6940559765239395E-07   0.1063736913783606E-05   0.6465723037929942E-04
  0.7837499999999999E+02   0.9958892068929678E+00   0.6325515244492779E-04  -0.2057512730618161E-02   0.3169278453010332E-04   0.6850655744457580E-07   0.1060772196687083E-05   0.6377843431856095E-04
  0.7842500000000000E+02   0.9958950345975556E+00   0.6239127402878924E-04  -0.2054592888601547E-02   0.3125986330724434E-04   0.6761386999983817E-07   0.1057754417393555E-05   0.6290667319394797E-04
  0.7847500000000001E+02   0.9959009541869778E+00   0.6156379619970276E-04  -0.2051627017508051E-02   0.3084518090635879E-04   0.6675946357330621E-07   0.1054693939521767E-05   0.6207162186955777E-04
  0.7852499999999999E+02   0.9959069416836274E+00   0.6079182177170975E-04  -0.2048627130892711E-02   0.3045830860322054E-04   0.6596414231423779E-07   0.1051603447245679E-05   0.6129254260597172E-04
  0.7857499999999999E+02   0.9959129721922094E+00   0.6008490223827199E-04  -0.2045605702113207E-02   0.3010403209885401E-04   0.6523839235683933E-07   0.1048495947509458E-05   0.6057906678017926E-04
  0.7862500000000000E+02   0.9959190225457057E+00   0.5944463901941990E-04  -0.2042574338593339E-02   0.2978315381541570E-04   0.6458408858402193E-07   0.1045383423993178E-05   0.5993280955315134E-04
  0.7867500000000000E+02   0.9959250729477443E+00   0.5886648677394518E-04  -0.2039542958938267E-02   0.2949339643600882E-04   0.6399642771412380E-07   0.1042276018036062E-05   0.5934918829906240E-04
  0.7872500000000001E+02   0.9959311079437067E+00   0.5834149014775888E-04  -0.2036519306384821E-02   0.2923027308935682E-04   0.6346579644166500E-07   0.1039181559143584E-05   0.5881917388295913E-04
  0.7877499999999999E+02   0.9959371169664827E+00   0.5785793063870694E-04  -0.2033508675375550E-02   0.2898791249088471E-04   0.6297954891566312E-07   0.1036105315790479E-05   0.5833095123757208E-04
  0.7882499999999999E+02   0.9959430945404996E+00   0.5740295482012449E-04  -0.2030513809349932E-02   0.2875987473286250E-04   0.6252377071629033E-07   0.1033049922195327E-05   0.5787156105538215E-04
  0.7887500000000000E+02   0.9959490400855229E+00   0.5696421259099672E-04  -0.2027534999059721E-02   0.2853997208777852E-04   0.6208506048701755E-07   0.1030015509317471E-05   0.5742855150645017E-04
  0.7892500000000000E+02   0.9959549572120400E+00   0.5653140437834314E-04  -0.2024570435606998E-02   0.2832304418707912E-04   0.6165221904461094E-07   0.1027000092320865E-05   0.5699153809984146E-04
  0.7897500000000001E+02   0.9959608524781218E+00   0.5609750408199162E-04  -0.2021616833287831E-02   0.2810557073590468E-04   0.6121759103521136E-07   0.1024000225570367E-05   0.5655343659752460E-04
  0.7902499999999999E+02   0.9959667337537649E+00   0.5565938700495444E-04  -0.2018670249090748E-02   0.2788598611301011E-04   0.6077776191604628E-07   0.1021011846573187E-05   0.5611109603802710E-04
  0.7907499999999999E+02   0.9959726085139907E+00   0.5521770219450041E-04  -0.2015726937883211E-02   0.2766461540775379E-04   0.6033343193672933E-07   0.1018031143263113E-05   0.5566517000577553E-04
  0.7912500000000000E+02   0.9959784824421185E+00   0.5477604645967410E-04  -0.2012784052194849E-02   0.2744326058708696E-04   0.5988852608152291E-07   0.1015055252089532E-05   0.5521928389383651E-04
  0.7917500000000001E+02   0.9959843586232687E+00   0.5433970597805651E-04  -0.2009840046282796E-02   0.2722457002009747E-04   0.5944882751710475E-07   0.1012082649198588E-05   0.5477876624875081E-04
  0.7922499999999999E+02   0.9959902374034113E+00   0.5391432103195406E-04  -0.2006894746749532E-02   0.2701136949151206E-04   0.5902052167618703E-07   0.1009113202371043E-05   0.5434930263695805E-04
  0.7927499999999999E+02   0.9959961167945651E+00   0.5350477425623277E-04  -0.2003949149530726E-02   0.2680610519983382E-04   0.5860897964961352E-07   0.1006147949316514E-05   0.5393581485899634E-04
  0.7932500000000000E+02   0.9960019932055751E+00   0.5311446312227994E-04  -0.2001005053766214E-02   0.2661047926463164E-04   0.5821795813810243E-07   0.1003188717018968E-05   0.5354172753810007E-04
  0.7937500000000000E+02   0.9960078622800808E+00   0.5274497901783819E-04  -0.1998064641968389E-02   0.2642528894441272E-04   0.5784924234367541E-07   0.1000237693436407E-05   0.5316864461591130E-04
  0.7942500000000000E+02   0.9960137196846198E+00   0.5239613113717952E-04  -0.1995130085175711E-02   0.2625043860840645E-04   0.5750266595532652E-07   0.9972970302660369E-06   0.5281637345693713E-04
  0.7947499999999998E+02   0.9960195617574640E+00   0.5206622782684089E-04  -0.1992203217882960E-02   0.2608508069512000E-04   0.5717641396245003E-07   0.9943685205610377E-06   0.5248320848675918E-04
  0.7952499999999999E+02   0.9960253859723998E+00   0.5175253537354214E-04  -0.1989285305687316E-02   0.2592784556896955E-04   0.5686752161463238E-07   0.9914533727501819E-06   0.5216639369254244E-04
  0.7957500000000000E+02   0.9960311911891399E+00   0.5145184469167324E-04  -0.1986376919833832E-02   0.2577712543285611E-04   0.5657249391867819E-07   0.9885520937290191E-06   0.5186269387490289E-04
  0.7962500000000000E+02   0.9960369776697048E+00   0.5116107328900707E-04  -0.1983477929011324E-02   0.2563137591291700E-04   0.5628796629383618E-07   0.9856644897289218E-06   0.5156900144324486E-04
  0.7967500000000000E+02   0.9960427468578723E+00   0.5087781563343070E-04  -0.1980587609849427E-02   0.2548939179027777E-04   0.5601131091202114E-07   0.9827897846525888E-06   0.5128289118271449E-04
  0.7972499999999999E+02   0.9960485009560807E+00   0.5060074696168766E-04  -0.1977704858889928E-02   0.2535050930627418E-04   0.5574108386807371E-07   0.9799268370081965E-06   0.5100302727931170E-04
  0.7977499999999999E+02   0.9960542423817901E+00   0.5032980320224442E-04  -0.1974828464947453E-02   0.2521469630111265E-04   0.5547722723568130E-07   0.9770744132927890E-06   0.5072934466476961E-04
  0.7982500000000000E+02   0.9960599732194744E+00   0.5006610876370469E-04  -0.1971957383657963E-02   0.2508251603454739E-04   0.5522099377082571E-07   0.9742314595572895E-06   0.5046297621493030E-04
  0.7987500000000000E+02   0.9960656947830380E+00   0.4981168857432078E-04  -0.1969090956703279E-02   0.2495498291834960E-04   0.5497463320273359E-07   0.9713973146478128E-06   0.5020596248407657E-04
  0.7992500000000000E+02   0.9960714073634025E+00   0.4956905215788055E-04  -0.1966229038266487E-02   0.2483335414096980E-04   0.5474093601632201E-07   0.9685718293688991E-06   0.4996083246470071E-04
  0.7997499999999999E+02   0.9960771101764264E+00   0.4934075367167083E-04  -0.1963372021121179E-02   0.2471890925065078E-04   0.5452274895037908E-07   0.9657553856993712E-06   0.4973016012813981E-04
  0.8002499999999999E+02   0.9960828014749932E+00   0.4912901148024084E-04  -0.1960520780474817E-02   0.2461275956671580E-04   0.5432255450545753E-07   0.9629488354006878E-06   0.4951618098467965E-04
  0.8007500000000000E+02   0.9960884787643725E+00   0.4893543113259411E-04  -0.1957676566072486E-02   0.2451570939608241E-04   0.5414216328502792E-07   0.9601533890380506E-06   0.4932051287766653E-04
  0.8012500000000000E+02   0.9960941390627124E+00   0.4876083814549241E-04  -0.1954840871692842E-02   0.2442817226230531E-04   0.5398252675761792E-07   0.9573704844952756E-06   0.4914398746213847E-04
  0.8017500000000000E+02   0.9960997791670072E+00   0.4860520530232619E-04  -0.1952015301901255E-02   0.2435013448628367E-04   0.5384365403106929E-07   0.9546016545270093E-06   0.4898657695231282E-04
  0.8022499999999999E+02   0.9961053959046218E+00   0.4846765500422529E-04  -0.1949201446040383E-02   0.2428115636721515E-04   0.5372461151996098E-07   0.9518484029833821E-06   0.4884739651608615E-04
  0.8027500000000001E+02   0.9961109863615841E+00   0.4834652390469693E-04  -0.1946400763860767E-02   0.2422040456629732E-04   0.5362359170519148E-07   0.9491120938319318E-06   0.4872476944236597E-04
  0.8032499999999999E+02   0.9961165480786059E+00   0.4823948489731612E-04  -0.1943614487319612E-02   0.2416671322258838E-04   0.5353804581367063E-07   0.9463938572269227E-06   0.4861635010781612E-04
  0.8037500000000000E+02   0.9961220791979146E+00   0.4814372202689547E-04  -0.1940843547024507E-02   0.2411867158154959E-04   0.5346487577546302E-07   0.9436945206754464E-06   0.4851930027579534E-04
  0.8042500000000000E+02   0.9961275785370242E+00   0.4805614304290258E-04  -0.1938088535276883E-02   0.2407473048058560E-04   0.5340066873307543E-07   0.9410145765741669E-06   0.4843050332535750E-04
  0.8047499999999999E+02   0.9961330455694885E+00   0.4797359506359211E-04  -0.1935349715716850E-02   0.2403331039223139E-04   0.5334193588900257E-07   0.9383541952531219E-06   0.4834678160931652E-04
  0.8052499999999999E+02   0.9961384803138169E+00   0.4789303163344877E-04  -0.1932627078975457E-02   0.2399288511620271E-04   0.5328529816629056E-07   0.9357132821906361E-06   0.4826506482215653E-04
  0.8057499999999999E+02   0.9961438831671537E+00   0.4781157866795193E-04  -0.1929920425998932E-02   0.2395201481661438E-04   0.5322755999345540E-07   0.9330915609077746E-06   0.4818245646501586E-04
  0.8062500000000000E+02   0.9961492547560474E+00   0.4772647269747916E-04  -0.1927229442811318E-02   0.2390931508472832E-04   0.5316564110674264E-07   0.9304886461203538E-06   0.4809617161459488E-04
  0.8067500000000001E+02   0.9961545958924904E+00   0.4763489577010975E-04  -0.1924553722539857E-02   0.2386337423076305E-04   0.5309639290523841E-07   0.9279040647652295E-06   0.4800337054551344E-04
  0.8072499999999999E+02   0.9961599077029034E+00   0.4753379136510222E-04  -0.1921892700803673E-02   0.2381266106203294E-04   0.5301639294046391E-07   0.9253371932507210E-06   0.4790097321082729E-04
  0.8077499999999999E+02   0.9961651919367734E+00   0.4741978921483439E-04  -0.1919245501098454E-02   0.2375548721938941E-04   0.5292186018650048E-07   0.9227871092703344E-06   0.4778558346596274E-04
  0.8082500000000000E+02   0.9961704513727299E+00   0.4728936725814265E-04  -0.1916610731372725E-02   0.2369008830654682E-04   0.5280883480601884E-07   0.9202523993562973E-06   0.4765365224676160E-04
  0.8087500000000000E+02   0.9961756901531775E+00   0.4713931717450644E-04  -0.1913986316390170E-02   0.2361485710060729E-04   0.5267369780957471E-07   0.9177310041663248E-06   0.4750194666127523E-04
  0.8092500000000001E+02   0.9961809138395733E+00   0.4696745814848043E-04  -0.1911369470039004E-02   0.2352870111522152E-04   0.5251397018852200E-07   0.9152202006153930E-06   0.4732826921736513E-04
  0.8097499999999999E+02   0.9961861290339858E+00   0.4677340067296523E-04  -0.1908756884914098E-02   0.2343142523071509E-04   0.5232917098820989E-07   0.9127167923475906E-06   0.4713222747059754E-04
  0.8102499999999999E+02   0.9961913425676657E+00   0.4655907472071136E-04  -0.1906145138807824E-02   0.2332399628248712E-04   0.5212141476285501E-07   0.9102175045048662E-06   0.4691576622841558E-04
  0.8107500000000000E+02   0.9961965604536145E+00   0.4632877881595230E-04  -0.1903531219425658E-02   0.2320856764103902E-04   0.5189547454934795E-07   0.9077194852266435E-06   0.4668321697642425E-04
  0.8112500000000000E+02   0.9962017869246901E+00   0.4608868356746264E-04  -0.1900913006250393E-02   0.2308823050138270E-04   0.5165823357658293E-07   0.9052207589764564E-06   0.4644079758346309E-04
  0.8117500000000000E+02   0.9962070238466988E+00   0.4584594259230100E-04  -0.1898289564554401E-02   0.2296656849345525E-04   0.5141769459081787E-07   0.9027204950785398E-06   0.4619571639410010E-04
  0.8122499999999999E+02   0.9962122706265144E+00   0.4560769617752477E-04  -0.1895661191422815E-02   0.2284715856057996E-04   0.5118186512635745E-07   0.9002190377650750E-06   0.4595516824929912E-04
  0.8127499999999999E+02   0.9962175245386575E+00   0.4538023449691506E-04  -0.1893029252147849E-02   0.2273315176975119E-04   0.5095781781881505E-07   0.8977177379851127E-06   0.4572549130023222E-04
  0.8132500000000000E+02   0.9962227812785930E+00   0.4516845893212309E-04  -0.1890395903048070E-02   0.2262700346070191E-04   0.5075108220839812E-07   0.8952186807107745E-06   0.4551162422570972E-04
  0.8137500000000000E+02   0.9962280355502708E+00   0.4497563588459821E-04  -0.1887763797133180E-02   0.2253034992121712E-04   0.5056536316254473E-07   0.8927243999585241E-06   0.4531685819371133E-04
  0.8142499999999998E+02   0.9962332815707043E+00   0.4480334776558228E-04  -0.1885135831332874E-02   0.2244398384092753E-04   0.5040248010511785E-07   0.8902376365838193E-06   0.4514278752093418E-04
  0.8147499999999999E+02   0.9962385134670056E+00   0.4465152742604999E-04  -0.1882514947600278E-02   0.2236787156559323E-04   0.5026239997155531E-07   0.8877611494009496E-06   0.4498934441828865E-04
  0.8152499999999999E+02   0.9962437256117470E+00   0.4451849640874791E-04  -0.1879903964913998E-02   0.2230117226654005E-04   0.5014327461292384E-07   0.8852975570044205E-06   0.4485483759142362E-04
  0.8157500000000000E+02   0.9962489129759217E+00   0.4440098857738880E-04  -0.1877305402467333E-02   0.2224224978437764E-04   0.5004146187690111E-07   0.8828491725131153E-06   0.4473597610370338E-04
  0.8162500000000000E+02   0.9962540715716782E+00   0.4429420975504481E-04  -0.1874721257889012E-02   0.2218870250980251E-04   0.4995158739214716E-07   0.8804177976029801E-06   0.4462792950897048E-04
  0.8167499999999998E+02   0.9962591990062678E+00   0.4419204347207777E-04  -0.1872152729754162E-02   0.2213746645429113E-04   0.4986677146717350E-07   0.8780044667466078E-06   0.4452453517781888E-04
  0.8172499999999999E+02   0.9962642950748161E+00   0.4408753585009666E-04  -0.1869599920648723E-02   0.2208505814800937E-04   0.4977917200908827E-07   0.8756091768596601E-06   0.4441878683929915E-04
  0.8177500000000001E+02   0.9962693622051322E+00   0.4397374201725262E-04  -0.1867061614353460E-02   0.2202799863932683E-04   0.4968093790033252E-07   0.8732306905229919E-06   0.4430368734895058E-04
  0.8182500000000000E+02   0.9962744054948811E+00   0.4384487055383162E-04  -0.1864535257226962E-02   0.2196338678594632E-04   0.4956550279492328E-07   0.8708665333109796E-06   0.4417340170502374E-04
  0.8187500000000000E+02   0.9962794321350670E+00   0.4369746149655877E-04  -0.1862017247005743E-02   0.2188948935498652E-04   0.4942892161460765E-07   0.8685132782647289E-06   0.4402444386081806E-04
  0.8192500000000000E+02   0.9962844502300821E+00   0.4353119898835319E-04  -0.1859503523882644E-02   0.2180614810341721E-04   0.4927079839623286E-07   0.8661671077949627E-06   0.4385649543577921E-04
  0.8197499999999999E+02   0.9962894673130180E+00   0.4334902476127113E-04  -0.1856990314237472E-02   0.2171483662191771E-04   0.4909442566788172E-07   0.8638245092644771E-06   0.4367252001975431E-04
  0.8202500000000001E+02   0.9962944890249079E+00   0.4315649341599908E-04  -0.1854474792247318E-02   0.2161833736970195E-04   0.4890606507267557E-07   0.8614828844138444E-06   0.4347811359947417E-04
  0.8207499999999999E+02   0.9962995183450598E+00   0.4296063120668332E-04  -0.1851955465434152E-02   0.2152016999978984E-04   0.4871366233442040E-07   0.8591408948360922E-06   0.4328035478225763E-04
  0.8212500000000000E+02   0.9963045554841040E+00   0.4276871814962680E-04  -0.1849432228237968E-02   0.2142398127624285E-04   0.4852547049874144E-07   0.8567984964605890E-06   0.4308657778229266E-04
  0.8217500000000000E+02   0.9963095982748139E+00   0.4258733734045577E-04  -0.1846906166236617E-02   0.2133306884662547E-04   0.4834897149402230E-07   0.8544567443587207E-06   0.4290341462898100E-04
  0.8222499999999999E+02   0.9963146427702400E+00   0.4242182456332503E-04  -0.1844379256517481E-02   0.2125010553551102E-04   0.4819024848667166E-07   0.8521175052995528E-06   0.4273624067596376E-04
  0.8227499999999999E+02   0.9963196837972577E+00   0.4227605359609129E-04  -0.1841854090382955E-02   0.2117703180068992E-04   0.4805373754060487E-07   0.8497831950858548E-06   0.4258895833095138E-04
  0.8232500000000000E+02   0.9963247153372453E+00   0.4215238810933765E-04  -0.1839333682653099E-02   0.2111503164358115E-04   0.4794216787160781E-07   0.8474565987802868E-06   0.4246394864119274E-04
  0.8237500000000000E+02   0.9963297307366181E+00   0.4205161737602847E-04  -0.1836821366200003E-02   0.2106450041244013E-04   0.4785648348361011E-07   0.8451407708003190E-06   0.4236200658919954E-04
  0.8242500000000000E+02   0.9963347228567324E+00   0.4197273695077371E-04  -0.1834320716855964E-02   0.2102493494913460E-04   0.4779558800366045E-07   0.8428389629397872E-06   0.4228212022509468E-04
  0.8247500000000001E+02   0.9963396843556583E+00   0.4191252101799469E-04  -0.1831835412270610E-02   0.2099471937942726E-04   0.4775585123242124E-07   0.8405544912173741E-06   0.4222103993610451E-04
  0.8252499999999999E+02   0.9963446083455447E+00   0.4186497474075634E-04  -0.1829368902630302E-02   0.2097085079268000E-04   0.4773047710826342E-07   0.8382904306227144E-06   0.4217272682696026E-04
  0.8257500000000000E+02   0.9963494896318231E+00   0.4182096950447193E-04  -0.1826923789930324E-02   0.2094875653391724E-04   0.4770907804128369E-07   0.8360490463441266E-06   0.4212798531812773E-04
  0.8262499999999999E+02   0.9963543265031585E+00   0.4176859459090076E-04  -0.1824500931370099E-02   0.2092247036211262E-04   0.4767806551891796E-07   0.8338309809793498E-06   0.4207481739716145E-04
  0.8267500000000000E+02   0.9963591225402745E+00   0.4169478577929653E-04  -0.1822098533294292E-02   0.2088544823424307E-04   0.4762250062849844E-07   0.8316344462938838E-06   0.4200006312016267E-04
  0.8272499999999999E+02   0.9963638873685831E+00   0.4158829590509817E-04  -0.1819711774191823E-02   0.2083205629066183E-04   0.4752948499397730E-07   0.8294549110491443E-06   0.4189239287792386E-04
  0.8277499999999999E+02   0.9963686353063583E+00   0.4144305215105369E-04  -0.1817333481839656E-02   0.2075925256026258E-04   0.4739200627376347E-07   0.8272857536362118E-06   0.4174568923087088E-04
  0.8282500000000000E+02   0.9963733819226207E+00   0.4126016289336946E-04  -0.1814955857497358E-02   0.2066759221423432E-04   0.4721125234614650E-07   0.8251198550343350E-06   0.4156106844078171E-04
  0.8287500000000000E+02   0.9963781400094927E+00   0.4104732120757152E-04  -0.1812572493399722E-02   0.2056092877772702E-04   0.4699595317344312E-07   0.8229514320123889E-06   0.4134627963472599E-04
  0.8292500000000000E+02   0.9963829169516100E+00   0.4081598037949155E-04  -0.1810179690451941E-02   0.2044499931227216E-04   0.4675916775569897E-07   0.8207772092085801E-06   0.4111285967514667E-04
  0.8297499999999999E+02   0.9963877144125947E+00   0.4057796177255482E-04  -0.1807776615280532E-02   0.2032572525708579E-04   0.4651440867772277E-07   0.8185965272354463E-06   0.4087271622068141E-04
  0.8302500000000001E+02   0.9963925297758874E+00   0.4034303071877783E-04  -0.1805364578505331E-02   0.2020799816347576E-04   0.4627286291964060E-07   0.8164106596908110E-06   0.4063568587996560E-04
  0.8307500000000000E+02   0.9963973581409594E+00   0.4011794461713001E-04  -0.1802946034813901E-02   0.2009520287490710E-04   0.4604229226210762E-07   0.8142218917761232E-06   0.4040857533800273E-04
  0.8312500000000000E+02   0.9964021939764827E+00   0.3990661927878599E-04  -0.1800523754868499E-02   0.1998930085041739E-04   0.4582721392374912E-07   0.8120327670749233E-06   0.4019532891101461E-04
  0.8317499999999998E+02   0.9964070321176012E+00   0.3971081141225992E-04  -0.1798100325760776E-02   0.1989117202903513E-04   0.4562967497232416E-07   0.8098456390926879E-06   0.3999771602000061E-04
  0.8322499999999999E+02   0.9964118681868347E+00   0.3953086600320502E-04  -0.1795677940175544E-02   0.1980098920110459E-04   0.4545010417904450E-07   0.8076624865639732E-06   0.3981608403686618E-04
  0.8327500000000001E+02   0.9964166986473043E+00   0.3936631010576012E-04  -0.1793258369728212E-02   0.1971851544574175E-04   0.4528799027456806E-07   0.8054848949996042E-06   0.3964995642190942E-04
  0.8332500000000000E+02   0.9964215206781134E+00   0.3921623662623672E-04  -0.1790843027388189E-02   0.1964329637346370E-04   0.4514232091742910E-07   0.8033141172866396E-06   0.3949841932149819E-04
  0.8337499999999999E+02   0.9964263320025932E+00   0.3907949868852124E-04  -0.1788433053511285E-02   0.1957475748756585E-04   0.4501180507533983E-07   0.8011511540145053E-06   0.3936031736682762E-04
  0.8342500000000000E+02   0.9964311307513400E+00   0.3895476157941496E-04  -0.1786029384447496E-02   0.1951223020621188E-04   0.4489493207026648E-07   0.7989968168461190E-06   0.3923430601574595E-04
  0.8347499999999999E+02   0.9964359154128702E+00   0.3884046986319601E-04  -0.1783632777259681E-02   0.1945493539204272E-04   0.4478993301091722E-07   0.7968517517188686E-06   0.3911881844538413E-04
  0.8352500000000001E+02   0.9964406849026195E+00   0.3873480321117361E-04  -0.1781243775165531E-02   0.1940196122825063E-04   0.4469472906536300E-07   0.7947164088730067E-06   0.3901202107127099E-04
  0.8357500000000000E+02   0.9964454387420978E+00   0.3863571663076791E-04  -0.1778862617802135E-02   0.1935228336883790E-04   0.4460697699252151E-07   0.7925909643255580E-06   0.3891185406292580E-04
  0.8362499999999999E+02   0.9964501772666775E+00   0.3854116013785272E-04  -0.1776489137149340E-02   0.1930487496960389E-04   0.4452432213922074E-07   0.7904752300696625E-06   0.3881625257887755E-04
  0.8367500000000000E+02   0.9964549016977247E+00   0.3844949967859463E-04  -0.1774122721399984E-02   0.1925891752246349E-04   0.4444488497716477E-07   0.7883686263929601E-06   0.3872357068365428E-04
  0.8372499999999999E+02   0.9964596139118866E+00   0.3836000679632172E-04  -0.1771762430522017E-02   0.1921404612322030E-04   0.4436782889584238E-07   0.7862702894774467E-06   0.3863307449861965E-04
  0.8377500000000001E+02   0.9964643158946702E+00   0.3827315835977440E-04  -0.1769407269954337E-02   0.1917049960125031E-04   0.4429371020688088E-07   0.7841793174912635E-06   0.3854524406034304E-04
  0.8382500000000000E+02   0.9964690090931149E+00   0.3819055103185177E-04  -0.1767056514845100E-02   0.1912907767725846E-04   0.4422438326010011E-07   0.7820950576418612E-06   0.3846168717476395E-04
  0.8387499999999999E+02   0.9964736939604018E+00   0.3811447839911417E-04  -0.1764709938150255E-02   0.1909092915196007E-04   0.4416251433363761E-07   0.7800173042805621E-06   0.3838471353009923E-04
  0.8392500000000000E+02   0.9964783698250477E+00   0.3804741233200707E-04  -0.1762367876151472E-02   0.1905729212545187E-04   0.4411098273932868E-07   0.7779463513430176E-06   0.3831681236130456E-04
  0.8397500000000001E+02   0.9964830349925333E+00   0.3799160420715409E-04  -0.1760031177549304E-02   0.1902929425475217E-04   0.4407241882887050E-07   0.7758829422295308E-06   0.3826025083598223E-04
  0.8402499999999999E+02   0.9964876868980220E+00   0.3794885469649697E-04  -0.1757701126965938E-02   0.1900783744554771E-04   0.4404893601591868E-07   0.7738281983437140E-06   0.3821684221664134E-04
  0.8407500000000000E+02   0.9964923221895876E+00   0.3792036289185062E-04  -0.1755379403253987E-02   0.1899352228373743E-04   0.4404195399229302E-07   0.7717835792082179E-06   0.3818779393666145E-04
  0.8412499999999999E+02   0.9964969367324332E+00   0.3790652429816987E-04  -0.1753068077380848E-02   0.1898654685828189E-04   0.4405196190247880E-07   0.7697508774359684E-06   0.3817350419969646E-04
  0.8417500000000000E+02   0.9965015256183438E+00   0.3790657388201853E-04  -0.1750769607693603E-02   0.1898652797714728E-04   0.4407810051297806E-07   0.7677322107071400E-06   0.3817320255542298E-04
  0.8422499999999999E+02   0.9965060833361913E+00   0.3791803176150738E-04  -0.1748486754517442E-02   0.1899222353203829E-04   0.4411751327843921E-07   0.7657299421632362E-06   0.3818439173759305E-04
  0.8427499999999999E+02   0.9965106043178635E+00   0.3793601440882788E-04  -0.1746222306717837E-02   0.1900118750188386E-04   0.4416453854260827E-07   0.7637464361744085E-06   0.3820215407185410E-04
  0.8432499999999999E+02   0.9965150840830957E+00   0.3795266261836655E-04  -0.1743978508290667E-02   0.1900948343975592E-04   0.4421003489871277E-07   0.7617835543042027E-06   0.3821857545637497E-04
  0.8437500000000000E+02   0.9965195210415927E+00   0.3795720437863565E-04  -0.1741756155734020E-02   0.1901171596262680E-04   0.4424144419159892E-07   0.7598418707465695E-06   0.3822280866521871E-04
  0.8442500000000000E+02   0.9965239185183685E+00   0.3793732168807279E-04  -0.1739553583618325E-02   0.1900171534606153E-04   0.4424437549680577E-07   0.7579198025313630E-06   0.3820244968324193E-04
  0.8447499999999999E+02   0.9965282858674418E+00   0.3788209299070766E-04  -0.1737366106767002E-02   0.1897401129949499E-04   0.4420603341278512E-07   0.7560131515743815E-06   0.3814650065472104E-04
  0.8452500000000001E+02   0.9965326373448706E+00   0.3778562271605588E-04  -0.1735186584716497E-02   0.1892565089356548E-04   0.4411946083410989E-07   0.7541156296302940E-06   0.3804902474833535E-04
  0.8457499999999999E+02   0.9965369885269404E+00   0.3764935021606525E-04  -0.1733007215734772E-02   0.1885735504038729E-04   0.4398625388926384E-07   0.7522204410036395E-06   0.3791147123062633E-04
  0.8462500000000000E+02   0.9965413519480643E+00   0.3748142356938241E-04  -0.1730821721667386E-02   0.1877320485544031E-04   0.4381585525387210E-07   0.7503221782690776E-06   0.3774204493711671E-04
  0.8467500000000000E+02   0.9965457343584238E+00   0.3729352322121208E-04  -0.1728626721505755E-02   0.1867905071680747E-04   0.4362186193786226E-07   0.7484179884819505E-06   0.3755250776897939E-04
  0.8472499999999999E+02   0.9965501366829462E+00   0.3709716949958168E-04  -0.1726421751939156E-02   0.1858066281023187E-04   0.4341771583518888E-07   0.7465075572227000E-06   0.3735446043752135E-04
  0.8477500000000001E+02   0.9965545558825744E+00   0.3690133931059324E-04  -0.1724208335102118E-02   0.1848253740033612E-04   0.4321391212065776E-07   0.7445922755016279E-06   0.3715694250471610E-04
  0.8482499999999999E+02   0.9965589871932529E+00   0.3671185239302679E-04  -0.1721988857133927E-02   0.1838758942060523E-04   0.4301727128876774E-07   0.7426742580657229E-06   0.3696581432795417E-04
  0.8487500000000000E+02   0.9965634257088094E+00   0.3653192384343554E-04  -0.1719765775358373E-02   0.1829742921425749E-04   0.4283157605988996E-07   0.7407556579552310E-06   0.3678431342167387E-04
  0.8492500000000000E+02   0.9965678670867870E+00   0.3636305137584888E-04  -0.1717541264751432E-02   0.1821280693538291E-04   0.4265860327529781E-07   0.7388383660518206E-06   0.3661394790346997E-04
  0.8497499999999999E+02   0.9965723076623753E+00   0.3620571449563239E-04  -0.1715317160873253E-02   0.1813396274530786E-04   0.4249893868990959E-07   0.7369239669487297E-06   0.3645520055619426E-04
  0.8502500000000001E+02   0.9965767443435716E+00   0.3605976092561631E-04  -0.1713095012378263E-02   0.1806082036409334E-04   0.4235242733204750E-07   0.7350137878006134E-06   0.3630791796867739E-04
  0.8507500000000000E+02   0.9965811745103085E+00   0.3592457875269932E-04  -0.1710876131539196E-02   0.1799307329598480E-04   0.4221837363822229E-07   0.7331089441039663E-06   0.3617148390274549E-04
  0.8512499999999999E+02   0.9965855959783267E+00   0.3579918005520363E-04  -0.1708661612342843E-02   0.1793022671769494E-04   0.4209563820889112E-07   0.7312103569430957E-06   0.3604490351901565E-04
  0.8517500000000000E+02   0.9965900070155266E+00   0.3568227186557611E-04  -0.1706452322303265E-02   0.1787163302246259E-04   0.4198272000741648E-07   0.7293187475621996E-06   0.3592687484259332E-04
  0.8522499999999999E+02   0.9965944063817030E+00   0.3557235428299630E-04  -0.1704248882560822E-02   0.1781654096152292E-04   0.4187787081390202E-07   0.7274346220925566E-06   0.3581588755878728E-04
  0.8527500000000001E+02   0.9965987933475684E+00   0.3546786333942312E-04  -0.1702051658356907E-02   0.1776416719995357E-04   0.4177926280163930E-07   0.7255582654477325E-06   0.3571036686427471E-04
  0.8532500000000000E+02   0.9966031676397932E+00   0.3536733254709762E-04  -0.1699860786561258E-02   0.1771377722884200E-04   0.4168517872349357E-07   0.7236897669175173E-06   0.3560883612478197E-04
  0.8537499999999999E+02   0.9966075293015920E+00   0.3526949466071469E-04  -0.1697676245499768E-02   0.1766473633361394E-04   0.4159413226073203E-07   0.7218290812925572E-06   0.3551001933699353E-04
  0.8542500000000000E+02   0.9966118785500351E+00   0.3517325951747822E-04  -0.1695497926421208E-02   0.1761649849540888E-04   0.4150484256251203E-07   0.7199760903606872E-06   0.3541281881901350E-04
  0.8547500000000001E+02   0.9966162157490137E+00   0.3507761697589213E-04  -0.1693325647039501E-02   0.1756855777741205E-04   0.4141612025557084E-07   0.7181306144346957E-06   0.3531621748294016E-04
  0.8552500000000001E+02   0.9966205415139410E+00   0.3498161695992198E-04  -0.1691159099095896E-02   0.1752043832866065E-04   0.4132684414177819E-07   0.7162923682021831E-06   0.3521925873243077E-04
  0.8557499999999999E+02   0.9966248568026506E+00   0.3488452577751917E-04  -0.1688997802832271E-02   0.1747177267441826E-04   0.4123614618324128E-07   0.7144609235406064E-06   0.3512120383276623E-04
  0.8562500000000000E+02   0.9966291628160477E+00   0.3478606862866638E-04  -0.1686841156749774E-02   0.1742242317479475E-04   0.4114369907859842E-07   0.7126357535590076E-06   0.3502177605982090E-04
  0.8567500000000000E+02   0.9966334606991210E+00   0.3468654254844431E-04  -0.1684688587355154E-02   0.1737253859172101E-04   0.4104985151074648E-07   0.7108163601660827E-06   0.3492127440859829E-04
  0.8572500000000001E+02   0.9966377512300815E+00   0.3458667729139091E-04  -0.1682539704854213E-02   0.1732248441350790E-04   0.4095546538827584E-07   0.7090024045768488E-06   0.3482043353423476E-04
  0.8577499999999999E+02   0.9966420346953722E+00   0.3448733589246074E-04  -0.1680394365753179E-02   0.1727269288203072E-04   0.4086156255298995E-07   0.7071937577166097E-06   0.3472012228144983E-04
  0.8582499999999999E+02   0.9966463109808398E+00   0.3438924925075174E-04  -0.1678252627195453E-02   0.1722353005994856E-04   0.4076901058121788E-07   0.7053904593196007E-06   0.3462107646655176E-04
  0.8587500000000000E+02   0.9966505797620010E+00   0.3429290069936456E-04  -0.1676114651667837E-02   0.1717523801776974E-04   0.4067838540149735E-07   0.7035926362974471E-06   0.3452378266238969E-04
  0.8592500000000000E+02   0.9966548406653332E+00   0.3419854430754256E-04  -0.1673980626218707E-02   0.1712794400019457E-04   0.4058999216215000E-07   0.7018004344863950E-06   0.3442849662298154E-04
  0.8597499999999999E+02   0.9966590933493321E+00   0.3410627666779356E-04  -0.1671850721859824E-02   0.1708169638032081E-04   0.4050394969381451E-07   0.7000139848187608E-06   0.3433531555702414E-04
  0.8602499999999999E+02   0.9966633375242624E+00   0.3401609885971114E-04  -0.1669725083675244E-02   0.1703649569405386E-04   0.4042026359691004E-07   0.6982333954083583E-06   0.3424424051277840E-04
  0.8607499999999999E+02   0.9966675729494034E+00   0.3392795108124364E-04  -0.1667603832199549E-02   0.1699231198520628E-04   0.4033886708816540E-07   0.6964587529975212E-06   0.3415521124566177E-04
  0.8612500000000000E+02   0.9966717994302868E+00   0.3384173059838066E-04  -0.1665487064802185E-02   0.1694909379566713E-04   0.4025964214496909E-07   0.6946901243261349E-06   0.3406812429085713E-04
  0.8617500000000001E+02   0.9966760168188573E+00   0.3375730551848982E-04  -0.1663374855606969E-02   0.1690677506377539E-04   0.4018243575251979E-07   0.6929275562507021E-06   0.3398284683052915E-04
  0.8622499999999999E+02   0.9966802250125359E+00   0.3367452846479033E-04  -0.1661267255960941E-02   0.1686528197309962E-04   0.4010707609011605E-07   0.6911710763191929E-06   0.3389923046087479E-04
  0.8627499999999999E+02   0.9966844239499987E+00   0.3359324885403723E-04  -0.1659164296549553E-02   0.1682453910160189E-04   0.4003338710940202E-07   0.6894206947045260E-06   0.3381712355259066E-04
  0.8632499999999999E+02   0.9966886136043739E+00   0.3351332199132955E-04  -0.1657065990802731E-02   0.1678447397666502E-04   0.3996119936810202E-07   0.6876764071819046E-06   0.3373638040681974E-04
  0.8637500000000000E+02   0.9966927939755963E+00   0.3343461454765050E-04  -0.1654972338725025E-02   0.1674501981843616E-04   0.3989035658561065E-07   0.6859381984200331E-06   0.3365686676937146E-04
  0.8642500000000000E+02   0.9966969650832840E+00   0.3335700704304297E-04  -0.1652883330462873E-02   0.1670611678346965E-04   0.3982071864659270E-07   0.6842060450169617E-06   0.3357846233037853E-04
  0.8647499999999999E+02   0.9967011269608133E+00   0.3328039429551792E-04  -0.1650798949272447E-02   0.1666771218952821E-04   0.3975216218495631E-07   0.6824799180084617E-06   0.3350106117598806E-04
  0.8652499999999999E+02   0.9967052796507316E+00   0.3320468469086704E-04  -0.1648719173816815E-02   0.1662976014984855E-04   0.3968457976045569E-07   0.6807597847982936E-06   0.3342457105303468E-04
  0.8657500000000000E+02   0.9967094232013706E+00   0.3312979888261287E-04  -0.1646643979862028E-02   0.1659222092200019E-04   0.3961787835079139E-07   0.6790456105754704E-06   0.3334891206003783E-04
  0.8662500000000000E+02   0.9967135576644310E+00   0.3305566830041584E-04  -0.1644573341487154E-02   0.1655506016081511E-04   0.3955197760913685E-07   0.6773373593194164E-06   0.3327401514539174E-04
  0.8667500000000000E+02   0.9967176830933033E+00   0.3298223367691823E-04  -0.1642507231925494E-02   0.1651824818055442E-04   0.3948680813756487E-07   0.6756349944940467E-06   0.3319982062414094E-04
  0.8672500000000001E+02   0.9967217995419246E+00   0.3290944369543539E-04  -0.1640445624136344E-02   0.1648175927760271E-04   0.3942230989914378E-07   0.6739384795155989E-06   0.3312627681643831E-04
  0.8677499999999999E+02   0.9967259070640208E+00   0.3283725379808862E-04  -0.1638388491185250E-02   0.1644557113352044E-04   0.3935843081674688E-07   0.6722477780603830E-06   0.3305333884754435E-04
  0.8682500000000000E+02   0.9967300057126158E+00   0.3276562516011937E-04  -0.1636335806489364E-02   0.1640966430132842E-04   0.3929512556623305E-07   0.6705628542602910E-06   0.3298096761514286E-04
  0.8687499999999999E+02   0.9967340955397276E+00   0.3269452381958213E-04  -0.1634287543970103E-02   0.1637402176961384E-04   0.3923235455183816E-07   0.6688836728215657E-06   0.3290912891309529E-04
  0.8692500000000000E+02   0.9967381765961909E+00   0.3262391994480503E-04  -0.1632243678141521E-02   0.1633862859563724E-04   0.3917008304338232E-07   0.6672101990906725E-06   0.3283779269390194E-04
  0.8697500000000001E+02   0.9967422489315672E+00   0.3255378722036045E-04  -0.1630204184155826E-02   0.1630347159779522E-04   0.3910828045282196E-07   0.6655423990851612E-06   0.3276693245048097E-04
  0.8702499999999999E+02   0.9967463125941113E+00   0.3248410233316624E-04  -0.1628169037819593E-02   0.1626853909823342E-04   0.3904691972862580E-07   0.6638802395007980E-06   0.3269652469876015E-04
  0.8707499999999999E+02   0.9967503676307764E+00   0.3241484454229589E-04  -0.1626138215591433E-02   0.1623382070738528E-04   0.3898597684870690E-07   0.6622236877038820E-06   0.3262654854454826E-04
  0.8712500000000000E+02   0.9967544140872441E+00   0.3234599531835478E-04  -0.1624111694567443E-02   0.1619930714335280E-04   0.3892543039529408E-07   0.6605727117139667E-06   0.3255698532044642E-04
  0.8717500000000000E+02   0.9967584520079680E+00   0.3227753804049957E-04  -0.1622089452458453E-02   0.1616499008015791E-04   0.3886526119772230E-07   0.6589272801802725E-06   0.3248781828079575E-04
  0.8722500000000001E+02   0.9967624814362267E+00   0.3220945774118137E-04  -0.1620071467564377E-02   0.1613086201989633E-04   0.3880545203146864E-07   0.6572873623561222E-06   0.3241903234467414E-04
  0.8727499999999999E+02   0.9967665024141816E+00   0.3214174089042275E-04  -0.1618057718744459E-02   0.1609691618469200E-04   0.3874598736379140E-07   0.6556529280704050E-06   0.3235061387869649E-04
  0.8732499999999999E+02   0.9967705149829345E+00   0.3207437521289381E-04  -0.1616048185389185E-02   0.1606314642507879E-04   0.3868685313803920E-07   0.6540239477007275E-06   0.3228255051283783E-04
  0.8737500000000000E+02   0.9967745191825864E+00   0.3200734953226025E-04  -0.1614042847390196E-02   0.1602954714204164E-04   0.3862803659011826E-07   0.6524003921452642E-06   0.3221483098371458E-04
  0.8742500000000000E+02   0.9967785150522942E+00   0.3194065363826884E-04  -0.1612041685112309E-02   0.1599611322044555E-04   0.3856952609177320E-07   0.6507822327966099E-06   0.3214744500075845E-04
  0.8747500000000001E+02   0.9967825026303236E+00   0.3187427817284535E-04  -0.1610044679366762E-02   0.1596283997198716E-04   0.3851131101629048E-07   0.6491694415168893E-06   0.3208038313153269E-04
  0.8752499999999999E+02   0.9967864819541015E+00   0.3180821453214223E-04  -0.1608051811385236E-02   0.1592972308613464E-04   0.3845338162301340E-07   0.6475619906137377E-06   0.3201363670310706E-04
  0.8757499999999999E+02   0.9967904530602631E+00   0.3174245478200925E-04  -0.1606063062795759E-02   0.1589675858779066E-04   0.3839572895768935E-07   0.6459598528180354E-06   0.3194719771694753E-04
  0.8762500000000000E+02   0.9967944159846981E+00   0.3167699158480038E-04  -0.1604078415600285E-02   0.1586394280063300E-04   0.3833834476618809E-07   0.6443630012631882E-06   0.3188105877521981E-04
  0.8767500000000001E+02   0.9967983707625916E+00   0.3161181813578573E-04  -0.1602097852153594E-02   0.1583127231526601E-04   0.3828122141954950E-07   0.6427714094656658E-06   0.3181521301676348E-04
  0.8772499999999999E+02   0.9968023174284640E+00   0.3154692810772954E-04  -0.1600121355143425E-02   0.1579874396146195E-04   0.3822435184866324E-07   0.6411850513066978E-06   0.3174965406128840E-04
  0.8777499999999999E+02   0.9968062560162074E+00   0.3148231560243430E-04  -0.1598148907572705E-02   0.1576635478389143E-04   0.3816772948716536E-07   0.6396039010158187E-06   0.3168437596058456E-04
  0.8782499999999999E+02   0.9968101865591188E+00   0.3141797510824648E-04  -0.1596180492742350E-02   0.1573410202083972E-04   0.3811134822136619E-07   0.6380279331549993E-06   0.3161937315573474E-04
  0.8787500000000000E+02   0.9968141090899314E+00   0.3135390146268054E-04  -0.1594216094235712E-02   0.1570198308548657E-04   0.3805520234621534E-07   0.6364571226042482E-06   0.3155464043948035E-04
  0.8792500000000000E+02   0.9968180236408442E+00   0.3129008981945148E-04  -0.1592255695904154E-02   0.1566999554939405E-04   0.3799928652646610E-07   0.6348914445482141E-06   0.3149017292302606E-04
  0.8797499999999998E+02   0.9968219302435488E+00   0.3122653561931559E-04  -0.1590299281852836E-02   0.1563813712790181E-04   0.3794359576233119E-07   0.6333308744630849E-06   0.3142596600667880E-04
  0.8802499999999999E+02   0.9968258289292538E+00   0.3116323456421085E-04  -0.1588346836429610E-02   0.1560640566717492E-04   0.3788812535902991E-07   0.6317753881060626E-06   0.3136201535380913E-04
  0.8807500000000000E+02   0.9968297197287082E+00   0.3110018259426538E-04  -0.1586398344211926E-02   0.1557479913268822E-04   0.3783287089971728E-07   0.6302249615033397E-06   0.3129831686770017E-04
  0.8812500000000000E+02   0.9968336026722233E+00   0.3103737586730411E-04  -0.1584453789997387E-02   0.1554331559896195E-04   0.3777782822135933E-07   0.6286795709410797E-06   0.3123486667091213E-04
  0.8817500000000000E+02   0.9968374777896922E+00   0.3097481074053891E-04  -0.1582513158792431E-02   0.1551195324039095E-04   0.3772299339318279E-07   0.6271391929549729E-06   0.3117166108684524E-04
  0.8822499999999999E+02   0.9968413451106090E+00   0.3091248375417188E-04  -0.1580576435804004E-02   0.1548071032303203E-04   0.3766836269738044E-07   0.6256038043222516E-06   0.3110869662322889E-04
  0.8827499999999999E+02   0.9968452046640851E+00   0.3085039161667839E-04  -0.1578643606430674E-02   0.1544958519723282E-04   0.3761393261179705E-07   0.6240733820533266E-06   0.3104596995730230E-04
  0.8832500000000000E+02   0.9968490564788665E+00   0.3078853119156968E-04  -0.1576714656254197E-02   0.1541857629100144E-04   0.3755969979435912E-07   0.6225479033838414E-06   0.3098347792248474E-04
  0.8837500000000000E+02   0.9968529005833479E+00   0.3072689948546141E-04  -0.1574789571032187E-02   0.1538768210403049E-04   0.3750566106904451E-07   0.6210273457676629E-06   0.3092121749636084E-04
  0.8842500000000000E+02   0.9968567370055873E+00   0.3066549363729657E-04  -0.1572868336691458E-02   0.1535690120229908E-04   0.3745181341321232E-07   0.6195116868704522E-06   0.3085918578982817E-04
  0.8847499999999999E+02   0.9968605657733191E+00   0.3060431090859362E-04  -0.1570950939320692E-02   0.1532623221318837E-04   0.3739815394614124E-07   0.6180009045627602E-06   0.3079738003727708E-04
  0.8852499999999999E+02   0.9968643869139658E+00   0.3054334867460385E-04  -0.1569037365164894E-02   0.1529567382105253E-04   0.3734467991863931E-07   0.6164949769145709E-06   0.3073579758768612E-04
  0.8857500000000000E+02   0.9968682004546509E+00   0.3048260441627975E-04  -0.1567127600619389E-02   0.1526522476319594E-04   0.3729138870360935E-07   0.6149938821895377E-06   0.3067443589653400E-04
  0.8862500000000000E+02   0.9968720064222077E+00   0.3042207571296615E-04  -0.1565221632224278E-02   0.1523488382621229E-04   0.3723827778746594E-07   0.6134975988396123E-06   0.3061329251843943E-04
  0.8867500000000000E+02   0.9968758048431913E+00   0.3036176023573827E-04  -0.1563319446659772E-02   0.1520464984264780E-04   0.3718534476231463E-07   0.6120061055004085E-06   0.3055236510045217E-04
  0.8872499999999999E+02   0.9968795957438870E+00   0.3030165574131828E-04  -0.1561421030741084E-02   0.1517452168795415E-04   0.3713258731881238E-07   0.6105193809862514E-06   0.3049165137592675E-04
  0.8877500000000001E+02   0.9968833791503193E+00   0.3024176006651241E-04  -0.1559526371413988E-02   0.1514449827770212E-04   0.3708000323964138E-07   0.6090374042857868E-06   0.3043114915892029E-04
  0.8882499999999999E+02   0.9968871550882612E+00   0.3018207112311479E-04  -0.1557635455750717E-02   0.1511457856502902E-04   0.3702759039353230E-07   0.6075601545578795E-06   0.3037085633906026E-04
  0.8887500000000000E+02   0.9968909235832409E+00   0.3012258689323235E-04  -0.1555748270945734E-02   0.1508476153829701E-04   0.3697534672978353E-07   0.6060876111274575E-06   0.3031077087683623E-04
  0.8892500000000000E+02   0.9968946846605509E+00   0.3006330542498952E-04  -0.1553864804312410E-02   0.1505504621894167E-04   0.3692327027322746E-07   0.6046197534820746E-06   0.3025089079927414E-04
  0.8897499999999999E+02   0.9968984383452528E+00   0.3000422482857583E-04  -0.1551985043279025E-02   0.1502543165949226E-04   0.3687135911960046E-07   0.6031565612679836E-06   0.3019121419595573E-04
  0.8902500000000001E+02   0.9969021846621865E+00   0.2994534327260450E-04  -0.1550108975385767E-02   0.1499591694174779E-04   0.3681961143127897E-07   0.6016980142870112E-06   0.3013173921535117E-04
  0.8907499999999999E+02   0.9969059236359749E+00   0.2988665898075216E-04  -0.1548236588281182E-02   0.1496650117509391E-04   0.3676802543334636E-07   0.6002440924930243E-06   0.3007246406143481E-04
  0.8912500000000000E+02   0.9969096552910303E+00   0.2982817022865448E-04  -0.1546367869719401E-02   0.1493718349494793E-04   0.3671659940996094E-07   0.5987947759890250E-06   0.3001338699055860E-04
  0.8917500000000001E+02   0.9969133796515600E+00   0.2976987534103430E-04  -0.1544502807557580E-02   0.1490796306132032E-04   0.3666533170099757E-07   0.5973500450244370E-06   0.2995450630855957E-04
  0.8922499999999999E+02   0.9969170967415727E+00   0.2971177268904124E-04  -0.1542641389752353E-02   0.1487883905748216E-04   0.3661422069893797E-07   0.5959098799916387E-06   0.2989582036808042E-04
  0.8927499999999999E+02   0.9969208065848816E+00   0.2965386068778434E-04  -0.1540783604358498E-02   0.1484981068872919E-04   0.3656326484598809E-07   0.5944742614242344E-06   0.2983732756608428E-04
  0.8932500000000000E+02   0.9969245092051116E+00   0.2959613779404131E-04  -0.1538929439524939E-02   0.1482087718123444E-04   0.3651246263140310E-07   0.5930431699932847E-06   0.2977902634154747E-04
  0.8937500000000000E+02   0.9969282046257020E+00   0.2953860250412837E-04  -0.1537078883493859E-02   0.1479203778098117E-04   0.3646181258900131E-07   0.5916165865059543E-06   0.2972091517331394E-04
  0.8942500000000000E+02   0.9969318928699121E+00   0.2948125335191804E-04  -0.1535231924597702E-02   0.1476329175277002E-04   0.3641131329485188E-07   0.5901944919025491E-06   0.2966299257809866E-04
  0.8947499999999999E+02   0.9969355739608253E+00   0.2942408890699201E-04  -0.1533388551257175E-02   0.1473463837929373E-04   0.3636096336512137E-07   0.5887768672543384E-06   0.2960525710862706E-04
  0.8952499999999999E+02   0.9969392479213525E+00   0.2936710777291812E-04  -0.1531548751979250E-02   0.1470607696027408E-04   0.3631076145406601E-07   0.5873636937613957E-06   0.2954770735189944E-04
  0.8957500000000000E+02   0.9969429147742362E+00   0.2931030858564149E-04  -0.1529712515355608E-02   0.1467760681165600E-04   0.3626070625215828E-07   0.5859549527507911E-06   0.2949034192757034E-04
  0.8962500000000000E+02   0.9969465745420552E+00   0.2925369001198054E-04  -0.1527879830059975E-02   0.1464922726485420E-04   0.3621079648433643E-07   0.5845506256739474E-06   0.2943315948643354E-04
  0.8967500000000000E+02   0.9969502272472260E+00   0.2919725074821952E-04  -0.1526050684847458E-02   0.1462093766604815E-04   0.3616103090836759E-07   0.5831506941055422E-06   0.2937615870900428E-04
  0.8972499999999999E+02   0.9969538729120084E+00   0.2914098951879032E-04  -0.1524225068551543E-02   0.1459273737552172E-04   0.3611140831331540E-07   0.5817551397406366E-06   0.2931933830419127E-04
  0.8977499999999999E+02   0.9969575115585072E+00   0.2908490507503667E-04  -0.1522402970083880E-02   0.1456462576704425E-04   0.3606192751810467E-07   0.5803639443939399E-06   0.2926269700805183E-04
  0.8982500000000000E+02   0.9969611432086758E+00   0.2902899619405388E-04  -0.1520584378431722E-02   0.1453660222728923E-04   0.3601258737017446E-07   0.5789770899973021E-06   0.2920623358262299E-04
  0.8987500000000001E+02   0.9969647678843195E+00   0.2897326167759937E-04  -0.1518769282656485E-02   0.1450866615528866E-04   0.3596338674421422E-07   0.5775945585980715E-06   0.2914994681482391E-04
  0.8992500000000000E+02   0.9969683856070977E+00   0.2891770035106815E-04  -0.1516957671893304E-02   0.1448081696191974E-04   0.3591432454097629E-07   0.5762163323582163E-06   0.2909383551542376E-04
  0.8997499999999999E+02   0.9969719963985271E+00   0.2886231106252845E-04  -0.1515149535348259E-02   0.1445305406942187E-04   0.3586539968615871E-07   0.5748423935516878E-06   0.2903789851807011E-04
  0.9002499999999999E+02   0.9969756002799840E+00   0.2880709268181380E-04  -0.1513344862298371E-02   0.1442537691094179E-04   0.3581661112935437E-07   0.5734727245639029E-06   0.2898213467837415E-04
  0.9007500000000000E+02   0.9969791972727072E+00   0.2875204409966657E-04  -0.1511543642089164E-02   0.1439778493010455E-04   0.3576795784306029E-07   0.5721073078893796E-06   0.2892654287304787E-04
  0.9012500000000000E+02   0.9969827873978002E+00   0.2869716422693029E-04  -0.1509745864134548E-02   0.1437027758060894E-04   0.3571943882174427E-07   0.5707461261311523E-06   0.2887112199909017E-04
  0.9017499999999998E+02   0.9969863706762335E+00   0.2864245199378673E-04  -0.1507951517914718E-02   0.1434285432584525E-04   0.3567105308096382E-07   0.5693891619986810E-06   0.2881587097301824E-04
  0.9022499999999999E+02   0.9969899471288471E+00   0.2858790634903486E-04  -0.1506160592975370E-02   0.1431551463853415E-04   0.3562279965653418E-07   0.5680363983067792E-06   0.2876078873014098E-04
  0.9027500000000001E+02   0.9969935167763523E+00   0.2853352625940894E-04  -0.1504373078926924E-02   0.1428825800038501E-04   0.3557467760374207E-07   0.5666878179745485E-06   0.2870587422387193E-04
  0.9032500000000000E+02   0.9969970796393340E+00   0.2847931070893309E-04  -0.1502588965443197E-02   0.1426108390177261E-04   0.3552668599660228E-07   0.5653434040239021E-06   0.2865112642507884E-04
  0.9037500000000000E+02   0.9970006357382533E+00   0.2842525869830962E-04  -0.1500808242260065E-02   0.1423399184143069E-04   0.3547882392715360E-07   0.5640031395780975E-06   0.2859654432146733E-04
  0.9042499999999998E+02   0.9970041850934483E+00   0.2837136924433935E-04  -0.1499030899175025E-02   0.1420698132616159E-04   0.3543109050479220E-07   0.5626670078609460E-06   0.2854212691699671E-04
  0.9047499999999999E+02   0.9970077277251369E+00   0.2831764137937165E-04  -0.1497256926045853E-02   0.1418005187056071E-04   0.3538348485563986E-07   0.5613349921953600E-06   0.2848787323132578E-04
  0.9052500000000001E+02   0.9970112636534183E+00   0.2826407415078212E-04  -0.1495486312790173E-02   0.1415320299675485E-04   0.3533600612194435E-07   0.5600070760025769E-06   0.2843378229928644E-04
  0.9057499999999999E+02   0.9970147928982750E+00   0.2821066662047662E-04  -0.1493719049383668E-02   0.1412643423415373E-04   0.3528865346151064E-07   0.5586832428003879E-06   0.2837985317038383E-04
  0.9062500000000000E+02   0.9970183154795742E+00   0.2815741786441939E-04  -0.1491955125860311E-02   0.1409974511921363E-04   0.3524142604716034E-07   0.5573634762028738E-06   0.2832608490832077E-04
  0.9067500000000000E+02   0.9970218314170697E+00   0.2810432697218433E-04  -0.1490194532310696E-02   0.1407313519521254E-04   0.3519432306621806E-07   0.5560477599187325E-06   0.2827247659054551E-04
  0.9072499999999999E+02   0.9970253407304034E+00   0.2805139304652773E-04  -0.1488437258881592E-02   0.1404660401203614E-04   0.3514734372002276E-07   0.5547360777505279E-06   0.2821902730782103E-04
  0.9077500000000001E+02   0.9970288434391069E+00   0.2799861520298113E-04  -0.1486683295775171E-02   0.1402015112597379E-04   0.3510048722346278E-07   0.5534284135936945E-06   0.2816573616381476E-04
  0.9082500000000000E+02   0.9970323395626032E+00   0.2794599256946337E-04  -0.1484932633248226E-02   0.1399377609952424E-04   0.3505375280453304E-07   0.5521247514355495E-06   0.2811260227470747E-04
  0.9087499999999999E+02   0.9970358291202078E+00   0.2789352428591036E-04  -0.1483185261610953E-02   0.1396747850121004E-04   0.3500713970391300E-07   0.5508250753539791E-06   0.2805962476882010E-04
  0.9092500000000000E+02   0.9970393121311306E+00   0.2784120950392166E-04  -0.1481441171227282E-02   0.1394125790540059E-04   0.3496064717456416E-07   0.5495293695172890E-06   0.2800680278625745E-04
  0.9097499999999999E+02   0.9970427886144769E+00   0.2778904738642315E-04  -0.1479700352512991E-02   0.1391511389214304E-04   0.3491427448134634E-07   0.5482376181824059E-06   0.2795413547856823E-04
  0.9102499999999999E+02   0.9970462585892489E+00   0.2773703710734434E-04  -0.1477962795935817E-02   0.1388904604700068E-04   0.3486802090065092E-07   0.5469498056945742E-06   0.2790162200841967E-04
  0.9107500000000000E+02   0.9970497220743471E+00   0.2768517785131021E-04  -0.1476228492014675E-02   0.1386305396089852E-04   0.3482188572005115E-07   0.5456659164863939E-06   0.2784926154928687E-04
  0.9112499999999999E+02   0.9970531790885713E+00   0.2763346881334584E-04  -0.1474497431318667E-02   0.1383713722997532E-04   0.3477586823796707E-07   0.5443859350767023E-06   0.2779705328515504E-04
  0.9117500000000000E+02   0.9970566296506225E+00   0.2758190919859405E-04  -0.1472769604466739E-02   0.1381129545544211E-04   0.3472996776334585E-07   0.5431098460699523E-06   0.2774499641023478E-04
  0.9122499999999999E+02   0.9970600737791032E+00   0.2753049822204479E-04  -0.1471045002127136E-02   0.1378552824344660E-04   0.3468418361535554E-07   0.5418376341554333E-06   0.2769309012868926E-04
  0.9127499999999999E+02   0.9970635114925194E+00   0.2747923510827576E-04  -0.1469323615016616E-02   0.1375983520494324E-04   0.3463851512309198E-07   0.5405692841063307E-06   0.2764133365437269E-04
  0.9132500000000000E+02   0.9970669428092811E+00   0.2742811909120369E-04  -0.1467605433899899E-02   0.1373421595556859E-04   0.3459296162529816E-07   0.5393047807789549E-06   0.2758972621057956E-04
  0.9137500000000000E+02   0.9970703677477041E+00   0.2737714941384570E-04  -0.1465890449589224E-02   0.1370867011552176E-04   0.3454752247009497E-07   0.5380441091120576E-06   0.2753826702980389E-04
  0.9142500000000000E+02   0.9970737863260104E+00   0.2732632532809024E-04  -0.1464178652943682E-02   0.1368319730944963E-04   0.3450219701472349E-07   0.5367872541259882E-06   0.2748695535350844E-04
  0.9147499999999999E+02   0.9970771985623298E+00   0.2727564609447705E-04  -0.1462470034868879E-02   0.1365779716633661E-04   0.3445698462529735E-07   0.5355342009220984E-06   0.2743579043190261E-04
  0.9152499999999999E+02   0.9970806044747008E+00   0.2722511098198578E-04  -0.1460764586315833E-02   0.1363246931939870E-04   0.3441188467656536E-07   0.5342849346815839E-06   0.2738477152372938E-04
  0.9157500000000000E+02   0.9970840040810716E+00   0.2717471926783263E-04  -0.1459062298281188E-02   0.1360721340598165E-04   0.3436689655168329E-07   0.5330394406653050E-06   0.2733389789606018E-04
  0.9162500000000000E+02   0.9970873973993005E+00   0.2712447023727489E-04  -0.1457363161806668E-02   0.1358202906746295E-04   0.3432201964199493E-07   0.5317977042130400E-06   0.2728316882409784E-04
  0.9167499999999998E+02   0.9970907844471585E+00   0.2707436318342283E-04  -0.1455667167977737E-02   0.1355691594915764E-04   0.3427725334682145E-07   0.5305597107421785E-06   0.2723258359098670E-04
  0.9172499999999999E+02   0.9970941652423283E+00   0.2702439740705830E-04  -0.1453974307924044E-02   0.1353187370022735E-04   0.3423259707325873E-07   0.5293254457477149E-06   0.2718214148762978E-04
  0.9177500000000001E+02   0.9970975398024063E+00   0.2697457221646045E-04  -0.1452284572818874E-02   0.1350690197359305E-04   0.3418805023598276E-07   0.5280948948015144E-06   0.2713184181251295E-04
  0.9182500000000000E+02   0.9971009081449038E+00   0.2692488692723750E-04  -0.1450597953877808E-02   0.1348200042585067E-04   0.3414361225706207E-07   0.5268680435510201E-06   0.2708168387153520E-04
  0.9187500000000000E+02   0.9971042702872470E+00   0.2687534086216446E-04  -0.1448914442359395E-02   0.1345716871718983E-04   0.3409928256577708E-07   0.5256448777194158E-06   0.2703166697784498E-04
  0.9192500000000000E+02   0.9971076262467783E+00   0.2682593335102682E-04  -0.1447234029564259E-02   0.1343240651131552E-04   0.3405506059844627E-07   0.5244253831046633E-06   0.2698179045168249E-04
  0.9197499999999999E+02   0.9971109760407573E+00   0.2677666373046963E-04  -0.1445556706834328E-02   0.1340771347537245E-04   0.3401094579825853E-07   0.5232095455786239E-06   0.2693205362022742E-04
  0.9202500000000001E+02   0.9971143196863613E+00   0.2672753134385176E-04  -0.1443882465552937E-02   0.1338308927987202E-04   0.3396693761511161E-07   0.5219973510868289E-06   0.2688245581745193E-04
  0.9207500000000000E+02   0.9971176572006869E+00   0.2667853554110519E-04  -0.1442211297144169E-02   0.1335853359862181E-04   0.3392303550545619E-07   0.5207887856476878E-06   0.2683299638397867E-04
  0.9212499999999999E+02   0.9971209886007494E+00   0.2662967567859900E-04  -0.1440543193072519E-02   0.1333404610865744E-04   0.3387923893214548E-07   0.5195838353519433E-06   0.2678367466694356E-04
  0.9217500000000000E+02   0.9971243139034847E+00   0.2658095111900797E-04  -0.1438878144842448E-02   0.1330962649017671E-04   0.3383554736429009E-07   0.5183824863620483E-06   0.2673449001986321E-04
  0.9222499999999999E+02   0.9971276331257499E+00   0.2653236123118553E-04  -0.1437216143998055E-02   0.1328527442647594E-04   0.3379196027711782E-07   0.5171847249116269E-06   0.2668544180250667E-04
  0.9227500000000001E+02   0.9971309462843239E+00   0.2648390539004078E-04  -0.1435557182122738E-02   0.1326098960388830E-04   0.3374847715183829E-07   0.5159905373049377E-06   0.2663652938077141E-04
  0.9232500000000000E+02   0.9971342533959079E+00   0.2643558297641945E-04  -0.1433901250838532E-02   0.1323677171172423E-04   0.3370509747551186E-07   0.5147999099161013E-06   0.2658775212656312E-04
  0.9237499999999999E+02   0.9971375544771266E+00   0.2638739337698891E-04  -0.1432248341806330E-02   0.1321262044221373E-04   0.3366182074092343E-07   0.5136128291889704E-06   0.2653910941767969E-04
  0.9242500000000000E+02   0.9971408495445286E+00   0.2633933598412640E-04  -0.1430598446724773E-02   0.1318853549045041E-04   0.3361864644645975E-07   0.5124292816360428E-06   0.2649060063769843E-04
  0.9247500000000001E+02   0.9971441386145872E+00   0.2629141019581115E-04  -0.1428951557330804E-02   0.1316451655433740E-04   0.3357557409599126E-07   0.5112492538385774E-06   0.2644222517586711E-04
  0.9252499999999999E+02   0.9971474217037012E+00   0.2624361541551951E-04  -0.1427307665398003E-02   0.1314056333453478E-04   0.3353260319875738E-07   0.5100727324451152E-06   0.2639398242699824E-04
  0.9257499999999999E+02   0.9971506988281951E+00   0.2619595105212352E-04  -0.1425666762738032E-02   0.1311667553440878E-04   0.3348973326925572E-07   0.5088997041722362E-06   0.2634587179136654E-04
  0.9262499999999999E+02   0.9971539700043204E+00   0.2614841651979239E-04  -0.1424028841198632E-02   0.1309285285998238E-04   0.3344696382713458E-07   0.5077301558028513E-06   0.2629789267460961E-04
  0.9267500000000000E+02   0.9971572352482558E+00   0.2610101123789687E-04  -0.1422393892664409E-02   0.1306909501988737E-04   0.3340429439708881E-07   0.5065640741864835E-06   0.2625004448763134E-04
  0.9272500000000001E+02   0.9971604945761083E+00   0.2605373463091668E-04  -0.1420761909055712E-02   0.1304540172531800E-04   0.3336172450875911E-07   0.5054014462382040E-06   0.2620232664650846E-04
  0.9277499999999999E+02   0.9971637480039129E+00   0.2600658612835047E-04  -0.1419132882329088E-02   0.1302177268998581E-04   0.3331925369663421E-07   0.5042422589386791E-06   0.2615473857239967E-04
  0.9282499999999999E+02   0.9971669955476345E+00   0.2595956516462826E-04  -0.1417506804476387E-02   0.1299820763007576E-04   0.3327688149995598E-07   0.5030864993332708E-06   0.2610727969145718E-04
  0.9287500000000000E+02   0.9971702372231674E+00   0.2591267117902664E-04  -0.1415883667524764E-02   0.1297470626420374E-04   0.3323460746262750E-07   0.5019341545317723E-06   0.2605994943474116E-04
  0.9292500000000000E+02   0.9971734730463364E+00   0.2586590361558624E-04  -0.1414263463536236E-02   0.1295126831337518E-04   0.3319243113312387E-07   0.5007852117078301E-06   0.2601274723813635E-04
  0.9297499999999999E+02   0.9971767030328973E+00   0.2581926192303148E-04  -0.1412646184607569E-02   0.1292789350094486E-04   0.3315035206440552E-07   0.4996396580986052E-06   0.2596567254227111E-04
  0.9302500000000001E+02   0.9971799271985378E+00   0.2577274555469261E-04  -0.1411031822869613E-02   0.1290458155257781E-04   0.3310836981383418E-07   0.4984974810040434E-06   0.2591872479243857E-04
  0.9307499999999999E+02   0.9971831455588772E+00   0.2572635396842976E-04  -0.1409420370487413E-02   0.1288133219621123E-04   0.3306648394309107E-07   0.4973586677866985E-06   0.2587190343852005E-04
  0.9312500000000000E+02   0.9971863581294680E+00   0.2568008662655923E-04  -0.1407811819659766E-02   0.1285814516201760E-04   0.3302469401809770E-07   0.4962232058711656E-06   0.2582520793491058E-04
  0.9317500000000000E+02   0.9971895649257956E+00   0.2563394299578160E-04  -0.1406206162619217E-02   0.1283502018236859E-04   0.3298299960893866E-07   0.4950910827438297E-06   0.2577863774044627E-04
  0.9322499999999999E+02   0.9971927659632794E+00   0.2558792254711180E-04  -0.1404603391631065E-02   0.1281195699180001E-04   0.3294140028978662E-07   0.4939622859519100E-06   0.2573219231833372E-04
  0.9327500000000001E+02   0.9971959612572733E+00   0.2554202475581104E-04  -0.1403003498993804E-02   0.1278895532697775E-04   0.3289989563882960E-07   0.4928368031035295E-06   0.2568587113608124E-04
  0.9332499999999999E+02   0.9971991508230654E+00   0.2549624910132052E-04  -0.1401406477038680E-02   0.1276601492666446E-04   0.3285848523820000E-07   0.4917146218671559E-06   0.2563967366543193E-04
  0.9337500000000000E+02   0.9972023346758798E+00   0.2545059506719667E-04  -0.1399812318129356E-02   0.1274313553168718E-04   0.3281716867390554E-07   0.4905957299711253E-06   0.2559359938229821E-04
  0.9342500000000000E+02   0.9972055128308764E+00   0.2540506214104832E-04  -0.1398221014661472E-02   0.1272031688490579E-04   0.3277594553576229E-07   0.4894801152030883E-06   0.2554764776669840E-04
  0.9347499999999999E+02   0.9972086853031511E+00   0.2535964981447527E-04  -0.1396632559062971E-02   0.1269755873118222E-04   0.3273481541732935E-07   0.4883677654100081E-06   0.2550181830269463E-04
  0.9352500000000001E+02   0.9972118521077367E+00   0.2531435758300842E-04  -0.1395046943793332E-02   0.1267486081735046E-04   0.3269377791584524E-07   0.4872586684973759E-06   0.2545611047833241E-04
  0.9357499999999999E+02   0.9972150132596038E+00   0.2526918494605140E-04  -0.1393464161343227E-02   0.1265222289218729E-04   0.3265283263216590E-07   0.4861528124287461E-06   0.2541052378558157E-04
  0.9362500000000000E+02   0.9972181687736603E+00   0.2522413140682356E-04  -0.1391884204234861E-02   0.1262964470638369E-04   0.3261197917070444E-07   0.4850501852257350E-06   0.2536505772027875E-04
  0.9367500000000000E+02   0.9972213186647526E+00   0.2517919647230456E-04  -0.1390307065021412E-02   0.1260712601251709E-04   0.3257121713937240E-07   0.4839507749674027E-06   0.2531971178207132E-04
  0.9372499999999999E+02   0.9972244629476661E+00   0.2513437965317997E-04  -0.1388732736286480E-02   0.1258466656502409E-04   0.3253054614952243E-07   0.4828545697896372E-06   0.2527448547436254E-04
  0.9377500000000001E+02   0.9972276016371249E+00   0.2508968046378840E-04  -0.1387161210644416E-02   0.1256226612017390E-04   0.3248996581589244E-07   0.4817615578851590E-06   0.2522937830425797E-04
  0.9382500000000000E+02   0.9972307347477931E+00   0.2504509842206976E-04  -0.1385592480739883E-02   0.1253992443604251E-04   0.3244947575655116E-07   0.4806717275029881E-06   0.2518438978251335E-04
  0.9387499999999999E+02   0.9972338622942747E+00   0.2500063304951482E-04  -0.1384026539247629E-02   0.1251764127248732E-04   0.3240907559284518E-07   0.4795850669480640E-06   0.2513951942348352E-04
  0.9392500000000000E+02   0.9972369842911144E+00   0.2495628387111575E-04  -0.1382463378872045E-02   0.1249541639112236E-04   0.3236876494934689E-07   0.4785015645807181E-06   0.2509476674507247E-04
  0.9397500000000001E+02   0.9972401007527979E+00   0.2491205041531814E-04  -0.1380902992347277E-02   0.1247324955529427E-04   0.3232854345380437E-07   0.4774212088165294E-06   0.2505013126868485E-04
  0.9402500000000001E+02   0.9972432116937521E+00   0.2486793221397363E-04  -0.1379345372436780E-02   0.1245114053005851E-04   0.3228841073709164E-07   0.4763439881257995E-06   0.2500561251917806E-04
  0.9407499999999999E+02   0.9972463171283458E+00   0.2482392880229409E-04  -0.1377790511933319E-02   0.1242908908215641E-04   0.3224836643316093E-07   0.4752698910333365E-06   0.2496121002481600E-04
  0.9412499999999999E+02   0.9972494170708899E+00   0.2478003971880633E-04  -0.1376238403658969E-02   0.1240709497999248E-04   0.3220841017899532E-07   0.4741989061182388E-06   0.2491692331722323E-04
  0.9417500000000000E+02   0.9972525115356384E+00   0.2473626450530838E-04  -0.1374689040463783E-02   0.1238515799361242E-04   0.3216854161456328E-07   0.4731310220127640E-06   0.2487275193134079E-04
  0.9422500000000001E+02   0.9972556005367877E+00   0.2469260270682612E-04  -0.1373142415227013E-02   0.1236327789468148E-04   0.3212876038277346E-07   0.4720662274029593E-06   0.2482869540538237E-04
  0.9427499999999999E+02   0.9972586840884783E+00   0.2464905387157132E-04  -0.1371598520856332E-02   0.1234145445646336E-04   0.3208906612943121E-07   0.4710045110279159E-06   0.2478475328079191E-04
  0.9432499999999999E+02   0.9972617622047938E+00   0.2460561755090030E-04  -0.1370057350287279E-02   0.1231968745379947E-04   0.3204945850319562E-07   0.4699458616791799E-06   0.2474092510220174E-04
  0.9437500000000000E+02   0.9972648348997627E+00   0.2456229329927363E-04  -0.1368518896483595E-02   0.1229797666308877E-04   0.3200993715553790E-07   0.4688902682007738E-06   0.2469721041739191E-04
  0.9442500000000000E+02   0.9972679021873577E+00   0.2451908067421660E-04  -0.1366983152436663E-02   0.1227632186226791E-04   0.3197050174070035E-07   0.4678377194886113E-06   0.2465360877725015E-04
  0.9447500000000001E+02   0.9972709640814966E+00   0.2447597923628048E-04  -0.1365450111165623E-02   0.1225472283079185E-04   0.3193115191565649E-07   0.4667882044903700E-06   0.2461011973573276E-04
  0.9452499999999999E+02   0.9972740205960426E+00   0.2443298854900475E-04  -0.1363919765716926E-02   0.1223317934961488E-04   0.3189188734007211E-07   0.4657417122049852E-06   0.2456674284982640E-04
  0.9457499999999999E+02   0.9972770717448046E+00   0.2439010817887984E-04  -0.1362392109164556E-02   0.1221169120117195E-04   0.3185270767626688E-07   0.4646982316826018E-06   0.2452347767951037E-04
  0.9462500000000000E+02   0.9972801175415373E+00   0.2434733769531087E-04  -0.1360867134609145E-02   0.1219025816936052E-04   0.3181361258917711E-07   0.4636577520237675E-06   0.2448032378772002E-04
  0.9467500000000000E+02   0.9972831579999426E+00   0.2430467667058203E-04  -0.1359344835178300E-02   0.1216888003952264E-04   0.3177460174631920E-07   0.4626202623794658E-06   0.2443728074031065E-04
  0.9472499999999999E+02   0.9972861931336683E+00   0.2426212467982165E-04  -0.1357825204026719E-02   0.1214755659842751E-04   0.3173567481775384E-07   0.4615857519509925E-06   0.2439434810602222E-04
  0.9477499999999999E+02   0.9972892229563101E+00   0.2421968130096797E-04  -0.1356308234334747E-02   0.1212628763425423E-04   0.3169683147605098E-07   0.4605542099887808E-06   0.2435152545644473E-04
  0.9482499999999999E+02   0.9972922474814105E+00   0.2417734611473563E-04  -0.1354793919310260E-02   0.1210507293657509E-04   0.3165807139625564E-07   0.4595256257934919E-06   0.2430881236598433E-04
  0.9487500000000000E+02   0.9972952667224606E+00   0.2413511870458268E-04  -0.1353282252186228E-02   0.1208391229633895E-04   0.3161939425585418E-07   0.4584999887141620E-06   0.2426620841182993E-04
  0.9492500000000000E+02   0.9972982806928993E+00   0.2409299865667854E-04  -0.1351773226222264E-02   0.1206280550585521E-04   0.3158079973474178E-07   0.4574772881490713E-06   0.2422371317392079E-04
  0.9497499999999999E+02   0.9973012894061137E+00   0.2405098555987216E-04  -0.1350266834703739E-02   0.1204175235877785E-04   0.3154228751518996E-07   0.4564575135449486E-06   0.2418132623491435E-04
  0.9502499999999999E+02   0.9973042928754404E+00   0.2400907900566101E-04  -0.1348763070941339E-02   0.1202075265008987E-04   0.3150385728181514E-07   0.4554406543964866E-06   0.2413904718015483E-04
  0.9507500000000000E+02   0.9973072911141649E+00   0.2396727858816078E-04  -0.1347261928271504E-02   0.1199980617608807E-04   0.3146550872154792E-07   0.4544267002464556E-06   0.2409687559764255E-04
  0.9512500000000000E+02   0.9973102841355221E+00   0.2392558390407534E-04  -0.1345763400056210E-02   0.1197891273436805E-04   0.3142724152360264E-07   0.4534156406853682E-06   0.2405481107800360E-04
  0.9517500000000000E+02   0.9973132719526968E+00   0.2388399455266750E-04  -0.1344267479682304E-02   0.1195807212380948E-04   0.3138905537944784E-07   0.4524074653508470E-06   0.2401285321446018E-04
  0.9522499999999999E+02   0.9973162545788239E+00   0.2384251013573026E-04  -0.1342774160561833E-02   0.1193728414456173E-04   0.3135094998277724E-07   0.4514021639276678E-06   0.2397100160280162E-04
  0.9527499999999999E+02   0.9973192320269889E+00   0.2380113025755844E-04  -0.1341283436131491E-02   0.1191654859802961E-04   0.3131292502948118E-07   0.4503997261472044E-06   0.2392925584135554E-04
  0.9532500000000000E+02   0.9973222043102280E+00   0.2375985452492104E-04  -0.1339795299852953E-02   0.1189586528685954E-04   0.3127498021761869E-07   0.4494001417874745E-06   0.2388761553095999E-04
  0.9537499999999999E+02   0.9973251714415284E+00   0.2371868254703396E-04  -0.1338309745212207E-02   0.1187523401492583E-04   0.3123711524739022E-07   0.4484034006725128E-06   0.2384608027493579E-04
  0.9542500000000000E+02   0.9973281334338286E+00   0.2367761393553327E-04  -0.1336826765720001E-02   0.1185465458731733E-04   0.3119932982111074E-07   0.4474094926724935E-06   0.2380464967905948E-04
  0.9547500000000001E+02   0.9973310903000193E+00   0.2363664830444884E-04  -0.1335346354910838E-02   0.1183412681032414E-04   0.3116162364318330E-07   0.4464184077028840E-06   0.2376332335153666E-04
  0.9552499999999999E+02   0.9973340420529423E+00   0.2359578527017868E-04  -0.1333868506343761E-02   0.1181365049142480E-04   0.3112399642007343E-07   0.4454301357247930E-06   0.2372210090297599E-04
  0.9557500000000000E+02   0.9973369887053922E+00   0.2355502445146336E-04  -0.1332393213601568E-02   0.1179322543927344E-04   0.3108644786028353E-07   0.4444446667442749E-06   0.2368098194636336E-04
  0.9562500000000000E+02   0.9973399302701165E+00   0.2351436546936132E-04  -0.1330920470290820E-02   0.1177285146368738E-04   0.3104897767432827E-07   0.4434619908121610E-06   0.2363996609703680E-04
  0.9567500000000000E+02   0.9973428667598145E+00   0.2347380794722414E-04  -0.1329450270042054E-02   0.1175252837563474E-04   0.3101158557470995E-07   0.4424820980240345E-06   0.2359905297266154E-04
  0.9572500000000001E+02   0.9973457981871399E+00   0.2343335151067266E-04  -0.1327982606508682E-02   0.1173225598722247E-04   0.3097427127589471E-07   0.4415049785193234E-06   0.2355824219320577E-04
  0.9577499999999999E+02   0.9973487245646986E+00   0.2339299578757316E-04  -0.1326517473368427E-02   0.1171203411168442E-04   0.3093703449428896E-07   0.4405306224820924E-06   0.2351753338091660E-04
  0.9582499999999999E+02   0.9973516459050511E+00   0.2335274040801412E-04  -0.1325054864321329E-02   0.1169186256336963E-04   0.3089987494821627E-07   0.4395590201395459E-06   0.2347692616029648E-04
  0.9587500000000000E+02   0.9973545622207114E+00   0.2331258500428337E-04  -0.1323594773091297E-02   0.1167174115773093E-04   0.3086279235789475E-07   0.4385901617628964E-06   0.2343642015808004E-04
  0.9592500000000000E+02   0.9973574735241476E+00   0.2327252921084559E-04  -0.1322137193424666E-02   0.1165166971131362E-04   0.3082578644541484E-07   0.4376240376662408E-06   0.2339601500321142E-04
  0.9597499999999999E+02   0.9973603798277830E+00   0.2323257266432011E-04  -0.1320682119090755E-02   0.1163164804174434E-04   0.3078885693471731E-07   0.4366606382067654E-06   0.2335571032682167E-04
  0.9602499999999999E+02   0.9973632811439948E+00   0.2319271500345917E-04  -0.1319229543881861E-02   0.1161167596772018E-04   0.3075200355157197E-07   0.4356999537845841E-06   0.2331550576220684E-04
  0.9607499999999999E+02   0.9973661774851158E+00   0.2315295586912651E-04  -0.1317779461612489E-02   0.1159175330899793E-04   0.3071522602355642E-07   0.4347419748420618E-06   0.2327540094480622E-04
  0.9612500000000000E+02   0.9973690688634338E+00   0.2311329490427633E-04  -0.1316331866119791E-02   0.1157187988638352E-04   0.3067852408003551E-07   0.4337866918639479E-06   0.2323539551218108E-04
  0.9617500000000001E+02   0.9973719552911924E+00   0.2307373175393241E-04  -0.1314886751263122E-02   0.1155205552172157E-04   0.3064189745214074E-07   0.4328340953769253E-06   0.2319548910399354E-04
  0.9622499999999999E+02   0.9973748367805910E+00   0.2303426606516791E-04  -0.1313444110924045E-02   0.1153228003788524E-04   0.3060534587275055E-07   0.4318841759494505E-06   0.2315568136198606E-04
  0.9627499999999999E+02   0.9973777133437847E+00   0.2299489748708508E-04  -0.1312003939006212E-02   0.1151255325876606E-04   0.3056886907647038E-07   0.4309369241915258E-06   0.2311597192996095E-04
  0.9632499999999999E+02   0.9973805849928853E+00   0.2295562567079563E-04  -0.1310566229435151E-02   0.1149287500926408E-04   0.3053246679961357E-07   0.4299923307543954E-06   0.2307636045376045E-04
  0.9637500000000000E+02   0.9973834517399611E+00   0.2291645026940122E-04  -0.1309130976158146E-02   0.1147324511527808E-04   0.3049613878018222E-07   0.4290503863303190E-06   0.2303684658124700E-04
  0.9642500000000001E+02   0.9973863135970372E+00   0.2287737093797429E-04  -0.1307698173144245E-02   0.1145366340369597E-04   0.3045988475784858E-07   0.4281110816524170E-06   0.2299742996228379E-04
  0.9647499999999999E+02   0.9973891705760953E+00   0.2283838733353919E-04  -0.1306267814384143E-02   0.1143412970238532E-04   0.3042370447393668E-07   0.4271744074944458E-06   0.2295811024871573E-04
  0.9652499999999999E+02   0.9973920226890753E+00   0.2279949911505361E-04  -0.1304839893889631E-02   0.1141464384018402E-04   0.3038759767140423E-07   0.4262403546702821E-06   0.2291888709435048E-04
  0.9657500000000000E+02   0.9973948699478741E+00   0.2276070594339031E-04  -0.1303414405694148E-02   0.1139520564689116E-04   0.3035156409482500E-07   0.4253089140341356E-06   0.2287976015494013E-04
  0.9662500000000000E+02   0.9973977123643460E+00   0.2272200748131906E-04  -0.1301991343852116E-02   0.1137581495325794E-04   0.3031560349037116E-07   0.4243800764799635E-06   0.2284072908816277E-04
  0.9667500000000000E+02   0.9974005499503041E+00   0.2268340339348887E-04  -0.1300570702439274E-02   0.1135647159097875E-04   0.3027971560579626E-07   0.4234538329415402E-06   0.2280179355360458E-04
  0.9672499999999999E+02   0.9974033827175193E+00   0.2264489334641062E-04  -0.1299152475552012E-02   0.1133717539268248E-04   0.3024390019041829E-07   0.4225301743918746E-06   0.2276295321274213E-04
  0.9677499999999999E+02   0.9974062106777210E+00   0.2260647700843966E-04  -0.1297736657307702E-02   0.1131792619192379E-04   0.3020815699510303E-07   0.4216090918432797E-06   0.2272420772892489E-04
  0.9682500000000000E+02   0.9974090338425973E+00   0.2256815404975895E-04  -0.1296323241844477E-02   0.1129872382317464E-04   0.3017248577224768E-07   0.4206905763470839E-06   0.2268555676735800E-04
  0.9687500000000000E+02   0.9974118522237954E+00   0.2252992414236232E-04  -0.1294912223321010E-02   0.1127956812181588E-04   0.3013688627576484E-07   0.4197746189933411E-06   0.2264699999508545E-04
  0.9692500000000000E+02   0.9974146658329214E+00   0.2249178696003792E-04  -0.1293503595916623E-02   0.1126045892412899E-04   0.3010135826106655E-07   0.4188612109107581E-06   0.2260853708097319E-04
  0.9697499999999999E+02   0.9974174746815410E+00   0.2245374217835210E-04  -0.1292097353830957E-02   0.1124139606728796E-04   0.3006590148504891E-07   0.4179503432663372E-06   0.2257016769569289E-04
  0.9702499999999999E+02   0.9974202787811796E+00   0.2241578947463325E-04  -0.1290693491283523E-02   0.1122237938935118E-04   0.3003051570607648E-07   0.4170420072649452E-06   0.2253189151170548E-04
  0.9707500000000000E+02   0.9974230781433218E+00   0.2237792852795608E-04  -0.1289292002514819E-02   0.1120340872925357E-04   0.2999520068396729E-07   0.4161361941498930E-06   0.2249370820324533E-04
  0.9712500000000000E+02   0.9974258727794131E+00   0.2234015901912606E-04  -0.1287892881784547E-02   0.1118448392679879E-04   0.2995995617997802E-07   0.4152328952016439E-06   0.2245561744630437E-04
  0.9717500000000000E+02   0.9974286627008585E+00   0.2230248063066414E-04  -0.1286496123373171E-02   0.1116560482265153E-04   0.2992478195678938E-07   0.4143321017386816E-06   0.2241761891861669E-04
  0.9722499999999999E+02   0.9974314479190239E+00   0.2226489304679143E-04  -0.1285101721580140E-02   0.1114677125832986E-04   0.2988967777849150E-07   0.4134338051162230E-06   0.2237971229964296E-04
  0.9727499999999999E+02   0.9974342284452359E+00   0.2222739595341450E-04  -0.1283709670725441E-02   0.1112798307619783E-04   0.2985464341056992E-07   0.4125379967270842E-06   0.2234189727055554E-04
  0.9732500000000000E+02   0.9974370042907815E+00   0.2218998903811055E-04  -0.1282319965148160E-02   0.1110924011945808E-04   0.2981967861989161E-07   0.4116446680006148E-06   0.2230417351422350E-04
  0.9737500000000000E+02   0.9974397754669094E+00   0.2215267199011286E-04  -0.1280932599207030E-02   0.1109054223214446E-04   0.2978478317469101E-07   0.4107538104029190E-06   0.2226654071519780E-04
  0.9742500000000000E+02   0.9974425419848293E+00   0.2211544450029661E-04  -0.1279547567280437E-02   0.1107188925911501E-04   0.2974995684455674E-07   0.4098654154367203E-06   0.2222899855969698E-04
  0.9747499999999999E+02   0.9974453038557122E+00   0.2207830626116462E-04  -0.1278164863765863E-02   0.1105328104604470E-04   0.2971519940041798E-07   0.4089794746408719E-06   0.2219154673559267E-04
  0.9752500000000001E+02   0.9974480610906912E+00   0.2204125696683353E-04  -0.1276784483080107E-02   0.1103471743941859E-04   0.2968051061453151E-07   0.4080959795903664E-06   0.2215418493239558E-04
  0.9757499999999999E+02   0.9974508137008610E+00   0.2200429631302003E-04  -0.1275406419658842E-02   0.1101619828652488E-04   0.2964589026046866E-07   0.4072149218959185E-06   0.2211691284124157E-04
  0.9762500000000000E+02   0.9974535616972786E+00   0.2196742399702723E-04  -0.1274030667957171E-02   0.1099772343544809E-04   0.2961133811310249E-07   0.4063362932041895E-06   0.2207973015487781E-04
  0.9767500000000000E+02   0.9974563050909632E+00   0.2193063971773137E-04  -0.1272657222448959E-02   0.1097929273506234E-04   0.2957685394859523E-07   0.4054600851972310E-06   0.2204263656764931E-04
  0.9772499999999999E+02   0.9974590438928965E+00   0.2189394317556860E-04  -0.1271286077626610E-02   0.1096090603502480E-04   0.2954243754438595E-07   0.4045862895922120E-06   0.2200563177548553E-04
  0.9777499999999999E+02   0.9974617781140228E+00   0.2185733407252191E-04  -0.1269917228001738E-02   0.1094256318576906E-04   0.2950808867917822E-07   0.4037148981417179E-06   0.2196871547588712E-04
  0.9782499999999999E+02   0.9974645077652495E+00   0.2182081211210836E-04  -0.1268550668104274E-02   0.1092426403849876E-04   0.2947380713292816E-07   0.4028459026330535E-06   0.2193188736791297E-04
  0.9787500000000000E+02   0.9974672328574469E+00   0.2178437699936621E-04  -0.1267186392482689E-02   0.1090600844518114E-04   0.2943959268683238E-07   0.4019792948882593E-06   0.2189514715216718E-04
  0.9792500000000000E+02   0.9974699534014485E+00   0.2174802844084264E-04  -0.1265824395703996E-02   0.1088779625854084E-04   0.2940544512331652E-07   0.4011150667639842E-06   0.2185849453078655E-04
  0.9797499999999999E+02   0.9974726694080515E+00   0.2171176614458122E-04  -0.1264464672353638E-02   0.1086962733205364E-04   0.2937136422602358E-07   0.4002532101512895E-06   0.2182192920742799E-04
  0.9802499999999999E+02   0.9974753808880165E+00   0.2167558982010968E-04  -0.1263107217035153E-02   0.1085150151994034E-04   0.2933734977980245E-07   0.3993937169753118E-06   0.2178545088725599E-04
  0.9807500000000000E+02   0.9974780878520678E+00   0.2163949917842791E-04  -0.1261752024370177E-02   0.1083341867716071E-04   0.2930340157069678E-07   0.3985365791951416E-06   0.2174905927693055E-04
  0.9812500000000000E+02   0.9974807903108942E+00   0.2160349393199615E-04  -0.1260399088998443E-02   0.1081537865940756E-04   0.2926951938593402E-07   0.3976817888036975E-06   0.2171275408459516E-04
  0.9817500000000000E+02   0.9974834882751481E+00   0.2156757379472306E-04  -0.1259048405578000E-02   0.1079738132310080E-04   0.2923570301391428E-07   0.3968293378277450E-06   0.2167653501986470E-04
  0.9822499999999999E+02   0.9974861817554468E+00   0.2153173848195422E-04  -0.1257699968784332E-02   0.1077942652538160E-04   0.2920195224419973E-07   0.3959792183272140E-06   0.2164040179381376E-04
  0.9827499999999999E+02   0.9974888707623716E+00   0.2149598771046064E-04  -0.1256353773311014E-02   0.1076151412410668E-04   0.2916826686750389E-07   0.3951314223954975E-06   0.2160435411896506E-04
  0.9832500000000000E+02   0.9974915553064688E+00   0.2146032119842743E-04  -0.1255009813869057E-02   0.1074364397784262E-04   0.2913464667568124E-07   0.3942859421589121E-06   0.2156839170927791E-04
  0.9837500000000000E+02   0.9974942353982498E+00   0.2142473866544272E-04  -0.1253668085187454E-02   0.1072581594586028E-04   0.2910109146171693E-07   0.3934427697769278E-06   0.2153251428013694E-04
  0.9842500000000000E+02   0.9974969110481905E+00   0.2138923983248643E-04  -0.1252328582012407E-02   0.1070802988812916E-04   0.2906760101971641E-07   0.3926018974415602E-06   0.2149672154834076E-04
  0.9847499999999999E+02   0.9974995822667326E+00   0.2135382442191947E-04  -0.1250991299107773E-02   0.1069028566531201E-04   0.2903417514489549E-07   0.3917633173775322E-06   0.2146101323209102E-04
  0.9852499999999999E+02   0.9975022490642829E+00   0.2131849215747300E-04  -0.1249656231254725E-02   0.1067258313875944E-04   0.2900081363357053E-07   0.3909270218419464E-06   0.2142538905098146E-04
  0.9857500000000000E+02   0.9975049114512138E+00   0.2128324276423770E-04  -0.1248323373251536E-02   0.1065492217050447E-04   0.2896751628314843E-07   0.3900930031240302E-06   0.2138984872598704E-04
  0.9862500000000000E+02   0.9975075694378636E+00   0.2124807596865330E-04  -0.1246992719913798E-02   0.1063730262325737E-04   0.2893428289211719E-07   0.3892612535451601E-06   0.2135439197945338E-04
  0.9867499999999998E+02   0.9975102230345364E+00   0.2121299149849819E-04  -0.1245664266074420E-02   0.1061972436040041E-04   0.2890111326003628E-07   0.3884317654587437E-06   0.2131901853508613E-04
  0.9872499999999999E+02   0.9975128722515024E+00   0.2117798908287904E-04  -0.1244338006582857E-02   0.1060218724598260E-04   0.2886800718752717E-07   0.3876045312496219E-06   0.2128372811794051E-04
  0.9877500000000001E+02   0.9975155170989981E+00   0.2114306845222080E-04  -0.1243013936305992E-02   0.1058469114471478E-04   0.2883496447626420E-07   0.3867795433345094E-06   0.2124852045441115E-04
  0.9882500000000000E+02   0.9975181575872262E+00   0.2110822933825662E-04  -0.1241692050127363E-02   0.1056723592196443E-04   0.2880198492896535E-07   0.3859567941613953E-06   0.2121339527222181E-04
  0.9887500000000000E+02   0.9975207937263563E+00   0.2107347147401788E-04  -0.1240372342947049E-02   0.1054982144375080E-04   0.2876906834938321E-07   0.3851362762093636E-06   0.2117835230041537E-04
  0.9892499999999998E+02   0.9975234255265244E+00   0.2103879459382444E-04  -0.1239054809682338E-02   0.1053244757673991E-04   0.2873621454229602E-07   0.3843179819888947E-06   0.2114339126934384E-04
  0.9897499999999999E+02   0.9975260529978338E+00   0.2100419843327494E-04  -0.1237739445266506E-02   0.1051511418823974E-04   0.2870342331349890E-07   0.3835019040409958E-06   0.2110851191065854E-04
  0.9902500000000001E+02   0.9975286761503545E+00   0.2096968272923725E-04  -0.1236426244649924E-02   0.1049782114619542E-04   0.2867069446979518E-07   0.3826880349377802E-06   0.2107371395730047E-04
  0.9907499999999999E+02   0.9975312949941237E+00   0.2093524721983896E-04  -0.1235115202799064E-02   0.1048056831918448E-04   0.2863802781898777E-07   0.3818763672817368E-06   0.2103899714349060E-04
  0.9912499999999999E+02   0.9975339095391464E+00   0.2090089164445809E-04  -0.1233806314696939E-02   0.1046335557641214E-04   0.2860542316987071E-07   0.3810668937058972E-06   0.2100436120472046E-04
  0.9917500000000000E+02   0.9975365197953946E+00   0.2086661574371374E-04  -0.1232499575342993E-02   0.1044618278770667E-04   0.2857288033222075E-07   0.3802596068736578E-06   0.2096980587774266E-04
  0.9922499999999999E+02   0.9975391257728083E+00   0.2083241925945707E-04  -0.1231194979752437E-02   0.1042904982351483E-04   0.2854039911678919E-07   0.3794544994782612E-06   0.2093533090056172E-04
  0.9927500000000001E+02   0.9975417274812953E+00   0.2079830193476214E-04  -0.1229892522956910E-02   0.1041195655489729E-04   0.2850797933529362E-07   0.3786515642430993E-06   0.2090093601242479E-04
  0.9932500000000000E+02   0.9975443249307312E+00   0.2076426351391704E-04  -0.1228592200004375E-02   0.1039490285352417E-04   0.2847562080040987E-07   0.3778507939215397E-06   0.2086662095381266E-04
  0.9937499999999999E+02   0.9975469181309600E+00   0.2073030374241505E-04  -0.1227294005958335E-02   0.1037788859167059E-04   0.2844332332576416E-07   0.3770521812963394E-06   0.2083238546643076E-04
  0.9942500000000000E+02   0.9975495070917936E+00   0.2069642236694585E-04  -0.1225997935898393E-02   0.1036091364221230E-04   0.2841108672592509E-07   0.3762557191798830E-06   0.2079822929320026E-04
  0.9947499999999999E+02   0.9975520918230127E+00   0.2066261913538690E-04  -0.1224703984920028E-02   0.1034397787862132E-04   0.2837891081639597E-07   0.3754614004139401E-06   0.2076415217824932E-04
  0.9952499999999999E+02   0.9975546723343667E+00   0.2062889379679485E-04  -0.1223412148134484E-02   0.1032708117496164E-04   0.2834679541360707E-07   0.3746692178694940E-06   0.2073015386690435E-04
  0.9957500000000000E+02   0.9975572486355730E+00   0.2059524610139721E-04  -0.1222122420668659E-02   0.1031022340588504E-04   0.2831474033490823E-07   0.3738791644465696E-06   0.2069623410568161E-04
  0.9962499999999999E+02   0.9975598207363189E+00   0.2056167580058381E-04  -0.1220834797664994E-02   0.1029340444662679E-04   0.2828274539856109E-07   0.3730912330740642E-06   0.2066239264227847E-04
  0.9967500000000000E+02   0.9975623886462597E+00   0.2052818264689862E-04  -0.1219549274281806E-02   0.1027662417300156E-04   0.2825081042373196E-07   0.3723054167098465E-06   0.2062862922556516E-04
  0.9972499999999999E+02   0.9975649523750206E+00   0.2049476639403155E-04  -0.1218265845692401E-02   0.1025988246139931E-04   0.2821893523048428E-07   0.3715217083401141E-06   0.2059494360557642E-04
  0.9977499999999999E+02   0.9975675119321959E+00   0.2046142679681039E-04  -0.1216984507085850E-02   0.1024317918878124E-04   0.2818711963977171E-07   0.3707401009797675E-06   0.2056133553350336E-04
  0.9982500000000000E+02   0.9975700673273491E+00   0.2042816361119267E-04  -0.1215705253666544E-02   0.1022651423267569E-04   0.2815536347343062E-07   0.3699605876720366E-06   0.2052780476168514E-04
  0.9987500000000000E+02   0.9975726185700136E+00   0.2039497659425789E-04  -0.1214428080653862E-02   0.1020988747117426E-04   0.2812366655417335E-07   0.3691831614881801E-06   0.2049435104360112E-04
  0.9992500000000000E+02   0.9975751656696922E+00   0.2036186550419959E-04  -0.1213152983282617E-02   0.1019329878292779E-04   0.2809202870558109E-07   0.3684078155276559E-06   0.2046097413386279E-04
  0.9997499999999999E+02   0.9975777086358580E+00   0.2032883010031761E-04  -0.1211879956802719E-02   0.1017674804714257E-04   0.2806044975209708E-07   0.3676345429178194E-06   0.2042767378820594E-04
